date,location,actual_high,official_daily_high_f,actual_source,source_file,source_station,source_station_name
2022-01-01,NYC,56.0,56.0,noaa_nws_daily_tmax,C:/Weather Trading/Kalshi-Weather-Trading/data/raw/nws_daily).csv,USW00094728,"NY CITY CENTRAL PARK, NY US"
2022-01-02,NYC,59.0,59.0,noaa_nws_daily_tmax,C:/Weather Trading/Kalshi-Weather-Trading/data/raw/nws_daily).csv,USW00094728,"NY CITY CENTRAL PARK, NY US"
2022-01-03,NYC,37.0,37.0,noaa_nws_daily_tmax,C:/Weather Trading/Kalshi-Weather-Trading/data/raw/nws_daily).csv,USW00094728,"NY CITY CENTRAL PARK, NY US"
2022-01-04,NYC,34.0,34.0,noaa_nws_daily_tmax,C:/Weather Trading/Kalshi-Weather-Trading/data/raw/nws_daily).csv,USW00094728,"NY CITY CENTRAL PARK, NY US"
2022-01-05,NYC,47.0,47.0,noaa_nws_daily_tmax,C:/Weather Trading/Kalshi-Weather-Trading/data/raw/nws_daily).csv,USW00094728,"NY CITY CENTRAL PARK, NY US"
2022-01-06,NYC,41.0,41.0,noaa_nws_daily_tmax,C:/Weather Trading/Kalshi-Weather-Trading/data/raw/nws_daily).csv,USW00094728,"NY CITY CENTRAL PARK, NY US"
2022-01-07,NYC,34.0,34.0,noaa_nws_daily_tmax,C:/Weather Trading/Kalshi-Weather-Trading/data/raw/nws_daily).csv,USW00094728,"NY CITY CENTRAL PARK, NY US"
2022-01-08,NYC,30.0,30.0,noaa_nws_daily_tmax,C:/Weather Trading/Kalshi-Weather-Trading/data/raw/nws_daily).csv,USW00094728,"NY CITY CENTRAL PARK, NY US"
2022-01-09,NYC,40.0,40.0,noaa_nws_daily_tmax,C:/Weather Trading/Kalshi-Weather-Trading/data/raw/nws_daily).csv,USW00094728,"NY CITY CENTRAL PARK, NY US"
2022-01-10,NYC,40.0,40.0,noaa_nws_daily_tmax,C:/Weather Trading/Kalshi-Weather-Trading/data/raw/nws_daily).csv,USW00094728,"NY CITY CENTRAL PARK, NY US"
2022-01-11,NYC,24.0,24.0,noaa_nws_daily_tmax,C:/Weather Trading/Kalshi-Weather-Trading/data/raw/nws_daily).csv,USW00094728,"NY CITY CENTRAL PARK, NY US"
2022-01-12,NYC,40.0,40.0,noaa_nws_daily_tmax,C:/Weather Trading/Kalshi-Weather-Trading/data/raw/nws_daily).csv,USW00094728,"NY CITY CENTRAL PARK, NY US"
2022-01-13,NYC,48.0,48.0,noaa_nws_daily_tmax,C:/Weather Trading/Kalshi-Weather-Trading/data/raw/nws_daily).csv,USW00094728,"NY CITY CENTRAL PARK, NY US"
2022-01-14,NYC,43.0,43.0,noaa_nws_daily_tmax,C:/Weather Trading/Kalshi-Weather-Trading/data/raw/nws_daily).csv,USW00094728,"NY CITY CENTRAL PARK, NY US"
2022-01-15,NYC,21.0,21.0,noaa_nws_daily_tmax,C:/Weather Trading/Kalshi-Weather-Trading/data/raw/nws_daily).csv,USW00094728,"NY CITY CENTRAL PARK, NY US"
2022-01-16,NYC,37.0,37.0,noaa_nws_daily_tmax,C:/Weather Trading/Kalshi-Weather-Trading/data/raw/nws_daily).csv,USW00094728,"NY CITY CENTRAL PARK, NY US"
2022-01-17,NYC,44.0,44.0,noaa_nws_daily_tmax,C:/Weather Trading/Kalshi-Weather-Trading/data/raw/nws_daily).csv,USW00094728,"NY CITY CENTRAL PARK, NY US"
2022-01-18,NYC,36.0,36.0,noaa_nws_daily_tmax,C:/Weather Trading/Kalshi-Weather-Trading/data/raw/nws_daily).csv,USW00094728,"NY CITY CENTRAL PARK, NY US"
2022-01-19,NYC,49.0,49.0,noaa_nws_daily_tmax,C:/Weather Trading/Kalshi-Weather-Trading/data/raw/nws_daily).csv,USW00094728,"NY CITY CENTRAL PARK, NY US"
2022-01-20,NYC,46.0,46.0,noaa_nws_daily_tmax,C:/Weather Trading/Kalshi-Weather-Trading/data/raw/nws_daily).csv,USW00094728,"NY CITY CENTRAL PARK, NY US"
2022-01-21,NYC,22.0,22.0,noaa_nws_daily_tmax,C:/Weather Trading/Kalshi-Weather-Trading/data/raw/nws_daily).csv,USW00094728,"NY CITY CENTRAL PARK, NY US"
2022-01-22,NYC,29.0,29.0,noaa_nws_daily_tmax,C:/Weather Trading/Kalshi-Weather-Trading/data/raw/nws_daily).csv,USW00094728,"NY CITY CENTRAL PARK, NY US"
2022-01-23,NYC,37.0,37.0,noaa_nws_daily_tmax,C:/Weather Trading/Kalshi-Weather-Trading/data/raw/nws_daily).csv,USW00094728,"NY CITY CENTRAL PARK, NY US"
2022-01-24,NYC,36.0,36.0,noaa_nws_daily_tmax,C:/Weather Trading/Kalshi-Weather-Trading/data/raw/nws_daily).csv,USW00094728,"NY CITY CENTRAL PARK, NY US"
2022-01-25,NYC,42.0,42.0,noaa_nws_daily_tmax,C:/Weather Trading/Kalshi-Weather-Trading/data/raw/nws_daily).csv,USW00094728,"NY CITY CENTRAL PARK, NY US"
2022-01-26,NYC,28.0,28.0,noaa_nws_daily_tmax,C:/Weather Trading/Kalshi-Weather-Trading/data/raw/nws_daily).csv,USW00094728,"NY CITY CENTRAL PARK, NY US"
2022-01-27,NYC,32.0,32.0,noaa_nws_daily_tmax,C:/Weather Trading/Kalshi-Weather-Trading/data/raw/nws_daily).csv,USW00094728,"NY CITY CENTRAL PARK, NY US"
2022-01-28,NYC,32.0,32.0,noaa_nws_daily_tmax,C:/Weather Trading/Kalshi-Weather-Trading/data/raw/nws_daily).csv,USW00094728,"NY CITY CENTRAL PARK, NY US"
2022-01-29,NYC,29.0,29.0,noaa_nws_daily_tmax,C:/Weather Trading/Kalshi-Weather-Trading/data/raw/nws_daily).csv,USW00094728,"NY CITY CENTRAL PARK, NY US"
2022-01-30,NYC,26.0,26.0,noaa_nws_daily_tmax,C:/Weather Trading/Kalshi-Weather-Trading/data/raw/nws_daily).csv,USW00094728,"NY CITY CENTRAL PARK, NY US"
2022-01-31,NYC,31.0,31.0,noaa_nws_daily_tmax,C:/Weather Trading/Kalshi-Weather-Trading/data/raw/nws_daily).csv,USW00094728,"NY CITY CENTRAL PARK, NY US"
2022-02-01,NYC,36.0,36.0,noaa_nws_daily_tmax,C:/Weather Trading/Kalshi-Weather-Trading/data/raw/nws_daily).csv,USW00094728,"NY CITY CENTRAL PARK, NY US"
2022-02-02,NYC,47.0,47.0,noaa_nws_daily_tmax,C:/Weather Trading/Kalshi-Weather-Trading/data/raw/nws_daily).csv,USW00094728,"NY CITY CENTRAL PARK, NY US"
2022-02-03,NYC,52.0,52.0,noaa_nws_daily_tmax,C:/Weather Trading/Kalshi-Weather-Trading/data/raw/nws_daily).csv,USW00094728,"NY CITY CENTRAL PARK, NY US"
2022-02-04,NYC,57.0,57.0,noaa_nws_daily_tmax,C:/Weather Trading/Kalshi-Weather-Trading/data/raw/nws_daily).csv,USW00094728,"NY CITY CENTRAL PARK, NY US"
2022-02-05,NYC,27.0,27.0,noaa_nws_daily_tmax,C:/Weather Trading/Kalshi-Weather-Trading/data/raw/nws_daily).csv,USW00094728,"NY CITY CENTRAL PARK, NY US"
2022-02-06,NYC,30.0,30.0,noaa_nws_daily_tmax,C:/Weather Trading/Kalshi-Weather-Trading/data/raw/nws_daily).csv,USW00094728,"NY CITY CENTRAL PARK, NY US"
2022-02-07,NYC,37.0,37.0,noaa_nws_daily_tmax,C:/Weather Trading/Kalshi-Weather-Trading/data/raw/nws_daily).csv,USW00094728,"NY CITY CENTRAL PARK, NY US"
2022-02-08,NYC,45.0,45.0,noaa_nws_daily_tmax,C:/Weather Trading/Kalshi-Weather-Trading/data/raw/nws_daily).csv,USW00094728,"NY CITY CENTRAL PARK, NY US"
2022-02-09,NYC,46.0,46.0,noaa_nws_daily_tmax,C:/Weather Trading/Kalshi-Weather-Trading/data/raw/nws_daily).csv,USW00094728,"NY CITY CENTRAL PARK, NY US"
2022-02-10,NYC,54.0,54.0,noaa_nws_daily_tmax,C:/Weather Trading/Kalshi-Weather-Trading/data/raw/nws_daily).csv,USW00094728,"NY CITY CENTRAL PARK, NY US"
2022-02-11,NYC,57.0,57.0,noaa_nws_daily_tmax,C:/Weather Trading/Kalshi-Weather-Trading/data/raw/nws_daily).csv,USW00094728,"NY CITY CENTRAL PARK, NY US"
2022-02-12,NYC,59.0,59.0,noaa_nws_daily_tmax,C:/Weather Trading/Kalshi-Weather-Trading/data/raw/nws_daily).csv,USW00094728,"NY CITY CENTRAL PARK, NY US"
2022-02-13,NYC,42.0,42.0,noaa_nws_daily_tmax,C:/Weather Trading/Kalshi-Weather-Trading/data/raw/nws_daily).csv,USW00094728,"NY CITY CENTRAL PARK, NY US"
2022-02-14,NYC,25.0,25.0,noaa_nws_daily_tmax,C:/Weather Trading/Kalshi-Weather-Trading/data/raw/nws_daily).csv,USW00094728,"NY CITY CENTRAL PARK, NY US"
2022-02-15,NYC,30.0,30.0,noaa_nws_daily_tmax,C:/Weather Trading/Kalshi-Weather-Trading/data/raw/nws_daily).csv,USW00094728,"NY CITY CENTRAL PARK, NY US"
2022-02-16,NYC,49.0,49.0,noaa_nws_daily_tmax,C:/Weather Trading/Kalshi-Weather-Trading/data/raw/nws_daily).csv,USW00094728,"NY CITY CENTRAL PARK, NY US"
2022-02-17,NYC,68.0,68.0,noaa_nws_daily_tmax,C:/Weather Trading/Kalshi-Weather-Trading/data/raw/nws_daily).csv,USW00094728,"NY CITY CENTRAL PARK, NY US"
2022-02-18,NYC,63.0,63.0,noaa_nws_daily_tmax,C:/Weather Trading/Kalshi-Weather-Trading/data/raw/nws_daily).csv,USW00094728,"NY CITY CENTRAL PARK, NY US"
2022-02-19,NYC,40.0,40.0,noaa_nws_daily_tmax,C:/Weather Trading/Kalshi-Weather-Trading/data/raw/nws_daily).csv,USW00094728,"NY CITY CENTRAL PARK, NY US"
2022-02-20,NYC,36.0,36.0,noaa_nws_daily_tmax,C:/Weather Trading/Kalshi-Weather-Trading/data/raw/nws_daily).csv,USW00094728,"NY CITY CENTRAL PARK, NY US"
2022-02-21,NYC,55.0,55.0,noaa_nws_daily_tmax,C:/Weather Trading/Kalshi-Weather-Trading/data/raw/nws_daily).csv,USW00094728,"NY CITY CENTRAL PARK, NY US"
2022-02-22,NYC,61.0,61.0,noaa_nws_daily_tmax,C:/Weather Trading/Kalshi-Weather-Trading/data/raw/nws_daily).csv,USW00094728,"NY CITY CENTRAL PARK, NY US"
2022-02-23,NYC,68.0,68.0,noaa_nws_daily_tmax,C:/Weather Trading/Kalshi-Weather-Trading/data/raw/nws_daily).csv,USW00094728,"NY CITY CENTRAL PARK, NY US"
2022-02-24,NYC,35.0,35.0,noaa_nws_daily_tmax,C:/Weather Trading/Kalshi-Weather-Trading/data/raw/nws_daily).csv,USW00094728,"NY CITY CENTRAL PARK, NY US"
2022-02-25,NYC,41.0,41.0,noaa_nws_daily_tmax,C:/Weather Trading/Kalshi-Weather-Trading/data/raw/nws_daily).csv,USW00094728,"NY CITY CENTRAL PARK, NY US"
2022-02-26,NYC,37.0,37.0,noaa_nws_daily_tmax,C:/Weather Trading/Kalshi-Weather-Trading/data/raw/nws_daily).csv,USW00094728,"NY CITY CENTRAL PARK, NY US"
2022-02-27,NYC,48.0,48.0,noaa_nws_daily_tmax,C:/Weather Trading/Kalshi-Weather-Trading/data/raw/nws_daily).csv,USW00094728,"NY CITY CENTRAL PARK, NY US"
2022-02-28,NYC,36.0,36.0,noaa_nws_daily_tmax,C:/Weather Trading/Kalshi-Weather-Trading/data/raw/nws_daily).csv,USW00094728,"NY CITY CENTRAL PARK, NY US"
2022-03-01,NYC,48.0,48.0,noaa_nws_daily_tmax,C:/Weather Trading/Kalshi-Weather-Trading/data/raw/nws_daily).csv,USW00094728,"NY CITY CENTRAL PARK, NY US"
2022-03-02,NYC,52.0,52.0,noaa_nws_daily_tmax,C:/Weather Trading/Kalshi-Weather-Trading/data/raw/nws_daily).csv,USW00094728,"NY CITY CENTRAL PARK, NY US"
2022-03-03,NYC,48.0,48.0,noaa_nws_daily_tmax,C:/Weather Trading/Kalshi-Weather-Trading/data/raw/nws_daily).csv,USW00094728,"NY CITY CENTRAL PARK, NY US"
2022-03-04,NYC,37.0,37.0,noaa_nws_daily_tmax,C:/Weather Trading/Kalshi-Weather-Trading/data/raw/nws_daily).csv,USW00094728,"NY CITY CENTRAL PARK, NY US"
2022-03-05,NYC,46.0,46.0,noaa_nws_daily_tmax,C:/Weather Trading/Kalshi-Weather-Trading/data/raw/nws_daily).csv,USW00094728,"NY CITY CENTRAL PARK, NY US"
2022-03-06,NYC,68.0,68.0,noaa_nws_daily_tmax,C:/Weather Trading/Kalshi-Weather-Trading/data/raw/nws_daily).csv,USW00094728,"NY CITY CENTRAL PARK, NY US"
2022-03-07,NYC,74.0,74.0,noaa_nws_daily_tmax,C:/Weather Trading/Kalshi-Weather-Trading/data/raw/nws_daily).csv,USW00094728,"NY CITY CENTRAL PARK, NY US"
2022-03-08,NYC,50.0,50.0,noaa_nws_daily_tmax,C:/Weather Trading/Kalshi-Weather-Trading/data/raw/nws_daily).csv,USW00094728,"NY CITY CENTRAL PARK, NY US"
2022-03-09,NYC,41.0,41.0,noaa_nws_daily_tmax,C:/Weather Trading/Kalshi-Weather-Trading/data/raw/nws_daily).csv,USW00094728,"NY CITY CENTRAL PARK, NY US"
2022-03-10,NYC,51.0,51.0,noaa_nws_daily_tmax,C:/Weather Trading/Kalshi-Weather-Trading/data/raw/nws_daily).csv,USW00094728,"NY CITY CENTRAL PARK, NY US"
2022-03-11,NYC,55.0,55.0,noaa_nws_daily_tmax,C:/Weather Trading/Kalshi-Weather-Trading/data/raw/nws_daily).csv,USW00094728,"NY CITY CENTRAL PARK, NY US"
2022-03-12,NYC,48.0,48.0,noaa_nws_daily_tmax,C:/Weather Trading/Kalshi-Weather-Trading/data/raw/nws_daily).csv,USW00094728,"NY CITY CENTRAL PARK, NY US"
2022-03-13,NYC,35.0,35.0,noaa_nws_daily_tmax,C:/Weather Trading/Kalshi-Weather-Trading/data/raw/nws_daily).csv,USW00094728,"NY CITY CENTRAL PARK, NY US"
2022-03-14,NYC,56.0,56.0,noaa_nws_daily_tmax,C:/Weather Trading/Kalshi-Weather-Trading/data/raw/nws_daily).csv,USW00094728,"NY CITY CENTRAL PARK, NY US"
2022-03-15,NYC,68.0,68.0,noaa_nws_daily_tmax,C:/Weather Trading/Kalshi-Weather-Trading/data/raw/nws_daily).csv,USW00094728,"NY CITY CENTRAL PARK, NY US"
2022-03-16,NYC,67.0,67.0,noaa_nws_daily_tmax,C:/Weather Trading/Kalshi-Weather-Trading/data/raw/nws_daily).csv,USW00094728,"NY CITY CENTRAL PARK, NY US"
2022-03-17,NYC,53.0,53.0,noaa_nws_daily_tmax,C:/Weather Trading/Kalshi-Weather-Trading/data/raw/nws_daily).csv,USW00094728,"NY CITY CENTRAL PARK, NY US"
2022-03-18,NYC,74.0,74.0,noaa_nws_daily_tmax,C:/Weather Trading/Kalshi-Weather-Trading/data/raw/nws_daily).csv,USW00094728,"NY CITY CENTRAL PARK, NY US"
2022-03-19,NYC,70.0,70.0,noaa_nws_daily_tmax,C:/Weather Trading/Kalshi-Weather-Trading/data/raw/nws_daily).csv,USW00094728,"NY CITY CENTRAL PARK, NY US"
2022-03-20,NYC,61.0,61.0,noaa_nws_daily_tmax,C:/Weather Trading/Kalshi-Weather-Trading/data/raw/nws_daily).csv,USW00094728,"NY CITY CENTRAL PARK, NY US"
2022-03-21,NYC,62.0,62.0,noaa_nws_daily_tmax,C:/Weather Trading/Kalshi-Weather-Trading/data/raw/nws_daily).csv,USW00094728,"NY CITY CENTRAL PARK, NY US"
2022-03-22,NYC,58.0,58.0,noaa_nws_daily_tmax,C:/Weather Trading/Kalshi-Weather-Trading/data/raw/nws_daily).csv,USW00094728,"NY CITY CENTRAL PARK, NY US"
2022-03-23,NYC,49.0,49.0,noaa_nws_daily_tmax,C:/Weather Trading/Kalshi-Weather-Trading/data/raw/nws_daily).csv,USW00094728,"NY CITY CENTRAL PARK, NY US"
2022-03-24,NYC,47.0,47.0,noaa_nws_daily_tmax,C:/Weather Trading/Kalshi-Weather-Trading/data/raw/nws_daily).csv,USW00094728,"NY CITY CENTRAL PARK, NY US"
2022-03-25,NYC,60.0,60.0,noaa_nws_daily_tmax,C:/Weather Trading/Kalshi-Weather-Trading/data/raw/nws_daily).csv,USW00094728,"NY CITY CENTRAL PARK, NY US"
2022-03-26,NYC,53.0,53.0,noaa_nws_daily_tmax,C:/Weather Trading/Kalshi-Weather-Trading/data/raw/nws_daily).csv,USW00094728,"NY CITY CENTRAL PARK, NY US"
2022-03-27,NYC,46.0,46.0,noaa_nws_daily_tmax,C:/Weather Trading/Kalshi-Weather-Trading/data/raw/nws_daily).csv,USW00094728,"NY CITY CENTRAL PARK, NY US"
2022-03-28,NYC,33.0,33.0,noaa_nws_daily_tmax,C:/Weather Trading/Kalshi-Weather-Trading/data/raw/nws_daily).csv,USW00094728,"NY CITY CENTRAL PARK, NY US"
2022-03-29,NYC,38.0,38.0,noaa_nws_daily_tmax,C:/Weather Trading/Kalshi-Weather-Trading/data/raw/nws_daily).csv,USW00094728,"NY CITY CENTRAL PARK, NY US"
2022-03-30,NYC,47.0,47.0,noaa_nws_daily_tmax,C:/Weather Trading/Kalshi-Weather-Trading/data/raw/nws_daily).csv,USW00094728,"NY CITY CENTRAL PARK, NY US"
2022-03-31,NYC,66.0,66.0,noaa_nws_daily_tmax,C:/Weather Trading/Kalshi-Weather-Trading/data/raw/nws_daily).csv,USW00094728,"NY CITY CENTRAL PARK, NY US"
2022-04-01,NYC,61.0,61.0,noaa_nws_daily_tmax,C:/Weather Trading/Kalshi-Weather-Trading/data/raw/nws_daily).csv,USW00094728,"NY CITY CENTRAL PARK, NY US"
2022-04-02,NYC,54.0,54.0,noaa_nws_daily_tmax,C:/Weather Trading/Kalshi-Weather-Trading/data/raw/nws_daily).csv,USW00094728,"NY CITY CENTRAL PARK, NY US"
2022-04-03,NYC,48.0,48.0,noaa_nws_daily_tmax,C:/Weather Trading/Kalshi-Weather-Trading/data/raw/nws_daily).csv,USW00094728,"NY CITY CENTRAL PARK, NY US"
2022-04-04,NYC,54.0,54.0,noaa_nws_daily_tmax,C:/Weather Trading/Kalshi-Weather-Trading/data/raw/nws_daily).csv,USW00094728,"NY CITY CENTRAL PARK, NY US"
2022-04-05,NYC,57.0,57.0,noaa_nws_daily_tmax,C:/Weather Trading/Kalshi-Weather-Trading/data/raw/nws_daily).csv,USW00094728,"NY CITY CENTRAL PARK, NY US"
2022-04-06,NYC,53.0,53.0,noaa_nws_daily_tmax,C:/Weather Trading/Kalshi-Weather-Trading/data/raw/nws_daily).csv,USW00094728,"NY CITY CENTRAL PARK, NY US"
2022-04-07,NYC,54.0,54.0,noaa_nws_daily_tmax,C:/Weather Trading/Kalshi-Weather-Trading/data/raw/nws_daily).csv,USW00094728,"NY CITY CENTRAL PARK, NY US"
2022-04-08,NYC,65.0,65.0,noaa_nws_daily_tmax,C:/Weather Trading/Kalshi-Weather-Trading/data/raw/nws_daily).csv,USW00094728,"NY CITY CENTRAL PARK, NY US"
2022-04-09,NYC,55.0,55.0,noaa_nws_daily_tmax,C:/Weather Trading/Kalshi-Weather-Trading/data/raw/nws_daily).csv,USW00094728,"NY CITY CENTRAL PARK, NY US"
2022-04-10,NYC,50.0,50.0,noaa_nws_daily_tmax,C:/Weather Trading/Kalshi-Weather-Trading/data/raw/nws_daily).csv,USW00094728,"NY CITY CENTRAL PARK, NY US"
2022-04-11,NYC,61.0,61.0,noaa_nws_daily_tmax,C:/Weather Trading/Kalshi-Weather-Trading/data/raw/nws_daily).csv,USW00094728,"NY CITY CENTRAL PARK, NY US"
2022-04-12,NYC,72.0,72.0,noaa_nws_daily_tmax,C:/Weather Trading/Kalshi-Weather-Trading/data/raw/nws_daily).csv,USW00094728,"NY CITY CENTRAL PARK, NY US"
2022-04-13,NYC,71.0,71.0,noaa_nws_daily_tmax,C:/Weather Trading/Kalshi-Weather-Trading/data/raw/nws_daily).csv,USW00094728,"NY CITY CENTRAL PARK, NY US"
2022-04-14,NYC,79.0,79.0,noaa_nws_daily_tmax,C:/Weather Trading/Kalshi-Weather-Trading/data/raw/nws_daily).csv,USW00094728,"NY CITY CENTRAL PARK, NY US"
2022-04-15,NYC,70.0,70.0,noaa_nws_daily_tmax,C:/Weather Trading/Kalshi-Weather-Trading/data/raw/nws_daily).csv,USW00094728,"NY CITY CENTRAL PARK, NY US"
2022-04-16,NYC,73.0,73.0,noaa_nws_daily_tmax,C:/Weather Trading/Kalshi-Weather-Trading/data/raw/nws_daily).csv,USW00094728,"NY CITY CENTRAL PARK, NY US"
2022-04-17,NYC,51.0,51.0,noaa_nws_daily_tmax,C:/Weather Trading/Kalshi-Weather-Trading/data/raw/nws_daily).csv,USW00094728,"NY CITY CENTRAL PARK, NY US"
2022-04-18,NYC,54.0,54.0,noaa_nws_daily_tmax,C:/Weather Trading/Kalshi-Weather-Trading/data/raw/nws_daily).csv,USW00094728,"NY CITY CENTRAL PARK, NY US"
2022-04-19,NYC,50.0,50.0,noaa_nws_daily_tmax,C:/Weather Trading/Kalshi-Weather-Trading/data/raw/nws_daily).csv,USW00094728,"NY CITY CENTRAL PARK, NY US"
2022-04-20,NYC,60.0,60.0,noaa_nws_daily_tmax,C:/Weather Trading/Kalshi-Weather-Trading/data/raw/nws_daily).csv,USW00094728,"NY CITY CENTRAL PARK, NY US"
2022-04-21,NYC,59.0,59.0,noaa_nws_daily_tmax,C:/Weather Trading/Kalshi-Weather-Trading/data/raw/nws_daily).csv,USW00094728,"NY CITY CENTRAL PARK, NY US"
2022-04-22,NYC,70.0,70.0,noaa_nws_daily_tmax,C:/Weather Trading/Kalshi-Weather-Trading/data/raw/nws_daily).csv,USW00094728,"NY CITY CENTRAL PARK, NY US"
2022-04-23,NYC,65.0,65.0,noaa_nws_daily_tmax,C:/Weather Trading/Kalshi-Weather-Trading/data/raw/nws_daily).csv,USW00094728,"NY CITY CENTRAL PARK, NY US"
2022-04-24,NYC,63.0,63.0,noaa_nws_daily_tmax,C:/Weather Trading/Kalshi-Weather-Trading/data/raw/nws_daily).csv,USW00094728,"NY CITY CENTRAL PARK, NY US"
2022-04-25,NYC,58.0,58.0,noaa_nws_daily_tmax,C:/Weather Trading/Kalshi-Weather-Trading/data/raw/nws_daily).csv,USW00094728,"NY CITY CENTRAL PARK, NY US"
2022-04-26,NYC,60.0,60.0,noaa_nws_daily_tmax,C:/Weather Trading/Kalshi-Weather-Trading/data/raw/nws_daily).csv,USW00094728,"NY CITY CENTRAL PARK, NY US"
2022-04-27,NYC,58.0,58.0,noaa_nws_daily_tmax,C:/Weather Trading/Kalshi-Weather-Trading/data/raw/nws_daily).csv,USW00094728,"NY CITY CENTRAL PARK, NY US"
2022-04-28,NYC,58.0,58.0,noaa_nws_daily_tmax,C:/Weather Trading/Kalshi-Weather-Trading/data/raw/nws_daily).csv,USW00094728,"NY CITY CENTRAL PARK, NY US"
2022-04-29,NYC,63.0,63.0,noaa_nws_daily_tmax,C:/Weather Trading/Kalshi-Weather-Trading/data/raw/nws_daily).csv,USW00094728,"NY CITY CENTRAL PARK, NY US"
2022-04-30,NYC,68.0,68.0,noaa_nws_daily_tmax,C:/Weather Trading/Kalshi-Weather-Trading/data/raw/nws_daily).csv,USW00094728,"NY CITY CENTRAL PARK, NY US"
2022-05-01,NYC,69.0,69.0,noaa_nws_daily_tmax,C:/Weather Trading/Kalshi-Weather-Trading/data/raw/nws_daily).csv,USW00094728,"NY CITY CENTRAL PARK, NY US"
2022-05-02,NYC,56.0,56.0,noaa_nws_daily_tmax,C:/Weather Trading/Kalshi-Weather-Trading/data/raw/nws_daily).csv,USW00094728,"NY CITY CENTRAL PARK, NY US"
2022-05-03,NYC,62.0,62.0,noaa_nws_daily_tmax,C:/Weather Trading/Kalshi-Weather-Trading/data/raw/nws_daily).csv,USW00094728,"NY CITY CENTRAL PARK, NY US"
2022-05-04,NYC,65.0,65.0,noaa_nws_daily_tmax,C:/Weather Trading/Kalshi-Weather-Trading/data/raw/nws_daily).csv,USW00094728,"NY CITY CENTRAL PARK, NY US"
2022-05-05,NYC,74.0,74.0,noaa_nws_daily_tmax,C:/Weather Trading/Kalshi-Weather-Trading/data/raw/nws_daily).csv,USW00094728,"NY CITY CENTRAL PARK, NY US"
2022-05-06,NYC,61.0,61.0,noaa_nws_daily_tmax,C:/Weather Trading/Kalshi-Weather-Trading/data/raw/nws_daily).csv,USW00094728,"NY CITY CENTRAL PARK, NY US"
2022-05-07,NYC,50.0,50.0,noaa_nws_daily_tmax,C:/Weather Trading/Kalshi-Weather-Trading/data/raw/nws_daily).csv,USW00094728,"NY CITY CENTRAL PARK, NY US"
2022-05-08,NYC,58.0,58.0,noaa_nws_daily_tmax,C:/Weather Trading/Kalshi-Weather-Trading/data/raw/nws_daily).csv,USW00094728,"NY CITY CENTRAL PARK, NY US"
2022-05-09,NYC,70.0,70.0,noaa_nws_daily_tmax,C:/Weather Trading/Kalshi-Weather-Trading/data/raw/nws_daily).csv,USW00094728,"NY CITY CENTRAL PARK, NY US"
2022-05-10,NYC,73.0,73.0,noaa_nws_daily_tmax,C:/Weather Trading/Kalshi-Weather-Trading/data/raw/nws_daily).csv,USW00094728,"NY CITY CENTRAL PARK, NY US"
2022-05-11,NYC,75.0,75.0,noaa_nws_daily_tmax,C:/Weather Trading/Kalshi-Weather-Trading/data/raw/nws_daily).csv,USW00094728,"NY CITY CENTRAL PARK, NY US"
2022-05-12,NYC,75.0,75.0,noaa_nws_daily_tmax,C:/Weather Trading/Kalshi-Weather-Trading/data/raw/nws_daily).csv,USW00094728,"NY CITY CENTRAL PARK, NY US"
2022-05-13,NYC,72.0,72.0,noaa_nws_daily_tmax,C:/Weather Trading/Kalshi-Weather-Trading/data/raw/nws_daily).csv,USW00094728,"NY CITY CENTRAL PARK, NY US"
2022-05-14,NYC,72.0,72.0,noaa_nws_daily_tmax,C:/Weather Trading/Kalshi-Weather-Trading/data/raw/nws_daily).csv,USW00094728,"NY CITY CENTRAL PARK, NY US"
2022-05-15,NYC,76.0,76.0,noaa_nws_daily_tmax,C:/Weather Trading/Kalshi-Weather-Trading/data/raw/nws_daily).csv,USW00094728,"NY CITY CENTRAL PARK, NY US"
2022-05-16,NYC,75.0,75.0,noaa_nws_daily_tmax,C:/Weather Trading/Kalshi-Weather-Trading/data/raw/nws_daily).csv,USW00094728,"NY CITY CENTRAL PARK, NY US"
2022-05-17,NYC,77.0,77.0,noaa_nws_daily_tmax,C:/Weather Trading/Kalshi-Weather-Trading/data/raw/nws_daily).csv,USW00094728,"NY CITY CENTRAL PARK, NY US"
2022-05-18,NYC,72.0,72.0,noaa_nws_daily_tmax,C:/Weather Trading/Kalshi-Weather-Trading/data/raw/nws_daily).csv,USW00094728,"NY CITY CENTRAL PARK, NY US"
2022-05-19,NYC,66.0,66.0,noaa_nws_daily_tmax,C:/Weather Trading/Kalshi-Weather-Trading/data/raw/nws_daily).csv,USW00094728,"NY CITY CENTRAL PARK, NY US"
2022-05-20,NYC,69.0,69.0,noaa_nws_daily_tmax,C:/Weather Trading/Kalshi-Weather-Trading/data/raw/nws_daily).csv,USW00094728,"NY CITY CENTRAL PARK, NY US"
2022-05-21,NYC,90.0,90.0,noaa_nws_daily_tmax,C:/Weather Trading/Kalshi-Weather-Trading/data/raw/nws_daily).csv,USW00094728,"NY CITY CENTRAL PARK, NY US"
2022-05-22,NYC,89.0,89.0,noaa_nws_daily_tmax,C:/Weather Trading/Kalshi-Weather-Trading/data/raw/nws_daily).csv,USW00094728,"NY CITY CENTRAL PARK, NY US"
2022-05-23,NYC,73.0,73.0,noaa_nws_daily_tmax,C:/Weather Trading/Kalshi-Weather-Trading/data/raw/nws_daily).csv,USW00094728,"NY CITY CENTRAL PARK, NY US"
2022-05-24,NYC,67.0,67.0,noaa_nws_daily_tmax,C:/Weather Trading/Kalshi-Weather-Trading/data/raw/nws_daily).csv,USW00094728,"NY CITY CENTRAL PARK, NY US"
2022-05-25,NYC,70.0,70.0,noaa_nws_daily_tmax,C:/Weather Trading/Kalshi-Weather-Trading/data/raw/nws_daily).csv,USW00094728,"NY CITY CENTRAL PARK, NY US"
2022-05-26,NYC,70.0,70.0,noaa_nws_daily_tmax,C:/Weather Trading/Kalshi-Weather-Trading/data/raw/nws_daily).csv,USW00094728,"NY CITY CENTRAL PARK, NY US"
2022-05-27,NYC,80.0,80.0,noaa_nws_daily_tmax,C:/Weather Trading/Kalshi-Weather-Trading/data/raw/nws_daily).csv,USW00094728,"NY CITY CENTRAL PARK, NY US"
2022-05-28,NYC,74.0,74.0,noaa_nws_daily_tmax,C:/Weather Trading/Kalshi-Weather-Trading/data/raw/nws_daily).csv,USW00094728,"NY CITY CENTRAL PARK, NY US"
2022-05-29,NYC,77.0,77.0,noaa_nws_daily_tmax,C:/Weather Trading/Kalshi-Weather-Trading/data/raw/nws_daily).csv,USW00094728,"NY CITY CENTRAL PARK, NY US"
2022-05-30,NYC,84.0,84.0,noaa_nws_daily_tmax,C:/Weather Trading/Kalshi-Weather-Trading/data/raw/nws_daily).csv,USW00094728,"NY CITY CENTRAL PARK, NY US"
2022-05-31,NYC,93.0,93.0,noaa_nws_daily_tmax,C:/Weather Trading/Kalshi-Weather-Trading/data/raw/nws_daily).csv,USW00094728,"NY CITY CENTRAL PARK, NY US"
2022-06-01,NYC,72.0,72.0,noaa_nws_daily_tmax,C:/Weather Trading/Kalshi-Weather-Trading/data/raw/nws_daily).csv,USW00094728,"NY CITY CENTRAL PARK, NY US"
2022-06-02,NYC,79.0,79.0,noaa_nws_daily_tmax,C:/Weather Trading/Kalshi-Weather-Trading/data/raw/nws_daily).csv,USW00094728,"NY CITY CENTRAL PARK, NY US"
2022-06-03,NYC,76.0,76.0,noaa_nws_daily_tmax,C:/Weather Trading/Kalshi-Weather-Trading/data/raw/nws_daily).csv,USW00094728,"NY CITY CENTRAL PARK, NY US"
2022-06-04,NYC,80.0,80.0,noaa_nws_daily_tmax,C:/Weather Trading/Kalshi-Weather-Trading/data/raw/nws_daily).csv,USW00094728,"NY CITY CENTRAL PARK, NY US"
2022-06-05,NYC,77.0,77.0,noaa_nws_daily_tmax,C:/Weather Trading/Kalshi-Weather-Trading/data/raw/nws_daily).csv,USW00094728,"NY CITY CENTRAL PARK, NY US"
2022-06-06,NYC,80.0,80.0,noaa_nws_daily_tmax,C:/Weather Trading/Kalshi-Weather-Trading/data/raw/nws_daily).csv,USW00094728,"NY CITY CENTRAL PARK, NY US"
2022-06-07,NYC,78.0,78.0,noaa_nws_daily_tmax,C:/Weather Trading/Kalshi-Weather-Trading/data/raw/nws_daily).csv,USW00094728,"NY CITY CENTRAL PARK, NY US"
2022-06-08,NYC,82.0,82.0,noaa_nws_daily_tmax,C:/Weather Trading/Kalshi-Weather-Trading/data/raw/nws_daily).csv,USW00094728,"NY CITY CENTRAL PARK, NY US"
2022-06-09,NYC,81.0,81.0,noaa_nws_daily_tmax,C:/Weather Trading/Kalshi-Weather-Trading/data/raw/nws_daily).csv,USW00094728,"NY CITY CENTRAL PARK, NY US"
2022-06-10,NYC,77.0,77.0,noaa_nws_daily_tmax,C:/Weather Trading/Kalshi-Weather-Trading/data/raw/nws_daily).csv,USW00094728,"NY CITY CENTRAL PARK, NY US"
2022-06-11,NYC,74.0,74.0,noaa_nws_daily_tmax,C:/Weather Trading/Kalshi-Weather-Trading/data/raw/nws_daily).csv,USW00094728,"NY CITY CENTRAL PARK, NY US"
2022-06-12,NYC,72.0,72.0,noaa_nws_daily_tmax,C:/Weather Trading/Kalshi-Weather-Trading/data/raw/nws_daily).csv,USW00094728,"NY CITY CENTRAL PARK, NY US"
2022-06-13,NYC,85.0,85.0,noaa_nws_daily_tmax,C:/Weather Trading/Kalshi-Weather-Trading/data/raw/nws_daily).csv,USW00094728,"NY CITY CENTRAL PARK, NY US"
2022-06-14,NYC,81.0,81.0,noaa_nws_daily_tmax,C:/Weather Trading/Kalshi-Weather-Trading/data/raw/nws_daily).csv,USW00094728,"NY CITY CENTRAL PARK, NY US"
2022-06-15,NYC,83.0,83.0,noaa_nws_daily_tmax,C:/Weather Trading/Kalshi-Weather-Trading/data/raw/nws_daily).csv,USW00094728,"NY CITY CENTRAL PARK, NY US"
2022-06-16,NYC,71.0,71.0,noaa_nws_daily_tmax,C:/Weather Trading/Kalshi-Weather-Trading/data/raw/nws_daily).csv,USW00094728,"NY CITY CENTRAL PARK, NY US"
2022-06-17,NYC,88.0,88.0,noaa_nws_daily_tmax,C:/Weather Trading/Kalshi-Weather-Trading/data/raw/nws_daily).csv,USW00094728,"NY CITY CENTRAL PARK, NY US"
2022-06-18,NYC,75.0,75.0,noaa_nws_daily_tmax,C:/Weather Trading/Kalshi-Weather-Trading/data/raw/nws_daily).csv,USW00094728,"NY CITY CENTRAL PARK, NY US"
2022-06-19,NYC,73.0,73.0,noaa_nws_daily_tmax,C:/Weather Trading/Kalshi-Weather-Trading/data/raw/nws_daily).csv,USW00094728,"NY CITY CENTRAL PARK, NY US"
2022-06-20,NYC,78.0,78.0,noaa_nws_daily_tmax,C:/Weather Trading/Kalshi-Weather-Trading/data/raw/nws_daily).csv,USW00094728,"NY CITY CENTRAL PARK, NY US"
2022-06-21,NYC,80.0,80.0,noaa_nws_daily_tmax,C:/Weather Trading/Kalshi-Weather-Trading/data/raw/nws_daily).csv,USW00094728,"NY CITY CENTRAL PARK, NY US"
2022-06-22,NYC,67.0,67.0,noaa_nws_daily_tmax,C:/Weather Trading/Kalshi-Weather-Trading/data/raw/nws_daily).csv,USW00094728,"NY CITY CENTRAL PARK, NY US"
2022-06-23,NYC,74.0,74.0,noaa_nws_daily_tmax,C:/Weather Trading/Kalshi-Weather-Trading/data/raw/nws_daily).csv,USW00094728,"NY CITY CENTRAL PARK, NY US"
2022-06-24,NYC,81.0,81.0,noaa_nws_daily_tmax,C:/Weather Trading/Kalshi-Weather-Trading/data/raw/nws_daily).csv,USW00094728,"NY CITY CENTRAL PARK, NY US"
2022-06-25,NYC,90.0,90.0,noaa_nws_daily_tmax,C:/Weather Trading/Kalshi-Weather-Trading/data/raw/nws_daily).csv,USW00094728,"NY CITY CENTRAL PARK, NY US"
2022-06-26,NYC,89.0,89.0,noaa_nws_daily_tmax,C:/Weather Trading/Kalshi-Weather-Trading/data/raw/nws_daily).csv,USW00094728,"NY CITY CENTRAL PARK, NY US"
2022-06-27,NYC,77.0,77.0,noaa_nws_daily_tmax,C:/Weather Trading/Kalshi-Weather-Trading/data/raw/nws_daily).csv,USW00094728,"NY CITY CENTRAL PARK, NY US"
2022-06-28,NYC,79.0,79.0,noaa_nws_daily_tmax,C:/Weather Trading/Kalshi-Weather-Trading/data/raw/nws_daily).csv,USW00094728,"NY CITY CENTRAL PARK, NY US"
2022-06-29,NYC,84.0,84.0,noaa_nws_daily_tmax,C:/Weather Trading/Kalshi-Weather-Trading/data/raw/nws_daily).csv,USW00094728,"NY CITY CENTRAL PARK, NY US"
2022-06-30,NYC,86.0,86.0,noaa_nws_daily_tmax,C:/Weather Trading/Kalshi-Weather-Trading/data/raw/nws_daily).csv,USW00094728,"NY CITY CENTRAL PARK, NY US"
2022-07-01,NYC,91.0,91.0,noaa_nws_daily_tmax,C:/Weather Trading/Kalshi-Weather-Trading/data/raw/nws_daily).csv,USW00094728,"NY CITY CENTRAL PARK, NY US"
2022-07-02,NYC,87.0,87.0,noaa_nws_daily_tmax,C:/Weather Trading/Kalshi-Weather-Trading/data/raw/nws_daily).csv,USW00094728,"NY CITY CENTRAL PARK, NY US"
2022-07-03,NYC,88.0,88.0,noaa_nws_daily_tmax,C:/Weather Trading/Kalshi-Weather-Trading/data/raw/nws_daily).csv,USW00094728,"NY CITY CENTRAL PARK, NY US"
2022-07-04,NYC,85.0,85.0,noaa_nws_daily_tmax,C:/Weather Trading/Kalshi-Weather-Trading/data/raw/nws_daily).csv,USW00094728,"NY CITY CENTRAL PARK, NY US"
2022-07-05,NYC,87.0,87.0,noaa_nws_daily_tmax,C:/Weather Trading/Kalshi-Weather-Trading/data/raw/nws_daily).csv,USW00094728,"NY CITY CENTRAL PARK, NY US"
2022-07-06,NYC,85.0,85.0,noaa_nws_daily_tmax,C:/Weather Trading/Kalshi-Weather-Trading/data/raw/nws_daily).csv,USW00094728,"NY CITY CENTRAL PARK, NY US"
2022-07-07,NYC,84.0,84.0,noaa_nws_daily_tmax,C:/Weather Trading/Kalshi-Weather-Trading/data/raw/nws_daily).csv,USW00094728,"NY CITY CENTRAL PARK, NY US"
2022-07-08,NYC,83.0,83.0,noaa_nws_daily_tmax,C:/Weather Trading/Kalshi-Weather-Trading/data/raw/nws_daily).csv,USW00094728,"NY CITY CENTRAL PARK, NY US"
2022-07-09,NYC,85.0,85.0,noaa_nws_daily_tmax,C:/Weather Trading/Kalshi-Weather-Trading/data/raw/nws_daily).csv,USW00094728,"NY CITY CENTRAL PARK, NY US"
2022-07-10,NYC,83.0,83.0,noaa_nws_daily_tmax,C:/Weather Trading/Kalshi-Weather-Trading/data/raw/nws_daily).csv,USW00094728,"NY CITY CENTRAL PARK, NY US"
2022-07-11,NYC,85.0,85.0,noaa_nws_daily_tmax,C:/Weather Trading/Kalshi-Weather-Trading/data/raw/nws_daily).csv,USW00094728,"NY CITY CENTRAL PARK, NY US"
2022-07-12,NYC,90.0,90.0,noaa_nws_daily_tmax,C:/Weather Trading/Kalshi-Weather-Trading/data/raw/nws_daily).csv,USW00094728,"NY CITY CENTRAL PARK, NY US"
2022-07-13,NYC,91.0,91.0,noaa_nws_daily_tmax,C:/Weather Trading/Kalshi-Weather-Trading/data/raw/nws_daily).csv,USW00094728,"NY CITY CENTRAL PARK, NY US"
2022-07-14,NYC,90.0,90.0,noaa_nws_daily_tmax,C:/Weather Trading/Kalshi-Weather-Trading/data/raw/nws_daily).csv,USW00094728,"NY CITY CENTRAL PARK, NY US"
2022-07-15,NYC,86.0,86.0,noaa_nws_daily_tmax,C:/Weather Trading/Kalshi-Weather-Trading/data/raw/nws_daily).csv,USW00094728,"NY CITY CENTRAL PARK, NY US"
2022-07-16,NYC,85.0,85.0,noaa_nws_daily_tmax,C:/Weather Trading/Kalshi-Weather-Trading/data/raw/nws_daily).csv,USW00094728,"NY CITY CENTRAL PARK, NY US"
2022-07-17,NYC,83.0,83.0,noaa_nws_daily_tmax,C:/Weather Trading/Kalshi-Weather-Trading/data/raw/nws_daily).csv,USW00094728,"NY CITY CENTRAL PARK, NY US"
2022-07-18,NYC,81.0,81.0,noaa_nws_daily_tmax,C:/Weather Trading/Kalshi-Weather-Trading/data/raw/nws_daily).csv,USW00094728,"NY CITY CENTRAL PARK, NY US"
2022-07-19,NYC,90.0,90.0,noaa_nws_daily_tmax,C:/Weather Trading/Kalshi-Weather-Trading/data/raw/nws_daily).csv,USW00094728,"NY CITY CENTRAL PARK, NY US"
2022-07-20,NYC,95.0,95.0,noaa_nws_daily_tmax,C:/Weather Trading/Kalshi-Weather-Trading/data/raw/nws_daily).csv,USW00094728,"NY CITY CENTRAL PARK, NY US"
2022-07-21,NYC,92.0,92.0,noaa_nws_daily_tmax,C:/Weather Trading/Kalshi-Weather-Trading/data/raw/nws_daily).csv,USW00094728,"NY CITY CENTRAL PARK, NY US"
2022-07-22,NYC,94.0,94.0,noaa_nws_daily_tmax,C:/Weather Trading/Kalshi-Weather-Trading/data/raw/nws_daily).csv,USW00094728,"NY CITY CENTRAL PARK, NY US"
2022-07-23,NYC,95.0,95.0,noaa_nws_daily_tmax,C:/Weather Trading/Kalshi-Weather-Trading/data/raw/nws_daily).csv,USW00094728,"NY CITY CENTRAL PARK, NY US"
2022-07-24,NYC,95.0,95.0,noaa_nws_daily_tmax,C:/Weather Trading/Kalshi-Weather-Trading/data/raw/nws_daily).csv,USW00094728,"NY CITY CENTRAL PARK, NY US"
2022-07-25,NYC,86.0,86.0,noaa_nws_daily_tmax,C:/Weather Trading/Kalshi-Weather-Trading/data/raw/nws_daily).csv,USW00094728,"NY CITY CENTRAL PARK, NY US"
2022-07-26,NYC,81.0,81.0,noaa_nws_daily_tmax,C:/Weather Trading/Kalshi-Weather-Trading/data/raw/nws_daily).csv,USW00094728,"NY CITY CENTRAL PARK, NY US"
2022-07-27,NYC,85.0,85.0,noaa_nws_daily_tmax,C:/Weather Trading/Kalshi-Weather-Trading/data/raw/nws_daily).csv,USW00094728,"NY CITY CENTRAL PARK, NY US"
2022-07-28,NYC,87.0,87.0,noaa_nws_daily_tmax,C:/Weather Trading/Kalshi-Weather-Trading/data/raw/nws_daily).csv,USW00094728,"NY CITY CENTRAL PARK, NY US"
2022-07-29,NYC,85.0,85.0,noaa_nws_daily_tmax,C:/Weather Trading/Kalshi-Weather-Trading/data/raw/nws_daily).csv,USW00094728,"NY CITY CENTRAL PARK, NY US"
2022-07-30,NYC,87.0,87.0,noaa_nws_daily_tmax,C:/Weather Trading/Kalshi-Weather-Trading/data/raw/nws_daily).csv,USW00094728,"NY CITY CENTRAL PARK, NY US"
2022-07-31,NYC,86.0,86.0,noaa_nws_daily_tmax,C:/Weather Trading/Kalshi-Weather-Trading/data/raw/nws_daily).csv,USW00094728,"NY CITY CENTRAL PARK, NY US"
2022-08-01,NYC,77.0,77.0,noaa_nws_daily_tmax,C:/Weather Trading/Kalshi-Weather-Trading/data/raw/nws_daily).csv,USW00094728,"NY CITY CENTRAL PARK, NY US"
2022-08-02,NYC,90.0,90.0,noaa_nws_daily_tmax,C:/Weather Trading/Kalshi-Weather-Trading/data/raw/nws_daily).csv,USW00094728,"NY CITY CENTRAL PARK, NY US"
2022-08-03,NYC,89.0,89.0,noaa_nws_daily_tmax,C:/Weather Trading/Kalshi-Weather-Trading/data/raw/nws_daily).csv,USW00094728,"NY CITY CENTRAL PARK, NY US"
2022-08-04,NYC,93.0,93.0,noaa_nws_daily_tmax,C:/Weather Trading/Kalshi-Weather-Trading/data/raw/nws_daily).csv,USW00094728,"NY CITY CENTRAL PARK, NY US"
2022-08-05,NYC,89.0,89.0,noaa_nws_daily_tmax,C:/Weather Trading/Kalshi-Weather-Trading/data/raw/nws_daily).csv,USW00094728,"NY CITY CENTRAL PARK, NY US"
2022-08-06,NYC,92.0,92.0,noaa_nws_daily_tmax,C:/Weather Trading/Kalshi-Weather-Trading/data/raw/nws_daily).csv,USW00094728,"NY CITY CENTRAL PARK, NY US"
2022-08-07,NYC,92.0,92.0,noaa_nws_daily_tmax,C:/Weather Trading/Kalshi-Weather-Trading/data/raw/nws_daily).csv,USW00094728,"NY CITY CENTRAL PARK, NY US"
2022-08-08,NYC,93.0,93.0,noaa_nws_daily_tmax,C:/Weather Trading/Kalshi-Weather-Trading/data/raw/nws_daily).csv,USW00094728,"NY CITY CENTRAL PARK, NY US"
2022-08-09,NYC,97.0,97.0,noaa_nws_daily_tmax,C:/Weather Trading/Kalshi-Weather-Trading/data/raw/nws_daily).csv,USW00094728,"NY CITY CENTRAL PARK, NY US"
2022-08-10,NYC,87.0,87.0,noaa_nws_daily_tmax,C:/Weather Trading/Kalshi-Weather-Trading/data/raw/nws_daily).csv,USW00094728,"NY CITY CENTRAL PARK, NY US"
2022-08-11,NYC,89.0,89.0,noaa_nws_daily_tmax,C:/Weather Trading/Kalshi-Weather-Trading/data/raw/nws_daily).csv,USW00094728,"NY CITY CENTRAL PARK, NY US"
2022-08-12,NYC,85.0,85.0,noaa_nws_daily_tmax,C:/Weather Trading/Kalshi-Weather-Trading/data/raw/nws_daily).csv,USW00094728,"NY CITY CENTRAL PARK, NY US"
2022-08-13,NYC,79.0,79.0,noaa_nws_daily_tmax,C:/Weather Trading/Kalshi-Weather-Trading/data/raw/nws_daily).csv,USW00094728,"NY CITY CENTRAL PARK, NY US"
2022-08-14,NYC,82.0,82.0,noaa_nws_daily_tmax,C:/Weather Trading/Kalshi-Weather-Trading/data/raw/nws_daily).csv,USW00094728,"NY CITY CENTRAL PARK, NY US"
2022-08-15,NYC,83.0,83.0,noaa_nws_daily_tmax,C:/Weather Trading/Kalshi-Weather-Trading/data/raw/nws_daily).csv,USW00094728,"NY CITY CENTRAL PARK, NY US"
2022-08-16,NYC,83.0,83.0,noaa_nws_daily_tmax,C:/Weather Trading/Kalshi-Weather-Trading/data/raw/nws_daily).csv,USW00094728,"NY CITY CENTRAL PARK, NY US"
2022-08-17,NYC,81.0,81.0,noaa_nws_daily_tmax,C:/Weather Trading/Kalshi-Weather-Trading/data/raw/nws_daily).csv,USW00094728,"NY CITY CENTRAL PARK, NY US"
2022-08-18,NYC,87.0,87.0,noaa_nws_daily_tmax,C:/Weather Trading/Kalshi-Weather-Trading/data/raw/nws_daily).csv,USW00094728,"NY CITY CENTRAL PARK, NY US"
2022-08-19,NYC,90.0,90.0,noaa_nws_daily_tmax,C:/Weather Trading/Kalshi-Weather-Trading/data/raw/nws_daily).csv,USW00094728,"NY CITY CENTRAL PARK, NY US"
2022-08-20,NYC,90.0,90.0,noaa_nws_daily_tmax,C:/Weather Trading/Kalshi-Weather-Trading/data/raw/nws_daily).csv,USW00094728,"NY CITY CENTRAL PARK, NY US"
2022-08-21,NYC,82.0,82.0,noaa_nws_daily_tmax,C:/Weather Trading/Kalshi-Weather-Trading/data/raw/nws_daily).csv,USW00094728,"NY CITY CENTRAL PARK, NY US"
2022-08-22,NYC,79.0,79.0,noaa_nws_daily_tmax,C:/Weather Trading/Kalshi-Weather-Trading/data/raw/nws_daily).csv,USW00094728,"NY CITY CENTRAL PARK, NY US"
2022-08-23,NYC,86.0,86.0,noaa_nws_daily_tmax,C:/Weather Trading/Kalshi-Weather-Trading/data/raw/nws_daily).csv,USW00094728,"NY CITY CENTRAL PARK, NY US"
2022-08-24,NYC,90.0,90.0,noaa_nws_daily_tmax,C:/Weather Trading/Kalshi-Weather-Trading/data/raw/nws_daily).csv,USW00094728,"NY CITY CENTRAL PARK, NY US"
2022-08-25,NYC,91.0,91.0,noaa_nws_daily_tmax,C:/Weather Trading/Kalshi-Weather-Trading/data/raw/nws_daily).csv,USW00094728,"NY CITY CENTRAL PARK, NY US"
2022-08-26,NYC,87.0,87.0,noaa_nws_daily_tmax,C:/Weather Trading/Kalshi-Weather-Trading/data/raw/nws_daily).csv,USW00094728,"NY CITY CENTRAL PARK, NY US"
2022-08-27,NYC,90.0,90.0,noaa_nws_daily_tmax,C:/Weather Trading/Kalshi-Weather-Trading/data/raw/nws_daily).csv,USW00094728,"NY CITY CENTRAL PARK, NY US"
2022-08-28,NYC,82.0,82.0,noaa_nws_daily_tmax,C:/Weather Trading/Kalshi-Weather-Trading/data/raw/nws_daily).csv,USW00094728,"NY CITY CENTRAL PARK, NY US"
2022-08-29,NYC,85.0,85.0,noaa_nws_daily_tmax,C:/Weather Trading/Kalshi-Weather-Trading/data/raw/nws_daily).csv,USW00094728,"NY CITY CENTRAL PARK, NY US"
2022-08-30,NYC,89.0,89.0,noaa_nws_daily_tmax,C:/Weather Trading/Kalshi-Weather-Trading/data/raw/nws_daily).csv,USW00094728,"NY CITY CENTRAL PARK, NY US"
2022-08-31,NYC,85.0,85.0,noaa_nws_daily_tmax,C:/Weather Trading/Kalshi-Weather-Trading/data/raw/nws_daily).csv,USW00094728,"NY CITY CENTRAL PARK, NY US"
2022-09-01,NYC,86.0,86.0,noaa_nws_daily_tmax,C:/Weather Trading/Kalshi-Weather-Trading/data/raw/nws_daily).csv,USW00094728,"NY CITY CENTRAL PARK, NY US"
2022-09-02,NYC,79.0,79.0,noaa_nws_daily_tmax,C:/Weather Trading/Kalshi-Weather-Trading/data/raw/nws_daily).csv,USW00094728,"NY CITY CENTRAL PARK, NY US"
2022-09-03,NYC,82.0,82.0,noaa_nws_daily_tmax,C:/Weather Trading/Kalshi-Weather-Trading/data/raw/nws_daily).csv,USW00094728,"NY CITY CENTRAL PARK, NY US"
2022-09-04,NYC,90.0,90.0,noaa_nws_daily_tmax,C:/Weather Trading/Kalshi-Weather-Trading/data/raw/nws_daily).csv,USW00094728,"NY CITY CENTRAL PARK, NY US"
2022-09-05,NYC,88.0,88.0,noaa_nws_daily_tmax,C:/Weather Trading/Kalshi-Weather-Trading/data/raw/nws_daily).csv,USW00094728,"NY CITY CENTRAL PARK, NY US"
2022-09-06,NYC,74.0,74.0,noaa_nws_daily_tmax,C:/Weather Trading/Kalshi-Weather-Trading/data/raw/nws_daily).csv,USW00094728,"NY CITY CENTRAL PARK, NY US"
2022-09-07,NYC,72.0,72.0,noaa_nws_daily_tmax,C:/Weather Trading/Kalshi-Weather-Trading/data/raw/nws_daily).csv,USW00094728,"NY CITY CENTRAL PARK, NY US"
2022-09-08,NYC,78.0,78.0,noaa_nws_daily_tmax,C:/Weather Trading/Kalshi-Weather-Trading/data/raw/nws_daily).csv,USW00094728,"NY CITY CENTRAL PARK, NY US"
2022-09-09,NYC,80.0,80.0,noaa_nws_daily_tmax,C:/Weather Trading/Kalshi-Weather-Trading/data/raw/nws_daily).csv,USW00094728,"NY CITY CENTRAL PARK, NY US"
2022-09-10,NYC,86.0,86.0,noaa_nws_daily_tmax,C:/Weather Trading/Kalshi-Weather-Trading/data/raw/nws_daily).csv,USW00094728,"NY CITY CENTRAL PARK, NY US"
2022-09-11,NYC,76.0,76.0,noaa_nws_daily_tmax,C:/Weather Trading/Kalshi-Weather-Trading/data/raw/nws_daily).csv,USW00094728,"NY CITY CENTRAL PARK, NY US"
2022-09-12,NYC,81.0,81.0,noaa_nws_daily_tmax,C:/Weather Trading/Kalshi-Weather-Trading/data/raw/nws_daily).csv,USW00094728,"NY CITY CENTRAL PARK, NY US"
2022-09-13,NYC,82.0,82.0,noaa_nws_daily_tmax,C:/Weather Trading/Kalshi-Weather-Trading/data/raw/nws_daily).csv,USW00094728,"NY CITY CENTRAL PARK, NY US"
2022-09-14,NYC,80.0,80.0,noaa_nws_daily_tmax,C:/Weather Trading/Kalshi-Weather-Trading/data/raw/nws_daily).csv,USW00094728,"NY CITY CENTRAL PARK, NY US"
2022-09-15,NYC,74.0,74.0,noaa_nws_daily_tmax,C:/Weather Trading/Kalshi-Weather-Trading/data/raw/nws_daily).csv,USW00094728,"NY CITY CENTRAL PARK, NY US"
2022-09-16,NYC,75.0,75.0,noaa_nws_daily_tmax,C:/Weather Trading/Kalshi-Weather-Trading/data/raw/nws_daily).csv,USW00094728,"NY CITY CENTRAL PARK, NY US"
2022-09-17,NYC,76.0,76.0,noaa_nws_daily_tmax,C:/Weather Trading/Kalshi-Weather-Trading/data/raw/nws_daily).csv,USW00094728,"NY CITY CENTRAL PARK, NY US"
2022-09-18,NYC,83.0,83.0,noaa_nws_daily_tmax,C:/Weather Trading/Kalshi-Weather-Trading/data/raw/nws_daily).csv,USW00094728,"NY CITY CENTRAL PARK, NY US"
2022-09-19,NYC,85.0,85.0,noaa_nws_daily_tmax,C:/Weather Trading/Kalshi-Weather-Trading/data/raw/nws_daily).csv,USW00094728,"NY CITY CENTRAL PARK, NY US"
2022-09-20,NYC,79.0,79.0,noaa_nws_daily_tmax,C:/Weather Trading/Kalshi-Weather-Trading/data/raw/nws_daily).csv,USW00094728,"NY CITY CENTRAL PARK, NY US"
2022-09-21,NYC,80.0,80.0,noaa_nws_daily_tmax,C:/Weather Trading/Kalshi-Weather-Trading/data/raw/nws_daily).csv,USW00094728,"NY CITY CENTRAL PARK, NY US"
2022-09-22,NYC,75.0,75.0,noaa_nws_daily_tmax,C:/Weather Trading/Kalshi-Weather-Trading/data/raw/nws_daily).csv,USW00094728,"NY CITY CENTRAL PARK, NY US"
2022-09-23,NYC,63.0,63.0,noaa_nws_daily_tmax,C:/Weather Trading/Kalshi-Weather-Trading/data/raw/nws_daily).csv,USW00094728,"NY CITY CENTRAL PARK, NY US"
2022-09-24,NYC,69.0,69.0,noaa_nws_daily_tmax,C:/Weather Trading/Kalshi-Weather-Trading/data/raw/nws_daily).csv,USW00094728,"NY CITY CENTRAL PARK, NY US"
2022-09-25,NYC,72.0,72.0,noaa_nws_daily_tmax,C:/Weather Trading/Kalshi-Weather-Trading/data/raw/nws_daily).csv,USW00094728,"NY CITY CENTRAL PARK, NY US"
2022-09-26,NYC,74.0,74.0,noaa_nws_daily_tmax,C:/Weather Trading/Kalshi-Weather-Trading/data/raw/nws_daily).csv,USW00094728,"NY CITY CENTRAL PARK, NY US"
2022-09-27,NYC,70.0,70.0,noaa_nws_daily_tmax,C:/Weather Trading/Kalshi-Weather-Trading/data/raw/nws_daily).csv,USW00094728,"NY CITY CENTRAL PARK, NY US"
2022-09-28,NYC,69.0,69.0,noaa_nws_daily_tmax,C:/Weather Trading/Kalshi-Weather-Trading/data/raw/nws_daily).csv,USW00094728,"NY CITY CENTRAL PARK, NY US"
2022-09-29,NYC,66.0,66.0,noaa_nws_daily_tmax,C:/Weather Trading/Kalshi-Weather-Trading/data/raw/nws_daily).csv,USW00094728,"NY CITY CENTRAL PARK, NY US"
2022-09-30,NYC,62.0,62.0,noaa_nws_daily_tmax,C:/Weather Trading/Kalshi-Weather-Trading/data/raw/nws_daily).csv,USW00094728,"NY CITY CENTRAL PARK, NY US"
2022-10-01,NYC,61.0,61.0,noaa_nws_daily_tmax,C:/Weather Trading/Kalshi-Weather-Trading/data/raw/nws_daily).csv,USW00094728,"NY CITY CENTRAL PARK, NY US"
2022-10-02,NYC,60.0,60.0,noaa_nws_daily_tmax,C:/Weather Trading/Kalshi-Weather-Trading/data/raw/nws_daily).csv,USW00094728,"NY CITY CENTRAL PARK, NY US"
2022-10-03,NYC,53.0,53.0,noaa_nws_daily_tmax,C:/Weather Trading/Kalshi-Weather-Trading/data/raw/nws_daily).csv,USW00094728,"NY CITY CENTRAL PARK, NY US"
2022-10-04,NYC,55.0,55.0,noaa_nws_daily_tmax,C:/Weather Trading/Kalshi-Weather-Trading/data/raw/nws_daily).csv,USW00094728,"NY CITY CENTRAL PARK, NY US"
2022-10-05,NYC,59.0,59.0,noaa_nws_daily_tmax,C:/Weather Trading/Kalshi-Weather-Trading/data/raw/nws_daily).csv,USW00094728,"NY CITY CENTRAL PARK, NY US"
2022-10-06,NYC,74.0,74.0,noaa_nws_daily_tmax,C:/Weather Trading/Kalshi-Weather-Trading/data/raw/nws_daily).csv,USW00094728,"NY CITY CENTRAL PARK, NY US"
2022-10-07,NYC,76.0,76.0,noaa_nws_daily_tmax,C:/Weather Trading/Kalshi-Weather-Trading/data/raw/nws_daily).csv,USW00094728,"NY CITY CENTRAL PARK, NY US"
2022-10-08,NYC,58.0,58.0,noaa_nws_daily_tmax,C:/Weather Trading/Kalshi-Weather-Trading/data/raw/nws_daily).csv,USW00094728,"NY CITY CENTRAL PARK, NY US"
2022-10-09,NYC,61.0,61.0,noaa_nws_daily_tmax,C:/Weather Trading/Kalshi-Weather-Trading/data/raw/nws_daily).csv,USW00094728,"NY CITY CENTRAL PARK, NY US"
2022-10-10,NYC,67.0,67.0,noaa_nws_daily_tmax,C:/Weather Trading/Kalshi-Weather-Trading/data/raw/nws_daily).csv,USW00094728,"NY CITY CENTRAL PARK, NY US"
2022-10-11,NYC,70.0,70.0,noaa_nws_daily_tmax,C:/Weather Trading/Kalshi-Weather-Trading/data/raw/nws_daily).csv,USW00094728,"NY CITY CENTRAL PARK, NY US"
2022-10-12,NYC,70.0,70.0,noaa_nws_daily_tmax,C:/Weather Trading/Kalshi-Weather-Trading/data/raw/nws_daily).csv,USW00094728,"NY CITY CENTRAL PARK, NY US"
2022-10-13,NYC,69.0,69.0,noaa_nws_daily_tmax,C:/Weather Trading/Kalshi-Weather-Trading/data/raw/nws_daily).csv,USW00094728,"NY CITY CENTRAL PARK, NY US"
2022-10-14,NYC,67.0,67.0,noaa_nws_daily_tmax,C:/Weather Trading/Kalshi-Weather-Trading/data/raw/nws_daily).csv,USW00094728,"NY CITY CENTRAL PARK, NY US"
2022-10-15,NYC,68.0,68.0,noaa_nws_daily_tmax,C:/Weather Trading/Kalshi-Weather-Trading/data/raw/nws_daily).csv,USW00094728,"NY CITY CENTRAL PARK, NY US"
2022-10-16,NYC,64.0,64.0,noaa_nws_daily_tmax,C:/Weather Trading/Kalshi-Weather-Trading/data/raw/nws_daily).csv,USW00094728,"NY CITY CENTRAL PARK, NY US"
2022-10-17,NYC,66.0,66.0,noaa_nws_daily_tmax,C:/Weather Trading/Kalshi-Weather-Trading/data/raw/nws_daily).csv,USW00094728,"NY CITY CENTRAL PARK, NY US"
2022-10-18,NYC,56.0,56.0,noaa_nws_daily_tmax,C:/Weather Trading/Kalshi-Weather-Trading/data/raw/nws_daily).csv,USW00094728,"NY CITY CENTRAL PARK, NY US"
2022-10-19,NYC,54.0,54.0,noaa_nws_daily_tmax,C:/Weather Trading/Kalshi-Weather-Trading/data/raw/nws_daily).csv,USW00094728,"NY CITY CENTRAL PARK, NY US"
2022-10-20,NYC,58.0,58.0,noaa_nws_daily_tmax,C:/Weather Trading/Kalshi-Weather-Trading/data/raw/nws_daily).csv,USW00094728,"NY CITY CENTRAL PARK, NY US"
2022-10-21,NYC,62.0,62.0,noaa_nws_daily_tmax,C:/Weather Trading/Kalshi-Weather-Trading/data/raw/nws_daily).csv,USW00094728,"NY CITY CENTRAL PARK, NY US"
2022-10-22,NYC,66.0,66.0,noaa_nws_daily_tmax,C:/Weather Trading/Kalshi-Weather-Trading/data/raw/nws_daily).csv,USW00094728,"NY CITY CENTRAL PARK, NY US"
2022-10-23,NYC,61.0,61.0,noaa_nws_daily_tmax,C:/Weather Trading/Kalshi-Weather-Trading/data/raw/nws_daily).csv,USW00094728,"NY CITY CENTRAL PARK, NY US"
2022-10-24,NYC,61.0,61.0,noaa_nws_daily_tmax,C:/Weather Trading/Kalshi-Weather-Trading/data/raw/nws_daily).csv,USW00094728,"NY CITY CENTRAL PARK, NY US"
2022-10-25,NYC,70.0,70.0,noaa_nws_daily_tmax,C:/Weather Trading/Kalshi-Weather-Trading/data/raw/nws_daily).csv,USW00094728,"NY CITY CENTRAL PARK, NY US"
2022-10-26,NYC,72.0,72.0,noaa_nws_daily_tmax,C:/Weather Trading/Kalshi-Weather-Trading/data/raw/nws_daily).csv,USW00094728,"NY CITY CENTRAL PARK, NY US"
2022-10-27,NYC,65.0,65.0,noaa_nws_daily_tmax,C:/Weather Trading/Kalshi-Weather-Trading/data/raw/nws_daily).csv,USW00094728,"NY CITY CENTRAL PARK, NY US"
2022-10-28,NYC,56.0,56.0,noaa_nws_daily_tmax,C:/Weather Trading/Kalshi-Weather-Trading/data/raw/nws_daily).csv,USW00094728,"NY CITY CENTRAL PARK, NY US"
2022-10-29,NYC,58.0,58.0,noaa_nws_daily_tmax,C:/Weather Trading/Kalshi-Weather-Trading/data/raw/nws_daily).csv,USW00094728,"NY CITY CENTRAL PARK, NY US"
2022-10-30,NYC,63.0,63.0,noaa_nws_daily_tmax,C:/Weather Trading/Kalshi-Weather-Trading/data/raw/nws_daily).csv,USW00094728,"NY CITY CENTRAL PARK, NY US"
2022-10-31,NYC,65.0,65.0,noaa_nws_daily_tmax,C:/Weather Trading/Kalshi-Weather-Trading/data/raw/nws_daily).csv,USW00094728,"NY CITY CENTRAL PARK, NY US"
2022-11-01,NYC,67.0,67.0,noaa_nws_daily_tmax,C:/Weather Trading/Kalshi-Weather-Trading/data/raw/nws_daily).csv,USW00094728,"NY CITY CENTRAL PARK, NY US"
2022-11-02,NYC,70.0,70.0,noaa_nws_daily_tmax,C:/Weather Trading/Kalshi-Weather-Trading/data/raw/nws_daily).csv,USW00094728,"NY CITY CENTRAL PARK, NY US"
2022-11-03,NYC,67.0,67.0,noaa_nws_daily_tmax,C:/Weather Trading/Kalshi-Weather-Trading/data/raw/nws_daily).csv,USW00094728,"NY CITY CENTRAL PARK, NY US"
2022-11-04,NYC,70.0,70.0,noaa_nws_daily_tmax,C:/Weather Trading/Kalshi-Weather-Trading/data/raw/nws_daily).csv,USW00094728,"NY CITY CENTRAL PARK, NY US"
2022-11-05,NYC,76.0,76.0,noaa_nws_daily_tmax,C:/Weather Trading/Kalshi-Weather-Trading/data/raw/nws_daily).csv,USW00094728,"NY CITY CENTRAL PARK, NY US"
2022-11-06,NYC,75.0,75.0,noaa_nws_daily_tmax,C:/Weather Trading/Kalshi-Weather-Trading/data/raw/nws_daily).csv,USW00094728,"NY CITY CENTRAL PARK, NY US"
2022-11-07,NYC,77.0,77.0,noaa_nws_daily_tmax,C:/Weather Trading/Kalshi-Weather-Trading/data/raw/nws_daily).csv,USW00094728,"NY CITY CENTRAL PARK, NY US"
2022-11-08,NYC,58.0,58.0,noaa_nws_daily_tmax,C:/Weather Trading/Kalshi-Weather-Trading/data/raw/nws_daily).csv,USW00094728,"NY CITY CENTRAL PARK, NY US"
2022-11-09,NYC,53.0,53.0,noaa_nws_daily_tmax,C:/Weather Trading/Kalshi-Weather-Trading/data/raw/nws_daily).csv,USW00094728,"NY CITY CENTRAL PARK, NY US"
2022-11-10,NYC,66.0,66.0,noaa_nws_daily_tmax,C:/Weather Trading/Kalshi-Weather-Trading/data/raw/nws_daily).csv,USW00094728,"NY CITY CENTRAL PARK, NY US"
2022-11-11,NYC,68.0,68.0,noaa_nws_daily_tmax,C:/Weather Trading/Kalshi-Weather-Trading/data/raw/nws_daily).csv,USW00094728,"NY CITY CENTRAL PARK, NY US"
2022-11-12,NYC,69.0,69.0,noaa_nws_daily_tmax,C:/Weather Trading/Kalshi-Weather-Trading/data/raw/nws_daily).csv,USW00094728,"NY CITY CENTRAL PARK, NY US"
2022-11-13,NYC,61.0,61.0,noaa_nws_daily_tmax,C:/Weather Trading/Kalshi-Weather-Trading/data/raw/nws_daily).csv,USW00094728,"NY CITY CENTRAL PARK, NY US"
2022-11-14,NYC,45.0,45.0,noaa_nws_daily_tmax,C:/Weather Trading/Kalshi-Weather-Trading/data/raw/nws_daily).csv,USW00094728,"NY CITY CENTRAL PARK, NY US"
2022-11-15,NYC,46.0,46.0,noaa_nws_daily_tmax,C:/Weather Trading/Kalshi-Weather-Trading/data/raw/nws_daily).csv,USW00094728,"NY CITY CENTRAL PARK, NY US"
2022-11-16,NYC,50.0,50.0,noaa_nws_daily_tmax,C:/Weather Trading/Kalshi-Weather-Trading/data/raw/nws_daily).csv,USW00094728,"NY CITY CENTRAL PARK, NY US"
2022-11-17,NYC,46.0,46.0,noaa_nws_daily_tmax,C:/Weather Trading/Kalshi-Weather-Trading/data/raw/nws_daily).csv,USW00094728,"NY CITY CENTRAL PARK, NY US"
2022-11-18,NYC,44.0,44.0,noaa_nws_daily_tmax,C:/Weather Trading/Kalshi-Weather-Trading/data/raw/nws_daily).csv,USW00094728,"NY CITY CENTRAL PARK, NY US"
2022-11-19,NYC,40.0,40.0,noaa_nws_daily_tmax,C:/Weather Trading/Kalshi-Weather-Trading/data/raw/nws_daily).csv,USW00094728,"NY CITY CENTRAL PARK, NY US"
2022-11-20,NYC,40.0,40.0,noaa_nws_daily_tmax,C:/Weather Trading/Kalshi-Weather-Trading/data/raw/nws_daily).csv,USW00094728,"NY CITY CENTRAL PARK, NY US"
2022-11-21,NYC,41.0,41.0,noaa_nws_daily_tmax,C:/Weather Trading/Kalshi-Weather-Trading/data/raw/nws_daily).csv,USW00094728,"NY CITY CENTRAL PARK, NY US"
2022-11-22,NYC,51.0,51.0,noaa_nws_daily_tmax,C:/Weather Trading/Kalshi-Weather-Trading/data/raw/nws_daily).csv,USW00094728,"NY CITY CENTRAL PARK, NY US"
2022-11-23,NYC,55.0,55.0,noaa_nws_daily_tmax,C:/Weather Trading/Kalshi-Weather-Trading/data/raw/nws_daily).csv,USW00094728,"NY CITY CENTRAL PARK, NY US"
2022-11-24,NYC,54.0,54.0,noaa_nws_daily_tmax,C:/Weather Trading/Kalshi-Weather-Trading/data/raw/nws_daily).csv,USW00094728,"NY CITY CENTRAL PARK, NY US"
2022-11-25,NYC,55.0,55.0,noaa_nws_daily_tmax,C:/Weather Trading/Kalshi-Weather-Trading/data/raw/nws_daily).csv,USW00094728,"NY CITY CENTRAL PARK, NY US"
2022-11-26,NYC,57.0,57.0,noaa_nws_daily_tmax,C:/Weather Trading/Kalshi-Weather-Trading/data/raw/nws_daily).csv,USW00094728,"NY CITY CENTRAL PARK, NY US"
2022-11-27,NYC,60.0,60.0,noaa_nws_daily_tmax,C:/Weather Trading/Kalshi-Weather-Trading/data/raw/nws_daily).csv,USW00094728,"NY CITY CENTRAL PARK, NY US"
2022-11-28,NYC,54.0,54.0,noaa_nws_daily_tmax,C:/Weather Trading/Kalshi-Weather-Trading/data/raw/nws_daily).csv,USW00094728,"NY CITY CENTRAL PARK, NY US"
2022-11-29,NYC,44.0,44.0,noaa_nws_daily_tmax,C:/Weather Trading/Kalshi-Weather-Trading/data/raw/nws_daily).csv,USW00094728,"NY CITY CENTRAL PARK, NY US"
2022-11-30,NYC,58.0,58.0,noaa_nws_daily_tmax,C:/Weather Trading/Kalshi-Weather-Trading/data/raw/nws_daily).csv,USW00094728,"NY CITY CENTRAL PARK, NY US"
2022-12-01,NYC,43.0,43.0,noaa_nws_daily_tmax,C:/Weather Trading/Kalshi-Weather-Trading/data/raw/nws_daily).csv,USW00094728,"NY CITY CENTRAL PARK, NY US"
2022-12-02,NYC,47.0,47.0,noaa_nws_daily_tmax,C:/Weather Trading/Kalshi-Weather-Trading/data/raw/nws_daily).csv,USW00094728,"NY CITY CENTRAL PARK, NY US"
2022-12-03,NYC,58.0,58.0,noaa_nws_daily_tmax,C:/Weather Trading/Kalshi-Weather-Trading/data/raw/nws_daily).csv,USW00094728,"NY CITY CENTRAL PARK, NY US"
2022-12-04,NYC,45.0,45.0,noaa_nws_daily_tmax,C:/Weather Trading/Kalshi-Weather-Trading/data/raw/nws_daily).csv,USW00094728,"NY CITY CENTRAL PARK, NY US"
2022-12-05,NYC,48.0,48.0,noaa_nws_daily_tmax,C:/Weather Trading/Kalshi-Weather-Trading/data/raw/nws_daily).csv,USW00094728,"NY CITY CENTRAL PARK, NY US"
2022-12-06,NYC,58.0,58.0,noaa_nws_daily_tmax,C:/Weather Trading/Kalshi-Weather-Trading/data/raw/nws_daily).csv,USW00094728,"NY CITY CENTRAL PARK, NY US"
2022-12-07,NYC,59.0,59.0,noaa_nws_daily_tmax,C:/Weather Trading/Kalshi-Weather-Trading/data/raw/nws_daily).csv,USW00094728,"NY CITY CENTRAL PARK, NY US"
2022-12-08,NYC,55.0,55.0,noaa_nws_daily_tmax,C:/Weather Trading/Kalshi-Weather-Trading/data/raw/nws_daily).csv,USW00094728,"NY CITY CENTRAL PARK, NY US"
2022-12-09,NYC,45.0,45.0,noaa_nws_daily_tmax,C:/Weather Trading/Kalshi-Weather-Trading/data/raw/nws_daily).csv,USW00094728,"NY CITY CENTRAL PARK, NY US"
2022-12-10,NYC,39.0,39.0,noaa_nws_daily_tmax,C:/Weather Trading/Kalshi-Weather-Trading/data/raw/nws_daily).csv,USW00094728,"NY CITY CENTRAL PARK, NY US"
2022-12-11,NYC,40.0,40.0,noaa_nws_daily_tmax,C:/Weather Trading/Kalshi-Weather-Trading/data/raw/nws_daily).csv,USW00094728,"NY CITY CENTRAL PARK, NY US"
2022-12-12,NYC,38.0,38.0,noaa_nws_daily_tmax,C:/Weather Trading/Kalshi-Weather-Trading/data/raw/nws_daily).csv,USW00094728,"NY CITY CENTRAL PARK, NY US"
2022-12-13,NYC,40.0,40.0,noaa_nws_daily_tmax,C:/Weather Trading/Kalshi-Weather-Trading/data/raw/nws_daily).csv,USW00094728,"NY CITY CENTRAL PARK, NY US"
2022-12-14,NYC,39.0,39.0,noaa_nws_daily_tmax,C:/Weather Trading/Kalshi-Weather-Trading/data/raw/nws_daily).csv,USW00094728,"NY CITY CENTRAL PARK, NY US"
2022-12-15,NYC,42.0,42.0,noaa_nws_daily_tmax,C:/Weather Trading/Kalshi-Weather-Trading/data/raw/nws_daily).csv,USW00094728,"NY CITY CENTRAL PARK, NY US"
2022-12-16,NYC,44.0,44.0,noaa_nws_daily_tmax,C:/Weather Trading/Kalshi-Weather-Trading/data/raw/nws_daily).csv,USW00094728,"NY CITY CENTRAL PARK, NY US"
2022-12-17,NYC,44.0,44.0,noaa_nws_daily_tmax,C:/Weather Trading/Kalshi-Weather-Trading/data/raw/nws_daily).csv,USW00094728,"NY CITY CENTRAL PARK, NY US"
2022-12-18,NYC,40.0,40.0,noaa_nws_daily_tmax,C:/Weather Trading/Kalshi-Weather-Trading/data/raw/nws_daily).csv,USW00094728,"NY CITY CENTRAL PARK, NY US"
2022-12-19,NYC,39.0,39.0,noaa_nws_daily_tmax,C:/Weather Trading/Kalshi-Weather-Trading/data/raw/nws_daily).csv,USW00094728,"NY CITY CENTRAL PARK, NY US"
2022-12-20,NYC,39.0,39.0,noaa_nws_daily_tmax,C:/Weather Trading/Kalshi-Weather-Trading/data/raw/nws_daily).csv,USW00094728,"NY CITY CENTRAL PARK, NY US"
2022-12-21,NYC,40.0,40.0,noaa_nws_daily_tmax,C:/Weather Trading/Kalshi-Weather-Trading/data/raw/nws_daily).csv,USW00094728,"NY CITY CENTRAL PARK, NY US"
2022-12-22,NYC,47.0,47.0,noaa_nws_daily_tmax,C:/Weather Trading/Kalshi-Weather-Trading/data/raw/nws_daily).csv,USW00094728,"NY CITY CENTRAL PARK, NY US"
2022-12-23,NYC,58.0,58.0,noaa_nws_daily_tmax,C:/Weather Trading/Kalshi-Weather-Trading/data/raw/nws_daily).csv,USW00094728,"NY CITY CENTRAL PARK, NY US"
2022-12-24,NYC,15.0,15.0,noaa_nws_daily_tmax,C:/Weather Trading/Kalshi-Weather-Trading/data/raw/nws_daily).csv,USW00094728,"NY CITY CENTRAL PARK, NY US"
2022-12-25,NYC,28.0,28.0,noaa_nws_daily_tmax,C:/Weather Trading/Kalshi-Weather-Trading/data/raw/nws_daily).csv,USW00094728,"NY CITY CENTRAL PARK, NY US"
2022-12-26,NYC,29.0,29.0,noaa_nws_daily_tmax,C:/Weather Trading/Kalshi-Weather-Trading/data/raw/nws_daily).csv,USW00094728,"NY CITY CENTRAL PARK, NY US"
2022-12-27,NYC,35.0,35.0,noaa_nws_daily_tmax,C:/Weather Trading/Kalshi-Weather-Trading/data/raw/nws_daily).csv,USW00094728,"NY CITY CENTRAL PARK, NY US"
2022-12-28,NYC,47.0,47.0,noaa_nws_daily_tmax,C:/Weather Trading/Kalshi-Weather-Trading/data/raw/nws_daily).csv,USW00094728,"NY CITY CENTRAL PARK, NY US"
2022-12-29,NYC,51.0,51.0,noaa_nws_daily_tmax,C:/Weather Trading/Kalshi-Weather-Trading/data/raw/nws_daily).csv,USW00094728,"NY CITY CENTRAL PARK, NY US"
2022-12-30,NYC,62.0,62.0,noaa_nws_daily_tmax,C:/Weather Trading/Kalshi-Weather-Trading/data/raw/nws_daily).csv,USW00094728,"NY CITY CENTRAL PARK, NY US"
2022-12-31,NYC,55.0,55.0,noaa_nws_daily_tmax,C:/Weather Trading/Kalshi-Weather-Trading/data/raw/nws_daily).csv,USW00094728,"NY CITY CENTRAL PARK, NY US"
2023-01-01,NYC,55.0,55.0,noaa_nws_daily_tmax,C:/Weather Trading/Kalshi-Weather-Trading/data/raw/nws_daily).csv,USW00094728,"NY CITY CENTRAL PARK, NY US"
2023-01-02,NYC,56.0,56.0,noaa_nws_daily_tmax,C:/Weather Trading/Kalshi-Weather-Trading/data/raw/nws_daily).csv,USW00094728,"NY CITY CENTRAL PARK, NY US"
2023-01-03,NYC,58.0,58.0,noaa_nws_daily_tmax,C:/Weather Trading/Kalshi-Weather-Trading/data/raw/nws_daily).csv,USW00094728,"NY CITY CENTRAL PARK, NY US"
2023-01-04,NYC,66.0,66.0,noaa_nws_daily_tmax,C:/Weather Trading/Kalshi-Weather-Trading/data/raw/nws_daily).csv,USW00094728,"NY CITY CENTRAL PARK, NY US"
2023-01-05,NYC,50.0,50.0,noaa_nws_daily_tmax,C:/Weather Trading/Kalshi-Weather-Trading/data/raw/nws_daily).csv,USW00094728,"NY CITY CENTRAL PARK, NY US"
2023-01-06,NYC,49.0,49.0,noaa_nws_daily_tmax,C:/Weather Trading/Kalshi-Weather-Trading/data/raw/nws_daily).csv,USW00094728,"NY CITY CENTRAL PARK, NY US"
2023-01-07,NYC,45.0,45.0,noaa_nws_daily_tmax,C:/Weather Trading/Kalshi-Weather-Trading/data/raw/nws_daily).csv,USW00094728,"NY CITY CENTRAL PARK, NY US"
2023-01-08,NYC,41.0,41.0,noaa_nws_daily_tmax,C:/Weather Trading/Kalshi-Weather-Trading/data/raw/nws_daily).csv,USW00094728,"NY CITY CENTRAL PARK, NY US"
2023-01-09,NYC,44.0,44.0,noaa_nws_daily_tmax,C:/Weather Trading/Kalshi-Weather-Trading/data/raw/nws_daily).csv,USW00094728,"NY CITY CENTRAL PARK, NY US"
2023-01-10,NYC,41.0,41.0,noaa_nws_daily_tmax,C:/Weather Trading/Kalshi-Weather-Trading/data/raw/nws_daily).csv,USW00094728,"NY CITY CENTRAL PARK, NY US"
2023-01-11,NYC,39.0,39.0,noaa_nws_daily_tmax,C:/Weather Trading/Kalshi-Weather-Trading/data/raw/nws_daily).csv,USW00094728,"NY CITY CENTRAL PARK, NY US"
2023-01-12,NYC,55.0,55.0,noaa_nws_daily_tmax,C:/Weather Trading/Kalshi-Weather-Trading/data/raw/nws_daily).csv,USW00094728,"NY CITY CENTRAL PARK, NY US"
2023-01-13,NYC,57.0,57.0,noaa_nws_daily_tmax,C:/Weather Trading/Kalshi-Weather-Trading/data/raw/nws_daily).csv,USW00094728,"NY CITY CENTRAL PARK, NY US"
2023-01-14,NYC,38.0,38.0,noaa_nws_daily_tmax,C:/Weather Trading/Kalshi-Weather-Trading/data/raw/nws_daily).csv,USW00094728,"NY CITY CENTRAL PARK, NY US"
2023-01-15,NYC,41.0,41.0,noaa_nws_daily_tmax,C:/Weather Trading/Kalshi-Weather-Trading/data/raw/nws_daily).csv,USW00094728,"NY CITY CENTRAL PARK, NY US"
2023-01-16,NYC,48.0,48.0,noaa_nws_daily_tmax,C:/Weather Trading/Kalshi-Weather-Trading/data/raw/nws_daily).csv,USW00094728,"NY CITY CENTRAL PARK, NY US"
2023-01-17,NYC,47.0,47.0,noaa_nws_daily_tmax,C:/Weather Trading/Kalshi-Weather-Trading/data/raw/nws_daily).csv,USW00094728,"NY CITY CENTRAL PARK, NY US"
2023-01-18,NYC,53.0,53.0,noaa_nws_daily_tmax,C:/Weather Trading/Kalshi-Weather-Trading/data/raw/nws_daily).csv,USW00094728,"NY CITY CENTRAL PARK, NY US"
2023-01-19,NYC,44.0,44.0,noaa_nws_daily_tmax,C:/Weather Trading/Kalshi-Weather-Trading/data/raw/nws_daily).csv,USW00094728,"NY CITY CENTRAL PARK, NY US"
2023-01-20,NYC,49.0,49.0,noaa_nws_daily_tmax,C:/Weather Trading/Kalshi-Weather-Trading/data/raw/nws_daily).csv,USW00094728,"NY CITY CENTRAL PARK, NY US"
2023-01-21,NYC,42.0,42.0,noaa_nws_daily_tmax,C:/Weather Trading/Kalshi-Weather-Trading/data/raw/nws_daily).csv,USW00094728,"NY CITY CENTRAL PARK, NY US"
2023-01-22,NYC,42.0,42.0,noaa_nws_daily_tmax,C:/Weather Trading/Kalshi-Weather-Trading/data/raw/nws_daily).csv,USW00094728,"NY CITY CENTRAL PARK, NY US"
2023-01-23,NYC,39.0,39.0,noaa_nws_daily_tmax,C:/Weather Trading/Kalshi-Weather-Trading/data/raw/nws_daily).csv,USW00094728,"NY CITY CENTRAL PARK, NY US"
2023-01-24,NYC,46.0,46.0,noaa_nws_daily_tmax,C:/Weather Trading/Kalshi-Weather-Trading/data/raw/nws_daily).csv,USW00094728,"NY CITY CENTRAL PARK, NY US"
2023-01-25,NYC,54.0,54.0,noaa_nws_daily_tmax,C:/Weather Trading/Kalshi-Weather-Trading/data/raw/nws_daily).csv,USW00094728,"NY CITY CENTRAL PARK, NY US"
2023-01-26,NYC,57.0,57.0,noaa_nws_daily_tmax,C:/Weather Trading/Kalshi-Weather-Trading/data/raw/nws_daily).csv,USW00094728,"NY CITY CENTRAL PARK, NY US"
2023-01-27,NYC,44.0,44.0,noaa_nws_daily_tmax,C:/Weather Trading/Kalshi-Weather-Trading/data/raw/nws_daily).csv,USW00094728,"NY CITY CENTRAL PARK, NY US"
2023-01-28,NYC,52.0,52.0,noaa_nws_daily_tmax,C:/Weather Trading/Kalshi-Weather-Trading/data/raw/nws_daily).csv,USW00094728,"NY CITY CENTRAL PARK, NY US"
2023-01-29,NYC,53.0,53.0,noaa_nws_daily_tmax,C:/Weather Trading/Kalshi-Weather-Trading/data/raw/nws_daily).csv,USW00094728,"NY CITY CENTRAL PARK, NY US"
2023-01-30,NYC,55.0,55.0,noaa_nws_daily_tmax,C:/Weather Trading/Kalshi-Weather-Trading/data/raw/nws_daily).csv,USW00094728,"NY CITY CENTRAL PARK, NY US"
2023-01-31,NYC,50.0,50.0,noaa_nws_daily_tmax,C:/Weather Trading/Kalshi-Weather-Trading/data/raw/nws_daily).csv,USW00094728,"NY CITY CENTRAL PARK, NY US"
2023-02-01,NYC,38.0,38.0,noaa_nws_daily_tmax,C:/Weather Trading/Kalshi-Weather-Trading/data/raw/nws_daily).csv,USW00094728,"NY CITY CENTRAL PARK, NY US"
2023-02-02,NYC,40.0,40.0,noaa_nws_daily_tmax,C:/Weather Trading/Kalshi-Weather-Trading/data/raw/nws_daily).csv,USW00094728,"NY CITY CENTRAL PARK, NY US"
2023-02-03,NYC,35.0,35.0,noaa_nws_daily_tmax,C:/Weather Trading/Kalshi-Weather-Trading/data/raw/nws_daily).csv,USW00094728,"NY CITY CENTRAL PARK, NY US"
2023-02-04,NYC,27.0,27.0,noaa_nws_daily_tmax,C:/Weather Trading/Kalshi-Weather-Trading/data/raw/nws_daily).csv,USW00094728,"NY CITY CENTRAL PARK, NY US"
2023-02-05,NYC,49.0,49.0,noaa_nws_daily_tmax,C:/Weather Trading/Kalshi-Weather-Trading/data/raw/nws_daily).csv,USW00094728,"NY CITY CENTRAL PARK, NY US"
2023-02-06,NYC,52.0,52.0,noaa_nws_daily_tmax,C:/Weather Trading/Kalshi-Weather-Trading/data/raw/nws_daily).csv,USW00094728,"NY CITY CENTRAL PARK, NY US"
2023-02-07,NYC,43.0,43.0,noaa_nws_daily_tmax,C:/Weather Trading/Kalshi-Weather-Trading/data/raw/nws_daily).csv,USW00094728,"NY CITY CENTRAL PARK, NY US"
2023-02-08,NYC,53.0,53.0,noaa_nws_daily_tmax,C:/Weather Trading/Kalshi-Weather-Trading/data/raw/nws_daily).csv,USW00094728,"NY CITY CENTRAL PARK, NY US"
2023-02-09,NYC,55.0,55.0,noaa_nws_daily_tmax,C:/Weather Trading/Kalshi-Weather-Trading/data/raw/nws_daily).csv,USW00094728,"NY CITY CENTRAL PARK, NY US"
2023-02-10,NYC,61.0,61.0,noaa_nws_daily_tmax,C:/Weather Trading/Kalshi-Weather-Trading/data/raw/nws_daily).csv,USW00094728,"NY CITY CENTRAL PARK, NY US"
2023-02-11,NYC,46.0,46.0,noaa_nws_daily_tmax,C:/Weather Trading/Kalshi-Weather-Trading/data/raw/nws_daily).csv,USW00094728,"NY CITY CENTRAL PARK, NY US"
2023-02-12,NYC,48.0,48.0,noaa_nws_daily_tmax,C:/Weather Trading/Kalshi-Weather-Trading/data/raw/nws_daily).csv,USW00094728,"NY CITY CENTRAL PARK, NY US"
2023-02-13,NYC,57.0,57.0,noaa_nws_daily_tmax,C:/Weather Trading/Kalshi-Weather-Trading/data/raw/nws_daily).csv,USW00094728,"NY CITY CENTRAL PARK, NY US"
2023-02-14,NYC,54.0,54.0,noaa_nws_daily_tmax,C:/Weather Trading/Kalshi-Weather-Trading/data/raw/nws_daily).csv,USW00094728,"NY CITY CENTRAL PARK, NY US"
2023-02-15,NYC,67.0,67.0,noaa_nws_daily_tmax,C:/Weather Trading/Kalshi-Weather-Trading/data/raw/nws_daily).csv,USW00094728,"NY CITY CENTRAL PARK, NY US"
2023-02-16,NYC,70.0,70.0,noaa_nws_daily_tmax,C:/Weather Trading/Kalshi-Weather-Trading/data/raw/nws_daily).csv,USW00094728,"NY CITY CENTRAL PARK, NY US"
2023-02-17,NYC,61.0,61.0,noaa_nws_daily_tmax,C:/Weather Trading/Kalshi-Weather-Trading/data/raw/nws_daily).csv,USW00094728,"NY CITY CENTRAL PARK, NY US"
2023-02-18,NYC,43.0,43.0,noaa_nws_daily_tmax,C:/Weather Trading/Kalshi-Weather-Trading/data/raw/nws_daily).csv,USW00094728,"NY CITY CENTRAL PARK, NY US"
2023-02-19,NYC,50.0,50.0,noaa_nws_daily_tmax,C:/Weather Trading/Kalshi-Weather-Trading/data/raw/nws_daily).csv,USW00094728,"NY CITY CENTRAL PARK, NY US"
2023-02-20,NYC,61.0,61.0,noaa_nws_daily_tmax,C:/Weather Trading/Kalshi-Weather-Trading/data/raw/nws_daily).csv,USW00094728,"NY CITY CENTRAL PARK, NY US"
2023-02-21,NYC,50.0,50.0,noaa_nws_daily_tmax,C:/Weather Trading/Kalshi-Weather-Trading/data/raw/nws_daily).csv,USW00094728,"NY CITY CENTRAL PARK, NY US"
2023-02-22,NYC,44.0,44.0,noaa_nws_daily_tmax,C:/Weather Trading/Kalshi-Weather-Trading/data/raw/nws_daily).csv,USW00094728,"NY CITY CENTRAL PARK, NY US"
2023-02-23,NYC,44.0,44.0,noaa_nws_daily_tmax,C:/Weather Trading/Kalshi-Weather-Trading/data/raw/nws_daily).csv,USW00094728,"NY CITY CENTRAL PARK, NY US"
2023-02-24,NYC,45.0,45.0,noaa_nws_daily_tmax,C:/Weather Trading/Kalshi-Weather-Trading/data/raw/nws_daily).csv,USW00094728,"NY CITY CENTRAL PARK, NY US"
2023-02-25,NYC,33.0,33.0,noaa_nws_daily_tmax,C:/Weather Trading/Kalshi-Weather-Trading/data/raw/nws_daily).csv,USW00094728,"NY CITY CENTRAL PARK, NY US"
2023-02-26,NYC,50.0,50.0,noaa_nws_daily_tmax,C:/Weather Trading/Kalshi-Weather-Trading/data/raw/nws_daily).csv,USW00094728,"NY CITY CENTRAL PARK, NY US"
2023-02-27,NYC,46.0,46.0,noaa_nws_daily_tmax,C:/Weather Trading/Kalshi-Weather-Trading/data/raw/nws_daily).csv,USW00094728,"NY CITY CENTRAL PARK, NY US"
2023-02-28,NYC,38.0,38.0,noaa_nws_daily_tmax,C:/Weather Trading/Kalshi-Weather-Trading/data/raw/nws_daily).csv,USW00094728,"NY CITY CENTRAL PARK, NY US"
2023-03-01,NYC,44.0,44.0,noaa_nws_daily_tmax,C:/Weather Trading/Kalshi-Weather-Trading/data/raw/nws_daily).csv,USW00094728,"NY CITY CENTRAL PARK, NY US"
2023-03-02,NYC,54.0,54.0,noaa_nws_daily_tmax,C:/Weather Trading/Kalshi-Weather-Trading/data/raw/nws_daily).csv,USW00094728,"NY CITY CENTRAL PARK, NY US"
2023-03-03,NYC,47.0,47.0,noaa_nws_daily_tmax,C:/Weather Trading/Kalshi-Weather-Trading/data/raw/nws_daily).csv,USW00094728,"NY CITY CENTRAL PARK, NY US"
2023-03-04,NYC,45.0,45.0,noaa_nws_daily_tmax,C:/Weather Trading/Kalshi-Weather-Trading/data/raw/nws_daily).csv,USW00094728,"NY CITY CENTRAL PARK, NY US"
2023-03-05,NYC,53.0,53.0,noaa_nws_daily_tmax,C:/Weather Trading/Kalshi-Weather-Trading/data/raw/nws_daily).csv,USW00094728,"NY CITY CENTRAL PARK, NY US"
2023-03-06,NYC,52.0,52.0,noaa_nws_daily_tmax,C:/Weather Trading/Kalshi-Weather-Trading/data/raw/nws_daily).csv,USW00094728,"NY CITY CENTRAL PARK, NY US"
2023-03-07,NYC,47.0,47.0,noaa_nws_daily_tmax,C:/Weather Trading/Kalshi-Weather-Trading/data/raw/nws_daily).csv,USW00094728,"NY CITY CENTRAL PARK, NY US"
2023-03-08,NYC,48.0,48.0,noaa_nws_daily_tmax,C:/Weather Trading/Kalshi-Weather-Trading/data/raw/nws_daily).csv,USW00094728,"NY CITY CENTRAL PARK, NY US"
2023-03-09,NYC,51.0,51.0,noaa_nws_daily_tmax,C:/Weather Trading/Kalshi-Weather-Trading/data/raw/nws_daily).csv,USW00094728,"NY CITY CENTRAL PARK, NY US"
2023-03-10,NYC,46.0,46.0,noaa_nws_daily_tmax,C:/Weather Trading/Kalshi-Weather-Trading/data/raw/nws_daily).csv,USW00094728,"NY CITY CENTRAL PARK, NY US"
2023-03-11,NYC,45.0,45.0,noaa_nws_daily_tmax,C:/Weather Trading/Kalshi-Weather-Trading/data/raw/nws_daily).csv,USW00094728,"NY CITY CENTRAL PARK, NY US"
2023-03-12,NYC,48.0,48.0,noaa_nws_daily_tmax,C:/Weather Trading/Kalshi-Weather-Trading/data/raw/nws_daily).csv,USW00094728,"NY CITY CENTRAL PARK, NY US"
2023-03-13,NYC,45.0,45.0,noaa_nws_daily_tmax,C:/Weather Trading/Kalshi-Weather-Trading/data/raw/nws_daily).csv,USW00094728,"NY CITY CENTRAL PARK, NY US"
2023-03-14,NYC,38.0,38.0,noaa_nws_daily_tmax,C:/Weather Trading/Kalshi-Weather-Trading/data/raw/nws_daily).csv,USW00094728,"NY CITY CENTRAL PARK, NY US"
2023-03-15,NYC,45.0,45.0,noaa_nws_daily_tmax,C:/Weather Trading/Kalshi-Weather-Trading/data/raw/nws_daily).csv,USW00094728,"NY CITY CENTRAL PARK, NY US"
2023-03-16,NYC,59.0,59.0,noaa_nws_daily_tmax,C:/Weather Trading/Kalshi-Weather-Trading/data/raw/nws_daily).csv,USW00094728,"NY CITY CENTRAL PARK, NY US"
2023-03-17,NYC,60.0,60.0,noaa_nws_daily_tmax,C:/Weather Trading/Kalshi-Weather-Trading/data/raw/nws_daily).csv,USW00094728,"NY CITY CENTRAL PARK, NY US"
2023-03-18,NYC,56.0,56.0,noaa_nws_daily_tmax,C:/Weather Trading/Kalshi-Weather-Trading/data/raw/nws_daily).csv,USW00094728,"NY CITY CENTRAL PARK, NY US"
2023-03-19,NYC,40.0,40.0,noaa_nws_daily_tmax,C:/Weather Trading/Kalshi-Weather-Trading/data/raw/nws_daily).csv,USW00094728,"NY CITY CENTRAL PARK, NY US"
2023-03-20,NYC,51.0,51.0,noaa_nws_daily_tmax,C:/Weather Trading/Kalshi-Weather-Trading/data/raw/nws_daily).csv,USW00094728,"NY CITY CENTRAL PARK, NY US"
2023-03-21,NYC,63.0,63.0,noaa_nws_daily_tmax,C:/Weather Trading/Kalshi-Weather-Trading/data/raw/nws_daily).csv,USW00094728,"NY CITY CENTRAL PARK, NY US"
2023-03-22,NYC,62.0,62.0,noaa_nws_daily_tmax,C:/Weather Trading/Kalshi-Weather-Trading/data/raw/nws_daily).csv,USW00094728,"NY CITY CENTRAL PARK, NY US"
2023-03-23,NYC,60.0,60.0,noaa_nws_daily_tmax,C:/Weather Trading/Kalshi-Weather-Trading/data/raw/nws_daily).csv,USW00094728,"NY CITY CENTRAL PARK, NY US"
2023-03-24,NYC,55.0,55.0,noaa_nws_daily_tmax,C:/Weather Trading/Kalshi-Weather-Trading/data/raw/nws_daily).csv,USW00094728,"NY CITY CENTRAL PARK, NY US"
2023-03-25,NYC,47.0,47.0,noaa_nws_daily_tmax,C:/Weather Trading/Kalshi-Weather-Trading/data/raw/nws_daily).csv,USW00094728,"NY CITY CENTRAL PARK, NY US"
2023-03-26,NYC,63.0,63.0,noaa_nws_daily_tmax,C:/Weather Trading/Kalshi-Weather-Trading/data/raw/nws_daily).csv,USW00094728,"NY CITY CENTRAL PARK, NY US"
2023-03-27,NYC,62.0,62.0,noaa_nws_daily_tmax,C:/Weather Trading/Kalshi-Weather-Trading/data/raw/nws_daily).csv,USW00094728,"NY CITY CENTRAL PARK, NY US"
2023-03-28,NYC,52.0,52.0,noaa_nws_daily_tmax,C:/Weather Trading/Kalshi-Weather-Trading/data/raw/nws_daily).csv,USW00094728,"NY CITY CENTRAL PARK, NY US"
2023-03-29,NYC,55.0,55.0,noaa_nws_daily_tmax,C:/Weather Trading/Kalshi-Weather-Trading/data/raw/nws_daily).csv,USW00094728,"NY CITY CENTRAL PARK, NY US"
2023-03-30,NYC,46.0,46.0,noaa_nws_daily_tmax,C:/Weather Trading/Kalshi-Weather-Trading/data/raw/nws_daily).csv,USW00094728,"NY CITY CENTRAL PARK, NY US"
2023-03-31,NYC,57.0,57.0,noaa_nws_daily_tmax,C:/Weather Trading/Kalshi-Weather-Trading/data/raw/nws_daily).csv,USW00094728,"NY CITY CENTRAL PARK, NY US"
2023-04-01,NYC,72.0,72.0,noaa_nws_daily_tmax,C:/Weather Trading/Kalshi-Weather-Trading/data/raw/nws_daily).csv,USW00094728,"NY CITY CENTRAL PARK, NY US"
2023-04-02,NYC,51.0,51.0,noaa_nws_daily_tmax,C:/Weather Trading/Kalshi-Weather-Trading/data/raw/nws_daily).csv,USW00094728,"NY CITY CENTRAL PARK, NY US"
2023-04-03,NYC,59.0,59.0,noaa_nws_daily_tmax,C:/Weather Trading/Kalshi-Weather-Trading/data/raw/nws_daily).csv,USW00094728,"NY CITY CENTRAL PARK, NY US"
2023-04-04,NYC,73.0,73.0,noaa_nws_daily_tmax,C:/Weather Trading/Kalshi-Weather-Trading/data/raw/nws_daily).csv,USW00094728,"NY CITY CENTRAL PARK, NY US"
2023-04-05,NYC,57.0,57.0,noaa_nws_daily_tmax,C:/Weather Trading/Kalshi-Weather-Trading/data/raw/nws_daily).csv,USW00094728,"NY CITY CENTRAL PARK, NY US"
2023-04-06,NYC,80.0,80.0,noaa_nws_daily_tmax,C:/Weather Trading/Kalshi-Weather-Trading/data/raw/nws_daily).csv,USW00094728,"NY CITY CENTRAL PARK, NY US"
2023-04-07,NYC,60.0,60.0,noaa_nws_daily_tmax,C:/Weather Trading/Kalshi-Weather-Trading/data/raw/nws_daily).csv,USW00094728,"NY CITY CENTRAL PARK, NY US"
2023-04-08,NYC,54.0,54.0,noaa_nws_daily_tmax,C:/Weather Trading/Kalshi-Weather-Trading/data/raw/nws_daily).csv,USW00094728,"NY CITY CENTRAL PARK, NY US"
2023-04-09,NYC,57.0,57.0,noaa_nws_daily_tmax,C:/Weather Trading/Kalshi-Weather-Trading/data/raw/nws_daily).csv,USW00094728,"NY CITY CENTRAL PARK, NY US"
2023-04-10,NYC,68.0,68.0,noaa_nws_daily_tmax,C:/Weather Trading/Kalshi-Weather-Trading/data/raw/nws_daily).csv,USW00094728,"NY CITY CENTRAL PARK, NY US"
2023-04-11,NYC,75.0,75.0,noaa_nws_daily_tmax,C:/Weather Trading/Kalshi-Weather-Trading/data/raw/nws_daily).csv,USW00094728,"NY CITY CENTRAL PARK, NY US"
2023-04-12,NYC,84.0,84.0,noaa_nws_daily_tmax,C:/Weather Trading/Kalshi-Weather-Trading/data/raw/nws_daily).csv,USW00094728,"NY CITY CENTRAL PARK, NY US"
2023-04-13,NYC,90.0,90.0,noaa_nws_daily_tmax,C:/Weather Trading/Kalshi-Weather-Trading/data/raw/nws_daily).csv,USW00094728,"NY CITY CENTRAL PARK, NY US"
2023-04-14,NYC,91.0,91.0,noaa_nws_daily_tmax,C:/Weather Trading/Kalshi-Weather-Trading/data/raw/nws_daily).csv,USW00094728,"NY CITY CENTRAL PARK, NY US"
2023-04-15,NYC,75.0,75.0,noaa_nws_daily_tmax,C:/Weather Trading/Kalshi-Weather-Trading/data/raw/nws_daily).csv,USW00094728,"NY CITY CENTRAL PARK, NY US"
2023-04-16,NYC,71.0,71.0,noaa_nws_daily_tmax,C:/Weather Trading/Kalshi-Weather-Trading/data/raw/nws_daily).csv,USW00094728,"NY CITY CENTRAL PARK, NY US"
2023-04-17,NYC,68.0,68.0,noaa_nws_daily_tmax,C:/Weather Trading/Kalshi-Weather-Trading/data/raw/nws_daily).csv,USW00094728,"NY CITY CENTRAL PARK, NY US"
2023-04-18,NYC,57.0,57.0,noaa_nws_daily_tmax,C:/Weather Trading/Kalshi-Weather-Trading/data/raw/nws_daily).csv,USW00094728,"NY CITY CENTRAL PARK, NY US"
2023-04-19,NYC,64.0,64.0,noaa_nws_daily_tmax,C:/Weather Trading/Kalshi-Weather-Trading/data/raw/nws_daily).csv,USW00094728,"NY CITY CENTRAL PARK, NY US"
2023-04-20,NYC,66.0,66.0,noaa_nws_daily_tmax,C:/Weather Trading/Kalshi-Weather-Trading/data/raw/nws_daily).csv,USW00094728,"NY CITY CENTRAL PARK, NY US"
2023-04-21,NYC,71.0,71.0,noaa_nws_daily_tmax,C:/Weather Trading/Kalshi-Weather-Trading/data/raw/nws_daily).csv,USW00094728,"NY CITY CENTRAL PARK, NY US"
2023-04-22,NYC,67.0,67.0,noaa_nws_daily_tmax,C:/Weather Trading/Kalshi-Weather-Trading/data/raw/nws_daily).csv,USW00094728,"NY CITY CENTRAL PARK, NY US"
2023-04-23,NYC,69.0,69.0,noaa_nws_daily_tmax,C:/Weather Trading/Kalshi-Weather-Trading/data/raw/nws_daily).csv,USW00094728,"NY CITY CENTRAL PARK, NY US"
2023-04-24,NYC,62.0,62.0,noaa_nws_daily_tmax,C:/Weather Trading/Kalshi-Weather-Trading/data/raw/nws_daily).csv,USW00094728,"NY CITY CENTRAL PARK, NY US"
2023-04-25,NYC,60.0,60.0,noaa_nws_daily_tmax,C:/Weather Trading/Kalshi-Weather-Trading/data/raw/nws_daily).csv,USW00094728,"NY CITY CENTRAL PARK, NY US"
2023-04-26,NYC,60.0,60.0,noaa_nws_daily_tmax,C:/Weather Trading/Kalshi-Weather-Trading/data/raw/nws_daily).csv,USW00094728,"NY CITY CENTRAL PARK, NY US"
2023-04-27,NYC,57.0,57.0,noaa_nws_daily_tmax,C:/Weather Trading/Kalshi-Weather-Trading/data/raw/nws_daily).csv,USW00094728,"NY CITY CENTRAL PARK, NY US"
2023-04-28,NYC,56.0,56.0,noaa_nws_daily_tmax,C:/Weather Trading/Kalshi-Weather-Trading/data/raw/nws_daily).csv,USW00094728,"NY CITY CENTRAL PARK, NY US"
2023-04-29,NYC,53.0,53.0,noaa_nws_daily_tmax,C:/Weather Trading/Kalshi-Weather-Trading/data/raw/nws_daily).csv,USW00094728,"NY CITY CENTRAL PARK, NY US"
2023-04-30,NYC,60.0,60.0,noaa_nws_daily_tmax,C:/Weather Trading/Kalshi-Weather-Trading/data/raw/nws_daily).csv,USW00094728,"NY CITY CENTRAL PARK, NY US"
2023-05-01,NYC,61.0,61.0,noaa_nws_daily_tmax,C:/Weather Trading/Kalshi-Weather-Trading/data/raw/nws_daily).csv,USW00094728,"NY CITY CENTRAL PARK, NY US"
2023-05-02,NYC,56.0,56.0,noaa_nws_daily_tmax,C:/Weather Trading/Kalshi-Weather-Trading/data/raw/nws_daily).csv,USW00094728,"NY CITY CENTRAL PARK, NY US"
2023-05-03,NYC,57.0,57.0,noaa_nws_daily_tmax,C:/Weather Trading/Kalshi-Weather-Trading/data/raw/nws_daily).csv,USW00094728,"NY CITY CENTRAL PARK, NY US"
2023-05-04,NYC,55.0,55.0,noaa_nws_daily_tmax,C:/Weather Trading/Kalshi-Weather-Trading/data/raw/nws_daily).csv,USW00094728,"NY CITY CENTRAL PARK, NY US"
2023-05-05,NYC,66.0,66.0,noaa_nws_daily_tmax,C:/Weather Trading/Kalshi-Weather-Trading/data/raw/nws_daily).csv,USW00094728,"NY CITY CENTRAL PARK, NY US"
2023-05-06,NYC,73.0,73.0,noaa_nws_daily_tmax,C:/Weather Trading/Kalshi-Weather-Trading/data/raw/nws_daily).csv,USW00094728,"NY CITY CENTRAL PARK, NY US"
2023-05-07,NYC,78.0,78.0,noaa_nws_daily_tmax,C:/Weather Trading/Kalshi-Weather-Trading/data/raw/nws_daily).csv,USW00094728,"NY CITY CENTRAL PARK, NY US"
2023-05-08,NYC,77.0,77.0,noaa_nws_daily_tmax,C:/Weather Trading/Kalshi-Weather-Trading/data/raw/nws_daily).csv,USW00094728,"NY CITY CENTRAL PARK, NY US"
2023-05-09,NYC,71.0,71.0,noaa_nws_daily_tmax,C:/Weather Trading/Kalshi-Weather-Trading/data/raw/nws_daily).csv,USW00094728,"NY CITY CENTRAL PARK, NY US"
2023-05-10,NYC,73.0,73.0,noaa_nws_daily_tmax,C:/Weather Trading/Kalshi-Weather-Trading/data/raw/nws_daily).csv,USW00094728,"NY CITY CENTRAL PARK, NY US"
2023-05-11,NYC,80.0,80.0,noaa_nws_daily_tmax,C:/Weather Trading/Kalshi-Weather-Trading/data/raw/nws_daily).csv,USW00094728,"NY CITY CENTRAL PARK, NY US"
2023-05-12,NYC,87.0,87.0,noaa_nws_daily_tmax,C:/Weather Trading/Kalshi-Weather-Trading/data/raw/nws_daily).csv,USW00094728,"NY CITY CENTRAL PARK, NY US"
2023-05-13,NYC,82.0,82.0,noaa_nws_daily_tmax,C:/Weather Trading/Kalshi-Weather-Trading/data/raw/nws_daily).csv,USW00094728,"NY CITY CENTRAL PARK, NY US"
2023-05-14,NYC,74.0,74.0,noaa_nws_daily_tmax,C:/Weather Trading/Kalshi-Weather-Trading/data/raw/nws_daily).csv,USW00094728,"NY CITY CENTRAL PARK, NY US"
2023-05-15,NYC,74.0,74.0,noaa_nws_daily_tmax,C:/Weather Trading/Kalshi-Weather-Trading/data/raw/nws_daily).csv,USW00094728,"NY CITY CENTRAL PARK, NY US"
2023-05-16,NYC,79.0,79.0,noaa_nws_daily_tmax,C:/Weather Trading/Kalshi-Weather-Trading/data/raw/nws_daily).csv,USW00094728,"NY CITY CENTRAL PARK, NY US"
2023-05-17,NYC,69.0,69.0,noaa_nws_daily_tmax,C:/Weather Trading/Kalshi-Weather-Trading/data/raw/nws_daily).csv,USW00094728,"NY CITY CENTRAL PARK, NY US"
2023-05-18,NYC,61.0,61.0,noaa_nws_daily_tmax,C:/Weather Trading/Kalshi-Weather-Trading/data/raw/nws_daily).csv,USW00094728,"NY CITY CENTRAL PARK, NY US"
2023-05-19,NYC,70.0,70.0,noaa_nws_daily_tmax,C:/Weather Trading/Kalshi-Weather-Trading/data/raw/nws_daily).csv,USW00094728,"NY CITY CENTRAL PARK, NY US"
2023-05-20,NYC,65.0,65.0,noaa_nws_daily_tmax,C:/Weather Trading/Kalshi-Weather-Trading/data/raw/nws_daily).csv,USW00094728,"NY CITY CENTRAL PARK, NY US"
2023-05-21,NYC,70.0,70.0,noaa_nws_daily_tmax,C:/Weather Trading/Kalshi-Weather-Trading/data/raw/nws_daily).csv,USW00094728,"NY CITY CENTRAL PARK, NY US"
2023-05-22,NYC,75.0,75.0,noaa_nws_daily_tmax,C:/Weather Trading/Kalshi-Weather-Trading/data/raw/nws_daily).csv,USW00094728,"NY CITY CENTRAL PARK, NY US"
2023-05-23,NYC,70.0,70.0,noaa_nws_daily_tmax,C:/Weather Trading/Kalshi-Weather-Trading/data/raw/nws_daily).csv,USW00094728,"NY CITY CENTRAL PARK, NY US"
2023-05-24,NYC,77.0,77.0,noaa_nws_daily_tmax,C:/Weather Trading/Kalshi-Weather-Trading/data/raw/nws_daily).csv,USW00094728,"NY CITY CENTRAL PARK, NY US"
2023-05-25,NYC,68.0,68.0,noaa_nws_daily_tmax,C:/Weather Trading/Kalshi-Weather-Trading/data/raw/nws_daily).csv,USW00094728,"NY CITY CENTRAL PARK, NY US"
2023-05-26,NYC,72.0,72.0,noaa_nws_daily_tmax,C:/Weather Trading/Kalshi-Weather-Trading/data/raw/nws_daily).csv,USW00094728,"NY CITY CENTRAL PARK, NY US"
2023-05-27,NYC,78.0,78.0,noaa_nws_daily_tmax,C:/Weather Trading/Kalshi-Weather-Trading/data/raw/nws_daily).csv,USW00094728,"NY CITY CENTRAL PARK, NY US"
2023-05-28,NYC,79.0,79.0,noaa_nws_daily_tmax,C:/Weather Trading/Kalshi-Weather-Trading/data/raw/nws_daily).csv,USW00094728,"NY CITY CENTRAL PARK, NY US"
2023-05-29,NYC,79.0,79.0,noaa_nws_daily_tmax,C:/Weather Trading/Kalshi-Weather-Trading/data/raw/nws_daily).csv,USW00094728,"NY CITY CENTRAL PARK, NY US"
2023-05-30,NYC,72.0,72.0,noaa_nws_daily_tmax,C:/Weather Trading/Kalshi-Weather-Trading/data/raw/nws_daily).csv,USW00094728,"NY CITY CENTRAL PARK, NY US"
2023-05-31,NYC,77.0,77.0,noaa_nws_daily_tmax,C:/Weather Trading/Kalshi-Weather-Trading/data/raw/nws_daily).csv,USW00094728,"NY CITY CENTRAL PARK, NY US"
2023-06-01,NYC,87.0,87.0,noaa_nws_daily_tmax,C:/Weather Trading/Kalshi-Weather-Trading/data/raw/nws_daily).csv,USW00094728,"NY CITY CENTRAL PARK, NY US"
2023-06-02,NYC,91.0,91.0,noaa_nws_daily_tmax,C:/Weather Trading/Kalshi-Weather-Trading/data/raw/nws_daily).csv,USW00094728,"NY CITY CENTRAL PARK, NY US"
2023-06-03,NYC,69.0,69.0,noaa_nws_daily_tmax,C:/Weather Trading/Kalshi-Weather-Trading/data/raw/nws_daily).csv,USW00094728,"NY CITY CENTRAL PARK, NY US"
2023-06-04,NYC,69.0,69.0,noaa_nws_daily_tmax,C:/Weather Trading/Kalshi-Weather-Trading/data/raw/nws_daily).csv,USW00094728,"NY CITY CENTRAL PARK, NY US"
2023-06-05,NYC,76.0,76.0,noaa_nws_daily_tmax,C:/Weather Trading/Kalshi-Weather-Trading/data/raw/nws_daily).csv,USW00094728,"NY CITY CENTRAL PARK, NY US"
2023-06-06,NYC,79.0,79.0,noaa_nws_daily_tmax,C:/Weather Trading/Kalshi-Weather-Trading/data/raw/nws_daily).csv,USW00094728,"NY CITY CENTRAL PARK, NY US"
2023-06-07,NYC,69.0,69.0,noaa_nws_daily_tmax,C:/Weather Trading/Kalshi-Weather-Trading/data/raw/nws_daily).csv,USW00094728,"NY CITY CENTRAL PARK, NY US"
2023-06-08,NYC,72.0,72.0,noaa_nws_daily_tmax,C:/Weather Trading/Kalshi-Weather-Trading/data/raw/nws_daily).csv,USW00094728,"NY CITY CENTRAL PARK, NY US"
2023-06-09,NYC,72.0,72.0,noaa_nws_daily_tmax,C:/Weather Trading/Kalshi-Weather-Trading/data/raw/nws_daily).csv,USW00094728,"NY CITY CENTRAL PARK, NY US"
2023-06-10,NYC,78.0,78.0,noaa_nws_daily_tmax,C:/Weather Trading/Kalshi-Weather-Trading/data/raw/nws_daily).csv,USW00094728,"NY CITY CENTRAL PARK, NY US"
2023-06-11,NYC,82.0,82.0,noaa_nws_daily_tmax,C:/Weather Trading/Kalshi-Weather-Trading/data/raw/nws_daily).csv,USW00094728,"NY CITY CENTRAL PARK, NY US"
2023-06-12,NYC,78.0,78.0,noaa_nws_daily_tmax,C:/Weather Trading/Kalshi-Weather-Trading/data/raw/nws_daily).csv,USW00094728,"NY CITY CENTRAL PARK, NY US"
2023-06-13,NYC,78.0,78.0,noaa_nws_daily_tmax,C:/Weather Trading/Kalshi-Weather-Trading/data/raw/nws_daily).csv,USW00094728,"NY CITY CENTRAL PARK, NY US"
2023-06-14,NYC,76.0,76.0,noaa_nws_daily_tmax,C:/Weather Trading/Kalshi-Weather-Trading/data/raw/nws_daily).csv,USW00094728,"NY CITY CENTRAL PARK, NY US"
2023-06-15,NYC,77.0,77.0,noaa_nws_daily_tmax,C:/Weather Trading/Kalshi-Weather-Trading/data/raw/nws_daily).csv,USW00094728,"NY CITY CENTRAL PARK, NY US"
2023-06-16,NYC,79.0,79.0,noaa_nws_daily_tmax,C:/Weather Trading/Kalshi-Weather-Trading/data/raw/nws_daily).csv,USW00094728,"NY CITY CENTRAL PARK, NY US"
2023-06-17,NYC,77.0,77.0,noaa_nws_daily_tmax,C:/Weather Trading/Kalshi-Weather-Trading/data/raw/nws_daily).csv,USW00094728,"NY CITY CENTRAL PARK, NY US"
2023-06-18,NYC,80.0,80.0,noaa_nws_daily_tmax,C:/Weather Trading/Kalshi-Weather-Trading/data/raw/nws_daily).csv,USW00094728,"NY CITY CENTRAL PARK, NY US"
2023-06-19,NYC,81.0,81.0,noaa_nws_daily_tmax,C:/Weather Trading/Kalshi-Weather-Trading/data/raw/nws_daily).csv,USW00094728,"NY CITY CENTRAL PARK, NY US"
2023-06-20,NYC,78.0,78.0,noaa_nws_daily_tmax,C:/Weather Trading/Kalshi-Weather-Trading/data/raw/nws_daily).csv,USW00094728,"NY CITY CENTRAL PARK, NY US"
2023-06-21,NYC,73.0,73.0,noaa_nws_daily_tmax,C:/Weather Trading/Kalshi-Weather-Trading/data/raw/nws_daily).csv,USW00094728,"NY CITY CENTRAL PARK, NY US"
2023-06-22,NYC,72.0,72.0,noaa_nws_daily_tmax,C:/Weather Trading/Kalshi-Weather-Trading/data/raw/nws_daily).csv,USW00094728,"NY CITY CENTRAL PARK, NY US"
2023-06-23,NYC,71.0,71.0,noaa_nws_daily_tmax,C:/Weather Trading/Kalshi-Weather-Trading/data/raw/nws_daily).csv,USW00094728,"NY CITY CENTRAL PARK, NY US"
2023-06-24,NYC,78.0,78.0,noaa_nws_daily_tmax,C:/Weather Trading/Kalshi-Weather-Trading/data/raw/nws_daily).csv,USW00094728,"NY CITY CENTRAL PARK, NY US"
2023-06-25,NYC,85.0,85.0,noaa_nws_daily_tmax,C:/Weather Trading/Kalshi-Weather-Trading/data/raw/nws_daily).csv,USW00094728,"NY CITY CENTRAL PARK, NY US"
2023-06-26,NYC,78.0,78.0,noaa_nws_daily_tmax,C:/Weather Trading/Kalshi-Weather-Trading/data/raw/nws_daily).csv,USW00094728,"NY CITY CENTRAL PARK, NY US"
2023-06-27,NYC,79.0,79.0,noaa_nws_daily_tmax,C:/Weather Trading/Kalshi-Weather-Trading/data/raw/nws_daily).csv,USW00094728,"NY CITY CENTRAL PARK, NY US"
2023-06-28,NYC,82.0,82.0,noaa_nws_daily_tmax,C:/Weather Trading/Kalshi-Weather-Trading/data/raw/nws_daily).csv,USW00094728,"NY CITY CENTRAL PARK, NY US"
2023-06-29,NYC,82.0,82.0,noaa_nws_daily_tmax,C:/Weather Trading/Kalshi-Weather-Trading/data/raw/nws_daily).csv,USW00094728,"NY CITY CENTRAL PARK, NY US"
2023-06-30,NYC,84.0,84.0,noaa_nws_daily_tmax,C:/Weather Trading/Kalshi-Weather-Trading/data/raw/nws_daily).csv,USW00094728,"NY CITY CENTRAL PARK, NY US"
2023-07-01,NYC,82.0,82.0,noaa_nws_daily_tmax,C:/Weather Trading/Kalshi-Weather-Trading/data/raw/nws_daily).csv,USW00094728,"NY CITY CENTRAL PARK, NY US"
2023-07-02,NYC,88.0,88.0,noaa_nws_daily_tmax,C:/Weather Trading/Kalshi-Weather-Trading/data/raw/nws_daily).csv,USW00094728,"NY CITY CENTRAL PARK, NY US"
2023-07-03,NYC,89.0,89.0,noaa_nws_daily_tmax,C:/Weather Trading/Kalshi-Weather-Trading/data/raw/nws_daily).csv,USW00094728,"NY CITY CENTRAL PARK, NY US"
2023-07-04,NYC,83.0,83.0,noaa_nws_daily_tmax,C:/Weather Trading/Kalshi-Weather-Trading/data/raw/nws_daily).csv,USW00094728,"NY CITY CENTRAL PARK, NY US"
2023-07-05,NYC,93.0,93.0,noaa_nws_daily_tmax,C:/Weather Trading/Kalshi-Weather-Trading/data/raw/nws_daily).csv,USW00094728,"NY CITY CENTRAL PARK, NY US"
2023-07-06,NYC,90.0,90.0,noaa_nws_daily_tmax,C:/Weather Trading/Kalshi-Weather-Trading/data/raw/nws_daily).csv,USW00094728,"NY CITY CENTRAL PARK, NY US"
2023-07-07,NYC,87.0,87.0,noaa_nws_daily_tmax,C:/Weather Trading/Kalshi-Weather-Trading/data/raw/nws_daily).csv,USW00094728,"NY CITY CENTRAL PARK, NY US"
2023-07-08,NYC,88.0,88.0,noaa_nws_daily_tmax,C:/Weather Trading/Kalshi-Weather-Trading/data/raw/nws_daily).csv,USW00094728,"NY CITY CENTRAL PARK, NY US"
2023-07-09,NYC,82.0,82.0,noaa_nws_daily_tmax,C:/Weather Trading/Kalshi-Weather-Trading/data/raw/nws_daily).csv,USW00094728,"NY CITY CENTRAL PARK, NY US"
2023-07-10,NYC,84.0,84.0,noaa_nws_daily_tmax,C:/Weather Trading/Kalshi-Weather-Trading/data/raw/nws_daily).csv,USW00094728,"NY CITY CENTRAL PARK, NY US"
2023-07-11,NYC,89.0,89.0,noaa_nws_daily_tmax,C:/Weather Trading/Kalshi-Weather-Trading/data/raw/nws_daily).csv,USW00094728,"NY CITY CENTRAL PARK, NY US"
2023-07-12,NYC,91.0,91.0,noaa_nws_daily_tmax,C:/Weather Trading/Kalshi-Weather-Trading/data/raw/nws_daily).csv,USW00094728,"NY CITY CENTRAL PARK, NY US"
2023-07-13,NYC,88.0,88.0,noaa_nws_daily_tmax,C:/Weather Trading/Kalshi-Weather-Trading/data/raw/nws_daily).csv,USW00094728,"NY CITY CENTRAL PARK, NY US"
2023-07-14,NYC,84.0,84.0,noaa_nws_daily_tmax,C:/Weather Trading/Kalshi-Weather-Trading/data/raw/nws_daily).csv,USW00094728,"NY CITY CENTRAL PARK, NY US"
2023-07-15,NYC,88.0,88.0,noaa_nws_daily_tmax,C:/Weather Trading/Kalshi-Weather-Trading/data/raw/nws_daily).csv,USW00094728,"NY CITY CENTRAL PARK, NY US"
2023-07-16,NYC,78.0,78.0,noaa_nws_daily_tmax,C:/Weather Trading/Kalshi-Weather-Trading/data/raw/nws_daily).csv,USW00094728,"NY CITY CENTRAL PARK, NY US"
2023-07-17,NYC,88.0,88.0,noaa_nws_daily_tmax,C:/Weather Trading/Kalshi-Weather-Trading/data/raw/nws_daily).csv,USW00094728,"NY CITY CENTRAL PARK, NY US"
2023-07-18,NYC,84.0,84.0,noaa_nws_daily_tmax,C:/Weather Trading/Kalshi-Weather-Trading/data/raw/nws_daily).csv,USW00094728,"NY CITY CENTRAL PARK, NY US"
2023-07-19,NYC,80.0,80.0,noaa_nws_daily_tmax,C:/Weather Trading/Kalshi-Weather-Trading/data/raw/nws_daily).csv,USW00094728,"NY CITY CENTRAL PARK, NY US"
2023-07-20,NYC,88.0,88.0,noaa_nws_daily_tmax,C:/Weather Trading/Kalshi-Weather-Trading/data/raw/nws_daily).csv,USW00094728,"NY CITY CENTRAL PARK, NY US"
2023-07-21,NYC,84.0,84.0,noaa_nws_daily_tmax,C:/Weather Trading/Kalshi-Weather-Trading/data/raw/nws_daily).csv,USW00094728,"NY CITY CENTRAL PARK, NY US"
2023-07-22,NYC,85.0,85.0,noaa_nws_daily_tmax,C:/Weather Trading/Kalshi-Weather-Trading/data/raw/nws_daily).csv,USW00094728,"NY CITY CENTRAL PARK, NY US"
2023-07-23,NYC,88.0,88.0,noaa_nws_daily_tmax,C:/Weather Trading/Kalshi-Weather-Trading/data/raw/nws_daily).csv,USW00094728,"NY CITY CENTRAL PARK, NY US"
2023-07-24,NYC,85.0,85.0,noaa_nws_daily_tmax,C:/Weather Trading/Kalshi-Weather-Trading/data/raw/nws_daily).csv,USW00094728,"NY CITY CENTRAL PARK, NY US"
2023-07-25,NYC,86.0,86.0,noaa_nws_daily_tmax,C:/Weather Trading/Kalshi-Weather-Trading/data/raw/nws_daily).csv,USW00094728,"NY CITY CENTRAL PARK, NY US"
2023-07-26,NYC,87.0,87.0,noaa_nws_daily_tmax,C:/Weather Trading/Kalshi-Weather-Trading/data/raw/nws_daily).csv,USW00094728,"NY CITY CENTRAL PARK, NY US"
2023-07-27,NYC,92.0,92.0,noaa_nws_daily_tmax,C:/Weather Trading/Kalshi-Weather-Trading/data/raw/nws_daily).csv,USW00094728,"NY CITY CENTRAL PARK, NY US"
2023-07-28,NYC,92.0,92.0,noaa_nws_daily_tmax,C:/Weather Trading/Kalshi-Weather-Trading/data/raw/nws_daily).csv,USW00094728,"NY CITY CENTRAL PARK, NY US"
2023-07-29,NYC,89.0,89.0,noaa_nws_daily_tmax,C:/Weather Trading/Kalshi-Weather-Trading/data/raw/nws_daily).csv,USW00094728,"NY CITY CENTRAL PARK, NY US"
2023-07-30,NYC,80.0,80.0,noaa_nws_daily_tmax,C:/Weather Trading/Kalshi-Weather-Trading/data/raw/nws_daily).csv,USW00094728,"NY CITY CENTRAL PARK, NY US"
2023-07-31,NYC,85.0,85.0,noaa_nws_daily_tmax,C:/Weather Trading/Kalshi-Weather-Trading/data/raw/nws_daily).csv,USW00094728,"NY CITY CENTRAL PARK, NY US"
2023-08-01,NYC,82.0,82.0,noaa_nws_daily_tmax,C:/Weather Trading/Kalshi-Weather-Trading/data/raw/nws_daily).csv,USW00094728,"NY CITY CENTRAL PARK, NY US"
2023-08-02,NYC,81.0,81.0,noaa_nws_daily_tmax,C:/Weather Trading/Kalshi-Weather-Trading/data/raw/nws_daily).csv,USW00094728,"NY CITY CENTRAL PARK, NY US"
2023-08-03,NYC,80.0,80.0,noaa_nws_daily_tmax,C:/Weather Trading/Kalshi-Weather-Trading/data/raw/nws_daily).csv,USW00094728,"NY CITY CENTRAL PARK, NY US"
2023-08-04,NYC,77.0,77.0,noaa_nws_daily_tmax,C:/Weather Trading/Kalshi-Weather-Trading/data/raw/nws_daily).csv,USW00094728,"NY CITY CENTRAL PARK, NY US"
2023-08-05,NYC,87.0,87.0,noaa_nws_daily_tmax,C:/Weather Trading/Kalshi-Weather-Trading/data/raw/nws_daily).csv,USW00094728,"NY CITY CENTRAL PARK, NY US"
2023-08-06,NYC,87.0,87.0,noaa_nws_daily_tmax,C:/Weather Trading/Kalshi-Weather-Trading/data/raw/nws_daily).csv,USW00094728,"NY CITY CENTRAL PARK, NY US"
2023-08-07,NYC,81.0,81.0,noaa_nws_daily_tmax,C:/Weather Trading/Kalshi-Weather-Trading/data/raw/nws_daily).csv,USW00094728,"NY CITY CENTRAL PARK, NY US"
2023-08-08,NYC,80.0,80.0,noaa_nws_daily_tmax,C:/Weather Trading/Kalshi-Weather-Trading/data/raw/nws_daily).csv,USW00094728,"NY CITY CENTRAL PARK, NY US"
2023-08-09,NYC,86.0,86.0,noaa_nws_daily_tmax,C:/Weather Trading/Kalshi-Weather-Trading/data/raw/nws_daily).csv,USW00094728,"NY CITY CENTRAL PARK, NY US"
2023-08-10,NYC,81.0,81.0,noaa_nws_daily_tmax,C:/Weather Trading/Kalshi-Weather-Trading/data/raw/nws_daily).csv,USW00094728,"NY CITY CENTRAL PARK, NY US"
2023-08-11,NYC,85.0,85.0,noaa_nws_daily_tmax,C:/Weather Trading/Kalshi-Weather-Trading/data/raw/nws_daily).csv,USW00094728,"NY CITY CENTRAL PARK, NY US"
2023-08-12,NYC,85.0,85.0,noaa_nws_daily_tmax,C:/Weather Trading/Kalshi-Weather-Trading/data/raw/nws_daily).csv,USW00094728,"NY CITY CENTRAL PARK, NY US"
2023-08-13,NYC,88.0,88.0,noaa_nws_daily_tmax,C:/Weather Trading/Kalshi-Weather-Trading/data/raw/nws_daily).csv,USW00094728,"NY CITY CENTRAL PARK, NY US"
2023-08-14,NYC,87.0,87.0,noaa_nws_daily_tmax,C:/Weather Trading/Kalshi-Weather-Trading/data/raw/nws_daily).csv,USW00094728,"NY CITY CENTRAL PARK, NY US"
2023-08-15,NYC,80.0,80.0,noaa_nws_daily_tmax,C:/Weather Trading/Kalshi-Weather-Trading/data/raw/nws_daily).csv,USW00094728,"NY CITY CENTRAL PARK, NY US"
2023-08-16,NYC,82.0,82.0,noaa_nws_daily_tmax,C:/Weather Trading/Kalshi-Weather-Trading/data/raw/nws_daily).csv,USW00094728,"NY CITY CENTRAL PARK, NY US"
2023-08-17,NYC,79.0,79.0,noaa_nws_daily_tmax,C:/Weather Trading/Kalshi-Weather-Trading/data/raw/nws_daily).csv,USW00094728,"NY CITY CENTRAL PARK, NY US"
2023-08-18,NYC,80.0,80.0,noaa_nws_daily_tmax,C:/Weather Trading/Kalshi-Weather-Trading/data/raw/nws_daily).csv,USW00094728,"NY CITY CENTRAL PARK, NY US"
2023-08-19,NYC,78.0,78.0,noaa_nws_daily_tmax,C:/Weather Trading/Kalshi-Weather-Trading/data/raw/nws_daily).csv,USW00094728,"NY CITY CENTRAL PARK, NY US"
2023-08-20,NYC,85.0,85.0,noaa_nws_daily_tmax,C:/Weather Trading/Kalshi-Weather-Trading/data/raw/nws_daily).csv,USW00094728,"NY CITY CENTRAL PARK, NY US"
2023-08-21,NYC,88.0,88.0,noaa_nws_daily_tmax,C:/Weather Trading/Kalshi-Weather-Trading/data/raw/nws_daily).csv,USW00094728,"NY CITY CENTRAL PARK, NY US"
2023-08-22,NYC,79.0,79.0,noaa_nws_daily_tmax,C:/Weather Trading/Kalshi-Weather-Trading/data/raw/nws_daily).csv,USW00094728,"NY CITY CENTRAL PARK, NY US"
2023-08-23,NYC,80.0,80.0,noaa_nws_daily_tmax,C:/Weather Trading/Kalshi-Weather-Trading/data/raw/nws_daily).csv,USW00094728,"NY CITY CENTRAL PARK, NY US"
2023-08-24,NYC,73.0,73.0,noaa_nws_daily_tmax,C:/Weather Trading/Kalshi-Weather-Trading/data/raw/nws_daily).csv,USW00094728,"NY CITY CENTRAL PARK, NY US"
2023-08-25,NYC,78.0,78.0,noaa_nws_daily_tmax,C:/Weather Trading/Kalshi-Weather-Trading/data/raw/nws_daily).csv,USW00094728,"NY CITY CENTRAL PARK, NY US"
2023-08-26,NYC,84.0,84.0,noaa_nws_daily_tmax,C:/Weather Trading/Kalshi-Weather-Trading/data/raw/nws_daily).csv,USW00094728,"NY CITY CENTRAL PARK, NY US"
2023-08-27,NYC,84.0,84.0,noaa_nws_daily_tmax,C:/Weather Trading/Kalshi-Weather-Trading/data/raw/nws_daily).csv,USW00094728,"NY CITY CENTRAL PARK, NY US"
2023-08-28,NYC,76.0,76.0,noaa_nws_daily_tmax,C:/Weather Trading/Kalshi-Weather-Trading/data/raw/nws_daily).csv,USW00094728,"NY CITY CENTRAL PARK, NY US"
2023-08-29,NYC,80.0,80.0,noaa_nws_daily_tmax,C:/Weather Trading/Kalshi-Weather-Trading/data/raw/nws_daily).csv,USW00094728,"NY CITY CENTRAL PARK, NY US"
2023-08-30,NYC,83.0,83.0,noaa_nws_daily_tmax,C:/Weather Trading/Kalshi-Weather-Trading/data/raw/nws_daily).csv,USW00094728,"NY CITY CENTRAL PARK, NY US"
2023-08-31,NYC,77.0,77.0,noaa_nws_daily_tmax,C:/Weather Trading/Kalshi-Weather-Trading/data/raw/nws_daily).csv,USW00094728,"NY CITY CENTRAL PARK, NY US"
2023-09-01,NYC,76.0,76.0,noaa_nws_daily_tmax,C:/Weather Trading/Kalshi-Weather-Trading/data/raw/nws_daily).csv,USW00094728,"NY CITY CENTRAL PARK, NY US"
2023-09-02,NYC,79.0,79.0,noaa_nws_daily_tmax,C:/Weather Trading/Kalshi-Weather-Trading/data/raw/nws_daily).csv,USW00094728,"NY CITY CENTRAL PARK, NY US"
2023-09-03,NYC,88.0,88.0,noaa_nws_daily_tmax,C:/Weather Trading/Kalshi-Weather-Trading/data/raw/nws_daily).csv,USW00094728,"NY CITY CENTRAL PARK, NY US"
2023-09-04,NYC,89.0,89.0,noaa_nws_daily_tmax,C:/Weather Trading/Kalshi-Weather-Trading/data/raw/nws_daily).csv,USW00094728,"NY CITY CENTRAL PARK, NY US"
2023-09-05,NYC,92.0,92.0,noaa_nws_daily_tmax,C:/Weather Trading/Kalshi-Weather-Trading/data/raw/nws_daily).csv,USW00094728,"NY CITY CENTRAL PARK, NY US"
2023-09-06,NYC,93.0,93.0,noaa_nws_daily_tmax,C:/Weather Trading/Kalshi-Weather-Trading/data/raw/nws_daily).csv,USW00094728,"NY CITY CENTRAL PARK, NY US"
2023-09-07,NYC,93.0,93.0,noaa_nws_daily_tmax,C:/Weather Trading/Kalshi-Weather-Trading/data/raw/nws_daily).csv,USW00094728,"NY CITY CENTRAL PARK, NY US"
2023-09-08,NYC,90.0,90.0,noaa_nws_daily_tmax,C:/Weather Trading/Kalshi-Weather-Trading/data/raw/nws_daily).csv,USW00094728,"NY CITY CENTRAL PARK, NY US"
2023-09-09,NYC,84.0,84.0,noaa_nws_daily_tmax,C:/Weather Trading/Kalshi-Weather-Trading/data/raw/nws_daily).csv,USW00094728,"NY CITY CENTRAL PARK, NY US"
2023-09-10,NYC,77.0,77.0,noaa_nws_daily_tmax,C:/Weather Trading/Kalshi-Weather-Trading/data/raw/nws_daily).csv,USW00094728,"NY CITY CENTRAL PARK, NY US"
2023-09-11,NYC,82.0,82.0,noaa_nws_daily_tmax,C:/Weather Trading/Kalshi-Weather-Trading/data/raw/nws_daily).csv,USW00094728,"NY CITY CENTRAL PARK, NY US"
2023-09-12,NYC,82.0,82.0,noaa_nws_daily_tmax,C:/Weather Trading/Kalshi-Weather-Trading/data/raw/nws_daily).csv,USW00094728,"NY CITY CENTRAL PARK, NY US"
2023-09-13,NYC,79.0,79.0,noaa_nws_daily_tmax,C:/Weather Trading/Kalshi-Weather-Trading/data/raw/nws_daily).csv,USW00094728,"NY CITY CENTRAL PARK, NY US"
2023-09-14,NYC,77.0,77.0,noaa_nws_daily_tmax,C:/Weather Trading/Kalshi-Weather-Trading/data/raw/nws_daily).csv,USW00094728,"NY CITY CENTRAL PARK, NY US"
2023-09-15,NYC,69.0,69.0,noaa_nws_daily_tmax,C:/Weather Trading/Kalshi-Weather-Trading/data/raw/nws_daily).csv,USW00094728,"NY CITY CENTRAL PARK, NY US"
2023-09-16,NYC,75.0,75.0,noaa_nws_daily_tmax,C:/Weather Trading/Kalshi-Weather-Trading/data/raw/nws_daily).csv,USW00094728,"NY CITY CENTRAL PARK, NY US"
2023-09-17,NYC,77.0,77.0,noaa_nws_daily_tmax,C:/Weather Trading/Kalshi-Weather-Trading/data/raw/nws_daily).csv,USW00094728,"NY CITY CENTRAL PARK, NY US"
2023-09-18,NYC,68.0,68.0,noaa_nws_daily_tmax,C:/Weather Trading/Kalshi-Weather-Trading/data/raw/nws_daily).csv,USW00094728,"NY CITY CENTRAL PARK, NY US"
2023-09-19,NYC,72.0,72.0,noaa_nws_daily_tmax,C:/Weather Trading/Kalshi-Weather-Trading/data/raw/nws_daily).csv,USW00094728,"NY CITY CENTRAL PARK, NY US"
2023-09-20,NYC,74.0,74.0,noaa_nws_daily_tmax,C:/Weather Trading/Kalshi-Weather-Trading/data/raw/nws_daily).csv,USW00094728,"NY CITY CENTRAL PARK, NY US"
2023-09-21,NYC,71.0,71.0,noaa_nws_daily_tmax,C:/Weather Trading/Kalshi-Weather-Trading/data/raw/nws_daily).csv,USW00094728,"NY CITY CENTRAL PARK, NY US"
2023-09-22,NYC,71.0,71.0,noaa_nws_daily_tmax,C:/Weather Trading/Kalshi-Weather-Trading/data/raw/nws_daily).csv,USW00094728,"NY CITY CENTRAL PARK, NY US"
2023-09-23,NYC,63.0,63.0,noaa_nws_daily_tmax,C:/Weather Trading/Kalshi-Weather-Trading/data/raw/nws_daily).csv,USW00094728,"NY CITY CENTRAL PARK, NY US"
2023-09-24,NYC,66.0,66.0,noaa_nws_daily_tmax,C:/Weather Trading/Kalshi-Weather-Trading/data/raw/nws_daily).csv,USW00094728,"NY CITY CENTRAL PARK, NY US"
2023-09-25,NYC,66.0,66.0,noaa_nws_daily_tmax,C:/Weather Trading/Kalshi-Weather-Trading/data/raw/nws_daily).csv,USW00094728,"NY CITY CENTRAL PARK, NY US"
2023-09-26,NYC,60.0,60.0,noaa_nws_daily_tmax,C:/Weather Trading/Kalshi-Weather-Trading/data/raw/nws_daily).csv,USW00094728,"NY CITY CENTRAL PARK, NY US"
2023-09-27,NYC,64.0,64.0,noaa_nws_daily_tmax,C:/Weather Trading/Kalshi-Weather-Trading/data/raw/nws_daily).csv,USW00094728,"NY CITY CENTRAL PARK, NY US"
2023-09-28,NYC,65.0,65.0,noaa_nws_daily_tmax,C:/Weather Trading/Kalshi-Weather-Trading/data/raw/nws_daily).csv,USW00094728,"NY CITY CENTRAL PARK, NY US"
2023-09-29,NYC,63.0,63.0,noaa_nws_daily_tmax,C:/Weather Trading/Kalshi-Weather-Trading/data/raw/nws_daily).csv,USW00094728,"NY CITY CENTRAL PARK, NY US"
2023-09-30,NYC,66.0,66.0,noaa_nws_daily_tmax,C:/Weather Trading/Kalshi-Weather-Trading/data/raw/nws_daily).csv,USW00094728,"NY CITY CENTRAL PARK, NY US"
2023-10-01,NYC,76.0,76.0,noaa_nws_daily_tmax,C:/Weather Trading/Kalshi-Weather-Trading/data/raw/nws_daily).csv,USW00094728,"NY CITY CENTRAL PARK, NY US"
2023-10-02,NYC,77.0,77.0,noaa_nws_daily_tmax,C:/Weather Trading/Kalshi-Weather-Trading/data/raw/nws_daily).csv,USW00094728,"NY CITY CENTRAL PARK, NY US"
2023-10-03,NYC,80.0,80.0,noaa_nws_daily_tmax,C:/Weather Trading/Kalshi-Weather-Trading/data/raw/nws_daily).csv,USW00094728,"NY CITY CENTRAL PARK, NY US"
2023-10-04,NYC,83.0,83.0,noaa_nws_daily_tmax,C:/Weather Trading/Kalshi-Weather-Trading/data/raw/nws_daily).csv,USW00094728,"NY CITY CENTRAL PARK, NY US"
2023-10-05,NYC,77.0,77.0,noaa_nws_daily_tmax,C:/Weather Trading/Kalshi-Weather-Trading/data/raw/nws_daily).csv,USW00094728,"NY CITY CENTRAL PARK, NY US"
2023-10-06,NYC,71.0,71.0,noaa_nws_daily_tmax,C:/Weather Trading/Kalshi-Weather-Trading/data/raw/nws_daily).csv,USW00094728,"NY CITY CENTRAL PARK, NY US"
2023-10-07,NYC,69.0,69.0,noaa_nws_daily_tmax,C:/Weather Trading/Kalshi-Weather-Trading/data/raw/nws_daily).csv,USW00094728,"NY CITY CENTRAL PARK, NY US"
2023-10-08,NYC,59.0,59.0,noaa_nws_daily_tmax,C:/Weather Trading/Kalshi-Weather-Trading/data/raw/nws_daily).csv,USW00094728,"NY CITY CENTRAL PARK, NY US"
2023-10-09,NYC,60.0,60.0,noaa_nws_daily_tmax,C:/Weather Trading/Kalshi-Weather-Trading/data/raw/nws_daily).csv,USW00094728,"NY CITY CENTRAL PARK, NY US"
2023-10-10,NYC,63.0,63.0,noaa_nws_daily_tmax,C:/Weather Trading/Kalshi-Weather-Trading/data/raw/nws_daily).csv,USW00094728,"NY CITY CENTRAL PARK, NY US"
2023-10-11,NYC,69.0,69.0,noaa_nws_daily_tmax,C:/Weather Trading/Kalshi-Weather-Trading/data/raw/nws_daily).csv,USW00094728,"NY CITY CENTRAL PARK, NY US"
2023-10-12,NYC,69.0,69.0,noaa_nws_daily_tmax,C:/Weather Trading/Kalshi-Weather-Trading/data/raw/nws_daily).csv,USW00094728,"NY CITY CENTRAL PARK, NY US"
2023-10-13,NYC,63.0,63.0,noaa_nws_daily_tmax,C:/Weather Trading/Kalshi-Weather-Trading/data/raw/nws_daily).csv,USW00094728,"NY CITY CENTRAL PARK, NY US"
2023-10-14,NYC,56.0,56.0,noaa_nws_daily_tmax,C:/Weather Trading/Kalshi-Weather-Trading/data/raw/nws_daily).csv,USW00094728,"NY CITY CENTRAL PARK, NY US"
2023-10-15,NYC,60.0,60.0,noaa_nws_daily_tmax,C:/Weather Trading/Kalshi-Weather-Trading/data/raw/nws_daily).csv,USW00094728,"NY CITY CENTRAL PARK, NY US"
2023-10-16,NYC,63.0,63.0,noaa_nws_daily_tmax,C:/Weather Trading/Kalshi-Weather-Trading/data/raw/nws_daily).csv,USW00094728,"NY CITY CENTRAL PARK, NY US"
2023-10-17,NYC,61.0,61.0,noaa_nws_daily_tmax,C:/Weather Trading/Kalshi-Weather-Trading/data/raw/nws_daily).csv,USW00094728,"NY CITY CENTRAL PARK, NY US"
2023-10-18,NYC,63.0,63.0,noaa_nws_daily_tmax,C:/Weather Trading/Kalshi-Weather-Trading/data/raw/nws_daily).csv,USW00094728,"NY CITY CENTRAL PARK, NY US"
2023-10-19,NYC,64.0,64.0,noaa_nws_daily_tmax,C:/Weather Trading/Kalshi-Weather-Trading/data/raw/nws_daily).csv,USW00094728,"NY CITY CENTRAL PARK, NY US"
2023-10-20,NYC,63.0,63.0,noaa_nws_daily_tmax,C:/Weather Trading/Kalshi-Weather-Trading/data/raw/nws_daily).csv,USW00094728,"NY CITY CENTRAL PARK, NY US"
2023-10-21,NYC,63.0,63.0,noaa_nws_daily_tmax,C:/Weather Trading/Kalshi-Weather-Trading/data/raw/nws_daily).csv,USW00094728,"NY CITY CENTRAL PARK, NY US"
2023-10-22,NYC,57.0,57.0,noaa_nws_daily_tmax,C:/Weather Trading/Kalshi-Weather-Trading/data/raw/nws_daily).csv,USW00094728,"NY CITY CENTRAL PARK, NY US"
2023-10-23,NYC,60.0,60.0,noaa_nws_daily_tmax,C:/Weather Trading/Kalshi-Weather-Trading/data/raw/nws_daily).csv,USW00094728,"NY CITY CENTRAL PARK, NY US"
2023-10-24,NYC,65.0,65.0,noaa_nws_daily_tmax,C:/Weather Trading/Kalshi-Weather-Trading/data/raw/nws_daily).csv,USW00094728,"NY CITY CENTRAL PARK, NY US"
2023-10-25,NYC,72.0,72.0,noaa_nws_daily_tmax,C:/Weather Trading/Kalshi-Weather-Trading/data/raw/nws_daily).csv,USW00094728,"NY CITY CENTRAL PARK, NY US"
2023-10-26,NYC,77.0,77.0,noaa_nws_daily_tmax,C:/Weather Trading/Kalshi-Weather-Trading/data/raw/nws_daily).csv,USW00094728,"NY CITY CENTRAL PARK, NY US"
2023-10-27,NYC,74.0,74.0,noaa_nws_daily_tmax,C:/Weather Trading/Kalshi-Weather-Trading/data/raw/nws_daily).csv,USW00094728,"NY CITY CENTRAL PARK, NY US"
2023-10-28,NYC,80.0,80.0,noaa_nws_daily_tmax,C:/Weather Trading/Kalshi-Weather-Trading/data/raw/nws_daily).csv,USW00094728,"NY CITY CENTRAL PARK, NY US"
2023-10-29,NYC,63.0,63.0,noaa_nws_daily_tmax,C:/Weather Trading/Kalshi-Weather-Trading/data/raw/nws_daily).csv,USW00094728,"NY CITY CENTRAL PARK, NY US"
2023-10-30,NYC,60.0,60.0,noaa_nws_daily_tmax,C:/Weather Trading/Kalshi-Weather-Trading/data/raw/nws_daily).csv,USW00094728,"NY CITY CENTRAL PARK, NY US"
2023-10-31,NYC,51.0,51.0,noaa_nws_daily_tmax,C:/Weather Trading/Kalshi-Weather-Trading/data/raw/nws_daily).csv,USW00094728,"NY CITY CENTRAL PARK, NY US"
2023-11-01,NYC,49.0,49.0,noaa_nws_daily_tmax,C:/Weather Trading/Kalshi-Weather-Trading/data/raw/nws_daily).csv,USW00094728,"NY CITY CENTRAL PARK, NY US"
2023-11-02,NYC,48.0,48.0,noaa_nws_daily_tmax,C:/Weather Trading/Kalshi-Weather-Trading/data/raw/nws_daily).csv,USW00094728,"NY CITY CENTRAL PARK, NY US"
2023-11-03,NYC,55.0,55.0,noaa_nws_daily_tmax,C:/Weather Trading/Kalshi-Weather-Trading/data/raw/nws_daily).csv,USW00094728,"NY CITY CENTRAL PARK, NY US"
2023-11-04,NYC,61.0,61.0,noaa_nws_daily_tmax,C:/Weather Trading/Kalshi-Weather-Trading/data/raw/nws_daily).csv,USW00094728,"NY CITY CENTRAL PARK, NY US"
2023-11-05,NYC,65.0,65.0,noaa_nws_daily_tmax,C:/Weather Trading/Kalshi-Weather-Trading/data/raw/nws_daily).csv,USW00094728,"NY CITY CENTRAL PARK, NY US"
2023-11-06,NYC,56.0,56.0,noaa_nws_daily_tmax,C:/Weather Trading/Kalshi-Weather-Trading/data/raw/nws_daily).csv,USW00094728,"NY CITY CENTRAL PARK, NY US"
2023-11-07,NYC,64.0,64.0,noaa_nws_daily_tmax,C:/Weather Trading/Kalshi-Weather-Trading/data/raw/nws_daily).csv,USW00094728,"NY CITY CENTRAL PARK, NY US"
2023-11-08,NYC,54.0,54.0,noaa_nws_daily_tmax,C:/Weather Trading/Kalshi-Weather-Trading/data/raw/nws_daily).csv,USW00094728,"NY CITY CENTRAL PARK, NY US"
2023-11-09,NYC,57.0,57.0,noaa_nws_daily_tmax,C:/Weather Trading/Kalshi-Weather-Trading/data/raw/nws_daily).csv,USW00094728,"NY CITY CENTRAL PARK, NY US"
2023-11-10,NYC,53.0,53.0,noaa_nws_daily_tmax,C:/Weather Trading/Kalshi-Weather-Trading/data/raw/nws_daily).csv,USW00094728,"NY CITY CENTRAL PARK, NY US"
2023-11-11,NYC,55.0,55.0,noaa_nws_daily_tmax,C:/Weather Trading/Kalshi-Weather-Trading/data/raw/nws_daily).csv,USW00094728,"NY CITY CENTRAL PARK, NY US"
2023-11-12,NYC,44.0,44.0,noaa_nws_daily_tmax,C:/Weather Trading/Kalshi-Weather-Trading/data/raw/nws_daily).csv,USW00094728,"NY CITY CENTRAL PARK, NY US"
2023-11-13,NYC,49.0,49.0,noaa_nws_daily_tmax,C:/Weather Trading/Kalshi-Weather-Trading/data/raw/nws_daily).csv,USW00094728,"NY CITY CENTRAL PARK, NY US"
2023-11-14,NYC,53.0,53.0,noaa_nws_daily_tmax,C:/Weather Trading/Kalshi-Weather-Trading/data/raw/nws_daily).csv,USW00094728,"NY CITY CENTRAL PARK, NY US"
2023-11-15,NYC,53.0,53.0,noaa_nws_daily_tmax,C:/Weather Trading/Kalshi-Weather-Trading/data/raw/nws_daily).csv,USW00094728,"NY CITY CENTRAL PARK, NY US"
2023-11-16,NYC,65.0,65.0,noaa_nws_daily_tmax,C:/Weather Trading/Kalshi-Weather-Trading/data/raw/nws_daily).csv,USW00094728,"NY CITY CENTRAL PARK, NY US"
2023-11-17,NYC,67.0,67.0,noaa_nws_daily_tmax,C:/Weather Trading/Kalshi-Weather-Trading/data/raw/nws_daily).csv,USW00094728,"NY CITY CENTRAL PARK, NY US"
2023-11-18,NYC,63.0,63.0,noaa_nws_daily_tmax,C:/Weather Trading/Kalshi-Weather-Trading/data/raw/nws_daily).csv,USW00094728,"NY CITY CENTRAL PARK, NY US"
2023-11-19,NYC,55.0,55.0,noaa_nws_daily_tmax,C:/Weather Trading/Kalshi-Weather-Trading/data/raw/nws_daily).csv,USW00094728,"NY CITY CENTRAL PARK, NY US"
2023-11-20,NYC,46.0,46.0,noaa_nws_daily_tmax,C:/Weather Trading/Kalshi-Weather-Trading/data/raw/nws_daily).csv,USW00094728,"NY CITY CENTRAL PARK, NY US"
2023-11-21,NYC,48.0,48.0,noaa_nws_daily_tmax,C:/Weather Trading/Kalshi-Weather-Trading/data/raw/nws_daily).csv,USW00094728,"NY CITY CENTRAL PARK, NY US"
2023-11-22,NYC,54.0,54.0,noaa_nws_daily_tmax,C:/Weather Trading/Kalshi-Weather-Trading/data/raw/nws_daily).csv,USW00094728,"NY CITY CENTRAL PARK, NY US"
2023-11-23,NYC,52.0,52.0,noaa_nws_daily_tmax,C:/Weather Trading/Kalshi-Weather-Trading/data/raw/nws_daily).csv,USW00094728,"NY CITY CENTRAL PARK, NY US"
2023-11-24,NYC,51.0,51.0,noaa_nws_daily_tmax,C:/Weather Trading/Kalshi-Weather-Trading/data/raw/nws_daily).csv,USW00094728,"NY CITY CENTRAL PARK, NY US"
2023-11-25,NYC,40.0,40.0,noaa_nws_daily_tmax,C:/Weather Trading/Kalshi-Weather-Trading/data/raw/nws_daily).csv,USW00094728,"NY CITY CENTRAL PARK, NY US"
2023-11-26,NYC,56.0,56.0,noaa_nws_daily_tmax,C:/Weather Trading/Kalshi-Weather-Trading/data/raw/nws_daily).csv,USW00094728,"NY CITY CENTRAL PARK, NY US"
2023-11-27,NYC,56.0,56.0,noaa_nws_daily_tmax,C:/Weather Trading/Kalshi-Weather-Trading/data/raw/nws_daily).csv,USW00094728,"NY CITY CENTRAL PARK, NY US"
2023-11-28,NYC,41.0,41.0,noaa_nws_daily_tmax,C:/Weather Trading/Kalshi-Weather-Trading/data/raw/nws_daily).csv,USW00094728,"NY CITY CENTRAL PARK, NY US"
2023-11-29,NYC,38.0,38.0,noaa_nws_daily_tmax,C:/Weather Trading/Kalshi-Weather-Trading/data/raw/nws_daily).csv,USW00094728,"NY CITY CENTRAL PARK, NY US"
2023-11-30,NYC,51.0,51.0,noaa_nws_daily_tmax,C:/Weather Trading/Kalshi-Weather-Trading/data/raw/nws_daily).csv,USW00094728,"NY CITY CENTRAL PARK, NY US"
2023-12-01,NYC,51.0,51.0,noaa_nws_daily_tmax,C:/Weather Trading/Kalshi-Weather-Trading/data/raw/nws_daily).csv,USW00094728,"NY CITY CENTRAL PARK, NY US"
2023-12-02,NYC,60.0,60.0,noaa_nws_daily_tmax,C:/Weather Trading/Kalshi-Weather-Trading/data/raw/nws_daily).csv,USW00094728,"NY CITY CENTRAL PARK, NY US"
2023-12-03,NYC,53.0,53.0,noaa_nws_daily_tmax,C:/Weather Trading/Kalshi-Weather-Trading/data/raw/nws_daily).csv,USW00094728,"NY CITY CENTRAL PARK, NY US"
2023-12-04,NYC,54.0,54.0,noaa_nws_daily_tmax,C:/Weather Trading/Kalshi-Weather-Trading/data/raw/nws_daily).csv,USW00094728,"NY CITY CENTRAL PARK, NY US"
2023-12-05,NYC,43.0,43.0,noaa_nws_daily_tmax,C:/Weather Trading/Kalshi-Weather-Trading/data/raw/nws_daily).csv,USW00094728,"NY CITY CENTRAL PARK, NY US"
2023-12-06,NYC,43.0,43.0,noaa_nws_daily_tmax,C:/Weather Trading/Kalshi-Weather-Trading/data/raw/nws_daily).csv,USW00094728,"NY CITY CENTRAL PARK, NY US"
2023-12-07,NYC,39.0,39.0,noaa_nws_daily_tmax,C:/Weather Trading/Kalshi-Weather-Trading/data/raw/nws_daily).csv,USW00094728,"NY CITY CENTRAL PARK, NY US"
2023-12-08,NYC,51.0,51.0,noaa_nws_daily_tmax,C:/Weather Trading/Kalshi-Weather-Trading/data/raw/nws_daily).csv,USW00094728,"NY CITY CENTRAL PARK, NY US"
2023-12-09,NYC,59.0,59.0,noaa_nws_daily_tmax,C:/Weather Trading/Kalshi-Weather-Trading/data/raw/nws_daily).csv,USW00094728,"NY CITY CENTRAL PARK, NY US"
2023-12-10,NYC,61.0,61.0,noaa_nws_daily_tmax,C:/Weather Trading/Kalshi-Weather-Trading/data/raw/nws_daily).csv,USW00094728,"NY CITY CENTRAL PARK, NY US"
2023-12-11,NYC,50.0,50.0,noaa_nws_daily_tmax,C:/Weather Trading/Kalshi-Weather-Trading/data/raw/nws_daily).csv,USW00094728,"NY CITY CENTRAL PARK, NY US"
2023-12-12,NYC,44.0,44.0,noaa_nws_daily_tmax,C:/Weather Trading/Kalshi-Weather-Trading/data/raw/nws_daily).csv,USW00094728,"NY CITY CENTRAL PARK, NY US"
2023-12-13,NYC,47.0,47.0,noaa_nws_daily_tmax,C:/Weather Trading/Kalshi-Weather-Trading/data/raw/nws_daily).csv,USW00094728,"NY CITY CENTRAL PARK, NY US"
2023-12-14,NYC,41.0,41.0,noaa_nws_daily_tmax,C:/Weather Trading/Kalshi-Weather-Trading/data/raw/nws_daily).csv,USW00094728,"NY CITY CENTRAL PARK, NY US"
2023-12-15,NYC,58.0,58.0,noaa_nws_daily_tmax,C:/Weather Trading/Kalshi-Weather-Trading/data/raw/nws_daily).csv,USW00094728,"NY CITY CENTRAL PARK, NY US"
2023-12-16,NYC,54.0,54.0,noaa_nws_daily_tmax,C:/Weather Trading/Kalshi-Weather-Trading/data/raw/nws_daily).csv,USW00094728,"NY CITY CENTRAL PARK, NY US"
2023-12-17,NYC,59.0,59.0,noaa_nws_daily_tmax,C:/Weather Trading/Kalshi-Weather-Trading/data/raw/nws_daily).csv,USW00094728,"NY CITY CENTRAL PARK, NY US"
2023-12-18,NYC,62.0,62.0,noaa_nws_daily_tmax,C:/Weather Trading/Kalshi-Weather-Trading/data/raw/nws_daily).csv,USW00094728,"NY CITY CENTRAL PARK, NY US"
2023-12-19,NYC,44.0,44.0,noaa_nws_daily_tmax,C:/Weather Trading/Kalshi-Weather-Trading/data/raw/nws_daily).csv,USW00094728,"NY CITY CENTRAL PARK, NY US"
2023-12-20,NYC,46.0,46.0,noaa_nws_daily_tmax,C:/Weather Trading/Kalshi-Weather-Trading/data/raw/nws_daily).csv,USW00094728,"NY CITY CENTRAL PARK, NY US"
2023-12-21,NYC,42.0,42.0,noaa_nws_daily_tmax,C:/Weather Trading/Kalshi-Weather-Trading/data/raw/nws_daily).csv,USW00094728,"NY CITY CENTRAL PARK, NY US"
2023-12-22,NYC,37.0,37.0,noaa_nws_daily_tmax,C:/Weather Trading/Kalshi-Weather-Trading/data/raw/nws_daily).csv,USW00094728,"NY CITY CENTRAL PARK, NY US"
2023-12-23,NYC,44.0,44.0,noaa_nws_daily_tmax,C:/Weather Trading/Kalshi-Weather-Trading/data/raw/nws_daily).csv,USW00094728,"NY CITY CENTRAL PARK, NY US"
2023-12-24,NYC,49.0,49.0,noaa_nws_daily_tmax,C:/Weather Trading/Kalshi-Weather-Trading/data/raw/nws_daily).csv,USW00094728,"NY CITY CENTRAL PARK, NY US"
2023-12-25,NYC,49.0,49.0,noaa_nws_daily_tmax,C:/Weather Trading/Kalshi-Weather-Trading/data/raw/nws_daily).csv,USW00094728,"NY CITY CENTRAL PARK, NY US"
2023-12-26,NYC,51.0,51.0,noaa_nws_daily_tmax,C:/Weather Trading/Kalshi-Weather-Trading/data/raw/nws_daily).csv,USW00094728,"NY CITY CENTRAL PARK, NY US"
2023-12-27,NYC,50.0,50.0,noaa_nws_daily_tmax,C:/Weather Trading/Kalshi-Weather-Trading/data/raw/nws_daily).csv,USW00094728,"NY CITY CENTRAL PARK, NY US"
2023-12-28,NYC,55.0,55.0,noaa_nws_daily_tmax,C:/Weather Trading/Kalshi-Weather-Trading/data/raw/nws_daily).csv,USW00094728,"NY CITY CENTRAL PARK, NY US"
2023-12-29,NYC,55.0,55.0,noaa_nws_daily_tmax,C:/Weather Trading/Kalshi-Weather-Trading/data/raw/nws_daily).csv,USW00094728,"NY CITY CENTRAL PARK, NY US"
2023-12-30,NYC,46.0,46.0,noaa_nws_daily_tmax,C:/Weather Trading/Kalshi-Weather-Trading/data/raw/nws_daily).csv,USW00094728,"NY CITY CENTRAL PARK, NY US"
2023-12-31,NYC,43.0,43.0,noaa_nws_daily_tmax,C:/Weather Trading/Kalshi-Weather-Trading/data/raw/nws_daily).csv,USW00094728,"NY CITY CENTRAL PARK, NY US"
2024-01-01,NYC,47.0,47.0,noaa_nws_daily_tmax,C:/Weather Trading/Kalshi-Weather-Trading/data/raw/nws_daily).csv,USW00094728,"NY CITY CENTRAL PARK, NY US"
2024-01-02,NYC,42.0,42.0,noaa_nws_daily_tmax,C:/Weather Trading/Kalshi-Weather-Trading/data/raw/nws_daily).csv,USW00094728,"NY CITY CENTRAL PARK, NY US"
2024-01-03,NYC,43.0,43.0,noaa_nws_daily_tmax,C:/Weather Trading/Kalshi-Weather-Trading/data/raw/nws_daily).csv,USW00094728,"NY CITY CENTRAL PARK, NY US"
2024-01-04,NYC,45.0,45.0,noaa_nws_daily_tmax,C:/Weather Trading/Kalshi-Weather-Trading/data/raw/nws_daily).csv,USW00094728,"NY CITY CENTRAL PARK, NY US"
2024-01-05,NYC,37.0,37.0,noaa_nws_daily_tmax,C:/Weather Trading/Kalshi-Weather-Trading/data/raw/nws_daily).csv,USW00094728,"NY CITY CENTRAL PARK, NY US"
2024-01-06,NYC,38.0,38.0,noaa_nws_daily_tmax,C:/Weather Trading/Kalshi-Weather-Trading/data/raw/nws_daily).csv,USW00094728,"NY CITY CENTRAL PARK, NY US"
2024-01-07,NYC,38.0,38.0,noaa_nws_daily_tmax,C:/Weather Trading/Kalshi-Weather-Trading/data/raw/nws_daily).csv,USW00094728,"NY CITY CENTRAL PARK, NY US"
2024-01-08,NYC,45.0,45.0,noaa_nws_daily_tmax,C:/Weather Trading/Kalshi-Weather-Trading/data/raw/nws_daily).csv,USW00094728,"NY CITY CENTRAL PARK, NY US"
2024-01-09,NYC,57.0,57.0,noaa_nws_daily_tmax,C:/Weather Trading/Kalshi-Weather-Trading/data/raw/nws_daily).csv,USW00094728,"NY CITY CENTRAL PARK, NY US"
2024-01-10,NYC,57.0,57.0,noaa_nws_daily_tmax,C:/Weather Trading/Kalshi-Weather-Trading/data/raw/nws_daily).csv,USW00094728,"NY CITY CENTRAL PARK, NY US"
2024-01-11,NYC,47.0,47.0,noaa_nws_daily_tmax,C:/Weather Trading/Kalshi-Weather-Trading/data/raw/nws_daily).csv,USW00094728,"NY CITY CENTRAL PARK, NY US"
2024-01-12,NYC,50.0,50.0,noaa_nws_daily_tmax,C:/Weather Trading/Kalshi-Weather-Trading/data/raw/nws_daily).csv,USW00094728,"NY CITY CENTRAL PARK, NY US"
2024-01-13,NYC,60.0,60.0,noaa_nws_daily_tmax,C:/Weather Trading/Kalshi-Weather-Trading/data/raw/nws_daily).csv,USW00094728,"NY CITY CENTRAL PARK, NY US"
2024-01-14,NYC,44.0,44.0,noaa_nws_daily_tmax,C:/Weather Trading/Kalshi-Weather-Trading/data/raw/nws_daily).csv,USW00094728,"NY CITY CENTRAL PARK, NY US"
2024-01-15,NYC,29.0,29.0,noaa_nws_daily_tmax,C:/Weather Trading/Kalshi-Weather-Trading/data/raw/nws_daily).csv,USW00094728,"NY CITY CENTRAL PARK, NY US"
2024-01-16,NYC,32.0,32.0,noaa_nws_daily_tmax,C:/Weather Trading/Kalshi-Weather-Trading/data/raw/nws_daily).csv,USW00094728,"NY CITY CENTRAL PARK, NY US"
2024-01-17,NYC,24.0,24.0,noaa_nws_daily_tmax,C:/Weather Trading/Kalshi-Weather-Trading/data/raw/nws_daily).csv,USW00094728,"NY CITY CENTRAL PARK, NY US"
2024-01-18,NYC,34.0,34.0,noaa_nws_daily_tmax,C:/Weather Trading/Kalshi-Weather-Trading/data/raw/nws_daily).csv,USW00094728,"NY CITY CENTRAL PARK, NY US"
2024-01-19,NYC,32.0,32.0,noaa_nws_daily_tmax,C:/Weather Trading/Kalshi-Weather-Trading/data/raw/nws_daily).csv,USW00094728,"NY CITY CENTRAL PARK, NY US"
2024-01-20,NYC,26.0,26.0,noaa_nws_daily_tmax,C:/Weather Trading/Kalshi-Weather-Trading/data/raw/nws_daily).csv,USW00094728,"NY CITY CENTRAL PARK, NY US"
2024-01-21,NYC,31.0,31.0,noaa_nws_daily_tmax,C:/Weather Trading/Kalshi-Weather-Trading/data/raw/nws_daily).csv,USW00094728,"NY CITY CENTRAL PARK, NY US"
2024-01-22,NYC,38.0,38.0,noaa_nws_daily_tmax,C:/Weather Trading/Kalshi-Weather-Trading/data/raw/nws_daily).csv,USW00094728,"NY CITY CENTRAL PARK, NY US"
2024-01-23,NYC,40.0,40.0,noaa_nws_daily_tmax,C:/Weather Trading/Kalshi-Weather-Trading/data/raw/nws_daily).csv,USW00094728,"NY CITY CENTRAL PARK, NY US"
2024-01-24,NYC,48.0,48.0,noaa_nws_daily_tmax,C:/Weather Trading/Kalshi-Weather-Trading/data/raw/nws_daily).csv,USW00094728,"NY CITY CENTRAL PARK, NY US"
2024-01-25,NYC,59.0,59.0,noaa_nws_daily_tmax,C:/Weather Trading/Kalshi-Weather-Trading/data/raw/nws_daily).csv,USW00094728,"NY CITY CENTRAL PARK, NY US"
2024-01-26,NYC,46.0,46.0,noaa_nws_daily_tmax,C:/Weather Trading/Kalshi-Weather-Trading/data/raw/nws_daily).csv,USW00094728,"NY CITY CENTRAL PARK, NY US"
2024-01-27,NYC,49.0,49.0,noaa_nws_daily_tmax,C:/Weather Trading/Kalshi-Weather-Trading/data/raw/nws_daily).csv,USW00094728,"NY CITY CENTRAL PARK, NY US"
2024-01-28,NYC,44.0,44.0,noaa_nws_daily_tmax,C:/Weather Trading/Kalshi-Weather-Trading/data/raw/nws_daily).csv,USW00094728,"NY CITY CENTRAL PARK, NY US"
2024-01-29,NYC,40.0,40.0,noaa_nws_daily_tmax,C:/Weather Trading/Kalshi-Weather-Trading/data/raw/nws_daily).csv,USW00094728,"NY CITY CENTRAL PARK, NY US"
2024-01-30,NYC,38.0,38.0,noaa_nws_daily_tmax,C:/Weather Trading/Kalshi-Weather-Trading/data/raw/nws_daily).csv,USW00094728,"NY CITY CENTRAL PARK, NY US"
2024-01-31,NYC,40.0,40.0,noaa_nws_daily_tmax,C:/Weather Trading/Kalshi-Weather-Trading/data/raw/nws_daily).csv,USW00094728,"NY CITY CENTRAL PARK, NY US"
2024-02-01,NYC,46.0,46.0,noaa_nws_daily_tmax,C:/Weather Trading/Kalshi-Weather-Trading/data/raw/nws_daily).csv,USW00094728,"NY CITY CENTRAL PARK, NY US"
2024-02-02,NYC,46.0,46.0,noaa_nws_daily_tmax,C:/Weather Trading/Kalshi-Weather-Trading/data/raw/nws_daily).csv,USW00094728,"NY CITY CENTRAL PARK, NY US"
2024-02-03,NYC,43.0,43.0,noaa_nws_daily_tmax,C:/Weather Trading/Kalshi-Weather-Trading/data/raw/nws_daily).csv,USW00094728,"NY CITY CENTRAL PARK, NY US"
2024-02-04,NYC,46.0,46.0,noaa_nws_daily_tmax,C:/Weather Trading/Kalshi-Weather-Trading/data/raw/nws_daily).csv,USW00094728,"NY CITY CENTRAL PARK, NY US"
2024-02-05,NYC,45.0,45.0,noaa_nws_daily_tmax,C:/Weather Trading/Kalshi-Weather-Trading/data/raw/nws_daily).csv,USW00094728,"NY CITY CENTRAL PARK, NY US"
2024-02-06,NYC,42.0,42.0,noaa_nws_daily_tmax,C:/Weather Trading/Kalshi-Weather-Trading/data/raw/nws_daily).csv,USW00094728,"NY CITY CENTRAL PARK, NY US"
2024-02-07,NYC,48.0,48.0,noaa_nws_daily_tmax,C:/Weather Trading/Kalshi-Weather-Trading/data/raw/nws_daily).csv,USW00094728,"NY CITY CENTRAL PARK, NY US"
2024-02-08,NYC,53.0,53.0,noaa_nws_daily_tmax,C:/Weather Trading/Kalshi-Weather-Trading/data/raw/nws_daily).csv,USW00094728,"NY CITY CENTRAL PARK, NY US"
2024-02-09,NYC,55.0,55.0,noaa_nws_daily_tmax,C:/Weather Trading/Kalshi-Weather-Trading/data/raw/nws_daily).csv,USW00094728,"NY CITY CENTRAL PARK, NY US"
2024-02-10,NYC,60.0,60.0,noaa_nws_daily_tmax,C:/Weather Trading/Kalshi-Weather-Trading/data/raw/nws_daily).csv,USW00094728,"NY CITY CENTRAL PARK, NY US"
2024-02-11,NYC,56.0,56.0,noaa_nws_daily_tmax,C:/Weather Trading/Kalshi-Weather-Trading/data/raw/nws_daily).csv,USW00094728,"NY CITY CENTRAL PARK, NY US"
2024-02-12,NYC,48.0,48.0,noaa_nws_daily_tmax,C:/Weather Trading/Kalshi-Weather-Trading/data/raw/nws_daily).csv,USW00094728,"NY CITY CENTRAL PARK, NY US"
2024-02-13,NYC,41.0,41.0,noaa_nws_daily_tmax,C:/Weather Trading/Kalshi-Weather-Trading/data/raw/nws_daily).csv,USW00094728,"NY CITY CENTRAL PARK, NY US"
2024-02-14,NYC,38.0,38.0,noaa_nws_daily_tmax,C:/Weather Trading/Kalshi-Weather-Trading/data/raw/nws_daily).csv,USW00094728,"NY CITY CENTRAL PARK, NY US"
2024-02-15,NYC,39.0,39.0,noaa_nws_daily_tmax,C:/Weather Trading/Kalshi-Weather-Trading/data/raw/nws_daily).csv,USW00094728,"NY CITY CENTRAL PARK, NY US"
2024-02-16,NYC,43.0,43.0,noaa_nws_daily_tmax,C:/Weather Trading/Kalshi-Weather-Trading/data/raw/nws_daily).csv,USW00094728,"NY CITY CENTRAL PARK, NY US"
2024-02-17,NYC,36.0,36.0,noaa_nws_daily_tmax,C:/Weather Trading/Kalshi-Weather-Trading/data/raw/nws_daily).csv,USW00094728,"NY CITY CENTRAL PARK, NY US"
2024-02-18,NYC,40.0,40.0,noaa_nws_daily_tmax,C:/Weather Trading/Kalshi-Weather-Trading/data/raw/nws_daily).csv,USW00094728,"NY CITY CENTRAL PARK, NY US"
2024-02-19,NYC,41.0,41.0,noaa_nws_daily_tmax,C:/Weather Trading/Kalshi-Weather-Trading/data/raw/nws_daily).csv,USW00094728,"NY CITY CENTRAL PARK, NY US"
2024-02-20,NYC,40.0,40.0,noaa_nws_daily_tmax,C:/Weather Trading/Kalshi-Weather-Trading/data/raw/nws_daily).csv,USW00094728,"NY CITY CENTRAL PARK, NY US"
2024-02-21,NYC,43.0,43.0,noaa_nws_daily_tmax,C:/Weather Trading/Kalshi-Weather-Trading/data/raw/nws_daily).csv,USW00094728,"NY CITY CENTRAL PARK, NY US"
2024-02-22,NYC,45.0,45.0,noaa_nws_daily_tmax,C:/Weather Trading/Kalshi-Weather-Trading/data/raw/nws_daily).csv,USW00094728,"NY CITY CENTRAL PARK, NY US"
2024-02-23,NYC,47.0,47.0,noaa_nws_daily_tmax,C:/Weather Trading/Kalshi-Weather-Trading/data/raw/nws_daily).csv,USW00094728,"NY CITY CENTRAL PARK, NY US"
2024-02-24,NYC,44.0,44.0,noaa_nws_daily_tmax,C:/Weather Trading/Kalshi-Weather-Trading/data/raw/nws_daily).csv,USW00094728,"NY CITY CENTRAL PARK, NY US"
2024-02-25,NYC,41.0,41.0,noaa_nws_daily_tmax,C:/Weather Trading/Kalshi-Weather-Trading/data/raw/nws_daily).csv,USW00094728,"NY CITY CENTRAL PARK, NY US"
2024-02-26,NYC,55.0,55.0,noaa_nws_daily_tmax,C:/Weather Trading/Kalshi-Weather-Trading/data/raw/nws_daily).csv,USW00094728,"NY CITY CENTRAL PARK, NY US"
2024-02-27,NYC,55.0,55.0,noaa_nws_daily_tmax,C:/Weather Trading/Kalshi-Weather-Trading/data/raw/nws_daily).csv,USW00094728,"NY CITY CENTRAL PARK, NY US"
2024-02-28,NYC,62.0,62.0,noaa_nws_daily_tmax,C:/Weather Trading/Kalshi-Weather-Trading/data/raw/nws_daily).csv,USW00094728,"NY CITY CENTRAL PARK, NY US"
2024-02-29,NYC,43.0,43.0,noaa_nws_daily_tmax,C:/Weather Trading/Kalshi-Weather-Trading/data/raw/nws_daily).csv,USW00094728,"NY CITY CENTRAL PARK, NY US"
2024-03-01,NYC,48.0,48.0,noaa_nws_daily_tmax,C:/Weather Trading/Kalshi-Weather-Trading/data/raw/nws_daily).csv,USW00094728,"NY CITY CENTRAL PARK, NY US"
2024-03-02,NYC,55.0,55.0,noaa_nws_daily_tmax,C:/Weather Trading/Kalshi-Weather-Trading/data/raw/nws_daily).csv,USW00094728,"NY CITY CENTRAL PARK, NY US"
2024-03-03,NYC,68.0,68.0,noaa_nws_daily_tmax,C:/Weather Trading/Kalshi-Weather-Trading/data/raw/nws_daily).csv,USW00094728,"NY CITY CENTRAL PARK, NY US"
2024-03-04,NYC,59.0,59.0,noaa_nws_daily_tmax,C:/Weather Trading/Kalshi-Weather-Trading/data/raw/nws_daily).csv,USW00094728,"NY CITY CENTRAL PARK, NY US"
2024-03-05,NYC,49.0,49.0,noaa_nws_daily_tmax,C:/Weather Trading/Kalshi-Weather-Trading/data/raw/nws_daily).csv,USW00094728,"NY CITY CENTRAL PARK, NY US"
2024-03-06,NYC,53.0,53.0,noaa_nws_daily_tmax,C:/Weather Trading/Kalshi-Weather-Trading/data/raw/nws_daily).csv,USW00094728,"NY CITY CENTRAL PARK, NY US"
2024-03-07,NYC,54.0,54.0,noaa_nws_daily_tmax,C:/Weather Trading/Kalshi-Weather-Trading/data/raw/nws_daily).csv,USW00094728,"NY CITY CENTRAL PARK, NY US"
2024-03-08,NYC,57.0,57.0,noaa_nws_daily_tmax,C:/Weather Trading/Kalshi-Weather-Trading/data/raw/nws_daily).csv,USW00094728,"NY CITY CENTRAL PARK, NY US"
2024-03-09,NYC,49.0,49.0,noaa_nws_daily_tmax,C:/Weather Trading/Kalshi-Weather-Trading/data/raw/nws_daily).csv,USW00094728,"NY CITY CENTRAL PARK, NY US"
2024-03-10,NYC,51.0,51.0,noaa_nws_daily_tmax,C:/Weather Trading/Kalshi-Weather-Trading/data/raw/nws_daily).csv,USW00094728,"NY CITY CENTRAL PARK, NY US"
2024-03-11,NYC,52.0,52.0,noaa_nws_daily_tmax,C:/Weather Trading/Kalshi-Weather-Trading/data/raw/nws_daily).csv,USW00094728,"NY CITY CENTRAL PARK, NY US"
2024-03-12,NYC,66.0,66.0,noaa_nws_daily_tmax,C:/Weather Trading/Kalshi-Weather-Trading/data/raw/nws_daily).csv,USW00094728,"NY CITY CENTRAL PARK, NY US"
2024-03-13,NYC,62.0,62.0,noaa_nws_daily_tmax,C:/Weather Trading/Kalshi-Weather-Trading/data/raw/nws_daily).csv,USW00094728,"NY CITY CENTRAL PARK, NY US"
2024-03-14,NYC,74.0,74.0,noaa_nws_daily_tmax,C:/Weather Trading/Kalshi-Weather-Trading/data/raw/nws_daily).csv,USW00094728,"NY CITY CENTRAL PARK, NY US"
2024-03-15,NYC,73.0,73.0,noaa_nws_daily_tmax,C:/Weather Trading/Kalshi-Weather-Trading/data/raw/nws_daily).csv,USW00094728,"NY CITY CENTRAL PARK, NY US"
2024-03-16,NYC,61.0,61.0,noaa_nws_daily_tmax,C:/Weather Trading/Kalshi-Weather-Trading/data/raw/nws_daily).csv,USW00094728,"NY CITY CENTRAL PARK, NY US"
2024-03-17,NYC,63.0,63.0,noaa_nws_daily_tmax,C:/Weather Trading/Kalshi-Weather-Trading/data/raw/nws_daily).csv,USW00094728,"NY CITY CENTRAL PARK, NY US"
2024-03-18,NYC,51.0,51.0,noaa_nws_daily_tmax,C:/Weather Trading/Kalshi-Weather-Trading/data/raw/nws_daily).csv,USW00094728,"NY CITY CENTRAL PARK, NY US"
2024-03-19,NYC,48.0,48.0,noaa_nws_daily_tmax,C:/Weather Trading/Kalshi-Weather-Trading/data/raw/nws_daily).csv,USW00094728,"NY CITY CENTRAL PARK, NY US"
2024-03-20,NYC,57.0,57.0,noaa_nws_daily_tmax,C:/Weather Trading/Kalshi-Weather-Trading/data/raw/nws_daily).csv,USW00094728,"NY CITY CENTRAL PARK, NY US"
2024-03-21,NYC,43.0,43.0,noaa_nws_daily_tmax,C:/Weather Trading/Kalshi-Weather-Trading/data/raw/nws_daily).csv,USW00094728,"NY CITY CENTRAL PARK, NY US"
2024-03-22,NYC,46.0,46.0,noaa_nws_daily_tmax,C:/Weather Trading/Kalshi-Weather-Trading/data/raw/nws_daily).csv,USW00094728,"NY CITY CENTRAL PARK, NY US"
2024-03-23,NYC,50.0,50.0,noaa_nws_daily_tmax,C:/Weather Trading/Kalshi-Weather-Trading/data/raw/nws_daily).csv,USW00094728,"NY CITY CENTRAL PARK, NY US"
2024-03-24,NYC,48.0,48.0,noaa_nws_daily_tmax,C:/Weather Trading/Kalshi-Weather-Trading/data/raw/nws_daily).csv,USW00094728,"NY CITY CENTRAL PARK, NY US"
2024-03-25,NYC,53.0,53.0,noaa_nws_daily_tmax,C:/Weather Trading/Kalshi-Weather-Trading/data/raw/nws_daily).csv,USW00094728,"NY CITY CENTRAL PARK, NY US"
2024-03-26,NYC,53.0,53.0,noaa_nws_daily_tmax,C:/Weather Trading/Kalshi-Weather-Trading/data/raw/nws_daily).csv,USW00094728,"NY CITY CENTRAL PARK, NY US"
2024-03-27,NYC,52.0,52.0,noaa_nws_daily_tmax,C:/Weather Trading/Kalshi-Weather-Trading/data/raw/nws_daily).csv,USW00094728,"NY CITY CENTRAL PARK, NY US"
2024-03-28,NYC,51.0,51.0,noaa_nws_daily_tmax,C:/Weather Trading/Kalshi-Weather-Trading/data/raw/nws_daily).csv,USW00094728,"NY CITY CENTRAL PARK, NY US"
2024-03-29,NYC,56.0,56.0,noaa_nws_daily_tmax,C:/Weather Trading/Kalshi-Weather-Trading/data/raw/nws_daily).csv,USW00094728,"NY CITY CENTRAL PARK, NY US"
2024-03-30,NYC,62.0,62.0,noaa_nws_daily_tmax,C:/Weather Trading/Kalshi-Weather-Trading/data/raw/nws_daily).csv,USW00094728,"NY CITY CENTRAL PARK, NY US"
2024-03-31,NYC,62.0,62.0,noaa_nws_daily_tmax,C:/Weather Trading/Kalshi-Weather-Trading/data/raw/nws_daily).csv,USW00094728,"NY CITY CENTRAL PARK, NY US"
2024-04-01,NYC,54.0,54.0,noaa_nws_daily_tmax,C:/Weather Trading/Kalshi-Weather-Trading/data/raw/nws_daily).csv,USW00094728,"NY CITY CENTRAL PARK, NY US"
2024-04-02,NYC,51.0,51.0,noaa_nws_daily_tmax,C:/Weather Trading/Kalshi-Weather-Trading/data/raw/nws_daily).csv,USW00094728,"NY CITY CENTRAL PARK, NY US"
2024-04-03,NYC,45.0,45.0,noaa_nws_daily_tmax,C:/Weather Trading/Kalshi-Weather-Trading/data/raw/nws_daily).csv,USW00094728,"NY CITY CENTRAL PARK, NY US"
2024-04-04,NYC,53.0,53.0,noaa_nws_daily_tmax,C:/Weather Trading/Kalshi-Weather-Trading/data/raw/nws_daily).csv,USW00094728,"NY CITY CENTRAL PARK, NY US"
2024-04-05,NYC,50.0,50.0,noaa_nws_daily_tmax,C:/Weather Trading/Kalshi-Weather-Trading/data/raw/nws_daily).csv,USW00094728,"NY CITY CENTRAL PARK, NY US"
2024-04-06,NYC,54.0,54.0,noaa_nws_daily_tmax,C:/Weather Trading/Kalshi-Weather-Trading/data/raw/nws_daily).csv,USW00094728,"NY CITY CENTRAL PARK, NY US"
2024-04-07,NYC,60.0,60.0,noaa_nws_daily_tmax,C:/Weather Trading/Kalshi-Weather-Trading/data/raw/nws_daily).csv,USW00094728,"NY CITY CENTRAL PARK, NY US"
2024-04-08,NYC,69.0,69.0,noaa_nws_daily_tmax,C:/Weather Trading/Kalshi-Weather-Trading/data/raw/nws_daily).csv,USW00094728,"NY CITY CENTRAL PARK, NY US"
2024-04-09,NYC,80.0,80.0,noaa_nws_daily_tmax,C:/Weather Trading/Kalshi-Weather-Trading/data/raw/nws_daily).csv,USW00094728,"NY CITY CENTRAL PARK, NY US"
2024-04-10,NYC,67.0,67.0,noaa_nws_daily_tmax,C:/Weather Trading/Kalshi-Weather-Trading/data/raw/nws_daily).csv,USW00094728,"NY CITY CENTRAL PARK, NY US"
2024-04-11,NYC,61.0,61.0,noaa_nws_daily_tmax,C:/Weather Trading/Kalshi-Weather-Trading/data/raw/nws_daily).csv,USW00094728,"NY CITY CENTRAL PARK, NY US"
2024-04-12,NYC,63.0,63.0,noaa_nws_daily_tmax,C:/Weather Trading/Kalshi-Weather-Trading/data/raw/nws_daily).csv,USW00094728,"NY CITY CENTRAL PARK, NY US"
2024-04-13,NYC,56.0,56.0,noaa_nws_daily_tmax,C:/Weather Trading/Kalshi-Weather-Trading/data/raw/nws_daily).csv,USW00094728,"NY CITY CENTRAL PARK, NY US"
2024-04-14,NYC,75.0,75.0,noaa_nws_daily_tmax,C:/Weather Trading/Kalshi-Weather-Trading/data/raw/nws_daily).csv,USW00094728,"NY CITY CENTRAL PARK, NY US"
2024-04-15,NYC,82.0,82.0,noaa_nws_daily_tmax,C:/Weather Trading/Kalshi-Weather-Trading/data/raw/nws_daily).csv,USW00094728,"NY CITY CENTRAL PARK, NY US"
2024-04-16,NYC,73.0,73.0,noaa_nws_daily_tmax,C:/Weather Trading/Kalshi-Weather-Trading/data/raw/nws_daily).csv,USW00094728,"NY CITY CENTRAL PARK, NY US"
2024-04-17,NYC,62.0,62.0,noaa_nws_daily_tmax,C:/Weather Trading/Kalshi-Weather-Trading/data/raw/nws_daily).csv,USW00094728,"NY CITY CENTRAL PARK, NY US"
2024-04-18,NYC,50.0,50.0,noaa_nws_daily_tmax,C:/Weather Trading/Kalshi-Weather-Trading/data/raw/nws_daily).csv,USW00094728,"NY CITY CENTRAL PARK, NY US"
2024-04-19,NYC,60.0,60.0,noaa_nws_daily_tmax,C:/Weather Trading/Kalshi-Weather-Trading/data/raw/nws_daily).csv,USW00094728,"NY CITY CENTRAL PARK, NY US"
2024-04-20,NYC,71.0,71.0,noaa_nws_daily_tmax,C:/Weather Trading/Kalshi-Weather-Trading/data/raw/nws_daily).csv,USW00094728,"NY CITY CENTRAL PARK, NY US"
2024-04-21,NYC,54.0,54.0,noaa_nws_daily_tmax,C:/Weather Trading/Kalshi-Weather-Trading/data/raw/nws_daily).csv,USW00094728,"NY CITY CENTRAL PARK, NY US"
2024-04-22,NYC,64.0,64.0,noaa_nws_daily_tmax,C:/Weather Trading/Kalshi-Weather-Trading/data/raw/nws_daily).csv,USW00094728,"NY CITY CENTRAL PARK, NY US"
2024-04-23,NYC,65.0,65.0,noaa_nws_daily_tmax,C:/Weather Trading/Kalshi-Weather-Trading/data/raw/nws_daily).csv,USW00094728,"NY CITY CENTRAL PARK, NY US"
2024-04-24,NYC,74.0,74.0,noaa_nws_daily_tmax,C:/Weather Trading/Kalshi-Weather-Trading/data/raw/nws_daily).csv,USW00094728,"NY CITY CENTRAL PARK, NY US"
2024-04-25,NYC,60.0,60.0,noaa_nws_daily_tmax,C:/Weather Trading/Kalshi-Weather-Trading/data/raw/nws_daily).csv,USW00094728,"NY CITY CENTRAL PARK, NY US"
2024-04-26,NYC,65.0,65.0,noaa_nws_daily_tmax,C:/Weather Trading/Kalshi-Weather-Trading/data/raw/nws_daily).csv,USW00094728,"NY CITY CENTRAL PARK, NY US"
2024-04-27,NYC,64.0,64.0,noaa_nws_daily_tmax,C:/Weather Trading/Kalshi-Weather-Trading/data/raw/nws_daily).csv,USW00094728,"NY CITY CENTRAL PARK, NY US"
2024-04-28,NYC,79.0,79.0,noaa_nws_daily_tmax,C:/Weather Trading/Kalshi-Weather-Trading/data/raw/nws_daily).csv,USW00094728,"NY CITY CENTRAL PARK, NY US"
2024-04-29,NYC,87.0,87.0,noaa_nws_daily_tmax,C:/Weather Trading/Kalshi-Weather-Trading/data/raw/nws_daily).csv,USW00094728,"NY CITY CENTRAL PARK, NY US"
2024-04-30,NYC,66.0,66.0,noaa_nws_daily_tmax,C:/Weather Trading/Kalshi-Weather-Trading/data/raw/nws_daily).csv,USW00094728,"NY CITY CENTRAL PARK, NY US"
2024-05-01,NYC,80.0,80.0,noaa_nws_daily_tmax,C:/Weather Trading/Kalshi-Weather-Trading/data/raw/nws_daily).csv,USW00094728,"NY CITY CENTRAL PARK, NY US"
2024-05-02,NYC,79.0,79.0,noaa_nws_daily_tmax,C:/Weather Trading/Kalshi-Weather-Trading/data/raw/nws_daily).csv,USW00094728,"NY CITY CENTRAL PARK, NY US"
2024-05-03,NYC,65.0,65.0,noaa_nws_daily_tmax,C:/Weather Trading/Kalshi-Weather-Trading/data/raw/nws_daily).csv,USW00094728,"NY CITY CENTRAL PARK, NY US"
2024-05-04,NYC,63.0,63.0,noaa_nws_daily_tmax,C:/Weather Trading/Kalshi-Weather-Trading/data/raw/nws_daily).csv,USW00094728,"NY CITY CENTRAL PARK, NY US"
2024-05-05,NYC,54.0,54.0,noaa_nws_daily_tmax,C:/Weather Trading/Kalshi-Weather-Trading/data/raw/nws_daily).csv,USW00094728,"NY CITY CENTRAL PARK, NY US"
2024-05-06,NYC,74.0,74.0,noaa_nws_daily_tmax,C:/Weather Trading/Kalshi-Weather-Trading/data/raw/nws_daily).csv,USW00094728,"NY CITY CENTRAL PARK, NY US"
2024-05-07,NYC,80.0,80.0,noaa_nws_daily_tmax,C:/Weather Trading/Kalshi-Weather-Trading/data/raw/nws_daily).csv,USW00094728,"NY CITY CENTRAL PARK, NY US"
2024-05-08,NYC,84.0,84.0,noaa_nws_daily_tmax,C:/Weather Trading/Kalshi-Weather-Trading/data/raw/nws_daily).csv,USW00094728,"NY CITY CENTRAL PARK, NY US"
2024-05-09,NYC,70.0,70.0,noaa_nws_daily_tmax,C:/Weather Trading/Kalshi-Weather-Trading/data/raw/nws_daily).csv,USW00094728,"NY CITY CENTRAL PARK, NY US"
2024-05-10,NYC,56.0,56.0,noaa_nws_daily_tmax,C:/Weather Trading/Kalshi-Weather-Trading/data/raw/nws_daily).csv,USW00094728,"NY CITY CENTRAL PARK, NY US"
2024-05-11,NYC,64.0,64.0,noaa_nws_daily_tmax,C:/Weather Trading/Kalshi-Weather-Trading/data/raw/nws_daily).csv,USW00094728,"NY CITY CENTRAL PARK, NY US"
2024-05-12,NYC,57.0,57.0,noaa_nws_daily_tmax,C:/Weather Trading/Kalshi-Weather-Trading/data/raw/nws_daily).csv,USW00094728,"NY CITY CENTRAL PARK, NY US"
2024-05-13,NYC,65.0,65.0,noaa_nws_daily_tmax,C:/Weather Trading/Kalshi-Weather-Trading/data/raw/nws_daily).csv,USW00094728,"NY CITY CENTRAL PARK, NY US"
2024-05-14,NYC,72.0,72.0,noaa_nws_daily_tmax,C:/Weather Trading/Kalshi-Weather-Trading/data/raw/nws_daily).csv,USW00094728,"NY CITY CENTRAL PARK, NY US"
2024-05-15,NYC,64.0,64.0,noaa_nws_daily_tmax,C:/Weather Trading/Kalshi-Weather-Trading/data/raw/nws_daily).csv,USW00094728,"NY CITY CENTRAL PARK, NY US"
2024-05-16,NYC,64.0,64.0,noaa_nws_daily_tmax,C:/Weather Trading/Kalshi-Weather-Trading/data/raw/nws_daily).csv,USW00094728,"NY CITY CENTRAL PARK, NY US"
2024-05-17,NYC,72.0,72.0,noaa_nws_daily_tmax,C:/Weather Trading/Kalshi-Weather-Trading/data/raw/nws_daily).csv,USW00094728,"NY CITY CENTRAL PARK, NY US"
2024-05-18,NYC,69.0,69.0,noaa_nws_daily_tmax,C:/Weather Trading/Kalshi-Weather-Trading/data/raw/nws_daily).csv,USW00094728,"NY CITY CENTRAL PARK, NY US"
2024-05-19,NYC,75.0,75.0,noaa_nws_daily_tmax,C:/Weather Trading/Kalshi-Weather-Trading/data/raw/nws_daily).csv,USW00094728,"NY CITY CENTRAL PARK, NY US"
2024-05-20,NYC,74.0,74.0,noaa_nws_daily_tmax,C:/Weather Trading/Kalshi-Weather-Trading/data/raw/nws_daily).csv,USW00094728,"NY CITY CENTRAL PARK, NY US"
2024-05-21,NYC,83.0,83.0,noaa_nws_daily_tmax,C:/Weather Trading/Kalshi-Weather-Trading/data/raw/nws_daily).csv,USW00094728,"NY CITY CENTRAL PARK, NY US"
2024-05-22,NYC,84.0,84.0,noaa_nws_daily_tmax,C:/Weather Trading/Kalshi-Weather-Trading/data/raw/nws_daily).csv,USW00094728,"NY CITY CENTRAL PARK, NY US"
2024-05-23,NYC,79.0,79.0,noaa_nws_daily_tmax,C:/Weather Trading/Kalshi-Weather-Trading/data/raw/nws_daily).csv,USW00094728,"NY CITY CENTRAL PARK, NY US"
2024-05-24,NYC,84.0,84.0,noaa_nws_daily_tmax,C:/Weather Trading/Kalshi-Weather-Trading/data/raw/nws_daily).csv,USW00094728,"NY CITY CENTRAL PARK, NY US"
2024-05-25,NYC,81.0,81.0,noaa_nws_daily_tmax,C:/Weather Trading/Kalshi-Weather-Trading/data/raw/nws_daily).csv,USW00094728,"NY CITY CENTRAL PARK, NY US"
2024-05-26,NYC,82.0,82.0,noaa_nws_daily_tmax,C:/Weather Trading/Kalshi-Weather-Trading/data/raw/nws_daily).csv,USW00094728,"NY CITY CENTRAL PARK, NY US"
2024-05-27,NYC,73.0,73.0,noaa_nws_daily_tmax,C:/Weather Trading/Kalshi-Weather-Trading/data/raw/nws_daily).csv,USW00094728,"NY CITY CENTRAL PARK, NY US"
2024-05-28,NYC,79.0,79.0,noaa_nws_daily_tmax,C:/Weather Trading/Kalshi-Weather-Trading/data/raw/nws_daily).csv,USW00094728,"NY CITY CENTRAL PARK, NY US"
2024-05-29,NYC,76.0,76.0,noaa_nws_daily_tmax,C:/Weather Trading/Kalshi-Weather-Trading/data/raw/nws_daily).csv,USW00094728,"NY CITY CENTRAL PARK, NY US"
2024-05-30,NYC,71.0,71.0,noaa_nws_daily_tmax,C:/Weather Trading/Kalshi-Weather-Trading/data/raw/nws_daily).csv,USW00094728,"NY CITY CENTRAL PARK, NY US"
2024-05-31,NYC,75.0,75.0,noaa_nws_daily_tmax,C:/Weather Trading/Kalshi-Weather-Trading/data/raw/nws_daily).csv,USW00094728,"NY CITY CENTRAL PARK, NY US"
2024-06-01,NYC,83.0,83.0,noaa_nws_daily_tmax,C:/Weather Trading/Kalshi-Weather-Trading/data/raw/nws_daily).csv,USW00094728,"NY CITY CENTRAL PARK, NY US"
2024-06-02,NYC,81.0,81.0,noaa_nws_daily_tmax,C:/Weather Trading/Kalshi-Weather-Trading/data/raw/nws_daily).csv,USW00094728,"NY CITY CENTRAL PARK, NY US"
2024-06-03,NYC,86.0,86.0,noaa_nws_daily_tmax,C:/Weather Trading/Kalshi-Weather-Trading/data/raw/nws_daily).csv,USW00094728,"NY CITY CENTRAL PARK, NY US"
2024-06-04,NYC,79.0,79.0,noaa_nws_daily_tmax,C:/Weather Trading/Kalshi-Weather-Trading/data/raw/nws_daily).csv,USW00094728,"NY CITY CENTRAL PARK, NY US"
2024-06-05,NYC,79.0,79.0,noaa_nws_daily_tmax,C:/Weather Trading/Kalshi-Weather-Trading/data/raw/nws_daily).csv,USW00094728,"NY CITY CENTRAL PARK, NY US"
2024-06-06,NYC,81.0,81.0,noaa_nws_daily_tmax,C:/Weather Trading/Kalshi-Weather-Trading/data/raw/nws_daily).csv,USW00094728,"NY CITY CENTRAL PARK, NY US"
2024-06-07,NYC,82.0,82.0,noaa_nws_daily_tmax,C:/Weather Trading/Kalshi-Weather-Trading/data/raw/nws_daily).csv,USW00094728,"NY CITY CENTRAL PARK, NY US"
2024-06-08,NYC,76.0,76.0,noaa_nws_daily_tmax,C:/Weather Trading/Kalshi-Weather-Trading/data/raw/nws_daily).csv,USW00094728,"NY CITY CENTRAL PARK, NY US"
2024-06-09,NYC,74.0,74.0,noaa_nws_daily_tmax,C:/Weather Trading/Kalshi-Weather-Trading/data/raw/nws_daily).csv,USW00094728,"NY CITY CENTRAL PARK, NY US"
2024-06-10,NYC,75.0,75.0,noaa_nws_daily_tmax,C:/Weather Trading/Kalshi-Weather-Trading/data/raw/nws_daily).csv,USW00094728,"NY CITY CENTRAL PARK, NY US"
2024-06-11,NYC,73.0,73.0,noaa_nws_daily_tmax,C:/Weather Trading/Kalshi-Weather-Trading/data/raw/nws_daily).csv,USW00094728,"NY CITY CENTRAL PARK, NY US"
2024-06-12,NYC,76.0,76.0,noaa_nws_daily_tmax,C:/Weather Trading/Kalshi-Weather-Trading/data/raw/nws_daily).csv,USW00094728,"NY CITY CENTRAL PARK, NY US"
2024-06-13,NYC,84.0,84.0,noaa_nws_daily_tmax,C:/Weather Trading/Kalshi-Weather-Trading/data/raw/nws_daily).csv,USW00094728,"NY CITY CENTRAL PARK, NY US"
2024-06-14,NYC,85.0,85.0,noaa_nws_daily_tmax,C:/Weather Trading/Kalshi-Weather-Trading/data/raw/nws_daily).csv,USW00094728,"NY CITY CENTRAL PARK, NY US"
2024-06-15,NYC,80.0,80.0,noaa_nws_daily_tmax,C:/Weather Trading/Kalshi-Weather-Trading/data/raw/nws_daily).csv,USW00094728,"NY CITY CENTRAL PARK, NY US"
2024-06-16,NYC,78.0,78.0,noaa_nws_daily_tmax,C:/Weather Trading/Kalshi-Weather-Trading/data/raw/nws_daily).csv,USW00094728,"NY CITY CENTRAL PARK, NY US"
2024-06-17,NYC,83.0,83.0,noaa_nws_daily_tmax,C:/Weather Trading/Kalshi-Weather-Trading/data/raw/nws_daily).csv,USW00094728,"NY CITY CENTRAL PARK, NY US"
2024-06-18,NYC,86.0,86.0,noaa_nws_daily_tmax,C:/Weather Trading/Kalshi-Weather-Trading/data/raw/nws_daily).csv,USW00094728,"NY CITY CENTRAL PARK, NY US"
2024-06-19,NYC,89.0,89.0,noaa_nws_daily_tmax,C:/Weather Trading/Kalshi-Weather-Trading/data/raw/nws_daily).csv,USW00094728,"NY CITY CENTRAL PARK, NY US"
2024-06-20,NYC,91.0,91.0,noaa_nws_daily_tmax,C:/Weather Trading/Kalshi-Weather-Trading/data/raw/nws_daily).csv,USW00094728,"NY CITY CENTRAL PARK, NY US"
2024-06-21,NYC,94.0,94.0,noaa_nws_daily_tmax,C:/Weather Trading/Kalshi-Weather-Trading/data/raw/nws_daily).csv,USW00094728,"NY CITY CENTRAL PARK, NY US"
2024-06-22,NYC,93.0,93.0,noaa_nws_daily_tmax,C:/Weather Trading/Kalshi-Weather-Trading/data/raw/nws_daily).csv,USW00094728,"NY CITY CENTRAL PARK, NY US"
2024-06-23,NYC,92.0,92.0,noaa_nws_daily_tmax,C:/Weather Trading/Kalshi-Weather-Trading/data/raw/nws_daily).csv,USW00094728,"NY CITY CENTRAL PARK, NY US"
2024-06-24,NYC,80.0,80.0,noaa_nws_daily_tmax,C:/Weather Trading/Kalshi-Weather-Trading/data/raw/nws_daily).csv,USW00094728,"NY CITY CENTRAL PARK, NY US"
2024-06-25,NYC,90.0,90.0,noaa_nws_daily_tmax,C:/Weather Trading/Kalshi-Weather-Trading/data/raw/nws_daily).csv,USW00094728,"NY CITY CENTRAL PARK, NY US"
2024-06-26,NYC,93.0,93.0,noaa_nws_daily_tmax,C:/Weather Trading/Kalshi-Weather-Trading/data/raw/nws_daily).csv,USW00094728,"NY CITY CENTRAL PARK, NY US"
2024-06-27,NYC,84.0,84.0,noaa_nws_daily_tmax,C:/Weather Trading/Kalshi-Weather-Trading/data/raw/nws_daily).csv,USW00094728,"NY CITY CENTRAL PARK, NY US"
2024-06-28,NYC,79.0,79.0,noaa_nws_daily_tmax,C:/Weather Trading/Kalshi-Weather-Trading/data/raw/nws_daily).csv,USW00094728,"NY CITY CENTRAL PARK, NY US"
2024-06-29,NYC,79.0,79.0,noaa_nws_daily_tmax,C:/Weather Trading/Kalshi-Weather-Trading/data/raw/nws_daily).csv,USW00094728,"NY CITY CENTRAL PARK, NY US"
2024-06-30,NYC,85.0,85.0,noaa_nws_daily_tmax,C:/Weather Trading/Kalshi-Weather-Trading/data/raw/nws_daily).csv,USW00094728,"NY CITY CENTRAL PARK, NY US"
2024-07-01,NYC,81.0,81.0,noaa_nws_daily_tmax,C:/Weather Trading/Kalshi-Weather-Trading/data/raw/nws_daily).csv,USW00094728,"NY CITY CENTRAL PARK, NY US"
2024-07-02,NYC,86.0,86.0,noaa_nws_daily_tmax,C:/Weather Trading/Kalshi-Weather-Trading/data/raw/nws_daily).csv,USW00094728,"NY CITY CENTRAL PARK, NY US"
2024-07-03,NYC,83.0,83.0,noaa_nws_daily_tmax,C:/Weather Trading/Kalshi-Weather-Trading/data/raw/nws_daily).csv,USW00094728,"NY CITY CENTRAL PARK, NY US"
2024-07-04,NYC,89.0,89.0,noaa_nws_daily_tmax,C:/Weather Trading/Kalshi-Weather-Trading/data/raw/nws_daily).csv,USW00094728,"NY CITY CENTRAL PARK, NY US"
2024-07-05,NYC,90.0,90.0,noaa_nws_daily_tmax,C:/Weather Trading/Kalshi-Weather-Trading/data/raw/nws_daily).csv,USW00094728,"NY CITY CENTRAL PARK, NY US"
2024-07-06,NYC,92.0,92.0,noaa_nws_daily_tmax,C:/Weather Trading/Kalshi-Weather-Trading/data/raw/nws_daily).csv,USW00094728,"NY CITY CENTRAL PARK, NY US"
2024-07-07,NYC,93.0,93.0,noaa_nws_daily_tmax,C:/Weather Trading/Kalshi-Weather-Trading/data/raw/nws_daily).csv,USW00094728,"NY CITY CENTRAL PARK, NY US"
2024-07-08,NYC,95.0,95.0,noaa_nws_daily_tmax,C:/Weather Trading/Kalshi-Weather-Trading/data/raw/nws_daily).csv,USW00094728,"NY CITY CENTRAL PARK, NY US"
2024-07-09,NYC,89.0,89.0,noaa_nws_daily_tmax,C:/Weather Trading/Kalshi-Weather-Trading/data/raw/nws_daily).csv,USW00094728,"NY CITY CENTRAL PARK, NY US"
2024-07-10,NYC,91.0,91.0,noaa_nws_daily_tmax,C:/Weather Trading/Kalshi-Weather-Trading/data/raw/nws_daily).csv,USW00094728,"NY CITY CENTRAL PARK, NY US"
2024-07-11,NYC,89.0,89.0,noaa_nws_daily_tmax,C:/Weather Trading/Kalshi-Weather-Trading/data/raw/nws_daily).csv,USW00094728,"NY CITY CENTRAL PARK, NY US"
2024-07-12,NYC,84.0,84.0,noaa_nws_daily_tmax,C:/Weather Trading/Kalshi-Weather-Trading/data/raw/nws_daily).csv,USW00094728,"NY CITY CENTRAL PARK, NY US"
2024-07-13,NYC,87.0,87.0,noaa_nws_daily_tmax,C:/Weather Trading/Kalshi-Weather-Trading/data/raw/nws_daily).csv,USW00094728,"NY CITY CENTRAL PARK, NY US"
2024-07-14,NYC,90.0,90.0,noaa_nws_daily_tmax,C:/Weather Trading/Kalshi-Weather-Trading/data/raw/nws_daily).csv,USW00094728,"NY CITY CENTRAL PARK, NY US"
2024-07-15,NYC,91.0,91.0,noaa_nws_daily_tmax,C:/Weather Trading/Kalshi-Weather-Trading/data/raw/nws_daily).csv,USW00094728,"NY CITY CENTRAL PARK, NY US"
2024-07-16,NYC,94.0,94.0,noaa_nws_daily_tmax,C:/Weather Trading/Kalshi-Weather-Trading/data/raw/nws_daily).csv,USW00094728,"NY CITY CENTRAL PARK, NY US"
2024-07-17,NYC,90.0,90.0,noaa_nws_daily_tmax,C:/Weather Trading/Kalshi-Weather-Trading/data/raw/nws_daily).csv,USW00094728,"NY CITY CENTRAL PARK, NY US"
2024-07-18,NYC,86.0,86.0,noaa_nws_daily_tmax,C:/Weather Trading/Kalshi-Weather-Trading/data/raw/nws_daily).csv,USW00094728,"NY CITY CENTRAL PARK, NY US"
2024-07-19,NYC,83.0,83.0,noaa_nws_daily_tmax,C:/Weather Trading/Kalshi-Weather-Trading/data/raw/nws_daily).csv,USW00094728,"NY CITY CENTRAL PARK, NY US"
2024-07-20,NYC,83.0,83.0,noaa_nws_daily_tmax,C:/Weather Trading/Kalshi-Weather-Trading/data/raw/nws_daily).csv,USW00094728,"NY CITY CENTRAL PARK, NY US"
2024-07-21,NYC,88.0,88.0,noaa_nws_daily_tmax,C:/Weather Trading/Kalshi-Weather-Trading/data/raw/nws_daily).csv,USW00094728,"NY CITY CENTRAL PARK, NY US"
2024-07-22,NYC,84.0,84.0,noaa_nws_daily_tmax,C:/Weather Trading/Kalshi-Weather-Trading/data/raw/nws_daily).csv,USW00094728,"NY CITY CENTRAL PARK, NY US"
2024-07-23,NYC,81.0,81.0,noaa_nws_daily_tmax,C:/Weather Trading/Kalshi-Weather-Trading/data/raw/nws_daily).csv,USW00094728,"NY CITY CENTRAL PARK, NY US"
2024-07-24,NYC,81.0,81.0,noaa_nws_daily_tmax,C:/Weather Trading/Kalshi-Weather-Trading/data/raw/nws_daily).csv,USW00094728,"NY CITY CENTRAL PARK, NY US"
2024-07-25,NYC,83.0,83.0,noaa_nws_daily_tmax,C:/Weather Trading/Kalshi-Weather-Trading/data/raw/nws_daily).csv,USW00094728,"NY CITY CENTRAL PARK, NY US"
2024-07-26,NYC,84.0,84.0,noaa_nws_daily_tmax,C:/Weather Trading/Kalshi-Weather-Trading/data/raw/nws_daily).csv,USW00094728,"NY CITY CENTRAL PARK, NY US"
2024-07-27,NYC,87.0,87.0,noaa_nws_daily_tmax,C:/Weather Trading/Kalshi-Weather-Trading/data/raw/nws_daily).csv,USW00094728,"NY CITY CENTRAL PARK, NY US"
2024-07-28,NYC,89.0,89.0,noaa_nws_daily_tmax,C:/Weather Trading/Kalshi-Weather-Trading/data/raw/nws_daily).csv,USW00094728,"NY CITY CENTRAL PARK, NY US"
2024-07-29,NYC,84.0,84.0,noaa_nws_daily_tmax,C:/Weather Trading/Kalshi-Weather-Trading/data/raw/nws_daily).csv,USW00094728,"NY CITY CENTRAL PARK, NY US"
2024-07-30,NYC,88.0,88.0,noaa_nws_daily_tmax,C:/Weather Trading/Kalshi-Weather-Trading/data/raw/nws_daily).csv,USW00094728,"NY CITY CENTRAL PARK, NY US"
2024-07-31,NYC,89.0,89.0,noaa_nws_daily_tmax,C:/Weather Trading/Kalshi-Weather-Trading/data/raw/nws_daily).csv,USW00094728,"NY CITY CENTRAL PARK, NY US"
2024-08-01,NYC,95.0,95.0,noaa_nws_daily_tmax,C:/Weather Trading/Kalshi-Weather-Trading/data/raw/nws_daily).csv,USW00094728,"NY CITY CENTRAL PARK, NY US"
2024-08-02,NYC,92.0,92.0,noaa_nws_daily_tmax,C:/Weather Trading/Kalshi-Weather-Trading/data/raw/nws_daily).csv,USW00094728,"NY CITY CENTRAL PARK, NY US"
2024-08-03,NYC,93.0,93.0,noaa_nws_daily_tmax,C:/Weather Trading/Kalshi-Weather-Trading/data/raw/nws_daily).csv,USW00094728,"NY CITY CENTRAL PARK, NY US"
2024-08-04,NYC,83.0,83.0,noaa_nws_daily_tmax,C:/Weather Trading/Kalshi-Weather-Trading/data/raw/nws_daily).csv,USW00094728,"NY CITY CENTRAL PARK, NY US"
2024-08-05,NYC,90.0,90.0,noaa_nws_daily_tmax,C:/Weather Trading/Kalshi-Weather-Trading/data/raw/nws_daily).csv,USW00094728,"NY CITY CENTRAL PARK, NY US"
2024-08-06,NYC,90.0,90.0,noaa_nws_daily_tmax,C:/Weather Trading/Kalshi-Weather-Trading/data/raw/nws_daily).csv,USW00094728,"NY CITY CENTRAL PARK, NY US"
2024-08-07,NYC,72.0,72.0,noaa_nws_daily_tmax,C:/Weather Trading/Kalshi-Weather-Trading/data/raw/nws_daily).csv,USW00094728,"NY CITY CENTRAL PARK, NY US"
2024-08-08,NYC,70.0,70.0,noaa_nws_daily_tmax,C:/Weather Trading/Kalshi-Weather-Trading/data/raw/nws_daily).csv,USW00094728,"NY CITY CENTRAL PARK, NY US"
2024-08-09,NYC,80.0,80.0,noaa_nws_daily_tmax,C:/Weather Trading/Kalshi-Weather-Trading/data/raw/nws_daily).csv,USW00094728,"NY CITY CENTRAL PARK, NY US"
2024-08-10,NYC,85.0,85.0,noaa_nws_daily_tmax,C:/Weather Trading/Kalshi-Weather-Trading/data/raw/nws_daily).csv,USW00094728,"NY CITY CENTRAL PARK, NY US"
2024-08-11,NYC,80.0,80.0,noaa_nws_daily_tmax,C:/Weather Trading/Kalshi-Weather-Trading/data/raw/nws_daily).csv,USW00094728,"NY CITY CENTRAL PARK, NY US"
2024-08-12,NYC,81.0,81.0,noaa_nws_daily_tmax,C:/Weather Trading/Kalshi-Weather-Trading/data/raw/nws_daily).csv,USW00094728,"NY CITY CENTRAL PARK, NY US"
2024-08-13,NYC,81.0,81.0,noaa_nws_daily_tmax,C:/Weather Trading/Kalshi-Weather-Trading/data/raw/nws_daily).csv,USW00094728,"NY CITY CENTRAL PARK, NY US"
2024-08-14,NYC,85.0,85.0,noaa_nws_daily_tmax,C:/Weather Trading/Kalshi-Weather-Trading/data/raw/nws_daily).csv,USW00094728,"NY CITY CENTRAL PARK, NY US"
2024-08-15,NYC,86.0,86.0,noaa_nws_daily_tmax,C:/Weather Trading/Kalshi-Weather-Trading/data/raw/nws_daily).csv,USW00094728,"NY CITY CENTRAL PARK, NY US"
2024-08-16,NYC,87.0,87.0,noaa_nws_daily_tmax,C:/Weather Trading/Kalshi-Weather-Trading/data/raw/nws_daily).csv,USW00094728,"NY CITY CENTRAL PARK, NY US"
2024-08-17,NYC,79.0,79.0,noaa_nws_daily_tmax,C:/Weather Trading/Kalshi-Weather-Trading/data/raw/nws_daily).csv,USW00094728,"NY CITY CENTRAL PARK, NY US"
2024-08-18,NYC,81.0,81.0,noaa_nws_daily_tmax,C:/Weather Trading/Kalshi-Weather-Trading/data/raw/nws_daily).csv,USW00094728,"NY CITY CENTRAL PARK, NY US"
2024-08-19,NYC,84.0,84.0,noaa_nws_daily_tmax,C:/Weather Trading/Kalshi-Weather-Trading/data/raw/nws_daily).csv,USW00094728,"NY CITY CENTRAL PARK, NY US"
2024-08-20,NYC,72.0,72.0,noaa_nws_daily_tmax,C:/Weather Trading/Kalshi-Weather-Trading/data/raw/nws_daily).csv,USW00094728,"NY CITY CENTRAL PARK, NY US"
2024-08-21,NYC,73.0,73.0,noaa_nws_daily_tmax,C:/Weather Trading/Kalshi-Weather-Trading/data/raw/nws_daily).csv,USW00094728,"NY CITY CENTRAL PARK, NY US"
2024-08-22,NYC,76.0,76.0,noaa_nws_daily_tmax,C:/Weather Trading/Kalshi-Weather-Trading/data/raw/nws_daily).csv,USW00094728,"NY CITY CENTRAL PARK, NY US"
2024-08-23,NYC,80.0,80.0,noaa_nws_daily_tmax,C:/Weather Trading/Kalshi-Weather-Trading/data/raw/nws_daily).csv,USW00094728,"NY CITY CENTRAL PARK, NY US"
2024-08-24,NYC,83.0,83.0,noaa_nws_daily_tmax,C:/Weather Trading/Kalshi-Weather-Trading/data/raw/nws_daily).csv,USW00094728,"NY CITY CENTRAL PARK, NY US"
2024-08-25,NYC,85.0,85.0,noaa_nws_daily_tmax,C:/Weather Trading/Kalshi-Weather-Trading/data/raw/nws_daily).csv,USW00094728,"NY CITY CENTRAL PARK, NY US"
2024-08-26,NYC,85.0,85.0,noaa_nws_daily_tmax,C:/Weather Trading/Kalshi-Weather-Trading/data/raw/nws_daily).csv,USW00094728,"NY CITY CENTRAL PARK, NY US"
2024-08-27,NYC,86.0,86.0,noaa_nws_daily_tmax,C:/Weather Trading/Kalshi-Weather-Trading/data/raw/nws_daily).csv,USW00094728,"NY CITY CENTRAL PARK, NY US"
2024-08-28,NYC,91.0,91.0,noaa_nws_daily_tmax,C:/Weather Trading/Kalshi-Weather-Trading/data/raw/nws_daily).csv,USW00094728,"NY CITY CENTRAL PARK, NY US"
2024-08-29,NYC,82.0,82.0,noaa_nws_daily_tmax,C:/Weather Trading/Kalshi-Weather-Trading/data/raw/nws_daily).csv,USW00094728,"NY CITY CENTRAL PARK, NY US"
2024-08-30,NYC,74.0,74.0,noaa_nws_daily_tmax,C:/Weather Trading/Kalshi-Weather-Trading/data/raw/nws_daily).csv,USW00094728,"NY CITY CENTRAL PARK, NY US"
2024-08-31,NYC,77.0,77.0,noaa_nws_daily_tmax,C:/Weather Trading/Kalshi-Weather-Trading/data/raw/nws_daily).csv,USW00094728,"NY CITY CENTRAL PARK, NY US"
2024-09-01,NYC,81.0,81.0,noaa_nws_daily_tmax,C:/Weather Trading/Kalshi-Weather-Trading/data/raw/nws_daily).csv,USW00094728,"NY CITY CENTRAL PARK, NY US"
2024-09-02,NYC,79.0,79.0,noaa_nws_daily_tmax,C:/Weather Trading/Kalshi-Weather-Trading/data/raw/nws_daily).csv,USW00094728,"NY CITY CENTRAL PARK, NY US"
2024-09-03,NYC,74.0,74.0,noaa_nws_daily_tmax,C:/Weather Trading/Kalshi-Weather-Trading/data/raw/nws_daily).csv,USW00094728,"NY CITY CENTRAL PARK, NY US"
2024-09-04,NYC,77.0,77.0,noaa_nws_daily_tmax,C:/Weather Trading/Kalshi-Weather-Trading/data/raw/nws_daily).csv,USW00094728,"NY CITY CENTRAL PARK, NY US"
2024-09-05,NYC,77.0,77.0,noaa_nws_daily_tmax,C:/Weather Trading/Kalshi-Weather-Trading/data/raw/nws_daily).csv,USW00094728,"NY CITY CENTRAL PARK, NY US"
2024-09-06,NYC,78.0,78.0,noaa_nws_daily_tmax,C:/Weather Trading/Kalshi-Weather-Trading/data/raw/nws_daily).csv,USW00094728,"NY CITY CENTRAL PARK, NY US"
2024-09-07,NYC,76.0,76.0,noaa_nws_daily_tmax,C:/Weather Trading/Kalshi-Weather-Trading/data/raw/nws_daily).csv,USW00094728,"NY CITY CENTRAL PARK, NY US"
2024-09-08,NYC,69.0,69.0,noaa_nws_daily_tmax,C:/Weather Trading/Kalshi-Weather-Trading/data/raw/nws_daily).csv,USW00094728,"NY CITY CENTRAL PARK, NY US"
2024-09-09,NYC,75.0,75.0,noaa_nws_daily_tmax,C:/Weather Trading/Kalshi-Weather-Trading/data/raw/nws_daily).csv,USW00094728,"NY CITY CENTRAL PARK, NY US"
2024-09-10,NYC,78.0,78.0,noaa_nws_daily_tmax,C:/Weather Trading/Kalshi-Weather-Trading/data/raw/nws_daily).csv,USW00094728,"NY CITY CENTRAL PARK, NY US"
2024-09-11,NYC,79.0,79.0,noaa_nws_daily_tmax,C:/Weather Trading/Kalshi-Weather-Trading/data/raw/nws_daily).csv,USW00094728,"NY CITY CENTRAL PARK, NY US"
2024-09-12,NYC,80.0,80.0,noaa_nws_daily_tmax,C:/Weather Trading/Kalshi-Weather-Trading/data/raw/nws_daily).csv,USW00094728,"NY CITY CENTRAL PARK, NY US"
2024-09-13,NYC,82.0,82.0,noaa_nws_daily_tmax,C:/Weather Trading/Kalshi-Weather-Trading/data/raw/nws_daily).csv,USW00094728,"NY CITY CENTRAL PARK, NY US"
2024-09-14,NYC,83.0,83.0,noaa_nws_daily_tmax,C:/Weather Trading/Kalshi-Weather-Trading/data/raw/nws_daily).csv,USW00094728,"NY CITY CENTRAL PARK, NY US"
2024-09-15,NYC,80.0,80.0,noaa_nws_daily_tmax,C:/Weather Trading/Kalshi-Weather-Trading/data/raw/nws_daily).csv,USW00094728,"NY CITY CENTRAL PARK, NY US"
2024-09-16,NYC,77.0,77.0,noaa_nws_daily_tmax,C:/Weather Trading/Kalshi-Weather-Trading/data/raw/nws_daily).csv,USW00094728,"NY CITY CENTRAL PARK, NY US"
2024-09-17,NYC,79.0,79.0,noaa_nws_daily_tmax,C:/Weather Trading/Kalshi-Weather-Trading/data/raw/nws_daily).csv,USW00094728,"NY CITY CENTRAL PARK, NY US"
2024-09-18,NYC,75.0,75.0,noaa_nws_daily_tmax,C:/Weather Trading/Kalshi-Weather-Trading/data/raw/nws_daily).csv,USW00094728,"NY CITY CENTRAL PARK, NY US"
2024-09-19,NYC,84.0,84.0,noaa_nws_daily_tmax,C:/Weather Trading/Kalshi-Weather-Trading/data/raw/nws_daily).csv,USW00094728,"NY CITY CENTRAL PARK, NY US"
2024-09-20,NYC,81.0,81.0,noaa_nws_daily_tmax,C:/Weather Trading/Kalshi-Weather-Trading/data/raw/nws_daily).csv,USW00094728,"NY CITY CENTRAL PARK, NY US"
2024-09-21,NYC,79.0,79.0,noaa_nws_daily_tmax,C:/Weather Trading/Kalshi-Weather-Trading/data/raw/nws_daily).csv,USW00094728,"NY CITY CENTRAL PARK, NY US"
2024-09-22,NYC,74.0,74.0,noaa_nws_daily_tmax,C:/Weather Trading/Kalshi-Weather-Trading/data/raw/nws_daily).csv,USW00094728,"NY CITY CENTRAL PARK, NY US"
2024-09-23,NYC,67.0,67.0,noaa_nws_daily_tmax,C:/Weather Trading/Kalshi-Weather-Trading/data/raw/nws_daily).csv,USW00094728,"NY CITY CENTRAL PARK, NY US"
2024-09-24,NYC,68.0,68.0,noaa_nws_daily_tmax,C:/Weather Trading/Kalshi-Weather-Trading/data/raw/nws_daily).csv,USW00094728,"NY CITY CENTRAL PARK, NY US"
2024-09-25,NYC,68.0,68.0,noaa_nws_daily_tmax,C:/Weather Trading/Kalshi-Weather-Trading/data/raw/nws_daily).csv,USW00094728,"NY CITY CENTRAL PARK, NY US"
2024-09-26,NYC,74.0,74.0,noaa_nws_daily_tmax,C:/Weather Trading/Kalshi-Weather-Trading/data/raw/nws_daily).csv,USW00094728,"NY CITY CENTRAL PARK, NY US"
2024-09-27,NYC,74.0,74.0,noaa_nws_daily_tmax,C:/Weather Trading/Kalshi-Weather-Trading/data/raw/nws_daily).csv,USW00094728,"NY CITY CENTRAL PARK, NY US"
2024-09-28,NYC,68.0,68.0,noaa_nws_daily_tmax,C:/Weather Trading/Kalshi-Weather-Trading/data/raw/nws_daily).csv,USW00094728,"NY CITY CENTRAL PARK, NY US"
2024-09-29,NYC,63.0,63.0,noaa_nws_daily_tmax,C:/Weather Trading/Kalshi-Weather-Trading/data/raw/nws_daily).csv,USW00094728,"NY CITY CENTRAL PARK, NY US"
2024-09-30,NYC,72.0,72.0,noaa_nws_daily_tmax,C:/Weather Trading/Kalshi-Weather-Trading/data/raw/nws_daily).csv,USW00094728,"NY CITY CENTRAL PARK, NY US"
2024-10-01,NYC,69.0,69.0,noaa_nws_daily_tmax,C:/Weather Trading/Kalshi-Weather-Trading/data/raw/nws_daily).csv,USW00094728,"NY CITY CENTRAL PARK, NY US"
2024-10-02,NYC,68.0,68.0,noaa_nws_daily_tmax,C:/Weather Trading/Kalshi-Weather-Trading/data/raw/nws_daily).csv,USW00094728,"NY CITY CENTRAL PARK, NY US"
2024-10-03,NYC,72.0,72.0,noaa_nws_daily_tmax,C:/Weather Trading/Kalshi-Weather-Trading/data/raw/nws_daily).csv,USW00094728,"NY CITY CENTRAL PARK, NY US"
2024-10-04,NYC,73.0,73.0,noaa_nws_daily_tmax,C:/Weather Trading/Kalshi-Weather-Trading/data/raw/nws_daily).csv,USW00094728,"NY CITY CENTRAL PARK, NY US"
2024-10-05,NYC,75.0,75.0,noaa_nws_daily_tmax,C:/Weather Trading/Kalshi-Weather-Trading/data/raw/nws_daily).csv,USW00094728,"NY CITY CENTRAL PARK, NY US"
2024-10-06,NYC,71.0,71.0,noaa_nws_daily_tmax,C:/Weather Trading/Kalshi-Weather-Trading/data/raw/nws_daily).csv,USW00094728,"NY CITY CENTRAL PARK, NY US"
2024-10-07,NYC,75.0,75.0,noaa_nws_daily_tmax,C:/Weather Trading/Kalshi-Weather-Trading/data/raw/nws_daily).csv,USW00094728,"NY CITY CENTRAL PARK, NY US"
2024-10-08,NYC,68.0,68.0,noaa_nws_daily_tmax,C:/Weather Trading/Kalshi-Weather-Trading/data/raw/nws_daily).csv,USW00094728,"NY CITY CENTRAL PARK, NY US"
2024-10-09,NYC,68.0,68.0,noaa_nws_daily_tmax,C:/Weather Trading/Kalshi-Weather-Trading/data/raw/nws_daily).csv,USW00094728,"NY CITY CENTRAL PARK, NY US"
2024-10-10,NYC,62.0,62.0,noaa_nws_daily_tmax,C:/Weather Trading/Kalshi-Weather-Trading/data/raw/nws_daily).csv,USW00094728,"NY CITY CENTRAL PARK, NY US"
2024-10-11,NYC,68.0,68.0,noaa_nws_daily_tmax,C:/Weather Trading/Kalshi-Weather-Trading/data/raw/nws_daily).csv,USW00094728,"NY CITY CENTRAL PARK, NY US"
2024-10-12,NYC,74.0,74.0,noaa_nws_daily_tmax,C:/Weather Trading/Kalshi-Weather-Trading/data/raw/nws_daily).csv,USW00094728,"NY CITY CENTRAL PARK, NY US"
2024-10-13,NYC,69.0,69.0,noaa_nws_daily_tmax,C:/Weather Trading/Kalshi-Weather-Trading/data/raw/nws_daily).csv,USW00094728,"NY CITY CENTRAL PARK, NY US"
2024-10-14,NYC,66.0,66.0,noaa_nws_daily_tmax,C:/Weather Trading/Kalshi-Weather-Trading/data/raw/nws_daily).csv,USW00094728,"NY CITY CENTRAL PARK, NY US"
2024-10-15,NYC,57.0,57.0,noaa_nws_daily_tmax,C:/Weather Trading/Kalshi-Weather-Trading/data/raw/nws_daily).csv,USW00094728,"NY CITY CENTRAL PARK, NY US"
2024-10-16,NYC,59.0,59.0,noaa_nws_daily_tmax,C:/Weather Trading/Kalshi-Weather-Trading/data/raw/nws_daily).csv,USW00094728,"NY CITY CENTRAL PARK, NY US"
2024-10-17,NYC,58.0,58.0,noaa_nws_daily_tmax,C:/Weather Trading/Kalshi-Weather-Trading/data/raw/nws_daily).csv,USW00094728,"NY CITY CENTRAL PARK, NY US"
2024-10-18,NYC,66.0,66.0,noaa_nws_daily_tmax,C:/Weather Trading/Kalshi-Weather-Trading/data/raw/nws_daily).csv,USW00094728,"NY CITY CENTRAL PARK, NY US"
2024-10-19,NYC,71.0,71.0,noaa_nws_daily_tmax,C:/Weather Trading/Kalshi-Weather-Trading/data/raw/nws_daily).csv,USW00094728,"NY CITY CENTRAL PARK, NY US"
2024-10-20,NYC,73.0,73.0,noaa_nws_daily_tmax,C:/Weather Trading/Kalshi-Weather-Trading/data/raw/nws_daily).csv,USW00094728,"NY CITY CENTRAL PARK, NY US"
2024-10-21,NYC,79.0,79.0,noaa_nws_daily_tmax,C:/Weather Trading/Kalshi-Weather-Trading/data/raw/nws_daily).csv,USW00094728,"NY CITY CENTRAL PARK, NY US"
2024-10-22,NYC,81.0,81.0,noaa_nws_daily_tmax,C:/Weather Trading/Kalshi-Weather-Trading/data/raw/nws_daily).csv,USW00094728,"NY CITY CENTRAL PARK, NY US"
2024-10-23,NYC,75.0,75.0,noaa_nws_daily_tmax,C:/Weather Trading/Kalshi-Weather-Trading/data/raw/nws_daily).csv,USW00094728,"NY CITY CENTRAL PARK, NY US"
2024-10-24,NYC,69.0,69.0,noaa_nws_daily_tmax,C:/Weather Trading/Kalshi-Weather-Trading/data/raw/nws_daily).csv,USW00094728,"NY CITY CENTRAL PARK, NY US"
2024-10-25,NYC,62.0,62.0,noaa_nws_daily_tmax,C:/Weather Trading/Kalshi-Weather-Trading/data/raw/nws_daily).csv,USW00094728,"NY CITY CENTRAL PARK, NY US"
2024-10-26,NYC,64.0,64.0,noaa_nws_daily_tmax,C:/Weather Trading/Kalshi-Weather-Trading/data/raw/nws_daily).csv,USW00094728,"NY CITY CENTRAL PARK, NY US"
2024-10-27,NYC,57.0,57.0,noaa_nws_daily_tmax,C:/Weather Trading/Kalshi-Weather-Trading/data/raw/nws_daily).csv,USW00094728,"NY CITY CENTRAL PARK, NY US"
2024-10-28,NYC,61.0,61.0,noaa_nws_daily_tmax,C:/Weather Trading/Kalshi-Weather-Trading/data/raw/nws_daily).csv,USW00094728,"NY CITY CENTRAL PARK, NY US"
2024-10-29,NYC,63.0,63.0,noaa_nws_daily_tmax,C:/Weather Trading/Kalshi-Weather-Trading/data/raw/nws_daily).csv,USW00094728,"NY CITY CENTRAL PARK, NY US"
2024-10-30,NYC,76.0,76.0,noaa_nws_daily_tmax,C:/Weather Trading/Kalshi-Weather-Trading/data/raw/nws_daily).csv,USW00094728,"NY CITY CENTRAL PARK, NY US"
2024-10-31,NYC,81.0,81.0,noaa_nws_daily_tmax,C:/Weather Trading/Kalshi-Weather-Trading/data/raw/nws_daily).csv,USW00094728,"NY CITY CENTRAL PARK, NY US"
2024-11-01,NYC,79.0,79.0,noaa_nws_daily_tmax,C:/Weather Trading/Kalshi-Weather-Trading/data/raw/nws_daily).csv,USW00094728,"NY CITY CENTRAL PARK, NY US"
2024-11-02,NYC,60.0,60.0,noaa_nws_daily_tmax,C:/Weather Trading/Kalshi-Weather-Trading/data/raw/nws_daily).csv,USW00094728,"NY CITY CENTRAL PARK, NY US"
2024-11-03,NYC,54.0,54.0,noaa_nws_daily_tmax,C:/Weather Trading/Kalshi-Weather-Trading/data/raw/nws_daily).csv,USW00094728,"NY CITY CENTRAL PARK, NY US"
2024-11-04,NYC,58.0,58.0,noaa_nws_daily_tmax,C:/Weather Trading/Kalshi-Weather-Trading/data/raw/nws_daily).csv,USW00094728,"NY CITY CENTRAL PARK, NY US"
2024-11-05,NYC,73.0,73.0,noaa_nws_daily_tmax,C:/Weather Trading/Kalshi-Weather-Trading/data/raw/nws_daily).csv,USW00094728,"NY CITY CENTRAL PARK, NY US"
2024-11-06,NYC,80.0,80.0,noaa_nws_daily_tmax,C:/Weather Trading/Kalshi-Weather-Trading/data/raw/nws_daily).csv,USW00094728,"NY CITY CENTRAL PARK, NY US"
2024-11-07,NYC,73.0,73.0,noaa_nws_daily_tmax,C:/Weather Trading/Kalshi-Weather-Trading/data/raw/nws_daily).csv,USW00094728,"NY CITY CENTRAL PARK, NY US"
2024-11-08,NYC,69.0,69.0,noaa_nws_daily_tmax,C:/Weather Trading/Kalshi-Weather-Trading/data/raw/nws_daily).csv,USW00094728,"NY CITY CENTRAL PARK, NY US"
2024-11-09,NYC,54.0,54.0,noaa_nws_daily_tmax,C:/Weather Trading/Kalshi-Weather-Trading/data/raw/nws_daily).csv,USW00094728,"NY CITY CENTRAL PARK, NY US"
2024-11-10,NYC,58.0,58.0,noaa_nws_daily_tmax,C:/Weather Trading/Kalshi-Weather-Trading/data/raw/nws_daily).csv,USW00094728,"NY CITY CENTRAL PARK, NY US"
2024-11-11,NYC,68.0,68.0,noaa_nws_daily_tmax,C:/Weather Trading/Kalshi-Weather-Trading/data/raw/nws_daily).csv,USW00094728,"NY CITY CENTRAL PARK, NY US"
2024-11-12,NYC,59.0,59.0,noaa_nws_daily_tmax,C:/Weather Trading/Kalshi-Weather-Trading/data/raw/nws_daily).csv,USW00094728,"NY CITY CENTRAL PARK, NY US"
2024-11-13,NYC,50.0,50.0,noaa_nws_daily_tmax,C:/Weather Trading/Kalshi-Weather-Trading/data/raw/nws_daily).csv,USW00094728,"NY CITY CENTRAL PARK, NY US"
2024-11-14,NYC,47.0,47.0,noaa_nws_daily_tmax,C:/Weather Trading/Kalshi-Weather-Trading/data/raw/nws_daily).csv,USW00094728,"NY CITY CENTRAL PARK, NY US"
2024-11-15,NYC,58.0,58.0,noaa_nws_daily_tmax,C:/Weather Trading/Kalshi-Weather-Trading/data/raw/nws_daily).csv,USW00094728,"NY CITY CENTRAL PARK, NY US"
2024-11-16,NYC,62.0,62.0,noaa_nws_daily_tmax,C:/Weather Trading/Kalshi-Weather-Trading/data/raw/nws_daily).csv,USW00094728,"NY CITY CENTRAL PARK, NY US"
2024-11-17,NYC,63.0,63.0,noaa_nws_daily_tmax,C:/Weather Trading/Kalshi-Weather-Trading/data/raw/nws_daily).csv,USW00094728,"NY CITY CENTRAL PARK, NY US"
2024-11-18,NYC,66.0,66.0,noaa_nws_daily_tmax,C:/Weather Trading/Kalshi-Weather-Trading/data/raw/nws_daily).csv,USW00094728,"NY CITY CENTRAL PARK, NY US"
2024-11-19,NYC,60.0,60.0,noaa_nws_daily_tmax,C:/Weather Trading/Kalshi-Weather-Trading/data/raw/nws_daily).csv,USW00094728,"NY CITY CENTRAL PARK, NY US"
2024-11-20,NYC,60.0,60.0,noaa_nws_daily_tmax,C:/Weather Trading/Kalshi-Weather-Trading/data/raw/nws_daily).csv,USW00094728,"NY CITY CENTRAL PARK, NY US"
2024-11-21,NYC,54.0,54.0,noaa_nws_daily_tmax,C:/Weather Trading/Kalshi-Weather-Trading/data/raw/nws_daily).csv,USW00094728,"NY CITY CENTRAL PARK, NY US"
2024-11-22,NYC,40.0,40.0,noaa_nws_daily_tmax,C:/Weather Trading/Kalshi-Weather-Trading/data/raw/nws_daily).csv,USW00094728,"NY CITY CENTRAL PARK, NY US"
2024-11-23,NYC,49.0,49.0,noaa_nws_daily_tmax,C:/Weather Trading/Kalshi-Weather-Trading/data/raw/nws_daily).csv,USW00094728,"NY CITY CENTRAL PARK, NY US"
2024-11-24,NYC,53.0,53.0,noaa_nws_daily_tmax,C:/Weather Trading/Kalshi-Weather-Trading/data/raw/nws_daily).csv,USW00094728,"NY CITY CENTRAL PARK, NY US"
2024-11-25,NYC,54.0,54.0,noaa_nws_daily_tmax,C:/Weather Trading/Kalshi-Weather-Trading/data/raw/nws_daily).csv,USW00094728,"NY CITY CENTRAL PARK, NY US"
2024-11-26,NYC,58.0,58.0,noaa_nws_daily_tmax,C:/Weather Trading/Kalshi-Weather-Trading/data/raw/nws_daily).csv,USW00094728,"NY CITY CENTRAL PARK, NY US"
2024-11-27,NYC,52.0,52.0,noaa_nws_daily_tmax,C:/Weather Trading/Kalshi-Weather-Trading/data/raw/nws_daily).csv,USW00094728,"NY CITY CENTRAL PARK, NY US"
2024-11-28,NYC,49.0,49.0,noaa_nws_daily_tmax,C:/Weather Trading/Kalshi-Weather-Trading/data/raw/nws_daily).csv,USW00094728,"NY CITY CENTRAL PARK, NY US"
2024-11-29,NYC,47.0,47.0,noaa_nws_daily_tmax,C:/Weather Trading/Kalshi-Weather-Trading/data/raw/nws_daily).csv,USW00094728,"NY CITY CENTRAL PARK, NY US"
2024-11-30,NYC,39.0,39.0,noaa_nws_daily_tmax,C:/Weather Trading/Kalshi-Weather-Trading/data/raw/nws_daily).csv,USW00094728,"NY CITY CENTRAL PARK, NY US"
2024-12-01,NYC,38.0,38.0,noaa_nws_daily_tmax,C:/Weather Trading/Kalshi-Weather-Trading/data/raw/nws_daily).csv,USW00094728,"NY CITY CENTRAL PARK, NY US"
2024-12-02,NYC,39.0,39.0,noaa_nws_daily_tmax,C:/Weather Trading/Kalshi-Weather-Trading/data/raw/nws_daily).csv,USW00094728,"NY CITY CENTRAL PARK, NY US"
2024-12-03,NYC,42.0,42.0,noaa_nws_daily_tmax,C:/Weather Trading/Kalshi-Weather-Trading/data/raw/nws_daily).csv,USW00094728,"NY CITY CENTRAL PARK, NY US"
2024-12-04,NYC,42.0,42.0,noaa_nws_daily_tmax,C:/Weather Trading/Kalshi-Weather-Trading/data/raw/nws_daily).csv,USW00094728,"NY CITY CENTRAL PARK, NY US"
2024-12-05,NYC,40.0,40.0,noaa_nws_daily_tmax,C:/Weather Trading/Kalshi-Weather-Trading/data/raw/nws_daily).csv,USW00094728,"NY CITY CENTRAL PARK, NY US"
2024-12-06,NYC,34.0,34.0,noaa_nws_daily_tmax,C:/Weather Trading/Kalshi-Weather-Trading/data/raw/nws_daily).csv,USW00094728,"NY CITY CENTRAL PARK, NY US"
2024-12-07,NYC,41.0,41.0,noaa_nws_daily_tmax,C:/Weather Trading/Kalshi-Weather-Trading/data/raw/nws_daily).csv,USW00094728,"NY CITY CENTRAL PARK, NY US"
2024-12-08,NYC,55.0,55.0,noaa_nws_daily_tmax,C:/Weather Trading/Kalshi-Weather-Trading/data/raw/nws_daily).csv,USW00094728,"NY CITY CENTRAL PARK, NY US"
2024-12-09,NYC,51.0,51.0,noaa_nws_daily_tmax,C:/Weather Trading/Kalshi-Weather-Trading/data/raw/nws_daily).csv,USW00094728,"NY CITY CENTRAL PARK, NY US"
2024-12-10,NYC,50.0,50.0,noaa_nws_daily_tmax,C:/Weather Trading/Kalshi-Weather-Trading/data/raw/nws_daily).csv,USW00094728,"NY CITY CENTRAL PARK, NY US"
2024-12-11,NYC,60.0,60.0,noaa_nws_daily_tmax,C:/Weather Trading/Kalshi-Weather-Trading/data/raw/nws_daily).csv,USW00094728,"NY CITY CENTRAL PARK, NY US"
2024-12-12,NYC,41.0,41.0,noaa_nws_daily_tmax,C:/Weather Trading/Kalshi-Weather-Trading/data/raw/nws_daily).csv,USW00094728,"NY CITY CENTRAL PARK, NY US"
2024-12-13,NYC,33.0,33.0,noaa_nws_daily_tmax,C:/Weather Trading/Kalshi-Weather-Trading/data/raw/nws_daily).csv,USW00094728,"NY CITY CENTRAL PARK, NY US"
2024-12-14,NYC,34.0,34.0,noaa_nws_daily_tmax,C:/Weather Trading/Kalshi-Weather-Trading/data/raw/nws_daily).csv,USW00094728,"NY CITY CENTRAL PARK, NY US"
2024-12-15,NYC,41.0,41.0,noaa_nws_daily_tmax,C:/Weather Trading/Kalshi-Weather-Trading/data/raw/nws_daily).csv,USW00094728,"NY CITY CENTRAL PARK, NY US"
2024-12-16,NYC,52.0,52.0,noaa_nws_daily_tmax,C:/Weather Trading/Kalshi-Weather-Trading/data/raw/nws_daily).csv,USW00094728,"NY CITY CENTRAL PARK, NY US"
2024-12-17,NYC,59.0,59.0,noaa_nws_daily_tmax,C:/Weather Trading/Kalshi-Weather-Trading/data/raw/nws_daily).csv,USW00094728,"NY CITY CENTRAL PARK, NY US"
2024-12-18,NYC,53.0,53.0,noaa_nws_daily_tmax,C:/Weather Trading/Kalshi-Weather-Trading/data/raw/nws_daily).csv,USW00094728,"NY CITY CENTRAL PARK, NY US"
2024-12-19,NYC,45.0,45.0,noaa_nws_daily_tmax,C:/Weather Trading/Kalshi-Weather-Trading/data/raw/nws_daily).csv,USW00094728,"NY CITY CENTRAL PARK, NY US"
2024-12-20,NYC,37.0,37.0,noaa_nws_daily_tmax,C:/Weather Trading/Kalshi-Weather-Trading/data/raw/nws_daily).csv,USW00094728,"NY CITY CENTRAL PARK, NY US"
2024-12-21,NYC,33.0,33.0,noaa_nws_daily_tmax,C:/Weather Trading/Kalshi-Weather-Trading/data/raw/nws_daily).csv,USW00094728,"NY CITY CENTRAL PARK, NY US"
2024-12-22,NYC,21.0,21.0,noaa_nws_daily_tmax,C:/Weather Trading/Kalshi-Weather-Trading/data/raw/nws_daily).csv,USW00094728,"NY CITY CENTRAL PARK, NY US"
2024-12-23,NYC,31.0,31.0,noaa_nws_daily_tmax,C:/Weather Trading/Kalshi-Weather-Trading/data/raw/nws_daily).csv,USW00094728,"NY CITY CENTRAL PARK, NY US"
2024-12-24,NYC,39.0,39.0,noaa_nws_daily_tmax,C:/Weather Trading/Kalshi-Weather-Trading/data/raw/nws_daily).csv,USW00094728,"NY CITY CENTRAL PARK, NY US"
2024-12-25,NYC,35.0,35.0,noaa_nws_daily_tmax,C:/Weather Trading/Kalshi-Weather-Trading/data/raw/nws_daily).csv,USW00094728,"NY CITY CENTRAL PARK, NY US"
2024-12-26,NYC,36.0,36.0,noaa_nws_daily_tmax,C:/Weather Trading/Kalshi-Weather-Trading/data/raw/nws_daily).csv,USW00094728,"NY CITY CENTRAL PARK, NY US"
2024-12-27,NYC,44.0,44.0,noaa_nws_daily_tmax,C:/Weather Trading/Kalshi-Weather-Trading/data/raw/nws_daily).csv,USW00094728,"NY CITY CENTRAL PARK, NY US"
2024-12-28,NYC,54.0,54.0,noaa_nws_daily_tmax,C:/Weather Trading/Kalshi-Weather-Trading/data/raw/nws_daily).csv,USW00094728,"NY CITY CENTRAL PARK, NY US"
2024-12-29,NYC,60.0,60.0,noaa_nws_daily_tmax,C:/Weather Trading/Kalshi-Weather-Trading/data/raw/nws_daily).csv,USW00094728,"NY CITY CENTRAL PARK, NY US"
2024-12-30,NYC,58.0,58.0,noaa_nws_daily_tmax,C:/Weather Trading/Kalshi-Weather-Trading/data/raw/nws_daily).csv,USW00094728,"NY CITY CENTRAL PARK, NY US"
2024-12-31,NYC,53.0,53.0,noaa_nws_daily_tmax,C:/Weather Trading/Kalshi-Weather-Trading/data/raw/nws_daily).csv,USW00094728,"NY CITY CENTRAL PARK, NY US"
2025-01-01,NYC,51.0,51.0,noaa_nws_daily_tmax,C:/Weather Trading/Kalshi-Weather-Trading/data/raw/nws_daily).csv,USW00094728,"NY CITY CENTRAL PARK, NY US"
2025-01-02,NYC,43.0,43.0,noaa_nws_daily_tmax,C:/Weather Trading/Kalshi-Weather-Trading/data/raw/nws_daily).csv,USW00094728,"NY CITY CENTRAL PARK, NY US"
2025-01-03,NYC,39.0,39.0,noaa_nws_daily_tmax,C:/Weather Trading/Kalshi-Weather-Trading/data/raw/nws_daily).csv,USW00094728,"NY CITY CENTRAL PARK, NY US"
2025-01-04,NYC,33.0,33.0,noaa_nws_daily_tmax,C:/Weather Trading/Kalshi-Weather-Trading/data/raw/nws_daily).csv,USW00094728,"NY CITY CENTRAL PARK, NY US"
2025-01-05,NYC,33.0,33.0,noaa_nws_daily_tmax,C:/Weather Trading/Kalshi-Weather-Trading/data/raw/nws_daily).csv,USW00094728,"NY CITY CENTRAL PARK, NY US"
2025-01-06,NYC,30.0,30.0,noaa_nws_daily_tmax,C:/Weather Trading/Kalshi-Weather-Trading/data/raw/nws_daily).csv,USW00094728,"NY CITY CENTRAL PARK, NY US"
2025-01-07,NYC,33.0,33.0,noaa_nws_daily_tmax,C:/Weather Trading/Kalshi-Weather-Trading/data/raw/nws_daily).csv,USW00094728,"NY CITY CENTRAL PARK, NY US"
2025-01-08,NYC,30.0,30.0,noaa_nws_daily_tmax,C:/Weather Trading/Kalshi-Weather-Trading/data/raw/nws_daily).csv,USW00094728,"NY CITY CENTRAL PARK, NY US"
2025-01-09,NYC,33.0,33.0,noaa_nws_daily_tmax,C:/Weather Trading/Kalshi-Weather-Trading/data/raw/nws_daily).csv,USW00094728,"NY CITY CENTRAL PARK, NY US"
2025-01-10,NYC,39.0,39.0,noaa_nws_daily_tmax,C:/Weather Trading/Kalshi-Weather-Trading/data/raw/nws_daily).csv,USW00094728,"NY CITY CENTRAL PARK, NY US"
2025-01-11,NYC,36.0,36.0,noaa_nws_daily_tmax,C:/Weather Trading/Kalshi-Weather-Trading/data/raw/nws_daily).csv,USW00094728,"NY CITY CENTRAL PARK, NY US"
2025-01-12,NYC,42.0,42.0,noaa_nws_daily_tmax,C:/Weather Trading/Kalshi-Weather-Trading/data/raw/nws_daily).csv,USW00094728,"NY CITY CENTRAL PARK, NY US"
2025-01-13,NYC,42.0,42.0,noaa_nws_daily_tmax,C:/Weather Trading/Kalshi-Weather-Trading/data/raw/nws_daily).csv,USW00094728,"NY CITY CENTRAL PARK, NY US"
2025-01-14,NYC,35.0,35.0,noaa_nws_daily_tmax,C:/Weather Trading/Kalshi-Weather-Trading/data/raw/nws_daily).csv,USW00094728,"NY CITY CENTRAL PARK, NY US"
2025-01-15,NYC,32.0,32.0,noaa_nws_daily_tmax,C:/Weather Trading/Kalshi-Weather-Trading/data/raw/nws_daily).csv,USW00094728,"NY CITY CENTRAL PARK, NY US"
2025-01-16,NYC,30.0,30.0,noaa_nws_daily_tmax,C:/Weather Trading/Kalshi-Weather-Trading/data/raw/nws_daily).csv,USW00094728,"NY CITY CENTRAL PARK, NY US"
2025-01-17,NYC,42.0,42.0,noaa_nws_daily_tmax,C:/Weather Trading/Kalshi-Weather-Trading/data/raw/nws_daily).csv,USW00094728,"NY CITY CENTRAL PARK, NY US"
2025-01-18,NYC,46.0,46.0,noaa_nws_daily_tmax,C:/Weather Trading/Kalshi-Weather-Trading/data/raw/nws_daily).csv,USW00094728,"NY CITY CENTRAL PARK, NY US"
2025-01-19,NYC,41.0,41.0,noaa_nws_daily_tmax,C:/Weather Trading/Kalshi-Weather-Trading/data/raw/nws_daily).csv,USW00094728,"NY CITY CENTRAL PARK, NY US"
2025-01-20,NYC,26.0,26.0,noaa_nws_daily_tmax,C:/Weather Trading/Kalshi-Weather-Trading/data/raw/nws_daily).csv,USW00094728,"NY CITY CENTRAL PARK, NY US"
2025-01-21,NYC,19.0,19.0,noaa_nws_daily_tmax,C:/Weather Trading/Kalshi-Weather-Trading/data/raw/nws_daily).csv,USW00094728,"NY CITY CENTRAL PARK, NY US"
2025-01-22,NYC,20.0,20.0,noaa_nws_daily_tmax,C:/Weather Trading/Kalshi-Weather-Trading/data/raw/nws_daily).csv,USW00094728,"NY CITY CENTRAL PARK, NY US"
2025-01-23,NYC,28.0,28.0,noaa_nws_daily_tmax,C:/Weather Trading/Kalshi-Weather-Trading/data/raw/nws_daily).csv,USW00094728,"NY CITY CENTRAL PARK, NY US"
2025-01-24,NYC,33.0,33.0,noaa_nws_daily_tmax,C:/Weather Trading/Kalshi-Weather-Trading/data/raw/nws_daily).csv,USW00094728,"NY CITY CENTRAL PARK, NY US"
2025-01-25,NYC,33.0,33.0,noaa_nws_daily_tmax,C:/Weather Trading/Kalshi-Weather-Trading/data/raw/nws_daily).csv,USW00094728,"NY CITY CENTRAL PARK, NY US"
2025-01-26,NYC,43.0,43.0,noaa_nws_daily_tmax,C:/Weather Trading/Kalshi-Weather-Trading/data/raw/nws_daily).csv,USW00094728,"NY CITY CENTRAL PARK, NY US"
2025-01-27,NYC,40.0,40.0,noaa_nws_daily_tmax,C:/Weather Trading/Kalshi-Weather-Trading/data/raw/nws_daily).csv,USW00094728,"NY CITY CENTRAL PARK, NY US"
2025-01-28,NYC,42.0,42.0,noaa_nws_daily_tmax,C:/Weather Trading/Kalshi-Weather-Trading/data/raw/nws_daily).csv,USW00094728,"NY CITY CENTRAL PARK, NY US"
2025-01-29,NYC,52.0,52.0,noaa_nws_daily_tmax,C:/Weather Trading/Kalshi-Weather-Trading/data/raw/nws_daily).csv,USW00094728,"NY CITY CENTRAL PARK, NY US"
2025-01-30,NYC,38.0,38.0,noaa_nws_daily_tmax,C:/Weather Trading/Kalshi-Weather-Trading/data/raw/nws_daily).csv,USW00094728,"NY CITY CENTRAL PARK, NY US"
2025-01-31,NYC,48.0,48.0,noaa_nws_daily_tmax,C:/Weather Trading/Kalshi-Weather-Trading/data/raw/nws_daily).csv,USW00094728,"NY CITY CENTRAL PARK, NY US"
2025-02-01,NYC,48.0,48.0,noaa_nws_daily_tmax,C:/Weather Trading/Kalshi-Weather-Trading/data/raw/nws_daily).csv,USW00094728,"NY CITY CENTRAL PARK, NY US"
2025-02-02,NYC,31.0,31.0,noaa_nws_daily_tmax,C:/Weather Trading/Kalshi-Weather-Trading/data/raw/nws_daily).csv,USW00094728,"NY CITY CENTRAL PARK, NY US"
2025-02-03,NYC,49.0,49.0,noaa_nws_daily_tmax,C:/Weather Trading/Kalshi-Weather-Trading/data/raw/nws_daily).csv,USW00094728,"NY CITY CENTRAL PARK, NY US"
2025-02-04,NYC,47.0,47.0,noaa_nws_daily_tmax,C:/Weather Trading/Kalshi-Weather-Trading/data/raw/nws_daily).csv,USW00094728,"NY CITY CENTRAL PARK, NY US"
2025-02-05,NYC,36.0,36.0,noaa_nws_daily_tmax,C:/Weather Trading/Kalshi-Weather-Trading/data/raw/nws_daily).csv,USW00094728,"NY CITY CENTRAL PARK, NY US"
2025-02-06,NYC,38.0,38.0,noaa_nws_daily_tmax,C:/Weather Trading/Kalshi-Weather-Trading/data/raw/nws_daily).csv,USW00094728,"NY CITY CENTRAL PARK, NY US"
2025-02-07,NYC,43.0,43.0,noaa_nws_daily_tmax,C:/Weather Trading/Kalshi-Weather-Trading/data/raw/nws_daily).csv,USW00094728,"NY CITY CENTRAL PARK, NY US"
2025-02-08,NYC,35.0,35.0,noaa_nws_daily_tmax,C:/Weather Trading/Kalshi-Weather-Trading/data/raw/nws_daily).csv,USW00094728,"NY CITY CENTRAL PARK, NY US"
2025-02-09,NYC,36.0,36.0,noaa_nws_daily_tmax,C:/Weather Trading/Kalshi-Weather-Trading/data/raw/nws_daily).csv,USW00094728,"NY CITY CENTRAL PARK, NY US"
2025-02-10,NYC,37.0,37.0,noaa_nws_daily_tmax,C:/Weather Trading/Kalshi-Weather-Trading/data/raw/nws_daily).csv,USW00094728,"NY CITY CENTRAL PARK, NY US"
2025-02-11,NYC,35.0,35.0,noaa_nws_daily_tmax,C:/Weather Trading/Kalshi-Weather-Trading/data/raw/nws_daily).csv,USW00094728,"NY CITY CENTRAL PARK, NY US"
2025-02-12,NYC,36.0,36.0,noaa_nws_daily_tmax,C:/Weather Trading/Kalshi-Weather-Trading/data/raw/nws_daily).csv,USW00094728,"NY CITY CENTRAL PARK, NY US"
2025-02-13,NYC,46.0,46.0,noaa_nws_daily_tmax,C:/Weather Trading/Kalshi-Weather-Trading/data/raw/nws_daily).csv,USW00094728,"NY CITY CENTRAL PARK, NY US"
2025-02-14,NYC,36.0,36.0,noaa_nws_daily_tmax,C:/Weather Trading/Kalshi-Weather-Trading/data/raw/nws_daily).csv,USW00094728,"NY CITY CENTRAL PARK, NY US"
2025-02-15,NYC,35.0,35.0,noaa_nws_daily_tmax,C:/Weather Trading/Kalshi-Weather-Trading/data/raw/nws_daily).csv,USW00094728,"NY CITY CENTRAL PARK, NY US"
2025-02-16,NYC,47.0,47.0,noaa_nws_daily_tmax,C:/Weather Trading/Kalshi-Weather-Trading/data/raw/nws_daily).csv,USW00094728,"NY CITY CENTRAL PARK, NY US"
2025-02-17,NYC,36.0,36.0,noaa_nws_daily_tmax,C:/Weather Trading/Kalshi-Weather-Trading/data/raw/nws_daily).csv,USW00094728,"NY CITY CENTRAL PARK, NY US"
2025-02-18,NYC,27.0,27.0,noaa_nws_daily_tmax,C:/Weather Trading/Kalshi-Weather-Trading/data/raw/nws_daily).csv,USW00094728,"NY CITY CENTRAL PARK, NY US"
2025-02-19,NYC,30.0,30.0,noaa_nws_daily_tmax,C:/Weather Trading/Kalshi-Weather-Trading/data/raw/nws_daily).csv,USW00094728,"NY CITY CENTRAL PARK, NY US"
2025-02-20,NYC,29.0,29.0,noaa_nws_daily_tmax,C:/Weather Trading/Kalshi-Weather-Trading/data/raw/nws_daily).csv,USW00094728,"NY CITY CENTRAL PARK, NY US"
2025-02-21,NYC,35.0,35.0,noaa_nws_daily_tmax,C:/Weather Trading/Kalshi-Weather-Trading/data/raw/nws_daily).csv,USW00094728,"NY CITY CENTRAL PARK, NY US"
2025-02-22,NYC,40.0,40.0,noaa_nws_daily_tmax,C:/Weather Trading/Kalshi-Weather-Trading/data/raw/nws_daily).csv,USW00094728,"NY CITY CENTRAL PARK, NY US"
2025-02-23,NYC,46.0,46.0,noaa_nws_daily_tmax,C:/Weather Trading/Kalshi-Weather-Trading/data/raw/nws_daily).csv,USW00094728,"NY CITY CENTRAL PARK, NY US"
2025-02-24,NYC,49.0,49.0,noaa_nws_daily_tmax,C:/Weather Trading/Kalshi-Weather-Trading/data/raw/nws_daily).csv,USW00094728,"NY CITY CENTRAL PARK, NY US"
2025-02-25,NYC,57.0,57.0,noaa_nws_daily_tmax,C:/Weather Trading/Kalshi-Weather-Trading/data/raw/nws_daily).csv,USW00094728,"NY CITY CENTRAL PARK, NY US"
2025-02-26,NYC,56.0,56.0,noaa_nws_daily_tmax,C:/Weather Trading/Kalshi-Weather-Trading/data/raw/nws_daily).csv,USW00094728,"NY CITY CENTRAL PARK, NY US"
2025-02-27,NYC,54.0,54.0,noaa_nws_daily_tmax,C:/Weather Trading/Kalshi-Weather-Trading/data/raw/nws_daily).csv,USW00094728,"NY CITY CENTRAL PARK, NY US"
2025-02-28,NYC,51.0,51.0,noaa_nws_daily_tmax,C:/Weather Trading/Kalshi-Weather-Trading/data/raw/nws_daily).csv,USW00094728,"NY CITY CENTRAL PARK, NY US"
2025-03-01,NYC,64.0,64.0,noaa_nws_daily_tmax,C:/Weather Trading/Kalshi-Weather-Trading/data/raw/nws_daily).csv,USW00094728,"NY CITY CENTRAL PARK, NY US"
2025-03-02,NYC,33.0,33.0,noaa_nws_daily_tmax,C:/Weather Trading/Kalshi-Weather-Trading/data/raw/nws_daily).csv,USW00094728,"NY CITY CENTRAL PARK, NY US"
2025-03-03,NYC,39.0,39.0,noaa_nws_daily_tmax,C:/Weather Trading/Kalshi-Weather-Trading/data/raw/nws_daily).csv,USW00094728,"NY CITY CENTRAL PARK, NY US"
2025-03-04,NYC,52.0,52.0,noaa_nws_daily_tmax,C:/Weather Trading/Kalshi-Weather-Trading/data/raw/nws_daily).csv,USW00094728,"NY CITY CENTRAL PARK, NY US"
2025-03-05,NYC,54.0,54.0,noaa_nws_daily_tmax,C:/Weather Trading/Kalshi-Weather-Trading/data/raw/nws_daily).csv,USW00094728,"NY CITY CENTRAL PARK, NY US"
2025-03-06,NYC,55.0,55.0,noaa_nws_daily_tmax,C:/Weather Trading/Kalshi-Weather-Trading/data/raw/nws_daily).csv,USW00094728,"NY CITY CENTRAL PARK, NY US"
2025-03-07,NYC,50.0,50.0,noaa_nws_daily_tmax,C:/Weather Trading/Kalshi-Weather-Trading/data/raw/nws_daily).csv,USW00094728,"NY CITY CENTRAL PARK, NY US"
2025-03-08,NYC,45.0,45.0,noaa_nws_daily_tmax,C:/Weather Trading/Kalshi-Weather-Trading/data/raw/nws_daily).csv,USW00094728,"NY CITY CENTRAL PARK, NY US"
2025-03-09,NYC,53.0,53.0,noaa_nws_daily_tmax,C:/Weather Trading/Kalshi-Weather-Trading/data/raw/nws_daily).csv,USW00094728,"NY CITY CENTRAL PARK, NY US"
2025-03-10,NYC,66.0,66.0,noaa_nws_daily_tmax,C:/Weather Trading/Kalshi-Weather-Trading/data/raw/nws_daily).csv,USW00094728,"NY CITY CENTRAL PARK, NY US"
2025-03-11,NYC,65.0,65.0,noaa_nws_daily_tmax,C:/Weather Trading/Kalshi-Weather-Trading/data/raw/nws_daily).csv,USW00094728,"NY CITY CENTRAL PARK, NY US"
2025-03-12,NYC,55.0,55.0,noaa_nws_daily_tmax,C:/Weather Trading/Kalshi-Weather-Trading/data/raw/nws_daily).csv,USW00094728,"NY CITY CENTRAL PARK, NY US"
2025-03-13,NYC,50.0,50.0,noaa_nws_daily_tmax,C:/Weather Trading/Kalshi-Weather-Trading/data/raw/nws_daily).csv,USW00094728,"NY CITY CENTRAL PARK, NY US"
2025-03-14,NYC,57.0,57.0,noaa_nws_daily_tmax,C:/Weather Trading/Kalshi-Weather-Trading/data/raw/nws_daily).csv,USW00094728,"NY CITY CENTRAL PARK, NY US"
2025-03-15,NYC,49.0,49.0,noaa_nws_daily_tmax,C:/Weather Trading/Kalshi-Weather-Trading/data/raw/nws_daily).csv,USW00094728,"NY CITY CENTRAL PARK, NY US"
2025-03-16,NYC,61.0,61.0,noaa_nws_daily_tmax,C:/Weather Trading/Kalshi-Weather-Trading/data/raw/nws_daily).csv,USW00094728,"NY CITY CENTRAL PARK, NY US"
2025-03-17,NYC,59.0,59.0,noaa_nws_daily_tmax,C:/Weather Trading/Kalshi-Weather-Trading/data/raw/nws_daily).csv,USW00094728,"NY CITY CENTRAL PARK, NY US"
2025-03-18,NYC,61.0,61.0,noaa_nws_daily_tmax,C:/Weather Trading/Kalshi-Weather-Trading/data/raw/nws_daily).csv,USW00094728,"NY CITY CENTRAL PARK, NY US"
2025-03-19,NYC,63.0,63.0,noaa_nws_daily_tmax,C:/Weather Trading/Kalshi-Weather-Trading/data/raw/nws_daily).csv,USW00094728,"NY CITY CENTRAL PARK, NY US"
2025-03-20,NYC,52.0,52.0,noaa_nws_daily_tmax,C:/Weather Trading/Kalshi-Weather-Trading/data/raw/nws_daily).csv,USW00094728,"NY CITY CENTRAL PARK, NY US"
2025-03-21,NYC,51.0,51.0,noaa_nws_daily_tmax,C:/Weather Trading/Kalshi-Weather-Trading/data/raw/nws_daily).csv,USW00094728,"NY CITY CENTRAL PARK, NY US"
2025-03-22,NYC,64.0,64.0,noaa_nws_daily_tmax,C:/Weather Trading/Kalshi-Weather-Trading/data/raw/nws_daily).csv,USW00094728,"NY CITY CENTRAL PARK, NY US"
2025-03-23,NYC,48.0,48.0,noaa_nws_daily_tmax,C:/Weather Trading/Kalshi-Weather-Trading/data/raw/nws_daily).csv,USW00094728,"NY CITY CENTRAL PARK, NY US"
2025-03-24,NYC,50.0,50.0,noaa_nws_daily_tmax,C:/Weather Trading/Kalshi-Weather-Trading/data/raw/nws_daily).csv,USW00094728,"NY CITY CENTRAL PARK, NY US"
2025-03-25,NYC,58.0,58.0,noaa_nws_daily_tmax,C:/Weather Trading/Kalshi-Weather-Trading/data/raw/nws_daily).csv,USW00094728,"NY CITY CENTRAL PARK, NY US"
2025-03-26,NYC,53.0,53.0,noaa_nws_daily_tmax,C:/Weather Trading/Kalshi-Weather-Trading/data/raw/nws_daily).csv,USW00094728,"NY CITY CENTRAL PARK, NY US"
2025-03-27,NYC,53.0,53.0,noaa_nws_daily_tmax,C:/Weather Trading/Kalshi-Weather-Trading/data/raw/nws_daily).csv,USW00094728,"NY CITY CENTRAL PARK, NY US"
2025-03-28,NYC,63.0,63.0,noaa_nws_daily_tmax,C:/Weather Trading/Kalshi-Weather-Trading/data/raw/nws_daily).csv,USW00094728,"NY CITY CENTRAL PARK, NY US"
2025-03-29,NYC,81.0,81.0,noaa_nws_daily_tmax,C:/Weather Trading/Kalshi-Weather-Trading/data/raw/nws_daily).csv,USW00094728,"NY CITY CENTRAL PARK, NY US"
2025-03-30,NYC,48.0,48.0,noaa_nws_daily_tmax,C:/Weather Trading/Kalshi-Weather-Trading/data/raw/nws_daily).csv,USW00094728,"NY CITY CENTRAL PARK, NY US"
2025-03-31,NYC,73.0,73.0,noaa_nws_daily_tmax,C:/Weather Trading/Kalshi-Weather-Trading/data/raw/nws_daily).csv,USW00094728,"NY CITY CENTRAL PARK, NY US"
2025-04-01,NYC,58.0,58.0,noaa_nws_daily_tmax,C:/Weather Trading/Kalshi-Weather-Trading/data/raw/nws_daily).csv,USW00094728,"NY CITY CENTRAL PARK, NY US"
2025-04-02,NYC,49.0,49.0,noaa_nws_daily_tmax,C:/Weather Trading/Kalshi-Weather-Trading/data/raw/nws_daily).csv,USW00094728,"NY CITY CENTRAL PARK, NY US"
2025-04-03,NYC,73.0,73.0,noaa_nws_daily_tmax,C:/Weather Trading/Kalshi-Weather-Trading/data/raw/nws_daily).csv,USW00094728,"NY CITY CENTRAL PARK, NY US"
2025-04-04,NYC,73.0,73.0,noaa_nws_daily_tmax,C:/Weather Trading/Kalshi-Weather-Trading/data/raw/nws_daily).csv,USW00094728,"NY CITY CENTRAL PARK, NY US"
2025-04-05,NYC,59.0,59.0,noaa_nws_daily_tmax,C:/Weather Trading/Kalshi-Weather-Trading/data/raw/nws_daily).csv,USW00094728,"NY CITY CENTRAL PARK, NY US"
2025-04-06,NYC,56.0,56.0,noaa_nws_daily_tmax,C:/Weather Trading/Kalshi-Weather-Trading/data/raw/nws_daily).csv,USW00094728,"NY CITY CENTRAL PARK, NY US"
2025-04-07,NYC,50.0,50.0,noaa_nws_daily_tmax,C:/Weather Trading/Kalshi-Weather-Trading/data/raw/nws_daily).csv,USW00094728,"NY CITY CENTRAL PARK, NY US"
2025-04-08,NYC,45.0,45.0,noaa_nws_daily_tmax,C:/Weather Trading/Kalshi-Weather-Trading/data/raw/nws_daily).csv,USW00094728,"NY CITY CENTRAL PARK, NY US"
2025-04-09,NYC,49.0,49.0,noaa_nws_daily_tmax,C:/Weather Trading/Kalshi-Weather-Trading/data/raw/nws_daily).csv,USW00094728,"NY CITY CENTRAL PARK, NY US"
2025-04-10,NYC,51.0,51.0,noaa_nws_daily_tmax,C:/Weather Trading/Kalshi-Weather-Trading/data/raw/nws_daily).csv,USW00094728,"NY CITY CENTRAL PARK, NY US"
2025-04-11,NYC,46.0,46.0,noaa_nws_daily_tmax,C:/Weather Trading/Kalshi-Weather-Trading/data/raw/nws_daily).csv,USW00094728,"NY CITY CENTRAL PARK, NY US"
2025-04-12,NYC,40.0,40.0,noaa_nws_daily_tmax,C:/Weather Trading/Kalshi-Weather-Trading/data/raw/nws_daily).csv,USW00094728,"NY CITY CENTRAL PARK, NY US"
2025-04-13,NYC,58.0,58.0,noaa_nws_daily_tmax,C:/Weather Trading/Kalshi-Weather-Trading/data/raw/nws_daily).csv,USW00094728,"NY CITY CENTRAL PARK, NY US"
2025-04-14,NYC,66.0,66.0,noaa_nws_daily_tmax,C:/Weather Trading/Kalshi-Weather-Trading/data/raw/nws_daily).csv,USW00094728,"NY CITY CENTRAL PARK, NY US"
2025-04-15,NYC,69.0,69.0,noaa_nws_daily_tmax,C:/Weather Trading/Kalshi-Weather-Trading/data/raw/nws_daily).csv,USW00094728,"NY CITY CENTRAL PARK, NY US"
2025-04-16,NYC,50.0,50.0,noaa_nws_daily_tmax,C:/Weather Trading/Kalshi-Weather-Trading/data/raw/nws_daily).csv,USW00094728,"NY CITY CENTRAL PARK, NY US"
2025-04-17,NYC,64.0,64.0,noaa_nws_daily_tmax,C:/Weather Trading/Kalshi-Weather-Trading/data/raw/nws_daily).csv,USW00094728,"NY CITY CENTRAL PARK, NY US"
2025-04-18,NYC,68.0,68.0,noaa_nws_daily_tmax,C:/Weather Trading/Kalshi-Weather-Trading/data/raw/nws_daily).csv,USW00094728,"NY CITY CENTRAL PARK, NY US"
2025-04-19,NYC,85.0,85.0,noaa_nws_daily_tmax,C:/Weather Trading/Kalshi-Weather-Trading/data/raw/nws_daily).csv,USW00094728,"NY CITY CENTRAL PARK, NY US"
2025-04-20,NYC,73.0,73.0,noaa_nws_daily_tmax,C:/Weather Trading/Kalshi-Weather-Trading/data/raw/nws_daily).csv,USW00094728,"NY CITY CENTRAL PARK, NY US"
2025-04-21,NYC,57.0,57.0,noaa_nws_daily_tmax,C:/Weather Trading/Kalshi-Weather-Trading/data/raw/nws_daily).csv,USW00094728,"NY CITY CENTRAL PARK, NY US"
2025-04-22,NYC,82.0,82.0,noaa_nws_daily_tmax,C:/Weather Trading/Kalshi-Weather-Trading/data/raw/nws_daily).csv,USW00094728,"NY CITY CENTRAL PARK, NY US"
2025-04-23,NYC,76.0,76.0,noaa_nws_daily_tmax,C:/Weather Trading/Kalshi-Weather-Trading/data/raw/nws_daily).csv,USW00094728,"NY CITY CENTRAL PARK, NY US"
2025-04-24,NYC,77.0,77.0,noaa_nws_daily_tmax,C:/Weather Trading/Kalshi-Weather-Trading/data/raw/nws_daily).csv,USW00094728,"NY CITY CENTRAL PARK, NY US"
2025-04-25,NYC,77.0,77.0,noaa_nws_daily_tmax,C:/Weather Trading/Kalshi-Weather-Trading/data/raw/nws_daily).csv,USW00094728,"NY CITY CENTRAL PARK, NY US"
2025-04-26,NYC,74.0,74.0,noaa_nws_daily_tmax,C:/Weather Trading/Kalshi-Weather-Trading/data/raw/nws_daily).csv,USW00094728,"NY CITY CENTRAL PARK, NY US"
2025-04-27,NYC,59.0,59.0,noaa_nws_daily_tmax,C:/Weather Trading/Kalshi-Weather-Trading/data/raw/nws_daily).csv,USW00094728,"NY CITY CENTRAL PARK, NY US"
2025-04-28,NYC,76.0,76.0,noaa_nws_daily_tmax,C:/Weather Trading/Kalshi-Weather-Trading/data/raw/nws_daily).csv,USW00094728,"NY CITY CENTRAL PARK, NY US"
2025-04-29,NYC,79.0,79.0,noaa_nws_daily_tmax,C:/Weather Trading/Kalshi-Weather-Trading/data/raw/nws_daily).csv,USW00094728,"NY CITY CENTRAL PARK, NY US"
2025-04-30,NYC,73.0,73.0,noaa_nws_daily_tmax,C:/Weather Trading/Kalshi-Weather-Trading/data/raw/nws_daily).csv,USW00094728,"NY CITY CENTRAL PARK, NY US"
2025-05-01,NYC,71.0,71.0,noaa_nws_daily_tmax,C:/Weather Trading/Kalshi-Weather-Trading/data/raw/nws_daily).csv,USW00094728,"NY CITY CENTRAL PARK, NY US"
2025-05-02,NYC,84.0,84.0,noaa_nws_daily_tmax,C:/Weather Trading/Kalshi-Weather-Trading/data/raw/nws_daily).csv,USW00094728,"NY CITY CENTRAL PARK, NY US"
2025-05-03,NYC,85.0,85.0,noaa_nws_daily_tmax,C:/Weather Trading/Kalshi-Weather-Trading/data/raw/nws_daily).csv,USW00094728,"NY CITY CENTRAL PARK, NY US"
2025-05-04,NYC,69.0,69.0,noaa_nws_daily_tmax,C:/Weather Trading/Kalshi-Weather-Trading/data/raw/nws_daily).csv,USW00094728,"NY CITY CENTRAL PARK, NY US"
2025-05-05,NYC,61.0,61.0,noaa_nws_daily_tmax,C:/Weather Trading/Kalshi-Weather-Trading/data/raw/nws_daily).csv,USW00094728,"NY CITY CENTRAL PARK, NY US"
2025-05-06,NYC,64.0,64.0,noaa_nws_daily_tmax,C:/Weather Trading/Kalshi-Weather-Trading/data/raw/nws_daily).csv,USW00094728,"NY CITY CENTRAL PARK, NY US"
2025-05-07,NYC,74.0,74.0,noaa_nws_daily_tmax,C:/Weather Trading/Kalshi-Weather-Trading/data/raw/nws_daily).csv,USW00094728,"NY CITY CENTRAL PARK, NY US"
2025-05-08,NYC,78.0,78.0,noaa_nws_daily_tmax,C:/Weather Trading/Kalshi-Weather-Trading/data/raw/nws_daily).csv,USW00094728,"NY CITY CENTRAL PARK, NY US"
2025-05-09,NYC,60.0,60.0,noaa_nws_daily_tmax,C:/Weather Trading/Kalshi-Weather-Trading/data/raw/nws_daily).csv,USW00094728,"NY CITY CENTRAL PARK, NY US"
2025-05-10,NYC,72.0,72.0,noaa_nws_daily_tmax,C:/Weather Trading/Kalshi-Weather-Trading/data/raw/nws_daily).csv,USW00094728,"NY CITY CENTRAL PARK, NY US"
2025-05-11,NYC,77.0,77.0,noaa_nws_daily_tmax,C:/Weather Trading/Kalshi-Weather-Trading/data/raw/nws_daily).csv,USW00094728,"NY CITY CENTRAL PARK, NY US"
2025-05-12,NYC,72.0,72.0,noaa_nws_daily_tmax,C:/Weather Trading/Kalshi-Weather-Trading/data/raw/nws_daily).csv,USW00094728,"NY CITY CENTRAL PARK, NY US"
2025-05-13,NYC,69.0,69.0,noaa_nws_daily_tmax,C:/Weather Trading/Kalshi-Weather-Trading/data/raw/nws_daily).csv,USW00094728,"NY CITY CENTRAL PARK, NY US"
2025-05-14,NYC,62.0,62.0,noaa_nws_daily_tmax,C:/Weather Trading/Kalshi-Weather-Trading/data/raw/nws_daily).csv,USW00094728,"NY CITY CENTRAL PARK, NY US"
2025-05-15,NYC,69.0,69.0,noaa_nws_daily_tmax,C:/Weather Trading/Kalshi-Weather-Trading/data/raw/nws_daily).csv,USW00094728,"NY CITY CENTRAL PARK, NY US"
2025-05-16,NYC,72.0,72.0,noaa_nws_daily_tmax,C:/Weather Trading/Kalshi-Weather-Trading/data/raw/nws_daily).csv,USW00094728,"NY CITY CENTRAL PARK, NY US"
2025-05-17,NYC,82.0,82.0,noaa_nws_daily_tmax,C:/Weather Trading/Kalshi-Weather-Trading/data/raw/nws_daily).csv,USW00094728,"NY CITY CENTRAL PARK, NY US"
2025-05-18,NYC,73.0,73.0,noaa_nws_daily_tmax,C:/Weather Trading/Kalshi-Weather-Trading/data/raw/nws_daily).csv,USW00094728,"NY CITY CENTRAL PARK, NY US"
2025-05-19,NYC,69.0,69.0,noaa_nws_daily_tmax,C:/Weather Trading/Kalshi-Weather-Trading/data/raw/nws_daily).csv,USW00094728,"NY CITY CENTRAL PARK, NY US"
2025-05-20,NYC,67.0,67.0,noaa_nws_daily_tmax,C:/Weather Trading/Kalshi-Weather-Trading/data/raw/nws_daily).csv,USW00094728,"NY CITY CENTRAL PARK, NY US"
2025-05-21,NYC,59.0,59.0,noaa_nws_daily_tmax,C:/Weather Trading/Kalshi-Weather-Trading/data/raw/nws_daily).csv,USW00094728,"NY CITY CENTRAL PARK, NY US"
2025-05-22,NYC,51.0,51.0,noaa_nws_daily_tmax,C:/Weather Trading/Kalshi-Weather-Trading/data/raw/nws_daily).csv,USW00094728,"NY CITY CENTRAL PARK, NY US"
2025-05-23,NYC,63.0,63.0,noaa_nws_daily_tmax,C:/Weather Trading/Kalshi-Weather-Trading/data/raw/nws_daily).csv,USW00094728,"NY CITY CENTRAL PARK, NY US"
2025-05-24,NYC,64.0,64.0,noaa_nws_daily_tmax,C:/Weather Trading/Kalshi-Weather-Trading/data/raw/nws_daily).csv,USW00094728,"NY CITY CENTRAL PARK, NY US"
2025-05-25,NYC,66.0,66.0,noaa_nws_daily_tmax,C:/Weather Trading/Kalshi-Weather-Trading/data/raw/nws_daily).csv,USW00094728,"NY CITY CENTRAL PARK, NY US"
2025-05-26,NYC,73.0,73.0,noaa_nws_daily_tmax,C:/Weather Trading/Kalshi-Weather-Trading/data/raw/nws_daily).csv,USW00094728,"NY CITY CENTRAL PARK, NY US"
2025-05-27,NYC,74.0,74.0,noaa_nws_daily_tmax,C:/Weather Trading/Kalshi-Weather-Trading/data/raw/nws_daily).csv,USW00094728,"NY CITY CENTRAL PARK, NY US"
2025-05-28,NYC,65.0,65.0,noaa_nws_daily_tmax,C:/Weather Trading/Kalshi-Weather-Trading/data/raw/nws_daily).csv,USW00094728,"NY CITY CENTRAL PARK, NY US"
2025-05-29,NYC,67.0,67.0,noaa_nws_daily_tmax,C:/Weather Trading/Kalshi-Weather-Trading/data/raw/nws_daily).csv,USW00094728,"NY CITY CENTRAL PARK, NY US"
2025-05-30,NYC,75.0,75.0,noaa_nws_daily_tmax,C:/Weather Trading/Kalshi-Weather-Trading/data/raw/nws_daily).csv,USW00094728,"NY CITY CENTRAL PARK, NY US"
2025-05-31,NYC,67.0,67.0,noaa_nws_daily_tmax,C:/Weather Trading/Kalshi-Weather-Trading/data/raw/nws_daily).csv,USW00094728,"NY CITY CENTRAL PARK, NY US"
2025-06-01,NYC,66.0,66.0,noaa_nws_daily_tmax,C:/Weather Trading/Kalshi-Weather-Trading/data/raw/nws_daily).csv,USW00094728,"NY CITY CENTRAL PARK, NY US"
2025-06-02,NYC,71.0,71.0,noaa_nws_daily_tmax,C:/Weather Trading/Kalshi-Weather-Trading/data/raw/nws_daily).csv,USW00094728,"NY CITY CENTRAL PARK, NY US"
2025-06-03,NYC,79.0,79.0,noaa_nws_daily_tmax,C:/Weather Trading/Kalshi-Weather-Trading/data/raw/nws_daily).csv,USW00094728,"NY CITY CENTRAL PARK, NY US"
2025-06-04,NYC,83.0,83.0,noaa_nws_daily_tmax,C:/Weather Trading/Kalshi-Weather-Trading/data/raw/nws_daily).csv,USW00094728,"NY CITY CENTRAL PARK, NY US"
2025-06-05,NYC,87.0,87.0,noaa_nws_daily_tmax,C:/Weather Trading/Kalshi-Weather-Trading/data/raw/nws_daily).csv,USW00094728,"NY CITY CENTRAL PARK, NY US"
2025-06-06,NYC,84.0,84.0,noaa_nws_daily_tmax,C:/Weather Trading/Kalshi-Weather-Trading/data/raw/nws_daily).csv,USW00094728,"NY CITY CENTRAL PARK, NY US"
2025-06-07,NYC,76.0,76.0,noaa_nws_daily_tmax,C:/Weather Trading/Kalshi-Weather-Trading/data/raw/nws_daily).csv,USW00094728,"NY CITY CENTRAL PARK, NY US"
2025-06-08,NYC,76.0,76.0,noaa_nws_daily_tmax,C:/Weather Trading/Kalshi-Weather-Trading/data/raw/nws_daily).csv,USW00094728,"NY CITY CENTRAL PARK, NY US"
2025-06-09,NYC,64.0,64.0,noaa_nws_daily_tmax,C:/Weather Trading/Kalshi-Weather-Trading/data/raw/nws_daily).csv,USW00094728,"NY CITY CENTRAL PARK, NY US"
2025-06-10,NYC,73.0,73.0,noaa_nws_daily_tmax,C:/Weather Trading/Kalshi-Weather-Trading/data/raw/nws_daily).csv,USW00094728,"NY CITY CENTRAL PARK, NY US"
2025-06-11,NYC,81.0,81.0,noaa_nws_daily_tmax,C:/Weather Trading/Kalshi-Weather-Trading/data/raw/nws_daily).csv,USW00094728,"NY CITY CENTRAL PARK, NY US"
2025-06-12,NYC,87.0,87.0,noaa_nws_daily_tmax,C:/Weather Trading/Kalshi-Weather-Trading/data/raw/nws_daily).csv,USW00094728,"NY CITY CENTRAL PARK, NY US"
2025-06-13,NYC,78.0,78.0,noaa_nws_daily_tmax,C:/Weather Trading/Kalshi-Weather-Trading/data/raw/nws_daily).csv,USW00094728,"NY CITY CENTRAL PARK, NY US"
2025-06-14,NYC,68.0,68.0,noaa_nws_daily_tmax,C:/Weather Trading/Kalshi-Weather-Trading/data/raw/nws_daily).csv,USW00094728,"NY CITY CENTRAL PARK, NY US"
2025-06-15,NYC,64.0,64.0,noaa_nws_daily_tmax,C:/Weather Trading/Kalshi-Weather-Trading/data/raw/nws_daily).csv,USW00094728,"NY CITY CENTRAL PARK, NY US"
2025-06-16,NYC,69.0,69.0,noaa_nws_daily_tmax,C:/Weather Trading/Kalshi-Weather-Trading/data/raw/nws_daily).csv,USW00094728,"NY CITY CENTRAL PARK, NY US"
2025-06-17,NYC,67.0,67.0,noaa_nws_daily_tmax,C:/Weather Trading/Kalshi-Weather-Trading/data/raw/nws_daily).csv,USW00094728,"NY CITY CENTRAL PARK, NY US"
2025-06-18,NYC,84.0,84.0,noaa_nws_daily_tmax,C:/Weather Trading/Kalshi-Weather-Trading/data/raw/nws_daily).csv,USW00094728,"NY CITY CENTRAL PARK, NY US"
2025-06-19,NYC,88.0,88.0,noaa_nws_daily_tmax,C:/Weather Trading/Kalshi-Weather-Trading/data/raw/nws_daily).csv,USW00094728,"NY CITY CENTRAL PARK, NY US"
2025-06-20,NYC,82.0,82.0,noaa_nws_daily_tmax,C:/Weather Trading/Kalshi-Weather-Trading/data/raw/nws_daily).csv,USW00094728,"NY CITY CENTRAL PARK, NY US"
2025-06-21,NYC,86.0,86.0,noaa_nws_daily_tmax,C:/Weather Trading/Kalshi-Weather-Trading/data/raw/nws_daily).csv,USW00094728,"NY CITY CENTRAL PARK, NY US"
2025-06-22,NYC,88.0,88.0,noaa_nws_daily_tmax,C:/Weather Trading/Kalshi-Weather-Trading/data/raw/nws_daily).csv,USW00094728,"NY CITY CENTRAL PARK, NY US"
2025-06-23,NYC,96.0,96.0,noaa_nws_daily_tmax,C:/Weather Trading/Kalshi-Weather-Trading/data/raw/nws_daily).csv,USW00094728,"NY CITY CENTRAL PARK, NY US"
2025-06-24,NYC,99.0,99.0,noaa_nws_daily_tmax,C:/Weather Trading/Kalshi-Weather-Trading/data/raw/nws_daily).csv,USW00094728,"NY CITY CENTRAL PARK, NY US"
2025-06-25,NYC,96.0,96.0,noaa_nws_daily_tmax,C:/Weather Trading/Kalshi-Weather-Trading/data/raw/nws_daily).csv,USW00094728,"NY CITY CENTRAL PARK, NY US"
2025-06-26,NYC,85.0,85.0,noaa_nws_daily_tmax,C:/Weather Trading/Kalshi-Weather-Trading/data/raw/nws_daily).csv,USW00094728,"NY CITY CENTRAL PARK, NY US"
2025-06-27,NYC,72.0,72.0,noaa_nws_daily_tmax,C:/Weather Trading/Kalshi-Weather-Trading/data/raw/nws_daily).csv,USW00094728,"NY CITY CENTRAL PARK, NY US"
2025-06-28,NYC,83.0,83.0,noaa_nws_daily_tmax,C:/Weather Trading/Kalshi-Weather-Trading/data/raw/nws_daily).csv,USW00094728,"NY CITY CENTRAL PARK, NY US"
2025-06-29,NYC,89.0,89.0,noaa_nws_daily_tmax,C:/Weather Trading/Kalshi-Weather-Trading/data/raw/nws_daily).csv,USW00094728,"NY CITY CENTRAL PARK, NY US"
2025-06-30,NYC,90.0,90.0,noaa_nws_daily_tmax,C:/Weather Trading/Kalshi-Weather-Trading/data/raw/nws_daily).csv,USW00094728,"NY CITY CENTRAL PARK, NY US"
2025-07-01,NYC,89.0,89.0,noaa_nws_daily_tmax,C:/Weather Trading/Kalshi-Weather-Trading/data/raw/nws_daily).csv,USW00094728,"NY CITY CENTRAL PARK, NY US"
2025-07-02,NYC,84.0,84.0,noaa_nws_daily_tmax,C:/Weather Trading/Kalshi-Weather-Trading/data/raw/nws_daily).csv,USW00094728,"NY CITY CENTRAL PARK, NY US"
2025-07-03,NYC,88.0,88.0,noaa_nws_daily_tmax,C:/Weather Trading/Kalshi-Weather-Trading/data/raw/nws_daily).csv,USW00094728,"NY CITY CENTRAL PARK, NY US"
2025-07-04,NYC,83.0,83.0,noaa_nws_daily_tmax,C:/Weather Trading/Kalshi-Weather-Trading/data/raw/nws_daily).csv,USW00094728,"NY CITY CENTRAL PARK, NY US"
2025-07-05,NYC,84.0,84.0,noaa_nws_daily_tmax,C:/Weather Trading/Kalshi-Weather-Trading/data/raw/nws_daily).csv,USW00094728,"NY CITY CENTRAL PARK, NY US"
2025-07-06,NYC,87.0,87.0,noaa_nws_daily_tmax,C:/Weather Trading/Kalshi-Weather-Trading/data/raw/nws_daily).csv,USW00094728,"NY CITY CENTRAL PARK, NY US"
2025-07-07,NYC,87.0,87.0,noaa_nws_daily_tmax,C:/Weather Trading/Kalshi-Weather-Trading/data/raw/nws_daily).csv,USW00094728,"NY CITY CENTRAL PARK, NY US"
2025-07-08,NYC,93.0,93.0,noaa_nws_daily_tmax,C:/Weather Trading/Kalshi-Weather-Trading/data/raw/nws_daily).csv,USW00094728,"NY CITY CENTRAL PARK, NY US"
2025-07-09,NYC,90.0,90.0,noaa_nws_daily_tmax,C:/Weather Trading/Kalshi-Weather-Trading/data/raw/nws_daily).csv,USW00094728,"NY CITY CENTRAL PARK, NY US"
2025-07-10,NYC,84.0,84.0,noaa_nws_daily_tmax,C:/Weather Trading/Kalshi-Weather-Trading/data/raw/nws_daily).csv,USW00094728,"NY CITY CENTRAL PARK, NY US"
2025-07-11,NYC,84.0,84.0,noaa_nws_daily_tmax,C:/Weather Trading/Kalshi-Weather-Trading/data/raw/nws_daily).csv,USW00094728,"NY CITY CENTRAL PARK, NY US"
2025-07-12,NYC,83.0,83.0,noaa_nws_daily_tmax,C:/Weather Trading/Kalshi-Weather-Trading/data/raw/nws_daily).csv,USW00094728,"NY CITY CENTRAL PARK, NY US"
2025-07-13,NYC,83.0,83.0,noaa_nws_daily_tmax,C:/Weather Trading/Kalshi-Weather-Trading/data/raw/nws_daily).csv,USW00094728,"NY CITY CENTRAL PARK, NY US"
2025-07-14,NYC,85.0,85.0,noaa_nws_daily_tmax,C:/Weather Trading/Kalshi-Weather-Trading/data/raw/nws_daily).csv,USW00094728,"NY CITY CENTRAL PARK, NY US"
2025-07-15,NYC,86.0,86.0,noaa_nws_daily_tmax,C:/Weather Trading/Kalshi-Weather-Trading/data/raw/nws_daily).csv,USW00094728,"NY CITY CENTRAL PARK, NY US"
2025-07-16,NYC,87.0,87.0,noaa_nws_daily_tmax,C:/Weather Trading/Kalshi-Weather-Trading/data/raw/nws_daily).csv,USW00094728,"NY CITY CENTRAL PARK, NY US"
2025-07-17,NYC,90.0,90.0,noaa_nws_daily_tmax,C:/Weather Trading/Kalshi-Weather-Trading/data/raw/nws_daily).csv,USW00094728,"NY CITY CENTRAL PARK, NY US"
2025-07-18,NYC,82.0,82.0,noaa_nws_daily_tmax,C:/Weather Trading/Kalshi-Weather-Trading/data/raw/nws_daily).csv,USW00094728,"NY CITY CENTRAL PARK, NY US"
2025-07-19,NYC,81.0,81.0,noaa_nws_daily_tmax,C:/Weather Trading/Kalshi-Weather-Trading/data/raw/nws_daily).csv,USW00094728,"NY CITY CENTRAL PARK, NY US"
2025-07-20,NYC,88.0,88.0,noaa_nws_daily_tmax,C:/Weather Trading/Kalshi-Weather-Trading/data/raw/nws_daily).csv,USW00094728,"NY CITY CENTRAL PARK, NY US"
2025-07-21,NYC,85.0,85.0,noaa_nws_daily_tmax,C:/Weather Trading/Kalshi-Weather-Trading/data/raw/nws_daily).csv,USW00094728,"NY CITY CENTRAL PARK, NY US"
2025-07-22,NYC,81.0,81.0,noaa_nws_daily_tmax,C:/Weather Trading/Kalshi-Weather-Trading/data/raw/nws_daily).csv,USW00094728,"NY CITY CENTRAL PARK, NY US"
2025-07-23,NYC,80.0,80.0,noaa_nws_daily_tmax,C:/Weather Trading/Kalshi-Weather-Trading/data/raw/nws_daily).csv,USW00094728,"NY CITY CENTRAL PARK, NY US"
2025-07-24,NYC,87.0,87.0,noaa_nws_daily_tmax,C:/Weather Trading/Kalshi-Weather-Trading/data/raw/nws_daily).csv,USW00094728,"NY CITY CENTRAL PARK, NY US"
2025-07-25,NYC,95.0,95.0,noaa_nws_daily_tmax,C:/Weather Trading/Kalshi-Weather-Trading/data/raw/nws_daily).csv,USW00094728,"NY CITY CENTRAL PARK, NY US"
2025-07-26,NYC,85.0,85.0,noaa_nws_daily_tmax,C:/Weather Trading/Kalshi-Weather-Trading/data/raw/nws_daily).csv,USW00094728,"NY CITY CENTRAL PARK, NY US"
2025-07-27,NYC,84.0,84.0,noaa_nws_daily_tmax,C:/Weather Trading/Kalshi-Weather-Trading/data/raw/nws_daily).csv,USW00094728,"NY CITY CENTRAL PARK, NY US"
2025-07-28,NYC,94.0,94.0,noaa_nws_daily_tmax,C:/Weather Trading/Kalshi-Weather-Trading/data/raw/nws_daily).csv,USW00094728,"NY CITY CENTRAL PARK, NY US"
2025-07-29,NYC,97.0,97.0,noaa_nws_daily_tmax,C:/Weather Trading/Kalshi-Weather-Trading/data/raw/nws_daily).csv,USW00094728,"NY CITY CENTRAL PARK, NY US"
2025-07-30,NYC,95.0,95.0,noaa_nws_daily_tmax,C:/Weather Trading/Kalshi-Weather-Trading/data/raw/nws_daily).csv,USW00094728,"NY CITY CENTRAL PARK, NY US"
2025-07-31,NYC,89.0,89.0,noaa_nws_daily_tmax,C:/Weather Trading/Kalshi-Weather-Trading/data/raw/nws_daily).csv,USW00094728,"NY CITY CENTRAL PARK, NY US"
2025-08-01,NYC,73.0,73.0,noaa_nws_daily_tmax,C:/Weather Trading/Kalshi-Weather-Trading/data/raw/nws_daily).csv,USW00094728,"NY CITY CENTRAL PARK, NY US"
2025-08-02,NYC,80.0,80.0,noaa_nws_daily_tmax,C:/Weather Trading/Kalshi-Weather-Trading/data/raw/nws_daily).csv,USW00094728,"NY CITY CENTRAL PARK, NY US"
2025-08-03,NYC,84.0,84.0,noaa_nws_daily_tmax,C:/Weather Trading/Kalshi-Weather-Trading/data/raw/nws_daily).csv,USW00094728,"NY CITY CENTRAL PARK, NY US"
2025-08-04,NYC,89.0,89.0,noaa_nws_daily_tmax,C:/Weather Trading/Kalshi-Weather-Trading/data/raw/nws_daily).csv,USW00094728,"NY CITY CENTRAL PARK, NY US"
2025-08-05,NYC,86.0,86.0,noaa_nws_daily_tmax,C:/Weather Trading/Kalshi-Weather-Trading/data/raw/nws_daily).csv,USW00094728,"NY CITY CENTRAL PARK, NY US"
2025-08-06,NYC,79.0,79.0,noaa_nws_daily_tmax,C:/Weather Trading/Kalshi-Weather-Trading/data/raw/nws_daily).csv,USW00094728,"NY CITY CENTRAL PARK, NY US"
2025-08-07,NYC,81.0,81.0,noaa_nws_daily_tmax,C:/Weather Trading/Kalshi-Weather-Trading/data/raw/nws_daily).csv,USW00094728,"NY CITY CENTRAL PARK, NY US"
2025-08-08,NYC,82.0,82.0,noaa_nws_daily_tmax,C:/Weather Trading/Kalshi-Weather-Trading/data/raw/nws_daily).csv,USW00094728,"NY CITY CENTRAL PARK, NY US"
2025-08-09,NYC,85.0,85.0,noaa_nws_daily_tmax,C:/Weather Trading/Kalshi-Weather-Trading/data/raw/nws_daily).csv,USW00094728,"NY CITY CENTRAL PARK, NY US"
2025-08-10,NYC,90.0,90.0,noaa_nws_daily_tmax,C:/Weather Trading/Kalshi-Weather-Trading/data/raw/nws_daily).csv,USW00094728,"NY CITY CENTRAL PARK, NY US"
2025-08-11,NYC,89.0,89.0,noaa_nws_daily_tmax,C:/Weather Trading/Kalshi-Weather-Trading/data/raw/nws_daily).csv,USW00094728,"NY CITY CENTRAL PARK, NY US"
2025-08-12,NYC,91.0,91.0,noaa_nws_daily_tmax,C:/Weather Trading/Kalshi-Weather-Trading/data/raw/nws_daily).csv,USW00094728,"NY CITY CENTRAL PARK, NY US"
2025-08-13,NYC,89.0,89.0,noaa_nws_daily_tmax,C:/Weather Trading/Kalshi-Weather-Trading/data/raw/nws_daily).csv,USW00094728,"NY CITY CENTRAL PARK, NY US"
2025-08-14,NYC,89.0,89.0,noaa_nws_daily_tmax,C:/Weather Trading/Kalshi-Weather-Trading/data/raw/nws_daily).csv,USW00094728,"NY CITY CENTRAL PARK, NY US"
2025-08-15,NYC,89.0,89.0,noaa_nws_daily_tmax,C:/Weather Trading/Kalshi-Weather-Trading/data/raw/nws_daily).csv,USW00094728,"NY CITY CENTRAL PARK, NY US"
2025-08-16,NYC,84.0,84.0,noaa_nws_daily_tmax,C:/Weather Trading/Kalshi-Weather-Trading/data/raw/nws_daily).csv,USW00094728,"NY CITY CENTRAL PARK, NY US"
2025-08-17,NYC,91.0,91.0,noaa_nws_daily_tmax,C:/Weather Trading/Kalshi-Weather-Trading/data/raw/nws_daily).csv,USW00094728,"NY CITY CENTRAL PARK, NY US"
2025-08-18,NYC,75.0,75.0,noaa_nws_daily_tmax,C:/Weather Trading/Kalshi-Weather-Trading/data/raw/nws_daily).csv,USW00094728,"NY CITY CENTRAL PARK, NY US"
2025-08-19,NYC,77.0,77.0,noaa_nws_daily_tmax,C:/Weather Trading/Kalshi-Weather-Trading/data/raw/nws_daily).csv,USW00094728,"NY CITY CENTRAL PARK, NY US"
2025-08-20,NYC,70.0,70.0,noaa_nws_daily_tmax,C:/Weather Trading/Kalshi-Weather-Trading/data/raw/nws_daily).csv,USW00094728,"NY CITY CENTRAL PARK, NY US"
2025-08-21,NYC,72.0,72.0,noaa_nws_daily_tmax,C:/Weather Trading/Kalshi-Weather-Trading/data/raw/nws_daily).csv,USW00094728,"NY CITY CENTRAL PARK, NY US"
2025-08-22,NYC,83.0,83.0,noaa_nws_daily_tmax,C:/Weather Trading/Kalshi-Weather-Trading/data/raw/nws_daily).csv,USW00094728,"NY CITY CENTRAL PARK, NY US"
2025-08-23,NYC,82.0,82.0,noaa_nws_daily_tmax,C:/Weather Trading/Kalshi-Weather-Trading/data/raw/nws_daily).csv,USW00094728,"NY CITY CENTRAL PARK, NY US"
2025-08-24,NYC,80.0,80.0,noaa_nws_daily_tmax,C:/Weather Trading/Kalshi-Weather-Trading/data/raw/nws_daily).csv,USW00094728,"NY CITY CENTRAL PARK, NY US"
2025-08-25,NYC,86.0,86.0,noaa_nws_daily_tmax,C:/Weather Trading/Kalshi-Weather-Trading/data/raw/nws_daily).csv,USW00094728,"NY CITY CENTRAL PARK, NY US"
2025-08-26,NYC,79.0,79.0,noaa_nws_daily_tmax,C:/Weather Trading/Kalshi-Weather-Trading/data/raw/nws_daily).csv,USW00094728,"NY CITY CENTRAL PARK, NY US"
2025-08-27,NYC,75.0,75.0,noaa_nws_daily_tmax,C:/Weather Trading/Kalshi-Weather-Trading/data/raw/nws_daily).csv,USW00094728,"NY CITY CENTRAL PARK, NY US"
2025-08-28,NYC,78.0,78.0,noaa_nws_daily_tmax,C:/Weather Trading/Kalshi-Weather-Trading/data/raw/nws_daily).csv,USW00094728,"NY CITY CENTRAL PARK, NY US"
2025-08-29,NYC,78.0,78.0,noaa_nws_daily_tmax,C:/Weather Trading/Kalshi-Weather-Trading/data/raw/nws_daily).csv,USW00094728,"NY CITY CENTRAL PARK, NY US"
2025-08-30,NYC,76.0,76.0,noaa_nws_daily_tmax,C:/Weather Trading/Kalshi-Weather-Trading/data/raw/nws_daily).csv,USW00094728,"NY CITY CENTRAL PARK, NY US"
2025-08-31,NYC,79.0,79.0,noaa_nws_daily_tmax,C:/Weather Trading/Kalshi-Weather-Trading/data/raw/nws_daily).csv,USW00094728,"NY CITY CENTRAL PARK, NY US"
2025-09-01,NYC,78.0,78.0,noaa_nws_daily_tmax,C:/Weather Trading/Kalshi-Weather-Trading/data/raw/nws_daily).csv,USW00094728,"NY CITY CENTRAL PARK, NY US"
2025-09-02,NYC,79.0,79.0,noaa_nws_daily_tmax,C:/Weather Trading/Kalshi-Weather-Trading/data/raw/nws_daily).csv,USW00094728,"NY CITY CENTRAL PARK, NY US"
2025-09-03,NYC,79.0,79.0,noaa_nws_daily_tmax,C:/Weather Trading/Kalshi-Weather-Trading/data/raw/nws_daily).csv,USW00094728,"NY CITY CENTRAL PARK, NY US"
2025-09-04,NYC,77.0,77.0,noaa_nws_daily_tmax,C:/Weather Trading/Kalshi-Weather-Trading/data/raw/nws_daily).csv,USW00094728,"NY CITY CENTRAL PARK, NY US"
2025-09-05,NYC,82.0,82.0,noaa_nws_daily_tmax,C:/Weather Trading/Kalshi-Weather-Trading/data/raw/nws_daily).csv,USW00094728,"NY CITY CENTRAL PARK, NY US"
2025-09-06,NYC,86.0,86.0,noaa_nws_daily_tmax,C:/Weather Trading/Kalshi-Weather-Trading/data/raw/nws_daily).csv,USW00094728,"NY CITY CENTRAL PARK, NY US"
2025-09-07,NYC,69.0,69.0,noaa_nws_daily_tmax,C:/Weather Trading/Kalshi-Weather-Trading/data/raw/nws_daily).csv,USW00094728,"NY CITY CENTRAL PARK, NY US"
2025-09-08,NYC,73.0,73.0,noaa_nws_daily_tmax,C:/Weather Trading/Kalshi-Weather-Trading/data/raw/nws_daily).csv,USW00094728,"NY CITY CENTRAL PARK, NY US"
2025-09-09,NYC,73.0,73.0,noaa_nws_daily_tmax,C:/Weather Trading/Kalshi-Weather-Trading/data/raw/nws_daily).csv,USW00094728,"NY CITY CENTRAL PARK, NY US"
2025-09-10,NYC,73.0,73.0,noaa_nws_daily_tmax,C:/Weather Trading/Kalshi-Weather-Trading/data/raw/nws_daily).csv,USW00094728,"NY CITY CENTRAL PARK, NY US"
2025-09-11,NYC,79.0,79.0,noaa_nws_daily_tmax,C:/Weather Trading/Kalshi-Weather-Trading/data/raw/nws_daily).csv,USW00094728,"NY CITY CENTRAL PARK, NY US"
2025-09-12,NYC,78.0,78.0,noaa_nws_daily_tmax,C:/Weather Trading/Kalshi-Weather-Trading/data/raw/nws_daily).csv,USW00094728,"NY CITY CENTRAL PARK, NY US"
2025-09-13,NYC,77.0,77.0,noaa_nws_daily_tmax,C:/Weather Trading/Kalshi-Weather-Trading/data/raw/nws_daily).csv,USW00094728,"NY CITY CENTRAL PARK, NY US"
2025-09-14,NYC,81.0,81.0,noaa_nws_daily_tmax,C:/Weather Trading/Kalshi-Weather-Trading/data/raw/nws_daily).csv,USW00094728,"NY CITY CENTRAL PARK, NY US"
2025-09-15,NYC,79.0,79.0,noaa_nws_daily_tmax,C:/Weather Trading/Kalshi-Weather-Trading/data/raw/nws_daily).csv,USW00094728,"NY CITY CENTRAL PARK, NY US"
2025-09-16,NYC,74.0,74.0,noaa_nws_daily_tmax,C:/Weather Trading/Kalshi-Weather-Trading/data/raw/nws_daily).csv,USW00094728,"NY CITY CENTRAL PARK, NY US"
2025-09-17,NYC,70.0,70.0,noaa_nws_daily_tmax,C:/Weather Trading/Kalshi-Weather-Trading/data/raw/nws_daily).csv,USW00094728,"NY CITY CENTRAL PARK, NY US"
2025-09-18,NYC,83.0,83.0,noaa_nws_daily_tmax,C:/Weather Trading/Kalshi-Weather-Trading/data/raw/nws_daily).csv,USW00094728,"NY CITY CENTRAL PARK, NY US"
2025-09-19,NYC,84.0,84.0,noaa_nws_daily_tmax,C:/Weather Trading/Kalshi-Weather-Trading/data/raw/nws_daily).csv,USW00094728,"NY CITY CENTRAL PARK, NY US"
2025-09-20,NYC,73.0,73.0,noaa_nws_daily_tmax,C:/Weather Trading/Kalshi-Weather-Trading/data/raw/nws_daily).csv,USW00094728,"NY CITY CENTRAL PARK, NY US"
2025-09-21,NYC,71.0,71.0,noaa_nws_daily_tmax,C:/Weather Trading/Kalshi-Weather-Trading/data/raw/nws_daily).csv,USW00094728,"NY CITY CENTRAL PARK, NY US"
2025-09-22,NYC,73.0,73.0,noaa_nws_daily_tmax,C:/Weather Trading/Kalshi-Weather-Trading/data/raw/nws_daily).csv,USW00094728,"NY CITY CENTRAL PARK, NY US"
2025-09-23,NYC,83.0,83.0,noaa_nws_daily_tmax,C:/Weather Trading/Kalshi-Weather-Trading/data/raw/nws_daily).csv,USW00094728,"NY CITY CENTRAL PARK, NY US"
2025-09-24,NYC,80.0,80.0,noaa_nws_daily_tmax,C:/Weather Trading/Kalshi-Weather-Trading/data/raw/nws_daily).csv,USW00094728,"NY CITY CENTRAL PARK, NY US"
2025-09-25,NYC,77.0,77.0,noaa_nws_daily_tmax,C:/Weather Trading/Kalshi-Weather-Trading/data/raw/nws_daily).csv,USW00094728,"NY CITY CENTRAL PARK, NY US"
2025-09-26,NYC,82.0,82.0,noaa_nws_daily_tmax,C:/Weather Trading/Kalshi-Weather-Trading/data/raw/nws_daily).csv,USW00094728,"NY CITY CENTRAL PARK, NY US"
2025-09-27,NYC,79.0,79.0,noaa_nws_daily_tmax,C:/Weather Trading/Kalshi-Weather-Trading/data/raw/nws_daily).csv,USW00094728,"NY CITY CENTRAL PARK, NY US"
2025-09-28,NYC,83.0,83.0,noaa_nws_daily_tmax,C:/Weather Trading/Kalshi-Weather-Trading/data/raw/nws_daily).csv,USW00094728,"NY CITY CENTRAL PARK, NY US"
2025-09-29,NYC,78.0,78.0,noaa_nws_daily_tmax,C:/Weather Trading/Kalshi-Weather-Trading/data/raw/nws_daily).csv,USW00094728,"NY CITY CENTRAL PARK, NY US"
2025-09-30,NYC,81.0,81.0,noaa_nws_daily_tmax,C:/Weather Trading/Kalshi-Weather-Trading/data/raw/nws_daily).csv,USW00094728,"NY CITY CENTRAL PARK, NY US"
2025-10-01,NYC,69.0,69.0,noaa_nws_daily_tmax,C:/Weather Trading/Kalshi-Weather-Trading/data/raw/nws_daily).csv,USW00094728,"NY CITY CENTRAL PARK, NY US"
2025-10-02,NYC,66.0,66.0,noaa_nws_daily_tmax,C:/Weather Trading/Kalshi-Weather-Trading/data/raw/nws_daily).csv,USW00094728,"NY CITY CENTRAL PARK, NY US"
2025-10-03,NYC,71.0,71.0,noaa_nws_daily_tmax,C:/Weather Trading/Kalshi-Weather-Trading/data/raw/nws_daily).csv,USW00094728,"NY CITY CENTRAL PARK, NY US"
2025-10-04,NYC,82.0,82.0,noaa_nws_daily_tmax,C:/Weather Trading/Kalshi-Weather-Trading/data/raw/nws_daily).csv,USW00094728,"NY CITY CENTRAL PARK, NY US"
2025-10-05,NYC,84.0,84.0,noaa_nws_daily_tmax,C:/Weather Trading/Kalshi-Weather-Trading/data/raw/nws_daily).csv,USW00094728,"NY CITY CENTRAL PARK, NY US"
2025-10-06,NYC,80.0,80.0,noaa_nws_daily_tmax,C:/Weather Trading/Kalshi-Weather-Trading/data/raw/nws_daily).csv,USW00094728,"NY CITY CENTRAL PARK, NY US"
2025-10-07,NYC,80.0,80.0,noaa_nws_daily_tmax,C:/Weather Trading/Kalshi-Weather-Trading/data/raw/nws_daily).csv,USW00094728,"NY CITY CENTRAL PARK, NY US"
2025-10-08,NYC,72.0,72.0,noaa_nws_daily_tmax,C:/Weather Trading/Kalshi-Weather-Trading/data/raw/nws_daily).csv,USW00094728,"NY CITY CENTRAL PARK, NY US"
2025-10-09,NYC,59.0,59.0,noaa_nws_daily_tmax,C:/Weather Trading/Kalshi-Weather-Trading/data/raw/nws_daily).csv,USW00094728,"NY CITY CENTRAL PARK, NY US"
2025-10-10,NYC,62.0,62.0,noaa_nws_daily_tmax,C:/Weather Trading/Kalshi-Weather-Trading/data/raw/nws_daily).csv,USW00094728,"NY CITY CENTRAL PARK, NY US"
2025-10-11,NYC,64.0,64.0,noaa_nws_daily_tmax,C:/Weather Trading/Kalshi-Weather-Trading/data/raw/nws_daily).csv,USW00094728,"NY CITY CENTRAL PARK, NY US"
2025-10-12,NYC,63.0,63.0,noaa_nws_daily_tmax,C:/Weather Trading/Kalshi-Weather-Trading/data/raw/nws_daily).csv,USW00094728,"NY CITY CENTRAL PARK, NY US"
2025-10-13,NYC,58.0,58.0,noaa_nws_daily_tmax,C:/Weather Trading/Kalshi-Weather-Trading/data/raw/nws_daily).csv,USW00094728,"NY CITY CENTRAL PARK, NY US"
2025-10-14,NYC,61.0,61.0,noaa_nws_daily_tmax,C:/Weather Trading/Kalshi-Weather-Trading/data/raw/nws_daily).csv,USW00094728,"NY CITY CENTRAL PARK, NY US"
2025-10-15,NYC,68.0,68.0,noaa_nws_daily_tmax,C:/Weather Trading/Kalshi-Weather-Trading/data/raw/nws_daily).csv,USW00094728,"NY CITY CENTRAL PARK, NY US"
2025-10-16,NYC,61.0,61.0,noaa_nws_daily_tmax,C:/Weather Trading/Kalshi-Weather-Trading/data/raw/nws_daily).csv,USW00094728,"NY CITY CENTRAL PARK, NY US"
2025-10-17,NYC,63.0,63.0,noaa_nws_daily_tmax,C:/Weather Trading/Kalshi-Weather-Trading/data/raw/nws_daily).csv,USW00094728,"NY CITY CENTRAL PARK, NY US"
2025-10-18,NYC,65.0,65.0,noaa_nws_daily_tmax,C:/Weather Trading/Kalshi-Weather-Trading/data/raw/nws_daily).csv,USW00094728,"NY CITY CENTRAL PARK, NY US"
2025-10-19,NYC,70.0,70.0,noaa_nws_daily_tmax,C:/Weather Trading/Kalshi-Weather-Trading/data/raw/nws_daily).csv,USW00094728,"NY CITY CENTRAL PARK, NY US"
2025-10-20,NYC,68.0,68.0,noaa_nws_daily_tmax,C:/Weather Trading/Kalshi-Weather-Trading/data/raw/nws_daily).csv,USW00094728,"NY CITY CENTRAL PARK, NY US"
2025-10-21,NYC,66.0,66.0,noaa_nws_daily_tmax,C:/Weather Trading/Kalshi-Weather-Trading/data/raw/nws_daily).csv,USW00094728,"NY CITY CENTRAL PARK, NY US"
2025-10-22,NYC,62.0,62.0,noaa_nws_daily_tmax,C:/Weather Trading/Kalshi-Weather-Trading/data/raw/nws_daily).csv,USW00094728,"NY CITY CENTRAL PARK, NY US"
2025-10-23,NYC,60.0,60.0,noaa_nws_daily_tmax,C:/Weather Trading/Kalshi-Weather-Trading/data/raw/nws_daily).csv,USW00094728,"NY CITY CENTRAL PARK, NY US"
2025-10-24,NYC,59.0,59.0,noaa_nws_daily_tmax,C:/Weather Trading/Kalshi-Weather-Trading/data/raw/nws_daily).csv,USW00094728,"NY CITY CENTRAL PARK, NY US"
2025-10-25,NYC,58.0,58.0,noaa_nws_daily_tmax,C:/Weather Trading/Kalshi-Weather-Trading/data/raw/nws_daily).csv,USW00094728,"NY CITY CENTRAL PARK, NY US"
2025-10-26,NYC,59.0,59.0,noaa_nws_daily_tmax,C:/Weather Trading/Kalshi-Weather-Trading/data/raw/nws_daily).csv,USW00094728,"NY CITY CENTRAL PARK, NY US"
2025-10-27,NYC,55.0,55.0,noaa_nws_daily_tmax,C:/Weather Trading/Kalshi-Weather-Trading/data/raw/nws_daily).csv,USW00094728,"NY CITY CENTRAL PARK, NY US"
2025-10-28,NYC,54.0,54.0,noaa_nws_daily_tmax,C:/Weather Trading/Kalshi-Weather-Trading/data/raw/nws_daily).csv,USW00094728,"NY CITY CENTRAL PARK, NY US"
2025-10-29,NYC,56.0,56.0,noaa_nws_daily_tmax,C:/Weather Trading/Kalshi-Weather-Trading/data/raw/nws_daily).csv,USW00094728,"NY CITY CENTRAL PARK, NY US"
2025-10-30,NYC,63.0,63.0,noaa_nws_daily_tmax,C:/Weather Trading/Kalshi-Weather-Trading/data/raw/nws_daily).csv,USW00094728,"NY CITY CENTRAL PARK, NY US"
2025-10-31,NYC,58.0,58.0,noaa_nws_daily_tmax,C:/Weather Trading/Kalshi-Weather-Trading/data/raw/nws_daily).csv,USW00094728,"NY CITY CENTRAL PARK, NY US"
2025-11-01,NYC,58.0,58.0,noaa_nws_daily_tmax,C:/Weather Trading/Kalshi-Weather-Trading/data/raw/nws_daily).csv,USW00094728,"NY CITY CENTRAL PARK, NY US"
2025-11-02,NYC,59.0,59.0,noaa_nws_daily_tmax,C:/Weather Trading/Kalshi-Weather-Trading/data/raw/nws_daily).csv,USW00094728,"NY CITY CENTRAL PARK, NY US"
2025-11-03,NYC,59.0,59.0,noaa_nws_daily_tmax,C:/Weather Trading/Kalshi-Weather-Trading/data/raw/nws_daily).csv,USW00094728,"NY CITY CENTRAL PARK, NY US"
2025-11-04,NYC,59.0,59.0,noaa_nws_daily_tmax,C:/Weather Trading/Kalshi-Weather-Trading/data/raw/nws_daily).csv,USW00094728,"NY CITY CENTRAL PARK, NY US"
2025-11-05,NYC,66.0,66.0,noaa_nws_daily_tmax,C:/Weather Trading/Kalshi-Weather-Trading/data/raw/nws_daily).csv,USW00094728,"NY CITY CENTRAL PARK, NY US"
2025-11-06,NYC,57.0,57.0,noaa_nws_daily_tmax,C:/Weather Trading/Kalshi-Weather-Trading/data/raw/nws_daily).csv,USW00094728,"NY CITY CENTRAL PARK, NY US"
2025-11-07,NYC,61.0,61.0,noaa_nws_daily_tmax,C:/Weather Trading/Kalshi-Weather-Trading/data/raw/nws_daily).csv,USW00094728,"NY CITY CENTRAL PARK, NY US"
2025-11-08,NYC,65.0,65.0,noaa_nws_daily_tmax,C:/Weather Trading/Kalshi-Weather-Trading/data/raw/nws_daily).csv,USW00094728,"NY CITY CENTRAL PARK, NY US"
2025-11-09,NYC,63.0,63.0,noaa_nws_daily_tmax,C:/Weather Trading/Kalshi-Weather-Trading/data/raw/nws_daily).csv,USW00094728,"NY CITY CENTRAL PARK, NY US"
2025-11-10,NYC,59.0,59.0,noaa_nws_daily_tmax,C:/Weather Trading/Kalshi-Weather-Trading/data/raw/nws_daily).csv,USW00094728,"NY CITY CENTRAL PARK, NY US"
2025-11-11,NYC,41.0,41.0,noaa_nws_daily_tmax,C:/Weather Trading/Kalshi-Weather-Trading/data/raw/nws_daily).csv,USW00094728,"NY CITY CENTRAL PARK, NY US"
2025-11-12,NYC,50.0,50.0,noaa_nws_daily_tmax,C:/Weather Trading/Kalshi-Weather-Trading/data/raw/nws_daily).csv,USW00094728,"NY CITY CENTRAL PARK, NY US"
2025-11-13,NYC,51.0,51.0,noaa_nws_daily_tmax,C:/Weather Trading/Kalshi-Weather-Trading/data/raw/nws_daily).csv,USW00094728,"NY CITY CENTRAL PARK, NY US"
2025-11-14,NYC,51.0,51.0,noaa_nws_daily_tmax,C:/Weather Trading/Kalshi-Weather-Trading/data/raw/nws_daily).csv,USW00094728,"NY CITY CENTRAL PARK, NY US"
2025-11-15,NYC,50.0,50.0,noaa_nws_daily_tmax,C:/Weather Trading/Kalshi-Weather-Trading/data/raw/nws_daily).csv,USW00094728,"NY CITY CENTRAL PARK, NY US"
2025-11-16,NYC,56.0,56.0,noaa_nws_daily_tmax,C:/Weather Trading/Kalshi-Weather-Trading/data/raw/nws_daily).csv,USW00094728,"NY CITY CENTRAL PARK, NY US"
2025-11-17,NYC,44.0,44.0,noaa_nws_daily_tmax,C:/Weather Trading/Kalshi-Weather-Trading/data/raw/nws_daily).csv,USW00094728,"NY CITY CENTRAL PARK, NY US"
2025-11-18,NYC,45.0,45.0,noaa_nws_daily_tmax,C:/Weather Trading/Kalshi-Weather-Trading/data/raw/nws_daily).csv,USW00094728,"NY CITY CENTRAL PARK, NY US"
2025-11-19,NYC,47.0,47.0,noaa_nws_daily_tmax,C:/Weather Trading/Kalshi-Weather-Trading/data/raw/nws_daily).csv,USW00094728,"NY CITY CENTRAL PARK, NY US"
2025-11-20,NYC,47.0,47.0,noaa_nws_daily_tmax,C:/Weather Trading/Kalshi-Weather-Trading/data/raw/nws_daily).csv,USW00094728,"NY CITY CENTRAL PARK, NY US"
2025-11-21,NYC,52.0,52.0,noaa_nws_daily_tmax,C:/Weather Trading/Kalshi-Weather-Trading/data/raw/nws_daily).csv,USW00094728,"NY CITY CENTRAL PARK, NY US"
2025-11-22,NYC,52.0,52.0,noaa_nws_daily_tmax,C:/Weather Trading/Kalshi-Weather-Trading/data/raw/nws_daily).csv,USW00094728,"NY CITY CENTRAL PARK, NY US"
2025-11-23,NYC,49.0,49.0,noaa_nws_daily_tmax,C:/Weather Trading/Kalshi-Weather-Trading/data/raw/nws_daily).csv,USW00094728,"NY CITY CENTRAL PARK, NY US"
2025-11-24,NYC,52.0,52.0,noaa_nws_daily_tmax,C:/Weather Trading/Kalshi-Weather-Trading/data/raw/nws_daily).csv,USW00094728,"NY CITY CENTRAL PARK, NY US"
2025-11-25,NYC,58.0,58.0,noaa_nws_daily_tmax,C:/Weather Trading/Kalshi-Weather-Trading/data/raw/nws_daily).csv,USW00094728,"NY CITY CENTRAL PARK, NY US"
2025-11-26,NYC,59.0,59.0,noaa_nws_daily_tmax,C:/Weather Trading/Kalshi-Weather-Trading/data/raw/nws_daily).csv,USW00094728,"NY CITY CENTRAL PARK, NY US"
2025-11-27,NYC,49.0,49.0,noaa_nws_daily_tmax,C:/Weather Trading/Kalshi-Weather-Trading/data/raw/nws_daily).csv,USW00094728,"NY CITY CENTRAL PARK, NY US"
2025-11-28,NYC,43.0,43.0,noaa_nws_daily_tmax,C:/Weather Trading/Kalshi-Weather-Trading/data/raw/nws_daily).csv,USW00094728,"NY CITY CENTRAL PARK, NY US"
2025-11-29,NYC,42.0,42.0,noaa_nws_daily_tmax,C:/Weather Trading/Kalshi-Weather-Trading/data/raw/nws_daily).csv,USW00094728,"NY CITY CENTRAL PARK, NY US"
2025-11-30,NYC,47.0,47.0,noaa_nws_daily_tmax,C:/Weather Trading/Kalshi-Weather-Trading/data/raw/nws_daily).csv,USW00094728,"NY CITY CENTRAL PARK, NY US"
2025-12-01,NYC,43.0,43.0,noaa_nws_daily_tmax,C:/Weather Trading/Kalshi-Weather-Trading/data/raw/nws_daily).csv,USW00094728,"NY CITY CENTRAL PARK, NY US"
2025-12-02,NYC,40.0,40.0,noaa_nws_daily_tmax,C:/Weather Trading/Kalshi-Weather-Trading/data/raw/nws_daily).csv,USW00094728,"NY CITY CENTRAL PARK, NY US"
2025-12-03,NYC,41.0,41.0,noaa_nws_daily_tmax,C:/Weather Trading/Kalshi-Weather-Trading/data/raw/nws_daily).csv,USW00094728,"NY CITY CENTRAL PARK, NY US"
2025-12-04,NYC,41.0,41.0,noaa_nws_daily_tmax,C:/Weather Trading/Kalshi-Weather-Trading/data/raw/nws_daily).csv,USW00094728,"NY CITY CENTRAL PARK, NY US"
2025-12-05,NYC,32.0,32.0,noaa_nws_daily_tmax,C:/Weather Trading/Kalshi-Weather-Trading/data/raw/nws_daily).csv,USW00094728,"NY CITY CENTRAL PARK, NY US"
2025-12-06,NYC,42.0,42.0,noaa_nws_daily_tmax,C:/Weather Trading/Kalshi-Weather-Trading/data/raw/nws_daily).csv,USW00094728,"NY CITY CENTRAL PARK, NY US"
2025-12-07,NYC,43.0,43.0,noaa_nws_daily_tmax,C:/Weather Trading/Kalshi-Weather-Trading/data/raw/nws_daily).csv,USW00094728,"NY CITY CENTRAL PARK, NY US"
2025-12-08,NYC,38.0,38.0,noaa_nws_daily_tmax,C:/Weather Trading/Kalshi-Weather-Trading/data/raw/nws_daily).csv,USW00094728,"NY CITY CENTRAL PARK, NY US"
2025-12-09,NYC,35.0,35.0,noaa_nws_daily_tmax,C:/Weather Trading/Kalshi-Weather-Trading/data/raw/nws_daily).csv,USW00094728,"NY CITY CENTRAL PARK, NY US"
2025-12-10,NYC,47.0,47.0,noaa_nws_daily_tmax,C:/Weather Trading/Kalshi-Weather-Trading/data/raw/nws_daily).csv,USW00094728,"NY CITY CENTRAL PARK, NY US"
2025-12-11,NYC,41.0,41.0,noaa_nws_daily_tmax,C:/Weather Trading/Kalshi-Weather-Trading/data/raw/nws_daily).csv,USW00094728,"NY CITY CENTRAL PARK, NY US"
2025-12-12,NYC,35.0,35.0,noaa_nws_daily_tmax,C:/Weather Trading/Kalshi-Weather-Trading/data/raw/nws_daily).csv,USW00094728,"NY CITY CENTRAL PARK, NY US"
2025-12-13,NYC,41.0,41.0,noaa_nws_daily_tmax,C:/Weather Trading/Kalshi-Weather-Trading/data/raw/nws_daily).csv,USW00094728,"NY CITY CENTRAL PARK, NY US"
2025-12-14,NYC,33.0,33.0,noaa_nws_daily_tmax,C:/Weather Trading/Kalshi-Weather-Trading/data/raw/nws_daily).csv,USW00094728,"NY CITY CENTRAL PARK, NY US"
2025-12-15,NYC,29.0,29.0,noaa_nws_daily_tmax,C:/Weather Trading/Kalshi-Weather-Trading/data/raw/nws_daily).csv,USW00094728,"NY CITY CENTRAL PARK, NY US"
2025-12-16,NYC,32.0,32.0,noaa_nws_daily_tmax,C:/Weather Trading/Kalshi-Weather-Trading/data/raw/nws_daily).csv,USW00094728,"NY CITY CENTRAL PARK, NY US"
2025-12-17,NYC,47.0,47.0,noaa_nws_daily_tmax,C:/Weather Trading/Kalshi-Weather-Trading/data/raw/nws_daily).csv,USW00094728,"NY CITY CENTRAL PARK, NY US"
2025-12-18,NYC,50.0,50.0,noaa_nws_daily_tmax,C:/Weather Trading/Kalshi-Weather-Trading/data/raw/nws_daily).csv,USW00094728,"NY CITY CENTRAL PARK, NY US"
2025-12-19,NYC,58.0,58.0,noaa_nws_daily_tmax,C:/Weather Trading/Kalshi-Weather-Trading/data/raw/nws_daily).csv,USW00094728,"NY CITY CENTRAL PARK, NY US"
2025-12-20,NYC,38.0,38.0,noaa_nws_daily_tmax,C:/Weather Trading/Kalshi-Weather-Trading/data/raw/nws_daily).csv,USW00094728,"NY CITY CENTRAL PARK, NY US"
2025-12-21,NYC,46.0,46.0,noaa_nws_daily_tmax,C:/Weather Trading/Kalshi-Weather-Trading/data/raw/nws_daily).csv,USW00094728,"NY CITY CENTRAL PARK, NY US"
2025-12-22,NYC,39.0,39.0,noaa_nws_daily_tmax,C:/Weather Trading/Kalshi-Weather-Trading/data/raw/nws_daily).csv,USW00094728,"NY CITY CENTRAL PARK, NY US"
2025-12-23,NYC,40.0,40.0,noaa_nws_daily_tmax,C:/Weather Trading/Kalshi-Weather-Trading/data/raw/nws_daily).csv,USW00094728,"NY CITY CENTRAL PARK, NY US"
2025-12-24,NYC,46.0,46.0,noaa_nws_daily_tmax,C:/Weather Trading/Kalshi-Weather-Trading/data/raw/nws_daily).csv,USW00094728,"NY CITY CENTRAL PARK, NY US"
2025-12-25,NYC,49.0,49.0,noaa_nws_daily_tmax,C:/Weather Trading/Kalshi-Weather-Trading/data/raw/nws_daily).csv,USW00094728,"NY CITY CENTRAL PARK, NY US"
2025-12-26,NYC,29.0,29.0,noaa_nws_daily_tmax,C:/Weather Trading/Kalshi-Weather-Trading/data/raw/nws_daily).csv,USW00094728,"NY CITY CENTRAL PARK, NY US"
2025-12-27,NYC,31.0,31.0,noaa_nws_daily_tmax,C:/Weather Trading/Kalshi-Weather-Trading/data/raw/nws_daily).csv,USW00094728,"NY CITY CENTRAL PARK, NY US"
2025-12-28,NYC,39.0,39.0,noaa_nws_daily_tmax,C:/Weather Trading/Kalshi-Weather-Trading/data/raw/nws_daily).csv,USW00094728,"NY CITY CENTRAL PARK, NY US"
2025-12-29,NYC,49.0,49.0,noaa_nws_daily_tmax,C:/Weather Trading/Kalshi-Weather-Trading/data/raw/nws_daily).csv,USW00094728,"NY CITY CENTRAL PARK, NY US"
2025-12-30,NYC,33.0,33.0,noaa_nws_daily_tmax,C:/Weather Trading/Kalshi-Weather-Trading/data/raw/nws_daily).csv,USW00094728,"NY CITY CENTRAL PARK, NY US"
2025-12-31,NYC,33.0,33.0,noaa_nws_daily_tmax,C:/Weather Trading/Kalshi-Weather-Trading/data/raw/nws_daily).csv,USW00094728,"NY CITY CENTRAL PARK, NY US"
2026-01-01,NYC,36.0,36.0,noaa_nws_daily_tmax,C:/Weather Trading/Kalshi-Weather-Trading/data/raw/nws_daily).csv,USW00094728,"NY CITY CENTRAL PARK, NY US"
2026-01-02,NYC,30.0,30.0,noaa_nws_daily_tmax,C:/Weather Trading/Kalshi-Weather-Trading/data/raw/nws_daily).csv,USW00094728,"NY CITY CENTRAL PARK, NY US"
2026-01-03,NYC,30.0,30.0,noaa_nws_daily_tmax,C:/Weather Trading/Kalshi-Weather-Trading/data/raw/nws_daily).csv,USW00094728,"NY CITY CENTRAL PARK, NY US"
2026-01-04,NYC,35.0,35.0,noaa_nws_daily_tmax,C:/Weather Trading/Kalshi-Weather-Trading/data/raw/nws_daily).csv,USW00094728,"NY CITY CENTRAL PARK, NY US"
2026-01-05,NYC,39.0,39.0,noaa_nws_daily_tmax,C:/Weather Trading/Kalshi-Weather-Trading/data/raw/nws_daily).csv,USW00094728,"NY CITY CENTRAL PARK, NY US"
2026-01-06,NYC,42.0,42.0,noaa_nws_daily_tmax,C:/Weather Trading/Kalshi-Weather-Trading/data/raw/nws_daily).csv,USW00094728,"NY CITY CENTRAL PARK, NY US"
2026-01-07,NYC,49.0,49.0,noaa_nws_daily_tmax,C:/Weather Trading/Kalshi-Weather-Trading/data/raw/nws_daily).csv,USW00094728,"NY CITY CENTRAL PARK, NY US"
2026-01-08,NYC,50.0,50.0,noaa_nws_daily_tmax,C:/Weather Trading/Kalshi-Weather-Trading/data/raw/nws_daily).csv,USW00094728,"NY CITY CENTRAL PARK, NY US"
2026-01-09,NYC,54.0,54.0,noaa_nws_daily_tmax,C:/Weather Trading/Kalshi-Weather-Trading/data/raw/nws_daily).csv,USW00094728,"NY CITY CENTRAL PARK, NY US"
2026-01-10,NYC,52.0,52.0,noaa_nws_daily_tmax,C:/Weather Trading/Kalshi-Weather-Trading/data/raw/nws_daily).csv,USW00094728,"NY CITY CENTRAL PARK, NY US"
2026-01-11,NYC,47.0,47.0,noaa_nws_daily_tmax,C:/Weather Trading/Kalshi-Weather-Trading/data/raw/nws_daily).csv,USW00094728,"NY CITY CENTRAL PARK, NY US"
2026-01-12,NYC,41.0,41.0,noaa_nws_daily_tmax,C:/Weather Trading/Kalshi-Weather-Trading/data/raw/nws_daily).csv,USW00094728,"NY CITY CENTRAL PARK, NY US"
2026-01-13,NYC,48.0,48.0,noaa_nws_daily_tmax,C:/Weather Trading/Kalshi-Weather-Trading/data/raw/nws_daily).csv,USW00094728,"NY CITY CENTRAL PARK, NY US"
2026-01-14,NYC,52.0,52.0,noaa_nws_daily_tmax,C:/Weather Trading/Kalshi-Weather-Trading/data/raw/nws_daily).csv,USW00094728,"NY CITY CENTRAL PARK, NY US"
2026-01-15,NYC,47.0,47.0,noaa_nws_daily_tmax,C:/Weather Trading/Kalshi-Weather-Trading/data/raw/nws_daily).csv,USW00094728,"NY CITY CENTRAL PARK, NY US"
2026-01-16,NYC,34.0,34.0,noaa_nws_daily_tmax,C:/Weather Trading/Kalshi-Weather-Trading/data/raw/nws_daily).csv,USW00094728,"NY CITY CENTRAL PARK, NY US"
2026-01-17,NYC,39.0,39.0,noaa_nws_daily_tmax,C:/Weather Trading/Kalshi-Weather-Trading/data/raw/nws_daily).csv,USW00094728,"NY CITY CENTRAL PARK, NY US"
2026-01-18,NYC,36.0,36.0,noaa_nws_daily_tmax,C:/Weather Trading/Kalshi-Weather-Trading/data/raw/nws_daily).csv,USW00094728,"NY CITY CENTRAL PARK, NY US"
2026-01-19,NYC,32.0,32.0,noaa_nws_daily_tmax,C:/Weather Trading/Kalshi-Weather-Trading/data/raw/nws_daily).csv,USW00094728,"NY CITY CENTRAL PARK, NY US"
2026-01-20,NYC,26.0,26.0,noaa_nws_daily_tmax,C:/Weather Trading/Kalshi-Weather-Trading/data/raw/nws_daily).csv,USW00094728,"NY CITY CENTRAL PARK, NY US"
2026-01-21,NYC,40.0,40.0,noaa_nws_daily_tmax,C:/Weather Trading/Kalshi-Weather-Trading/data/raw/nws_daily).csv,USW00094728,"NY CITY CENTRAL PARK, NY US"
2026-01-22,NYC,47.0,47.0,noaa_nws_daily_tmax,C:/Weather Trading/Kalshi-Weather-Trading/data/raw/nws_daily).csv,USW00094728,"NY CITY CENTRAL PARK, NY US"
2026-01-23,NYC,38.0,38.0,noaa_nws_daily_tmax,C:/Weather Trading/Kalshi-Weather-Trading/data/raw/nws_daily).csv,USW00094728,"NY CITY CENTRAL PARK, NY US"
2026-01-24,NYC,17.0,17.0,noaa_nws_daily_tmax,C:/Weather Trading/Kalshi-Weather-Trading/data/raw/nws_daily).csv,USW00094728,"NY CITY CENTRAL PARK, NY US"
2026-01-25,NYC,22.0,22.0,noaa_nws_daily_tmax,C:/Weather Trading/Kalshi-Weather-Trading/data/raw/nws_daily).csv,USW00094728,"NY CITY CENTRAL PARK, NY US"
2026-01-26,NYC,27.0,27.0,noaa_nws_daily_tmax,C:/Weather Trading/Kalshi-Weather-Trading/data/raw/nws_daily).csv,USW00094728,"NY CITY CENTRAL PARK, NY US"
2026-01-27,NYC,22.0,22.0,noaa_nws_daily_tmax,C:/Weather Trading/Kalshi-Weather-Trading/data/raw/nws_daily).csv,USW00094728,"NY CITY CENTRAL PARK, NY US"
2026-01-28,NYC,23.0,23.0,noaa_nws_daily_tmax,C:/Weather Trading/Kalshi-Weather-Trading/data/raw/nws_daily).csv,USW00094728,"NY CITY CENTRAL PARK, NY US"
2026-01-29,NYC,23.0,23.0,noaa_nws_daily_tmax,C:/Weather Trading/Kalshi-Weather-Trading/data/raw/nws_daily).csv,USW00094728,"NY CITY CENTRAL PARK, NY US"
2026-01-30,NYC,18.0,18.0,noaa_nws_daily_tmax,C:/Weather Trading/Kalshi-Weather-Trading/data/raw/nws_daily).csv,USW00094728,"NY CITY CENTRAL PARK, NY US"
2026-01-31,NYC,24.0,24.0,noaa_nws_daily_tmax,C:/Weather Trading/Kalshi-Weather-Trading/data/raw/nws_daily).csv,USW00094728,"NY CITY CENTRAL PARK, NY US"
2026-02-01,NYC,24.0,24.0,noaa_nws_daily_tmax,C:/Weather Trading/Kalshi-Weather-Trading/data/raw/nws_daily).csv,USW00094728,"NY CITY CENTRAL PARK, NY US"
2026-02-02,NYC,35.0,35.0,noaa_nws_daily_tmax,C:/Weather Trading/Kalshi-Weather-Trading/data/raw/nws_daily).csv,USW00094728,"NY CITY CENTRAL PARK, NY US"
2026-02-03,NYC,33.0,33.0,noaa_nws_daily_tmax,C:/Weather Trading/Kalshi-Weather-Trading/data/raw/nws_daily).csv,USW00094728,"NY CITY CENTRAL PARK, NY US"
2026-02-04,NYC,33.0,33.0,noaa_nws_daily_tmax,C:/Weather Trading/Kalshi-Weather-Trading/data/raw/nws_daily).csv,USW00094728,"NY CITY CENTRAL PARK, NY US"
2026-02-05,NYC,32.0,32.0,noaa_nws_daily_tmax,C:/Weather Trading/Kalshi-Weather-Trading/data/raw/nws_daily).csv,USW00094728,"NY CITY CENTRAL PARK, NY US"
2026-02-06,NYC,33.0,33.0,noaa_nws_daily_tmax,C:/Weather Trading/Kalshi-Weather-Trading/data/raw/nws_daily).csv,USW00094728,"NY CITY CENTRAL PARK, NY US"
2026-02-07,NYC,27.0,27.0,noaa_nws_daily_tmax,C:/Weather Trading/Kalshi-Weather-Trading/data/raw/nws_daily).csv,USW00094728,"NY CITY CENTRAL PARK, NY US"
2026-02-08,NYC,18.0,18.0,noaa_nws_daily_tmax,C:/Weather Trading/Kalshi-Weather-Trading/data/raw/nws_daily).csv,USW00094728,"NY CITY CENTRAL PARK, NY US"
2026-02-09,NYC,31.0,31.0,noaa_nws_daily_tmax,C:/Weather Trading/Kalshi-Weather-Trading/data/raw/nws_daily).csv,USW00094728,"NY CITY CENTRAL PARK, NY US"
2026-02-10,NYC,37.0,37.0,noaa_nws_daily_tmax,C:/Weather Trading/Kalshi-Weather-Trading/data/raw/nws_daily).csv,USW00094728,"NY CITY CENTRAL PARK, NY US"
2026-02-11,NYC,41.0,41.0,noaa_nws_daily_tmax,C:/Weather Trading/Kalshi-Weather-Trading/data/raw/nws_daily).csv,USW00094728,"NY CITY CENTRAL PARK, NY US"
2026-02-12,NYC,36.0,36.0,noaa_nws_daily_tmax,C:/Weather Trading/Kalshi-Weather-Trading/data/raw/nws_daily).csv,USW00094728,"NY CITY CENTRAL PARK, NY US"
2026-02-13,NYC,38.0,38.0,noaa_nws_daily_tmax,C:/Weather Trading/Kalshi-Weather-Trading/data/raw/nws_daily).csv,USW00094728,"NY CITY CENTRAL PARK, NY US"
2026-02-14,NYC,46.0,46.0,noaa_nws_daily_tmax,C:/Weather Trading/Kalshi-Weather-Trading/data/raw/nws_daily).csv,USW00094728,"NY CITY CENTRAL PARK, NY US"
2026-02-15,NYC,40.0,40.0,noaa_nws_daily_tmax,C:/Weather Trading/Kalshi-Weather-Trading/data/raw/nws_daily).csv,USW00094728,"NY CITY CENTRAL PARK, NY US"
2026-02-16,NYC,39.0,39.0,noaa_nws_daily_tmax,C:/Weather Trading/Kalshi-Weather-Trading/data/raw/nws_daily).csv,USW00094728,"NY CITY CENTRAL PARK, NY US"
2026-02-17,NYC,47.0,47.0,noaa_nws_daily_tmax,C:/Weather Trading/Kalshi-Weather-Trading/data/raw/nws_daily).csv,USW00094728,"NY CITY CENTRAL PARK, NY US"
2026-02-18,NYC,41.0,41.0,noaa_nws_daily_tmax,C:/Weather Trading/Kalshi-Weather-Trading/data/raw/nws_daily).csv,USW00094728,"NY CITY CENTRAL PARK, NY US"
2026-02-19,NYC,42.0,42.0,noaa_nws_daily_tmax,C:/Weather Trading/Kalshi-Weather-Trading/data/raw/nws_daily).csv,USW00094728,"NY CITY CENTRAL PARK, NY US"
2026-02-20,NYC,37.0,37.0,noaa_nws_daily_tmax,C:/Weather Trading/Kalshi-Weather-Trading/data/raw/nws_daily).csv,USW00094728,"NY CITY CENTRAL PARK, NY US"
2026-02-21,NYC,46.0,46.0,noaa_nws_daily_tmax,C:/Weather Trading/Kalshi-Weather-Trading/data/raw/nws_daily).csv,USW00094728,"NY CITY CENTRAL PARK, NY US"
2026-02-22,NYC,39.0,39.0,noaa_nws_daily_tmax,C:/Weather Trading/Kalshi-Weather-Trading/data/raw/nws_daily).csv,USW00094728,"NY CITY CENTRAL PARK, NY US"
2026-02-23,NYC,35.0,35.0,noaa_nws_daily_tmax,C:/Weather Trading/Kalshi-Weather-Trading/data/raw/nws_daily).csv,USW00094728,"NY CITY CENTRAL PARK, NY US"
2026-02-24,NYC,31.0,31.0,noaa_nws_daily_tmax,C:/Weather Trading/Kalshi-Weather-Trading/data/raw/nws_daily).csv,USW00094728,"NY CITY CENTRAL PARK, NY US"
2026-02-25,NYC,44.0,44.0,noaa_nws_daily_tmax,C:/Weather Trading/Kalshi-Weather-Trading/data/raw/nws_daily).csv,USW00094728,"NY CITY CENTRAL PARK, NY US"
2026-02-26,NYC,49.0,49.0,noaa_nws_daily_tmax,C:/Weather Trading/Kalshi-Weather-Trading/data/raw/nws_daily).csv,USW00094728,"NY CITY CENTRAL PARK, NY US"
2026-02-27,NYC,44.0,44.0,noaa_nws_daily_tmax,C:/Weather Trading/Kalshi-Weather-Trading/data/raw/nws_daily).csv,USW00094728,"NY CITY CENTRAL PARK, NY US"
2026-02-28,NYC,54.0,54.0,noaa_nws_daily_tmax,C:/Weather Trading/Kalshi-Weather-Trading/data/raw/nws_daily).csv,USW00094728,"NY CITY CENTRAL PARK, NY US"
2026-03-01,NYC,43.0,43.0,noaa_nws_daily_tmax,C:/Weather Trading/Kalshi-Weather-Trading/data/raw/nws_daily).csv,USW00094728,"NY CITY CENTRAL PARK, NY US"
2026-03-02,NYC,33.0,33.0,noaa_nws_daily_tmax,C:/Weather Trading/Kalshi-Weather-Trading/data/raw/nws_daily).csv,USW00094728,"NY CITY CENTRAL PARK, NY US"
2026-03-03,NYC,36.0,36.0,noaa_nws_daily_tmax,C:/Weather Trading/Kalshi-Weather-Trading/data/raw/nws_daily).csv,USW00094728,"NY CITY CENTRAL PARK, NY US"
2026-03-04,NYC,49.0,49.0,noaa_nws_daily_tmax,C:/Weather Trading/Kalshi-Weather-Trading/data/raw/nws_daily).csv,USW00094728,"NY CITY CENTRAL PARK, NY US"
2026-03-05,NYC,46.0,46.0,noaa_nws_daily_tmax,C:/Weather Trading/Kalshi-Weather-Trading/data/raw/nws_daily).csv,USW00094728,"NY CITY CENTRAL PARK, NY US"
2026-03-06,NYC,41.0,41.0,noaa_nws_daily_tmax,C:/Weather Trading/Kalshi-Weather-Trading/data/raw/nws_daily).csv,USW00094728,"NY CITY CENTRAL PARK, NY US"
2026-03-07,NYC,52.0,52.0,noaa_nws_daily_tmax,C:/Weather Trading/Kalshi-Weather-Trading/data/raw/nws_daily).csv,USW00094728,"NY CITY CENTRAL PARK, NY US"
2026-03-08,NYC,69.0,69.0,noaa_nws_daily_tmax,C:/Weather Trading/Kalshi-Weather-Trading/data/raw/nws_daily).csv,USW00094728,"NY CITY CENTRAL PARK, NY US"
2026-03-09,NYC,73.0,73.0,noaa_nws_daily_tmax,C:/Weather Trading/Kalshi-Weather-Trading/data/raw/nws_daily).csv,USW00094728,"NY CITY CENTRAL PARK, NY US"
2026-03-10,NYC,80.0,80.0,noaa_nws_daily_tmax,C:/Weather Trading/Kalshi-Weather-Trading/data/raw/nws_daily).csv,USW00094728,"NY CITY CENTRAL PARK, NY US"
2026-03-11,NYC,72.0,72.0,noaa_nws_daily_tmax,C:/Weather Trading/Kalshi-Weather-Trading/data/raw/nws_daily).csv,USW00094728,"NY CITY CENTRAL PARK, NY US"
2026-03-12,NYC,63.0,63.0,noaa_nws_daily_tmax,C:/Weather Trading/Kalshi-Weather-Trading/data/raw/nws_daily).csv,USW00094728,"NY CITY CENTRAL PARK, NY US"
2026-03-13,NYC,42.0,42.0,noaa_nws_daily_tmax,C:/Weather Trading/Kalshi-Weather-Trading/data/raw/nws_daily).csv,USW00094728,"NY CITY CENTRAL PARK, NY US"
2026-03-14,NYC,51.0,51.0,noaa_nws_daily_tmax,C:/Weather Trading/Kalshi-Weather-Trading/data/raw/nws_daily).csv,USW00094728,"NY CITY CENTRAL PARK, NY US"
2026-03-15,NYC,48.0,48.0,noaa_nws_daily_tmax,C:/Weather Trading/Kalshi-Weather-Trading/data/raw/nws_daily).csv,USW00094728,"NY CITY CENTRAL PARK, NY US"
2026-03-16,NYC,57.0,57.0,noaa_nws_daily_tmax,C:/Weather Trading/Kalshi-Weather-Trading/data/raw/nws_daily).csv,USW00094728,"NY CITY CENTRAL PARK, NY US"
2026-03-17,NYC,48.0,48.0,noaa_nws_daily_tmax,C:/Weather Trading/Kalshi-Weather-Trading/data/raw/nws_daily).csv,USW00094728,"NY CITY CENTRAL PARK, NY US"
2026-03-18,NYC,37.0,37.0,noaa_nws_daily_tmax,C:/Weather Trading/Kalshi-Weather-Trading/data/raw/nws_daily).csv,USW00094728,"NY CITY CENTRAL PARK, NY US"
2026-03-19,NYC,44.0,44.0,noaa_nws_daily_tmax,C:/Weather Trading/Kalshi-Weather-Trading/data/raw/nws_daily).csv,USW00094728,"NY CITY CENTRAL PARK, NY US"
2026-03-20,NYC,57.0,57.0,noaa_nws_daily_tmax,C:/Weather Trading/Kalshi-Weather-Trading/data/raw/nws_daily).csv,USW00094728,"NY CITY CENTRAL PARK, NY US"
2026-03-21,NYC,59.0,59.0,noaa_nws_daily_tmax,C:/Weather Trading/Kalshi-Weather-Trading/data/raw/nws_daily).csv,USW00094728,"NY CITY CENTRAL PARK, NY US"
2026-03-22,NYC,63.0,63.0,noaa_nws_daily_tmax,C:/Weather Trading/Kalshi-Weather-Trading/data/raw/nws_daily).csv,USW00094728,"NY CITY CENTRAL PARK, NY US"
2026-03-23,NYC,50.0,50.0,noaa_nws_daily_tmax,C:/Weather Trading/Kalshi-Weather-Trading/data/raw/nws_daily).csv,USW00094728,"NY CITY CENTRAL PARK, NY US"
2026-03-24,NYC,48.0,48.0,noaa_nws_daily_tmax,C:/Weather Trading/Kalshi-Weather-Trading/data/raw/nws_daily).csv,USW00094728,"NY CITY CENTRAL PARK, NY US"
2026-03-25,NYC,54.0,54.0,noaa_nws_daily_tmax,C:/Weather Trading/Kalshi-Weather-Trading/data/raw/nws_daily).csv,USW00094728,"NY CITY CENTRAL PARK, NY US"
2026-03-26,NYC,76.0,76.0,noaa_nws_daily_tmax,C:/Weather Trading/Kalshi-Weather-Trading/data/raw/nws_daily).csv,USW00094728,"NY CITY CENTRAL PARK, NY US"
2026-03-27,NYC,65.0,65.0,noaa_nws_daily_tmax,C:/Weather Trading/Kalshi-Weather-Trading/data/raw/nws_daily).csv,USW00094728,"NY CITY CENTRAL PARK, NY US"
2026-03-28,NYC,44.0,44.0,noaa_nws_daily_tmax,C:/Weather Trading/Kalshi-Weather-Trading/data/raw/nws_daily).csv,USW00094728,"NY CITY CENTRAL PARK, NY US"
2026-03-29,NYC,54.0,54.0,noaa_nws_daily_tmax,C:/Weather Trading/Kalshi-Weather-Trading/data/raw/nws_daily).csv,USW00094728,"NY CITY CENTRAL PARK, NY US"
2026-03-30,NYC,73.0,73.0,noaa_nws_daily_tmax,C:/Weather Trading/Kalshi-Weather-Trading/data/raw/nws_daily).csv,USW00094728,"NY CITY CENTRAL PARK, NY US"
2026-03-31,NYC,81.0,81.0,noaa_nws_daily_tmax,C:/Weather Trading/Kalshi-Weather-Trading/data/raw/nws_daily).csv,USW00094728,"NY CITY CENTRAL PARK, NY US"
2026-04-01,NYC,80.0,80.0,noaa_nws_daily_tmax,C:/Weather Trading/Kalshi-Weather-Trading/data/raw/nws_daily).csv,USW00094728,"NY CITY CENTRAL PARK, NY US"
2026-04-02,NYC,51.0,51.0,noaa_nws_daily_tmax,C:/Weather Trading/Kalshi-Weather-Trading/data/raw/nws_daily).csv,USW00094728,"NY CITY CENTRAL PARK, NY US"
2026-04-03,NYC,66.0,66.0,noaa_nws_daily_tmax,C:/Weather Trading/Kalshi-Weather-Trading/data/raw/nws_daily).csv,USW00094728,"NY CITY CENTRAL PARK, NY US"
2026-04-04,NYC,73.0,73.0,noaa_nws_daily_tmax,C:/Weather Trading/Kalshi-Weather-Trading/data/raw/nws_daily).csv,USW00094728,"NY CITY CENTRAL PARK, NY US"
2026-04-05,NYC,57.0,57.0,noaa_nws_daily_tmax,C:/Weather Trading/Kalshi-Weather-Trading/data/raw/nws_daily).csv,USW00094728,"NY CITY CENTRAL PARK, NY US"
2026-04-06,NYC,56.0,56.0,noaa_nws_daily_tmax,C:/Weather Trading/Kalshi-Weather-Trading/data/raw/nws_daily).csv,USW00094728,"NY CITY CENTRAL PARK, NY US"
2026-04-07,NYC,56.0,56.0,noaa_nws_daily_tmax,C:/Weather Trading/Kalshi-Weather-Trading/data/raw/nws_daily).csv,USW00094728,"NY CITY CENTRAL PARK, NY US"
2026-04-08,NYC,51.0,51.0,noaa_nws_daily_tmax,C:/Weather Trading/Kalshi-Weather-Trading/data/raw/nws_daily).csv,USW00094728,"NY CITY CENTRAL PARK, NY US"
2026-04-09,NYC,51.0,51.0,noaa_nws_daily_tmax,C:/Weather Trading/Kalshi-Weather-Trading/data/raw/nws_daily).csv,USW00094728,"NY CITY CENTRAL PARK, NY US"
2026-04-10,NYC,63.0,63.0,noaa_nws_daily_tmax,C:/Weather Trading/Kalshi-Weather-Trading/data/raw/nws_daily).csv,USW00094728,"NY CITY CENTRAL PARK, NY US"
2026-04-11,NYC,63.0,63.0,noaa_nws_daily_tmax,C:/Weather Trading/Kalshi-Weather-Trading/data/raw/nws_daily).csv,USW00094728,"NY CITY CENTRAL PARK, NY US"
2026-04-12,NYC,55.0,55.0,noaa_nws_daily_tmax,C:/Weather Trading/Kalshi-Weather-Trading/data/raw/nws_daily).csv,USW00094728,"NY CITY CENTRAL PARK, NY US"
2026-04-13,NYC,79.0,79.0,noaa_nws_daily_tmax,C:/Weather Trading/Kalshi-Weather-Trading/data/raw/nws_daily).csv,USW00094728,"NY CITY CENTRAL PARK, NY US"
2026-04-14,NYC,87.0,87.0,noaa_nws_daily_tmax,C:/Weather Trading/Kalshi-Weather-Trading/data/raw/nws_daily).csv,USW00094728,"NY CITY CENTRAL PARK, NY US"
2026-04-15,NYC,90.0,90.0,noaa_nws_daily_tmax,C:/Weather Trading/Kalshi-Weather-Trading/data/raw/nws_daily).csv,USW00094728,"NY CITY CENTRAL PARK, NY US"
2026-04-16,NYC,89.0,89.0,noaa_nws_daily_tmax,C:/Weather Trading/Kalshi-Weather-Trading/data/raw/nws_daily).csv,USW00094728,"NY CITY CENTRAL PARK, NY US"
2026-04-17,NYC,81.0,81.0,noaa_nws_daily_tmax,C:/Weather Trading/Kalshi-Weather-Trading/data/raw/nws_daily).csv,USW00094728,"NY CITY CENTRAL PARK, NY US"
2026-04-18,NYC,66.0,66.0,noaa_nws_daily_tmax,C:/Weather Trading/Kalshi-Weather-Trading/data/raw/nws_daily).csv,USW00094728,"NY CITY CENTRAL PARK, NY US"
2026-04-19,NYC,53.0,53.0,noaa_nws_daily_tmax,C:/Weather Trading/Kalshi-Weather-Trading/data/raw/nws_daily).csv,USW00094728,"NY CITY CENTRAL PARK, NY US"
2026-04-20,NYC,51.0,51.0,noaa_nws_daily_tmax,C:/Weather Trading/Kalshi-Weather-Trading/data/raw/nws_daily).csv,USW00094728,"NY CITY CENTRAL PARK, NY US"
2026-04-21,NYC,54.0,54.0,noaa_nws_daily_tmax,C:/Weather Trading/Kalshi-Weather-Trading/data/raw/nws_daily).csv,USW00094728,"NY CITY CENTRAL PARK, NY US"
2026-04-22,NYC,56.0,56.0,noaa_nws_daily_tmax,C:/Weather Trading/Kalshi-Weather-Trading/data/raw/nws_daily).csv,USW00094728,"NY CITY CENTRAL PARK, NY US"
2026-04-23,NYC,73.0,73.0,noaa_nws_daily_tmax,C:/Weather Trading/Kalshi-Weather-Trading/data/raw/nws_daily).csv,USW00094728,"NY CITY CENTRAL PARK, NY US"
2026-04-24,NYC,68.0,68.0,noaa_nws_daily_tmax,C:/Weather Trading/Kalshi-Weather-Trading/data/raw/nws_daily).csv,USW00094728,"NY CITY CENTRAL PARK, NY US"
2026-04-25,NYC,50.0,50.0,noaa_nws_daily_tmax,C:/Weather Trading/Kalshi-Weather-Trading/data/raw/nws_daily).csv,USW00094728,"NY CITY CENTRAL PARK, NY US"
2026-04-26,NYC,57.0,57.0,noaa_nws_daily_tmax,C:/Weather Trading/Kalshi-Weather-Trading/data/raw/nws_daily).csv,USW00094728,"NY CITY CENTRAL PARK, NY US"
2026-04-27,NYC,68.0,68.0,noaa_nws_daily_tmax,C:/Weather Trading/Kalshi-Weather-Trading/data/raw/nws_daily).csv,USW00094728,"NY CITY CENTRAL PARK, NY US"
2026-04-28,NYC,65.0,65.0,noaa_nws_daily_tmax,C:/Weather Trading/Kalshi-Weather-Trading/data/raw/nws_daily).csv,USW00094728,"NY CITY CENTRAL PARK, NY US"
2026-04-29,NYC,62.0,62.0,noaa_nws_daily_tmax,C:/Weather Trading/Kalshi-Weather-Trading/data/raw/nws_daily).csv,USW00094728,"NY CITY CENTRAL PARK, NY US"
2026-04-30,NYC,60.0,60.0,noaa_nws_daily_tmax,C:/Weather Trading/Kalshi-Weather-Trading/data/raw/nws_daily).csv,USW00094728,"NY CITY CENTRAL PARK, NY US"
2026-05-01,NYC,64.0,64.0,noaa_nws_daily_tmax,C:/Weather Trading/Kalshi-Weather-Trading/data/raw/nws_daily).csv,USW00094728,"NY CITY CENTRAL PARK, NY US"
2026-05-02,NYC,61.0,61.0,noaa_nws_daily_tmax,C:/Weather Trading/Kalshi-Weather-Trading/data/raw/nws_daily).csv,USW00094728,"NY CITY CENTRAL PARK, NY US"
2026-05-03,NYC,59.0,59.0,noaa_nws_daily_tmax,C:/Weather Trading/Kalshi-Weather-Trading/data/raw/nws_daily).csv,USW00094728,"NY CITY CENTRAL PARK, NY US"
2026-05-04,NYC,72.0,72.0,noaa_nws_daily_tmax,C:/Weather Trading/Kalshi-Weather-Trading/data/raw/nws_daily).csv,USW00094728,"NY CITY CENTRAL PARK, NY US"
2026-05-05,NYC,81.0,81.0,noaa_nws_daily_tmax,C:/Weather Trading/Kalshi-Weather-Trading/data/raw/nws_daily).csv,USW00094728,"NY CITY CENTRAL PARK, NY US"
2026-05-06,NYC,71.0,71.0,noaa_nws_daily_tmax,C:/Weather Trading/Kalshi-Weather-Trading/data/raw/nws_daily).csv,USW00094728,"NY CITY CENTRAL PARK, NY US"
2026-05-07,NYC,64.0,64.0,noaa_nws_daily_tmax,C:/Weather Trading/Kalshi-Weather-Trading/data/raw/nws_daily).csv,USW00094728,"NY CITY CENTRAL PARK, NY US"
2026-05-08,NYC,63.0,63.0,noaa_nws_daily_tmax,C:/Weather Trading/Kalshi-Weather-Trading/data/raw/nws_daily).csv,USW00094728,"NY CITY CENTRAL PARK, NY US"
2026-05-09,NYC,65.0,65.0,noaa_nws_daily_tmax,C:/Weather Trading/Kalshi-Weather-Trading/data/raw/nws_daily).csv,USW00094728,"NY CITY CENTRAL PARK, NY US"
2026-05-10,NYC,73.0,73.0,noaa_nws_daily_tmax,C:/Weather Trading/Kalshi-Weather-Trading/data/raw/nws_daily).csv,USW00094728,"NY CITY CENTRAL PARK, NY US"
2026-05-11,NYC,61.0,61.0,noaa_nws_daily_tmax,C:/Weather Trading/Kalshi-Weather-Trading/data/raw/nws_daily).csv,USW00094728,"NY CITY CENTRAL PARK, NY US"
2026-05-12,NYC,66.0,66.0,noaa_nws_daily_tmax,C:/Weather Trading/Kalshi-Weather-Trading/data/raw/nws_daily).csv,USW00094728,"NY CITY CENTRAL PARK, NY US"
2026-05-13,NYC,72.0,72.0,noaa_nws_daily_tmax,C:/Weather Trading/Kalshi-Weather-Trading/data/raw/nws_daily).csv,USW00094728,"NY CITY CENTRAL PARK, NY US"
2026-05-14,NYC,66.0,66.0,noaa_nws_daily_tmax,C:/Weather Trading/Kalshi-Weather-Trading/data/raw/nws_daily).csv,USW00094728,"NY CITY CENTRAL PARK, NY US"
2026-05-15,NYC,66.0,66.0,noaa_nws_daily_tmax,C:/Weather Trading/Kalshi-Weather-Trading/data/raw/nws_daily).csv,USW00094728,"NY CITY CENTRAL PARK, NY US"
2026-05-16,NYC,80.0,80.0,noaa_nws_daily_tmax,C:/Weather Trading/Kalshi-Weather-Trading/data/raw/nws_daily).csv,USW00094728,"NY CITY CENTRAL PARK, NY US"
2026-05-17,NYC,87.0,87.0,noaa_nws_daily_tmax,C:/Weather Trading/Kalshi-Weather-Trading/data/raw/nws_daily).csv,USW00094728,"NY CITY CENTRAL PARK, NY US"
2026-05-18,NYC,88.0,88.0,noaa_nws_daily_tmax,C:/Weather Trading/Kalshi-Weather-Trading/data/raw/nws_daily).csv,USW00094728,"NY CITY CENTRAL PARK, NY US"
2026-05-19,NYC,93.0,93.0,noaa_nws_daily_tmax,C:/Weather Trading/Kalshi-Weather-Trading/data/raw/nws_daily).csv,USW00094728,"NY CITY CENTRAL PARK, NY US"
2026-05-20,NYC,92.0,92.0,noaa_nws_daily_tmax,C:/Weather Trading/Kalshi-Weather-Trading/data/raw/nws_daily).csv,USW00094728,"NY CITY CENTRAL PARK, NY US"
2026-05-21,NYC,66.0,66.0,noaa_nws_daily_tmax,C:/Weather Trading/Kalshi-Weather-Trading/data/raw/nws_daily).csv,USW00094728,"NY CITY CENTRAL PARK, NY US"
2026-05-22,NYC,68.0,68.0,noaa_nws_daily_tmax,C:/Weather Trading/Kalshi-Weather-Trading/data/raw/nws_daily).csv,USW00094728,"NY CITY CENTRAL PARK, NY US"
2026-05-23,NYC,57.0,57.0,noaa_nws_daily_tmax,C:/Weather Trading/Kalshi-Weather-Trading/data/raw/nws_daily).csv,USW00094728,"NY CITY CENTRAL PARK, NY US"
2026-05-24,NYC,56.0,56.0,noaa_nws_daily_tmax,C:/Weather Trading/Kalshi-Weather-Trading/data/raw/nws_daily).csv,USW00094728,"NY CITY CENTRAL PARK, NY US"
2026-05-25,NYC,73.0,73.0,noaa_nws_daily_tmax,C:/Weather Trading/Kalshi-Weather-Trading/data/raw/nws_daily).csv,USW00094728,"NY CITY CENTRAL PARK, NY US"
2026-05-26,NYC,79.0,79.0,noaa_nws_daily_tmax,C:/Weather Trading/Kalshi-Weather-Trading/data/raw/nws_daily).csv,USW00094728,"NY CITY CENTRAL PARK, NY US"
2026-05-27,NYC,81.0,81.0,noaa_nws_daily_tmax,C:/Weather Trading/Kalshi-Weather-Trading/data/raw/nws_daily).csv,USW00094728,"NY CITY CENTRAL PARK, NY US"
2026-05-28,NYC,75.0,75.0,noaa_nws_daily_tmax,C:/Weather Trading/Kalshi-Weather-Trading/data/raw/nws_daily).csv,USW00094728,"NY CITY CENTRAL PARK, NY US"
2026-05-29,NYC,75.0,75.0,noaa_nws_daily_tmax,C:/Weather Trading/Kalshi-Weather-Trading/data/raw/nws_daily).csv,USW00094728,"NY CITY CENTRAL PARK, NY US"
2026-05-30,NYC,69.0,69.0,noaa_nws_daily_tmax,C:/Weather Trading/Kalshi-Weather-Trading/data/raw/nws_daily).csv,USW00094728,"NY CITY CENTRAL PARK, NY US"
2026-05-31,NYC,75.0,75.0,noaa_nws_daily_tmax,C:/Weather Trading/Kalshi-Weather-Trading/data/raw/nws_daily).csv,USW00094728,"NY CITY CENTRAL PARK, NY US"
2026-06-01,NYC,71.0,71.0,noaa_nws_daily_tmax,C:/Weather Trading/Kalshi-Weather-Trading/data/raw/nws_daily).csv,USW00094728,"NY CITY CENTRAL PARK, NY US"
2026-06-02,NYC,76.0,76.0,noaa_nws_daily_tmax,C:/Weather Trading/Kalshi-Weather-Trading/data/raw/nws_daily).csv,USW00094728,"NY CITY CENTRAL PARK, NY US"
2026-06-03,NYC,83.0,83.0,noaa_nws_daily_tmax,C:/Weather Trading/Kalshi-Weather-Trading/data/raw/nws_daily).csv,USW00094728,"NY CITY CENTRAL PARK, NY US"
