date,location,actual_high,forecast_high,forecast_error,forecast_source
2022-01-01,NYC,53.3,54.3,-1.0,open_meteo_historical_forecast
2022-01-02,NYC,55.8,56.8,-1.0,open_meteo_historical_forecast
2022-01-03,NYC,35.8,36.7,-0.9000000000000057,open_meteo_historical_forecast
2022-01-04,NYC,33.5,34.0,-0.5,open_meteo_historical_forecast
2022-01-05,NYC,44.7,44.9,-0.19999999999999574,open_meteo_historical_forecast
2022-01-06,NYC,39.7,38.9,0.8000000000000043,open_meteo_historical_forecast
2022-01-07,NYC,32.2,33.4,-1.1999999999999957,open_meteo_historical_forecast
2022-01-08,NYC,26.2,29.6,-3.400000000000002,open_meteo_historical_forecast
2022-01-09,NYC,39.4,39.0,0.3999999999999986,open_meteo_historical_forecast
2022-01-10,NYC,39.7,39.1,0.6000000000000014,open_meteo_historical_forecast
2022-01-11,NYC,24.7,25.3,-0.6000000000000014,open_meteo_historical_forecast
2022-01-12,NYC,40.5,39.8,0.7000000000000028,open_meteo_historical_forecast
2022-01-13,NYC,45.0,46.6,-1.6000000000000014,open_meteo_historical_forecast
2022-01-14,NYC,41.2,42.1,-0.8999999999999986,open_meteo_historical_forecast
2022-01-15,NYC,22.7,24.1,-1.4000000000000021,open_meteo_historical_forecast
2022-01-16,NYC,34.5,33.4,1.1000000000000014,open_meteo_historical_forecast
2022-01-17,NYC,49.6,42.0,7.600000000000001,open_meteo_historical_forecast
2022-01-18,NYC,35.3,36.2,-0.9000000000000057,open_meteo_historical_forecast
2022-01-19,NYC,45.9,49.3,-3.3999999999999986,open_meteo_historical_forecast
2022-01-20,NYC,41.6,44.9,-3.299999999999997,open_meteo_historical_forecast
2022-01-21,NYC,22.6,25.1,-2.5,open_meteo_historical_forecast
2022-01-22,NYC,29.8,29.1,0.6999999999999993,open_meteo_historical_forecast
2022-01-23,NYC,37.2,36.8,0.4000000000000057,open_meteo_historical_forecast
2022-01-24,NYC,32.6,32.4,0.20000000000000284,open_meteo_historical_forecast
2022-01-25,NYC,43.5,41.9,1.6000000000000014,open_meteo_historical_forecast
2022-01-26,NYC,26.7,29.8,-3.1000000000000014,open_meteo_historical_forecast
2022-01-27,NYC,31.6,31.6,0.0,open_meteo_historical_forecast
2022-01-28,NYC,34.0,33.1,0.8999999999999986,open_meteo_historical_forecast
2022-01-29,NYC,29.1,28.7,0.40000000000000213,open_meteo_historical_forecast
2022-01-30,NYC,22.5,24.6,-2.1000000000000014,open_meteo_historical_forecast
2022-01-31,NYC,26.1,30.6,-4.5,open_meteo_historical_forecast
2022-02-01,NYC,30.6,35.5,-4.899999999999999,open_meteo_historical_forecast
2022-02-02,NYC,39.0,45.3,-6.299999999999997,open_meteo_historical_forecast
2022-02-03,NYC,48.7,46.6,2.1000000000000014,open_meteo_historical_forecast
2022-02-04,NYC,54.8,54.8,0.0,open_meteo_historical_forecast
2022-02-05,NYC,28.8,27.4,1.4000000000000021,open_meteo_historical_forecast
2022-02-06,NYC,29.8,30.7,-0.8999999999999986,open_meteo_historical_forecast
2022-02-07,NYC,37.3,37.2,0.09999999999999432,open_meteo_historical_forecast
2022-02-08,NYC,46.5,45.2,1.2999999999999972,open_meteo_historical_forecast
2022-02-09,NYC,41.6,45.1,-3.5,open_meteo_historical_forecast
2022-02-10,NYC,51.7,54.1,-2.3999999999999986,open_meteo_historical_forecast
2022-02-11,NYC,53.5,57.0,-3.5,open_meteo_historical_forecast
2022-02-12,NYC,55.8,59.9,-4.100000000000001,open_meteo_historical_forecast
2022-02-13,NYC,41.1,44.1,-3.0,open_meteo_historical_forecast
2022-02-14,NYC,26.1,25.7,0.40000000000000213,open_meteo_historical_forecast
2022-02-15,NYC,31.8,30.8,1.0,open_meteo_historical_forecast
2022-02-16,NYC,43.4,43.4,0.0,open_meteo_historical_forecast
2022-02-17,NYC,62.2,66.1,-3.8999999999999915,open_meteo_historical_forecast
2022-02-18,NYC,60.3,61.8,-1.5,open_meteo_historical_forecast
2022-02-19,NYC,38.1,40.7,-2.6000000000000014,open_meteo_historical_forecast
2022-02-20,NYC,36.6,36.2,0.3999999999999986,open_meteo_historical_forecast
2022-02-21,NYC,50.0,54.7,-4.700000000000003,open_meteo_historical_forecast
2022-02-22,NYC,56.7,56.6,0.10000000000000142,open_meteo_historical_forecast
2022-02-23,NYC,65.9,68.8,-2.8999999999999915,open_meteo_historical_forecast
2022-02-24,NYC,36.0,36.2,-0.20000000000000284,open_meteo_historical_forecast
2022-02-25,NYC,43.4,39.6,3.799999999999997,open_meteo_historical_forecast
2022-02-26,NYC,37.3,36.1,1.1999999999999957,open_meteo_historical_forecast
2022-02-27,NYC,46.6,48.0,-1.3999999999999986,open_meteo_historical_forecast
2022-02-28,NYC,34.9,36.0,-1.1000000000000014,open_meteo_historical_forecast
2022-03-01,NYC,42.7,45.6,-2.8999999999999986,open_meteo_historical_forecast
2022-03-02,NYC,50.8,52.0,-1.2000000000000028,open_meteo_historical_forecast
2022-03-03,NYC,41.6,43.4,-1.7999999999999972,open_meteo_historical_forecast
2022-03-04,NYC,37.9,37.3,0.6000000000000014,open_meteo_historical_forecast
2022-03-05,NYC,42.6,45.2,-2.6000000000000014,open_meteo_historical_forecast
2022-03-06,NYC,67.4,66.8,0.6000000000000085,open_meteo_historical_forecast
2022-03-07,NYC,73.1,74.1,-1.0,open_meteo_historical_forecast
2022-03-08,NYC,55.9,59.1,-3.200000000000003,open_meteo_historical_forecast
2022-03-09,NYC,38.0,38.7,-0.7000000000000028,open_meteo_historical_forecast
2022-03-10,NYC,48.5,49.5,-1.0,open_meteo_historical_forecast
2022-03-11,NYC,51.4,54.6,-3.200000000000003,open_meteo_historical_forecast
2022-03-12,NYC,44.0,47.5,-3.5,open_meteo_historical_forecast
2022-03-13,NYC,37.2,34.9,2.3000000000000043,open_meteo_historical_forecast
2022-03-14,NYC,55.8,56.5,-0.7000000000000028,open_meteo_historical_forecast
2022-03-15,NYC,60.6,66.9,-6.300000000000004,open_meteo_historical_forecast
2022-03-16,NYC,61.2,64.7,-3.5,open_meteo_historical_forecast
2022-03-17,NYC,54.4,53.1,1.2999999999999972,open_meteo_historical_forecast
2022-03-18,NYC,69.7,71.7,-2.0,open_meteo_historical_forecast
2022-03-19,NYC,65.2,67.5,-2.299999999999997,open_meteo_historical_forecast
2022-03-20,NYC,58.8,59.9,-1.1000000000000014,open_meteo_historical_forecast
2022-03-21,NYC,60.3,63.0,-2.700000000000003,open_meteo_historical_forecast
2022-03-22,NYC,55.3,58.2,-2.9000000000000057,open_meteo_historical_forecast
2022-03-23,NYC,47.3,47.5,-0.20000000000000284,open_meteo_historical_forecast
2022-03-24,NYC,50.0,45.3,4.700000000000003,open_meteo_historical_forecast
2022-03-25,NYC,60.3,59.9,0.3999999999999986,open_meteo_historical_forecast
2022-03-26,NYC,50.5,52.6,-2.1000000000000014,open_meteo_historical_forecast
2022-03-27,NYC,45.8,46.1,-0.30000000000000426,open_meteo_historical_forecast
2022-03-28,NYC,32.3,32.0,0.29999999999999716,open_meteo_historical_forecast
2022-03-29,NYC,38.1,36.9,1.2000000000000028,open_meteo_historical_forecast
2022-03-30,NYC,42.9,45.8,-2.8999999999999986,open_meteo_historical_forecast
2022-03-31,NYC,66.4,68.0,-1.5999999999999943,open_meteo_historical_forecast
2022-04-01,NYC,59.6,61.9,-2.299999999999997,open_meteo_historical_forecast
2022-04-02,NYC,52.2,54.6,-2.3999999999999986,open_meteo_historical_forecast
2022-04-03,NYC,47.2,45.3,1.9000000000000057,open_meteo_historical_forecast
2022-04-04,NYC,54.2,54.9,-0.6999999999999957,open_meteo_historical_forecast
2022-04-05,NYC,54.0,55.5,-1.5,open_meteo_historical_forecast
2022-04-06,NYC,54.8,52.4,2.3999999999999986,open_meteo_historical_forecast
2022-04-07,NYC,53.0,53.0,0.0,open_meteo_historical_forecast
2022-04-08,NYC,62.0,65.4,-3.4000000000000057,open_meteo_historical_forecast
2022-04-09,NYC,56.8,55.3,1.5,open_meteo_historical_forecast
2022-04-10,NYC,49.9,49.4,0.5,open_meteo_historical_forecast
2022-04-11,NYC,55.8,60.2,-4.400000000000006,open_meteo_historical_forecast
2022-04-12,NYC,68.9,72.4,-3.5,open_meteo_historical_forecast
2022-04-13,NYC,66.2,69.2,-3.0,open_meteo_historical_forecast
2022-04-14,NYC,82.8,80.2,2.5999999999999943,open_meteo_historical_forecast
2022-04-15,NYC,66.7,69.7,-3.0,open_meteo_historical_forecast
2022-04-16,NYC,67.0,70.4,-3.4000000000000057,open_meteo_historical_forecast
2022-04-17,NYC,50.3,50.6,-0.30000000000000426,open_meteo_historical_forecast
2022-04-18,NYC,51.3,53.8,-2.5,open_meteo_historical_forecast
2022-04-19,NYC,52.0,48.9,3.1000000000000014,open_meteo_historical_forecast
2022-04-20,NYC,57.2,60.0,-2.799999999999997,open_meteo_historical_forecast
2022-04-21,NYC,55.6,59.8,-4.199999999999996,open_meteo_historical_forecast
2022-04-22,NYC,64.8,70.1,-5.299999999999997,open_meteo_historical_forecast
2022-04-23,NYC,58.6,63.8,-5.199999999999996,open_meteo_historical_forecast
2022-04-24,NYC,60.7,61.8,-1.0999999999999943,open_meteo_historical_forecast
2022-04-25,NYC,59.5,56.5,3.0,open_meteo_historical_forecast
2022-04-26,NYC,60.3,56.5,3.799999999999997,open_meteo_historical_forecast
2022-04-27,NYC,56.2,56.1,0.10000000000000142,open_meteo_historical_forecast
2022-04-28,NYC,54.3,57.4,-3.1000000000000014,open_meteo_historical_forecast
2022-04-29,NYC,59.6,63.2,-3.6000000000000014,open_meteo_historical_forecast
2022-04-30,NYC,64.0,67.8,-3.799999999999997,open_meteo_historical_forecast
2022-05-01,NYC,65.9,68.4,-2.5,open_meteo_historical_forecast
2022-05-02,NYC,57.7,55.1,2.6000000000000014,open_meteo_historical_forecast
2022-05-03,NYC,65.2,61.5,3.700000000000003,open_meteo_historical_forecast
2022-05-04,NYC,68.4,64.9,3.5,open_meteo_historical_forecast
2022-05-05,NYC,70.8,74.3,-3.5,open_meteo_historical_forecast
2022-05-06,NYC,57.3,61.9,-4.600000000000001,open_meteo_historical_forecast
2022-05-07,NYC,51.0,50.4,0.6000000000000014,open_meteo_historical_forecast
2022-05-08,NYC,55.8,58.2,-2.4000000000000057,open_meteo_historical_forecast
2022-05-09,NYC,66.1,70.2,-4.1000000000000085,open_meteo_historical_forecast
2022-05-10,NYC,68.3,72.7,-4.400000000000006,open_meteo_historical_forecast
2022-05-11,NYC,69.6,73.8,-4.200000000000003,open_meteo_historical_forecast
2022-05-12,NYC,70.6,73.3,-2.700000000000003,open_meteo_historical_forecast
2022-05-13,NYC,70.8,70.8,0.0,open_meteo_historical_forecast
2022-05-14,NYC,70.8,73.4,-2.6000000000000085,open_meteo_historical_forecast
2022-05-15,NYC,76.6,76.9,-0.30000000000001137,open_meteo_historical_forecast
2022-05-16,NYC,74.6,76.0,-1.4000000000000057,open_meteo_historical_forecast
2022-05-17,NYC,73.7,77.4,-3.700000000000003,open_meteo_historical_forecast
2022-05-18,NYC,70.4,74.0,-3.5999999999999943,open_meteo_historical_forecast
2022-05-19,NYC,71.7,66.1,5.6000000000000085,open_meteo_historical_forecast
2022-05-20,NYC,72.1,68.9,3.1999999999999886,open_meteo_historical_forecast
2022-05-21,NYC,89.0,92.2,-3.200000000000003,open_meteo_historical_forecast
2022-05-22,NYC,86.9,91.9,-5.0,open_meteo_historical_forecast
2022-05-23,NYC,72.4,74.1,-1.6999999999999886,open_meteo_historical_forecast
2022-05-24,NYC,67.4,67.5,-0.09999999999999432,open_meteo_historical_forecast
2022-05-25,NYC,67.6,71.2,-3.6000000000000085,open_meteo_historical_forecast
2022-05-26,NYC,68.0,69.7,-1.7000000000000028,open_meteo_historical_forecast
2022-05-27,NYC,74.8,79.6,-4.799999999999997,open_meteo_historical_forecast
2022-05-28,NYC,73.8,74.1,-0.29999999999999716,open_meteo_historical_forecast
2022-05-29,NYC,76.7,78.8,-2.0999999999999943,open_meteo_historical_forecast
2022-05-30,NYC,85.0,87.0,-2.0,open_meteo_historical_forecast
2022-05-31,NYC,91.8,94.8,-3.0,open_meteo_historical_forecast
2022-06-01,NYC,72.9,68.4,4.5,open_meteo_historical_forecast
2022-06-02,NYC,80.2,78.2,2.0,open_meteo_historical_forecast
2022-06-03,NYC,77.7,75.9,1.7999999999999972,open_meteo_historical_forecast
2022-06-04,NYC,80.8,81.0,-0.20000000000000284,open_meteo_historical_forecast
2022-06-05,NYC,76.5,77.9,-1.4000000000000057,open_meteo_historical_forecast
2022-06-06,NYC,79.6,81.8,-2.200000000000003,open_meteo_historical_forecast
2022-06-07,NYC,76.3,78.1,-1.7999999999999972,open_meteo_historical_forecast
2022-06-08,NYC,84.0,84.3,-0.29999999999999716,open_meteo_historical_forecast
2022-06-09,NYC,82.6,84.9,-2.3000000000000114,open_meteo_historical_forecast
2022-06-10,NYC,79.2,80.1,-0.8999999999999915,open_meteo_historical_forecast
2022-06-11,NYC,75.4,76.9,-1.5,open_meteo_historical_forecast
2022-06-12,NYC,73.0,71.8,1.2000000000000028,open_meteo_historical_forecast
2022-06-13,NYC,82.1,84.5,-2.4000000000000057,open_meteo_historical_forecast
2022-06-14,NYC,84.4,83.3,1.1000000000000085,open_meteo_historical_forecast
2022-06-15,NYC,82.0,82.0,0.0,open_meteo_historical_forecast
2022-06-16,NYC,73.8,69.3,4.5,open_meteo_historical_forecast
2022-06-17,NYC,89.5,91.2,-1.7000000000000028,open_meteo_historical_forecast
2022-06-18,NYC,71.1,76.0,-4.900000000000006,open_meteo_historical_forecast
2022-06-19,NYC,72.5,73.7,-1.2000000000000028,open_meteo_historical_forecast
2022-06-20,NYC,79.9,80.1,-0.19999999999998863,open_meteo_historical_forecast
2022-06-21,NYC,79.1,79.4,-0.30000000000001137,open_meteo_historical_forecast
2022-06-22,NYC,69.3,66.6,2.700000000000003,open_meteo_historical_forecast
2022-06-23,NYC,72.9,73.1,-0.19999999999998863,open_meteo_historical_forecast
2022-06-24,NYC,80.3,81.4,-1.1000000000000085,open_meteo_historical_forecast
2022-06-25,NYC,90.8,91.0,-0.20000000000000284,open_meteo_historical_forecast
2022-06-26,NYC,87.7,89.4,-1.7000000000000028,open_meteo_historical_forecast
2022-06-27,NYC,79.4,78.2,1.2000000000000028,open_meteo_historical_forecast
2022-06-28,NYC,81.7,79.0,2.700000000000003,open_meteo_historical_forecast
2022-06-29,NYC,84.4,85.3,-0.8999999999999915,open_meteo_historical_forecast
2022-06-30,NYC,88.4,87.5,0.9000000000000057,open_meteo_historical_forecast
2022-07-01,NYC,92.9,93.1,-0.19999999999998863,open_meteo_historical_forecast
2022-07-02,NYC,87.7,89.0,-1.2999999999999972,open_meteo_historical_forecast
2022-07-03,NYC,88.4,90.7,-2.299999999999997,open_meteo_historical_forecast
2022-07-04,NYC,87.8,85.7,2.0999999999999943,open_meteo_historical_forecast
2022-07-05,NYC,86.2,86.5,-0.29999999999999716,open_meteo_historical_forecast
2022-07-06,NYC,89.2,85.8,3.4000000000000057,open_meteo_historical_forecast
2022-07-07,NYC,81.7,82.2,-0.5,open_meteo_historical_forecast
2022-07-08,NYC,85.6,84.1,1.5,open_meteo_historical_forecast
2022-07-09,NYC,86.2,84.9,1.2999999999999972,open_meteo_historical_forecast
2022-07-10,NYC,82.0,82.8,-0.7999999999999972,open_meteo_historical_forecast
2022-07-11,NYC,84.4,83.9,0.5,open_meteo_historical_forecast
2022-07-12,NYC,92.9,91.7,1.2000000000000028,open_meteo_historical_forecast
2022-07-13,NYC,91.6,91.2,0.3999999999999915,open_meteo_historical_forecast
2022-07-14,NYC,89.8,86.4,3.3999999999999915,open_meteo_historical_forecast
2022-07-15,NYC,84.6,84.9,-0.30000000000001137,open_meteo_historical_forecast
2022-07-16,NYC,82.8,82.8,0.0,open_meteo_historical_forecast
2022-07-17,NYC,83.1,84.1,-1.0,open_meteo_historical_forecast
2022-07-18,NYC,86.0,81.8,4.200000000000003,open_meteo_historical_forecast
2022-07-19,NYC,91.5,92.1,-0.5999999999999943,open_meteo_historical_forecast
2022-07-20,NYC,93.4,94.4,-1.0,open_meteo_historical_forecast
2022-07-21,NYC,91.9,93.4,-1.5,open_meteo_historical_forecast
2022-07-22,NYC,94.4,96.1,-1.6999999999999886,open_meteo_historical_forecast
2022-07-23,NYC,95.5,97.6,-2.0999999999999943,open_meteo_historical_forecast
2022-07-24,NYC,97.0,98.6,-1.5999999999999943,open_meteo_historical_forecast
2022-07-25,NYC,88.6,89.7,-1.1000000000000085,open_meteo_historical_forecast
2022-07-26,NYC,84.8,82.7,2.0999999999999943,open_meteo_historical_forecast
2022-07-27,NYC,83.9,86.0,-2.0999999999999943,open_meteo_historical_forecast
2022-07-28,NYC,88.9,88.2,0.7000000000000028,open_meteo_historical_forecast
2022-07-29,NYC,87.9,88.5,-0.5999999999999943,open_meteo_historical_forecast
2022-07-30,NYC,90.2,88.1,2.1000000000000085,open_meteo_historical_forecast
2022-07-31,NYC,85.1,87.1,-2.0,open_meteo_historical_forecast
2022-08-01,NYC,80.3,75.7,4.599999999999994,open_meteo_historical_forecast
2022-08-02,NYC,91.7,91.9,-0.20000000000000284,open_meteo_historical_forecast
2022-08-03,NYC,90.3,91.8,-1.5,open_meteo_historical_forecast
2022-08-04,NYC,92.8,94.1,-1.2999999999999972,open_meteo_historical_forecast
2022-08-05,NYC,90.9,91.2,-0.29999999999999716,open_meteo_historical_forecast
2022-08-06,NYC,90.7,94.0,-3.299999999999997,open_meteo_historical_forecast
2022-08-07,NYC,93.8,91.1,2.700000000000003,open_meteo_historical_forecast
2022-08-08,NYC,94.1,94.5,-0.4000000000000057,open_meteo_historical_forecast
2022-08-09,NYC,98.3,96.9,1.3999999999999915,open_meteo_historical_forecast
2022-08-10,NYC,89.6,85.2,4.3999999999999915,open_meteo_historical_forecast
2022-08-11,NYC,89.9,90.0,-0.09999999999999432,open_meteo_historical_forecast
2022-08-12,NYC,84.3,84.4,-0.10000000000000853,open_meteo_historical_forecast
2022-08-13,NYC,80.9,79.3,1.6000000000000085,open_meteo_historical_forecast
2022-08-14,NYC,82.2,81.7,0.5,open_meteo_historical_forecast
2022-08-15,NYC,82.8,82.7,0.09999999999999432,open_meteo_historical_forecast
2022-08-16,NYC,82.6,83.4,-0.8000000000000114,open_meteo_historical_forecast
2022-08-17,NYC,80.5,79.5,1.0,open_meteo_historical_forecast
2022-08-18,NYC,87.4,86.9,0.5,open_meteo_historical_forecast
2022-08-19,NYC,89.3,89.4,-0.10000000000000853,open_meteo_historical_forecast
2022-08-20,NYC,89.2,89.8,-0.5999999999999943,open_meteo_historical_forecast
2022-08-21,NYC,82.7,82.4,0.29999999999999716,open_meteo_historical_forecast
2022-08-22,NYC,76.6,78.1,-1.5,open_meteo_historical_forecast
2022-08-23,NYC,84.8,86.3,-1.5,open_meteo_historical_forecast
2022-08-24,NYC,88.2,90.9,-2.700000000000003,open_meteo_historical_forecast
2022-08-25,NYC,90.1,91.4,-1.3000000000000114,open_meteo_historical_forecast
2022-08-26,NYC,85.8,85.8,0.0,open_meteo_historical_forecast
2022-08-27,NYC,85.0,87.6,-2.5999999999999943,open_meteo_historical_forecast
2022-08-28,NYC,81.8,79.7,2.0999999999999943,open_meteo_historical_forecast
2022-08-29,NYC,83.8,86.8,-3.0,open_meteo_historical_forecast
2022-08-30,NYC,86.4,88.3,-1.8999999999999915,open_meteo_historical_forecast
2022-08-31,NYC,83.8,84.0,-0.20000000000000284,open_meteo_historical_forecast
2022-09-01,NYC,85.0,86.2,-1.2000000000000028,open_meteo_historical_forecast
2022-09-02,NYC,77.6,77.9,-0.30000000000001137,open_meteo_historical_forecast
2022-09-03,NYC,80.4,81.9,-1.5,open_meteo_historical_forecast
2022-09-04,NYC,85.9,88.9,-3.0,open_meteo_historical_forecast
2022-09-05,NYC,83.1,85.5,-2.4000000000000057,open_meteo_historical_forecast
2022-09-06,NYC,72.5,74.2,-1.7000000000000028,open_meteo_historical_forecast
2022-09-07,NYC,73.0,72.6,0.4000000000000057,open_meteo_historical_forecast
2022-09-08,NYC,75.3,77.3,-2.0,open_meteo_historical_forecast
2022-09-09,NYC,79.5,79.8,-0.29999999999999716,open_meteo_historical_forecast
2022-09-10,NYC,81.5,85.8,-4.299999999999997,open_meteo_historical_forecast
2022-09-11,NYC,76.3,76.6,-0.29999999999999716,open_meteo_historical_forecast
2022-09-12,NYC,82.6,80.0,2.5999999999999943,open_meteo_historical_forecast
2022-09-13,NYC,79.1,83.2,-4.1000000000000085,open_meteo_historical_forecast
2022-09-14,NYC,79.7,81.2,-1.5,open_meteo_historical_forecast
2022-09-15,NYC,71.7,75.0,-3.299999999999997,open_meteo_historical_forecast
2022-09-16,NYC,74.8,76.9,-2.1000000000000085,open_meteo_historical_forecast
2022-09-17,NYC,73.5,75.0,-1.5,open_meteo_historical_forecast
2022-09-18,NYC,83.9,84.6,-0.6999999999999886,open_meteo_historical_forecast
2022-09-19,NYC,86.4,85.9,0.5,open_meteo_historical_forecast
2022-09-20,NYC,78.4,78.4,0.0,open_meteo_historical_forecast
2022-09-21,NYC,80.0,81.8,-1.7999999999999972,open_meteo_historical_forecast
2022-09-22,NYC,77.0,75.9,1.0999999999999943,open_meteo_historical_forecast
2022-09-23,NYC,61.8,64.1,-2.299999999999997,open_meteo_historical_forecast
2022-09-24,NYC,69.3,71.1,-1.7999999999999972,open_meteo_historical_forecast
2022-09-25,NYC,75.0,72.8,2.200000000000003,open_meteo_historical_forecast
2022-09-26,NYC,74.8,76.6,-1.7999999999999972,open_meteo_historical_forecast
2022-09-27,NYC,70.7,69.7,1.0,open_meteo_historical_forecast
2022-09-28,NYC,69.8,69.6,0.20000000000000284,open_meteo_historical_forecast
2022-09-29,NYC,66.7,66.7,0.0,open_meteo_historical_forecast
2022-09-30,NYC,62.4,62.2,0.19999999999999574,open_meteo_historical_forecast
2022-10-01,NYC,63.6,60.1,3.5,open_meteo_historical_forecast
2022-10-02,NYC,59.0,58.8,0.20000000000000284,open_meteo_historical_forecast
2022-10-03,NYC,53.5,52.0,1.5,open_meteo_historical_forecast
2022-10-04,NYC,55.2,53.9,1.3000000000000043,open_meteo_historical_forecast
2022-10-05,NYC,60.7,58.9,1.8000000000000043,open_meteo_historical_forecast
2022-10-06,NYC,72.6,76.2,-3.6000000000000085,open_meteo_historical_forecast
2022-10-07,NYC,75.0,78.5,-3.5,open_meteo_historical_forecast
2022-10-08,NYC,58.5,59.9,-1.3999999999999986,open_meteo_historical_forecast
2022-10-09,NYC,61.8,63.2,-1.4000000000000057,open_meteo_historical_forecast
2022-10-10,NYC,67.7,69.1,-1.3999999999999915,open_meteo_historical_forecast
2022-10-11,NYC,68.0,72.0,-4.0,open_meteo_historical_forecast
2022-10-12,NYC,67.1,70.7,-3.6000000000000085,open_meteo_historical_forecast
2022-10-13,NYC,70.0,71.2,-1.2000000000000028,open_meteo_historical_forecast
2022-10-14,NYC,66.4,66.2,0.20000000000000284,open_meteo_historical_forecast
2022-10-15,NYC,66.5,70.5,-4.0,open_meteo_historical_forecast
2022-10-16,NYC,64.0,66.0,-2.0,open_meteo_historical_forecast
2022-10-17,NYC,65.8,66.8,-1.0,open_meteo_historical_forecast
2022-10-18,NYC,56.7,57.3,-0.5999999999999943,open_meteo_historical_forecast
2022-10-19,NYC,53.9,54.8,-0.8999999999999986,open_meteo_historical_forecast
2022-10-20,NYC,57.7,60.0,-2.299999999999997,open_meteo_historical_forecast
2022-10-21,NYC,60.9,64.8,-3.8999999999999986,open_meteo_historical_forecast
2022-10-22,NYC,64.0,67.8,-3.799999999999997,open_meteo_historical_forecast
2022-10-23,NYC,60.4,62.0,-1.6000000000000014,open_meteo_historical_forecast
2022-10-24,NYC,61.5,60.3,1.2000000000000028,open_meteo_historical_forecast
2022-10-25,NYC,70.1,69.1,1.0,open_meteo_historical_forecast
2022-10-26,NYC,70.2,72.0,-1.7999999999999972,open_meteo_historical_forecast
2022-10-27,NYC,63.4,67.3,-3.8999999999999986,open_meteo_historical_forecast
2022-10-28,NYC,55.8,56.7,-0.9000000000000057,open_meteo_historical_forecast
2022-10-29,NYC,58.4,60.1,-1.7000000000000028,open_meteo_historical_forecast
2022-10-30,NYC,61.3,65.5,-4.200000000000003,open_meteo_historical_forecast
2022-10-31,NYC,63.2,65.3,-2.0999999999999943,open_meteo_historical_forecast
2022-11-01,NYC,67.1,68.1,-1.0,open_meteo_historical_forecast
2022-11-02,NYC,68.3,72.5,-4.200000000000003,open_meteo_historical_forecast
2022-11-03,NYC,64.3,69.1,-4.799999999999997,open_meteo_historical_forecast
2022-11-04,NYC,68.2,71.3,-3.0999999999999943,open_meteo_historical_forecast
2022-11-05,NYC,72.9,76.5,-3.5999999999999943,open_meteo_historical_forecast
2022-11-06,NYC,74.1,74.1,0.0,open_meteo_historical_forecast
2022-11-07,NYC,74.8,78.8,-4.0,open_meteo_historical_forecast
2022-11-08,NYC,56.2,58.5,-2.299999999999997,open_meteo_historical_forecast
2022-11-09,NYC,51.1,54.0,-2.8999999999999986,open_meteo_historical_forecast
2022-11-10,NYC,63.5,67.2,-3.700000000000003,open_meteo_historical_forecast
2022-11-11,NYC,65.9,67.5,-1.5999999999999943,open_meteo_historical_forecast
2022-11-12,NYC,68.4,69.5,-1.0999999999999943,open_meteo_historical_forecast
2022-11-13,NYC,56.7,60.1,-3.3999999999999986,open_meteo_historical_forecast
2022-11-14,NYC,45.6,46.2,-0.6000000000000014,open_meteo_historical_forecast
2022-11-15,NYC,45.4,44.2,1.1999999999999957,open_meteo_historical_forecast
2022-11-16,NYC,52.2,48.3,3.9000000000000057,open_meteo_historical_forecast
2022-11-17,NYC,46.8,46.1,0.6999999999999957,open_meteo_historical_forecast
2022-11-18,NYC,43.1,43.7,-0.6000000000000014,open_meteo_historical_forecast
2022-11-19,NYC,39.6,40.2,-0.6000000000000014,open_meteo_historical_forecast
2022-11-20,NYC,36.0,36.7,-0.7000000000000028,open_meteo_historical_forecast
2022-11-21,NYC,39.2,41.0,-1.7999999999999972,open_meteo_historical_forecast
2022-11-22,NYC,49.1,51.1,-2.0,open_meteo_historical_forecast
2022-11-23,NYC,53.0,55.8,-2.799999999999997,open_meteo_historical_forecast
2022-11-24,NYC,51.1,53.1,-2.0,open_meteo_historical_forecast
2022-11-25,NYC,53.4,54.3,-0.8999999999999986,open_meteo_historical_forecast
2022-11-26,NYC,54.0,56.8,-2.799999999999997,open_meteo_historical_forecast
2022-11-27,NYC,57.3,58.7,-1.4000000000000057,open_meteo_historical_forecast
2022-11-28,NYC,53.6,54.4,-0.7999999999999972,open_meteo_historical_forecast
2022-11-29,NYC,43.3,42.9,0.3999999999999986,open_meteo_historical_forecast
2022-11-30,NYC,55.4,57.1,-1.7000000000000028,open_meteo_historical_forecast
2022-12-01,NYC,42.9,43.3,-0.3999999999999986,open_meteo_historical_forecast
2022-12-02,NYC,41.0,42.9,-1.8999999999999986,open_meteo_historical_forecast
2022-12-03,NYC,56.2,56.6,-0.3999999999999986,open_meteo_historical_forecast
2022-12-04,NYC,44.2,45.6,-1.3999999999999986,open_meteo_historical_forecast
2022-12-05,NYC,43.4,46.9,-3.5,open_meteo_historical_forecast
2022-12-06,NYC,54.1,56.2,-2.1000000000000014,open_meteo_historical_forecast
2022-12-07,NYC,58.0,58.2,-0.20000000000000284,open_meteo_historical_forecast
2022-12-08,NYC,52.7,54.0,-1.2999999999999972,open_meteo_historical_forecast
2022-12-09,NYC,44.4,45.9,-1.5,open_meteo_historical_forecast
2022-12-10,NYC,40.8,39.1,1.6999999999999957,open_meteo_historical_forecast
2022-12-11,NYC,39.5,38.5,1.0,open_meteo_historical_forecast
2022-12-12,NYC,39.4,36.9,2.5,open_meteo_historical_forecast
2022-12-13,NYC,40.6,40.3,0.30000000000000426,open_meteo_historical_forecast
2022-12-14,NYC,39.9,40.5,-0.6000000000000014,open_meteo_historical_forecast
2022-12-15,NYC,40.5,40.5,0.0,open_meteo_historical_forecast
2022-12-16,NYC,43.7,43.3,0.4000000000000057,open_meteo_historical_forecast
2022-12-17,NYC,44.2,44.1,0.10000000000000142,open_meteo_historical_forecast
2022-12-18,NYC,39.2,39.1,0.10000000000000142,open_meteo_historical_forecast
2022-12-19,NYC,38.3,37.8,0.5,open_meteo_historical_forecast
2022-12-20,NYC,38.8,38.7,0.09999999999999432,open_meteo_historical_forecast
2022-12-21,NYC,37.8,39.9,-2.1000000000000014,open_meteo_historical_forecast
2022-12-22,NYC,44.4,44.5,-0.10000000000000142,open_meteo_historical_forecast
2022-12-23,NYC,55.4,57.2,-1.8000000000000043,open_meteo_historical_forecast
2022-12-24,NYC,19.8,14.3,5.5,open_meteo_historical_forecast
2022-12-25,NYC,29.1,27.0,2.1000000000000014,open_meteo_historical_forecast
2022-12-26,NYC,30.6,28.2,2.400000000000002,open_meteo_historical_forecast
2022-12-27,NYC,39.1,34.9,4.200000000000003,open_meteo_historical_forecast
2022-12-28,NYC,43.8,47.4,-3.6000000000000014,open_meteo_historical_forecast
2022-12-29,NYC,47.0,50.6,-3.6000000000000014,open_meteo_historical_forecast
2022-12-30,NYC,55.8,59.5,-3.700000000000003,open_meteo_historical_forecast
2022-12-31,NYC,52.2,51.2,1.0,open_meteo_historical_forecast
2023-01-01,NYC,52.7,54.5,-1.7999999999999972,open_meteo_historical_forecast
2023-01-02,NYC,54.6,55.8,-1.1999999999999957,open_meteo_historical_forecast
2023-01-03,NYC,55.5,53.1,2.3999999999999986,open_meteo_historical_forecast
2023-01-04,NYC,64.0,65.5,-1.5,open_meteo_historical_forecast
2023-01-05,NYC,55.5,48.6,6.899999999999999,open_meteo_historical_forecast
2023-01-06,NYC,46.9,47.3,-0.3999999999999986,open_meteo_historical_forecast
2023-01-07,NYC,46.6,44.3,2.3000000000000043,open_meteo_historical_forecast
2023-01-08,NYC,39.7,41.4,-1.6999999999999957,open_meteo_historical_forecast
2023-01-09,NYC,44.7,44.7,0.0,open_meteo_historical_forecast
2023-01-10,NYC,43.3,41.5,1.7999999999999972,open_meteo_historical_forecast
2023-01-11,NYC,38.1,39.0,-0.8999999999999986,open_meteo_historical_forecast
2023-01-12,NYC,50.4,54.7,-4.300000000000004,open_meteo_historical_forecast
2023-01-13,NYC,55.0,55.6,-0.6000000000000014,open_meteo_historical_forecast
2023-01-14,NYC,37.3,37.4,-0.10000000000000142,open_meteo_historical_forecast
2023-01-15,NYC,40.6,39.9,0.7000000000000028,open_meteo_historical_forecast
2023-01-16,NYC,46.7,47.7,-1.0,open_meteo_historical_forecast
2023-01-17,NYC,45.0,45.9,-0.8999999999999986,open_meteo_historical_forecast
2023-01-18,NYC,51.0,53.3,-2.299999999999997,open_meteo_historical_forecast
2023-01-19,NYC,41.6,44.4,-2.799999999999997,open_meteo_historical_forecast
2023-01-20,NYC,47.4,48.2,-0.8000000000000043,open_meteo_historical_forecast
2023-01-21,NYC,42.9,41.7,1.1999999999999957,open_meteo_historical_forecast
2023-01-22,NYC,41.7,41.4,0.30000000000000426,open_meteo_historical_forecast
2023-01-23,NYC,37.3,37.9,-0.6000000000000014,open_meteo_historical_forecast
2023-01-24,NYC,45.6,45.7,-0.10000000000000142,open_meteo_historical_forecast
2023-01-25,NYC,51.5,52.0,-0.5,open_meteo_historical_forecast
2023-01-26,NYC,53.4,55.3,-1.8999999999999986,open_meteo_historical_forecast
2023-01-27,NYC,43.0,42.1,0.8999999999999986,open_meteo_historical_forecast
2023-01-28,NYC,51.1,53.1,-2.0,open_meteo_historical_forecast
2023-01-29,NYC,50.5,54.2,-3.700000000000003,open_meteo_historical_forecast
2023-01-30,NYC,52.6,54.7,-2.1000000000000014,open_meteo_historical_forecast
2023-01-31,NYC,43.7,47.7,-4.0,open_meteo_historical_forecast
2023-02-01,NYC,37.2,38.5,-1.2999999999999972,open_meteo_historical_forecast
2023-02-02,NYC,39.0,39.8,-0.7999999999999972,open_meteo_historical_forecast
2023-02-03,NYC,32.6,33.5,-0.8999999999999986,open_meteo_historical_forecast
2023-02-04,NYC,24.7,23.4,1.3000000000000007,open_meteo_historical_forecast
2023-02-05,NYC,47.9,46.9,1.0,open_meteo_historical_forecast
2023-02-06,NYC,49.8,51.3,-1.5,open_meteo_historical_forecast
2023-02-07,NYC,38.4,41.8,-3.3999999999999986,open_meteo_historical_forecast
2023-02-08,NYC,50.3,53.4,-3.1000000000000014,open_meteo_historical_forecast
2023-02-09,NYC,51.3,51.9,-0.6000000000000014,open_meteo_historical_forecast
2023-02-10,NYC,56.5,59.5,-3.0,open_meteo_historical_forecast
2023-02-11,NYC,44.1,46.4,-2.299999999999997,open_meteo_historical_forecast
2023-02-12,NYC,44.4,48.9,-4.5,open_meteo_historical_forecast
2023-02-13,NYC,55.1,57.9,-2.799999999999997,open_meteo_historical_forecast
2023-02-14,NYC,51.9,54.9,-3.0,open_meteo_historical_forecast
2023-02-15,NYC,62.0,65.9,-3.9000000000000057,open_meteo_historical_forecast
2023-02-16,NYC,66.7,69.1,-2.3999999999999915,open_meteo_historical_forecast
2023-02-17,NYC,59.6,61.2,-1.6000000000000014,open_meteo_historical_forecast
2023-02-18,NYC,42.3,43.3,-1.0,open_meteo_historical_forecast
2023-02-19,NYC,46.6,48.0,-1.3999999999999986,open_meteo_historical_forecast
2023-02-20,NYC,59.1,61.3,-2.1999999999999957,open_meteo_historical_forecast
2023-02-21,NYC,46.1,50.4,-4.299999999999997,open_meteo_historical_forecast
2023-02-22,NYC,41.9,44.5,-2.6000000000000014,open_meteo_historical_forecast
2023-02-23,NYC,45.0,41.0,4.0,open_meteo_historical_forecast
2023-02-24,NYC,44.6,44.1,0.5,open_meteo_historical_forecast
2023-02-25,NYC,31.9,32.9,-1.0,open_meteo_historical_forecast
2023-02-26,NYC,49.9,50.8,-0.8999999999999986,open_meteo_historical_forecast
2023-02-27,NYC,41.1,44.4,-3.299999999999997,open_meteo_historical_forecast
2023-02-28,NYC,35.9,35.2,0.6999999999999957,open_meteo_historical_forecast
2023-03-01,NYC,42.6,42.9,-0.29999999999999716,open_meteo_historical_forecast
2023-03-02,NYC,56.5,53.8,2.700000000000003,open_meteo_historical_forecast
2023-03-03,NYC,45.4,45.3,0.10000000000000142,open_meteo_historical_forecast
2023-03-04,NYC,43.2,43.3,-0.09999999999999432,open_meteo_historical_forecast
2023-03-05,NYC,53.5,53.9,-0.3999999999999986,open_meteo_historical_forecast
2023-03-06,NYC,50.1,52.8,-2.6999999999999957,open_meteo_historical_forecast
2023-03-07,NYC,45.1,47.2,-2.1000000000000014,open_meteo_historical_forecast
2023-03-08,NYC,47.7,47.2,0.5,open_meteo_historical_forecast
2023-03-09,NYC,50.7,50.5,0.20000000000000284,open_meteo_historical_forecast
2023-03-10,NYC,45.2,44.4,0.8000000000000043,open_meteo_historical_forecast
2023-03-11,NYC,44.6,42.5,2.1000000000000014,open_meteo_historical_forecast
2023-03-12,NYC,46.5,47.1,-0.6000000000000014,open_meteo_historical_forecast
2023-03-13,NYC,42.6,42.9,-0.29999999999999716,open_meteo_historical_forecast
2023-03-14,NYC,37.8,39.2,-1.4000000000000057,open_meteo_historical_forecast
2023-03-15,NYC,44.4,45.0,-0.6000000000000014,open_meteo_historical_forecast
2023-03-16,NYC,55.6,59.0,-3.3999999999999986,open_meteo_historical_forecast
2023-03-17,NYC,56.6,60.0,-3.3999999999999986,open_meteo_historical_forecast
2023-03-18,NYC,51.3,56.2,-4.900000000000006,open_meteo_historical_forecast
2023-03-19,NYC,38.5,41.8,-3.299999999999997,open_meteo_historical_forecast
2023-03-20,NYC,51.0,51.0,0.0,open_meteo_historical_forecast
2023-03-21,NYC,59.8,62.8,-3.0,open_meteo_historical_forecast
2023-03-22,NYC,55.8,60.4,-4.600000000000001,open_meteo_historical_forecast
2023-03-23,NYC,58.4,57.9,0.5,open_meteo_historical_forecast
2023-03-24,NYC,54.7,57.2,-2.5,open_meteo_historical_forecast
2023-03-25,NYC,44.3,45.2,-0.9000000000000057,open_meteo_historical_forecast
2023-03-26,NYC,58.7,62.9,-4.199999999999996,open_meteo_historical_forecast
2023-03-27,NYC,58.5,59.5,-1.0,open_meteo_historical_forecast
2023-03-28,NYC,52.1,51.1,1.0,open_meteo_historical_forecast
2023-03-29,NYC,52.2,55.5,-3.299999999999997,open_meteo_historical_forecast
2023-03-30,NYC,45.2,45.0,0.20000000000000284,open_meteo_historical_forecast
2023-03-31,NYC,49.5,51.3,-1.7999999999999972,open_meteo_historical_forecast
2023-04-01,NYC,67.3,69.2,-1.9000000000000057,open_meteo_historical_forecast
2023-04-02,NYC,50.5,52.9,-2.3999999999999986,open_meteo_historical_forecast
2023-04-03,NYC,55.6,57.4,-1.7999999999999972,open_meteo_historical_forecast
2023-04-04,NYC,66.4,72.1,-5.699999999999989,open_meteo_historical_forecast
2023-04-05,NYC,55.9,56.0,-0.10000000000000142,open_meteo_historical_forecast
2023-04-06,NYC,77.5,77.6,-0.09999999999999432,open_meteo_historical_forecast
2023-04-07,NYC,56.8,59.0,-2.200000000000003,open_meteo_historical_forecast
2023-04-08,NYC,51.5,53.2,-1.7000000000000028,open_meteo_historical_forecast
2023-04-09,NYC,54.0,54.7,-0.7000000000000028,open_meteo_historical_forecast
2023-04-10,NYC,64.0,66.0,-2.0,open_meteo_historical_forecast
2023-04-11,NYC,72.7,75.0,-2.299999999999997,open_meteo_historical_forecast
2023-04-12,NYC,80.9,84.4,-3.5,open_meteo_historical_forecast
2023-04-13,NYC,86.7,89.4,-2.700000000000003,open_meteo_historical_forecast
2023-04-14,NYC,84.7,88.8,-4.099999999999994,open_meteo_historical_forecast
2023-04-15,NYC,70.2,72.7,-2.5,open_meteo_historical_forecast
2023-04-16,NYC,69.7,69.7,0.0,open_meteo_historical_forecast
2023-04-17,NYC,67.6,67.6,0.0,open_meteo_historical_forecast
2023-04-18,NYC,56.9,56.3,0.6000000000000014,open_meteo_historical_forecast
2023-04-19,NYC,63.0,64.7,-1.7000000000000028,open_meteo_historical_forecast
2023-04-20,NYC,61.5,64.9,-3.4000000000000057,open_meteo_historical_forecast
2023-04-21,NYC,67.8,69.3,-1.5,open_meteo_historical_forecast
2023-04-22,NYC,67.6,69.2,-1.6000000000000085,open_meteo_historical_forecast
2023-04-23,NYC,65.1,65.3,-0.20000000000000284,open_meteo_historical_forecast
2023-04-24,NYC,60.9,62.2,-1.3000000000000043,open_meteo_historical_forecast
2023-04-25,NYC,58.4,59.4,-1.0,open_meteo_historical_forecast
2023-04-26,NYC,57.0,57.6,-0.6000000000000014,open_meteo_historical_forecast
2023-04-27,NYC,56.6,55.9,0.7000000000000028,open_meteo_historical_forecast
2023-04-28,NYC,55.7,56.9,-1.1999999999999957,open_meteo_historical_forecast
2023-04-29,NYC,54.0,51.5,2.5,open_meteo_historical_forecast
2023-04-30,NYC,59.2,59.2,0.0,open_meteo_historical_forecast
2023-05-01,NYC,60.1,61.5,-1.3999999999999986,open_meteo_historical_forecast
2023-05-02,NYC,55.8,55.1,0.6999999999999957,open_meteo_historical_forecast
2023-05-03,NYC,54.5,55.6,-1.1000000000000014,open_meteo_historical_forecast
2023-05-04,NYC,57.7,54.9,2.8000000000000043,open_meteo_historical_forecast
2023-05-05,NYC,62.7,63.0,-0.29999999999999716,open_meteo_historical_forecast
2023-05-06,NYC,69.5,74.2,-4.700000000000003,open_meteo_historical_forecast
2023-05-07,NYC,75.4,77.4,-2.0,open_meteo_historical_forecast
2023-05-08,NYC,74.5,78.0,-3.5,open_meteo_historical_forecast
2023-05-09,NYC,67.9,69.3,-1.3999999999999915,open_meteo_historical_forecast
2023-05-10,NYC,70.3,73.8,-3.5,open_meteo_historical_forecast
2023-05-11,NYC,77.9,81.0,-3.0999999999999943,open_meteo_historical_forecast
2023-05-12,NYC,83.8,87.8,-4.0,open_meteo_historical_forecast
2023-05-13,NYC,80.6,81.8,-1.2000000000000028,open_meteo_historical_forecast
2023-05-14,NYC,72.3,74.6,-2.299999999999997,open_meteo_historical_forecast
2023-05-15,NYC,76.6,75.5,1.0999999999999943,open_meteo_historical_forecast
2023-05-16,NYC,81.1,80.1,1.0,open_meteo_historical_forecast
2023-05-17,NYC,64.7,67.5,-2.799999999999997,open_meteo_historical_forecast
2023-05-18,NYC,58.4,60.9,-2.5,open_meteo_historical_forecast
2023-05-19,NYC,67.6,69.5,-1.9000000000000057,open_meteo_historical_forecast
2023-05-20,NYC,63.7,64.9,-1.2000000000000028,open_meteo_historical_forecast
2023-05-21,NYC,70.9,70.4,0.5,open_meteo_historical_forecast
2023-05-22,NYC,72.8,75.6,-2.799999999999997,open_meteo_historical_forecast
2023-05-23,NYC,67.6,69.5,-1.9000000000000057,open_meteo_historical_forecast
2023-05-24,NYC,71.9,78.0,-6.099999999999994,open_meteo_historical_forecast
2023-05-25,NYC,66.2,67.9,-1.7000000000000028,open_meteo_historical_forecast
2023-05-26,NYC,71.3,73.2,-1.9000000000000057,open_meteo_historical_forecast
2023-05-27,NYC,75.7,78.5,-2.799999999999997,open_meteo_historical_forecast
2023-05-28,NYC,75.2,79.2,-4.0,open_meteo_historical_forecast
2023-05-29,NYC,77.4,79.2,-1.7999999999999972,open_meteo_historical_forecast
2023-05-30,NYC,69.9,70.4,-0.5,open_meteo_historical_forecast
2023-05-31,NYC,73.8,75.7,-1.9000000000000057,open_meteo_historical_forecast
2023-06-01,NYC,82.6,86.9,-4.300000000000011,open_meteo_historical_forecast
2023-06-02,NYC,88.2,90.1,-1.8999999999999915,open_meteo_historical_forecast
2023-06-03,NYC,68.7,68.6,0.10000000000000853,open_meteo_historical_forecast
2023-06-04,NYC,70.2,67.6,2.6000000000000085,open_meteo_historical_forecast
2023-06-05,NYC,74.5,75.8,-1.2999999999999972,open_meteo_historical_forecast
2023-06-06,NYC,78.4,78.9,-0.5,open_meteo_historical_forecast
2023-06-07,NYC,76.7,70.4,6.299999999999997,open_meteo_historical_forecast
2023-06-08,NYC,71.6,71.7,-0.10000000000000853,open_meteo_historical_forecast
2023-06-09,NYC,72.6,71.1,1.5,open_meteo_historical_forecast
2023-06-10,NYC,79.0,78.3,0.7000000000000028,open_meteo_historical_forecast
2023-06-11,NYC,81.7,81.6,0.10000000000000853,open_meteo_historical_forecast
2023-06-12,NYC,76.3,78.0,-1.7000000000000028,open_meteo_historical_forecast
2023-06-13,NYC,79.1,80.1,-1.0,open_meteo_historical_forecast
2023-06-14,NYC,75.6,74.9,0.6999999999999886,open_meteo_historical_forecast
2023-06-15,NYC,79.2,78.6,0.6000000000000085,open_meteo_historical_forecast
2023-06-16,NYC,78.5,79.4,-0.9000000000000057,open_meteo_historical_forecast
2023-06-17,NYC,77.6,78.0,-0.4000000000000057,open_meteo_historical_forecast
2023-06-18,NYC,79.4,80.5,-1.0999999999999943,open_meteo_historical_forecast
2023-06-19,NYC,77.4,79.3,-1.8999999999999915,open_meteo_historical_forecast
2023-06-20,NYC,76.3,76.0,0.29999999999999716,open_meteo_historical_forecast
2023-06-21,NYC,73.1,71.9,1.1999999999999886,open_meteo_historical_forecast
2023-06-22,NYC,69.3,69.9,-0.6000000000000085,open_meteo_historical_forecast
2023-06-23,NYC,73.6,69.9,3.6999999999999886,open_meteo_historical_forecast
2023-06-24,NYC,78.8,78.3,0.5,open_meteo_historical_forecast
2023-06-25,NYC,83.5,83.7,-0.20000000000000284,open_meteo_historical_forecast
2023-06-26,NYC,79.1,79.9,-0.8000000000000114,open_meteo_historical_forecast
2023-06-27,NYC,79.6,78.2,1.3999999999999915,open_meteo_historical_forecast
2023-06-28,NYC,82.7,81.9,0.7999999999999972,open_meteo_historical_forecast
2023-06-29,NYC,83.2,83.1,0.10000000000000853,open_meteo_historical_forecast
2023-06-30,NYC,84.0,85.1,-1.0999999999999943,open_meteo_historical_forecast
2023-07-01,NYC,80.6,82.8,-2.200000000000003,open_meteo_historical_forecast
2023-07-02,NYC,87.9,87.8,0.10000000000000853,open_meteo_historical_forecast
2023-07-03,NYC,87.4,89.4,-2.0,open_meteo_historical_forecast
2023-07-04,NYC,84.3,84.6,-0.29999999999999716,open_meteo_historical_forecast
2023-07-05,NYC,89.4,94.4,-5.0,open_meteo_historical_forecast
2023-07-06,NYC,87.8,91.4,-3.6000000000000085,open_meteo_historical_forecast
2023-07-07,NYC,85.2,86.4,-1.2000000000000028,open_meteo_historical_forecast
2023-07-08,NYC,84.8,87.8,-3.0,open_meteo_historical_forecast
2023-07-09,NYC,80.5,83.0,-2.5,open_meteo_historical_forecast
2023-07-10,NYC,83.0,86.0,-3.0,open_meteo_historical_forecast
2023-07-11,NYC,87.8,91.0,-3.200000000000003,open_meteo_historical_forecast
2023-07-12,NYC,90.8,93.0,-2.200000000000003,open_meteo_historical_forecast
2023-07-13,NYC,88.5,88.5,0.0,open_meteo_historical_forecast
2023-07-14,NYC,81.1,82.8,-1.7000000000000028,open_meteo_historical_forecast
2023-07-15,NYC,84.7,89.1,-4.3999999999999915,open_meteo_historical_forecast
2023-07-16,NYC,78.4,79.2,-0.7999999999999972,open_meteo_historical_forecast
2023-07-17,NYC,89.2,91.3,-2.0999999999999943,open_meteo_historical_forecast
2023-07-18,NYC,84.9,84.8,0.10000000000000853,open_meteo_historical_forecast
2023-07-19,NYC,81.5,81.9,-0.4000000000000057,open_meteo_historical_forecast
2023-07-20,NYC,83.8,87.2,-3.4000000000000057,open_meteo_historical_forecast
2023-07-21,NYC,84.8,87.0,-2.200000000000003,open_meteo_historical_forecast
2023-07-22,NYC,83.1,85.5,-2.4000000000000057,open_meteo_historical_forecast
2023-07-23,NYC,85.8,86.4,-0.6000000000000085,open_meteo_historical_forecast
2023-07-24,NYC,83.9,87.1,-3.1999999999999886,open_meteo_historical_forecast
2023-07-25,NYC,83.3,86.8,-3.5,open_meteo_historical_forecast
2023-07-26,NYC,85.9,90.0,-4.099999999999994,open_meteo_historical_forecast
2023-07-27,NYC,92.4,93.7,-1.2999999999999972,open_meteo_historical_forecast
2023-07-28,NYC,93.2,94.3,-1.0999999999999943,open_meteo_historical_forecast
2023-07-29,NYC,92.4,90.9,1.5,open_meteo_historical_forecast
2023-07-30,NYC,78.7,80.5,-1.7999999999999972,open_meteo_historical_forecast
2023-07-31,NYC,84.5,83.6,0.9000000000000057,open_meteo_historical_forecast
2023-08-01,NYC,80.1,80.8,-0.7000000000000028,open_meteo_historical_forecast
2023-08-02,NYC,81.2,82.1,-0.8999999999999915,open_meteo_historical_forecast
2023-08-03,NYC,79.4,80.3,-0.8999999999999915,open_meteo_historical_forecast
2023-08-04,NYC,81.1,78.6,2.5,open_meteo_historical_forecast
2023-08-05,NYC,86.4,85.6,0.8000000000000114,open_meteo_historical_forecast
2023-08-06,NYC,86.8,85.9,0.8999999999999915,open_meteo_historical_forecast
2023-08-07,NYC,81.1,80.3,0.7999999999999972,open_meteo_historical_forecast
2023-08-08,NYC,80.5,80.7,-0.20000000000000284,open_meteo_historical_forecast
2023-08-09,NYC,84.7,87.3,-2.5999999999999943,open_meteo_historical_forecast
2023-08-10,NYC,77.9,80.7,-2.799999999999997,open_meteo_historical_forecast
2023-08-11,NYC,83.5,86.3,-2.799999999999997,open_meteo_historical_forecast
2023-08-12,NYC,81.6,84.4,-2.8000000000000114,open_meteo_historical_forecast
2023-08-13,NYC,86.2,88.8,-2.5999999999999943,open_meteo_historical_forecast
2023-08-14,NYC,87.2,88.5,-1.2999999999999972,open_meteo_historical_forecast
2023-08-15,NYC,79.7,78.2,1.5,open_meteo_historical_forecast
2023-08-16,NYC,79.8,79.5,0.29999999999999716,open_meteo_historical_forecast
2023-08-17,NYC,77.9,78.0,-0.09999999999999432,open_meteo_historical_forecast
2023-08-18,NYC,80.2,78.5,1.7000000000000028,open_meteo_historical_forecast
2023-08-19,NYC,79.0,79.3,-0.29999999999999716,open_meteo_historical_forecast
2023-08-20,NYC,85.3,86.7,-1.4000000000000057,open_meteo_historical_forecast
2023-08-21,NYC,87.3,87.1,0.20000000000000284,open_meteo_historical_forecast
2023-08-22,NYC,78.4,79.5,-1.0999999999999943,open_meteo_historical_forecast
2023-08-23,NYC,78.1,79.5,-1.4000000000000057,open_meteo_historical_forecast
2023-08-24,NYC,75.5,72.8,2.700000000000003,open_meteo_historical_forecast
2023-08-25,NYC,81.9,77.1,4.800000000000011,open_meteo_historical_forecast
2023-08-26,NYC,85.7,82.5,3.200000000000003,open_meteo_historical_forecast
2023-08-27,NYC,82.1,82.7,-0.6000000000000085,open_meteo_historical_forecast
2023-08-28,NYC,77.1,76.0,1.0999999999999943,open_meteo_historical_forecast
2023-08-29,NYC,80.9,78.0,2.9000000000000057,open_meteo_historical_forecast
2023-08-30,NYC,84.4,84.0,0.4000000000000057,open_meteo_historical_forecast
2023-08-31,NYC,76.4,76.5,-0.09999999999999432,open_meteo_historical_forecast
2023-09-01,NYC,75.5,75.6,-0.09999999999999432,open_meteo_historical_forecast
2023-09-02,NYC,80.6,79.9,0.6999999999999886,open_meteo_historical_forecast
2023-09-03,NYC,89.0,89.8,-0.7999999999999972,open_meteo_historical_forecast
2023-09-04,NYC,91.3,87.8,3.5,open_meteo_historical_forecast
2023-09-05,NYC,93.2,91.3,1.9000000000000057,open_meteo_historical_forecast
2023-09-06,NYC,94.2,93.9,0.29999999999999716,open_meteo_historical_forecast
2023-09-07,NYC,93.1,95.1,-2.0,open_meteo_historical_forecast
2023-09-08,NYC,87.5,89.3,-1.7999999999999972,open_meteo_historical_forecast
2023-09-09,NYC,83.4,84.6,-1.1999999999999886,open_meteo_historical_forecast
2023-09-10,NYC,75.7,75.6,0.10000000000000853,open_meteo_historical_forecast
2023-09-11,NYC,82.0,80.9,1.0999999999999943,open_meteo_historical_forecast
2023-09-12,NYC,83.0,81.3,1.7000000000000028,open_meteo_historical_forecast
2023-09-13,NYC,79.3,78.3,1.0,open_meteo_historical_forecast
2023-09-14,NYC,76.7,78.5,-1.7999999999999972,open_meteo_historical_forecast
2023-09-15,NYC,70.2,70.2,0.0,open_meteo_historical_forecast
2023-09-16,NYC,75.6,76.5,-0.9000000000000057,open_meteo_historical_forecast
2023-09-17,NYC,75.3,77.0,-1.7000000000000028,open_meteo_historical_forecast
2023-09-18,NYC,70.1,68.3,1.7999999999999972,open_meteo_historical_forecast
2023-09-19,NYC,73.8,72.4,1.3999999999999915,open_meteo_historical_forecast
2023-09-20,NYC,74.0,75.9,-1.9000000000000057,open_meteo_historical_forecast
2023-09-21,NYC,72.8,73.3,-0.5,open_meteo_historical_forecast
2023-09-22,NYC,71.2,69.5,1.7000000000000028,open_meteo_historical_forecast
2023-09-23,NYC,61.4,59.9,1.5,open_meteo_historical_forecast
2023-09-24,NYC,66.1,63.2,2.8999999999999915,open_meteo_historical_forecast
2023-09-25,NYC,62.7,62.8,-0.09999999999999432,open_meteo_historical_forecast
2023-09-26,NYC,62.9,60.3,2.6000000000000014,open_meteo_historical_forecast
2023-09-27,NYC,63.7,64.2,-0.5,open_meteo_historical_forecast
2023-09-28,NYC,64.8,63.0,1.7999999999999972,open_meteo_historical_forecast
2023-09-29,NYC,62.2,60.0,2.200000000000003,open_meteo_historical_forecast
2023-09-30,NYC,71.0,65.2,5.799999999999997,open_meteo_historical_forecast
2023-10-01,NYC,76.7,76.5,0.20000000000000284,open_meteo_historical_forecast
2023-10-02,NYC,76.9,79.1,-2.1999999999999886,open_meteo_historical_forecast
2023-10-03,NYC,80.7,83.5,-2.799999999999997,open_meteo_historical_forecast
2023-10-04,NYC,81.6,85.3,-3.700000000000003,open_meteo_historical_forecast
2023-10-05,NYC,75.2,78.1,-2.8999999999999915,open_meteo_historical_forecast
2023-10-06,NYC,72.1,70.0,2.0999999999999943,open_meteo_historical_forecast
2023-10-07,NYC,69.3,68.7,0.5999999999999943,open_meteo_historical_forecast
2023-10-08,NYC,62.1,59.8,2.3000000000000043,open_meteo_historical_forecast
2023-10-09,NYC,60.2,61.6,-1.3999999999999986,open_meteo_historical_forecast
2023-10-10,NYC,64.0,64.8,-0.7999999999999972,open_meteo_historical_forecast
2023-10-11,NYC,68.7,71.4,-2.700000000000003,open_meteo_historical_forecast
2023-10-12,NYC,69.1,71.8,-2.700000000000003,open_meteo_historical_forecast
2023-10-13,NYC,63.4,64.2,-0.8000000000000043,open_meteo_historical_forecast
2023-10-14,NYC,52.5,54.4,-1.8999999999999986,open_meteo_historical_forecast
2023-10-15,NYC,61.6,59.9,1.7000000000000028,open_meteo_historical_forecast
2023-10-16,NYC,63.8,64.4,-0.6000000000000085,open_meteo_historical_forecast
2023-10-17,NYC,62.4,62.7,-0.30000000000000426,open_meteo_historical_forecast
2023-10-18,NYC,62.8,63.5,-0.7000000000000028,open_meteo_historical_forecast
2023-10-19,NYC,64.4,65.3,-0.8999999999999915,open_meteo_historical_forecast
2023-10-20,NYC,62.4,65.1,-2.6999999999999957,open_meteo_historical_forecast
2023-10-21,NYC,63.4,61.6,1.7999999999999972,open_meteo_historical_forecast
2023-10-22,NYC,56.2,56.8,-0.5999999999999943,open_meteo_historical_forecast
2023-10-23,NYC,61.2,61.5,-0.29999999999999716,open_meteo_historical_forecast
2023-10-24,NYC,63.6,66.6,-2.999999999999993,open_meteo_historical_forecast
2023-10-25,NYC,71.2,74.9,-3.700000000000003,open_meteo_historical_forecast
2023-10-26,NYC,78.5,80.5,-2.0,open_meteo_historical_forecast
2023-10-27,NYC,76.5,76.9,-0.4000000000000057,open_meteo_historical_forecast
2023-10-28,NYC,80.1,82.3,-2.200000000000003,open_meteo_historical_forecast
2023-10-29,NYC,61.1,64.8,-3.6999999999999957,open_meteo_historical_forecast
2023-10-30,NYC,65.1,58.5,6.599999999999994,open_meteo_historical_forecast
2023-10-31,NYC,51.3,51.5,-0.20000000000000284,open_meteo_historical_forecast
2023-11-01,NYC,49.2,49.0,0.20000000000000284,open_meteo_historical_forecast
2023-11-02,NYC,49.4,50.5,-1.1000000000000014,open_meteo_historical_forecast
2023-11-03,NYC,55.3,56.7,-1.4000000000000057,open_meteo_historical_forecast
2023-11-04,NYC,58.8,60.9,-2.1000000000000014,open_meteo_historical_forecast
2023-11-05,NYC,62.6,65.4,-2.8000000000000043,open_meteo_historical_forecast
2023-11-06,NYC,53.8,55.8,-2.0,open_meteo_historical_forecast
2023-11-07,NYC,68.3,66.0,2.299999999999997,open_meteo_historical_forecast
2023-11-08,NYC,51.7,55.0,-3.299999999999997,open_meteo_historical_forecast
2023-11-09,NYC,58.8,57.6,1.1999999999999957,open_meteo_historical_forecast
2023-11-10,NYC,51.2,54.1,-2.8999999999999986,open_meteo_historical_forecast
2023-11-11,NYC,53.5,55.1,-1.6000000000000014,open_meteo_historical_forecast
2023-11-12,NYC,44.9,45.2,-0.30000000000000426,open_meteo_historical_forecast
2023-11-13,NYC,47.7,48.6,-0.8999999999999986,open_meteo_historical_forecast
2023-11-14,NYC,51.5,53.7,-2.200000000000003,open_meteo_historical_forecast
2023-11-15,NYC,51.0,52.9,-1.8999999999999986,open_meteo_historical_forecast
2023-11-16,NYC,63.8,67.0,-3.200000000000003,open_meteo_historical_forecast
2023-11-17,NYC,66.2,67.3,-1.0999999999999943,open_meteo_historical_forecast
2023-11-18,NYC,56.0,59.9,-3.8999999999999986,open_meteo_historical_forecast
2023-11-19,NYC,54.0,55.5,-1.5,open_meteo_historical_forecast
2023-11-20,NYC,44.5,45.0,-0.5,open_meteo_historical_forecast
2023-11-21,NYC,46.5,45.2,1.2999999999999972,open_meteo_historical_forecast
2023-11-22,NYC,57.4,53.1,4.299999999999997,open_meteo_historical_forecast
2023-11-23,NYC,51.8,52.7,-0.9000000000000057,open_meteo_historical_forecast
2023-11-24,NYC,49.2,50.9,-1.6999999999999957,open_meteo_historical_forecast
2023-11-25,NYC,39.3,40.4,-1.1000000000000014,open_meteo_historical_forecast
2023-11-26,NYC,50.7,51.3,-0.5999999999999943,open_meteo_historical_forecast
2023-11-27,NYC,55.2,53.3,1.9000000000000057,open_meteo_historical_forecast
2023-11-28,NYC,38.4,39.5,-1.1000000000000014,open_meteo_historical_forecast
2023-11-29,NYC,36.5,37.8,-1.2999999999999972,open_meteo_historical_forecast
2023-11-30,NYC,48.8,51.8,-3.0,open_meteo_historical_forecast
2023-12-01,NYC,45.9,47.8,-1.8999999999999986,open_meteo_historical_forecast
2023-12-02,NYC,61.3,58.4,2.8999999999999986,open_meteo_historical_forecast
2023-12-03,NYC,49.9,49.3,0.6000000000000014,open_meteo_historical_forecast
2023-12-04,NYC,51.3,51.3,0.0,open_meteo_historical_forecast
2023-12-05,NYC,43.9,42.3,1.6000000000000014,open_meteo_historical_forecast
2023-12-06,NYC,40.9,40.6,0.29999999999999716,open_meteo_historical_forecast
2023-12-07,NYC,38.1,37.7,0.3999999999999986,open_meteo_historical_forecast
2023-12-08,NYC,48.5,50.4,-1.8999999999999986,open_meteo_historical_forecast
2023-12-09,NYC,56.3,58.2,-1.9000000000000057,open_meteo_historical_forecast
2023-12-10,NYC,61.8,59.8,2.0,open_meteo_historical_forecast
2023-12-11,NYC,57.4,55.2,2.1999999999999957,open_meteo_historical_forecast
2023-12-12,NYC,42.9,43.6,-0.7000000000000028,open_meteo_historical_forecast
2023-12-13,NYC,45.0,47.2,-2.200000000000003,open_meteo_historical_forecast
2023-12-14,NYC,40.2,41.3,-1.0999999999999943,open_meteo_historical_forecast
2023-12-15,NYC,54.9,59.4,-4.5,open_meteo_historical_forecast
2023-12-16,NYC,52.7,55.3,-2.5999999999999943,open_meteo_historical_forecast
2023-12-17,NYC,55.7,54.4,1.3000000000000043,open_meteo_historical_forecast
2023-12-18,NYC,60.2,60.8,-0.5999999999999943,open_meteo_historical_forecast
2023-12-19,NYC,42.6,41.4,1.2000000000000028,open_meteo_historical_forecast
2023-12-20,NYC,45.5,43.6,1.8999999999999986,open_meteo_historical_forecast
2023-12-21,NYC,39.3,40.6,-1.3000000000000043,open_meteo_historical_forecast
2023-12-22,NYC,37.0,37.5,-0.5,open_meteo_historical_forecast
2023-12-23,NYC,42.0,42.0,0.0,open_meteo_historical_forecast
2023-12-24,NYC,46.9,48.2,-1.3000000000000043,open_meteo_historical_forecast
2023-12-25,NYC,51.6,47.9,3.700000000000003,open_meteo_historical_forecast
2023-12-26,NYC,45.4,47.4,-2.0,open_meteo_historical_forecast
2023-12-27,NYC,47.0,47.1,-0.10000000000000142,open_meteo_historical_forecast
2023-12-28,NYC,52.8,52.9,-0.10000000000000142,open_meteo_historical_forecast
2023-12-29,NYC,55.5,54.0,1.5,open_meteo_historical_forecast
2023-12-30,NYC,46.4,46.1,0.29999999999999716,open_meteo_historical_forecast
2023-12-31,NYC,43.4,42.7,0.6999999999999957,open_meteo_historical_forecast
2024-01-01,NYC,45.4,46.0,-0.6000000000000014,open_meteo_historical_forecast
2024-01-02,NYC,42.1,42.9,-0.7999999999999972,open_meteo_historical_forecast
2024-01-03,NYC,46.4,43.1,3.299999999999997,open_meteo_historical_forecast
2024-01-04,NYC,44.0,43.5,0.5,open_meteo_historical_forecast
2024-01-05,NYC,37.4,38.0,-0.6000000000000014,open_meteo_historical_forecast
2024-01-06,NYC,36.9,37.5,-0.6000000000000014,open_meteo_historical_forecast
2024-01-07,NYC,37.5,36.4,1.1000000000000014,open_meteo_historical_forecast
2024-01-08,NYC,43.1,44.2,-1.1000000000000014,open_meteo_historical_forecast
2024-01-09,NYC,54.9,54.7,0.19999999999999574,open_meteo_historical_forecast
2024-01-10,NYC,56.8,56.4,0.3999999999999986,open_meteo_historical_forecast
2024-01-11,NYC,46.1,46.9,-0.7999999999999972,open_meteo_historical_forecast
2024-01-12,NYC,46.7,50.4,-3.6999999999999957,open_meteo_historical_forecast
2024-01-13,NYC,58.0,59.1,-1.1000000000000014,open_meteo_historical_forecast
2024-01-14,NYC,42.6,41.1,1.5,open_meteo_historical_forecast
2024-01-15,NYC,30.5,29.5,1.0,open_meteo_historical_forecast
2024-01-16,NYC,30.6,30.6,0.0,open_meteo_historical_forecast
2024-01-17,NYC,24.4,24.2,0.1999999999999993,open_meteo_historical_forecast
2024-01-18,NYC,32.3,31.6,0.6999999999999957,open_meteo_historical_forecast
2024-01-19,NYC,30.5,30.7,-0.1999999999999993,open_meteo_historical_forecast
2024-01-20,NYC,25.7,24.7,1.0,open_meteo_historical_forecast
2024-01-21,NYC,29.8,29.1,0.6999999999999993,open_meteo_historical_forecast
2024-01-22,NYC,38.6,37.7,0.8999999999999986,open_meteo_historical_forecast
2024-01-23,NYC,39.6,40.3,-0.6999999999999957,open_meteo_historical_forecast
2024-01-24,NYC,41.3,43.6,-2.3000000000000043,open_meteo_historical_forecast
2024-01-25,NYC,51.0,56.0,-5.0,open_meteo_historical_forecast
2024-01-26,NYC,46.3,48.8,-2.5,open_meteo_historical_forecast
2024-01-27,NYC,47.0,46.1,0.8999999999999986,open_meteo_historical_forecast
2024-01-28,NYC,38.8,41.5,-2.700000000000003,open_meteo_historical_forecast
2024-01-29,NYC,42.1,38.5,3.6000000000000014,open_meteo_historical_forecast
2024-01-30,NYC,39.5,36.9,2.6000000000000014,open_meteo_historical_forecast
2024-01-31,NYC,39.7,38.4,1.3000000000000043,open_meteo_historical_forecast
2024-02-01,NYC,47.7,44.0,3.700000000000003,open_meteo_historical_forecast
2024-02-02,NYC,42.8,42.5,0.29999999999999716,open_meteo_historical_forecast
2024-02-03,NYC,42.3,42.6,-0.30000000000000426,open_meteo_historical_forecast
2024-02-04,NYC,45.6,46.5,-0.8999999999999986,open_meteo_historical_forecast
2024-02-05,NYC,44.2,44.3,-0.09999999999999432,open_meteo_historical_forecast
2024-02-06,NYC,41.9,42.7,-0.8000000000000043,open_meteo_historical_forecast
2024-02-07,NYC,46.5,47.4,-0.8999999999999986,open_meteo_historical_forecast
2024-02-08,NYC,49.8,52.9,-3.1000000000000014,open_meteo_historical_forecast
2024-02-09,NYC,52.1,53.0,-0.8999999999999986,open_meteo_historical_forecast
2024-02-10,NYC,60.3,60.6,-0.30000000000000426,open_meteo_historical_forecast
2024-02-11,NYC,48.0,51.2,-3.200000000000003,open_meteo_historical_forecast
2024-02-12,NYC,48.6,47.7,0.8999999999999986,open_meteo_historical_forecast
2024-02-13,NYC,38.8,40.3,-1.5,open_meteo_historical_forecast
2024-02-14,NYC,32.5,35.9,-3.3999999999999986,open_meteo_historical_forecast
2024-02-15,NYC,35.0,37.1,-2.1000000000000014,open_meteo_historical_forecast
2024-02-16,NYC,37.9,43.2,-5.300000000000004,open_meteo_historical_forecast
2024-02-17,NYC,35.9,35.0,0.8999999999999986,open_meteo_historical_forecast
2024-02-18,NYC,38.5,40.2,-1.7000000000000028,open_meteo_historical_forecast
2024-02-19,NYC,38.9,41.0,-2.1000000000000014,open_meteo_historical_forecast
2024-02-20,NYC,36.6,39.1,-2.5,open_meteo_historical_forecast
2024-02-21,NYC,40.4,40.5,-0.10000000000000142,open_meteo_historical_forecast
2024-02-22,NYC,44.0,43.8,0.20000000000000284,open_meteo_historical_forecast
2024-02-23,NYC,45.7,46.2,-0.5,open_meteo_historical_forecast
2024-02-24,NYC,42.0,44.1,-2.1000000000000014,open_meteo_historical_forecast
2024-02-25,NYC,39.7,40.0,-0.29999999999999716,open_meteo_historical_forecast
2024-02-26,NYC,52.4,53.6,-1.2000000000000028,open_meteo_historical_forecast
2024-02-27,NYC,56.8,54.0,2.799999999999997,open_meteo_historical_forecast
2024-02-28,NYC,62.5,57.0,5.5,open_meteo_historical_forecast
2024-02-29,NYC,43.1,45.1,-2.0,open_meteo_historical_forecast
2024-03-01,NYC,42.7,45.0,-2.299999999999997,open_meteo_historical_forecast
2024-03-02,NYC,50.5,51.3,-0.7999999999999972,open_meteo_historical_forecast
2024-03-03,NYC,65.3,66.0,-0.7000000000000028,open_meteo_historical_forecast
2024-03-04,NYC,58.0,56.3,1.7000000000000028,open_meteo_historical_forecast
2024-03-05,NYC,46.5,45.0,1.5,open_meteo_historical_forecast
2024-03-06,NYC,49.7,49.7,0.0,open_meteo_historical_forecast
2024-03-07,NYC,54.5,52.1,2.3999999999999986,open_meteo_historical_forecast
2024-03-08,NYC,54.5,57.1,-2.6000000000000014,open_meteo_historical_forecast
2024-03-09,NYC,45.7,44.7,1.0,open_meteo_historical_forecast
2024-03-10,NYC,51.3,49.4,1.8999999999999986,open_meteo_historical_forecast
2024-03-11,NYC,49.4,52.6,-3.200000000000003,open_meteo_historical_forecast
2024-03-12,NYC,62.9,66.0,-3.1000000000000014,open_meteo_historical_forecast
2024-03-13,NYC,60.0,63.5,-3.5,open_meteo_historical_forecast
2024-03-14,NYC,69.7,73.7,-4.0,open_meteo_historical_forecast
2024-03-15,NYC,69.8,71.5,-1.7000000000000028,open_meteo_historical_forecast
2024-03-16,NYC,57.5,60.3,-2.799999999999997,open_meteo_historical_forecast
2024-03-17,NYC,59.6,62.7,-3.1000000000000014,open_meteo_historical_forecast
2024-03-18,NYC,47.9,49.8,-1.8999999999999986,open_meteo_historical_forecast
2024-03-19,NYC,45.0,46.3,-1.2999999999999972,open_meteo_historical_forecast
2024-03-20,NYC,51.8,56.4,-4.600000000000001,open_meteo_historical_forecast
2024-03-21,NYC,41.4,42.3,-0.8999999999999986,open_meteo_historical_forecast
2024-03-22,NYC,42.4,43.5,-1.1000000000000014,open_meteo_historical_forecast
2024-03-23,NYC,48.7,48.0,0.7000000000000028,open_meteo_historical_forecast
2024-03-24,NYC,47.0,47.0,0.0,open_meteo_historical_forecast
2024-03-25,NYC,50.5,52.6,-2.1000000000000014,open_meteo_historical_forecast
2024-03-26,NYC,49.9,50.2,-0.30000000000000426,open_meteo_historical_forecast
2024-03-27,NYC,50.6,52.2,-1.6000000000000014,open_meteo_historical_forecast
2024-03-28,NYC,50.8,49.1,1.6999999999999957,open_meteo_historical_forecast
2024-03-29,NYC,54.5,55.8,-1.2999999999999972,open_meteo_historical_forecast
2024-03-30,NYC,57.8,61.3,-3.5,open_meteo_historical_forecast
2024-03-31,NYC,60.1,62.1,-2.0,open_meteo_historical_forecast
2024-04-01,NYC,53.0,53.1,-0.10000000000000142,open_meteo_historical_forecast
2024-04-02,NYC,48.1,46.3,1.8000000000000043,open_meteo_historical_forecast
2024-04-03,NYC,43.7,43.4,0.30000000000000426,open_meteo_historical_forecast
2024-04-04,NYC,47.8,47.7,0.09999999999999432,open_meteo_historical_forecast
2024-04-05,NYC,48.7,49.3,-0.5999999999999943,open_meteo_historical_forecast
2024-04-06,NYC,52.2,53.5,-1.2999999999999972,open_meteo_historical_forecast
2024-04-07,NYC,57.2,58.2,-1.0,open_meteo_historical_forecast
2024-04-08,NYC,63.8,65.7,-1.9000000000000057,open_meteo_historical_forecast
2024-04-09,NYC,74.5,78.6,-4.099999999999994,open_meteo_historical_forecast
2024-04-10,NYC,60.9,61.1,-0.20000000000000284,open_meteo_historical_forecast
2024-04-11,NYC,63.0,59.9,3.1000000000000014,open_meteo_historical_forecast
2024-04-12,NYC,66.5,61.0,5.5,open_meteo_historical_forecast
2024-04-13,NYC,53.9,54.0,-0.10000000000000142,open_meteo_historical_forecast
2024-04-14,NYC,71.0,74.2,-3.200000000000003,open_meteo_historical_forecast
2024-04-15,NYC,74.9,81.4,-6.5,open_meteo_historical_forecast
2024-04-16,NYC,68.4,72.7,-4.299999999999997,open_meteo_historical_forecast
2024-04-17,NYC,61.2,60.0,1.2000000000000028,open_meteo_historical_forecast
2024-04-18,NYC,48.5,48.6,-0.10000000000000142,open_meteo_historical_forecast
2024-04-19,NYC,56.5,55.0,1.5,open_meteo_historical_forecast
2024-04-20,NYC,67.4,69.4,-2.0,open_meteo_historical_forecast
2024-04-21,NYC,52.9,53.1,-0.20000000000000284,open_meteo_historical_forecast
2024-04-22,NYC,58.4,62.2,-3.8000000000000043,open_meteo_historical_forecast
2024-04-23,NYC,58.9,62.1,-3.200000000000003,open_meteo_historical_forecast
2024-04-24,NYC,68.8,70.0,-1.2000000000000028,open_meteo_historical_forecast
2024-04-25,NYC,54.9,56.2,-1.3000000000000043,open_meteo_historical_forecast
2024-04-26,NYC,58.8,60.3,-1.5,open_meteo_historical_forecast
2024-04-27,NYC,58.1,61.2,-3.1000000000000014,open_meteo_historical_forecast
2024-04-28,NYC,73.0,76.8,-3.799999999999997,open_meteo_historical_forecast
2024-04-29,NYC,82.7,85.8,-3.0999999999999943,open_meteo_historical_forecast
2024-04-30,NYC,71.4,61.2,10.200000000000003,open_meteo_historical_forecast
2024-05-01,NYC,76.3,76.7,-0.4000000000000057,open_meteo_historical_forecast
2024-05-02,NYC,81.9,78.0,3.9000000000000057,open_meteo_historical_forecast
2024-05-03,NYC,63.1,63.0,0.10000000000000142,open_meteo_historical_forecast
2024-05-04,NYC,63.7,62.9,0.8000000000000043,open_meteo_historical_forecast
2024-05-05,NYC,53.3,52.1,1.1999999999999957,open_meteo_historical_forecast
2024-05-06,NYC,72.3,73.0,-0.7000000000000028,open_meteo_historical_forecast
2024-05-07,NYC,78.3,82.0,-3.700000000000003,open_meteo_historical_forecast
2024-05-08,NYC,86.6,86.2,0.3999999999999915,open_meteo_historical_forecast
2024-05-09,NYC,68.9,73.1,-4.199999999999989,open_meteo_historical_forecast
2024-05-10,NYC,58.8,57.2,1.5999999999999943,open_meteo_historical_forecast
2024-05-11,NYC,61.9,62.8,-0.8999999999999986,open_meteo_historical_forecast
2024-05-12,NYC,56.3,55.1,1.1999999999999957,open_meteo_historical_forecast
2024-05-13,NYC,67.6,66.6,1.0,open_meteo_historical_forecast
2024-05-14,NYC,72.0,73.5,-1.5,open_meteo_historical_forecast
2024-05-15,NYC,66.0,64.3,1.7000000000000028,open_meteo_historical_forecast
2024-05-16,NYC,65.6,64.5,1.0999999999999943,open_meteo_historical_forecast
2024-05-17,NYC,72.5,72.9,-0.4000000000000057,open_meteo_historical_forecast
2024-05-18,NYC,72.3,70.8,1.5,open_meteo_historical_forecast
2024-05-19,NYC,73.8,74.8,-1.0,open_meteo_historical_forecast
2024-05-20,NYC,76.6,74.1,2.5,open_meteo_historical_forecast
2024-05-21,NYC,81.1,84.9,-3.8000000000000114,open_meteo_historical_forecast
2024-05-22,NYC,83.5,86.1,-2.5999999999999943,open_meteo_historical_forecast
2024-05-23,NYC,81.2,79.9,1.2999999999999972,open_meteo_historical_forecast
2024-05-24,NYC,83.5,86.8,-3.299999999999997,open_meteo_historical_forecast
2024-05-25,NYC,79.3,81.1,-1.7999999999999972,open_meteo_historical_forecast
2024-05-26,NYC,79.4,81.9,-2.5,open_meteo_historical_forecast
2024-05-27,NYC,72.2,75.1,-2.8999999999999915,open_meteo_historical_forecast
2024-05-28,NYC,80.2,81.4,-1.2000000000000028,open_meteo_historical_forecast
2024-05-29,NYC,76.2,77.1,-0.8999999999999915,open_meteo_historical_forecast
2024-05-30,NYC,70.6,70.2,0.3999999999999915,open_meteo_historical_forecast
2024-05-31,NYC,75.7,77.4,-1.7000000000000028,open_meteo_historical_forecast
2024-06-01,NYC,81.9,86.8,-4.8999999999999915,open_meteo_historical_forecast
2024-06-02,NYC,81.5,84.1,-2.5999999999999943,open_meteo_historical_forecast
2024-06-03,NYC,85.3,88.2,-2.9000000000000057,open_meteo_historical_forecast
2024-06-04,NYC,78.8,81.6,-2.799999999999997,open_meteo_historical_forecast
2024-06-05,NYC,79.8,80.6,-0.7999999999999972,open_meteo_historical_forecast
2024-06-06,NYC,82.0,79.4,2.5999999999999943,open_meteo_historical_forecast
2024-06-07,NYC,83.2,82.6,0.6000000000000085,open_meteo_historical_forecast
2024-06-08,NYC,77.3,78.1,-0.7999999999999972,open_meteo_historical_forecast
2024-06-09,NYC,77.0,74.6,2.4000000000000057,open_meteo_historical_forecast
2024-06-10,NYC,75.6,74.4,1.1999999999999886,open_meteo_historical_forecast
2024-06-11,NYC,73.8,72.5,1.2999999999999972,open_meteo_historical_forecast
2024-06-12,NYC,77.4,76.4,1.0,open_meteo_historical_forecast
2024-06-13,NYC,84.4,85.1,-0.6999999999999886,open_meteo_historical_forecast
2024-06-14,NYC,85.0,85.3,-0.29999999999999716,open_meteo_historical_forecast
2024-06-15,NYC,80.7,81.2,-0.5,open_meteo_historical_forecast
2024-06-16,NYC,75.8,76.8,-1.0,open_meteo_historical_forecast
2024-06-17,NYC,85.6,85.3,0.29999999999999716,open_meteo_historical_forecast
2024-06-18,NYC,86.0,87.1,-1.0999999999999943,open_meteo_historical_forecast
2024-06-19,NYC,88.2,89.6,-1.3999999999999915,open_meteo_historical_forecast
2024-06-20,NYC,92.2,92.7,-0.5,open_meteo_historical_forecast
2024-06-21,NYC,95.4,95.9,-0.5,open_meteo_historical_forecast
2024-06-22,NYC,93.1,92.0,1.0999999999999943,open_meteo_historical_forecast
2024-06-23,NYC,95.9,92.8,3.1000000000000085,open_meteo_historical_forecast
2024-06-24,NYC,80.8,80.2,0.5999999999999943,open_meteo_historical_forecast
2024-06-25,NYC,92.1,90.6,1.5,open_meteo_historical_forecast
2024-06-26,NYC,95.4,93.6,1.8000000000000114,open_meteo_historical_forecast
2024-06-27,NYC,86.2,85.5,0.7000000000000028,open_meteo_historical_forecast
2024-06-28,NYC,78.2,79.6,-1.3999999999999915,open_meteo_historical_forecast
2024-06-29,NYC,79.9,81.0,-1.0999999999999943,open_meteo_historical_forecast
2024-06-30,NYC,91.8,86.0,5.799999999999997,open_meteo_historical_forecast
2024-07-01,NYC,79.4,80.0,-0.5999999999999943,open_meteo_historical_forecast
2024-07-02,NYC,82.8,85.0,-2.200000000000003,open_meteo_historical_forecast
2024-07-03,NYC,81.9,83.4,-1.5,open_meteo_historical_forecast
2024-07-04,NYC,86.5,88.6,-2.0999999999999943,open_meteo_historical_forecast
2024-07-05,NYC,89.7,89.4,0.29999999999999716,open_meteo_historical_forecast
2024-07-06,NYC,90.7,93.8,-3.0999999999999943,open_meteo_historical_forecast
2024-07-07,NYC,90.1,91.8,-1.7000000000000028,open_meteo_historical_forecast
2024-07-08,NYC,90.9,93.1,-2.1999999999999886,open_meteo_historical_forecast
2024-07-09,NYC,88.8,89.0,-0.20000000000000284,open_meteo_historical_forecast
2024-07-10,NYC,88.9,90.3,-1.3999999999999915,open_meteo_historical_forecast
2024-07-11,NYC,93.6,89.5,4.099999999999994,open_meteo_historical_forecast
2024-07-12,NYC,84.7,84.1,0.6000000000000085,open_meteo_historical_forecast
2024-07-13,NYC,86.6,89.7,-3.1000000000000085,open_meteo_historical_forecast
2024-07-14,NYC,88.3,92.3,-4.0,open_meteo_historical_forecast
2024-07-15,NYC,94.3,94.5,-0.20000000000000284,open_meteo_historical_forecast
2024-07-16,NYC,93.4,95.7,-2.299999999999997,open_meteo_historical_forecast
2024-07-17,NYC,89.2,90.7,-1.5,open_meteo_historical_forecast
2024-07-18,NYC,86.4,87.5,-1.0999999999999943,open_meteo_historical_forecast
2024-07-19,NYC,82.9,85.8,-2.8999999999999915,open_meteo_historical_forecast
2024-07-20,NYC,82.8,84.1,-1.2999999999999972,open_meteo_historical_forecast
2024-07-21,NYC,88.0,89.1,-1.0999999999999943,open_meteo_historical_forecast
2024-07-22,NYC,82.4,84.0,-1.5999999999999943,open_meteo_historical_forecast
2024-07-23,NYC,84.0,79.3,4.700000000000003,open_meteo_historical_forecast
2024-07-24,NYC,84.7,79.9,4.799999999999997,open_meteo_historical_forecast
2024-07-25,NYC,86.3,85.1,1.2000000000000028,open_meteo_historical_forecast
2024-07-26,NYC,83.9,84.0,-0.09999999999999432,open_meteo_historical_forecast
2024-07-27,NYC,85.6,87.3,-1.7000000000000028,open_meteo_historical_forecast
2024-07-28,NYC,88.0,86.6,1.4000000000000057,open_meteo_historical_forecast
2024-07-29,NYC,84.1,83.1,1.0,open_meteo_historical_forecast
2024-07-30,NYC,88.2,87.5,0.7000000000000028,open_meteo_historical_forecast
2024-07-31,NYC,89.2,91.8,-2.5999999999999943,open_meteo_historical_forecast
2024-08-01,NYC,94.3,94.3,0.0,open_meteo_historical_forecast
2024-08-02,NYC,91.7,92.9,-1.2000000000000028,open_meteo_historical_forecast
2024-08-03,NYC,91.8,91.7,0.09999999999999432,open_meteo_historical_forecast
2024-08-04,NYC,82.9,82.3,0.6000000000000085,open_meteo_historical_forecast
2024-08-05,NYC,89.3,92.8,-3.5,open_meteo_historical_forecast
2024-08-06,NYC,89.6,91.1,-1.5,open_meteo_historical_forecast
2024-08-07,NYC,72.0,72.1,-0.09999999999999432,open_meteo_historical_forecast
2024-08-08,NYC,73.3,68.8,4.5,open_meteo_historical_forecast
2024-08-09,NYC,82.8,81.4,1.3999999999999915,open_meteo_historical_forecast
2024-08-10,NYC,84.5,87.6,-3.0999999999999943,open_meteo_historical_forecast
2024-08-11,NYC,81.9,84.0,-2.0999999999999943,open_meteo_historical_forecast
2024-08-12,NYC,79.0,81.9,-2.9000000000000057,open_meteo_historical_forecast
2024-08-13,NYC,81.0,82.3,-1.2999999999999972,open_meteo_historical_forecast
2024-08-14,NYC,82.8,86.8,-4.0,open_meteo_historical_forecast
2024-08-15,NYC,85.9,88.2,-2.299999999999997,open_meteo_historical_forecast
2024-08-16,NYC,86.0,87.9,-1.9000000000000057,open_meteo_historical_forecast
2024-08-17,NYC,79.5,81.4,-1.9000000000000057,open_meteo_historical_forecast
2024-08-18,NYC,78.0,80.9,-2.9000000000000057,open_meteo_historical_forecast
2024-08-19,NYC,82.8,86.4,-3.6000000000000085,open_meteo_historical_forecast
2024-08-20,NYC,72.2,74.0,-1.7999999999999972,open_meteo_historical_forecast
2024-08-21,NYC,72.7,74.5,-1.7999999999999972,open_meteo_historical_forecast
2024-08-22,NYC,75.8,77.8,-2.0,open_meteo_historical_forecast
2024-08-23,NYC,80.7,83.0,-2.299999999999997,open_meteo_historical_forecast
2024-08-24,NYC,84.3,84.6,-0.29999999999999716,open_meteo_historical_forecast
2024-08-25,NYC,85.8,87.4,-1.6000000000000085,open_meteo_historical_forecast
2024-08-26,NYC,86.3,86.5,-0.20000000000000284,open_meteo_historical_forecast
2024-08-27,NYC,86.4,87.3,-0.8999999999999915,open_meteo_historical_forecast
2024-08-28,NYC,92.0,93.4,-1.4000000000000057,open_meteo_historical_forecast
2024-08-29,NYC,78.5,82.8,-4.299999999999997,open_meteo_historical_forecast
2024-08-30,NYC,75.7,73.7,2.0,open_meteo_historical_forecast
2024-08-31,NYC,77.8,78.8,-1.0,open_meteo_historical_forecast
2024-09-01,NYC,83.4,82.2,1.2000000000000028,open_meteo_historical_forecast
2024-09-02,NYC,78.3,80.1,-1.7999999999999972,open_meteo_historical_forecast
2024-09-03,NYC,72.7,75.1,-2.3999999999999915,open_meteo_historical_forecast
2024-09-04,NYC,77.0,78.7,-1.7000000000000028,open_meteo_historical_forecast
2024-09-05,NYC,77.4,76.0,1.4000000000000057,open_meteo_historical_forecast
2024-09-06,NYC,79.7,77.3,2.4000000000000057,open_meteo_historical_forecast
2024-09-07,NYC,75.3,76.5,-1.2000000000000028,open_meteo_historical_forecast
2024-09-08,NYC,71.0,71.3,-0.29999999999999716,open_meteo_historical_forecast
2024-09-09,NYC,76.0,77.1,-1.0999999999999943,open_meteo_historical_forecast
2024-09-10,NYC,78.1,79.4,-1.3000000000000114,open_meteo_historical_forecast
2024-09-11,NYC,77.6,80.0,-2.4000000000000057,open_meteo_historical_forecast
2024-09-12,NYC,79.0,82.5,-3.5,open_meteo_historical_forecast
2024-09-13,NYC,81.3,82.3,-1.0,open_meteo_historical_forecast
2024-09-14,NYC,83.8,83.2,0.5999999999999943,open_meteo_historical_forecast
2024-09-15,NYC,81.6,80.1,1.5,open_meteo_historical_forecast
2024-09-16,NYC,77.6,77.6,0.0,open_meteo_historical_forecast
2024-09-17,NYC,80.3,78.1,2.200000000000003,open_meteo_historical_forecast
2024-09-18,NYC,74.3,75.2,-0.9000000000000057,open_meteo_historical_forecast
2024-09-19,NYC,84.7,84.6,0.10000000000000853,open_meteo_historical_forecast
2024-09-20,NYC,81.1,79.9,1.1999999999999886,open_meteo_historical_forecast
2024-09-21,NYC,79.5,77.3,2.200000000000003,open_meteo_historical_forecast
2024-09-22,NYC,76.2,73.8,2.4000000000000057,open_meteo_historical_forecast
2024-09-23,NYC,68.7,66.1,2.6000000000000085,open_meteo_historical_forecast
2024-09-24,NYC,67.3,67.1,0.20000000000000284,open_meteo_historical_forecast
2024-09-25,NYC,68.8,67.3,1.5,open_meteo_historical_forecast
2024-09-26,NYC,73.8,74.7,-0.9000000000000057,open_meteo_historical_forecast
2024-09-27,NYC,71.8,74.8,-3.0,open_meteo_historical_forecast
2024-09-28,NYC,67.9,68.2,-0.29999999999999716,open_meteo_historical_forecast
2024-09-29,NYC,64.6,62.2,2.3999999999999915,open_meteo_historical_forecast
2024-09-30,NYC,71.9,71.7,0.20000000000000284,open_meteo_historical_forecast
2024-10-01,NYC,70.2,68.1,2.1000000000000085,open_meteo_historical_forecast
2024-10-02,NYC,69.0,68.2,0.7999999999999972,open_meteo_historical_forecast
2024-10-03,NYC,72.2,73.0,-0.7999999999999972,open_meteo_historical_forecast
2024-10-04,NYC,74.4,74.2,0.20000000000000284,open_meteo_historical_forecast
2024-10-05,NYC,74.6,75.6,-1.0,open_meteo_historical_forecast
2024-10-06,NYC,71.6,72.4,-0.8000000000000114,open_meteo_historical_forecast
2024-10-07,NYC,73.7,76.0,-2.299999999999997,open_meteo_historical_forecast
2024-10-08,NYC,68.7,68.8,-0.09999999999999432,open_meteo_historical_forecast
2024-10-09,NYC,66.8,68.8,-2.0,open_meteo_historical_forecast
2024-10-10,NYC,64.0,62.7,1.2999999999999972,open_meteo_historical_forecast
2024-10-11,NYC,69.3,69.8,-0.5,open_meteo_historical_forecast
2024-10-12,NYC,72.6,75.1,-2.5,open_meteo_historical_forecast
2024-10-13,NYC,73.4,69.9,3.5,open_meteo_historical_forecast
2024-10-14,NYC,66.0,66.9,-0.9000000000000057,open_meteo_historical_forecast
2024-10-15,NYC,57.8,57.5,0.29999999999999716,open_meteo_historical_forecast
2024-10-16,NYC,59.3,58.9,0.3999999999999986,open_meteo_historical_forecast
2024-10-17,NYC,58.6,60.0,-1.3999999999999986,open_meteo_historical_forecast
2024-10-18,NYC,66.2,67.5,-1.2999999999999972,open_meteo_historical_forecast
2024-10-19,NYC,70.3,72.5,-2.200000000000003,open_meteo_historical_forecast
2024-10-20,NYC,74.8,75.3,-0.5,open_meteo_historical_forecast
2024-10-21,NYC,80.8,80.9,-0.10000000000000853,open_meteo_historical_forecast
2024-10-22,NYC,81.1,82.2,-1.1000000000000085,open_meteo_historical_forecast
2024-10-23,NYC,76.7,75.8,0.9000000000000057,open_meteo_historical_forecast
2024-10-24,NYC,68.4,69.8,-1.3999999999999915,open_meteo_historical_forecast
2024-10-25,NYC,64.2,63.9,0.30000000000000426,open_meteo_historical_forecast
2024-10-26,NYC,63.9,65.2,-1.3000000000000043,open_meteo_historical_forecast
2024-10-27,NYC,57.9,58.8,-0.8999999999999986,open_meteo_historical_forecast
2024-10-28,NYC,61.0,62.3,-1.2999999999999972,open_meteo_historical_forecast
2024-10-29,NYC,63.2,64.1,-0.8999999999999915,open_meteo_historical_forecast
2024-10-30,NYC,78.3,77.8,0.5,open_meteo_historical_forecast
2024-10-31,NYC,81.7,82.3,-0.5999999999999943,open_meteo_historical_forecast
2024-11-01,NYC,78.6,80.1,-1.5,open_meteo_historical_forecast
2024-11-02,NYC,60.3,60.7,-0.4000000000000057,open_meteo_historical_forecast
2024-11-03,NYC,55.3,55.2,0.09999999999999432,open_meteo_historical_forecast
2024-11-04,NYC,57.6,57.5,0.10000000000000142,open_meteo_historical_forecast
2024-11-05,NYC,72.2,73.5,-1.2999999999999972,open_meteo_historical_forecast
2024-11-06,NYC,79.9,80.1,-0.19999999999998863,open_meteo_historical_forecast
2024-11-07,NYC,72.4,74.7,-2.299999999999997,open_meteo_historical_forecast
2024-11-08,NYC,68.6,69.7,-1.1000000000000085,open_meteo_historical_forecast
2024-11-09,NYC,55.0,55.8,-0.7999999999999972,open_meteo_historical_forecast
2024-11-10,NYC,58.0,57.6,0.3999999999999986,open_meteo_historical_forecast
2024-11-11,NYC,69.1,68.9,0.19999999999998863,open_meteo_historical_forecast
2024-11-12,NYC,54.3,58.5,-4.200000000000003,open_meteo_historical_forecast
2024-11-13,NYC,48.6,50.6,-2.0,open_meteo_historical_forecast
2024-11-14,NYC,46.0,46.5,-0.5,open_meteo_historical_forecast
2024-11-15,NYC,58.7,59.8,-1.0999999999999943,open_meteo_historical_forecast
2024-11-16,NYC,61.6,63.4,-1.7999999999999972,open_meteo_historical_forecast
2024-11-17,NYC,64.6,64.1,0.5,open_meteo_historical_forecast
2024-11-18,NYC,64.1,67.3,-3.200000000000003,open_meteo_historical_forecast
2024-11-19,NYC,58.4,60.3,-1.8999999999999986,open_meteo_historical_forecast
2024-11-20,NYC,60.3,58.4,1.8999999999999986,open_meteo_historical_forecast
2024-11-21,NYC,53.4,54.7,-1.3000000000000043,open_meteo_historical_forecast
2024-11-22,NYC,40.5,39.7,0.7999999999999972,open_meteo_historical_forecast
2024-11-23,NYC,47.8,48.3,-0.5,open_meteo_historical_forecast
2024-11-24,NYC,51.0,53.4,-2.3999999999999986,open_meteo_historical_forecast
2024-11-25,NYC,51.3,54.8,-3.5,open_meteo_historical_forecast
2024-11-26,NYC,58.4,57.6,0.7999999999999972,open_meteo_historical_forecast
2024-11-27,NYC,50.5,52.3,-1.7999999999999972,open_meteo_historical_forecast
2024-11-28,NYC,51.8,48.2,3.5999999999999943,open_meteo_historical_forecast
2024-11-29,NYC,45.9,45.6,0.29999999999999716,open_meteo_historical_forecast
2024-11-30,NYC,38.3,39.8,-1.5,open_meteo_historical_forecast
2024-12-01,NYC,37.0,37.8,-0.7999999999999972,open_meteo_historical_forecast
2024-12-02,NYC,39.1,39.5,-0.3999999999999986,open_meteo_historical_forecast
2024-12-03,NYC,41.2,41.2,0.0,open_meteo_historical_forecast
2024-12-04,NYC,38.7,40.5,-1.7999999999999972,open_meteo_historical_forecast
2024-12-05,NYC,40.2,41.1,-0.8999999999999986,open_meteo_historical_forecast
2024-12-06,NYC,32.0,34.8,-2.799999999999997,open_meteo_historical_forecast
2024-12-07,NYC,40.5,41.2,-0.7000000000000028,open_meteo_historical_forecast
2024-12-08,NYC,52.1,54.5,-2.3999999999999986,open_meteo_historical_forecast
2024-12-09,NYC,50.4,49.9,0.5,open_meteo_historical_forecast
2024-12-10,NYC,51.1,48.2,2.8999999999999986,open_meteo_historical_forecast
2024-12-11,NYC,60.5,60.8,-0.29999999999999716,open_meteo_historical_forecast
2024-12-12,NYC,41.2,41.2,0.0,open_meteo_historical_forecast
2024-12-13,NYC,32.3,34.4,-2.1000000000000014,open_meteo_historical_forecast
2024-12-14,NYC,33.3,34.5,-1.2000000000000028,open_meteo_historical_forecast
2024-12-15,NYC,37.4,37.8,-0.3999999999999986,open_meteo_historical_forecast
2024-12-16,NYC,48.3,49.5,-1.2000000000000028,open_meteo_historical_forecast
2024-12-17,NYC,58.2,58.0,0.20000000000000284,open_meteo_historical_forecast
2024-12-18,NYC,49.9,54.0,-4.100000000000001,open_meteo_historical_forecast
2024-12-19,NYC,44.0,44.5,-0.5,open_meteo_historical_forecast
2024-12-20,NYC,36.5,35.7,0.7999999999999972,open_meteo_historical_forecast
2024-12-21,NYC,32.6,33.4,-0.7999999999999972,open_meteo_historical_forecast
2024-12-22,NYC,19.6,22.2,-2.599999999999998,open_meteo_historical_forecast
2024-12-23,NYC,24.2,27.3,-3.1000000000000014,open_meteo_historical_forecast
2024-12-24,NYC,35.4,39.7,-4.300000000000004,open_meteo_historical_forecast
2024-12-25,NYC,32.0,34.9,-2.8999999999999986,open_meteo_historical_forecast
2024-12-26,NYC,31.5,37.7,-6.200000000000003,open_meteo_historical_forecast
2024-12-27,NYC,36.6,43.2,-6.600000000000001,open_meteo_historical_forecast
2024-12-28,NYC,45.5,47.2,-1.7000000000000028,open_meteo_historical_forecast
2024-12-29,NYC,59.8,60.7,-0.9000000000000057,open_meteo_historical_forecast
2024-12-30,NYC,55.4,56.4,-1.0,open_meteo_historical_forecast
2024-12-31,NYC,49.5,53.8,-4.299999999999997,open_meteo_historical_forecast
2025-01-01,NYC,51.7,50.5,1.2000000000000028,open_meteo_historical_forecast
2025-01-02,NYC,41.6,42.3,-0.6999999999999957,open_meteo_historical_forecast
2025-01-03,NYC,37.8,38.9,-1.1000000000000014,open_meteo_historical_forecast
2025-01-04,NYC,31.8,33.2,-1.4000000000000021,open_meteo_historical_forecast
2025-01-05,NYC,32.5,33.2,-0.7000000000000028,open_meteo_historical_forecast
2025-01-06,NYC,29.3,30.8,-1.5,open_meteo_historical_forecast
2025-01-07,NYC,26.9,32.8,-5.899999999999999,open_meteo_historical_forecast
2025-01-08,NYC,27.7,30.1,-2.400000000000002,open_meteo_historical_forecast
2025-01-09,NYC,28.9,32.7,-3.8000000000000043,open_meteo_historical_forecast
2025-01-10,NYC,37.9,40.4,-2.5,open_meteo_historical_forecast
2025-01-11,NYC,32.6,35.1,-2.5,open_meteo_historical_forecast
2025-01-12,NYC,40.3,43.2,-2.9000000000000057,open_meteo_historical_forecast
2025-01-13,NYC,43.4,42.7,0.6999999999999957,open_meteo_historical_forecast
2025-01-14,NYC,32.5,33.7,-1.2000000000000028,open_meteo_historical_forecast
2025-01-15,NYC,29.8,32.1,-2.3000000000000007,open_meteo_historical_forecast
2025-01-16,NYC,30.7,29.7,1.0,open_meteo_historical_forecast
2025-01-17,NYC,40.6,43.1,-2.5,open_meteo_historical_forecast
2025-01-18,NYC,43.6,45.1,-1.5,open_meteo_historical_forecast
2025-01-19,NYC,36.6,41.8,-5.199999999999996,open_meteo_historical_forecast
2025-01-20,NYC,27.0,27.0,0.0,open_meteo_historical_forecast
2025-01-21,NYC,17.2,19.0,-1.8000000000000007,open_meteo_historical_forecast
2025-01-22,NYC,17.1,21.1,-4.0,open_meteo_historical_forecast
2025-01-23,NYC,25.4,30.2,-4.800000000000001,open_meteo_historical_forecast
2025-01-24,NYC,30.4,34.6,-4.200000000000003,open_meteo_historical_forecast
2025-01-25,NYC,28.1,32.2,-4.100000000000001,open_meteo_historical_forecast
2025-01-26,NYC,39.3,43.5,-4.200000000000003,open_meteo_historical_forecast
2025-01-27,NYC,35.5,41.4,-5.899999999999999,open_meteo_historical_forecast
2025-01-28,NYC,39.4,43.1,-3.700000000000003,open_meteo_historical_forecast
2025-01-29,NYC,48.1,52.2,-4.100000000000001,open_meteo_historical_forecast
2025-01-30,NYC,33.6,36.8,-3.1999999999999957,open_meteo_historical_forecast
2025-01-31,NYC,41.9,45.5,-3.6000000000000014,open_meteo_historical_forecast
2025-02-01,NYC,41.6,46.6,-5.0,open_meteo_historical_forecast
2025-02-02,NYC,33.1,28.1,5.0,open_meteo_historical_forecast
2025-02-03,NYC,42.3,47.3,-5.0,open_meteo_historical_forecast
2025-02-04,NYC,42.9,46.4,-3.5,open_meteo_historical_forecast
2025-02-05,NYC,35.0,36.2,-1.2000000000000028,open_meteo_historical_forecast
2025-02-06,NYC,37.4,37.8,-0.3999999999999986,open_meteo_historical_forecast
2025-02-07,NYC,40.5,41.8,-1.2999999999999972,open_meteo_historical_forecast
2025-02-08,NYC,33.6,35.1,-1.5,open_meteo_historical_forecast
2025-02-09,NYC,34.2,34.3,-0.09999999999999432,open_meteo_historical_forecast
2025-02-10,NYC,32.5,37.8,-5.299999999999997,open_meteo_historical_forecast
2025-02-11,NYC,31.3,35.9,-4.599999999999998,open_meteo_historical_forecast
2025-02-12,NYC,33.0,34.8,-1.7999999999999972,open_meteo_historical_forecast
2025-02-13,NYC,42.4,44.5,-2.1000000000000014,open_meteo_historical_forecast
2025-02-14,NYC,32.5,37.2,-4.700000000000003,open_meteo_historical_forecast
2025-02-15,NYC,34.7,36.0,-1.2999999999999972,open_meteo_historical_forecast
2025-02-16,NYC,44.9,43.5,1.3999999999999986,open_meteo_historical_forecast
2025-02-17,NYC,34.5,36.4,-1.8999999999999986,open_meteo_historical_forecast
2025-02-18,NYC,26.3,28.0,-1.6999999999999993,open_meteo_historical_forecast
2025-02-19,NYC,29.8,30.9,-1.0999999999999979,open_meteo_historical_forecast
2025-02-20,NYC,29.8,29.5,0.3000000000000007,open_meteo_historical_forecast
2025-02-21,NYC,31.1,35.1,-4.0,open_meteo_historical_forecast
2025-02-22,NYC,38.3,41.9,-3.6000000000000014,open_meteo_historical_forecast
2025-02-23,NYC,46.0,47.7,-1.7000000000000028,open_meteo_historical_forecast
2025-02-24,NYC,46.6,50.1,-3.5,open_meteo_historical_forecast
2025-02-25,NYC,54.3,56.2,-1.9000000000000057,open_meteo_historical_forecast
2025-02-26,NYC,55.1,57.3,-2.1999999999999957,open_meteo_historical_forecast
2025-02-27,NYC,53.3,54.0,-0.7000000000000028,open_meteo_historical_forecast
2025-02-28,NYC,48.7,51.5,-2.799999999999997,open_meteo_historical_forecast
2025-03-01,NYC,59.9,64.4,-4.500000000000007,open_meteo_historical_forecast
2025-03-02,NYC,32.5,33.5,-1.0,open_meteo_historical_forecast
2025-03-03,NYC,38.1,39.5,-1.3999999999999986,open_meteo_historical_forecast
2025-03-04,NYC,54.5,53.4,1.1000000000000014,open_meteo_historical_forecast
2025-03-05,NYC,54.2,55.9,-1.6999999999999957,open_meteo_historical_forecast
2025-03-06,NYC,53.5,53.3,0.20000000000000284,open_meteo_historical_forecast
2025-03-07,NYC,45.9,50.8,-4.899999999999999,open_meteo_historical_forecast
2025-03-08,NYC,42.4,45.6,-3.200000000000003,open_meteo_historical_forecast
2025-03-09,NYC,50.3,54.3,-4.0,open_meteo_historical_forecast
2025-03-10,NYC,62.9,66.4,-3.500000000000007,open_meteo_historical_forecast
2025-03-11,NYC,60.9,64.7,-3.8000000000000043,open_meteo_historical_forecast
2025-03-12,NYC,51.9,54.0,-2.1000000000000014,open_meteo_historical_forecast
2025-03-13,NYC,51.0,48.6,2.3999999999999986,open_meteo_historical_forecast
2025-03-14,NYC,55.3,55.2,0.09999999999999432,open_meteo_historical_forecast
2025-03-15,NYC,48.9,47.4,1.5,open_meteo_historical_forecast
2025-03-16,NYC,60.3,63.8,-3.5,open_meteo_historical_forecast
2025-03-17,NYC,58.7,57.6,1.1000000000000014,open_meteo_historical_forecast
2025-03-18,NYC,57.4,61.7,-4.300000000000004,open_meteo_historical_forecast
2025-03-19,NYC,58.5,63.2,-4.700000000000003,open_meteo_historical_forecast
2025-03-20,NYC,50.5,49.5,1.0,open_meteo_historical_forecast
2025-03-21,NYC,48.6,51.0,-2.3999999999999986,open_meteo_historical_forecast
2025-03-22,NYC,60.6,63.1,-2.5,open_meteo_historical_forecast
2025-03-23,NYC,46.5,49.1,-2.6000000000000014,open_meteo_historical_forecast
2025-03-24,NYC,50.7,48.2,2.5,open_meteo_historical_forecast
2025-03-25,NYC,57.4,58.9,-1.5,open_meteo_historical_forecast
2025-03-26,NYC,49.7,51.7,-2.0,open_meteo_historical_forecast
2025-03-27,NYC,49.5,52.7,-3.200000000000003,open_meteo_historical_forecast
2025-03-28,NYC,59.6,63.3,-3.6999999999999957,open_meteo_historical_forecast
2025-03-29,NYC,78.4,81.8,-3.3999999999999915,open_meteo_historical_forecast
2025-03-30,NYC,57.0,46.5,10.5,open_meteo_historical_forecast
2025-03-31,NYC,74.8,72.9,1.8999999999999915,open_meteo_historical_forecast
2025-04-01,NYC,60.3,57.2,3.0999999999999943,open_meteo_historical_forecast
2025-04-02,NYC,47.3,48.6,-1.3000000000000043,open_meteo_historical_forecast
2025-04-03,NYC,70.8,70.6,0.20000000000000284,open_meteo_historical_forecast
2025-04-04,NYC,69.7,70.5,-0.7999999999999972,open_meteo_historical_forecast
2025-04-05,NYC,54.4,58.7,-4.300000000000004,open_meteo_historical_forecast
2025-04-06,NYC,59.1,56.3,2.8000000000000043,open_meteo_historical_forecast
2025-04-07,NYC,48.3,49.1,-0.8000000000000043,open_meteo_historical_forecast
2025-04-08,NYC,43.4,45.8,-2.3999999999999986,open_meteo_historical_forecast
2025-04-09,NYC,46.7,49.2,-2.5,open_meteo_historical_forecast
2025-04-10,NYC,48.9,50.6,-1.7000000000000028,open_meteo_historical_forecast
2025-04-11,NYC,44.8,45.9,-1.1000000000000014,open_meteo_historical_forecast
2025-04-12,NYC,42.2,41.4,0.8000000000000043,open_meteo_historical_forecast
2025-04-13,NYC,56.9,57.6,-0.7000000000000028,open_meteo_historical_forecast
2025-04-14,NYC,61.1,66.2,-5.100000000000001,open_meteo_historical_forecast
2025-04-15,NYC,65.3,69.6,-4.299999999999997,open_meteo_historical_forecast
2025-04-16,NYC,49.7,51.3,-1.5999999999999943,open_meteo_historical_forecast
2025-04-17,NYC,59.4,63.8,-4.399999999999999,open_meteo_historical_forecast
2025-04-18,NYC,64.0,67.3,-3.299999999999997,open_meteo_historical_forecast
2025-04-19,NYC,79.6,85.5,-5.900000000000006,open_meteo_historical_forecast
2025-04-20,NYC,70.8,75.0,-4.200000000000003,open_meteo_historical_forecast
2025-04-21,NYC,56.2,58.9,-2.6999999999999957,open_meteo_historical_forecast
2025-04-22,NYC,78.4,81.9,-3.5,open_meteo_historical_forecast
2025-04-23,NYC,75.8,75.4,0.3999999999999915,open_meteo_historical_forecast
2025-04-24,NYC,79.8,75.6,4.200000000000003,open_meteo_historical_forecast
2025-04-25,NYC,77.4,76.1,1.3000000000000114,open_meteo_historical_forecast
2025-04-26,NYC,70.5,72.1,-1.5999999999999943,open_meteo_historical_forecast
2025-04-27,NYC,57.2,59.3,-2.0999999999999943,open_meteo_historical_forecast
2025-04-28,NYC,72.4,77.2,-4.799999999999997,open_meteo_historical_forecast
2025-04-29,NYC,81.1,79.5,1.5999999999999943,open_meteo_historical_forecast
2025-04-30,NYC,72.9,75.1,-2.1999999999999886,open_meteo_historical_forecast
2025-05-01,NYC,71.4,70.7,0.7000000000000028,open_meteo_historical_forecast
2025-05-02,NYC,86.1,83.4,2.6999999999999886,open_meteo_historical_forecast
2025-05-03,NYC,83.9,83.9,0.0,open_meteo_historical_forecast
2025-05-04,NYC,69.6,69.7,-0.10000000000000853,open_meteo_historical_forecast
2025-05-05,NYC,66.4,60.8,5.6000000000000085,open_meteo_historical_forecast
2025-05-06,NYC,65.7,64.8,0.9000000000000057,open_meteo_historical_forecast
2025-05-07,NYC,71.8,76.0,-4.200000000000003,open_meteo_historical_forecast
2025-05-08,NYC,73.9,76.6,-2.6999999999999886,open_meteo_historical_forecast
2025-05-09,NYC,60.7,59.7,1.0,open_meteo_historical_forecast
2025-05-10,NYC,68.6,75.0,-6.400000000000006,open_meteo_historical_forecast
2025-05-11,NYC,73.5,80.8,-7.299999999999997,open_meteo_historical_forecast
2025-05-12,NYC,68.7,74.4,-5.700000000000003,open_meteo_historical_forecast
2025-05-13,NYC,67.6,67.4,0.19999999999998863,open_meteo_historical_forecast
2025-05-14,NYC,67.4,62.4,5.000000000000007,open_meteo_historical_forecast
2025-05-15,NYC,72.7,68.3,4.400000000000006,open_meteo_historical_forecast
2025-05-16,NYC,73.4,72.6,0.8000000000000114,open_meteo_historical_forecast
2025-05-17,NYC,79.2,84.3,-5.099999999999994,open_meteo_historical_forecast
2025-05-18,NYC,72.8,74.2,-1.4000000000000057,open_meteo_historical_forecast
2025-05-19,NYC,67.1,70.9,-3.8000000000000114,open_meteo_historical_forecast
2025-05-20,NYC,64.1,67.5,-3.4000000000000057,open_meteo_historical_forecast
2025-05-21,NYC,56.7,57.6,-0.8999999999999986,open_meteo_historical_forecast
2025-05-22,NYC,54.5,50.9,3.6000000000000014,open_meteo_historical_forecast
2025-05-23,NYC,61.1,62.1,-1.0,open_meteo_historical_forecast
2025-05-24,NYC,62.2,64.7,-2.5,open_meteo_historical_forecast
2025-05-25,NYC,66.1,67.9,-1.8000000000000114,open_meteo_historical_forecast
2025-05-26,NYC,70.5,75.0,-4.5,open_meteo_historical_forecast
2025-05-27,NYC,76.6,76.5,0.09999999999999432,open_meteo_historical_forecast
2025-05-28,NYC,66.6,69.2,-2.6000000000000085,open_meteo_historical_forecast
2025-05-29,NYC,70.3,66.5,3.799999999999997,open_meteo_historical_forecast
2025-05-30,NYC,73.7,75.3,-1.5999999999999943,open_meteo_historical_forecast
2025-05-31,NYC,66.7,67.5,-0.7999999999999972,open_meteo_historical_forecast
2025-06-01,NYC,65.3,68.1,-2.799999999999997,open_meteo_historical_forecast
2025-06-02,NYC,70.0,74.3,-4.299999999999997,open_meteo_historical_forecast
2025-06-03,NYC,79.2,82.3,-3.0999999999999943,open_meteo_historical_forecast
2025-06-04,NYC,85.0,85.5,-0.5,open_meteo_historical_forecast
2025-06-05,NYC,94.1,90.5,3.5999999999999943,open_meteo_historical_forecast
2025-06-06,NYC,88.6,86.0,2.5999999999999943,open_meteo_historical_forecast
2025-06-07,NYC,80.0,75.6,4.400000000000006,open_meteo_historical_forecast
2025-06-08,NYC,75.0,76.1,-1.0999999999999943,open_meteo_historical_forecast
2025-06-09,NYC,69.4,63.9,5.500000000000007,open_meteo_historical_forecast
2025-06-10,NYC,77.4,74.9,2.5,open_meteo_historical_forecast
2025-06-11,NYC,82.4,84.6,-2.1999999999999886,open_meteo_historical_forecast
2025-06-12,NYC,89.2,90.8,-1.5999999999999943,open_meteo_historical_forecast
2025-06-13,NYC,85.3,80.3,5.0,open_meteo_historical_forecast
2025-06-14,NYC,69.5,68.4,1.0999999999999943,open_meteo_historical_forecast
2025-06-15,NYC,66.8,64.2,2.5999999999999943,open_meteo_historical_forecast
2025-06-16,NYC,68.3,67.8,0.5,open_meteo_historical_forecast
2025-06-17,NYC,70.5,67.6,2.9000000000000057,open_meteo_historical_forecast
2025-06-18,NYC,83.0,85.7,-2.700000000000003,open_meteo_historical_forecast
2025-06-19,NYC,88.1,90.9,-2.8000000000000114,open_meteo_historical_forecast
2025-06-20,NYC,82.0,84.4,-2.4000000000000057,open_meteo_historical_forecast
2025-06-21,NYC,89.7,89.3,0.4000000000000057,open_meteo_historical_forecast
2025-06-22,NYC,91.7,89.3,2.4000000000000057,open_meteo_historical_forecast
2025-06-23,NYC,102.5,98.1,4.400000000000006,open_meteo_historical_forecast
2025-06-24,NYC,102.7,102.2,0.5,open_meteo_historical_forecast
2025-06-25,NYC,99.1,98.3,0.7999999999999972,open_meteo_historical_forecast
2025-06-26,NYC,86.5,87.1,-0.5999999999999943,open_meteo_historical_forecast
2025-06-27,NYC,72.8,74.3,-1.5,open_meteo_historical_forecast
2025-06-28,NYC,86.2,85.5,0.7000000000000028,open_meteo_historical_forecast
2025-06-29,NYC,88.6,91.4,-2.8000000000000114,open_meteo_historical_forecast
2025-06-30,NYC,94.4,91.8,2.6000000000000085,open_meteo_historical_forecast
2025-07-01,NYC,90.1,92.4,-2.3000000000000114,open_meteo_historical_forecast
2025-07-02,NYC,85.2,84.6,0.6000000000000085,open_meteo_historical_forecast
2025-07-03,NYC,87.5,92.3,-4.799999999999997,open_meteo_historical_forecast
2025-07-04,NYC,82.2,85.5,-3.299999999999997,open_meteo_historical_forecast
2025-07-05,NYC,90.0,88.0,2.0,open_meteo_historical_forecast
2025-07-06,NYC,93.7,90.8,2.9000000000000057,open_meteo_historical_forecast
2025-07-07,NYC,88.9,86.4,2.5,open_meteo_historical_forecast
2025-07-08,NYC,95.6,97.0,-1.4000000000000057,open_meteo_historical_forecast
2025-07-09,NYC,88.5,93.0,-4.5,open_meteo_historical_forecast
2025-07-10,NYC,81.0,85.2,-4.200000000000003,open_meteo_historical_forecast
2025-07-11,NYC,84.3,84.9,-0.6000000000000085,open_meteo_historical_forecast
2025-07-12,NYC,86.8,85.8,1.0,open_meteo_historical_forecast
2025-07-13,NYC,84.8,83.1,1.7000000000000028,open_meteo_historical_forecast
2025-07-14,NYC,88.3,88.5,-0.20000000000000284,open_meteo_historical_forecast
2025-07-15,NYC,84.7,86.5,-1.7999999999999972,open_meteo_historical_forecast
2025-07-16,NYC,87.2,91.8,-4.599999999999994,open_meteo_historical_forecast
2025-07-17,NYC,91.4,93.2,-1.7999999999999972,open_meteo_historical_forecast
2025-07-18,NYC,85.6,85.9,-0.30000000000001137,open_meteo_historical_forecast
2025-07-19,NYC,83.9,82.8,1.1000000000000085,open_meteo_historical_forecast
2025-07-20,NYC,92.3,89.9,2.3999999999999915,open_meteo_historical_forecast
2025-07-21,NYC,88.2,86.7,1.5,open_meteo_historical_forecast
2025-07-22,NYC,83.2,80.5,2.700000000000003,open_meteo_historical_forecast
2025-07-23,NYC,84.2,82.2,2.0,open_meteo_historical_forecast
2025-07-24,NYC,88.3,86.6,1.7000000000000028,open_meteo_historical_forecast
2025-07-25,NYC,97.1,96.4,0.6999999999999886,open_meteo_historical_forecast
2025-07-26,NYC,88.4,86.5,1.9000000000000057,open_meteo_historical_forecast
2025-07-27,NYC,87.3,86.1,1.2000000000000028,open_meteo_historical_forecast
2025-07-28,NYC,94.3,94.9,-0.6000000000000085,open_meteo_historical_forecast
2025-07-29,NYC,101.2,99.1,2.1000000000000085,open_meteo_historical_forecast
2025-07-30,NYC,99.8,98.0,1.7999999999999972,open_meteo_historical_forecast
2025-07-31,NYC,87.7,87.9,-0.20000000000000284,open_meteo_historical_forecast
2025-08-01,NYC,73.3,73.5,-0.20000000000000284,open_meteo_historical_forecast
2025-08-02,NYC,77.7,81.0,-3.299999999999997,open_meteo_historical_forecast
2025-08-03,NYC,82.7,85.3,-2.5999999999999943,open_meteo_historical_forecast
2025-08-04,NYC,92.0,90.7,1.2999999999999972,open_meteo_historical_forecast
2025-08-05,NYC,86.6,85.8,0.7999999999999972,open_meteo_historical_forecast
2025-08-06,NYC,83.6,79.1,4.5,open_meteo_historical_forecast
2025-08-07,NYC,83.0,80.4,2.5999999999999943,open_meteo_historical_forecast
2025-08-08,NYC,83.1,83.8,-0.7000000000000028,open_meteo_historical_forecast
2025-08-09,NYC,86.9,85.5,1.4000000000000057,open_meteo_historical_forecast
2025-08-10,NYC,92.6,90.9,1.6999999999999886,open_meteo_historical_forecast
2025-08-11,NYC,90.6,89.4,1.1999999999999886,open_meteo_historical_forecast
2025-08-12,NYC,92.9,92.5,0.4000000000000057,open_meteo_historical_forecast
2025-08-13,NYC,90.7,90.3,0.4000000000000057,open_meteo_historical_forecast
2025-08-14,NYC,87.7,90.0,-2.299999999999997,open_meteo_historical_forecast
2025-08-15,NYC,90.7,89.6,1.1000000000000085,open_meteo_historical_forecast
2025-08-16,NYC,87.4,84.2,3.200000000000003,open_meteo_historical_forecast
2025-08-17,NYC,95.6,91.4,4.199999999999989,open_meteo_historical_forecast
2025-08-18,NYC,75.4,76.2,-0.7999999999999972,open_meteo_historical_forecast
2025-08-19,NYC,76.2,77.9,-1.7000000000000028,open_meteo_historical_forecast
2025-08-20,NYC,72.3,69.1,3.200000000000003,open_meteo_historical_forecast
2025-08-21,NYC,70.9,73.3,-2.3999999999999915,open_meteo_historical_forecast
2025-08-22,NYC,80.3,84.3,-4.0,open_meteo_historical_forecast
2025-08-23,NYC,82.7,83.2,-0.5,open_meteo_historical_forecast
2025-08-24,NYC,79.5,79.8,-0.29999999999999716,open_meteo_historical_forecast
2025-08-25,NYC,88.5,87.3,1.2000000000000028,open_meteo_historical_forecast
2025-08-26,NYC,80.9,80.3,0.6000000000000085,open_meteo_historical_forecast
2025-08-27,NYC,76.8,75.5,1.2999999999999972,open_meteo_historical_forecast
2025-08-28,NYC,80.6,78.9,1.6999999999999886,open_meteo_historical_forecast
2025-08-29,NYC,81.2,77.8,3.4000000000000057,open_meteo_historical_forecast
2025-08-30,NYC,78.0,76.1,1.9000000000000057,open_meteo_historical_forecast
2025-08-31,NYC,81.1,79.2,1.8999999999999915,open_meteo_historical_forecast
2025-09-01,NYC,78.8,77.2,1.5999999999999943,open_meteo_historical_forecast
2025-09-02,NYC,80.4,78.3,2.1000000000000085,open_meteo_historical_forecast
2025-09-03,NYC,80.6,78.7,1.8999999999999915,open_meteo_historical_forecast
2025-09-04,NYC,77.8,78.3,-0.5,open_meteo_historical_forecast
2025-09-05,NYC,83.0,83.3,-0.29999999999999716,open_meteo_historical_forecast
2025-09-06,NYC,86.3,86.2,0.09999999999999432,open_meteo_historical_forecast
2025-09-07,NYC,69.2,68.5,0.7000000000000028,open_meteo_historical_forecast
2025-09-08,NYC,70.7,74.2,-3.5,open_meteo_historical_forecast
2025-09-09,NYC,71.1,72.6,-1.5,open_meteo_historical_forecast
2025-09-10,NYC,69.1,73.7,-4.6000000000000085,open_meteo_historical_forecast
2025-09-11,NYC,79.6,80.1,-0.5,open_meteo_historical_forecast
2025-09-12,NYC,80.3,78.8,1.5,open_meteo_historical_forecast
2025-09-13,NYC,80.6,78.0,2.5999999999999943,open_meteo_historical_forecast
2025-09-14,NYC,85.0,82.4,2.5999999999999943,open_meteo_historical_forecast
2025-09-15,NYC,82.3,80.1,2.200000000000003,open_meteo_historical_forecast
2025-09-16,NYC,75.7,73.2,2.5,open_meteo_historical_forecast
2025-09-17,NYC,70.7,69.1,1.6000000000000085,open_meteo_historical_forecast
2025-09-18,NYC,80.5,86.0,-5.5,open_meteo_historical_forecast
2025-09-19,NYC,81.9,84.2,-2.299999999999997,open_meteo_historical_forecast
2025-09-20,NYC,73.7,73.6,0.10000000000000853,open_meteo_historical_forecast
2025-09-21,NYC,72.1,70.6,1.5,open_meteo_historical_forecast
2025-09-22,NYC,72.9,72.0,0.9000000000000057,open_meteo_historical_forecast
2025-09-23,NYC,84.5,83.7,0.7999999999999972,open_meteo_historical_forecast
2025-09-24,NYC,79.1,78.7,0.3999999999999915,open_meteo_historical_forecast
2025-09-25,NYC,74.9,76.5,-1.5999999999999943,open_meteo_historical_forecast
2025-09-26,NYC,79.2,81.8,-2.5999999999999943,open_meteo_historical_forecast
2025-09-27,NYC,75.7,79.8,-4.099999999999994,open_meteo_historical_forecast
2025-09-28,NYC,82.2,85.1,-2.8999999999999915,open_meteo_historical_forecast
2025-09-29,NYC,75.0,77.3,-2.299999999999997,open_meteo_historical_forecast
2025-09-30,NYC,77.7,80.7,-3.0,open_meteo_historical_forecast
2025-10-01,NYC,68.5,70.1,-1.5999999999999943,open_meteo_historical_forecast
2025-10-02,NYC,66.2,66.1,0.10000000000000853,open_meteo_historical_forecast
2025-10-03,NYC,72.1,73.0,-0.9000000000000057,open_meteo_historical_forecast
2025-10-04,NYC,81.6,83.2,-1.6000000000000085,open_meteo_historical_forecast
2025-10-05,NYC,85.3,85.3,0.0,open_meteo_historical_forecast
2025-10-06,NYC,81.1,80.2,0.8999999999999915,open_meteo_historical_forecast
2025-10-07,NYC,81.0,79.6,1.4000000000000057,open_meteo_historical_forecast
2025-10-08,NYC,71.2,70.7,0.5,open_meteo_historical_forecast
2025-10-09,NYC,58.5,59.0,-0.5,open_meteo_historical_forecast
2025-10-10,NYC,61.3,62.6,-1.3000000000000043,open_meteo_historical_forecast
2025-10-11,NYC,66.0,64.3,1.7000000000000028,open_meteo_historical_forecast
2025-10-12,NYC,61.8,61.6,0.19999999999999574,open_meteo_historical_forecast
2025-10-13,NYC,58.3,57.0,1.2999999999999972,open_meteo_historical_forecast
2025-10-14,NYC,60.8,60.6,0.19999999999999574,open_meteo_historical_forecast
2025-10-15,NYC,67.6,68.5,-0.9000000000000057,open_meteo_historical_forecast
2025-10-16,NYC,59.4,61.8,-2.3999999999999986,open_meteo_historical_forecast
2025-10-17,NYC,62.6,65.1,-2.499999999999993,open_meteo_historical_forecast
2025-10-18,NYC,63.6,65.8,-2.1999999999999957,open_meteo_historical_forecast
2025-10-19,NYC,69.4,71.4,-2.0,open_meteo_historical_forecast
2025-10-20,NYC,67.8,67.8,0.0,open_meteo_historical_forecast
2025-10-21,NYC,66.5,67.8,-1.2999999999999972,open_meteo_historical_forecast
2025-10-22,NYC,61.9,63.0,-1.1000000000000014,open_meteo_historical_forecast
2025-10-23,NYC,58.7,60.4,-1.6999999999999957,open_meteo_historical_forecast
2025-10-24,NYC,59.1,60.3,-1.1999999999999957,open_meteo_historical_forecast
2025-10-25,NYC,57.9,59.5,-1.6000000000000014,open_meteo_historical_forecast
2025-10-26,NYC,58.0,59.2,-1.2000000000000028,open_meteo_historical_forecast
2025-10-27,NYC,55.2,55.9,-0.6999999999999957,open_meteo_historical_forecast
2025-10-28,NYC,54.8,53.9,0.8999999999999986,open_meteo_historical_forecast
2025-10-29,NYC,57.5,54.8,2.700000000000003,open_meteo_historical_forecast
2025-10-30,NYC,61.2,63.0,-1.7999999999999972,open_meteo_historical_forecast
2025-10-31,NYC,58.9,59.3,-0.3999999999999986,open_meteo_historical_forecast
2025-11-01,NYC,57.8,59.2,-1.4000000000000057,open_meteo_historical_forecast
2025-11-02,NYC,58.5,61.2,-2.700000000000003,open_meteo_historical_forecast
2025-11-03,NYC,56.9,59.5,-2.6000000000000014,open_meteo_historical_forecast
2025-11-04,NYC,58.4,60.3,-1.8999999999999986,open_meteo_historical_forecast
2025-11-05,NYC,64.0,65.3,-1.2999999999999972,open_meteo_historical_forecast
2025-11-06,NYC,56.4,59.3,-2.8999999999999986,open_meteo_historical_forecast
2025-11-07,NYC,59.0,59.6,-0.6000000000000014,open_meteo_historical_forecast
2025-11-08,NYC,64.7,67.1,-2.3999999999999915,open_meteo_historical_forecast
2025-11-09,NYC,61.2,63.6,-2.3999999999999986,open_meteo_historical_forecast
2025-11-10,NYC,56.5,59.0,-2.5,open_meteo_historical_forecast
2025-11-11,NYC,39.8,40.2,-0.4000000000000057,open_meteo_historical_forecast
2025-11-12,NYC,48.1,49.7,-1.6000000000000014,open_meteo_historical_forecast
2025-11-13,NYC,50.6,51.0,-0.3999999999999986,open_meteo_historical_forecast
2025-11-14,NYC,49.8,51.3,-1.5,open_meteo_historical_forecast
2025-11-15,NYC,47.2,49.8,-2.5999999999999943,open_meteo_historical_forecast
2025-11-16,NYC,54.9,56.1,-1.2000000000000028,open_meteo_historical_forecast
2025-11-17,NYC,42.8,44.9,-2.1000000000000014,open_meteo_historical_forecast
2025-11-18,NYC,45.8,46.8,-1.0,open_meteo_historical_forecast
2025-11-19,NYC,46.8,46.1,0.6999999999999957,open_meteo_historical_forecast
2025-11-20,NYC,45.9,48.5,-2.6000000000000014,open_meteo_historical_forecast
2025-11-21,NYC,51.3,53.0,-1.7000000000000028,open_meteo_historical_forecast
2025-11-22,NYC,51.4,50.7,0.6999999999999957,open_meteo_historical_forecast
2025-11-23,NYC,45.4,49.4,-4.0,open_meteo_historical_forecast
2025-11-24,NYC,52.2,53.3,-1.0999999999999943,open_meteo_historical_forecast
2025-11-25,NYC,54.6,55.0,-0.3999999999999986,open_meteo_historical_forecast
2025-11-26,NYC,59.4,58.6,0.7999999999999972,open_meteo_historical_forecast
2025-11-27,NYC,50.5,50.0,0.5,open_meteo_historical_forecast
2025-11-28,NYC,42.1,43.1,-1.0,open_meteo_historical_forecast
2025-11-29,NYC,42.3,43.2,-0.9000000000000057,open_meteo_historical_forecast
2025-11-30,NYC,40.7,44.1,-3.3999999999999986,open_meteo_historical_forecast
2025-12-01,NYC,42.9,43.8,-0.8999999999999986,open_meteo_historical_forecast
2025-12-02,NYC,37.3,39.1,-1.8000000000000043,open_meteo_historical_forecast
2025-12-03,NYC,39.6,41.1,-1.5,open_meteo_historical_forecast
2025-12-04,NYC,41.6,42.6,-1.0,open_meteo_historical_forecast
2025-12-05,NYC,30.0,30.7,-0.6999999999999993,open_meteo_historical_forecast
2025-12-06,NYC,40.1,42.3,-2.1999999999999957,open_meteo_historical_forecast
2025-12-07,NYC,40.8,42.2,-1.4000000000000057,open_meteo_historical_forecast
2025-12-08,NYC,35.4,37.4,-2.0,open_meteo_historical_forecast
2025-12-09,NYC,31.3,33.3,-1.9999999999999964,open_meteo_historical_forecast
2025-12-10,NYC,43.1,46.8,-3.6999999999999957,open_meteo_historical_forecast
2025-12-11,NYC,39.0,39.7,-0.7000000000000028,open_meteo_historical_forecast
2025-12-12,NYC,34.5,35.5,-1.0,open_meteo_historical_forecast
2025-12-13,NYC,38.2,41.3,-3.0999999999999943,open_meteo_historical_forecast
2025-12-14,NYC,32.8,34.5,-1.7000000000000028,open_meteo_historical_forecast
2025-12-15,NYC,26.8,29.6,-2.8000000000000007,open_meteo_historical_forecast
2025-12-16,NYC,28.0,32.3,-4.299999999999997,open_meteo_historical_forecast
2025-12-17,NYC,40.3,47.6,-7.300000000000004,open_meteo_historical_forecast
2025-12-18,NYC,43.5,50.7,-7.200000000000003,open_meteo_historical_forecast
2025-12-19,NYC,57.3,56.7,0.5999999999999943,open_meteo_historical_forecast
2025-12-20,NYC,36.6,38.3,-1.6999999999999957,open_meteo_historical_forecast
2025-12-21,NYC,45.8,47.5,-1.7000000000000028,open_meteo_historical_forecast
2025-12-22,NYC,37.4,39.7,-2.3000000000000043,open_meteo_historical_forecast
2025-12-23,NYC,36.8,38.0,-1.2000000000000028,open_meteo_historical_forecast
2025-12-24,NYC,45.0,46.2,-1.2000000000000028,open_meteo_historical_forecast
2025-12-25,NYC,46.6,49.5,-2.8999999999999986,open_meteo_historical_forecast
2025-12-26,NYC,27.0,28.8,-1.8000000000000007,open_meteo_historical_forecast
2025-12-27,NYC,30.6,29.7,0.9000000000000021,open_meteo_historical_forecast
2025-12-28,NYC,33.6,34.2,-0.6000000000000014,open_meteo_historical_forecast
2025-12-29,NYC,45.0,46.4,-1.3999999999999986,open_meteo_historical_forecast
2025-12-30,NYC,31.5,33.3,-1.7999999999999972,open_meteo_historical_forecast
2025-12-31,NYC,31.8,32.9,-1.0999999999999979,open_meteo_historical_forecast
2026-01-01,NYC,33.1,33.2,-0.10000000000000142,open_meteo_historical_forecast
2026-01-02,NYC,29.0,30.2,-1.1999999999999993,open_meteo_historical_forecast
2026-01-03,NYC,30.6,30.6,0.0,open_meteo_historical_forecast
2026-01-04,NYC,33.6,34.9,-1.2999999999999972,open_meteo_historical_forecast
2026-01-05,NYC,33.6,36.4,-2.799999999999997,open_meteo_historical_forecast
2026-01-06,NYC,38.7,41.2,-2.5,open_meteo_historical_forecast
2026-01-07,NYC,48.1,49.1,-1.0,open_meteo_historical_forecast
2026-01-08,NYC,49.8,51.6,-1.8000000000000043,open_meteo_historical_forecast
2026-01-09,NYC,51.1,51.9,-0.7999999999999972,open_meteo_historical_forecast
2026-01-10,NYC,47.8,51.8,-4.0,open_meteo_historical_forecast
2026-01-11,NYC,46.8,47.0,-0.20000000000000284,open_meteo_historical_forecast
2026-01-12,NYC,40.4,42.0,-1.6000000000000014,open_meteo_historical_forecast
2026-01-13,NYC,45.0,47.6,-2.6000000000000014,open_meteo_historical_forecast
2026-01-14,NYC,48.7,51.3,-2.5999999999999943,open_meteo_historical_forecast
2026-01-15,NYC,43.8,44.8,-1.0,open_meteo_historical_forecast
2026-01-16,NYC,32.1,33.5,-1.3999999999999986,open_meteo_historical_forecast
2026-01-17,NYC,35.3,38.0,-2.700000000000003,open_meteo_historical_forecast
2026-01-18,NYC,33.1,33.3,-0.19999999999999574,open_meteo_historical_forecast
2026-01-19,NYC,29.5,30.8,-1.3000000000000007,open_meteo_historical_forecast
2026-01-20,NYC,23.9,25.6,-1.7000000000000028,open_meteo_historical_forecast
2026-01-21,NYC,33.9,35.2,-1.3000000000000043,open_meteo_historical_forecast
2026-01-22,NYC,43.7,48.9,-5.199999999999996,open_meteo_historical_forecast
2026-01-23,NYC,36.0,39.6,-3.6000000000000014,open_meteo_historical_forecast
2026-01-24,NYC,18.4,18.6,-0.20000000000000284,open_meteo_historical_forecast
2026-01-25,NYC,22.7,20.7,2.0,open_meteo_historical_forecast
2026-01-26,NYC,26.4,26.5,-0.10000000000000142,open_meteo_historical_forecast
2026-01-27,NYC,18.8,20.3,-1.5,open_meteo_historical_forecast
2026-01-28,NYC,20.0,23.6,-3.6000000000000014,open_meteo_historical_forecast
2026-01-29,NYC,18.0,22.9,-4.899999999999999,open_meteo_historical_forecast
2026-01-30,NYC,15.5,18.8,-3.3000000000000007,open_meteo_historical_forecast
2026-01-31,NYC,19.8,23.4,-3.599999999999998,open_meteo_historical_forecast
2026-02-01,NYC,20.6,23.1,-2.5,open_meteo_historical_forecast
2026-02-02,NYC,30.6,33.7,-3.1000000000000014,open_meteo_historical_forecast
2026-02-03,NYC,30.3,32.6,-2.3000000000000007,open_meteo_historical_forecast
2026-02-04,NYC,30.3,32.7,-2.400000000000002,open_meteo_historical_forecast
2026-02-05,NYC,27.2,32.0,-4.800000000000001,open_meteo_historical_forecast
2026-02-06,NYC,27.7,31.5,-3.8000000000000007,open_meteo_historical_forecast
2026-02-07,NYC,25.4,25.5,-0.10000000000000142,open_meteo_historical_forecast
2026-02-08,NYC,13.7,18.5,-4.800000000000001,open_meteo_historical_forecast
2026-02-09,NYC,25.2,29.9,-4.699999999999999,open_meteo_historical_forecast
2026-02-10,NYC,31.4,35.1,-3.700000000000003,open_meteo_historical_forecast
2026-02-11,NYC,37.8,41.0,-3.200000000000003,open_meteo_historical_forecast
2026-02-12,NYC,33.4,37.2,-3.8000000000000043,open_meteo_historical_forecast
2026-02-13,NYC,33.6,39.5,-5.899999999999999,open_meteo_historical_forecast
2026-02-14,NYC,38.5,46.9,-8.399999999999999,open_meteo_historical_forecast
2026-02-15,NYC,36.3,38.9,-2.6000000000000014,open_meteo_historical_forecast
2026-02-16,NYC,35.7,39.1,-3.3999999999999986,open_meteo_historical_forecast
2026-02-17,NYC,42.3,46.6,-4.300000000000004,open_meteo_historical_forecast
2026-02-18,NYC,38.1,38.8,-0.6999999999999957,open_meteo_historical_forecast
2026-02-19,NYC,37.8,39.8,-2.0,open_meteo_historical_forecast
2026-02-20,NYC,38.3,35.9,2.3999999999999986,open_meteo_historical_forecast
2026-02-21,NYC,46.4,45.6,0.7999999999999972,open_meteo_historical_forecast
2026-02-22,NYC,36.5,40.2,-3.700000000000003,open_meteo_historical_forecast
2026-02-23,NYC,34.9,34.1,0.7999999999999972,open_meteo_historical_forecast
2026-02-24,NYC,29.4,30.1,-0.7000000000000028,open_meteo_historical_forecast
2026-02-25,NYC,36.5,40.1,-3.6000000000000014,open_meteo_historical_forecast
2026-02-26,NYC,39.8,43.5,-3.700000000000003,open_meteo_historical_forecast
2026-02-27,NYC,34.2,41.2,-7.0,open_meteo_historical_forecast
2026-02-28,NYC,37.3,52.7,-15.400000000000006,open_meteo_historical_forecast
2026-03-01,NYC,37.8,42.8,-5.0,open_meteo_historical_forecast
2026-03-02,NYC,28.3,35.4,-7.099999999999998,open_meteo_historical_forecast
2026-03-03,NYC,33.7,33.6,0.10000000000000142,open_meteo_historical_forecast
2026-03-04,NYC,45.3,49.0,-3.700000000000003,open_meteo_historical_forecast
2026-03-05,NYC,41.4,44.1,-2.700000000000003,open_meteo_historical_forecast
2026-03-06,NYC,42.3,40.3,2.0,open_meteo_historical_forecast
2026-03-07,NYC,49.4,46.5,2.8999999999999986,open_meteo_historical_forecast
2026-03-08,NYC,68.4,68.2,0.20000000000000284,open_meteo_historical_forecast
2026-03-09,NYC,68.9,73.4,-4.5,open_meteo_historical_forecast
2026-03-10,NYC,75.9,79.2,-3.299999999999997,open_meteo_historical_forecast
2026-03-11,NYC,73.2,72.3,0.9000000000000057,open_meteo_historical_forecast
2026-03-12,NYC,63.3,56.7,6.599999999999994,open_meteo_historical_forecast
2026-03-13,NYC,41.5,42.0,-0.5,open_meteo_historical_forecast
2026-03-14,NYC,50.0,52.2,-2.200000000000003,open_meteo_historical_forecast
2026-03-15,NYC,44.5,44.7,-0.20000000000000284,open_meteo_historical_forecast
2026-03-16,NYC,62.8,59.0,3.799999999999997,open_meteo_historical_forecast
2026-03-17,NYC,56.2,54.1,2.1000000000000014,open_meteo_historical_forecast
2026-03-18,NYC,36.0,37.3,-1.2999999999999972,open_meteo_historical_forecast
2026-03-19,NYC,40.7,40.7,0.0,open_meteo_historical_forecast
2026-03-20,NYC,54.1,56.9,-2.799999999999997,open_meteo_historical_forecast
2026-03-21,NYC,56.8,58.4,-1.6000000000000014,open_meteo_historical_forecast
2026-03-22,NYC,61.2,58.9,2.3000000000000043,open_meteo_historical_forecast
2026-03-23,NYC,50.0,49.6,0.3999999999999986,open_meteo_historical_forecast
2026-03-24,NYC,46.8,49.2,-2.4000000000000057,open_meteo_historical_forecast
2026-03-25,NYC,51.5,53.5,-2.0,open_meteo_historical_forecast
2026-03-26,NYC,71.7,76.0,-4.299999999999997,open_meteo_historical_forecast
2026-03-27,NYC,63.2,67.4,-4.200000000000003,open_meteo_historical_forecast
2026-03-28,NYC,42.3,43.7,-1.4000000000000057,open_meteo_historical_forecast
2026-03-29,NYC,53.9,54.0,-0.10000000000000142,open_meteo_historical_forecast
2026-03-30,NYC,69.1,72.9,-3.8000000000000114,open_meteo_historical_forecast
2026-03-31,NYC,78.9,80.6,-1.6999999999999886,open_meteo_historical_forecast
2026-04-01,NYC,77.4,79.9,-2.5,open_meteo_historical_forecast
2026-04-02,NYC,53.7,54.8,-1.0999999999999943,open_meteo_historical_forecast
2026-04-03,NYC,69.4,66.6,2.8000000000000114,open_meteo_historical_forecast
2026-04-04,NYC,70.1,70.5,-0.4000000000000057,open_meteo_historical_forecast
2026-04-05,NYC,59.8,56.0,3.799999999999997,open_meteo_historical_forecast
2026-04-06,NYC,54.5,55.3,-0.7999999999999972,open_meteo_historical_forecast
2026-04-07,NYC,52.3,55.6,-3.3000000000000043,open_meteo_historical_forecast
2026-04-08,NYC,48.7,49.9,-1.1999999999999957,open_meteo_historical_forecast
2026-04-09,NYC,49.9,50.0,-0.10000000000000142,open_meteo_historical_forecast
2026-04-10,NYC,63.4,62.1,1.2999999999999972,open_meteo_historical_forecast
2026-04-11,NYC,62.8,63.3,-0.5,open_meteo_historical_forecast
2026-04-12,NYC,55.8,55.6,0.19999999999999574,open_meteo_historical_forecast
2026-04-13,NYC,78.7,80.9,-2.200000000000003,open_meteo_historical_forecast
2026-04-14,NYC,87.1,86.9,0.19999999999998863,open_meteo_historical_forecast
2026-04-15,NYC,89.6,89.8,-0.20000000000000284,open_meteo_historical_forecast
2026-04-16,NYC,89.9,88.9,1.0,open_meteo_historical_forecast
2026-04-17,NYC,79.0,78.8,0.20000000000000284,open_meteo_historical_forecast
2026-04-18,NYC,68.2,64.4,3.799999999999997,open_meteo_historical_forecast
2026-04-19,NYC,52.7,51.1,1.6000000000000014,open_meteo_historical_forecast
2026-04-20,NYC,50.4,51.1,-0.7000000000000028,open_meteo_historical_forecast
2026-04-21,NYC,52.7,53.3,-0.5999999999999943,open_meteo_historical_forecast
2026-04-22,NYC,54.1,53.0,1.1000000000000014,open_meteo_historical_forecast
2026-04-23,NYC,72.2,74.4,-2.200000000000003,open_meteo_historical_forecast
2026-04-24,NYC,69.6,68.6,1.0,open_meteo_historical_forecast
2026-04-25,NYC,50.2,49.0,1.2000000000000028,open_meteo_historical_forecast
2026-04-26,NYC,55.8,58.1,-2.3000000000000043,open_meteo_historical_forecast
2026-04-27,NYC,66.9,68.8,-1.8999999999999915,open_meteo_historical_forecast
2026-04-28,NYC,64.4,65.7,-1.2999999999999972,open_meteo_historical_forecast
2026-04-29,NYC,62.9,63.0,-0.10000000000000142,open_meteo_historical_forecast
2026-04-30,NYC,59.8,59.9,-0.10000000000000142,open_meteo_historical_forecast
2026-05-01,NYC,64.9,65.5,-0.5999999999999943,open_meteo_historical_forecast
2026-05-02,NYC,59.3,61.6,-2.3000000000000043,open_meteo_historical_forecast
2026-05-03,NYC,57.7,60.7,-3.0,open_meteo_historical_forecast
2026-05-04,NYC,75.5,74.6,0.9000000000000057,open_meteo_historical_forecast
2026-05-05,NYC,84.4,84.8,-0.3999999999999915,open_meteo_historical_forecast
2026-05-06,NYC,72.7,69.7,3.0,open_meteo_historical_forecast
2026-05-07,NYC,66.4,65.2,1.2000000000000028,open_meteo_historical_forecast
2026-05-08,NYC,64.7,62.4,2.3000000000000043,open_meteo_historical_forecast
2026-05-09,NYC,65.3,64.4,0.8999999999999915,open_meteo_historical_forecast
2026-05-10,NYC,74.8,73.8,1.0,open_meteo_historical_forecast
2026-05-11,NYC,62.7,62.0,0.7000000000000028,open_meteo_historical_forecast
2026-05-12,NYC,68.2,67.8,0.4000000000000057,open_meteo_historical_forecast
2026-05-13,NYC,76.5,73.4,3.0999999999999943,open_meteo_historical_forecast
2026-05-14,NYC,66.3,66.5,-0.20000000000000284,open_meteo_historical_forecast
2026-05-15,NYC,66.8,66.6,0.20000000000000284,open_meteo_historical_forecast
2026-05-16,NYC,82.9,79.9,3.0,open_meteo_historical_forecast
2026-05-17,NYC,90.5,89.7,0.7999999999999972,open_meteo_historical_forecast
2026-05-18,NYC,90.2,87.6,2.6000000000000085,open_meteo_historical_forecast
2026-05-19,NYC,96.5,94.4,2.0999999999999943,open_meteo_historical_forecast
2026-05-20,NYC,92.7,93.1,-0.3999999999999915,open_meteo_historical_forecast
