date,location,prediction_time,prediction_timestamp,actual_high,forecast_high,forecast_error,forecast_source
2022-01-01,NYC,09:00,2022-01-01 09:00:00,53.3,54.3,-1.0,open_meteo_historical_forecast
2022-01-01,NYC,11:00,2022-01-01 11:00:00,53.3,54.3,-1.0,open_meteo_historical_forecast
2022-01-01,NYC,13:00,2022-01-01 13:00:00,53.3,54.3,-1.0,open_meteo_historical_forecast
2022-01-01,NYC,15:00,2022-01-01 15:00:00,53.3,54.3,-1.0,open_meteo_historical_forecast
2022-01-02,NYC,09:00,2022-01-02 09:00:00,55.8,56.8,-1.0,open_meteo_historical_forecast
2022-01-02,NYC,11:00,2022-01-02 11:00:00,55.8,56.8,-1.0,open_meteo_historical_forecast
2022-01-02,NYC,13:00,2022-01-02 13:00:00,55.8,56.8,-1.0,open_meteo_historical_forecast
2022-01-02,NYC,15:00,2022-01-02 15:00:00,55.8,56.8,-1.0,open_meteo_historical_forecast
2022-01-03,NYC,09:00,2022-01-03 09:00:00,35.8,36.7,-0.9,open_meteo_historical_forecast
2022-01-03,NYC,11:00,2022-01-03 11:00:00,35.8,36.7,-0.9,open_meteo_historical_forecast
2022-01-03,NYC,13:00,2022-01-03 13:00:00,35.8,36.7,-0.9,open_meteo_historical_forecast
2022-01-03,NYC,15:00,2022-01-03 15:00:00,35.8,36.7,-0.9,open_meteo_historical_forecast
2022-01-04,NYC,09:00,2022-01-04 09:00:00,33.5,34.0,-0.5,open_meteo_historical_forecast
2022-01-04,NYC,11:00,2022-01-04 11:00:00,33.5,34.0,-0.5,open_meteo_historical_forecast
2022-01-04,NYC,13:00,2022-01-04 13:00:00,33.5,34.0,-0.5,open_meteo_historical_forecast
2022-01-04,NYC,15:00,2022-01-04 15:00:00,33.5,34.0,-0.5,open_meteo_historical_forecast
2022-01-05,NYC,09:00,2022-01-05 09:00:00,44.7,44.9,-0.2,open_meteo_historical_forecast
2022-01-05,NYC,11:00,2022-01-05 11:00:00,44.7,44.9,-0.2,open_meteo_historical_forecast
2022-01-05,NYC,13:00,2022-01-05 13:00:00,44.7,44.9,-0.2,open_meteo_historical_forecast
2022-01-05,NYC,15:00,2022-01-05 15:00:00,44.7,44.9,-0.2,open_meteo_historical_forecast
2022-01-06,NYC,09:00,2022-01-06 09:00:00,39.7,38.9,0.8,open_meteo_historical_forecast
2022-01-06,NYC,11:00,2022-01-06 11:00:00,39.7,38.9,0.8,open_meteo_historical_forecast
2022-01-06,NYC,13:00,2022-01-06 13:00:00,39.7,38.9,0.8,open_meteo_historical_forecast
2022-01-06,NYC,15:00,2022-01-06 15:00:00,39.7,38.9,0.8,open_meteo_historical_forecast
2022-01-07,NYC,09:00,2022-01-07 09:00:00,32.2,33.4,-1.2,open_meteo_historical_forecast
2022-01-07,NYC,11:00,2022-01-07 11:00:00,32.2,33.4,-1.2,open_meteo_historical_forecast
2022-01-07,NYC,13:00,2022-01-07 13:00:00,32.2,33.4,-1.2,open_meteo_historical_forecast
2022-01-07,NYC,15:00,2022-01-07 15:00:00,32.2,33.4,-1.2,open_meteo_historical_forecast
2022-01-08,NYC,09:00,2022-01-08 09:00:00,26.2,29.6,-3.4,open_meteo_historical_forecast
2022-01-08,NYC,11:00,2022-01-08 11:00:00,26.2,29.6,-3.4,open_meteo_historical_forecast
2022-01-08,NYC,13:00,2022-01-08 13:00:00,26.2,29.6,-3.4,open_meteo_historical_forecast
2022-01-08,NYC,15:00,2022-01-08 15:00:00,26.2,29.6,-3.4,open_meteo_historical_forecast
2022-01-09,NYC,09:00,2022-01-09 09:00:00,39.4,39.0,0.4,open_meteo_historical_forecast
2022-01-09,NYC,11:00,2022-01-09 11:00:00,39.4,39.0,0.4,open_meteo_historical_forecast
2022-01-09,NYC,13:00,2022-01-09 13:00:00,39.4,39.0,0.4,open_meteo_historical_forecast
2022-01-09,NYC,15:00,2022-01-09 15:00:00,39.4,39.0,0.4,open_meteo_historical_forecast
2022-01-10,NYC,09:00,2022-01-10 09:00:00,39.7,39.1,0.6,open_meteo_historical_forecast
2022-01-10,NYC,11:00,2022-01-10 11:00:00,39.7,39.1,0.6,open_meteo_historical_forecast
2022-01-10,NYC,13:00,2022-01-10 13:00:00,39.7,39.1,0.6,open_meteo_historical_forecast
2022-01-10,NYC,15:00,2022-01-10 15:00:00,39.7,39.1,0.6,open_meteo_historical_forecast
2022-01-11,NYC,09:00,2022-01-11 09:00:00,24.7,25.3,-0.6,open_meteo_historical_forecast
2022-01-11,NYC,11:00,2022-01-11 11:00:00,24.7,25.3,-0.6,open_meteo_historical_forecast
2022-01-11,NYC,13:00,2022-01-11 13:00:00,24.7,25.3,-0.6,open_meteo_historical_forecast
2022-01-11,NYC,15:00,2022-01-11 15:00:00,24.7,25.3,-0.6,open_meteo_historical_forecast
2022-01-12,NYC,09:00,2022-01-12 09:00:00,40.5,39.8,0.7,open_meteo_historical_forecast
2022-01-12,NYC,11:00,2022-01-12 11:00:00,40.5,39.8,0.7,open_meteo_historical_forecast
2022-01-12,NYC,13:00,2022-01-12 13:00:00,40.5,39.8,0.7,open_meteo_historical_forecast
2022-01-12,NYC,15:00,2022-01-12 15:00:00,40.5,39.8,0.7,open_meteo_historical_forecast
2022-01-13,NYC,09:00,2022-01-13 09:00:00,45.0,46.6,-1.6,open_meteo_historical_forecast
2022-01-13,NYC,11:00,2022-01-13 11:00:00,45.0,46.6,-1.6,open_meteo_historical_forecast
2022-01-13,NYC,13:00,2022-01-13 13:00:00,45.0,46.6,-1.6,open_meteo_historical_forecast
2022-01-13,NYC,15:00,2022-01-13 15:00:00,45.0,46.6,-1.6,open_meteo_historical_forecast
2022-01-14,NYC,09:00,2022-01-14 09:00:00,41.2,42.1,-0.9,open_meteo_historical_forecast
2022-01-14,NYC,11:00,2022-01-14 11:00:00,41.2,42.1,-0.9,open_meteo_historical_forecast
2022-01-14,NYC,13:00,2022-01-14 13:00:00,41.2,42.1,-0.9,open_meteo_historical_forecast
2022-01-14,NYC,15:00,2022-01-14 15:00:00,41.2,42.1,-0.9,open_meteo_historical_forecast
2022-01-15,NYC,09:00,2022-01-15 09:00:00,22.7,24.1,-1.4,open_meteo_historical_forecast
2022-01-15,NYC,11:00,2022-01-15 11:00:00,22.7,24.1,-1.4,open_meteo_historical_forecast
2022-01-15,NYC,13:00,2022-01-15 13:00:00,22.7,24.1,-1.4,open_meteo_historical_forecast
2022-01-15,NYC,15:00,2022-01-15 15:00:00,22.7,24.1,-1.4,open_meteo_historical_forecast
2022-01-16,NYC,09:00,2022-01-16 09:00:00,34.5,33.4,1.1,open_meteo_historical_forecast
2022-01-16,NYC,11:00,2022-01-16 11:00:00,34.5,33.4,1.1,open_meteo_historical_forecast
2022-01-16,NYC,13:00,2022-01-16 13:00:00,34.5,33.4,1.1,open_meteo_historical_forecast
2022-01-16,NYC,15:00,2022-01-16 15:00:00,34.5,33.4,1.1,open_meteo_historical_forecast
2022-01-17,NYC,09:00,2022-01-17 09:00:00,49.6,42.0,7.6,open_meteo_historical_forecast
2022-01-17,NYC,11:00,2022-01-17 11:00:00,49.6,42.0,7.6,open_meteo_historical_forecast
2022-01-17,NYC,13:00,2022-01-17 13:00:00,49.6,42.0,7.6,open_meteo_historical_forecast
2022-01-17,NYC,15:00,2022-01-17 15:00:00,49.6,42.0,7.6,open_meteo_historical_forecast
2022-01-18,NYC,09:00,2022-01-18 09:00:00,35.3,36.2,-0.9,open_meteo_historical_forecast
2022-01-18,NYC,11:00,2022-01-18 11:00:00,35.3,36.2,-0.9,open_meteo_historical_forecast
2022-01-18,NYC,13:00,2022-01-18 13:00:00,35.3,36.2,-0.9,open_meteo_historical_forecast
2022-01-18,NYC,15:00,2022-01-18 15:00:00,35.3,36.2,-0.9,open_meteo_historical_forecast
2022-01-19,NYC,09:00,2022-01-19 09:00:00,45.9,49.3,-3.4,open_meteo_historical_forecast
2022-01-19,NYC,11:00,2022-01-19 11:00:00,45.9,49.3,-3.4,open_meteo_historical_forecast
2022-01-19,NYC,13:00,2022-01-19 13:00:00,45.9,49.3,-3.4,open_meteo_historical_forecast
2022-01-19,NYC,15:00,2022-01-19 15:00:00,45.9,49.3,-3.4,open_meteo_historical_forecast
2022-01-20,NYC,09:00,2022-01-20 09:00:00,41.6,44.9,-3.3,open_meteo_historical_forecast
2022-01-20,NYC,11:00,2022-01-20 11:00:00,41.6,44.9,-3.3,open_meteo_historical_forecast
2022-01-20,NYC,13:00,2022-01-20 13:00:00,41.6,44.9,-3.3,open_meteo_historical_forecast
2022-01-20,NYC,15:00,2022-01-20 15:00:00,41.6,44.9,-3.3,open_meteo_historical_forecast
2022-01-21,NYC,09:00,2022-01-21 09:00:00,22.6,25.1,-2.5,open_meteo_historical_forecast
2022-01-21,NYC,11:00,2022-01-21 11:00:00,22.6,25.1,-2.5,open_meteo_historical_forecast
2022-01-21,NYC,13:00,2022-01-21 13:00:00,22.6,25.1,-2.5,open_meteo_historical_forecast
2022-01-21,NYC,15:00,2022-01-21 15:00:00,22.6,25.1,-2.5,open_meteo_historical_forecast
2022-01-22,NYC,09:00,2022-01-22 09:00:00,29.8,29.1,0.7,open_meteo_historical_forecast
2022-01-22,NYC,11:00,2022-01-22 11:00:00,29.8,29.1,0.7,open_meteo_historical_forecast
2022-01-22,NYC,13:00,2022-01-22 13:00:00,29.8,29.1,0.7,open_meteo_historical_forecast
2022-01-22,NYC,15:00,2022-01-22 15:00:00,29.8,29.1,0.7,open_meteo_historical_forecast
2022-01-23,NYC,09:00,2022-01-23 09:00:00,37.2,36.8,0.4,open_meteo_historical_forecast
2022-01-23,NYC,11:00,2022-01-23 11:00:00,37.2,36.8,0.4,open_meteo_historical_forecast
2022-01-23,NYC,13:00,2022-01-23 13:00:00,37.2,36.8,0.4,open_meteo_historical_forecast
2022-01-23,NYC,15:00,2022-01-23 15:00:00,37.2,36.8,0.4,open_meteo_historical_forecast
2022-01-24,NYC,09:00,2022-01-24 09:00:00,32.6,32.4,0.2,open_meteo_historical_forecast
2022-01-24,NYC,11:00,2022-01-24 11:00:00,32.6,32.4,0.2,open_meteo_historical_forecast
2022-01-24,NYC,13:00,2022-01-24 13:00:00,32.6,32.4,0.2,open_meteo_historical_forecast
2022-01-24,NYC,15:00,2022-01-24 15:00:00,32.6,32.4,0.2,open_meteo_historical_forecast
2022-01-25,NYC,09:00,2022-01-25 09:00:00,43.5,41.9,1.6,open_meteo_historical_forecast
2022-01-25,NYC,11:00,2022-01-25 11:00:00,43.5,41.9,1.6,open_meteo_historical_forecast
2022-01-25,NYC,13:00,2022-01-25 13:00:00,43.5,41.9,1.6,open_meteo_historical_forecast
2022-01-25,NYC,15:00,2022-01-25 15:00:00,43.5,41.9,1.6,open_meteo_historical_forecast
2022-01-26,NYC,09:00,2022-01-26 09:00:00,26.7,29.8,-3.1,open_meteo_historical_forecast
2022-01-26,NYC,11:00,2022-01-26 11:00:00,26.7,29.8,-3.1,open_meteo_historical_forecast
2022-01-26,NYC,13:00,2022-01-26 13:00:00,26.7,29.8,-3.1,open_meteo_historical_forecast
2022-01-26,NYC,15:00,2022-01-26 15:00:00,26.7,29.8,-3.1,open_meteo_historical_forecast
2022-01-27,NYC,09:00,2022-01-27 09:00:00,31.6,31.6,0.0,open_meteo_historical_forecast
2022-01-27,NYC,11:00,2022-01-27 11:00:00,31.6,31.6,0.0,open_meteo_historical_forecast
2022-01-27,NYC,13:00,2022-01-27 13:00:00,31.6,31.6,0.0,open_meteo_historical_forecast
2022-01-27,NYC,15:00,2022-01-27 15:00:00,31.6,31.6,0.0,open_meteo_historical_forecast
2022-01-28,NYC,09:00,2022-01-28 09:00:00,34.0,33.1,0.9,open_meteo_historical_forecast
2022-01-28,NYC,11:00,2022-01-28 11:00:00,34.0,33.1,0.9,open_meteo_historical_forecast
2022-01-28,NYC,13:00,2022-01-28 13:00:00,34.0,33.1,0.9,open_meteo_historical_forecast
2022-01-28,NYC,15:00,2022-01-28 15:00:00,34.0,33.1,0.9,open_meteo_historical_forecast
2022-01-29,NYC,09:00,2022-01-29 09:00:00,29.1,28.7,0.4,open_meteo_historical_forecast
2022-01-29,NYC,11:00,2022-01-29 11:00:00,29.1,28.7,0.4,open_meteo_historical_forecast
2022-01-29,NYC,13:00,2022-01-29 13:00:00,29.1,28.7,0.4,open_meteo_historical_forecast
2022-01-29,NYC,15:00,2022-01-29 15:00:00,29.1,28.7,0.4,open_meteo_historical_forecast
2022-01-30,NYC,09:00,2022-01-30 09:00:00,22.5,24.6,-2.1,open_meteo_historical_forecast
2022-01-30,NYC,11:00,2022-01-30 11:00:00,22.5,24.6,-2.1,open_meteo_historical_forecast
2022-01-30,NYC,13:00,2022-01-30 13:00:00,22.5,24.6,-2.1,open_meteo_historical_forecast
2022-01-30,NYC,15:00,2022-01-30 15:00:00,22.5,24.6,-2.1,open_meteo_historical_forecast
2022-01-31,NYC,09:00,2022-01-31 09:00:00,26.1,30.6,-4.5,open_meteo_historical_forecast
2022-01-31,NYC,11:00,2022-01-31 11:00:00,26.1,30.6,-4.5,open_meteo_historical_forecast
2022-01-31,NYC,13:00,2022-01-31 13:00:00,26.1,30.6,-4.5,open_meteo_historical_forecast
2022-01-31,NYC,15:00,2022-01-31 15:00:00,26.1,30.6,-4.5,open_meteo_historical_forecast
2022-02-01,NYC,09:00,2022-02-01 09:00:00,30.6,35.5,-4.9,open_meteo_historical_forecast
2022-02-01,NYC,11:00,2022-02-01 11:00:00,30.6,35.5,-4.9,open_meteo_historical_forecast
2022-02-01,NYC,13:00,2022-02-01 13:00:00,30.6,35.5,-4.9,open_meteo_historical_forecast
2022-02-01,NYC,15:00,2022-02-01 15:00:00,30.6,35.5,-4.9,open_meteo_historical_forecast
2022-02-02,NYC,09:00,2022-02-02 09:00:00,39.0,45.3,-6.3,open_meteo_historical_forecast
2022-02-02,NYC,11:00,2022-02-02 11:00:00,39.0,45.3,-6.3,open_meteo_historical_forecast
2022-02-02,NYC,13:00,2022-02-02 13:00:00,39.0,45.3,-6.3,open_meteo_historical_forecast
2022-02-02,NYC,15:00,2022-02-02 15:00:00,39.0,45.3,-6.3,open_meteo_historical_forecast
2022-02-03,NYC,09:00,2022-02-03 09:00:00,48.7,46.6,2.1,open_meteo_historical_forecast
2022-02-03,NYC,11:00,2022-02-03 11:00:00,48.7,46.6,2.1,open_meteo_historical_forecast
2022-02-03,NYC,13:00,2022-02-03 13:00:00,48.7,46.6,2.1,open_meteo_historical_forecast
2022-02-03,NYC,15:00,2022-02-03 15:00:00,48.7,46.6,2.1,open_meteo_historical_forecast
2022-02-04,NYC,09:00,2022-02-04 09:00:00,54.8,54.8,0.0,open_meteo_historical_forecast
2022-02-04,NYC,11:00,2022-02-04 11:00:00,54.8,54.8,0.0,open_meteo_historical_forecast
2022-02-04,NYC,13:00,2022-02-04 13:00:00,54.8,54.8,0.0,open_meteo_historical_forecast
2022-02-04,NYC,15:00,2022-02-04 15:00:00,54.8,54.8,0.0,open_meteo_historical_forecast
2022-02-05,NYC,09:00,2022-02-05 09:00:00,28.8,27.4,1.4,open_meteo_historical_forecast
2022-02-05,NYC,11:00,2022-02-05 11:00:00,28.8,27.4,1.4,open_meteo_historical_forecast
2022-02-05,NYC,13:00,2022-02-05 13:00:00,28.8,27.4,1.4,open_meteo_historical_forecast
2022-02-05,NYC,15:00,2022-02-05 15:00:00,28.8,27.4,1.4,open_meteo_historical_forecast
2022-02-06,NYC,09:00,2022-02-06 09:00:00,29.8,30.7,-0.9,open_meteo_historical_forecast
2022-02-06,NYC,11:00,2022-02-06 11:00:00,29.8,30.7,-0.9,open_meteo_historical_forecast
2022-02-06,NYC,13:00,2022-02-06 13:00:00,29.8,30.7,-0.9,open_meteo_historical_forecast
2022-02-06,NYC,15:00,2022-02-06 15:00:00,29.8,30.7,-0.9,open_meteo_historical_forecast
2022-02-07,NYC,09:00,2022-02-07 09:00:00,37.3,37.2,0.1,open_meteo_historical_forecast
2022-02-07,NYC,11:00,2022-02-07 11:00:00,37.3,37.2,0.1,open_meteo_historical_forecast
2022-02-07,NYC,13:00,2022-02-07 13:00:00,37.3,37.2,0.1,open_meteo_historical_forecast
2022-02-07,NYC,15:00,2022-02-07 15:00:00,37.3,37.2,0.1,open_meteo_historical_forecast
2022-02-08,NYC,09:00,2022-02-08 09:00:00,46.5,45.2,1.3,open_meteo_historical_forecast
2022-02-08,NYC,11:00,2022-02-08 11:00:00,46.5,45.2,1.3,open_meteo_historical_forecast
2022-02-08,NYC,13:00,2022-02-08 13:00:00,46.5,45.2,1.3,open_meteo_historical_forecast
2022-02-08,NYC,15:00,2022-02-08 15:00:00,46.5,45.2,1.3,open_meteo_historical_forecast
2022-02-09,NYC,09:00,2022-02-09 09:00:00,41.6,45.1,-3.5,open_meteo_historical_forecast
2022-02-09,NYC,11:00,2022-02-09 11:00:00,41.6,45.1,-3.5,open_meteo_historical_forecast
2022-02-09,NYC,13:00,2022-02-09 13:00:00,41.6,45.1,-3.5,open_meteo_historical_forecast
2022-02-09,NYC,15:00,2022-02-09 15:00:00,41.6,45.1,-3.5,open_meteo_historical_forecast
2022-02-10,NYC,09:00,2022-02-10 09:00:00,51.7,54.1,-2.4,open_meteo_historical_forecast
2022-02-10,NYC,11:00,2022-02-10 11:00:00,51.7,54.1,-2.4,open_meteo_historical_forecast
2022-02-10,NYC,13:00,2022-02-10 13:00:00,51.7,54.1,-2.4,open_meteo_historical_forecast
2022-02-10,NYC,15:00,2022-02-10 15:00:00,51.7,54.1,-2.4,open_meteo_historical_forecast
2022-02-11,NYC,09:00,2022-02-11 09:00:00,53.5,57.0,-3.5,open_meteo_historical_forecast
2022-02-11,NYC,11:00,2022-02-11 11:00:00,53.5,57.0,-3.5,open_meteo_historical_forecast
2022-02-11,NYC,13:00,2022-02-11 13:00:00,53.5,57.0,-3.5,open_meteo_historical_forecast
2022-02-11,NYC,15:00,2022-02-11 15:00:00,53.5,57.0,-3.5,open_meteo_historical_forecast
2022-02-12,NYC,09:00,2022-02-12 09:00:00,55.8,59.9,-4.1,open_meteo_historical_forecast
2022-02-12,NYC,11:00,2022-02-12 11:00:00,55.8,59.9,-4.1,open_meteo_historical_forecast
2022-02-12,NYC,13:00,2022-02-12 13:00:00,55.8,59.9,-4.1,open_meteo_historical_forecast
2022-02-12,NYC,15:00,2022-02-12 15:00:00,55.8,59.9,-4.1,open_meteo_historical_forecast
2022-02-13,NYC,09:00,2022-02-13 09:00:00,41.1,44.1,-3.0,open_meteo_historical_forecast
2022-02-13,NYC,11:00,2022-02-13 11:00:00,41.1,44.1,-3.0,open_meteo_historical_forecast
2022-02-13,NYC,13:00,2022-02-13 13:00:00,41.1,44.1,-3.0,open_meteo_historical_forecast
2022-02-13,NYC,15:00,2022-02-13 15:00:00,41.1,44.1,-3.0,open_meteo_historical_forecast
2022-02-14,NYC,09:00,2022-02-14 09:00:00,26.1,25.7,0.4,open_meteo_historical_forecast
2022-02-14,NYC,11:00,2022-02-14 11:00:00,26.1,25.7,0.4,open_meteo_historical_forecast
2022-02-14,NYC,13:00,2022-02-14 13:00:00,26.1,25.7,0.4,open_meteo_historical_forecast
2022-02-14,NYC,15:00,2022-02-14 15:00:00,26.1,25.7,0.4,open_meteo_historical_forecast
2022-02-15,NYC,09:00,2022-02-15 09:00:00,31.8,30.8,1.0,open_meteo_historical_forecast
2022-02-15,NYC,11:00,2022-02-15 11:00:00,31.8,30.8,1.0,open_meteo_historical_forecast
2022-02-15,NYC,13:00,2022-02-15 13:00:00,31.8,30.8,1.0,open_meteo_historical_forecast
2022-02-15,NYC,15:00,2022-02-15 15:00:00,31.8,30.8,1.0,open_meteo_historical_forecast
2022-02-16,NYC,09:00,2022-02-16 09:00:00,43.4,43.4,0.0,open_meteo_historical_forecast
2022-02-16,NYC,11:00,2022-02-16 11:00:00,43.4,43.4,0.0,open_meteo_historical_forecast
2022-02-16,NYC,13:00,2022-02-16 13:00:00,43.4,43.4,0.0,open_meteo_historical_forecast
2022-02-16,NYC,15:00,2022-02-16 15:00:00,43.4,43.4,0.0,open_meteo_historical_forecast
2022-02-17,NYC,09:00,2022-02-17 09:00:00,62.2,66.1,-3.9,open_meteo_historical_forecast
2022-02-17,NYC,11:00,2022-02-17 11:00:00,62.2,66.1,-3.9,open_meteo_historical_forecast
2022-02-17,NYC,13:00,2022-02-17 13:00:00,62.2,66.1,-3.9,open_meteo_historical_forecast
2022-02-17,NYC,15:00,2022-02-17 15:00:00,62.2,66.1,-3.9,open_meteo_historical_forecast
2022-02-18,NYC,09:00,2022-02-18 09:00:00,60.3,61.8,-1.5,open_meteo_historical_forecast
2022-02-18,NYC,11:00,2022-02-18 11:00:00,60.3,61.8,-1.5,open_meteo_historical_forecast
2022-02-18,NYC,13:00,2022-02-18 13:00:00,60.3,61.8,-1.5,open_meteo_historical_forecast
2022-02-18,NYC,15:00,2022-02-18 15:00:00,60.3,61.8,-1.5,open_meteo_historical_forecast
2022-02-19,NYC,09:00,2022-02-19 09:00:00,38.1,40.7,-2.6,open_meteo_historical_forecast
2022-02-19,NYC,11:00,2022-02-19 11:00:00,38.1,40.7,-2.6,open_meteo_historical_forecast
2022-02-19,NYC,13:00,2022-02-19 13:00:00,38.1,40.7,-2.6,open_meteo_historical_forecast
2022-02-19,NYC,15:00,2022-02-19 15:00:00,38.1,40.7,-2.6,open_meteo_historical_forecast
2022-02-20,NYC,09:00,2022-02-20 09:00:00,36.6,36.2,0.4,open_meteo_historical_forecast
2022-02-20,NYC,11:00,2022-02-20 11:00:00,36.6,36.2,0.4,open_meteo_historical_forecast
2022-02-20,NYC,13:00,2022-02-20 13:00:00,36.6,36.2,0.4,open_meteo_historical_forecast
2022-02-20,NYC,15:00,2022-02-20 15:00:00,36.6,36.2,0.4,open_meteo_historical_forecast
2022-02-21,NYC,09:00,2022-02-21 09:00:00,50.0,54.7,-4.7,open_meteo_historical_forecast
2022-02-21,NYC,11:00,2022-02-21 11:00:00,50.0,54.7,-4.7,open_meteo_historical_forecast
2022-02-21,NYC,13:00,2022-02-21 13:00:00,50.0,54.7,-4.7,open_meteo_historical_forecast
2022-02-21,NYC,15:00,2022-02-21 15:00:00,50.0,54.7,-4.7,open_meteo_historical_forecast
2022-02-22,NYC,09:00,2022-02-22 09:00:00,56.7,56.6,0.1,open_meteo_historical_forecast
2022-02-22,NYC,11:00,2022-02-22 11:00:00,56.7,56.6,0.1,open_meteo_historical_forecast
2022-02-22,NYC,13:00,2022-02-22 13:00:00,56.7,56.6,0.1,open_meteo_historical_forecast
2022-02-22,NYC,15:00,2022-02-22 15:00:00,56.7,56.6,0.1,open_meteo_historical_forecast
2022-02-23,NYC,09:00,2022-02-23 09:00:00,65.9,68.8,-2.9,open_meteo_historical_forecast
2022-02-23,NYC,11:00,2022-02-23 11:00:00,65.9,68.8,-2.9,open_meteo_historical_forecast
2022-02-23,NYC,13:00,2022-02-23 13:00:00,65.9,68.8,-2.9,open_meteo_historical_forecast
2022-02-23,NYC,15:00,2022-02-23 15:00:00,65.9,68.8,-2.9,open_meteo_historical_forecast
2022-02-24,NYC,09:00,2022-02-24 09:00:00,36.0,36.2,-0.2,open_meteo_historical_forecast
2022-02-24,NYC,11:00,2022-02-24 11:00:00,36.0,36.2,-0.2,open_meteo_historical_forecast
2022-02-24,NYC,13:00,2022-02-24 13:00:00,36.0,36.2,-0.2,open_meteo_historical_forecast
2022-02-24,NYC,15:00,2022-02-24 15:00:00,36.0,36.2,-0.2,open_meteo_historical_forecast
2022-02-25,NYC,09:00,2022-02-25 09:00:00,43.4,39.6,3.8,open_meteo_historical_forecast
2022-02-25,NYC,11:00,2022-02-25 11:00:00,43.4,39.6,3.8,open_meteo_historical_forecast
2022-02-25,NYC,13:00,2022-02-25 13:00:00,43.4,39.6,3.8,open_meteo_historical_forecast
2022-02-25,NYC,15:00,2022-02-25 15:00:00,43.4,39.6,3.8,open_meteo_historical_forecast
2022-02-26,NYC,09:00,2022-02-26 09:00:00,37.3,36.1,1.2,open_meteo_historical_forecast
2022-02-26,NYC,11:00,2022-02-26 11:00:00,37.3,36.1,1.2,open_meteo_historical_forecast
2022-02-26,NYC,13:00,2022-02-26 13:00:00,37.3,36.1,1.2,open_meteo_historical_forecast
2022-02-26,NYC,15:00,2022-02-26 15:00:00,37.3,36.1,1.2,open_meteo_historical_forecast
2022-02-27,NYC,09:00,2022-02-27 09:00:00,46.6,48.0,-1.4,open_meteo_historical_forecast
2022-02-27,NYC,11:00,2022-02-27 11:00:00,46.6,48.0,-1.4,open_meteo_historical_forecast
2022-02-27,NYC,13:00,2022-02-27 13:00:00,46.6,48.0,-1.4,open_meteo_historical_forecast
2022-02-27,NYC,15:00,2022-02-27 15:00:00,46.6,48.0,-1.4,open_meteo_historical_forecast
2022-02-28,NYC,09:00,2022-02-28 09:00:00,34.9,36.0,-1.1,open_meteo_historical_forecast
2022-02-28,NYC,11:00,2022-02-28 11:00:00,34.9,36.0,-1.1,open_meteo_historical_forecast
2022-02-28,NYC,13:00,2022-02-28 13:00:00,34.9,36.0,-1.1,open_meteo_historical_forecast
2022-02-28,NYC,15:00,2022-02-28 15:00:00,34.9,36.0,-1.1,open_meteo_historical_forecast
2022-03-01,NYC,09:00,2022-03-01 09:00:00,42.7,45.6,-2.9,open_meteo_historical_forecast
2022-03-01,NYC,11:00,2022-03-01 11:00:00,42.7,45.6,-2.9,open_meteo_historical_forecast
2022-03-01,NYC,13:00,2022-03-01 13:00:00,42.7,45.6,-2.9,open_meteo_historical_forecast
2022-03-01,NYC,15:00,2022-03-01 15:00:00,42.7,45.6,-2.9,open_meteo_historical_forecast
2022-03-02,NYC,09:00,2022-03-02 09:00:00,50.8,52.0,-1.2,open_meteo_historical_forecast
2022-03-02,NYC,11:00,2022-03-02 11:00:00,50.8,52.0,-1.2,open_meteo_historical_forecast
2022-03-02,NYC,13:00,2022-03-02 13:00:00,50.8,52.0,-1.2,open_meteo_historical_forecast
2022-03-02,NYC,15:00,2022-03-02 15:00:00,50.8,52.0,-1.2,open_meteo_historical_forecast
2022-03-03,NYC,09:00,2022-03-03 09:00:00,41.6,43.4,-1.8,open_meteo_historical_forecast
2022-03-03,NYC,11:00,2022-03-03 11:00:00,41.6,43.4,-1.8,open_meteo_historical_forecast
2022-03-03,NYC,13:00,2022-03-03 13:00:00,41.6,43.4,-1.8,open_meteo_historical_forecast
2022-03-03,NYC,15:00,2022-03-03 15:00:00,41.6,43.4,-1.8,open_meteo_historical_forecast
2022-03-04,NYC,09:00,2022-03-04 09:00:00,37.9,37.3,0.6,open_meteo_historical_forecast
2022-03-04,NYC,11:00,2022-03-04 11:00:00,37.9,37.3,0.6,open_meteo_historical_forecast
2022-03-04,NYC,13:00,2022-03-04 13:00:00,37.9,37.3,0.6,open_meteo_historical_forecast
2022-03-04,NYC,15:00,2022-03-04 15:00:00,37.9,37.3,0.6,open_meteo_historical_forecast
2022-03-05,NYC,09:00,2022-03-05 09:00:00,42.6,45.2,-2.6,open_meteo_historical_forecast
2022-03-05,NYC,11:00,2022-03-05 11:00:00,42.6,45.2,-2.6,open_meteo_historical_forecast
2022-03-05,NYC,13:00,2022-03-05 13:00:00,42.6,45.2,-2.6,open_meteo_historical_forecast
2022-03-05,NYC,15:00,2022-03-05 15:00:00,42.6,45.2,-2.6,open_meteo_historical_forecast
2022-03-06,NYC,09:00,2022-03-06 09:00:00,67.4,66.8,0.6,open_meteo_historical_forecast
2022-03-06,NYC,11:00,2022-03-06 11:00:00,67.4,66.8,0.6,open_meteo_historical_forecast
2022-03-06,NYC,13:00,2022-03-06 13:00:00,67.4,66.8,0.6,open_meteo_historical_forecast
2022-03-06,NYC,15:00,2022-03-06 15:00:00,67.4,66.8,0.6,open_meteo_historical_forecast
2022-03-07,NYC,09:00,2022-03-07 09:00:00,73.1,74.1,-1.0,open_meteo_historical_forecast
2022-03-07,NYC,11:00,2022-03-07 11:00:00,73.1,74.1,-1.0,open_meteo_historical_forecast
2022-03-07,NYC,13:00,2022-03-07 13:00:00,73.1,74.1,-1.0,open_meteo_historical_forecast
2022-03-07,NYC,15:00,2022-03-07 15:00:00,73.1,74.1,-1.0,open_meteo_historical_forecast
2022-03-08,NYC,09:00,2022-03-08 09:00:00,55.9,59.1,-3.2,open_meteo_historical_forecast
2022-03-08,NYC,11:00,2022-03-08 11:00:00,55.9,59.1,-3.2,open_meteo_historical_forecast
2022-03-08,NYC,13:00,2022-03-08 13:00:00,55.9,59.1,-3.2,open_meteo_historical_forecast
2022-03-08,NYC,15:00,2022-03-08 15:00:00,55.9,59.1,-3.2,open_meteo_historical_forecast
2022-03-09,NYC,09:00,2022-03-09 09:00:00,38.0,38.7,-0.7,open_meteo_historical_forecast
2022-03-09,NYC,11:00,2022-03-09 11:00:00,38.0,38.7,-0.7,open_meteo_historical_forecast
2022-03-09,NYC,13:00,2022-03-09 13:00:00,38.0,38.7,-0.7,open_meteo_historical_forecast
2022-03-09,NYC,15:00,2022-03-09 15:00:00,38.0,38.7,-0.7,open_meteo_historical_forecast
2022-03-10,NYC,09:00,2022-03-10 09:00:00,48.5,49.5,-1.0,open_meteo_historical_forecast
2022-03-10,NYC,11:00,2022-03-10 11:00:00,48.5,49.5,-1.0,open_meteo_historical_forecast
2022-03-10,NYC,13:00,2022-03-10 13:00:00,48.5,49.5,-1.0,open_meteo_historical_forecast
2022-03-10,NYC,15:00,2022-03-10 15:00:00,48.5,49.5,-1.0,open_meteo_historical_forecast
2022-03-11,NYC,09:00,2022-03-11 09:00:00,51.4,54.6,-3.2,open_meteo_historical_forecast
2022-03-11,NYC,11:00,2022-03-11 11:00:00,51.4,54.6,-3.2,open_meteo_historical_forecast
2022-03-11,NYC,13:00,2022-03-11 13:00:00,51.4,54.6,-3.2,open_meteo_historical_forecast
2022-03-11,NYC,15:00,2022-03-11 15:00:00,51.4,54.6,-3.2,open_meteo_historical_forecast
2022-03-12,NYC,09:00,2022-03-12 09:00:00,44.0,47.5,-3.5,open_meteo_historical_forecast
2022-03-12,NYC,11:00,2022-03-12 11:00:00,44.0,47.5,-3.5,open_meteo_historical_forecast
2022-03-12,NYC,13:00,2022-03-12 13:00:00,44.0,47.5,-3.5,open_meteo_historical_forecast
2022-03-12,NYC,15:00,2022-03-12 15:00:00,44.0,47.5,-3.5,open_meteo_historical_forecast
2022-03-13,NYC,09:00,2022-03-13 09:00:00,37.2,34.9,2.3,open_meteo_historical_forecast
2022-03-13,NYC,11:00,2022-03-13 11:00:00,37.2,34.9,2.3,open_meteo_historical_forecast
2022-03-13,NYC,13:00,2022-03-13 13:00:00,37.2,34.9,2.3,open_meteo_historical_forecast
2022-03-13,NYC,15:00,2022-03-13 15:00:00,37.2,34.9,2.3,open_meteo_historical_forecast
2022-03-14,NYC,09:00,2022-03-14 09:00:00,55.8,56.5,-0.7,open_meteo_historical_forecast
2022-03-14,NYC,11:00,2022-03-14 11:00:00,55.8,56.5,-0.7,open_meteo_historical_forecast
2022-03-14,NYC,13:00,2022-03-14 13:00:00,55.8,56.5,-0.7,open_meteo_historical_forecast
2022-03-14,NYC,15:00,2022-03-14 15:00:00,55.8,56.5,-0.7,open_meteo_historical_forecast
2022-03-15,NYC,09:00,2022-03-15 09:00:00,60.6,66.9,-6.3,open_meteo_historical_forecast
2022-03-15,NYC,11:00,2022-03-15 11:00:00,60.6,66.9,-6.3,open_meteo_historical_forecast
2022-03-15,NYC,13:00,2022-03-15 13:00:00,60.6,66.9,-6.3,open_meteo_historical_forecast
2022-03-15,NYC,15:00,2022-03-15 15:00:00,60.6,66.9,-6.3,open_meteo_historical_forecast
2022-03-16,NYC,09:00,2022-03-16 09:00:00,61.2,64.7,-3.5,open_meteo_historical_forecast
2022-03-16,NYC,11:00,2022-03-16 11:00:00,61.2,64.7,-3.5,open_meteo_historical_forecast
2022-03-16,NYC,13:00,2022-03-16 13:00:00,61.2,64.7,-3.5,open_meteo_historical_forecast
2022-03-16,NYC,15:00,2022-03-16 15:00:00,61.2,64.7,-3.5,open_meteo_historical_forecast
2022-03-17,NYC,09:00,2022-03-17 09:00:00,54.4,53.1,1.3,open_meteo_historical_forecast
2022-03-17,NYC,11:00,2022-03-17 11:00:00,54.4,53.1,1.3,open_meteo_historical_forecast
2022-03-17,NYC,13:00,2022-03-17 13:00:00,54.4,53.1,1.3,open_meteo_historical_forecast
2022-03-17,NYC,15:00,2022-03-17 15:00:00,54.4,53.1,1.3,open_meteo_historical_forecast
2022-03-18,NYC,09:00,2022-03-18 09:00:00,69.7,71.7,-2.0,open_meteo_historical_forecast
2022-03-18,NYC,11:00,2022-03-18 11:00:00,69.7,71.7,-2.0,open_meteo_historical_forecast
2022-03-18,NYC,13:00,2022-03-18 13:00:00,69.7,71.7,-2.0,open_meteo_historical_forecast
2022-03-18,NYC,15:00,2022-03-18 15:00:00,69.7,71.7,-2.0,open_meteo_historical_forecast
2022-03-19,NYC,09:00,2022-03-19 09:00:00,65.2,67.5,-2.3,open_meteo_historical_forecast
2022-03-19,NYC,11:00,2022-03-19 11:00:00,65.2,67.5,-2.3,open_meteo_historical_forecast
2022-03-19,NYC,13:00,2022-03-19 13:00:00,65.2,67.5,-2.3,open_meteo_historical_forecast
2022-03-19,NYC,15:00,2022-03-19 15:00:00,65.2,67.5,-2.3,open_meteo_historical_forecast
2022-03-20,NYC,09:00,2022-03-20 09:00:00,58.8,59.9,-1.1,open_meteo_historical_forecast
2022-03-20,NYC,11:00,2022-03-20 11:00:00,58.8,59.9,-1.1,open_meteo_historical_forecast
2022-03-20,NYC,13:00,2022-03-20 13:00:00,58.8,59.9,-1.1,open_meteo_historical_forecast
2022-03-20,NYC,15:00,2022-03-20 15:00:00,58.8,59.9,-1.1,open_meteo_historical_forecast
2022-03-21,NYC,09:00,2022-03-21 09:00:00,60.3,63.0,-2.7,open_meteo_historical_forecast
2022-03-21,NYC,11:00,2022-03-21 11:00:00,60.3,63.0,-2.7,open_meteo_historical_forecast
2022-03-21,NYC,13:00,2022-03-21 13:00:00,60.3,63.0,-2.7,open_meteo_historical_forecast
2022-03-21,NYC,15:00,2022-03-21 15:00:00,60.3,63.0,-2.7,open_meteo_historical_forecast
2022-03-22,NYC,09:00,2022-03-22 09:00:00,55.3,58.2,-2.9,open_meteo_historical_forecast
2022-03-22,NYC,11:00,2022-03-22 11:00:00,55.3,58.2,-2.9,open_meteo_historical_forecast
2022-03-22,NYC,13:00,2022-03-22 13:00:00,55.3,58.2,-2.9,open_meteo_historical_forecast
2022-03-22,NYC,15:00,2022-03-22 15:00:00,55.3,58.2,-2.9,open_meteo_historical_forecast
2022-03-23,NYC,09:00,2022-03-23 09:00:00,47.3,47.5,-0.2,open_meteo_historical_forecast
2022-03-23,NYC,11:00,2022-03-23 11:00:00,47.3,47.5,-0.2,open_meteo_historical_forecast
2022-03-23,NYC,13:00,2022-03-23 13:00:00,47.3,47.5,-0.2,open_meteo_historical_forecast
2022-03-23,NYC,15:00,2022-03-23 15:00:00,47.3,47.5,-0.2,open_meteo_historical_forecast
2022-03-24,NYC,09:00,2022-03-24 09:00:00,50.0,45.3,4.7,open_meteo_historical_forecast
2022-03-24,NYC,11:00,2022-03-24 11:00:00,50.0,45.3,4.7,open_meteo_historical_forecast
2022-03-24,NYC,13:00,2022-03-24 13:00:00,50.0,45.3,4.7,open_meteo_historical_forecast
2022-03-24,NYC,15:00,2022-03-24 15:00:00,50.0,45.3,4.7,open_meteo_historical_forecast
2022-03-25,NYC,09:00,2022-03-25 09:00:00,60.3,59.9,0.4,open_meteo_historical_forecast
2022-03-25,NYC,11:00,2022-03-25 11:00:00,60.3,59.9,0.4,open_meteo_historical_forecast
2022-03-25,NYC,13:00,2022-03-25 13:00:00,60.3,59.9,0.4,open_meteo_historical_forecast
2022-03-25,NYC,15:00,2022-03-25 15:00:00,60.3,59.9,0.4,open_meteo_historical_forecast
2022-03-26,NYC,09:00,2022-03-26 09:00:00,50.5,52.6,-2.1,open_meteo_historical_forecast
2022-03-26,NYC,11:00,2022-03-26 11:00:00,50.5,52.6,-2.1,open_meteo_historical_forecast
2022-03-26,NYC,13:00,2022-03-26 13:00:00,50.5,52.6,-2.1,open_meteo_historical_forecast
2022-03-26,NYC,15:00,2022-03-26 15:00:00,50.5,52.6,-2.1,open_meteo_historical_forecast
2022-03-27,NYC,09:00,2022-03-27 09:00:00,45.8,46.1,-0.3,open_meteo_historical_forecast
2022-03-27,NYC,11:00,2022-03-27 11:00:00,45.8,46.1,-0.3,open_meteo_historical_forecast
2022-03-27,NYC,13:00,2022-03-27 13:00:00,45.8,46.1,-0.3,open_meteo_historical_forecast
2022-03-27,NYC,15:00,2022-03-27 15:00:00,45.8,46.1,-0.3,open_meteo_historical_forecast
2022-03-28,NYC,09:00,2022-03-28 09:00:00,32.3,32.0,0.3,open_meteo_historical_forecast
2022-03-28,NYC,11:00,2022-03-28 11:00:00,32.3,32.0,0.3,open_meteo_historical_forecast
2022-03-28,NYC,13:00,2022-03-28 13:00:00,32.3,32.0,0.3,open_meteo_historical_forecast
2022-03-28,NYC,15:00,2022-03-28 15:00:00,32.3,32.0,0.3,open_meteo_historical_forecast
2022-03-29,NYC,09:00,2022-03-29 09:00:00,38.1,36.9,1.2,open_meteo_historical_forecast
2022-03-29,NYC,11:00,2022-03-29 11:00:00,38.1,36.9,1.2,open_meteo_historical_forecast
2022-03-29,NYC,13:00,2022-03-29 13:00:00,38.1,36.9,1.2,open_meteo_historical_forecast
2022-03-29,NYC,15:00,2022-03-29 15:00:00,38.1,36.9,1.2,open_meteo_historical_forecast
2022-03-30,NYC,09:00,2022-03-30 09:00:00,42.9,45.8,-2.9,open_meteo_historical_forecast
2022-03-30,NYC,11:00,2022-03-30 11:00:00,42.9,45.8,-2.9,open_meteo_historical_forecast
2022-03-30,NYC,13:00,2022-03-30 13:00:00,42.9,45.8,-2.9,open_meteo_historical_forecast
2022-03-30,NYC,15:00,2022-03-30 15:00:00,42.9,45.8,-2.9,open_meteo_historical_forecast
2022-03-31,NYC,09:00,2022-03-31 09:00:00,66.4,68.0,-1.6,open_meteo_historical_forecast
2022-03-31,NYC,11:00,2022-03-31 11:00:00,66.4,68.0,-1.6,open_meteo_historical_forecast
2022-03-31,NYC,13:00,2022-03-31 13:00:00,66.4,68.0,-1.6,open_meteo_historical_forecast
2022-03-31,NYC,15:00,2022-03-31 15:00:00,66.4,68.0,-1.6,open_meteo_historical_forecast
2022-04-01,NYC,09:00,2022-04-01 09:00:00,59.6,61.9,-2.3,open_meteo_historical_forecast
2022-04-01,NYC,11:00,2022-04-01 11:00:00,59.6,61.9,-2.3,open_meteo_historical_forecast
2022-04-01,NYC,13:00,2022-04-01 13:00:00,59.6,61.9,-2.3,open_meteo_historical_forecast
2022-04-01,NYC,15:00,2022-04-01 15:00:00,59.6,61.9,-2.3,open_meteo_historical_forecast
2022-04-02,NYC,09:00,2022-04-02 09:00:00,52.2,54.6,-2.4,open_meteo_historical_forecast
2022-04-02,NYC,11:00,2022-04-02 11:00:00,52.2,54.6,-2.4,open_meteo_historical_forecast
2022-04-02,NYC,13:00,2022-04-02 13:00:00,52.2,54.6,-2.4,open_meteo_historical_forecast
2022-04-02,NYC,15:00,2022-04-02 15:00:00,52.2,54.6,-2.4,open_meteo_historical_forecast
2022-04-03,NYC,09:00,2022-04-03 09:00:00,47.2,45.3,1.9,open_meteo_historical_forecast
2022-04-03,NYC,11:00,2022-04-03 11:00:00,47.2,45.3,1.9,open_meteo_historical_forecast
2022-04-03,NYC,13:00,2022-04-03 13:00:00,47.2,45.3,1.9,open_meteo_historical_forecast
2022-04-03,NYC,15:00,2022-04-03 15:00:00,47.2,45.3,1.9,open_meteo_historical_forecast
2022-04-04,NYC,09:00,2022-04-04 09:00:00,54.2,54.9,-0.7,open_meteo_historical_forecast
2022-04-04,NYC,11:00,2022-04-04 11:00:00,54.2,54.9,-0.7,open_meteo_historical_forecast
2022-04-04,NYC,13:00,2022-04-04 13:00:00,54.2,54.9,-0.7,open_meteo_historical_forecast
2022-04-04,NYC,15:00,2022-04-04 15:00:00,54.2,54.9,-0.7,open_meteo_historical_forecast
2022-04-05,NYC,09:00,2022-04-05 09:00:00,54.0,55.5,-1.5,open_meteo_historical_forecast
2022-04-05,NYC,11:00,2022-04-05 11:00:00,54.0,55.5,-1.5,open_meteo_historical_forecast
2022-04-05,NYC,13:00,2022-04-05 13:00:00,54.0,55.5,-1.5,open_meteo_historical_forecast
2022-04-05,NYC,15:00,2022-04-05 15:00:00,54.0,55.5,-1.5,open_meteo_historical_forecast
2022-04-06,NYC,09:00,2022-04-06 09:00:00,54.8,52.4,2.4,open_meteo_historical_forecast
2022-04-06,NYC,11:00,2022-04-06 11:00:00,54.8,52.4,2.4,open_meteo_historical_forecast
2022-04-06,NYC,13:00,2022-04-06 13:00:00,54.8,52.4,2.4,open_meteo_historical_forecast
2022-04-06,NYC,15:00,2022-04-06 15:00:00,54.8,52.4,2.4,open_meteo_historical_forecast
2022-04-07,NYC,09:00,2022-04-07 09:00:00,53.0,53.0,0.0,open_meteo_historical_forecast
2022-04-07,NYC,11:00,2022-04-07 11:00:00,53.0,53.0,0.0,open_meteo_historical_forecast
2022-04-07,NYC,13:00,2022-04-07 13:00:00,53.0,53.0,0.0,open_meteo_historical_forecast
2022-04-07,NYC,15:00,2022-04-07 15:00:00,53.0,53.0,0.0,open_meteo_historical_forecast
2022-04-08,NYC,09:00,2022-04-08 09:00:00,62.0,65.4,-3.4,open_meteo_historical_forecast
2022-04-08,NYC,11:00,2022-04-08 11:00:00,62.0,65.4,-3.4,open_meteo_historical_forecast
2022-04-08,NYC,13:00,2022-04-08 13:00:00,62.0,65.4,-3.4,open_meteo_historical_forecast
2022-04-08,NYC,15:00,2022-04-08 15:00:00,62.0,65.4,-3.4,open_meteo_historical_forecast
2022-04-09,NYC,09:00,2022-04-09 09:00:00,56.8,55.3,1.5,open_meteo_historical_forecast
2022-04-09,NYC,11:00,2022-04-09 11:00:00,56.8,55.3,1.5,open_meteo_historical_forecast
2022-04-09,NYC,13:00,2022-04-09 13:00:00,56.8,55.3,1.5,open_meteo_historical_forecast
2022-04-09,NYC,15:00,2022-04-09 15:00:00,56.8,55.3,1.5,open_meteo_historical_forecast
2022-04-10,NYC,09:00,2022-04-10 09:00:00,49.9,49.4,0.5,open_meteo_historical_forecast
2022-04-10,NYC,11:00,2022-04-10 11:00:00,49.9,49.4,0.5,open_meteo_historical_forecast
2022-04-10,NYC,13:00,2022-04-10 13:00:00,49.9,49.4,0.5,open_meteo_historical_forecast
2022-04-10,NYC,15:00,2022-04-10 15:00:00,49.9,49.4,0.5,open_meteo_historical_forecast
2022-04-11,NYC,09:00,2022-04-11 09:00:00,55.8,60.2,-4.4,open_meteo_historical_forecast
2022-04-11,NYC,11:00,2022-04-11 11:00:00,55.8,60.2,-4.4,open_meteo_historical_forecast
2022-04-11,NYC,13:00,2022-04-11 13:00:00,55.8,60.2,-4.4,open_meteo_historical_forecast
2022-04-11,NYC,15:00,2022-04-11 15:00:00,55.8,60.2,-4.4,open_meteo_historical_forecast
2022-04-12,NYC,09:00,2022-04-12 09:00:00,68.9,72.4,-3.5,open_meteo_historical_forecast
2022-04-12,NYC,11:00,2022-04-12 11:00:00,68.9,72.4,-3.5,open_meteo_historical_forecast
2022-04-12,NYC,13:00,2022-04-12 13:00:00,68.9,72.4,-3.5,open_meteo_historical_forecast
2022-04-12,NYC,15:00,2022-04-12 15:00:00,68.9,72.4,-3.5,open_meteo_historical_forecast
2022-04-13,NYC,09:00,2022-04-13 09:00:00,66.2,69.2,-3.0,open_meteo_historical_forecast
2022-04-13,NYC,11:00,2022-04-13 11:00:00,66.2,69.2,-3.0,open_meteo_historical_forecast
2022-04-13,NYC,13:00,2022-04-13 13:00:00,66.2,69.2,-3.0,open_meteo_historical_forecast
2022-04-13,NYC,15:00,2022-04-13 15:00:00,66.2,69.2,-3.0,open_meteo_historical_forecast
2022-04-14,NYC,09:00,2022-04-14 09:00:00,82.8,80.2,2.6,open_meteo_historical_forecast
2022-04-14,NYC,11:00,2022-04-14 11:00:00,82.8,80.2,2.6,open_meteo_historical_forecast
2022-04-14,NYC,13:00,2022-04-14 13:00:00,82.8,80.2,2.6,open_meteo_historical_forecast
2022-04-14,NYC,15:00,2022-04-14 15:00:00,82.8,80.2,2.6,open_meteo_historical_forecast
2022-04-15,NYC,09:00,2022-04-15 09:00:00,66.7,69.7,-3.0,open_meteo_historical_forecast
2022-04-15,NYC,11:00,2022-04-15 11:00:00,66.7,69.7,-3.0,open_meteo_historical_forecast
2022-04-15,NYC,13:00,2022-04-15 13:00:00,66.7,69.7,-3.0,open_meteo_historical_forecast
2022-04-15,NYC,15:00,2022-04-15 15:00:00,66.7,69.7,-3.0,open_meteo_historical_forecast
2022-04-16,NYC,09:00,2022-04-16 09:00:00,67.0,70.4,-3.4,open_meteo_historical_forecast
2022-04-16,NYC,11:00,2022-04-16 11:00:00,67.0,70.4,-3.4,open_meteo_historical_forecast
2022-04-16,NYC,13:00,2022-04-16 13:00:00,67.0,70.4,-3.4,open_meteo_historical_forecast
2022-04-16,NYC,15:00,2022-04-16 15:00:00,67.0,70.4,-3.4,open_meteo_historical_forecast
2022-04-17,NYC,09:00,2022-04-17 09:00:00,50.3,50.6,-0.3,open_meteo_historical_forecast
2022-04-17,NYC,11:00,2022-04-17 11:00:00,50.3,50.6,-0.3,open_meteo_historical_forecast
2022-04-17,NYC,13:00,2022-04-17 13:00:00,50.3,50.6,-0.3,open_meteo_historical_forecast
2022-04-17,NYC,15:00,2022-04-17 15:00:00,50.3,50.6,-0.3,open_meteo_historical_forecast
2022-04-18,NYC,09:00,2022-04-18 09:00:00,51.3,53.8,-2.5,open_meteo_historical_forecast
2022-04-18,NYC,11:00,2022-04-18 11:00:00,51.3,53.8,-2.5,open_meteo_historical_forecast
2022-04-18,NYC,13:00,2022-04-18 13:00:00,51.3,53.8,-2.5,open_meteo_historical_forecast
2022-04-18,NYC,15:00,2022-04-18 15:00:00,51.3,53.8,-2.5,open_meteo_historical_forecast
2022-04-19,NYC,09:00,2022-04-19 09:00:00,52.0,48.9,3.1,open_meteo_historical_forecast
2022-04-19,NYC,11:00,2022-04-19 11:00:00,52.0,48.9,3.1,open_meteo_historical_forecast
2022-04-19,NYC,13:00,2022-04-19 13:00:00,52.0,48.9,3.1,open_meteo_historical_forecast
2022-04-19,NYC,15:00,2022-04-19 15:00:00,52.0,48.9,3.1,open_meteo_historical_forecast
2022-04-20,NYC,09:00,2022-04-20 09:00:00,57.2,60.0,-2.8,open_meteo_historical_forecast
2022-04-20,NYC,11:00,2022-04-20 11:00:00,57.2,60.0,-2.8,open_meteo_historical_forecast
2022-04-20,NYC,13:00,2022-04-20 13:00:00,57.2,60.0,-2.8,open_meteo_historical_forecast
2022-04-20,NYC,15:00,2022-04-20 15:00:00,57.2,60.0,-2.8,open_meteo_historical_forecast
2022-04-21,NYC,09:00,2022-04-21 09:00:00,55.6,59.8,-4.2,open_meteo_historical_forecast
2022-04-21,NYC,11:00,2022-04-21 11:00:00,55.6,59.8,-4.2,open_meteo_historical_forecast
2022-04-21,NYC,13:00,2022-04-21 13:00:00,55.6,59.8,-4.2,open_meteo_historical_forecast
2022-04-21,NYC,15:00,2022-04-21 15:00:00,55.6,59.8,-4.2,open_meteo_historical_forecast
2022-04-22,NYC,09:00,2022-04-22 09:00:00,64.8,70.1,-5.3,open_meteo_historical_forecast
2022-04-22,NYC,11:00,2022-04-22 11:00:00,64.8,70.1,-5.3,open_meteo_historical_forecast
2022-04-22,NYC,13:00,2022-04-22 13:00:00,64.8,70.1,-5.3,open_meteo_historical_forecast
2022-04-22,NYC,15:00,2022-04-22 15:00:00,64.8,70.1,-5.3,open_meteo_historical_forecast
2022-04-23,NYC,09:00,2022-04-23 09:00:00,58.6,63.8,-5.2,open_meteo_historical_forecast
2022-04-23,NYC,11:00,2022-04-23 11:00:00,58.6,63.8,-5.2,open_meteo_historical_forecast
2022-04-23,NYC,13:00,2022-04-23 13:00:00,58.6,63.8,-5.2,open_meteo_historical_forecast
2022-04-23,NYC,15:00,2022-04-23 15:00:00,58.6,63.8,-5.2,open_meteo_historical_forecast
2022-04-24,NYC,09:00,2022-04-24 09:00:00,60.7,61.8,-1.1,open_meteo_historical_forecast
2022-04-24,NYC,11:00,2022-04-24 11:00:00,60.7,61.8,-1.1,open_meteo_historical_forecast
2022-04-24,NYC,13:00,2022-04-24 13:00:00,60.7,61.8,-1.1,open_meteo_historical_forecast
2022-04-24,NYC,15:00,2022-04-24 15:00:00,60.7,61.8,-1.1,open_meteo_historical_forecast
2022-04-25,NYC,09:00,2022-04-25 09:00:00,59.5,56.5,3.0,open_meteo_historical_forecast
2022-04-25,NYC,11:00,2022-04-25 11:00:00,59.5,56.5,3.0,open_meteo_historical_forecast
2022-04-25,NYC,13:00,2022-04-25 13:00:00,59.5,56.5,3.0,open_meteo_historical_forecast
2022-04-25,NYC,15:00,2022-04-25 15:00:00,59.5,56.5,3.0,open_meteo_historical_forecast
2022-04-26,NYC,09:00,2022-04-26 09:00:00,60.3,56.5,3.8,open_meteo_historical_forecast
2022-04-26,NYC,11:00,2022-04-26 11:00:00,60.3,56.5,3.8,open_meteo_historical_forecast
2022-04-26,NYC,13:00,2022-04-26 13:00:00,60.3,56.5,3.8,open_meteo_historical_forecast
2022-04-26,NYC,15:00,2022-04-26 15:00:00,60.3,56.5,3.8,open_meteo_historical_forecast
2022-04-27,NYC,09:00,2022-04-27 09:00:00,56.2,56.1,0.1,open_meteo_historical_forecast
2022-04-27,NYC,11:00,2022-04-27 11:00:00,56.2,56.1,0.1,open_meteo_historical_forecast
2022-04-27,NYC,13:00,2022-04-27 13:00:00,56.2,56.1,0.1,open_meteo_historical_forecast
2022-04-27,NYC,15:00,2022-04-27 15:00:00,56.2,56.1,0.1,open_meteo_historical_forecast
2022-04-28,NYC,09:00,2022-04-28 09:00:00,54.3,57.4,-3.1,open_meteo_historical_forecast
2022-04-28,NYC,11:00,2022-04-28 11:00:00,54.3,57.4,-3.1,open_meteo_historical_forecast
2022-04-28,NYC,13:00,2022-04-28 13:00:00,54.3,57.4,-3.1,open_meteo_historical_forecast
2022-04-28,NYC,15:00,2022-04-28 15:00:00,54.3,57.4,-3.1,open_meteo_historical_forecast
2022-04-29,NYC,09:00,2022-04-29 09:00:00,59.6,63.2,-3.6,open_meteo_historical_forecast
2022-04-29,NYC,11:00,2022-04-29 11:00:00,59.6,63.2,-3.6,open_meteo_historical_forecast
2022-04-29,NYC,13:00,2022-04-29 13:00:00,59.6,63.2,-3.6,open_meteo_historical_forecast
2022-04-29,NYC,15:00,2022-04-29 15:00:00,59.6,63.2,-3.6,open_meteo_historical_forecast
2022-04-30,NYC,09:00,2022-04-30 09:00:00,64.0,67.8,-3.8,open_meteo_historical_forecast
2022-04-30,NYC,11:00,2022-04-30 11:00:00,64.0,67.8,-3.8,open_meteo_historical_forecast
2022-04-30,NYC,13:00,2022-04-30 13:00:00,64.0,67.8,-3.8,open_meteo_historical_forecast
2022-04-30,NYC,15:00,2022-04-30 15:00:00,64.0,67.8,-3.8,open_meteo_historical_forecast
2022-05-01,NYC,09:00,2022-05-01 09:00:00,65.9,68.4,-2.5,open_meteo_historical_forecast
2022-05-01,NYC,11:00,2022-05-01 11:00:00,65.9,68.4,-2.5,open_meteo_historical_forecast
2022-05-01,NYC,13:00,2022-05-01 13:00:00,65.9,68.4,-2.5,open_meteo_historical_forecast
2022-05-01,NYC,15:00,2022-05-01 15:00:00,65.9,68.4,-2.5,open_meteo_historical_forecast
2022-05-02,NYC,09:00,2022-05-02 09:00:00,57.7,55.1,2.6,open_meteo_historical_forecast
2022-05-02,NYC,11:00,2022-05-02 11:00:00,57.7,55.1,2.6,open_meteo_historical_forecast
2022-05-02,NYC,13:00,2022-05-02 13:00:00,57.7,55.1,2.6,open_meteo_historical_forecast
2022-05-02,NYC,15:00,2022-05-02 15:00:00,57.7,55.1,2.6,open_meteo_historical_forecast
2022-05-03,NYC,09:00,2022-05-03 09:00:00,65.2,61.5,3.7,open_meteo_historical_forecast
2022-05-03,NYC,11:00,2022-05-03 11:00:00,65.2,61.5,3.7,open_meteo_historical_forecast
2022-05-03,NYC,13:00,2022-05-03 13:00:00,65.2,61.5,3.7,open_meteo_historical_forecast
2022-05-03,NYC,15:00,2022-05-03 15:00:00,65.2,61.5,3.7,open_meteo_historical_forecast
2022-05-04,NYC,09:00,2022-05-04 09:00:00,68.4,64.9,3.5,open_meteo_historical_forecast
2022-05-04,NYC,11:00,2022-05-04 11:00:00,68.4,64.9,3.5,open_meteo_historical_forecast
2022-05-04,NYC,13:00,2022-05-04 13:00:00,68.4,64.9,3.5,open_meteo_historical_forecast
2022-05-04,NYC,15:00,2022-05-04 15:00:00,68.4,64.9,3.5,open_meteo_historical_forecast
2022-05-05,NYC,09:00,2022-05-05 09:00:00,70.8,74.3,-3.5,open_meteo_historical_forecast
2022-05-05,NYC,11:00,2022-05-05 11:00:00,70.8,74.3,-3.5,open_meteo_historical_forecast
2022-05-05,NYC,13:00,2022-05-05 13:00:00,70.8,74.3,-3.5,open_meteo_historical_forecast
2022-05-05,NYC,15:00,2022-05-05 15:00:00,70.8,74.3,-3.5,open_meteo_historical_forecast
2022-05-06,NYC,09:00,2022-05-06 09:00:00,57.3,61.9,-4.6,open_meteo_historical_forecast
2022-05-06,NYC,11:00,2022-05-06 11:00:00,57.3,61.9,-4.6,open_meteo_historical_forecast
2022-05-06,NYC,13:00,2022-05-06 13:00:00,57.3,61.9,-4.6,open_meteo_historical_forecast
2022-05-06,NYC,15:00,2022-05-06 15:00:00,57.3,61.9,-4.6,open_meteo_historical_forecast
2022-05-07,NYC,09:00,2022-05-07 09:00:00,51.0,50.4,0.6,open_meteo_historical_forecast
2022-05-07,NYC,11:00,2022-05-07 11:00:00,51.0,50.4,0.6,open_meteo_historical_forecast
2022-05-07,NYC,13:00,2022-05-07 13:00:00,51.0,50.4,0.6,open_meteo_historical_forecast
2022-05-07,NYC,15:00,2022-05-07 15:00:00,51.0,50.4,0.6,open_meteo_historical_forecast
2022-05-08,NYC,09:00,2022-05-08 09:00:00,55.8,58.2,-2.4,open_meteo_historical_forecast
2022-05-08,NYC,11:00,2022-05-08 11:00:00,55.8,58.2,-2.4,open_meteo_historical_forecast
2022-05-08,NYC,13:00,2022-05-08 13:00:00,55.8,58.2,-2.4,open_meteo_historical_forecast
2022-05-08,NYC,15:00,2022-05-08 15:00:00,55.8,58.2,-2.4,open_meteo_historical_forecast
2022-05-09,NYC,09:00,2022-05-09 09:00:00,66.1,70.2,-4.1,open_meteo_historical_forecast
2022-05-09,NYC,11:00,2022-05-09 11:00:00,66.1,70.2,-4.1,open_meteo_historical_forecast
2022-05-09,NYC,13:00,2022-05-09 13:00:00,66.1,70.2,-4.1,open_meteo_historical_forecast
2022-05-09,NYC,15:00,2022-05-09 15:00:00,66.1,70.2,-4.1,open_meteo_historical_forecast
2022-05-10,NYC,09:00,2022-05-10 09:00:00,68.3,72.7,-4.4,open_meteo_historical_forecast
2022-05-10,NYC,11:00,2022-05-10 11:00:00,68.3,72.7,-4.4,open_meteo_historical_forecast
2022-05-10,NYC,13:00,2022-05-10 13:00:00,68.3,72.7,-4.4,open_meteo_historical_forecast
2022-05-10,NYC,15:00,2022-05-10 15:00:00,68.3,72.7,-4.4,open_meteo_historical_forecast
2022-05-11,NYC,09:00,2022-05-11 09:00:00,69.6,73.8,-4.2,open_meteo_historical_forecast
2022-05-11,NYC,11:00,2022-05-11 11:00:00,69.6,73.8,-4.2,open_meteo_historical_forecast
2022-05-11,NYC,13:00,2022-05-11 13:00:00,69.6,73.8,-4.2,open_meteo_historical_forecast
2022-05-11,NYC,15:00,2022-05-11 15:00:00,69.6,73.8,-4.2,open_meteo_historical_forecast
2022-05-12,NYC,09:00,2022-05-12 09:00:00,70.6,73.3,-2.7,open_meteo_historical_forecast
2022-05-12,NYC,11:00,2022-05-12 11:00:00,70.6,73.3,-2.7,open_meteo_historical_forecast
2022-05-12,NYC,13:00,2022-05-12 13:00:00,70.6,73.3,-2.7,open_meteo_historical_forecast
2022-05-12,NYC,15:00,2022-05-12 15:00:00,70.6,73.3,-2.7,open_meteo_historical_forecast
2022-05-13,NYC,09:00,2022-05-13 09:00:00,70.8,70.8,0.0,open_meteo_historical_forecast
2022-05-13,NYC,11:00,2022-05-13 11:00:00,70.8,70.8,0.0,open_meteo_historical_forecast
2022-05-13,NYC,13:00,2022-05-13 13:00:00,70.8,70.8,0.0,open_meteo_historical_forecast
2022-05-13,NYC,15:00,2022-05-13 15:00:00,70.8,70.8,0.0,open_meteo_historical_forecast
2022-05-14,NYC,09:00,2022-05-14 09:00:00,70.8,73.4,-2.6,open_meteo_historical_forecast
2022-05-14,NYC,11:00,2022-05-14 11:00:00,70.8,73.4,-2.6,open_meteo_historical_forecast
2022-05-14,NYC,13:00,2022-05-14 13:00:00,70.8,73.4,-2.6,open_meteo_historical_forecast
2022-05-14,NYC,15:00,2022-05-14 15:00:00,70.8,73.4,-2.6,open_meteo_historical_forecast
2022-05-15,NYC,09:00,2022-05-15 09:00:00,76.6,76.9,-0.3,open_meteo_historical_forecast
2022-05-15,NYC,11:00,2022-05-15 11:00:00,76.6,76.9,-0.3,open_meteo_historical_forecast
2022-05-15,NYC,13:00,2022-05-15 13:00:00,76.6,76.9,-0.3,open_meteo_historical_forecast
2022-05-15,NYC,15:00,2022-05-15 15:00:00,76.6,76.9,-0.3,open_meteo_historical_forecast
2022-05-16,NYC,09:00,2022-05-16 09:00:00,74.6,76.0,-1.4,open_meteo_historical_forecast
2022-05-16,NYC,11:00,2022-05-16 11:00:00,74.6,76.0,-1.4,open_meteo_historical_forecast
2022-05-16,NYC,13:00,2022-05-16 13:00:00,74.6,76.0,-1.4,open_meteo_historical_forecast
2022-05-16,NYC,15:00,2022-05-16 15:00:00,74.6,76.0,-1.4,open_meteo_historical_forecast
2022-05-17,NYC,09:00,2022-05-17 09:00:00,73.7,77.4,-3.7,open_meteo_historical_forecast
2022-05-17,NYC,11:00,2022-05-17 11:00:00,73.7,77.4,-3.7,open_meteo_historical_forecast
2022-05-17,NYC,13:00,2022-05-17 13:00:00,73.7,77.4,-3.7,open_meteo_historical_forecast
2022-05-17,NYC,15:00,2022-05-17 15:00:00,73.7,77.4,-3.7,open_meteo_historical_forecast
2022-05-18,NYC,09:00,2022-05-18 09:00:00,70.4,74.0,-3.6,open_meteo_historical_forecast
2022-05-18,NYC,11:00,2022-05-18 11:00:00,70.4,74.0,-3.6,open_meteo_historical_forecast
2022-05-18,NYC,13:00,2022-05-18 13:00:00,70.4,74.0,-3.6,open_meteo_historical_forecast
2022-05-18,NYC,15:00,2022-05-18 15:00:00,70.4,74.0,-3.6,open_meteo_historical_forecast
2022-05-19,NYC,09:00,2022-05-19 09:00:00,71.7,66.1,5.6,open_meteo_historical_forecast
2022-05-19,NYC,11:00,2022-05-19 11:00:00,71.7,66.1,5.6,open_meteo_historical_forecast
2022-05-19,NYC,13:00,2022-05-19 13:00:00,71.7,66.1,5.6,open_meteo_historical_forecast
2022-05-19,NYC,15:00,2022-05-19 15:00:00,71.7,66.1,5.6,open_meteo_historical_forecast
2022-05-20,NYC,09:00,2022-05-20 09:00:00,72.1,68.9,3.2,open_meteo_historical_forecast
2022-05-20,NYC,11:00,2022-05-20 11:00:00,72.1,68.9,3.2,open_meteo_historical_forecast
2022-05-20,NYC,13:00,2022-05-20 13:00:00,72.1,68.9,3.2,open_meteo_historical_forecast
2022-05-20,NYC,15:00,2022-05-20 15:00:00,72.1,68.9,3.2,open_meteo_historical_forecast
2022-05-21,NYC,09:00,2022-05-21 09:00:00,89.0,92.2,-3.2,open_meteo_historical_forecast
2022-05-21,NYC,11:00,2022-05-21 11:00:00,89.0,92.2,-3.2,open_meteo_historical_forecast
2022-05-21,NYC,13:00,2022-05-21 13:00:00,89.0,92.2,-3.2,open_meteo_historical_forecast
2022-05-21,NYC,15:00,2022-05-21 15:00:00,89.0,92.2,-3.2,open_meteo_historical_forecast
2022-05-22,NYC,09:00,2022-05-22 09:00:00,86.9,91.9,-5.0,open_meteo_historical_forecast
2022-05-22,NYC,11:00,2022-05-22 11:00:00,86.9,91.9,-5.0,open_meteo_historical_forecast
2022-05-22,NYC,13:00,2022-05-22 13:00:00,86.9,91.9,-5.0,open_meteo_historical_forecast
2022-05-22,NYC,15:00,2022-05-22 15:00:00,86.9,91.9,-5.0,open_meteo_historical_forecast
2022-05-23,NYC,09:00,2022-05-23 09:00:00,72.4,74.1,-1.7,open_meteo_historical_forecast
2022-05-23,NYC,11:00,2022-05-23 11:00:00,72.4,74.1,-1.7,open_meteo_historical_forecast
2022-05-23,NYC,13:00,2022-05-23 13:00:00,72.4,74.1,-1.7,open_meteo_historical_forecast
2022-05-23,NYC,15:00,2022-05-23 15:00:00,72.4,74.1,-1.7,open_meteo_historical_forecast
2022-05-24,NYC,09:00,2022-05-24 09:00:00,67.4,67.5,-0.1,open_meteo_historical_forecast
2022-05-24,NYC,11:00,2022-05-24 11:00:00,67.4,67.5,-0.1,open_meteo_historical_forecast
2022-05-24,NYC,13:00,2022-05-24 13:00:00,67.4,67.5,-0.1,open_meteo_historical_forecast
2022-05-24,NYC,15:00,2022-05-24 15:00:00,67.4,67.5,-0.1,open_meteo_historical_forecast
2022-05-25,NYC,09:00,2022-05-25 09:00:00,67.6,71.2,-3.6,open_meteo_historical_forecast
2022-05-25,NYC,11:00,2022-05-25 11:00:00,67.6,71.2,-3.6,open_meteo_historical_forecast
2022-05-25,NYC,13:00,2022-05-25 13:00:00,67.6,71.2,-3.6,open_meteo_historical_forecast
2022-05-25,NYC,15:00,2022-05-25 15:00:00,67.6,71.2,-3.6,open_meteo_historical_forecast
2022-05-26,NYC,09:00,2022-05-26 09:00:00,68.0,69.7,-1.7,open_meteo_historical_forecast
2022-05-26,NYC,11:00,2022-05-26 11:00:00,68.0,69.7,-1.7,open_meteo_historical_forecast
2022-05-26,NYC,13:00,2022-05-26 13:00:00,68.0,69.7,-1.7,open_meteo_historical_forecast
2022-05-26,NYC,15:00,2022-05-26 15:00:00,68.0,69.7,-1.7,open_meteo_historical_forecast
2022-05-27,NYC,09:00,2022-05-27 09:00:00,74.8,79.6,-4.8,open_meteo_historical_forecast
2022-05-27,NYC,11:00,2022-05-27 11:00:00,74.8,79.6,-4.8,open_meteo_historical_forecast
2022-05-27,NYC,13:00,2022-05-27 13:00:00,74.8,79.6,-4.8,open_meteo_historical_forecast
2022-05-27,NYC,15:00,2022-05-27 15:00:00,74.8,79.6,-4.8,open_meteo_historical_forecast
2022-05-28,NYC,09:00,2022-05-28 09:00:00,73.8,74.1,-0.3,open_meteo_historical_forecast
2022-05-28,NYC,11:00,2022-05-28 11:00:00,73.8,74.1,-0.3,open_meteo_historical_forecast
2022-05-28,NYC,13:00,2022-05-28 13:00:00,73.8,74.1,-0.3,open_meteo_historical_forecast
2022-05-28,NYC,15:00,2022-05-28 15:00:00,73.8,74.1,-0.3,open_meteo_historical_forecast
2022-05-29,NYC,09:00,2022-05-29 09:00:00,76.7,78.8,-2.1,open_meteo_historical_forecast
2022-05-29,NYC,11:00,2022-05-29 11:00:00,76.7,78.8,-2.1,open_meteo_historical_forecast
2022-05-29,NYC,13:00,2022-05-29 13:00:00,76.7,78.8,-2.1,open_meteo_historical_forecast
2022-05-29,NYC,15:00,2022-05-29 15:00:00,76.7,78.8,-2.1,open_meteo_historical_forecast
2022-05-30,NYC,09:00,2022-05-30 09:00:00,85.0,87.0,-2.0,open_meteo_historical_forecast
2022-05-30,NYC,11:00,2022-05-30 11:00:00,85.0,87.0,-2.0,open_meteo_historical_forecast
2022-05-30,NYC,13:00,2022-05-30 13:00:00,85.0,87.0,-2.0,open_meteo_historical_forecast
2022-05-30,NYC,15:00,2022-05-30 15:00:00,85.0,87.0,-2.0,open_meteo_historical_forecast
2022-05-31,NYC,09:00,2022-05-31 09:00:00,91.8,94.8,-3.0,open_meteo_historical_forecast
2022-05-31,NYC,11:00,2022-05-31 11:00:00,91.8,94.8,-3.0,open_meteo_historical_forecast
2022-05-31,NYC,13:00,2022-05-31 13:00:00,91.8,94.8,-3.0,open_meteo_historical_forecast
2022-05-31,NYC,15:00,2022-05-31 15:00:00,91.8,94.8,-3.0,open_meteo_historical_forecast
2022-06-01,NYC,09:00,2022-06-01 09:00:00,72.9,68.4,4.5,open_meteo_historical_forecast
2022-06-01,NYC,11:00,2022-06-01 11:00:00,72.9,68.4,4.5,open_meteo_historical_forecast
2022-06-01,NYC,13:00,2022-06-01 13:00:00,72.9,68.4,4.5,open_meteo_historical_forecast
2022-06-01,NYC,15:00,2022-06-01 15:00:00,72.9,68.4,4.5,open_meteo_historical_forecast
2022-06-02,NYC,09:00,2022-06-02 09:00:00,80.2,78.2,2.0,open_meteo_historical_forecast
2022-06-02,NYC,11:00,2022-06-02 11:00:00,80.2,78.2,2.0,open_meteo_historical_forecast
2022-06-02,NYC,13:00,2022-06-02 13:00:00,80.2,78.2,2.0,open_meteo_historical_forecast
2022-06-02,NYC,15:00,2022-06-02 15:00:00,80.2,78.2,2.0,open_meteo_historical_forecast
2022-06-03,NYC,09:00,2022-06-03 09:00:00,77.7,75.9,1.8,open_meteo_historical_forecast
2022-06-03,NYC,11:00,2022-06-03 11:00:00,77.7,75.9,1.8,open_meteo_historical_forecast
2022-06-03,NYC,13:00,2022-06-03 13:00:00,77.7,75.9,1.8,open_meteo_historical_forecast
2022-06-03,NYC,15:00,2022-06-03 15:00:00,77.7,75.9,1.8,open_meteo_historical_forecast
2022-06-04,NYC,09:00,2022-06-04 09:00:00,80.8,81.0,-0.2,open_meteo_historical_forecast
2022-06-04,NYC,11:00,2022-06-04 11:00:00,80.8,81.0,-0.2,open_meteo_historical_forecast
2022-06-04,NYC,13:00,2022-06-04 13:00:00,80.8,81.0,-0.2,open_meteo_historical_forecast
2022-06-04,NYC,15:00,2022-06-04 15:00:00,80.8,81.0,-0.2,open_meteo_historical_forecast
2022-06-05,NYC,09:00,2022-06-05 09:00:00,76.5,77.9,-1.4,open_meteo_historical_forecast
2022-06-05,NYC,11:00,2022-06-05 11:00:00,76.5,77.9,-1.4,open_meteo_historical_forecast
2022-06-05,NYC,13:00,2022-06-05 13:00:00,76.5,77.9,-1.4,open_meteo_historical_forecast
2022-06-05,NYC,15:00,2022-06-05 15:00:00,76.5,77.9,-1.4,open_meteo_historical_forecast
2022-06-06,NYC,09:00,2022-06-06 09:00:00,79.6,81.8,-2.2,open_meteo_historical_forecast
2022-06-06,NYC,11:00,2022-06-06 11:00:00,79.6,81.8,-2.2,open_meteo_historical_forecast
2022-06-06,NYC,13:00,2022-06-06 13:00:00,79.6,81.8,-2.2,open_meteo_historical_forecast
2022-06-06,NYC,15:00,2022-06-06 15:00:00,79.6,81.8,-2.2,open_meteo_historical_forecast
2022-06-07,NYC,09:00,2022-06-07 09:00:00,76.3,78.1,-1.8,open_meteo_historical_forecast
2022-06-07,NYC,11:00,2022-06-07 11:00:00,76.3,78.1,-1.8,open_meteo_historical_forecast
2022-06-07,NYC,13:00,2022-06-07 13:00:00,76.3,78.1,-1.8,open_meteo_historical_forecast
2022-06-07,NYC,15:00,2022-06-07 15:00:00,76.3,78.1,-1.8,open_meteo_historical_forecast
2022-06-08,NYC,09:00,2022-06-08 09:00:00,84.0,84.3,-0.3,open_meteo_historical_forecast
2022-06-08,NYC,11:00,2022-06-08 11:00:00,84.0,84.3,-0.3,open_meteo_historical_forecast
2022-06-08,NYC,13:00,2022-06-08 13:00:00,84.0,84.3,-0.3,open_meteo_historical_forecast
2022-06-08,NYC,15:00,2022-06-08 15:00:00,84.0,84.3,-0.3,open_meteo_historical_forecast
2022-06-09,NYC,09:00,2022-06-09 09:00:00,82.6,84.9,-2.3,open_meteo_historical_forecast
2022-06-09,NYC,11:00,2022-06-09 11:00:00,82.6,84.9,-2.3,open_meteo_historical_forecast
2022-06-09,NYC,13:00,2022-06-09 13:00:00,82.6,84.9,-2.3,open_meteo_historical_forecast
2022-06-09,NYC,15:00,2022-06-09 15:00:00,82.6,84.9,-2.3,open_meteo_historical_forecast
2022-06-10,NYC,09:00,2022-06-10 09:00:00,79.2,80.1,-0.9,open_meteo_historical_forecast
2022-06-10,NYC,11:00,2022-06-10 11:00:00,79.2,80.1,-0.9,open_meteo_historical_forecast
2022-06-10,NYC,13:00,2022-06-10 13:00:00,79.2,80.1,-0.9,open_meteo_historical_forecast
2022-06-10,NYC,15:00,2022-06-10 15:00:00,79.2,80.1,-0.9,open_meteo_historical_forecast
2022-06-11,NYC,09:00,2022-06-11 09:00:00,75.4,76.9,-1.5,open_meteo_historical_forecast
2022-06-11,NYC,11:00,2022-06-11 11:00:00,75.4,76.9,-1.5,open_meteo_historical_forecast
2022-06-11,NYC,13:00,2022-06-11 13:00:00,75.4,76.9,-1.5,open_meteo_historical_forecast
2022-06-11,NYC,15:00,2022-06-11 15:00:00,75.4,76.9,-1.5,open_meteo_historical_forecast
2022-06-12,NYC,09:00,2022-06-12 09:00:00,73.0,71.8,1.2,open_meteo_historical_forecast
2022-06-12,NYC,11:00,2022-06-12 11:00:00,73.0,71.8,1.2,open_meteo_historical_forecast
2022-06-12,NYC,13:00,2022-06-12 13:00:00,73.0,71.8,1.2,open_meteo_historical_forecast
2022-06-12,NYC,15:00,2022-06-12 15:00:00,73.0,71.8,1.2,open_meteo_historical_forecast
2022-06-13,NYC,09:00,2022-06-13 09:00:00,82.1,84.5,-2.4,open_meteo_historical_forecast
2022-06-13,NYC,11:00,2022-06-13 11:00:00,82.1,84.5,-2.4,open_meteo_historical_forecast
2022-06-13,NYC,13:00,2022-06-13 13:00:00,82.1,84.5,-2.4,open_meteo_historical_forecast
2022-06-13,NYC,15:00,2022-06-13 15:00:00,82.1,84.5,-2.4,open_meteo_historical_forecast
2022-06-14,NYC,09:00,2022-06-14 09:00:00,84.4,83.3,1.1,open_meteo_historical_forecast
2022-06-14,NYC,11:00,2022-06-14 11:00:00,84.4,83.3,1.1,open_meteo_historical_forecast
2022-06-14,NYC,13:00,2022-06-14 13:00:00,84.4,83.3,1.1,open_meteo_historical_forecast
2022-06-14,NYC,15:00,2022-06-14 15:00:00,84.4,83.3,1.1,open_meteo_historical_forecast
2022-06-15,NYC,09:00,2022-06-15 09:00:00,82.0,82.0,0.0,open_meteo_historical_forecast
2022-06-15,NYC,11:00,2022-06-15 11:00:00,82.0,82.0,0.0,open_meteo_historical_forecast
2022-06-15,NYC,13:00,2022-06-15 13:00:00,82.0,82.0,0.0,open_meteo_historical_forecast
2022-06-15,NYC,15:00,2022-06-15 15:00:00,82.0,82.0,0.0,open_meteo_historical_forecast
2022-06-16,NYC,09:00,2022-06-16 09:00:00,73.8,69.3,4.5,open_meteo_historical_forecast
2022-06-16,NYC,11:00,2022-06-16 11:00:00,73.8,69.3,4.5,open_meteo_historical_forecast
2022-06-16,NYC,13:00,2022-06-16 13:00:00,73.8,69.3,4.5,open_meteo_historical_forecast
2022-06-16,NYC,15:00,2022-06-16 15:00:00,73.8,69.3,4.5,open_meteo_historical_forecast
2022-06-17,NYC,09:00,2022-06-17 09:00:00,89.5,91.2,-1.7,open_meteo_historical_forecast
2022-06-17,NYC,11:00,2022-06-17 11:00:00,89.5,91.2,-1.7,open_meteo_historical_forecast
2022-06-17,NYC,13:00,2022-06-17 13:00:00,89.5,91.2,-1.7,open_meteo_historical_forecast
2022-06-17,NYC,15:00,2022-06-17 15:00:00,89.5,91.2,-1.7,open_meteo_historical_forecast
2022-06-18,NYC,09:00,2022-06-18 09:00:00,71.1,76.0,-4.9,open_meteo_historical_forecast
2022-06-18,NYC,11:00,2022-06-18 11:00:00,71.1,76.0,-4.9,open_meteo_historical_forecast
2022-06-18,NYC,13:00,2022-06-18 13:00:00,71.1,76.0,-4.9,open_meteo_historical_forecast
2022-06-18,NYC,15:00,2022-06-18 15:00:00,71.1,76.0,-4.9,open_meteo_historical_forecast
2022-06-19,NYC,09:00,2022-06-19 09:00:00,72.5,73.7,-1.2,open_meteo_historical_forecast
2022-06-19,NYC,11:00,2022-06-19 11:00:00,72.5,73.7,-1.2,open_meteo_historical_forecast
2022-06-19,NYC,13:00,2022-06-19 13:00:00,72.5,73.7,-1.2,open_meteo_historical_forecast
2022-06-19,NYC,15:00,2022-06-19 15:00:00,72.5,73.7,-1.2,open_meteo_historical_forecast
2022-06-20,NYC,09:00,2022-06-20 09:00:00,79.9,80.1,-0.2,open_meteo_historical_forecast
2022-06-20,NYC,11:00,2022-06-20 11:00:00,79.9,80.1,-0.2,open_meteo_historical_forecast
2022-06-20,NYC,13:00,2022-06-20 13:00:00,79.9,80.1,-0.2,open_meteo_historical_forecast
2022-06-20,NYC,15:00,2022-06-20 15:00:00,79.9,80.1,-0.2,open_meteo_historical_forecast
2022-06-21,NYC,09:00,2022-06-21 09:00:00,79.1,79.4,-0.3,open_meteo_historical_forecast
2022-06-21,NYC,11:00,2022-06-21 11:00:00,79.1,79.4,-0.3,open_meteo_historical_forecast
2022-06-21,NYC,13:00,2022-06-21 13:00:00,79.1,79.4,-0.3,open_meteo_historical_forecast
2022-06-21,NYC,15:00,2022-06-21 15:00:00,79.1,79.4,-0.3,open_meteo_historical_forecast
2022-06-22,NYC,09:00,2022-06-22 09:00:00,69.3,66.6,2.7,open_meteo_historical_forecast
2022-06-22,NYC,11:00,2022-06-22 11:00:00,69.3,66.6,2.7,open_meteo_historical_forecast
2022-06-22,NYC,13:00,2022-06-22 13:00:00,69.3,66.6,2.7,open_meteo_historical_forecast
2022-06-22,NYC,15:00,2022-06-22 15:00:00,69.3,66.6,2.7,open_meteo_historical_forecast
2022-06-23,NYC,09:00,2022-06-23 09:00:00,72.9,73.1,-0.2,open_meteo_historical_forecast
2022-06-23,NYC,11:00,2022-06-23 11:00:00,72.9,73.1,-0.2,open_meteo_historical_forecast
2022-06-23,NYC,13:00,2022-06-23 13:00:00,72.9,73.1,-0.2,open_meteo_historical_forecast
2022-06-23,NYC,15:00,2022-06-23 15:00:00,72.9,73.1,-0.2,open_meteo_historical_forecast
2022-06-24,NYC,09:00,2022-06-24 09:00:00,80.3,81.4,-1.1,open_meteo_historical_forecast
2022-06-24,NYC,11:00,2022-06-24 11:00:00,80.3,81.4,-1.1,open_meteo_historical_forecast
2022-06-24,NYC,13:00,2022-06-24 13:00:00,80.3,81.4,-1.1,open_meteo_historical_forecast
2022-06-24,NYC,15:00,2022-06-24 15:00:00,80.3,81.4,-1.1,open_meteo_historical_forecast
2022-06-25,NYC,09:00,2022-06-25 09:00:00,90.8,91.0,-0.2,open_meteo_historical_forecast
2022-06-25,NYC,11:00,2022-06-25 11:00:00,90.8,91.0,-0.2,open_meteo_historical_forecast
2022-06-25,NYC,13:00,2022-06-25 13:00:00,90.8,91.0,-0.2,open_meteo_historical_forecast
2022-06-25,NYC,15:00,2022-06-25 15:00:00,90.8,91.0,-0.2,open_meteo_historical_forecast
2022-06-26,NYC,09:00,2022-06-26 09:00:00,87.7,89.4,-1.7,open_meteo_historical_forecast
2022-06-26,NYC,11:00,2022-06-26 11:00:00,87.7,89.4,-1.7,open_meteo_historical_forecast
2022-06-26,NYC,13:00,2022-06-26 13:00:00,87.7,89.4,-1.7,open_meteo_historical_forecast
2022-06-26,NYC,15:00,2022-06-26 15:00:00,87.7,89.4,-1.7,open_meteo_historical_forecast
2022-06-27,NYC,09:00,2022-06-27 09:00:00,79.4,78.2,1.2,open_meteo_historical_forecast
2022-06-27,NYC,11:00,2022-06-27 11:00:00,79.4,78.2,1.2,open_meteo_historical_forecast
2022-06-27,NYC,13:00,2022-06-27 13:00:00,79.4,78.2,1.2,open_meteo_historical_forecast
2022-06-27,NYC,15:00,2022-06-27 15:00:00,79.4,78.2,1.2,open_meteo_historical_forecast
2022-06-28,NYC,09:00,2022-06-28 09:00:00,81.7,79.0,2.7,open_meteo_historical_forecast
2022-06-28,NYC,11:00,2022-06-28 11:00:00,81.7,79.0,2.7,open_meteo_historical_forecast
2022-06-28,NYC,13:00,2022-06-28 13:00:00,81.7,79.0,2.7,open_meteo_historical_forecast
2022-06-28,NYC,15:00,2022-06-28 15:00:00,81.7,79.0,2.7,open_meteo_historical_forecast
2022-06-29,NYC,09:00,2022-06-29 09:00:00,84.4,85.3,-0.9,open_meteo_historical_forecast
2022-06-29,NYC,11:00,2022-06-29 11:00:00,84.4,85.3,-0.9,open_meteo_historical_forecast
2022-06-29,NYC,13:00,2022-06-29 13:00:00,84.4,85.3,-0.9,open_meteo_historical_forecast
2022-06-29,NYC,15:00,2022-06-29 15:00:00,84.4,85.3,-0.9,open_meteo_historical_forecast
2022-06-30,NYC,09:00,2022-06-30 09:00:00,88.4,87.5,0.9,open_meteo_historical_forecast
2022-06-30,NYC,11:00,2022-06-30 11:00:00,88.4,87.5,0.9,open_meteo_historical_forecast
2022-06-30,NYC,13:00,2022-06-30 13:00:00,88.4,87.5,0.9,open_meteo_historical_forecast
2022-06-30,NYC,15:00,2022-06-30 15:00:00,88.4,87.5,0.9,open_meteo_historical_forecast
2022-07-01,NYC,09:00,2022-07-01 09:00:00,92.9,93.1,-0.2,open_meteo_historical_forecast
2022-07-01,NYC,11:00,2022-07-01 11:00:00,92.9,93.1,-0.2,open_meteo_historical_forecast
2022-07-01,NYC,13:00,2022-07-01 13:00:00,92.9,93.1,-0.2,open_meteo_historical_forecast
2022-07-01,NYC,15:00,2022-07-01 15:00:00,92.9,93.1,-0.2,open_meteo_historical_forecast
2022-07-02,NYC,09:00,2022-07-02 09:00:00,87.7,89.0,-1.3,open_meteo_historical_forecast
2022-07-02,NYC,11:00,2022-07-02 11:00:00,87.7,89.0,-1.3,open_meteo_historical_forecast
2022-07-02,NYC,13:00,2022-07-02 13:00:00,87.7,89.0,-1.3,open_meteo_historical_forecast
2022-07-02,NYC,15:00,2022-07-02 15:00:00,87.7,89.0,-1.3,open_meteo_historical_forecast
2022-07-03,NYC,09:00,2022-07-03 09:00:00,88.4,90.7,-2.3,open_meteo_historical_forecast
2022-07-03,NYC,11:00,2022-07-03 11:00:00,88.4,90.7,-2.3,open_meteo_historical_forecast
2022-07-03,NYC,13:00,2022-07-03 13:00:00,88.4,90.7,-2.3,open_meteo_historical_forecast
2022-07-03,NYC,15:00,2022-07-03 15:00:00,88.4,90.7,-2.3,open_meteo_historical_forecast
2022-07-04,NYC,09:00,2022-07-04 09:00:00,87.8,85.7,2.1,open_meteo_historical_forecast
2022-07-04,NYC,11:00,2022-07-04 11:00:00,87.8,85.7,2.1,open_meteo_historical_forecast
2022-07-04,NYC,13:00,2022-07-04 13:00:00,87.8,85.7,2.1,open_meteo_historical_forecast
2022-07-04,NYC,15:00,2022-07-04 15:00:00,87.8,85.7,2.1,open_meteo_historical_forecast
2022-07-05,NYC,09:00,2022-07-05 09:00:00,86.2,86.5,-0.3,open_meteo_historical_forecast
2022-07-05,NYC,11:00,2022-07-05 11:00:00,86.2,86.5,-0.3,open_meteo_historical_forecast
2022-07-05,NYC,13:00,2022-07-05 13:00:00,86.2,86.5,-0.3,open_meteo_historical_forecast
2022-07-05,NYC,15:00,2022-07-05 15:00:00,86.2,86.5,-0.3,open_meteo_historical_forecast
2022-07-06,NYC,09:00,2022-07-06 09:00:00,89.2,85.8,3.4,open_meteo_historical_forecast
2022-07-06,NYC,11:00,2022-07-06 11:00:00,89.2,85.8,3.4,open_meteo_historical_forecast
2022-07-06,NYC,13:00,2022-07-06 13:00:00,89.2,85.8,3.4,open_meteo_historical_forecast
2022-07-06,NYC,15:00,2022-07-06 15:00:00,89.2,85.8,3.4,open_meteo_historical_forecast
2022-07-07,NYC,09:00,2022-07-07 09:00:00,81.7,82.2,-0.5,open_meteo_historical_forecast
2022-07-07,NYC,11:00,2022-07-07 11:00:00,81.7,82.2,-0.5,open_meteo_historical_forecast
2022-07-07,NYC,13:00,2022-07-07 13:00:00,81.7,82.2,-0.5,open_meteo_historical_forecast
2022-07-07,NYC,15:00,2022-07-07 15:00:00,81.7,82.2,-0.5,open_meteo_historical_forecast
2022-07-08,NYC,09:00,2022-07-08 09:00:00,85.6,84.1,1.5,open_meteo_historical_forecast
2022-07-08,NYC,11:00,2022-07-08 11:00:00,85.6,84.1,1.5,open_meteo_historical_forecast
2022-07-08,NYC,13:00,2022-07-08 13:00:00,85.6,84.1,1.5,open_meteo_historical_forecast
2022-07-08,NYC,15:00,2022-07-08 15:00:00,85.6,84.1,1.5,open_meteo_historical_forecast
2022-07-09,NYC,09:00,2022-07-09 09:00:00,86.2,84.9,1.3,open_meteo_historical_forecast
2022-07-09,NYC,11:00,2022-07-09 11:00:00,86.2,84.9,1.3,open_meteo_historical_forecast
2022-07-09,NYC,13:00,2022-07-09 13:00:00,86.2,84.9,1.3,open_meteo_historical_forecast
2022-07-09,NYC,15:00,2022-07-09 15:00:00,86.2,84.9,1.3,open_meteo_historical_forecast
2022-07-10,NYC,09:00,2022-07-10 09:00:00,82.0,82.8,-0.8,open_meteo_historical_forecast
2022-07-10,NYC,11:00,2022-07-10 11:00:00,82.0,82.8,-0.8,open_meteo_historical_forecast
2022-07-10,NYC,13:00,2022-07-10 13:00:00,82.0,82.8,-0.8,open_meteo_historical_forecast
2022-07-10,NYC,15:00,2022-07-10 15:00:00,82.0,82.8,-0.8,open_meteo_historical_forecast
2022-07-11,NYC,09:00,2022-07-11 09:00:00,84.4,83.9,0.5,open_meteo_historical_forecast
2022-07-11,NYC,11:00,2022-07-11 11:00:00,84.4,83.9,0.5,open_meteo_historical_forecast
2022-07-11,NYC,13:00,2022-07-11 13:00:00,84.4,83.9,0.5,open_meteo_historical_forecast
2022-07-11,NYC,15:00,2022-07-11 15:00:00,84.4,83.9,0.5,open_meteo_historical_forecast
2022-07-12,NYC,09:00,2022-07-12 09:00:00,92.9,91.7,1.2,open_meteo_historical_forecast
2022-07-12,NYC,11:00,2022-07-12 11:00:00,92.9,91.7,1.2,open_meteo_historical_forecast
2022-07-12,NYC,13:00,2022-07-12 13:00:00,92.9,91.7,1.2,open_meteo_historical_forecast
2022-07-12,NYC,15:00,2022-07-12 15:00:00,92.9,91.7,1.2,open_meteo_historical_forecast
2022-07-13,NYC,09:00,2022-07-13 09:00:00,91.6,91.2,0.4,open_meteo_historical_forecast
2022-07-13,NYC,11:00,2022-07-13 11:00:00,91.6,91.2,0.4,open_meteo_historical_forecast
2022-07-13,NYC,13:00,2022-07-13 13:00:00,91.6,91.2,0.4,open_meteo_historical_forecast
2022-07-13,NYC,15:00,2022-07-13 15:00:00,91.6,91.2,0.4,open_meteo_historical_forecast
2022-07-14,NYC,09:00,2022-07-14 09:00:00,89.8,86.4,3.4,open_meteo_historical_forecast
2022-07-14,NYC,11:00,2022-07-14 11:00:00,89.8,86.4,3.4,open_meteo_historical_forecast
2022-07-14,NYC,13:00,2022-07-14 13:00:00,89.8,86.4,3.4,open_meteo_historical_forecast
2022-07-14,NYC,15:00,2022-07-14 15:00:00,89.8,86.4,3.4,open_meteo_historical_forecast
2022-07-15,NYC,09:00,2022-07-15 09:00:00,84.6,84.9,-0.3,open_meteo_historical_forecast
2022-07-15,NYC,11:00,2022-07-15 11:00:00,84.6,84.9,-0.3,open_meteo_historical_forecast
2022-07-15,NYC,13:00,2022-07-15 13:00:00,84.6,84.9,-0.3,open_meteo_historical_forecast
2022-07-15,NYC,15:00,2022-07-15 15:00:00,84.6,84.9,-0.3,open_meteo_historical_forecast
2022-07-16,NYC,09:00,2022-07-16 09:00:00,82.8,82.8,0.0,open_meteo_historical_forecast
2022-07-16,NYC,11:00,2022-07-16 11:00:00,82.8,82.8,0.0,open_meteo_historical_forecast
2022-07-16,NYC,13:00,2022-07-16 13:00:00,82.8,82.8,0.0,open_meteo_historical_forecast
2022-07-16,NYC,15:00,2022-07-16 15:00:00,82.8,82.8,0.0,open_meteo_historical_forecast
2022-07-17,NYC,09:00,2022-07-17 09:00:00,83.1,84.1,-1.0,open_meteo_historical_forecast
2022-07-17,NYC,11:00,2022-07-17 11:00:00,83.1,84.1,-1.0,open_meteo_historical_forecast
2022-07-17,NYC,13:00,2022-07-17 13:00:00,83.1,84.1,-1.0,open_meteo_historical_forecast
2022-07-17,NYC,15:00,2022-07-17 15:00:00,83.1,84.1,-1.0,open_meteo_historical_forecast
2022-07-18,NYC,09:00,2022-07-18 09:00:00,86.0,81.8,4.2,open_meteo_historical_forecast
2022-07-18,NYC,11:00,2022-07-18 11:00:00,86.0,81.8,4.2,open_meteo_historical_forecast
2022-07-18,NYC,13:00,2022-07-18 13:00:00,86.0,81.8,4.2,open_meteo_historical_forecast
2022-07-18,NYC,15:00,2022-07-18 15:00:00,86.0,81.8,4.2,open_meteo_historical_forecast
2022-07-19,NYC,09:00,2022-07-19 09:00:00,91.5,92.1,-0.6,open_meteo_historical_forecast
2022-07-19,NYC,11:00,2022-07-19 11:00:00,91.5,92.1,-0.6,open_meteo_historical_forecast
2022-07-19,NYC,13:00,2022-07-19 13:00:00,91.5,92.1,-0.6,open_meteo_historical_forecast
2022-07-19,NYC,15:00,2022-07-19 15:00:00,91.5,92.1,-0.6,open_meteo_historical_forecast
2022-07-20,NYC,09:00,2022-07-20 09:00:00,93.4,94.4,-1.0,open_meteo_historical_forecast
2022-07-20,NYC,11:00,2022-07-20 11:00:00,93.4,94.4,-1.0,open_meteo_historical_forecast
2022-07-20,NYC,13:00,2022-07-20 13:00:00,93.4,94.4,-1.0,open_meteo_historical_forecast
2022-07-20,NYC,15:00,2022-07-20 15:00:00,93.4,94.4,-1.0,open_meteo_historical_forecast
2022-07-21,NYC,09:00,2022-07-21 09:00:00,91.9,93.4,-1.5,open_meteo_historical_forecast
2022-07-21,NYC,11:00,2022-07-21 11:00:00,91.9,93.4,-1.5,open_meteo_historical_forecast
2022-07-21,NYC,13:00,2022-07-21 13:00:00,91.9,93.4,-1.5,open_meteo_historical_forecast
2022-07-21,NYC,15:00,2022-07-21 15:00:00,91.9,93.4,-1.5,open_meteo_historical_forecast
2022-07-22,NYC,09:00,2022-07-22 09:00:00,94.4,96.1,-1.7,open_meteo_historical_forecast
2022-07-22,NYC,11:00,2022-07-22 11:00:00,94.4,96.1,-1.7,open_meteo_historical_forecast
2022-07-22,NYC,13:00,2022-07-22 13:00:00,94.4,96.1,-1.7,open_meteo_historical_forecast
2022-07-22,NYC,15:00,2022-07-22 15:00:00,94.4,96.1,-1.7,open_meteo_historical_forecast
2022-07-23,NYC,09:00,2022-07-23 09:00:00,95.5,97.6,-2.1,open_meteo_historical_forecast
2022-07-23,NYC,11:00,2022-07-23 11:00:00,95.5,97.6,-2.1,open_meteo_historical_forecast
2022-07-23,NYC,13:00,2022-07-23 13:00:00,95.5,97.6,-2.1,open_meteo_historical_forecast
2022-07-23,NYC,15:00,2022-07-23 15:00:00,95.5,97.6,-2.1,open_meteo_historical_forecast
2022-07-24,NYC,09:00,2022-07-24 09:00:00,97.0,98.6,-1.6,open_meteo_historical_forecast
2022-07-24,NYC,11:00,2022-07-24 11:00:00,97.0,98.6,-1.6,open_meteo_historical_forecast
2022-07-24,NYC,13:00,2022-07-24 13:00:00,97.0,98.6,-1.6,open_meteo_historical_forecast
2022-07-24,NYC,15:00,2022-07-24 15:00:00,97.0,98.6,-1.6,open_meteo_historical_forecast
2022-07-25,NYC,09:00,2022-07-25 09:00:00,88.6,89.7,-1.1,open_meteo_historical_forecast
2022-07-25,NYC,11:00,2022-07-25 11:00:00,88.6,89.7,-1.1,open_meteo_historical_forecast
2022-07-25,NYC,13:00,2022-07-25 13:00:00,88.6,89.7,-1.1,open_meteo_historical_forecast
2022-07-25,NYC,15:00,2022-07-25 15:00:00,88.6,89.7,-1.1,open_meteo_historical_forecast
2022-07-26,NYC,09:00,2022-07-26 09:00:00,84.8,82.7,2.1,open_meteo_historical_forecast
2022-07-26,NYC,11:00,2022-07-26 11:00:00,84.8,82.7,2.1,open_meteo_historical_forecast
2022-07-26,NYC,13:00,2022-07-26 13:00:00,84.8,82.7,2.1,open_meteo_historical_forecast
2022-07-26,NYC,15:00,2022-07-26 15:00:00,84.8,82.7,2.1,open_meteo_historical_forecast
2022-07-27,NYC,09:00,2022-07-27 09:00:00,83.9,86.0,-2.1,open_meteo_historical_forecast
2022-07-27,NYC,11:00,2022-07-27 11:00:00,83.9,86.0,-2.1,open_meteo_historical_forecast
2022-07-27,NYC,13:00,2022-07-27 13:00:00,83.9,86.0,-2.1,open_meteo_historical_forecast
2022-07-27,NYC,15:00,2022-07-27 15:00:00,83.9,86.0,-2.1,open_meteo_historical_forecast
2022-07-28,NYC,09:00,2022-07-28 09:00:00,88.9,88.2,0.7,open_meteo_historical_forecast
2022-07-28,NYC,11:00,2022-07-28 11:00:00,88.9,88.2,0.7,open_meteo_historical_forecast
2022-07-28,NYC,13:00,2022-07-28 13:00:00,88.9,88.2,0.7,open_meteo_historical_forecast
2022-07-28,NYC,15:00,2022-07-28 15:00:00,88.9,88.2,0.7,open_meteo_historical_forecast
2022-07-29,NYC,09:00,2022-07-29 09:00:00,87.9,88.5,-0.6,open_meteo_historical_forecast
2022-07-29,NYC,11:00,2022-07-29 11:00:00,87.9,88.5,-0.6,open_meteo_historical_forecast
2022-07-29,NYC,13:00,2022-07-29 13:00:00,87.9,88.5,-0.6,open_meteo_historical_forecast
2022-07-29,NYC,15:00,2022-07-29 15:00:00,87.9,88.5,-0.6,open_meteo_historical_forecast
2022-07-30,NYC,09:00,2022-07-30 09:00:00,90.2,88.1,2.1,open_meteo_historical_forecast
2022-07-30,NYC,11:00,2022-07-30 11:00:00,90.2,88.1,2.1,open_meteo_historical_forecast
2022-07-30,NYC,13:00,2022-07-30 13:00:00,90.2,88.1,2.1,open_meteo_historical_forecast
2022-07-30,NYC,15:00,2022-07-30 15:00:00,90.2,88.1,2.1,open_meteo_historical_forecast
2022-07-31,NYC,09:00,2022-07-31 09:00:00,85.1,87.1,-2.0,open_meteo_historical_forecast
2022-07-31,NYC,11:00,2022-07-31 11:00:00,85.1,87.1,-2.0,open_meteo_historical_forecast
2022-07-31,NYC,13:00,2022-07-31 13:00:00,85.1,87.1,-2.0,open_meteo_historical_forecast
2022-07-31,NYC,15:00,2022-07-31 15:00:00,85.1,87.1,-2.0,open_meteo_historical_forecast
2022-08-01,NYC,09:00,2022-08-01 09:00:00,80.3,75.7,4.6,open_meteo_historical_forecast
2022-08-01,NYC,11:00,2022-08-01 11:00:00,80.3,75.7,4.6,open_meteo_historical_forecast
2022-08-01,NYC,13:00,2022-08-01 13:00:00,80.3,75.7,4.6,open_meteo_historical_forecast
2022-08-01,NYC,15:00,2022-08-01 15:00:00,80.3,75.7,4.6,open_meteo_historical_forecast
2022-08-02,NYC,09:00,2022-08-02 09:00:00,91.7,91.9,-0.2,open_meteo_historical_forecast
2022-08-02,NYC,11:00,2022-08-02 11:00:00,91.7,91.9,-0.2,open_meteo_historical_forecast
2022-08-02,NYC,13:00,2022-08-02 13:00:00,91.7,91.9,-0.2,open_meteo_historical_forecast
2022-08-02,NYC,15:00,2022-08-02 15:00:00,91.7,91.9,-0.2,open_meteo_historical_forecast
2022-08-03,NYC,09:00,2022-08-03 09:00:00,90.3,91.8,-1.5,open_meteo_historical_forecast
2022-08-03,NYC,11:00,2022-08-03 11:00:00,90.3,91.8,-1.5,open_meteo_historical_forecast
2022-08-03,NYC,13:00,2022-08-03 13:00:00,90.3,91.8,-1.5,open_meteo_historical_forecast
2022-08-03,NYC,15:00,2022-08-03 15:00:00,90.3,91.8,-1.5,open_meteo_historical_forecast
2022-08-04,NYC,09:00,2022-08-04 09:00:00,92.8,94.1,-1.3,open_meteo_historical_forecast
2022-08-04,NYC,11:00,2022-08-04 11:00:00,92.8,94.1,-1.3,open_meteo_historical_forecast
2022-08-04,NYC,13:00,2022-08-04 13:00:00,92.8,94.1,-1.3,open_meteo_historical_forecast
2022-08-04,NYC,15:00,2022-08-04 15:00:00,92.8,94.1,-1.3,open_meteo_historical_forecast
2022-08-05,NYC,09:00,2022-08-05 09:00:00,90.9,91.2,-0.3,open_meteo_historical_forecast
2022-08-05,NYC,11:00,2022-08-05 11:00:00,90.9,91.2,-0.3,open_meteo_historical_forecast
2022-08-05,NYC,13:00,2022-08-05 13:00:00,90.9,91.2,-0.3,open_meteo_historical_forecast
2022-08-05,NYC,15:00,2022-08-05 15:00:00,90.9,91.2,-0.3,open_meteo_historical_forecast
2022-08-06,NYC,09:00,2022-08-06 09:00:00,90.7,94.0,-3.3,open_meteo_historical_forecast
2022-08-06,NYC,11:00,2022-08-06 11:00:00,90.7,94.0,-3.3,open_meteo_historical_forecast
2022-08-06,NYC,13:00,2022-08-06 13:00:00,90.7,94.0,-3.3,open_meteo_historical_forecast
2022-08-06,NYC,15:00,2022-08-06 15:00:00,90.7,94.0,-3.3,open_meteo_historical_forecast
2022-08-07,NYC,09:00,2022-08-07 09:00:00,93.8,91.1,2.7,open_meteo_historical_forecast
2022-08-07,NYC,11:00,2022-08-07 11:00:00,93.8,91.1,2.7,open_meteo_historical_forecast
2022-08-07,NYC,13:00,2022-08-07 13:00:00,93.8,91.1,2.7,open_meteo_historical_forecast
2022-08-07,NYC,15:00,2022-08-07 15:00:00,93.8,91.1,2.7,open_meteo_historical_forecast
2022-08-08,NYC,09:00,2022-08-08 09:00:00,94.1,94.5,-0.4,open_meteo_historical_forecast
2022-08-08,NYC,11:00,2022-08-08 11:00:00,94.1,94.5,-0.4,open_meteo_historical_forecast
2022-08-08,NYC,13:00,2022-08-08 13:00:00,94.1,94.5,-0.4,open_meteo_historical_forecast
2022-08-08,NYC,15:00,2022-08-08 15:00:00,94.1,94.5,-0.4,open_meteo_historical_forecast
2022-08-09,NYC,09:00,2022-08-09 09:00:00,98.3,96.9,1.4,open_meteo_historical_forecast
2022-08-09,NYC,11:00,2022-08-09 11:00:00,98.3,96.9,1.4,open_meteo_historical_forecast
2022-08-09,NYC,13:00,2022-08-09 13:00:00,98.3,96.9,1.4,open_meteo_historical_forecast
2022-08-09,NYC,15:00,2022-08-09 15:00:00,98.3,96.9,1.4,open_meteo_historical_forecast
2022-08-10,NYC,09:00,2022-08-10 09:00:00,89.6,85.2,4.4,open_meteo_historical_forecast
2022-08-10,NYC,11:00,2022-08-10 11:00:00,89.6,85.2,4.4,open_meteo_historical_forecast
2022-08-10,NYC,13:00,2022-08-10 13:00:00,89.6,85.2,4.4,open_meteo_historical_forecast
2022-08-10,NYC,15:00,2022-08-10 15:00:00,89.6,85.2,4.4,open_meteo_historical_forecast
2022-08-11,NYC,09:00,2022-08-11 09:00:00,89.9,90.0,-0.1,open_meteo_historical_forecast
2022-08-11,NYC,11:00,2022-08-11 11:00:00,89.9,90.0,-0.1,open_meteo_historical_forecast
2022-08-11,NYC,13:00,2022-08-11 13:00:00,89.9,90.0,-0.1,open_meteo_historical_forecast
2022-08-11,NYC,15:00,2022-08-11 15:00:00,89.9,90.0,-0.1,open_meteo_historical_forecast
2022-08-12,NYC,09:00,2022-08-12 09:00:00,84.3,84.4,-0.1,open_meteo_historical_forecast
2022-08-12,NYC,11:00,2022-08-12 11:00:00,84.3,84.4,-0.1,open_meteo_historical_forecast
2022-08-12,NYC,13:00,2022-08-12 13:00:00,84.3,84.4,-0.1,open_meteo_historical_forecast
2022-08-12,NYC,15:00,2022-08-12 15:00:00,84.3,84.4,-0.1,open_meteo_historical_forecast
2022-08-13,NYC,09:00,2022-08-13 09:00:00,80.9,79.3,1.6,open_meteo_historical_forecast
2022-08-13,NYC,11:00,2022-08-13 11:00:00,80.9,79.3,1.6,open_meteo_historical_forecast
2022-08-13,NYC,13:00,2022-08-13 13:00:00,80.9,79.3,1.6,open_meteo_historical_forecast
2022-08-13,NYC,15:00,2022-08-13 15:00:00,80.9,79.3,1.6,open_meteo_historical_forecast
2022-08-14,NYC,09:00,2022-08-14 09:00:00,82.2,81.7,0.5,open_meteo_historical_forecast
2022-08-14,NYC,11:00,2022-08-14 11:00:00,82.2,81.7,0.5,open_meteo_historical_forecast
2022-08-14,NYC,13:00,2022-08-14 13:00:00,82.2,81.7,0.5,open_meteo_historical_forecast
2022-08-14,NYC,15:00,2022-08-14 15:00:00,82.2,81.7,0.5,open_meteo_historical_forecast
2022-08-15,NYC,09:00,2022-08-15 09:00:00,82.8,82.7,0.1,open_meteo_historical_forecast
2022-08-15,NYC,11:00,2022-08-15 11:00:00,82.8,82.7,0.1,open_meteo_historical_forecast
2022-08-15,NYC,13:00,2022-08-15 13:00:00,82.8,82.7,0.1,open_meteo_historical_forecast
2022-08-15,NYC,15:00,2022-08-15 15:00:00,82.8,82.7,0.1,open_meteo_historical_forecast
2022-08-16,NYC,09:00,2022-08-16 09:00:00,82.6,83.4,-0.8,open_meteo_historical_forecast
2022-08-16,NYC,11:00,2022-08-16 11:00:00,82.6,83.4,-0.8,open_meteo_historical_forecast
2022-08-16,NYC,13:00,2022-08-16 13:00:00,82.6,83.4,-0.8,open_meteo_historical_forecast
2022-08-16,NYC,15:00,2022-08-16 15:00:00,82.6,83.4,-0.8,open_meteo_historical_forecast
2022-08-17,NYC,09:00,2022-08-17 09:00:00,80.5,79.5,1.0,open_meteo_historical_forecast
2022-08-17,NYC,11:00,2022-08-17 11:00:00,80.5,79.5,1.0,open_meteo_historical_forecast
2022-08-17,NYC,13:00,2022-08-17 13:00:00,80.5,79.5,1.0,open_meteo_historical_forecast
2022-08-17,NYC,15:00,2022-08-17 15:00:00,80.5,79.5,1.0,open_meteo_historical_forecast
2022-08-18,NYC,09:00,2022-08-18 09:00:00,87.4,86.9,0.5,open_meteo_historical_forecast
2022-08-18,NYC,11:00,2022-08-18 11:00:00,87.4,86.9,0.5,open_meteo_historical_forecast
2022-08-18,NYC,13:00,2022-08-18 13:00:00,87.4,86.9,0.5,open_meteo_historical_forecast
2022-08-18,NYC,15:00,2022-08-18 15:00:00,87.4,86.9,0.5,open_meteo_historical_forecast
2022-08-19,NYC,09:00,2022-08-19 09:00:00,89.3,89.4,-0.1,open_meteo_historical_forecast
2022-08-19,NYC,11:00,2022-08-19 11:00:00,89.3,89.4,-0.1,open_meteo_historical_forecast
2022-08-19,NYC,13:00,2022-08-19 13:00:00,89.3,89.4,-0.1,open_meteo_historical_forecast
2022-08-19,NYC,15:00,2022-08-19 15:00:00,89.3,89.4,-0.1,open_meteo_historical_forecast
2022-08-20,NYC,09:00,2022-08-20 09:00:00,89.2,89.8,-0.6,open_meteo_historical_forecast
2022-08-20,NYC,11:00,2022-08-20 11:00:00,89.2,89.8,-0.6,open_meteo_historical_forecast
2022-08-20,NYC,13:00,2022-08-20 13:00:00,89.2,89.8,-0.6,open_meteo_historical_forecast
2022-08-20,NYC,15:00,2022-08-20 15:00:00,89.2,89.8,-0.6,open_meteo_historical_forecast
2022-08-21,NYC,09:00,2022-08-21 09:00:00,82.7,82.4,0.3,open_meteo_historical_forecast
2022-08-21,NYC,11:00,2022-08-21 11:00:00,82.7,82.4,0.3,open_meteo_historical_forecast
2022-08-21,NYC,13:00,2022-08-21 13:00:00,82.7,82.4,0.3,open_meteo_historical_forecast
2022-08-21,NYC,15:00,2022-08-21 15:00:00,82.7,82.4,0.3,open_meteo_historical_forecast
2022-08-22,NYC,09:00,2022-08-22 09:00:00,76.6,78.1,-1.5,open_meteo_historical_forecast
2022-08-22,NYC,11:00,2022-08-22 11:00:00,76.6,78.1,-1.5,open_meteo_historical_forecast
2022-08-22,NYC,13:00,2022-08-22 13:00:00,76.6,78.1,-1.5,open_meteo_historical_forecast
2022-08-22,NYC,15:00,2022-08-22 15:00:00,76.6,78.1,-1.5,open_meteo_historical_forecast
2022-08-23,NYC,09:00,2022-08-23 09:00:00,84.8,86.3,-1.5,open_meteo_historical_forecast
2022-08-23,NYC,11:00,2022-08-23 11:00:00,84.8,86.3,-1.5,open_meteo_historical_forecast
2022-08-23,NYC,13:00,2022-08-23 13:00:00,84.8,86.3,-1.5,open_meteo_historical_forecast
2022-08-23,NYC,15:00,2022-08-23 15:00:00,84.8,86.3,-1.5,open_meteo_historical_forecast
2022-08-24,NYC,09:00,2022-08-24 09:00:00,88.2,90.9,-2.7,open_meteo_historical_forecast
2022-08-24,NYC,11:00,2022-08-24 11:00:00,88.2,90.9,-2.7,open_meteo_historical_forecast
2022-08-24,NYC,13:00,2022-08-24 13:00:00,88.2,90.9,-2.7,open_meteo_historical_forecast
2022-08-24,NYC,15:00,2022-08-24 15:00:00,88.2,90.9,-2.7,open_meteo_historical_forecast
2022-08-25,NYC,09:00,2022-08-25 09:00:00,90.1,91.4,-1.3,open_meteo_historical_forecast
2022-08-25,NYC,11:00,2022-08-25 11:00:00,90.1,91.4,-1.3,open_meteo_historical_forecast
2022-08-25,NYC,13:00,2022-08-25 13:00:00,90.1,91.4,-1.3,open_meteo_historical_forecast
2022-08-25,NYC,15:00,2022-08-25 15:00:00,90.1,91.4,-1.3,open_meteo_historical_forecast
2022-08-26,NYC,09:00,2022-08-26 09:00:00,85.8,85.8,0.0,open_meteo_historical_forecast
2022-08-26,NYC,11:00,2022-08-26 11:00:00,85.8,85.8,0.0,open_meteo_historical_forecast
2022-08-26,NYC,13:00,2022-08-26 13:00:00,85.8,85.8,0.0,open_meteo_historical_forecast
2022-08-26,NYC,15:00,2022-08-26 15:00:00,85.8,85.8,0.0,open_meteo_historical_forecast
2022-08-27,NYC,09:00,2022-08-27 09:00:00,85.0,87.6,-2.6,open_meteo_historical_forecast
2022-08-27,NYC,11:00,2022-08-27 11:00:00,85.0,87.6,-2.6,open_meteo_historical_forecast
2022-08-27,NYC,13:00,2022-08-27 13:00:00,85.0,87.6,-2.6,open_meteo_historical_forecast
2022-08-27,NYC,15:00,2022-08-27 15:00:00,85.0,87.6,-2.6,open_meteo_historical_forecast
2022-08-28,NYC,09:00,2022-08-28 09:00:00,81.8,79.7,2.1,open_meteo_historical_forecast
2022-08-28,NYC,11:00,2022-08-28 11:00:00,81.8,79.7,2.1,open_meteo_historical_forecast
2022-08-28,NYC,13:00,2022-08-28 13:00:00,81.8,79.7,2.1,open_meteo_historical_forecast
2022-08-28,NYC,15:00,2022-08-28 15:00:00,81.8,79.7,2.1,open_meteo_historical_forecast
2022-08-29,NYC,09:00,2022-08-29 09:00:00,83.8,86.8,-3.0,open_meteo_historical_forecast
2022-08-29,NYC,11:00,2022-08-29 11:00:00,83.8,86.8,-3.0,open_meteo_historical_forecast
2022-08-29,NYC,13:00,2022-08-29 13:00:00,83.8,86.8,-3.0,open_meteo_historical_forecast
2022-08-29,NYC,15:00,2022-08-29 15:00:00,83.8,86.8,-3.0,open_meteo_historical_forecast
2022-08-30,NYC,09:00,2022-08-30 09:00:00,86.4,88.3,-1.9,open_meteo_historical_forecast
2022-08-30,NYC,11:00,2022-08-30 11:00:00,86.4,88.3,-1.9,open_meteo_historical_forecast
2022-08-30,NYC,13:00,2022-08-30 13:00:00,86.4,88.3,-1.9,open_meteo_historical_forecast
2022-08-30,NYC,15:00,2022-08-30 15:00:00,86.4,88.3,-1.9,open_meteo_historical_forecast
2022-08-31,NYC,09:00,2022-08-31 09:00:00,83.8,84.0,-0.2,open_meteo_historical_forecast
2022-08-31,NYC,11:00,2022-08-31 11:00:00,83.8,84.0,-0.2,open_meteo_historical_forecast
2022-08-31,NYC,13:00,2022-08-31 13:00:00,83.8,84.0,-0.2,open_meteo_historical_forecast
2022-08-31,NYC,15:00,2022-08-31 15:00:00,83.8,84.0,-0.2,open_meteo_historical_forecast
2022-09-01,NYC,09:00,2022-09-01 09:00:00,85.0,86.2,-1.2,open_meteo_historical_forecast
2022-09-01,NYC,11:00,2022-09-01 11:00:00,85.0,86.2,-1.2,open_meteo_historical_forecast
2022-09-01,NYC,13:00,2022-09-01 13:00:00,85.0,86.2,-1.2,open_meteo_historical_forecast
2022-09-01,NYC,15:00,2022-09-01 15:00:00,85.0,86.2,-1.2,open_meteo_historical_forecast
2022-09-02,NYC,09:00,2022-09-02 09:00:00,77.6,77.9,-0.3,open_meteo_historical_forecast
2022-09-02,NYC,11:00,2022-09-02 11:00:00,77.6,77.9,-0.3,open_meteo_historical_forecast
2022-09-02,NYC,13:00,2022-09-02 13:00:00,77.6,77.9,-0.3,open_meteo_historical_forecast
2022-09-02,NYC,15:00,2022-09-02 15:00:00,77.6,77.9,-0.3,open_meteo_historical_forecast
2022-09-03,NYC,09:00,2022-09-03 09:00:00,80.4,81.9,-1.5,open_meteo_historical_forecast
2022-09-03,NYC,11:00,2022-09-03 11:00:00,80.4,81.9,-1.5,open_meteo_historical_forecast
2022-09-03,NYC,13:00,2022-09-03 13:00:00,80.4,81.9,-1.5,open_meteo_historical_forecast
2022-09-03,NYC,15:00,2022-09-03 15:00:00,80.4,81.9,-1.5,open_meteo_historical_forecast
2022-09-04,NYC,09:00,2022-09-04 09:00:00,85.9,88.9,-3.0,open_meteo_historical_forecast
2022-09-04,NYC,11:00,2022-09-04 11:00:00,85.9,88.9,-3.0,open_meteo_historical_forecast
2022-09-04,NYC,13:00,2022-09-04 13:00:00,85.9,88.9,-3.0,open_meteo_historical_forecast
2022-09-04,NYC,15:00,2022-09-04 15:00:00,85.9,88.9,-3.0,open_meteo_historical_forecast
2022-09-05,NYC,09:00,2022-09-05 09:00:00,83.1,85.5,-2.4,open_meteo_historical_forecast
2022-09-05,NYC,11:00,2022-09-05 11:00:00,83.1,85.5,-2.4,open_meteo_historical_forecast
2022-09-05,NYC,13:00,2022-09-05 13:00:00,83.1,85.5,-2.4,open_meteo_historical_forecast
2022-09-05,NYC,15:00,2022-09-05 15:00:00,83.1,85.5,-2.4,open_meteo_historical_forecast
2022-09-06,NYC,09:00,2022-09-06 09:00:00,72.5,74.2,-1.7,open_meteo_historical_forecast
2022-09-06,NYC,11:00,2022-09-06 11:00:00,72.5,74.2,-1.7,open_meteo_historical_forecast
2022-09-06,NYC,13:00,2022-09-06 13:00:00,72.5,74.2,-1.7,open_meteo_historical_forecast
2022-09-06,NYC,15:00,2022-09-06 15:00:00,72.5,74.2,-1.7,open_meteo_historical_forecast
2022-09-07,NYC,09:00,2022-09-07 09:00:00,73.0,72.6,0.4,open_meteo_historical_forecast
2022-09-07,NYC,11:00,2022-09-07 11:00:00,73.0,72.6,0.4,open_meteo_historical_forecast
2022-09-07,NYC,13:00,2022-09-07 13:00:00,73.0,72.6,0.4,open_meteo_historical_forecast
2022-09-07,NYC,15:00,2022-09-07 15:00:00,73.0,72.6,0.4,open_meteo_historical_forecast
2022-09-08,NYC,09:00,2022-09-08 09:00:00,75.3,77.3,-2.0,open_meteo_historical_forecast
2022-09-08,NYC,11:00,2022-09-08 11:00:00,75.3,77.3,-2.0,open_meteo_historical_forecast
2022-09-08,NYC,13:00,2022-09-08 13:00:00,75.3,77.3,-2.0,open_meteo_historical_forecast
2022-09-08,NYC,15:00,2022-09-08 15:00:00,75.3,77.3,-2.0,open_meteo_historical_forecast
2022-09-09,NYC,09:00,2022-09-09 09:00:00,79.5,79.8,-0.3,open_meteo_historical_forecast
2022-09-09,NYC,11:00,2022-09-09 11:00:00,79.5,79.8,-0.3,open_meteo_historical_forecast
2022-09-09,NYC,13:00,2022-09-09 13:00:00,79.5,79.8,-0.3,open_meteo_historical_forecast
2022-09-09,NYC,15:00,2022-09-09 15:00:00,79.5,79.8,-0.3,open_meteo_historical_forecast
2022-09-10,NYC,09:00,2022-09-10 09:00:00,81.5,85.8,-4.3,open_meteo_historical_forecast
2022-09-10,NYC,11:00,2022-09-10 11:00:00,81.5,85.8,-4.3,open_meteo_historical_forecast
2022-09-10,NYC,13:00,2022-09-10 13:00:00,81.5,85.8,-4.3,open_meteo_historical_forecast
2022-09-10,NYC,15:00,2022-09-10 15:00:00,81.5,85.8,-4.3,open_meteo_historical_forecast
2022-09-11,NYC,09:00,2022-09-11 09:00:00,76.3,76.6,-0.3,open_meteo_historical_forecast
2022-09-11,NYC,11:00,2022-09-11 11:00:00,76.3,76.6,-0.3,open_meteo_historical_forecast
2022-09-11,NYC,13:00,2022-09-11 13:00:00,76.3,76.6,-0.3,open_meteo_historical_forecast
2022-09-11,NYC,15:00,2022-09-11 15:00:00,76.3,76.6,-0.3,open_meteo_historical_forecast
2022-09-12,NYC,09:00,2022-09-12 09:00:00,82.6,80.0,2.6,open_meteo_historical_forecast
2022-09-12,NYC,11:00,2022-09-12 11:00:00,82.6,80.0,2.6,open_meteo_historical_forecast
2022-09-12,NYC,13:00,2022-09-12 13:00:00,82.6,80.0,2.6,open_meteo_historical_forecast
2022-09-12,NYC,15:00,2022-09-12 15:00:00,82.6,80.0,2.6,open_meteo_historical_forecast
2022-09-13,NYC,09:00,2022-09-13 09:00:00,79.1,83.2,-4.1,open_meteo_historical_forecast
2022-09-13,NYC,11:00,2022-09-13 11:00:00,79.1,83.2,-4.1,open_meteo_historical_forecast
2022-09-13,NYC,13:00,2022-09-13 13:00:00,79.1,83.2,-4.1,open_meteo_historical_forecast
2022-09-13,NYC,15:00,2022-09-13 15:00:00,79.1,83.2,-4.1,open_meteo_historical_forecast
2022-09-14,NYC,09:00,2022-09-14 09:00:00,79.7,81.2,-1.5,open_meteo_historical_forecast
2022-09-14,NYC,11:00,2022-09-14 11:00:00,79.7,81.2,-1.5,open_meteo_historical_forecast
2022-09-14,NYC,13:00,2022-09-14 13:00:00,79.7,81.2,-1.5,open_meteo_historical_forecast
2022-09-14,NYC,15:00,2022-09-14 15:00:00,79.7,81.2,-1.5,open_meteo_historical_forecast
2022-09-15,NYC,09:00,2022-09-15 09:00:00,71.7,75.0,-3.3,open_meteo_historical_forecast
2022-09-15,NYC,11:00,2022-09-15 11:00:00,71.7,75.0,-3.3,open_meteo_historical_forecast
2022-09-15,NYC,13:00,2022-09-15 13:00:00,71.7,75.0,-3.3,open_meteo_historical_forecast
2022-09-15,NYC,15:00,2022-09-15 15:00:00,71.7,75.0,-3.3,open_meteo_historical_forecast
2022-09-16,NYC,09:00,2022-09-16 09:00:00,74.8,76.9,-2.1,open_meteo_historical_forecast
2022-09-16,NYC,11:00,2022-09-16 11:00:00,74.8,76.9,-2.1,open_meteo_historical_forecast
2022-09-16,NYC,13:00,2022-09-16 13:00:00,74.8,76.9,-2.1,open_meteo_historical_forecast
2022-09-16,NYC,15:00,2022-09-16 15:00:00,74.8,76.9,-2.1,open_meteo_historical_forecast
2022-09-17,NYC,09:00,2022-09-17 09:00:00,73.5,75.0,-1.5,open_meteo_historical_forecast
2022-09-17,NYC,11:00,2022-09-17 11:00:00,73.5,75.0,-1.5,open_meteo_historical_forecast
2022-09-17,NYC,13:00,2022-09-17 13:00:00,73.5,75.0,-1.5,open_meteo_historical_forecast
2022-09-17,NYC,15:00,2022-09-17 15:00:00,73.5,75.0,-1.5,open_meteo_historical_forecast
2022-09-18,NYC,09:00,2022-09-18 09:00:00,83.9,84.6,-0.7,open_meteo_historical_forecast
2022-09-18,NYC,11:00,2022-09-18 11:00:00,83.9,84.6,-0.7,open_meteo_historical_forecast
2022-09-18,NYC,13:00,2022-09-18 13:00:00,83.9,84.6,-0.7,open_meteo_historical_forecast
2022-09-18,NYC,15:00,2022-09-18 15:00:00,83.9,84.6,-0.7,open_meteo_historical_forecast
2022-09-19,NYC,09:00,2022-09-19 09:00:00,86.4,85.9,0.5,open_meteo_historical_forecast
2022-09-19,NYC,11:00,2022-09-19 11:00:00,86.4,85.9,0.5,open_meteo_historical_forecast
2022-09-19,NYC,13:00,2022-09-19 13:00:00,86.4,85.9,0.5,open_meteo_historical_forecast
2022-09-19,NYC,15:00,2022-09-19 15:00:00,86.4,85.9,0.5,open_meteo_historical_forecast
2022-09-20,NYC,09:00,2022-09-20 09:00:00,78.4,78.4,0.0,open_meteo_historical_forecast
2022-09-20,NYC,11:00,2022-09-20 11:00:00,78.4,78.4,0.0,open_meteo_historical_forecast
2022-09-20,NYC,13:00,2022-09-20 13:00:00,78.4,78.4,0.0,open_meteo_historical_forecast
2022-09-20,NYC,15:00,2022-09-20 15:00:00,78.4,78.4,0.0,open_meteo_historical_forecast
2022-09-21,NYC,09:00,2022-09-21 09:00:00,80.0,81.8,-1.8,open_meteo_historical_forecast
2022-09-21,NYC,11:00,2022-09-21 11:00:00,80.0,81.8,-1.8,open_meteo_historical_forecast
2022-09-21,NYC,13:00,2022-09-21 13:00:00,80.0,81.8,-1.8,open_meteo_historical_forecast
2022-09-21,NYC,15:00,2022-09-21 15:00:00,80.0,81.8,-1.8,open_meteo_historical_forecast
2022-09-22,NYC,09:00,2022-09-22 09:00:00,77.0,75.9,1.1,open_meteo_historical_forecast
2022-09-22,NYC,11:00,2022-09-22 11:00:00,77.0,75.9,1.1,open_meteo_historical_forecast
2022-09-22,NYC,13:00,2022-09-22 13:00:00,77.0,75.9,1.1,open_meteo_historical_forecast
2022-09-22,NYC,15:00,2022-09-22 15:00:00,77.0,75.9,1.1,open_meteo_historical_forecast
2022-09-23,NYC,09:00,2022-09-23 09:00:00,61.8,64.1,-2.3,open_meteo_historical_forecast
2022-09-23,NYC,11:00,2022-09-23 11:00:00,61.8,64.1,-2.3,open_meteo_historical_forecast
2022-09-23,NYC,13:00,2022-09-23 13:00:00,61.8,64.1,-2.3,open_meteo_historical_forecast
2022-09-23,NYC,15:00,2022-09-23 15:00:00,61.8,64.1,-2.3,open_meteo_historical_forecast
2022-09-24,NYC,09:00,2022-09-24 09:00:00,69.3,71.1,-1.8,open_meteo_historical_forecast
2022-09-24,NYC,11:00,2022-09-24 11:00:00,69.3,71.1,-1.8,open_meteo_historical_forecast
2022-09-24,NYC,13:00,2022-09-24 13:00:00,69.3,71.1,-1.8,open_meteo_historical_forecast
2022-09-24,NYC,15:00,2022-09-24 15:00:00,69.3,71.1,-1.8,open_meteo_historical_forecast
2022-09-25,NYC,09:00,2022-09-25 09:00:00,75.0,72.8,2.2,open_meteo_historical_forecast
2022-09-25,NYC,11:00,2022-09-25 11:00:00,75.0,72.8,2.2,open_meteo_historical_forecast
2022-09-25,NYC,13:00,2022-09-25 13:00:00,75.0,72.8,2.2,open_meteo_historical_forecast
2022-09-25,NYC,15:00,2022-09-25 15:00:00,75.0,72.8,2.2,open_meteo_historical_forecast
2022-09-26,NYC,09:00,2022-09-26 09:00:00,74.8,76.6,-1.8,open_meteo_historical_forecast
2022-09-26,NYC,11:00,2022-09-26 11:00:00,74.8,76.6,-1.8,open_meteo_historical_forecast
2022-09-26,NYC,13:00,2022-09-26 13:00:00,74.8,76.6,-1.8,open_meteo_historical_forecast
2022-09-26,NYC,15:00,2022-09-26 15:00:00,74.8,76.6,-1.8,open_meteo_historical_forecast
2022-09-27,NYC,09:00,2022-09-27 09:00:00,70.7,69.7,1.0,open_meteo_historical_forecast
2022-09-27,NYC,11:00,2022-09-27 11:00:00,70.7,69.7,1.0,open_meteo_historical_forecast
2022-09-27,NYC,13:00,2022-09-27 13:00:00,70.7,69.7,1.0,open_meteo_historical_forecast
2022-09-27,NYC,15:00,2022-09-27 15:00:00,70.7,69.7,1.0,open_meteo_historical_forecast
2022-09-28,NYC,09:00,2022-09-28 09:00:00,69.8,69.6,0.2,open_meteo_historical_forecast
2022-09-28,NYC,11:00,2022-09-28 11:00:00,69.8,69.6,0.2,open_meteo_historical_forecast
2022-09-28,NYC,13:00,2022-09-28 13:00:00,69.8,69.6,0.2,open_meteo_historical_forecast
2022-09-28,NYC,15:00,2022-09-28 15:00:00,69.8,69.6,0.2,open_meteo_historical_forecast
2022-09-29,NYC,09:00,2022-09-29 09:00:00,66.7,66.7,0.0,open_meteo_historical_forecast
2022-09-29,NYC,11:00,2022-09-29 11:00:00,66.7,66.7,0.0,open_meteo_historical_forecast
2022-09-29,NYC,13:00,2022-09-29 13:00:00,66.7,66.7,0.0,open_meteo_historical_forecast
2022-09-29,NYC,15:00,2022-09-29 15:00:00,66.7,66.7,0.0,open_meteo_historical_forecast
2022-09-30,NYC,09:00,2022-09-30 09:00:00,62.4,62.2,0.2,open_meteo_historical_forecast
2022-09-30,NYC,11:00,2022-09-30 11:00:00,62.4,62.2,0.2,open_meteo_historical_forecast
2022-09-30,NYC,13:00,2022-09-30 13:00:00,62.4,62.2,0.2,open_meteo_historical_forecast
2022-09-30,NYC,15:00,2022-09-30 15:00:00,62.4,62.2,0.2,open_meteo_historical_forecast
2022-10-01,NYC,09:00,2022-10-01 09:00:00,63.6,60.1,3.5,open_meteo_historical_forecast
2022-10-01,NYC,11:00,2022-10-01 11:00:00,63.6,60.1,3.5,open_meteo_historical_forecast
2022-10-01,NYC,13:00,2022-10-01 13:00:00,63.6,60.1,3.5,open_meteo_historical_forecast
2022-10-01,NYC,15:00,2022-10-01 15:00:00,63.6,60.1,3.5,open_meteo_historical_forecast
2022-10-02,NYC,09:00,2022-10-02 09:00:00,59.0,58.8,0.2,open_meteo_historical_forecast
2022-10-02,NYC,11:00,2022-10-02 11:00:00,59.0,58.8,0.2,open_meteo_historical_forecast
2022-10-02,NYC,13:00,2022-10-02 13:00:00,59.0,58.8,0.2,open_meteo_historical_forecast
2022-10-02,NYC,15:00,2022-10-02 15:00:00,59.0,58.8,0.2,open_meteo_historical_forecast
2022-10-03,NYC,09:00,2022-10-03 09:00:00,53.5,52.0,1.5,open_meteo_historical_forecast
2022-10-03,NYC,11:00,2022-10-03 11:00:00,53.5,52.0,1.5,open_meteo_historical_forecast
2022-10-03,NYC,13:00,2022-10-03 13:00:00,53.5,52.0,1.5,open_meteo_historical_forecast
2022-10-03,NYC,15:00,2022-10-03 15:00:00,53.5,52.0,1.5,open_meteo_historical_forecast
2022-10-04,NYC,09:00,2022-10-04 09:00:00,55.2,53.9,1.3,open_meteo_historical_forecast
2022-10-04,NYC,11:00,2022-10-04 11:00:00,55.2,53.9,1.3,open_meteo_historical_forecast
2022-10-04,NYC,13:00,2022-10-04 13:00:00,55.2,53.9,1.3,open_meteo_historical_forecast
2022-10-04,NYC,15:00,2022-10-04 15:00:00,55.2,53.9,1.3,open_meteo_historical_forecast
2022-10-05,NYC,09:00,2022-10-05 09:00:00,60.7,58.9,1.8,open_meteo_historical_forecast
2022-10-05,NYC,11:00,2022-10-05 11:00:00,60.7,58.9,1.8,open_meteo_historical_forecast
2022-10-05,NYC,13:00,2022-10-05 13:00:00,60.7,58.9,1.8,open_meteo_historical_forecast
2022-10-05,NYC,15:00,2022-10-05 15:00:00,60.7,58.9,1.8,open_meteo_historical_forecast
2022-10-06,NYC,09:00,2022-10-06 09:00:00,72.6,76.2,-3.6,open_meteo_historical_forecast
2022-10-06,NYC,11:00,2022-10-06 11:00:00,72.6,76.2,-3.6,open_meteo_historical_forecast
2022-10-06,NYC,13:00,2022-10-06 13:00:00,72.6,76.2,-3.6,open_meteo_historical_forecast
2022-10-06,NYC,15:00,2022-10-06 15:00:00,72.6,76.2,-3.6,open_meteo_historical_forecast
2022-10-07,NYC,09:00,2022-10-07 09:00:00,75.0,78.5,-3.5,open_meteo_historical_forecast
2022-10-07,NYC,11:00,2022-10-07 11:00:00,75.0,78.5,-3.5,open_meteo_historical_forecast
2022-10-07,NYC,13:00,2022-10-07 13:00:00,75.0,78.5,-3.5,open_meteo_historical_forecast
2022-10-07,NYC,15:00,2022-10-07 15:00:00,75.0,78.5,-3.5,open_meteo_historical_forecast
2022-10-08,NYC,09:00,2022-10-08 09:00:00,58.5,59.9,-1.4,open_meteo_historical_forecast
2022-10-08,NYC,11:00,2022-10-08 11:00:00,58.5,59.9,-1.4,open_meteo_historical_forecast
2022-10-08,NYC,13:00,2022-10-08 13:00:00,58.5,59.9,-1.4,open_meteo_historical_forecast
2022-10-08,NYC,15:00,2022-10-08 15:00:00,58.5,59.9,-1.4,open_meteo_historical_forecast
2022-10-09,NYC,09:00,2022-10-09 09:00:00,61.8,63.2,-1.4,open_meteo_historical_forecast
2022-10-09,NYC,11:00,2022-10-09 11:00:00,61.8,63.2,-1.4,open_meteo_historical_forecast
2022-10-09,NYC,13:00,2022-10-09 13:00:00,61.8,63.2,-1.4,open_meteo_historical_forecast
2022-10-09,NYC,15:00,2022-10-09 15:00:00,61.8,63.2,-1.4,open_meteo_historical_forecast
2022-10-10,NYC,09:00,2022-10-10 09:00:00,67.7,69.1,-1.4,open_meteo_historical_forecast
2022-10-10,NYC,11:00,2022-10-10 11:00:00,67.7,69.1,-1.4,open_meteo_historical_forecast
2022-10-10,NYC,13:00,2022-10-10 13:00:00,67.7,69.1,-1.4,open_meteo_historical_forecast
2022-10-10,NYC,15:00,2022-10-10 15:00:00,67.7,69.1,-1.4,open_meteo_historical_forecast
2022-10-11,NYC,09:00,2022-10-11 09:00:00,68.0,72.0,-4.0,open_meteo_historical_forecast
2022-10-11,NYC,11:00,2022-10-11 11:00:00,68.0,72.0,-4.0,open_meteo_historical_forecast
2022-10-11,NYC,13:00,2022-10-11 13:00:00,68.0,72.0,-4.0,open_meteo_historical_forecast
2022-10-11,NYC,15:00,2022-10-11 15:00:00,68.0,72.0,-4.0,open_meteo_historical_forecast
2022-10-12,NYC,09:00,2022-10-12 09:00:00,67.1,70.7,-3.6,open_meteo_historical_forecast
2022-10-12,NYC,11:00,2022-10-12 11:00:00,67.1,70.7,-3.6,open_meteo_historical_forecast
2022-10-12,NYC,13:00,2022-10-12 13:00:00,67.1,70.7,-3.6,open_meteo_historical_forecast
2022-10-12,NYC,15:00,2022-10-12 15:00:00,67.1,70.7,-3.6,open_meteo_historical_forecast
2022-10-13,NYC,09:00,2022-10-13 09:00:00,70.0,71.2,-1.2,open_meteo_historical_forecast
2022-10-13,NYC,11:00,2022-10-13 11:00:00,70.0,71.2,-1.2,open_meteo_historical_forecast
2022-10-13,NYC,13:00,2022-10-13 13:00:00,70.0,71.2,-1.2,open_meteo_historical_forecast
2022-10-13,NYC,15:00,2022-10-13 15:00:00,70.0,71.2,-1.2,open_meteo_historical_forecast
2022-10-14,NYC,09:00,2022-10-14 09:00:00,66.4,66.2,0.2,open_meteo_historical_forecast
2022-10-14,NYC,11:00,2022-10-14 11:00:00,66.4,66.2,0.2,open_meteo_historical_forecast
2022-10-14,NYC,13:00,2022-10-14 13:00:00,66.4,66.2,0.2,open_meteo_historical_forecast
2022-10-14,NYC,15:00,2022-10-14 15:00:00,66.4,66.2,0.2,open_meteo_historical_forecast
2022-10-15,NYC,09:00,2022-10-15 09:00:00,66.5,70.5,-4.0,open_meteo_historical_forecast
2022-10-15,NYC,11:00,2022-10-15 11:00:00,66.5,70.5,-4.0,open_meteo_historical_forecast
2022-10-15,NYC,13:00,2022-10-15 13:00:00,66.5,70.5,-4.0,open_meteo_historical_forecast
2022-10-15,NYC,15:00,2022-10-15 15:00:00,66.5,70.5,-4.0,open_meteo_historical_forecast
2022-10-16,NYC,09:00,2022-10-16 09:00:00,64.0,66.0,-2.0,open_meteo_historical_forecast
2022-10-16,NYC,11:00,2022-10-16 11:00:00,64.0,66.0,-2.0,open_meteo_historical_forecast
2022-10-16,NYC,13:00,2022-10-16 13:00:00,64.0,66.0,-2.0,open_meteo_historical_forecast
2022-10-16,NYC,15:00,2022-10-16 15:00:00,64.0,66.0,-2.0,open_meteo_historical_forecast
2022-10-17,NYC,09:00,2022-10-17 09:00:00,65.8,66.8,-1.0,open_meteo_historical_forecast
2022-10-17,NYC,11:00,2022-10-17 11:00:00,65.8,66.8,-1.0,open_meteo_historical_forecast
2022-10-17,NYC,13:00,2022-10-17 13:00:00,65.8,66.8,-1.0,open_meteo_historical_forecast
2022-10-17,NYC,15:00,2022-10-17 15:00:00,65.8,66.8,-1.0,open_meteo_historical_forecast
2022-10-18,NYC,09:00,2022-10-18 09:00:00,56.7,57.3,-0.6,open_meteo_historical_forecast
2022-10-18,NYC,11:00,2022-10-18 11:00:00,56.7,57.3,-0.6,open_meteo_historical_forecast
2022-10-18,NYC,13:00,2022-10-18 13:00:00,56.7,57.3,-0.6,open_meteo_historical_forecast
2022-10-18,NYC,15:00,2022-10-18 15:00:00,56.7,57.3,-0.6,open_meteo_historical_forecast
2022-10-19,NYC,09:00,2022-10-19 09:00:00,53.9,54.8,-0.9,open_meteo_historical_forecast
2022-10-19,NYC,11:00,2022-10-19 11:00:00,53.9,54.8,-0.9,open_meteo_historical_forecast
2022-10-19,NYC,13:00,2022-10-19 13:00:00,53.9,54.8,-0.9,open_meteo_historical_forecast
2022-10-19,NYC,15:00,2022-10-19 15:00:00,53.9,54.8,-0.9,open_meteo_historical_forecast
2022-10-20,NYC,09:00,2022-10-20 09:00:00,57.7,60.0,-2.3,open_meteo_historical_forecast
2022-10-20,NYC,11:00,2022-10-20 11:00:00,57.7,60.0,-2.3,open_meteo_historical_forecast
2022-10-20,NYC,13:00,2022-10-20 13:00:00,57.7,60.0,-2.3,open_meteo_historical_forecast
2022-10-20,NYC,15:00,2022-10-20 15:00:00,57.7,60.0,-2.3,open_meteo_historical_forecast
2022-10-21,NYC,09:00,2022-10-21 09:00:00,60.9,64.8,-3.9,open_meteo_historical_forecast
2022-10-21,NYC,11:00,2022-10-21 11:00:00,60.9,64.8,-3.9,open_meteo_historical_forecast
2022-10-21,NYC,13:00,2022-10-21 13:00:00,60.9,64.8,-3.9,open_meteo_historical_forecast
2022-10-21,NYC,15:00,2022-10-21 15:00:00,60.9,64.8,-3.9,open_meteo_historical_forecast
2022-10-22,NYC,09:00,2022-10-22 09:00:00,64.0,67.8,-3.8,open_meteo_historical_forecast
2022-10-22,NYC,11:00,2022-10-22 11:00:00,64.0,67.8,-3.8,open_meteo_historical_forecast
2022-10-22,NYC,13:00,2022-10-22 13:00:00,64.0,67.8,-3.8,open_meteo_historical_forecast
2022-10-22,NYC,15:00,2022-10-22 15:00:00,64.0,67.8,-3.8,open_meteo_historical_forecast
2022-10-23,NYC,09:00,2022-10-23 09:00:00,60.4,62.0,-1.6,open_meteo_historical_forecast
2022-10-23,NYC,11:00,2022-10-23 11:00:00,60.4,62.0,-1.6,open_meteo_historical_forecast
2022-10-23,NYC,13:00,2022-10-23 13:00:00,60.4,62.0,-1.6,open_meteo_historical_forecast
2022-10-23,NYC,15:00,2022-10-23 15:00:00,60.4,62.0,-1.6,open_meteo_historical_forecast
2022-10-24,NYC,09:00,2022-10-24 09:00:00,61.5,60.3,1.2,open_meteo_historical_forecast
2022-10-24,NYC,11:00,2022-10-24 11:00:00,61.5,60.3,1.2,open_meteo_historical_forecast
2022-10-24,NYC,13:00,2022-10-24 13:00:00,61.5,60.3,1.2,open_meteo_historical_forecast
2022-10-24,NYC,15:00,2022-10-24 15:00:00,61.5,60.3,1.2,open_meteo_historical_forecast
2022-10-25,NYC,09:00,2022-10-25 09:00:00,70.1,69.1,1.0,open_meteo_historical_forecast
2022-10-25,NYC,11:00,2022-10-25 11:00:00,70.1,69.1,1.0,open_meteo_historical_forecast
2022-10-25,NYC,13:00,2022-10-25 13:00:00,70.1,69.1,1.0,open_meteo_historical_forecast
2022-10-25,NYC,15:00,2022-10-25 15:00:00,70.1,69.1,1.0,open_meteo_historical_forecast
2022-10-26,NYC,09:00,2022-10-26 09:00:00,70.2,72.0,-1.8,open_meteo_historical_forecast
2022-10-26,NYC,11:00,2022-10-26 11:00:00,70.2,72.0,-1.8,open_meteo_historical_forecast
2022-10-26,NYC,13:00,2022-10-26 13:00:00,70.2,72.0,-1.8,open_meteo_historical_forecast
2022-10-26,NYC,15:00,2022-10-26 15:00:00,70.2,72.0,-1.8,open_meteo_historical_forecast
2022-10-27,NYC,09:00,2022-10-27 09:00:00,63.4,67.3,-3.9,open_meteo_historical_forecast
2022-10-27,NYC,11:00,2022-10-27 11:00:00,63.4,67.3,-3.9,open_meteo_historical_forecast
2022-10-27,NYC,13:00,2022-10-27 13:00:00,63.4,67.3,-3.9,open_meteo_historical_forecast
2022-10-27,NYC,15:00,2022-10-27 15:00:00,63.4,67.3,-3.9,open_meteo_historical_forecast
2022-10-28,NYC,09:00,2022-10-28 09:00:00,55.8,56.7,-0.9,open_meteo_historical_forecast
2022-10-28,NYC,11:00,2022-10-28 11:00:00,55.8,56.7,-0.9,open_meteo_historical_forecast
2022-10-28,NYC,13:00,2022-10-28 13:00:00,55.8,56.7,-0.9,open_meteo_historical_forecast
2022-10-28,NYC,15:00,2022-10-28 15:00:00,55.8,56.7,-0.9,open_meteo_historical_forecast
2022-10-29,NYC,09:00,2022-10-29 09:00:00,58.4,60.1,-1.7,open_meteo_historical_forecast
2022-10-29,NYC,11:00,2022-10-29 11:00:00,58.4,60.1,-1.7,open_meteo_historical_forecast
2022-10-29,NYC,13:00,2022-10-29 13:00:00,58.4,60.1,-1.7,open_meteo_historical_forecast
2022-10-29,NYC,15:00,2022-10-29 15:00:00,58.4,60.1,-1.7,open_meteo_historical_forecast
2022-10-30,NYC,09:00,2022-10-30 09:00:00,61.3,65.5,-4.2,open_meteo_historical_forecast
2022-10-30,NYC,11:00,2022-10-30 11:00:00,61.3,65.5,-4.2,open_meteo_historical_forecast
2022-10-30,NYC,13:00,2022-10-30 13:00:00,61.3,65.5,-4.2,open_meteo_historical_forecast
2022-10-30,NYC,15:00,2022-10-30 15:00:00,61.3,65.5,-4.2,open_meteo_historical_forecast
2022-10-31,NYC,09:00,2022-10-31 09:00:00,63.2,65.3,-2.1,open_meteo_historical_forecast
2022-10-31,NYC,11:00,2022-10-31 11:00:00,63.2,65.3,-2.1,open_meteo_historical_forecast
2022-10-31,NYC,13:00,2022-10-31 13:00:00,63.2,65.3,-2.1,open_meteo_historical_forecast
2022-10-31,NYC,15:00,2022-10-31 15:00:00,63.2,65.3,-2.1,open_meteo_historical_forecast
2022-11-01,NYC,09:00,2022-11-01 09:00:00,67.1,68.1,-1.0,open_meteo_historical_forecast
2022-11-01,NYC,11:00,2022-11-01 11:00:00,67.1,68.1,-1.0,open_meteo_historical_forecast
2022-11-01,NYC,13:00,2022-11-01 13:00:00,67.1,68.1,-1.0,open_meteo_historical_forecast
2022-11-01,NYC,15:00,2022-11-01 15:00:00,67.1,68.1,-1.0,open_meteo_historical_forecast
2022-11-02,NYC,09:00,2022-11-02 09:00:00,68.3,72.5,-4.2,open_meteo_historical_forecast
2022-11-02,NYC,11:00,2022-11-02 11:00:00,68.3,72.5,-4.2,open_meteo_historical_forecast
2022-11-02,NYC,13:00,2022-11-02 13:00:00,68.3,72.5,-4.2,open_meteo_historical_forecast
2022-11-02,NYC,15:00,2022-11-02 15:00:00,68.3,72.5,-4.2,open_meteo_historical_forecast
2022-11-03,NYC,09:00,2022-11-03 09:00:00,64.3,69.1,-4.8,open_meteo_historical_forecast
2022-11-03,NYC,11:00,2022-11-03 11:00:00,64.3,69.1,-4.8,open_meteo_historical_forecast
2022-11-03,NYC,13:00,2022-11-03 13:00:00,64.3,69.1,-4.8,open_meteo_historical_forecast
2022-11-03,NYC,15:00,2022-11-03 15:00:00,64.3,69.1,-4.8,open_meteo_historical_forecast
2022-11-04,NYC,09:00,2022-11-04 09:00:00,68.2,71.3,-3.1,open_meteo_historical_forecast
2022-11-04,NYC,11:00,2022-11-04 11:00:00,68.2,71.3,-3.1,open_meteo_historical_forecast
2022-11-04,NYC,13:00,2022-11-04 13:00:00,68.2,71.3,-3.1,open_meteo_historical_forecast
2022-11-04,NYC,15:00,2022-11-04 15:00:00,68.2,71.3,-3.1,open_meteo_historical_forecast
2022-11-05,NYC,09:00,2022-11-05 09:00:00,72.9,76.5,-3.6,open_meteo_historical_forecast
2022-11-05,NYC,11:00,2022-11-05 11:00:00,72.9,76.5,-3.6,open_meteo_historical_forecast
2022-11-05,NYC,13:00,2022-11-05 13:00:00,72.9,76.5,-3.6,open_meteo_historical_forecast
2022-11-05,NYC,15:00,2022-11-05 15:00:00,72.9,76.5,-3.6,open_meteo_historical_forecast
2022-11-06,NYC,09:00,2022-11-06 09:00:00,74.1,74.1,0.0,open_meteo_historical_forecast
2022-11-06,NYC,11:00,2022-11-06 11:00:00,74.1,74.1,0.0,open_meteo_historical_forecast
2022-11-06,NYC,13:00,2022-11-06 13:00:00,74.1,74.1,0.0,open_meteo_historical_forecast
2022-11-06,NYC,15:00,2022-11-06 15:00:00,74.1,74.1,0.0,open_meteo_historical_forecast
2022-11-07,NYC,09:00,2022-11-07 09:00:00,74.8,78.8,-4.0,open_meteo_historical_forecast
2022-11-07,NYC,11:00,2022-11-07 11:00:00,74.8,78.8,-4.0,open_meteo_historical_forecast
2022-11-07,NYC,13:00,2022-11-07 13:00:00,74.8,78.8,-4.0,open_meteo_historical_forecast
2022-11-07,NYC,15:00,2022-11-07 15:00:00,74.8,78.8,-4.0,open_meteo_historical_forecast
2022-11-08,NYC,09:00,2022-11-08 09:00:00,56.2,58.5,-2.3,open_meteo_historical_forecast
2022-11-08,NYC,11:00,2022-11-08 11:00:00,56.2,58.5,-2.3,open_meteo_historical_forecast
2022-11-08,NYC,13:00,2022-11-08 13:00:00,56.2,58.5,-2.3,open_meteo_historical_forecast
2022-11-08,NYC,15:00,2022-11-08 15:00:00,56.2,58.5,-2.3,open_meteo_historical_forecast
2022-11-09,NYC,09:00,2022-11-09 09:00:00,51.1,54.0,-2.9,open_meteo_historical_forecast
2022-11-09,NYC,11:00,2022-11-09 11:00:00,51.1,54.0,-2.9,open_meteo_historical_forecast
2022-11-09,NYC,13:00,2022-11-09 13:00:00,51.1,54.0,-2.9,open_meteo_historical_forecast
2022-11-09,NYC,15:00,2022-11-09 15:00:00,51.1,54.0,-2.9,open_meteo_historical_forecast
2022-11-10,NYC,09:00,2022-11-10 09:00:00,63.5,67.2,-3.7,open_meteo_historical_forecast
2022-11-10,NYC,11:00,2022-11-10 11:00:00,63.5,67.2,-3.7,open_meteo_historical_forecast
2022-11-10,NYC,13:00,2022-11-10 13:00:00,63.5,67.2,-3.7,open_meteo_historical_forecast
2022-11-10,NYC,15:00,2022-11-10 15:00:00,63.5,67.2,-3.7,open_meteo_historical_forecast
2022-11-11,NYC,09:00,2022-11-11 09:00:00,65.9,67.5,-1.6,open_meteo_historical_forecast
2022-11-11,NYC,11:00,2022-11-11 11:00:00,65.9,67.5,-1.6,open_meteo_historical_forecast
2022-11-11,NYC,13:00,2022-11-11 13:00:00,65.9,67.5,-1.6,open_meteo_historical_forecast
2022-11-11,NYC,15:00,2022-11-11 15:00:00,65.9,67.5,-1.6,open_meteo_historical_forecast
2022-11-12,NYC,09:00,2022-11-12 09:00:00,68.4,69.5,-1.1,open_meteo_historical_forecast
2022-11-12,NYC,11:00,2022-11-12 11:00:00,68.4,69.5,-1.1,open_meteo_historical_forecast
2022-11-12,NYC,13:00,2022-11-12 13:00:00,68.4,69.5,-1.1,open_meteo_historical_forecast
2022-11-12,NYC,15:00,2022-11-12 15:00:00,68.4,69.5,-1.1,open_meteo_historical_forecast
2022-11-13,NYC,09:00,2022-11-13 09:00:00,56.7,60.1,-3.4,open_meteo_historical_forecast
2022-11-13,NYC,11:00,2022-11-13 11:00:00,56.7,60.1,-3.4,open_meteo_historical_forecast
2022-11-13,NYC,13:00,2022-11-13 13:00:00,56.7,60.1,-3.4,open_meteo_historical_forecast
2022-11-13,NYC,15:00,2022-11-13 15:00:00,56.7,60.1,-3.4,open_meteo_historical_forecast
2022-11-14,NYC,09:00,2022-11-14 09:00:00,45.6,46.2,-0.6,open_meteo_historical_forecast
2022-11-14,NYC,11:00,2022-11-14 11:00:00,45.6,46.2,-0.6,open_meteo_historical_forecast
2022-11-14,NYC,13:00,2022-11-14 13:00:00,45.6,46.2,-0.6,open_meteo_historical_forecast
2022-11-14,NYC,15:00,2022-11-14 15:00:00,45.6,46.2,-0.6,open_meteo_historical_forecast
2022-11-15,NYC,09:00,2022-11-15 09:00:00,45.4,44.2,1.2,open_meteo_historical_forecast
2022-11-15,NYC,11:00,2022-11-15 11:00:00,45.4,44.2,1.2,open_meteo_historical_forecast
2022-11-15,NYC,13:00,2022-11-15 13:00:00,45.4,44.2,1.2,open_meteo_historical_forecast
2022-11-15,NYC,15:00,2022-11-15 15:00:00,45.4,44.2,1.2,open_meteo_historical_forecast
2022-11-16,NYC,09:00,2022-11-16 09:00:00,52.2,48.3,3.9,open_meteo_historical_forecast
2022-11-16,NYC,11:00,2022-11-16 11:00:00,52.2,48.3,3.9,open_meteo_historical_forecast
2022-11-16,NYC,13:00,2022-11-16 13:00:00,52.2,48.3,3.9,open_meteo_historical_forecast
2022-11-16,NYC,15:00,2022-11-16 15:00:00,52.2,48.3,3.9,open_meteo_historical_forecast
2022-11-17,NYC,09:00,2022-11-17 09:00:00,46.8,46.1,0.7,open_meteo_historical_forecast
2022-11-17,NYC,11:00,2022-11-17 11:00:00,46.8,46.1,0.7,open_meteo_historical_forecast
2022-11-17,NYC,13:00,2022-11-17 13:00:00,46.8,46.1,0.7,open_meteo_historical_forecast
2022-11-17,NYC,15:00,2022-11-17 15:00:00,46.8,46.1,0.7,open_meteo_historical_forecast
2022-11-18,NYC,09:00,2022-11-18 09:00:00,43.1,43.7,-0.6,open_meteo_historical_forecast
2022-11-18,NYC,11:00,2022-11-18 11:00:00,43.1,43.7,-0.6,open_meteo_historical_forecast
2022-11-18,NYC,13:00,2022-11-18 13:00:00,43.1,43.7,-0.6,open_meteo_historical_forecast
2022-11-18,NYC,15:00,2022-11-18 15:00:00,43.1,43.7,-0.6,open_meteo_historical_forecast
2022-11-19,NYC,09:00,2022-11-19 09:00:00,39.6,40.2,-0.6,open_meteo_historical_forecast
2022-11-19,NYC,11:00,2022-11-19 11:00:00,39.6,40.2,-0.6,open_meteo_historical_forecast
2022-11-19,NYC,13:00,2022-11-19 13:00:00,39.6,40.2,-0.6,open_meteo_historical_forecast
2022-11-19,NYC,15:00,2022-11-19 15:00:00,39.6,40.2,-0.6,open_meteo_historical_forecast
2022-11-20,NYC,09:00,2022-11-20 09:00:00,36.0,36.7,-0.7,open_meteo_historical_forecast
2022-11-20,NYC,11:00,2022-11-20 11:00:00,36.0,36.7,-0.7,open_meteo_historical_forecast
2022-11-20,NYC,13:00,2022-11-20 13:00:00,36.0,36.7,-0.7,open_meteo_historical_forecast
2022-11-20,NYC,15:00,2022-11-20 15:00:00,36.0,36.7,-0.7,open_meteo_historical_forecast
2022-11-21,NYC,09:00,2022-11-21 09:00:00,39.2,41.0,-1.8,open_meteo_historical_forecast
2022-11-21,NYC,11:00,2022-11-21 11:00:00,39.2,41.0,-1.8,open_meteo_historical_forecast
2022-11-21,NYC,13:00,2022-11-21 13:00:00,39.2,41.0,-1.8,open_meteo_historical_forecast
2022-11-21,NYC,15:00,2022-11-21 15:00:00,39.2,41.0,-1.8,open_meteo_historical_forecast
2022-11-22,NYC,09:00,2022-11-22 09:00:00,49.1,51.1,-2.0,open_meteo_historical_forecast
2022-11-22,NYC,11:00,2022-11-22 11:00:00,49.1,51.1,-2.0,open_meteo_historical_forecast
2022-11-22,NYC,13:00,2022-11-22 13:00:00,49.1,51.1,-2.0,open_meteo_historical_forecast
2022-11-22,NYC,15:00,2022-11-22 15:00:00,49.1,51.1,-2.0,open_meteo_historical_forecast
2022-11-23,NYC,09:00,2022-11-23 09:00:00,53.0,55.8,-2.8,open_meteo_historical_forecast
2022-11-23,NYC,11:00,2022-11-23 11:00:00,53.0,55.8,-2.8,open_meteo_historical_forecast
2022-11-23,NYC,13:00,2022-11-23 13:00:00,53.0,55.8,-2.8,open_meteo_historical_forecast
2022-11-23,NYC,15:00,2022-11-23 15:00:00,53.0,55.8,-2.8,open_meteo_historical_forecast
2022-11-24,NYC,09:00,2022-11-24 09:00:00,51.1,53.1,-2.0,open_meteo_historical_forecast
2022-11-24,NYC,11:00,2022-11-24 11:00:00,51.1,53.1,-2.0,open_meteo_historical_forecast
2022-11-24,NYC,13:00,2022-11-24 13:00:00,51.1,53.1,-2.0,open_meteo_historical_forecast
2022-11-24,NYC,15:00,2022-11-24 15:00:00,51.1,53.1,-2.0,open_meteo_historical_forecast
2022-11-25,NYC,09:00,2022-11-25 09:00:00,53.4,54.3,-0.9,open_meteo_historical_forecast
2022-11-25,NYC,11:00,2022-11-25 11:00:00,53.4,54.3,-0.9,open_meteo_historical_forecast
2022-11-25,NYC,13:00,2022-11-25 13:00:00,53.4,54.3,-0.9,open_meteo_historical_forecast
2022-11-25,NYC,15:00,2022-11-25 15:00:00,53.4,54.3,-0.9,open_meteo_historical_forecast
2022-11-26,NYC,09:00,2022-11-26 09:00:00,54.0,56.8,-2.8,open_meteo_historical_forecast
2022-11-26,NYC,11:00,2022-11-26 11:00:00,54.0,56.8,-2.8,open_meteo_historical_forecast
2022-11-26,NYC,13:00,2022-11-26 13:00:00,54.0,56.8,-2.8,open_meteo_historical_forecast
2022-11-26,NYC,15:00,2022-11-26 15:00:00,54.0,56.8,-2.8,open_meteo_historical_forecast
2022-11-27,NYC,09:00,2022-11-27 09:00:00,57.3,58.7,-1.4,open_meteo_historical_forecast
2022-11-27,NYC,11:00,2022-11-27 11:00:00,57.3,58.7,-1.4,open_meteo_historical_forecast
2022-11-27,NYC,13:00,2022-11-27 13:00:00,57.3,58.7,-1.4,open_meteo_historical_forecast
2022-11-27,NYC,15:00,2022-11-27 15:00:00,57.3,58.7,-1.4,open_meteo_historical_forecast
2022-11-28,NYC,09:00,2022-11-28 09:00:00,53.6,54.4,-0.8,open_meteo_historical_forecast
2022-11-28,NYC,11:00,2022-11-28 11:00:00,53.6,54.4,-0.8,open_meteo_historical_forecast
2022-11-28,NYC,13:00,2022-11-28 13:00:00,53.6,54.4,-0.8,open_meteo_historical_forecast
2022-11-28,NYC,15:00,2022-11-28 15:00:00,53.6,54.4,-0.8,open_meteo_historical_forecast
2022-11-29,NYC,09:00,2022-11-29 09:00:00,43.3,42.9,0.4,open_meteo_historical_forecast
2022-11-29,NYC,11:00,2022-11-29 11:00:00,43.3,42.9,0.4,open_meteo_historical_forecast
2022-11-29,NYC,13:00,2022-11-29 13:00:00,43.3,42.9,0.4,open_meteo_historical_forecast
2022-11-29,NYC,15:00,2022-11-29 15:00:00,43.3,42.9,0.4,open_meteo_historical_forecast
2022-11-30,NYC,09:00,2022-11-30 09:00:00,55.4,57.1,-1.7,open_meteo_historical_forecast
2022-11-30,NYC,11:00,2022-11-30 11:00:00,55.4,57.1,-1.7,open_meteo_historical_forecast
2022-11-30,NYC,13:00,2022-11-30 13:00:00,55.4,57.1,-1.7,open_meteo_historical_forecast
2022-11-30,NYC,15:00,2022-11-30 15:00:00,55.4,57.1,-1.7,open_meteo_historical_forecast
2022-12-01,NYC,09:00,2022-12-01 09:00:00,42.9,43.3,-0.4,open_meteo_historical_forecast
2022-12-01,NYC,11:00,2022-12-01 11:00:00,42.9,43.3,-0.4,open_meteo_historical_forecast
2022-12-01,NYC,13:00,2022-12-01 13:00:00,42.9,43.3,-0.4,open_meteo_historical_forecast
2022-12-01,NYC,15:00,2022-12-01 15:00:00,42.9,43.3,-0.4,open_meteo_historical_forecast
2022-12-02,NYC,09:00,2022-12-02 09:00:00,41.0,42.9,-1.9,open_meteo_historical_forecast
2022-12-02,NYC,11:00,2022-12-02 11:00:00,41.0,42.9,-1.9,open_meteo_historical_forecast
2022-12-02,NYC,13:00,2022-12-02 13:00:00,41.0,42.9,-1.9,open_meteo_historical_forecast
2022-12-02,NYC,15:00,2022-12-02 15:00:00,41.0,42.9,-1.9,open_meteo_historical_forecast
2022-12-03,NYC,09:00,2022-12-03 09:00:00,56.2,56.6,-0.4,open_meteo_historical_forecast
2022-12-03,NYC,11:00,2022-12-03 11:00:00,56.2,56.6,-0.4,open_meteo_historical_forecast
2022-12-03,NYC,13:00,2022-12-03 13:00:00,56.2,56.6,-0.4,open_meteo_historical_forecast
2022-12-03,NYC,15:00,2022-12-03 15:00:00,56.2,56.6,-0.4,open_meteo_historical_forecast
2022-12-04,NYC,09:00,2022-12-04 09:00:00,44.2,45.6,-1.4,open_meteo_historical_forecast
2022-12-04,NYC,11:00,2022-12-04 11:00:00,44.2,45.6,-1.4,open_meteo_historical_forecast
2022-12-04,NYC,13:00,2022-12-04 13:00:00,44.2,45.6,-1.4,open_meteo_historical_forecast
2022-12-04,NYC,15:00,2022-12-04 15:00:00,44.2,45.6,-1.4,open_meteo_historical_forecast
2022-12-05,NYC,09:00,2022-12-05 09:00:00,43.4,46.9,-3.5,open_meteo_historical_forecast
2022-12-05,NYC,11:00,2022-12-05 11:00:00,43.4,46.9,-3.5,open_meteo_historical_forecast
2022-12-05,NYC,13:00,2022-12-05 13:00:00,43.4,46.9,-3.5,open_meteo_historical_forecast
2022-12-05,NYC,15:00,2022-12-05 15:00:00,43.4,46.9,-3.5,open_meteo_historical_forecast
2022-12-06,NYC,09:00,2022-12-06 09:00:00,54.1,56.2,-2.1,open_meteo_historical_forecast
2022-12-06,NYC,11:00,2022-12-06 11:00:00,54.1,56.2,-2.1,open_meteo_historical_forecast
2022-12-06,NYC,13:00,2022-12-06 13:00:00,54.1,56.2,-2.1,open_meteo_historical_forecast
2022-12-06,NYC,15:00,2022-12-06 15:00:00,54.1,56.2,-2.1,open_meteo_historical_forecast
2022-12-07,NYC,09:00,2022-12-07 09:00:00,58.0,58.2,-0.2,open_meteo_historical_forecast
2022-12-07,NYC,11:00,2022-12-07 11:00:00,58.0,58.2,-0.2,open_meteo_historical_forecast
2022-12-07,NYC,13:00,2022-12-07 13:00:00,58.0,58.2,-0.2,open_meteo_historical_forecast
2022-12-07,NYC,15:00,2022-12-07 15:00:00,58.0,58.2,-0.2,open_meteo_historical_forecast
2022-12-08,NYC,09:00,2022-12-08 09:00:00,52.7,54.0,-1.3,open_meteo_historical_forecast
2022-12-08,NYC,11:00,2022-12-08 11:00:00,52.7,54.0,-1.3,open_meteo_historical_forecast
2022-12-08,NYC,13:00,2022-12-08 13:00:00,52.7,54.0,-1.3,open_meteo_historical_forecast
2022-12-08,NYC,15:00,2022-12-08 15:00:00,52.7,54.0,-1.3,open_meteo_historical_forecast
2022-12-09,NYC,09:00,2022-12-09 09:00:00,44.4,45.9,-1.5,open_meteo_historical_forecast
2022-12-09,NYC,11:00,2022-12-09 11:00:00,44.4,45.9,-1.5,open_meteo_historical_forecast
2022-12-09,NYC,13:00,2022-12-09 13:00:00,44.4,45.9,-1.5,open_meteo_historical_forecast
2022-12-09,NYC,15:00,2022-12-09 15:00:00,44.4,45.9,-1.5,open_meteo_historical_forecast
2022-12-10,NYC,09:00,2022-12-10 09:00:00,40.8,39.1,1.7,open_meteo_historical_forecast
2022-12-10,NYC,11:00,2022-12-10 11:00:00,40.8,39.1,1.7,open_meteo_historical_forecast
2022-12-10,NYC,13:00,2022-12-10 13:00:00,40.8,39.1,1.7,open_meteo_historical_forecast
2022-12-10,NYC,15:00,2022-12-10 15:00:00,40.8,39.1,1.7,open_meteo_historical_forecast
2022-12-11,NYC,09:00,2022-12-11 09:00:00,39.5,38.5,1.0,open_meteo_historical_forecast
2022-12-11,NYC,11:00,2022-12-11 11:00:00,39.5,38.5,1.0,open_meteo_historical_forecast
2022-12-11,NYC,13:00,2022-12-11 13:00:00,39.5,38.5,1.0,open_meteo_historical_forecast
2022-12-11,NYC,15:00,2022-12-11 15:00:00,39.5,38.5,1.0,open_meteo_historical_forecast
2022-12-12,NYC,09:00,2022-12-12 09:00:00,39.4,36.9,2.5,open_meteo_historical_forecast
2022-12-12,NYC,11:00,2022-12-12 11:00:00,39.4,36.9,2.5,open_meteo_historical_forecast
2022-12-12,NYC,13:00,2022-12-12 13:00:00,39.4,36.9,2.5,open_meteo_historical_forecast
2022-12-12,NYC,15:00,2022-12-12 15:00:00,39.4,36.9,2.5,open_meteo_historical_forecast
2022-12-13,NYC,09:00,2022-12-13 09:00:00,40.6,40.3,0.3,open_meteo_historical_forecast
2022-12-13,NYC,11:00,2022-12-13 11:00:00,40.6,40.3,0.3,open_meteo_historical_forecast
2022-12-13,NYC,13:00,2022-12-13 13:00:00,40.6,40.3,0.3,open_meteo_historical_forecast
2022-12-13,NYC,15:00,2022-12-13 15:00:00,40.6,40.3,0.3,open_meteo_historical_forecast
2022-12-14,NYC,09:00,2022-12-14 09:00:00,39.9,40.5,-0.6,open_meteo_historical_forecast
2022-12-14,NYC,11:00,2022-12-14 11:00:00,39.9,40.5,-0.6,open_meteo_historical_forecast
2022-12-14,NYC,13:00,2022-12-14 13:00:00,39.9,40.5,-0.6,open_meteo_historical_forecast
2022-12-14,NYC,15:00,2022-12-14 15:00:00,39.9,40.5,-0.6,open_meteo_historical_forecast
2022-12-15,NYC,09:00,2022-12-15 09:00:00,40.5,40.5,0.0,open_meteo_historical_forecast
2022-12-15,NYC,11:00,2022-12-15 11:00:00,40.5,40.5,0.0,open_meteo_historical_forecast
2022-12-15,NYC,13:00,2022-12-15 13:00:00,40.5,40.5,0.0,open_meteo_historical_forecast
2022-12-15,NYC,15:00,2022-12-15 15:00:00,40.5,40.5,0.0,open_meteo_historical_forecast
2022-12-16,NYC,09:00,2022-12-16 09:00:00,43.7,43.3,0.4,open_meteo_historical_forecast
2022-12-16,NYC,11:00,2022-12-16 11:00:00,43.7,43.3,0.4,open_meteo_historical_forecast
2022-12-16,NYC,13:00,2022-12-16 13:00:00,43.7,43.3,0.4,open_meteo_historical_forecast
2022-12-16,NYC,15:00,2022-12-16 15:00:00,43.7,43.3,0.4,open_meteo_historical_forecast
2022-12-17,NYC,09:00,2022-12-17 09:00:00,44.2,44.1,0.1,open_meteo_historical_forecast
2022-12-17,NYC,11:00,2022-12-17 11:00:00,44.2,44.1,0.1,open_meteo_historical_forecast
2022-12-17,NYC,13:00,2022-12-17 13:00:00,44.2,44.1,0.1,open_meteo_historical_forecast
2022-12-17,NYC,15:00,2022-12-17 15:00:00,44.2,44.1,0.1,open_meteo_historical_forecast
2022-12-18,NYC,09:00,2022-12-18 09:00:00,39.2,39.1,0.1,open_meteo_historical_forecast
2022-12-18,NYC,11:00,2022-12-18 11:00:00,39.2,39.1,0.1,open_meteo_historical_forecast
2022-12-18,NYC,13:00,2022-12-18 13:00:00,39.2,39.1,0.1,open_meteo_historical_forecast
2022-12-18,NYC,15:00,2022-12-18 15:00:00,39.2,39.1,0.1,open_meteo_historical_forecast
2022-12-19,NYC,09:00,2022-12-19 09:00:00,38.3,37.8,0.5,open_meteo_historical_forecast
2022-12-19,NYC,11:00,2022-12-19 11:00:00,38.3,37.8,0.5,open_meteo_historical_forecast
2022-12-19,NYC,13:00,2022-12-19 13:00:00,38.3,37.8,0.5,open_meteo_historical_forecast
2022-12-19,NYC,15:00,2022-12-19 15:00:00,38.3,37.8,0.5,open_meteo_historical_forecast
2022-12-20,NYC,09:00,2022-12-20 09:00:00,38.8,38.7,0.1,open_meteo_historical_forecast
2022-12-20,NYC,11:00,2022-12-20 11:00:00,38.8,38.7,0.1,open_meteo_historical_forecast
2022-12-20,NYC,13:00,2022-12-20 13:00:00,38.8,38.7,0.1,open_meteo_historical_forecast
2022-12-20,NYC,15:00,2022-12-20 15:00:00,38.8,38.7,0.1,open_meteo_historical_forecast
2022-12-21,NYC,09:00,2022-12-21 09:00:00,37.8,39.9,-2.1,open_meteo_historical_forecast
2022-12-21,NYC,11:00,2022-12-21 11:00:00,37.8,39.9,-2.1,open_meteo_historical_forecast
2022-12-21,NYC,13:00,2022-12-21 13:00:00,37.8,39.9,-2.1,open_meteo_historical_forecast
2022-12-21,NYC,15:00,2022-12-21 15:00:00,37.8,39.9,-2.1,open_meteo_historical_forecast
2022-12-22,NYC,09:00,2022-12-22 09:00:00,44.4,44.5,-0.1,open_meteo_historical_forecast
2022-12-22,NYC,11:00,2022-12-22 11:00:00,44.4,44.5,-0.1,open_meteo_historical_forecast
2022-12-22,NYC,13:00,2022-12-22 13:00:00,44.4,44.5,-0.1,open_meteo_historical_forecast
2022-12-22,NYC,15:00,2022-12-22 15:00:00,44.4,44.5,-0.1,open_meteo_historical_forecast
2022-12-23,NYC,09:00,2022-12-23 09:00:00,55.4,57.2,-1.8,open_meteo_historical_forecast
2022-12-23,NYC,11:00,2022-12-23 11:00:00,55.4,57.2,-1.8,open_meteo_historical_forecast
2022-12-23,NYC,13:00,2022-12-23 13:00:00,55.4,57.2,-1.8,open_meteo_historical_forecast
2022-12-23,NYC,15:00,2022-12-23 15:00:00,55.4,57.2,-1.8,open_meteo_historical_forecast
2022-12-24,NYC,09:00,2022-12-24 09:00:00,19.8,14.3,5.5,open_meteo_historical_forecast
2022-12-24,NYC,11:00,2022-12-24 11:00:00,19.8,14.3,5.5,open_meteo_historical_forecast
2022-12-24,NYC,13:00,2022-12-24 13:00:00,19.8,14.3,5.5,open_meteo_historical_forecast
2022-12-24,NYC,15:00,2022-12-24 15:00:00,19.8,14.3,5.5,open_meteo_historical_forecast
2022-12-25,NYC,09:00,2022-12-25 09:00:00,29.1,27.0,2.1,open_meteo_historical_forecast
2022-12-25,NYC,11:00,2022-12-25 11:00:00,29.1,27.0,2.1,open_meteo_historical_forecast
2022-12-25,NYC,13:00,2022-12-25 13:00:00,29.1,27.0,2.1,open_meteo_historical_forecast
2022-12-25,NYC,15:00,2022-12-25 15:00:00,29.1,27.0,2.1,open_meteo_historical_forecast
2022-12-26,NYC,09:00,2022-12-26 09:00:00,30.6,28.2,2.4,open_meteo_historical_forecast
2022-12-26,NYC,11:00,2022-12-26 11:00:00,30.6,28.2,2.4,open_meteo_historical_forecast
2022-12-26,NYC,13:00,2022-12-26 13:00:00,30.6,28.2,2.4,open_meteo_historical_forecast
2022-12-26,NYC,15:00,2022-12-26 15:00:00,30.6,28.2,2.4,open_meteo_historical_forecast
2022-12-27,NYC,09:00,2022-12-27 09:00:00,39.1,34.9,4.2,open_meteo_historical_forecast
2022-12-27,NYC,11:00,2022-12-27 11:00:00,39.1,34.9,4.2,open_meteo_historical_forecast
2022-12-27,NYC,13:00,2022-12-27 13:00:00,39.1,34.9,4.2,open_meteo_historical_forecast
2022-12-27,NYC,15:00,2022-12-27 15:00:00,39.1,34.9,4.2,open_meteo_historical_forecast
2022-12-28,NYC,09:00,2022-12-28 09:00:00,43.8,47.4,-3.6,open_meteo_historical_forecast
2022-12-28,NYC,11:00,2022-12-28 11:00:00,43.8,47.4,-3.6,open_meteo_historical_forecast
2022-12-28,NYC,13:00,2022-12-28 13:00:00,43.8,47.4,-3.6,open_meteo_historical_forecast
2022-12-28,NYC,15:00,2022-12-28 15:00:00,43.8,47.4,-3.6,open_meteo_historical_forecast
2022-12-29,NYC,09:00,2022-12-29 09:00:00,47.0,50.6,-3.6,open_meteo_historical_forecast
2022-12-29,NYC,11:00,2022-12-29 11:00:00,47.0,50.6,-3.6,open_meteo_historical_forecast
2022-12-29,NYC,13:00,2022-12-29 13:00:00,47.0,50.6,-3.6,open_meteo_historical_forecast
2022-12-29,NYC,15:00,2022-12-29 15:00:00,47.0,50.6,-3.6,open_meteo_historical_forecast
2022-12-30,NYC,09:00,2022-12-30 09:00:00,55.8,59.5,-3.7,open_meteo_historical_forecast
2022-12-30,NYC,11:00,2022-12-30 11:00:00,55.8,59.5,-3.7,open_meteo_historical_forecast
2022-12-30,NYC,13:00,2022-12-30 13:00:00,55.8,59.5,-3.7,open_meteo_historical_forecast
2022-12-30,NYC,15:00,2022-12-30 15:00:00,55.8,59.5,-3.7,open_meteo_historical_forecast
2022-12-31,NYC,09:00,2022-12-31 09:00:00,52.2,51.2,1.0,open_meteo_historical_forecast
2022-12-31,NYC,11:00,2022-12-31 11:00:00,52.2,51.2,1.0,open_meteo_historical_forecast
2022-12-31,NYC,13:00,2022-12-31 13:00:00,52.2,51.2,1.0,open_meteo_historical_forecast
2022-12-31,NYC,15:00,2022-12-31 15:00:00,52.2,51.2,1.0,open_meteo_historical_forecast
2023-01-01,NYC,09:00,2023-01-01 09:00:00,52.7,54.5,-1.8,open_meteo_historical_forecast
2023-01-01,NYC,11:00,2023-01-01 11:00:00,52.7,54.5,-1.8,open_meteo_historical_forecast
2023-01-01,NYC,13:00,2023-01-01 13:00:00,52.7,54.5,-1.8,open_meteo_historical_forecast
2023-01-01,NYC,15:00,2023-01-01 15:00:00,52.7,54.5,-1.8,open_meteo_historical_forecast
2023-01-02,NYC,09:00,2023-01-02 09:00:00,54.6,55.8,-1.2,open_meteo_historical_forecast
2023-01-02,NYC,11:00,2023-01-02 11:00:00,54.6,55.8,-1.2,open_meteo_historical_forecast
2023-01-02,NYC,13:00,2023-01-02 13:00:00,54.6,55.8,-1.2,open_meteo_historical_forecast
2023-01-02,NYC,15:00,2023-01-02 15:00:00,54.6,55.8,-1.2,open_meteo_historical_forecast
2023-01-03,NYC,09:00,2023-01-03 09:00:00,55.5,53.1,2.4,open_meteo_historical_forecast
2023-01-03,NYC,11:00,2023-01-03 11:00:00,55.5,53.1,2.4,open_meteo_historical_forecast
2023-01-03,NYC,13:00,2023-01-03 13:00:00,55.5,53.1,2.4,open_meteo_historical_forecast
2023-01-03,NYC,15:00,2023-01-03 15:00:00,55.5,53.1,2.4,open_meteo_historical_forecast
2023-01-04,NYC,09:00,2023-01-04 09:00:00,64.0,65.5,-1.5,open_meteo_historical_forecast
2023-01-04,NYC,11:00,2023-01-04 11:00:00,64.0,65.5,-1.5,open_meteo_historical_forecast
2023-01-04,NYC,13:00,2023-01-04 13:00:00,64.0,65.5,-1.5,open_meteo_historical_forecast
2023-01-04,NYC,15:00,2023-01-04 15:00:00,64.0,65.5,-1.5,open_meteo_historical_forecast
2023-01-05,NYC,09:00,2023-01-05 09:00:00,55.5,48.6,6.9,open_meteo_historical_forecast
2023-01-05,NYC,11:00,2023-01-05 11:00:00,55.5,48.6,6.9,open_meteo_historical_forecast
2023-01-05,NYC,13:00,2023-01-05 13:00:00,55.5,48.6,6.9,open_meteo_historical_forecast
2023-01-05,NYC,15:00,2023-01-05 15:00:00,55.5,48.6,6.9,open_meteo_historical_forecast
2023-01-06,NYC,09:00,2023-01-06 09:00:00,46.9,47.3,-0.4,open_meteo_historical_forecast
2023-01-06,NYC,11:00,2023-01-06 11:00:00,46.9,47.3,-0.4,open_meteo_historical_forecast
2023-01-06,NYC,13:00,2023-01-06 13:00:00,46.9,47.3,-0.4,open_meteo_historical_forecast
2023-01-06,NYC,15:00,2023-01-06 15:00:00,46.9,47.3,-0.4,open_meteo_historical_forecast
2023-01-07,NYC,09:00,2023-01-07 09:00:00,46.6,44.3,2.3,open_meteo_historical_forecast
2023-01-07,NYC,11:00,2023-01-07 11:00:00,46.6,44.3,2.3,open_meteo_historical_forecast
2023-01-07,NYC,13:00,2023-01-07 13:00:00,46.6,44.3,2.3,open_meteo_historical_forecast
2023-01-07,NYC,15:00,2023-01-07 15:00:00,46.6,44.3,2.3,open_meteo_historical_forecast
2023-01-08,NYC,09:00,2023-01-08 09:00:00,39.7,41.4,-1.7,open_meteo_historical_forecast
2023-01-08,NYC,11:00,2023-01-08 11:00:00,39.7,41.4,-1.7,open_meteo_historical_forecast
2023-01-08,NYC,13:00,2023-01-08 13:00:00,39.7,41.4,-1.7,open_meteo_historical_forecast
2023-01-08,NYC,15:00,2023-01-08 15:00:00,39.7,41.4,-1.7,open_meteo_historical_forecast
2023-01-09,NYC,09:00,2023-01-09 09:00:00,44.7,44.7,0.0,open_meteo_historical_forecast
2023-01-09,NYC,11:00,2023-01-09 11:00:00,44.7,44.7,0.0,open_meteo_historical_forecast
2023-01-09,NYC,13:00,2023-01-09 13:00:00,44.7,44.7,0.0,open_meteo_historical_forecast
2023-01-09,NYC,15:00,2023-01-09 15:00:00,44.7,44.7,0.0,open_meteo_historical_forecast
2023-01-10,NYC,09:00,2023-01-10 09:00:00,43.3,41.5,1.8,open_meteo_historical_forecast
2023-01-10,NYC,11:00,2023-01-10 11:00:00,43.3,41.5,1.8,open_meteo_historical_forecast
2023-01-10,NYC,13:00,2023-01-10 13:00:00,43.3,41.5,1.8,open_meteo_historical_forecast
2023-01-10,NYC,15:00,2023-01-10 15:00:00,43.3,41.5,1.8,open_meteo_historical_forecast
2023-01-11,NYC,09:00,2023-01-11 09:00:00,38.1,39.0,-0.9,open_meteo_historical_forecast
2023-01-11,NYC,11:00,2023-01-11 11:00:00,38.1,39.0,-0.9,open_meteo_historical_forecast
2023-01-11,NYC,13:00,2023-01-11 13:00:00,38.1,39.0,-0.9,open_meteo_historical_forecast
2023-01-11,NYC,15:00,2023-01-11 15:00:00,38.1,39.0,-0.9,open_meteo_historical_forecast
2023-01-12,NYC,09:00,2023-01-12 09:00:00,50.4,54.7,-4.3,open_meteo_historical_forecast
2023-01-12,NYC,11:00,2023-01-12 11:00:00,50.4,54.7,-4.3,open_meteo_historical_forecast
2023-01-12,NYC,13:00,2023-01-12 13:00:00,50.4,54.7,-4.3,open_meteo_historical_forecast
2023-01-12,NYC,15:00,2023-01-12 15:00:00,50.4,54.7,-4.3,open_meteo_historical_forecast
2023-01-13,NYC,09:00,2023-01-13 09:00:00,55.0,55.6,-0.6,open_meteo_historical_forecast
2023-01-13,NYC,11:00,2023-01-13 11:00:00,55.0,55.6,-0.6,open_meteo_historical_forecast
2023-01-13,NYC,13:00,2023-01-13 13:00:00,55.0,55.6,-0.6,open_meteo_historical_forecast
2023-01-13,NYC,15:00,2023-01-13 15:00:00,55.0,55.6,-0.6,open_meteo_historical_forecast
2023-01-14,NYC,09:00,2023-01-14 09:00:00,37.3,37.4,-0.1,open_meteo_historical_forecast
2023-01-14,NYC,11:00,2023-01-14 11:00:00,37.3,37.4,-0.1,open_meteo_historical_forecast
2023-01-14,NYC,13:00,2023-01-14 13:00:00,37.3,37.4,-0.1,open_meteo_historical_forecast
2023-01-14,NYC,15:00,2023-01-14 15:00:00,37.3,37.4,-0.1,open_meteo_historical_forecast
2023-01-15,NYC,09:00,2023-01-15 09:00:00,40.6,39.9,0.7,open_meteo_historical_forecast
2023-01-15,NYC,11:00,2023-01-15 11:00:00,40.6,39.9,0.7,open_meteo_historical_forecast
2023-01-15,NYC,13:00,2023-01-15 13:00:00,40.6,39.9,0.7,open_meteo_historical_forecast
2023-01-15,NYC,15:00,2023-01-15 15:00:00,40.6,39.9,0.7,open_meteo_historical_forecast
2023-01-16,NYC,09:00,2023-01-16 09:00:00,46.7,47.7,-1.0,open_meteo_historical_forecast
2023-01-16,NYC,11:00,2023-01-16 11:00:00,46.7,47.7,-1.0,open_meteo_historical_forecast
2023-01-16,NYC,13:00,2023-01-16 13:00:00,46.7,47.7,-1.0,open_meteo_historical_forecast
2023-01-16,NYC,15:00,2023-01-16 15:00:00,46.7,47.7,-1.0,open_meteo_historical_forecast
2023-01-17,NYC,09:00,2023-01-17 09:00:00,45.0,45.9,-0.9,open_meteo_historical_forecast
2023-01-17,NYC,11:00,2023-01-17 11:00:00,45.0,45.9,-0.9,open_meteo_historical_forecast
2023-01-17,NYC,13:00,2023-01-17 13:00:00,45.0,45.9,-0.9,open_meteo_historical_forecast
2023-01-17,NYC,15:00,2023-01-17 15:00:00,45.0,45.9,-0.9,open_meteo_historical_forecast
2023-01-18,NYC,09:00,2023-01-18 09:00:00,51.0,53.3,-2.3,open_meteo_historical_forecast
2023-01-18,NYC,11:00,2023-01-18 11:00:00,51.0,53.3,-2.3,open_meteo_historical_forecast
2023-01-18,NYC,13:00,2023-01-18 13:00:00,51.0,53.3,-2.3,open_meteo_historical_forecast
2023-01-18,NYC,15:00,2023-01-18 15:00:00,51.0,53.3,-2.3,open_meteo_historical_forecast
2023-01-19,NYC,09:00,2023-01-19 09:00:00,41.6,44.4,-2.8,open_meteo_historical_forecast
2023-01-19,NYC,11:00,2023-01-19 11:00:00,41.6,44.4,-2.8,open_meteo_historical_forecast
2023-01-19,NYC,13:00,2023-01-19 13:00:00,41.6,44.4,-2.8,open_meteo_historical_forecast
2023-01-19,NYC,15:00,2023-01-19 15:00:00,41.6,44.4,-2.8,open_meteo_historical_forecast
2023-01-20,NYC,09:00,2023-01-20 09:00:00,47.4,48.2,-0.8,open_meteo_historical_forecast
2023-01-20,NYC,11:00,2023-01-20 11:00:00,47.4,48.2,-0.8,open_meteo_historical_forecast
2023-01-20,NYC,13:00,2023-01-20 13:00:00,47.4,48.2,-0.8,open_meteo_historical_forecast
2023-01-20,NYC,15:00,2023-01-20 15:00:00,47.4,48.2,-0.8,open_meteo_historical_forecast
2023-01-21,NYC,09:00,2023-01-21 09:00:00,42.9,41.7,1.2,open_meteo_historical_forecast
2023-01-21,NYC,11:00,2023-01-21 11:00:00,42.9,41.7,1.2,open_meteo_historical_forecast
2023-01-21,NYC,13:00,2023-01-21 13:00:00,42.9,41.7,1.2,open_meteo_historical_forecast
2023-01-21,NYC,15:00,2023-01-21 15:00:00,42.9,41.7,1.2,open_meteo_historical_forecast
2023-01-22,NYC,09:00,2023-01-22 09:00:00,41.7,41.4,0.3,open_meteo_historical_forecast
2023-01-22,NYC,11:00,2023-01-22 11:00:00,41.7,41.4,0.3,open_meteo_historical_forecast
2023-01-22,NYC,13:00,2023-01-22 13:00:00,41.7,41.4,0.3,open_meteo_historical_forecast
2023-01-22,NYC,15:00,2023-01-22 15:00:00,41.7,41.4,0.3,open_meteo_historical_forecast
2023-01-23,NYC,09:00,2023-01-23 09:00:00,37.3,37.9,-0.6,open_meteo_historical_forecast
2023-01-23,NYC,11:00,2023-01-23 11:00:00,37.3,37.9,-0.6,open_meteo_historical_forecast
2023-01-23,NYC,13:00,2023-01-23 13:00:00,37.3,37.9,-0.6,open_meteo_historical_forecast
2023-01-23,NYC,15:00,2023-01-23 15:00:00,37.3,37.9,-0.6,open_meteo_historical_forecast
2023-01-24,NYC,09:00,2023-01-24 09:00:00,45.6,45.7,-0.1,open_meteo_historical_forecast
2023-01-24,NYC,11:00,2023-01-24 11:00:00,45.6,45.7,-0.1,open_meteo_historical_forecast
2023-01-24,NYC,13:00,2023-01-24 13:00:00,45.6,45.7,-0.1,open_meteo_historical_forecast
2023-01-24,NYC,15:00,2023-01-24 15:00:00,45.6,45.7,-0.1,open_meteo_historical_forecast
2023-01-25,NYC,09:00,2023-01-25 09:00:00,51.5,52.0,-0.5,open_meteo_historical_forecast
2023-01-25,NYC,11:00,2023-01-25 11:00:00,51.5,52.0,-0.5,open_meteo_historical_forecast
2023-01-25,NYC,13:00,2023-01-25 13:00:00,51.5,52.0,-0.5,open_meteo_historical_forecast
2023-01-25,NYC,15:00,2023-01-25 15:00:00,51.5,52.0,-0.5,open_meteo_historical_forecast
2023-01-26,NYC,09:00,2023-01-26 09:00:00,53.4,55.3,-1.9,open_meteo_historical_forecast
2023-01-26,NYC,11:00,2023-01-26 11:00:00,53.4,55.3,-1.9,open_meteo_historical_forecast
2023-01-26,NYC,13:00,2023-01-26 13:00:00,53.4,55.3,-1.9,open_meteo_historical_forecast
2023-01-26,NYC,15:00,2023-01-26 15:00:00,53.4,55.3,-1.9,open_meteo_historical_forecast
2023-01-27,NYC,09:00,2023-01-27 09:00:00,43.0,42.1,0.9,open_meteo_historical_forecast
2023-01-27,NYC,11:00,2023-01-27 11:00:00,43.0,42.1,0.9,open_meteo_historical_forecast
2023-01-27,NYC,13:00,2023-01-27 13:00:00,43.0,42.1,0.9,open_meteo_historical_forecast
2023-01-27,NYC,15:00,2023-01-27 15:00:00,43.0,42.1,0.9,open_meteo_historical_forecast
2023-01-28,NYC,09:00,2023-01-28 09:00:00,51.1,53.1,-2.0,open_meteo_historical_forecast
2023-01-28,NYC,11:00,2023-01-28 11:00:00,51.1,53.1,-2.0,open_meteo_historical_forecast
2023-01-28,NYC,13:00,2023-01-28 13:00:00,51.1,53.1,-2.0,open_meteo_historical_forecast
2023-01-28,NYC,15:00,2023-01-28 15:00:00,51.1,53.1,-2.0,open_meteo_historical_forecast
2023-01-29,NYC,09:00,2023-01-29 09:00:00,50.5,54.2,-3.7,open_meteo_historical_forecast
2023-01-29,NYC,11:00,2023-01-29 11:00:00,50.5,54.2,-3.7,open_meteo_historical_forecast
2023-01-29,NYC,13:00,2023-01-29 13:00:00,50.5,54.2,-3.7,open_meteo_historical_forecast
2023-01-29,NYC,15:00,2023-01-29 15:00:00,50.5,54.2,-3.7,open_meteo_historical_forecast
2023-01-30,NYC,09:00,2023-01-30 09:00:00,52.6,54.7,-2.1,open_meteo_historical_forecast
2023-01-30,NYC,11:00,2023-01-30 11:00:00,52.6,54.7,-2.1,open_meteo_historical_forecast
2023-01-30,NYC,13:00,2023-01-30 13:00:00,52.6,54.7,-2.1,open_meteo_historical_forecast
2023-01-30,NYC,15:00,2023-01-30 15:00:00,52.6,54.7,-2.1,open_meteo_historical_forecast
2023-01-31,NYC,09:00,2023-01-31 09:00:00,43.7,47.7,-4.0,open_meteo_historical_forecast
2023-01-31,NYC,11:00,2023-01-31 11:00:00,43.7,47.7,-4.0,open_meteo_historical_forecast
2023-01-31,NYC,13:00,2023-01-31 13:00:00,43.7,47.7,-4.0,open_meteo_historical_forecast
2023-01-31,NYC,15:00,2023-01-31 15:00:00,43.7,47.7,-4.0,open_meteo_historical_forecast
2023-02-01,NYC,09:00,2023-02-01 09:00:00,37.2,38.5,-1.3,open_meteo_historical_forecast
2023-02-01,NYC,11:00,2023-02-01 11:00:00,37.2,38.5,-1.3,open_meteo_historical_forecast
2023-02-01,NYC,13:00,2023-02-01 13:00:00,37.2,38.5,-1.3,open_meteo_historical_forecast
2023-02-01,NYC,15:00,2023-02-01 15:00:00,37.2,38.5,-1.3,open_meteo_historical_forecast
2023-02-02,NYC,09:00,2023-02-02 09:00:00,39.0,39.8,-0.8,open_meteo_historical_forecast
2023-02-02,NYC,11:00,2023-02-02 11:00:00,39.0,39.8,-0.8,open_meteo_historical_forecast
2023-02-02,NYC,13:00,2023-02-02 13:00:00,39.0,39.8,-0.8,open_meteo_historical_forecast
2023-02-02,NYC,15:00,2023-02-02 15:00:00,39.0,39.8,-0.8,open_meteo_historical_forecast
2023-02-03,NYC,09:00,2023-02-03 09:00:00,32.6,33.5,-0.9,open_meteo_historical_forecast
2023-02-03,NYC,11:00,2023-02-03 11:00:00,32.6,33.5,-0.9,open_meteo_historical_forecast
2023-02-03,NYC,13:00,2023-02-03 13:00:00,32.6,33.5,-0.9,open_meteo_historical_forecast
2023-02-03,NYC,15:00,2023-02-03 15:00:00,32.6,33.5,-0.9,open_meteo_historical_forecast
2023-02-04,NYC,09:00,2023-02-04 09:00:00,24.7,23.4,1.3,open_meteo_historical_forecast
2023-02-04,NYC,11:00,2023-02-04 11:00:00,24.7,23.4,1.3,open_meteo_historical_forecast
2023-02-04,NYC,13:00,2023-02-04 13:00:00,24.7,23.4,1.3,open_meteo_historical_forecast
2023-02-04,NYC,15:00,2023-02-04 15:00:00,24.7,23.4,1.3,open_meteo_historical_forecast
2023-02-05,NYC,09:00,2023-02-05 09:00:00,47.9,46.9,1.0,open_meteo_historical_forecast
2023-02-05,NYC,11:00,2023-02-05 11:00:00,47.9,46.9,1.0,open_meteo_historical_forecast
2023-02-05,NYC,13:00,2023-02-05 13:00:00,47.9,46.9,1.0,open_meteo_historical_forecast
2023-02-05,NYC,15:00,2023-02-05 15:00:00,47.9,46.9,1.0,open_meteo_historical_forecast
2023-02-06,NYC,09:00,2023-02-06 09:00:00,49.8,51.3,-1.5,open_meteo_historical_forecast
2023-02-06,NYC,11:00,2023-02-06 11:00:00,49.8,51.3,-1.5,open_meteo_historical_forecast
2023-02-06,NYC,13:00,2023-02-06 13:00:00,49.8,51.3,-1.5,open_meteo_historical_forecast
2023-02-06,NYC,15:00,2023-02-06 15:00:00,49.8,51.3,-1.5,open_meteo_historical_forecast
2023-02-07,NYC,09:00,2023-02-07 09:00:00,38.4,41.8,-3.4,open_meteo_historical_forecast
2023-02-07,NYC,11:00,2023-02-07 11:00:00,38.4,41.8,-3.4,open_meteo_historical_forecast
2023-02-07,NYC,13:00,2023-02-07 13:00:00,38.4,41.8,-3.4,open_meteo_historical_forecast
2023-02-07,NYC,15:00,2023-02-07 15:00:00,38.4,41.8,-3.4,open_meteo_historical_forecast
2023-02-08,NYC,09:00,2023-02-08 09:00:00,50.3,53.4,-3.1,open_meteo_historical_forecast
2023-02-08,NYC,11:00,2023-02-08 11:00:00,50.3,53.4,-3.1,open_meteo_historical_forecast
2023-02-08,NYC,13:00,2023-02-08 13:00:00,50.3,53.4,-3.1,open_meteo_historical_forecast
2023-02-08,NYC,15:00,2023-02-08 15:00:00,50.3,53.4,-3.1,open_meteo_historical_forecast
2023-02-09,NYC,09:00,2023-02-09 09:00:00,51.3,51.9,-0.6,open_meteo_historical_forecast
2023-02-09,NYC,11:00,2023-02-09 11:00:00,51.3,51.9,-0.6,open_meteo_historical_forecast
2023-02-09,NYC,13:00,2023-02-09 13:00:00,51.3,51.9,-0.6,open_meteo_historical_forecast
2023-02-09,NYC,15:00,2023-02-09 15:00:00,51.3,51.9,-0.6,open_meteo_historical_forecast
2023-02-10,NYC,09:00,2023-02-10 09:00:00,56.5,59.5,-3.0,open_meteo_historical_forecast
2023-02-10,NYC,11:00,2023-02-10 11:00:00,56.5,59.5,-3.0,open_meteo_historical_forecast
2023-02-10,NYC,13:00,2023-02-10 13:00:00,56.5,59.5,-3.0,open_meteo_historical_forecast
2023-02-10,NYC,15:00,2023-02-10 15:00:00,56.5,59.5,-3.0,open_meteo_historical_forecast
2023-02-11,NYC,09:00,2023-02-11 09:00:00,44.1,46.4,-2.3,open_meteo_historical_forecast
2023-02-11,NYC,11:00,2023-02-11 11:00:00,44.1,46.4,-2.3,open_meteo_historical_forecast
2023-02-11,NYC,13:00,2023-02-11 13:00:00,44.1,46.4,-2.3,open_meteo_historical_forecast
2023-02-11,NYC,15:00,2023-02-11 15:00:00,44.1,46.4,-2.3,open_meteo_historical_forecast
2023-02-12,NYC,09:00,2023-02-12 09:00:00,44.4,48.9,-4.5,open_meteo_historical_forecast
2023-02-12,NYC,11:00,2023-02-12 11:00:00,44.4,48.9,-4.5,open_meteo_historical_forecast
2023-02-12,NYC,13:00,2023-02-12 13:00:00,44.4,48.9,-4.5,open_meteo_historical_forecast
2023-02-12,NYC,15:00,2023-02-12 15:00:00,44.4,48.9,-4.5,open_meteo_historical_forecast
2023-02-13,NYC,09:00,2023-02-13 09:00:00,55.1,57.9,-2.8,open_meteo_historical_forecast
2023-02-13,NYC,11:00,2023-02-13 11:00:00,55.1,57.9,-2.8,open_meteo_historical_forecast
2023-02-13,NYC,13:00,2023-02-13 13:00:00,55.1,57.9,-2.8,open_meteo_historical_forecast
2023-02-13,NYC,15:00,2023-02-13 15:00:00,55.1,57.9,-2.8,open_meteo_historical_forecast
2023-02-14,NYC,09:00,2023-02-14 09:00:00,51.9,54.9,-3.0,open_meteo_historical_forecast
2023-02-14,NYC,11:00,2023-02-14 11:00:00,51.9,54.9,-3.0,open_meteo_historical_forecast
2023-02-14,NYC,13:00,2023-02-14 13:00:00,51.9,54.9,-3.0,open_meteo_historical_forecast
2023-02-14,NYC,15:00,2023-02-14 15:00:00,51.9,54.9,-3.0,open_meteo_historical_forecast
2023-02-15,NYC,09:00,2023-02-15 09:00:00,62.0,65.9,-3.9,open_meteo_historical_forecast
2023-02-15,NYC,11:00,2023-02-15 11:00:00,62.0,65.9,-3.9,open_meteo_historical_forecast
2023-02-15,NYC,13:00,2023-02-15 13:00:00,62.0,65.9,-3.9,open_meteo_historical_forecast
2023-02-15,NYC,15:00,2023-02-15 15:00:00,62.0,65.9,-3.9,open_meteo_historical_forecast
2023-02-16,NYC,09:00,2023-02-16 09:00:00,66.7,69.1,-2.4,open_meteo_historical_forecast
2023-02-16,NYC,11:00,2023-02-16 11:00:00,66.7,69.1,-2.4,open_meteo_historical_forecast
2023-02-16,NYC,13:00,2023-02-16 13:00:00,66.7,69.1,-2.4,open_meteo_historical_forecast
2023-02-16,NYC,15:00,2023-02-16 15:00:00,66.7,69.1,-2.4,open_meteo_historical_forecast
2023-02-17,NYC,09:00,2023-02-17 09:00:00,59.6,61.2,-1.6,open_meteo_historical_forecast
2023-02-17,NYC,11:00,2023-02-17 11:00:00,59.6,61.2,-1.6,open_meteo_historical_forecast
2023-02-17,NYC,13:00,2023-02-17 13:00:00,59.6,61.2,-1.6,open_meteo_historical_forecast
2023-02-17,NYC,15:00,2023-02-17 15:00:00,59.6,61.2,-1.6,open_meteo_historical_forecast
2023-02-18,NYC,09:00,2023-02-18 09:00:00,42.3,43.3,-1.0,open_meteo_historical_forecast
2023-02-18,NYC,11:00,2023-02-18 11:00:00,42.3,43.3,-1.0,open_meteo_historical_forecast
2023-02-18,NYC,13:00,2023-02-18 13:00:00,42.3,43.3,-1.0,open_meteo_historical_forecast
2023-02-18,NYC,15:00,2023-02-18 15:00:00,42.3,43.3,-1.0,open_meteo_historical_forecast
2023-02-19,NYC,09:00,2023-02-19 09:00:00,46.6,48.0,-1.4,open_meteo_historical_forecast
2023-02-19,NYC,11:00,2023-02-19 11:00:00,46.6,48.0,-1.4,open_meteo_historical_forecast
2023-02-19,NYC,13:00,2023-02-19 13:00:00,46.6,48.0,-1.4,open_meteo_historical_forecast
2023-02-19,NYC,15:00,2023-02-19 15:00:00,46.6,48.0,-1.4,open_meteo_historical_forecast
2023-02-20,NYC,09:00,2023-02-20 09:00:00,59.1,61.3,-2.2,open_meteo_historical_forecast
2023-02-20,NYC,11:00,2023-02-20 11:00:00,59.1,61.3,-2.2,open_meteo_historical_forecast
2023-02-20,NYC,13:00,2023-02-20 13:00:00,59.1,61.3,-2.2,open_meteo_historical_forecast
2023-02-20,NYC,15:00,2023-02-20 15:00:00,59.1,61.3,-2.2,open_meteo_historical_forecast
2023-02-21,NYC,09:00,2023-02-21 09:00:00,46.1,50.4,-4.3,open_meteo_historical_forecast
2023-02-21,NYC,11:00,2023-02-21 11:00:00,46.1,50.4,-4.3,open_meteo_historical_forecast
2023-02-21,NYC,13:00,2023-02-21 13:00:00,46.1,50.4,-4.3,open_meteo_historical_forecast
2023-02-21,NYC,15:00,2023-02-21 15:00:00,46.1,50.4,-4.3,open_meteo_historical_forecast
2023-02-22,NYC,09:00,2023-02-22 09:00:00,41.9,44.5,-2.6,open_meteo_historical_forecast
2023-02-22,NYC,11:00,2023-02-22 11:00:00,41.9,44.5,-2.6,open_meteo_historical_forecast
2023-02-22,NYC,13:00,2023-02-22 13:00:00,41.9,44.5,-2.6,open_meteo_historical_forecast
2023-02-22,NYC,15:00,2023-02-22 15:00:00,41.9,44.5,-2.6,open_meteo_historical_forecast
2023-02-23,NYC,09:00,2023-02-23 09:00:00,45.0,41.0,4.0,open_meteo_historical_forecast
2023-02-23,NYC,11:00,2023-02-23 11:00:00,45.0,41.0,4.0,open_meteo_historical_forecast
2023-02-23,NYC,13:00,2023-02-23 13:00:00,45.0,41.0,4.0,open_meteo_historical_forecast
2023-02-23,NYC,15:00,2023-02-23 15:00:00,45.0,41.0,4.0,open_meteo_historical_forecast
2023-02-24,NYC,09:00,2023-02-24 09:00:00,44.6,44.1,0.5,open_meteo_historical_forecast
2023-02-24,NYC,11:00,2023-02-24 11:00:00,44.6,44.1,0.5,open_meteo_historical_forecast
2023-02-24,NYC,13:00,2023-02-24 13:00:00,44.6,44.1,0.5,open_meteo_historical_forecast
2023-02-24,NYC,15:00,2023-02-24 15:00:00,44.6,44.1,0.5,open_meteo_historical_forecast
2023-02-25,NYC,09:00,2023-02-25 09:00:00,31.9,32.9,-1.0,open_meteo_historical_forecast
2023-02-25,NYC,11:00,2023-02-25 11:00:00,31.9,32.9,-1.0,open_meteo_historical_forecast
2023-02-25,NYC,13:00,2023-02-25 13:00:00,31.9,32.9,-1.0,open_meteo_historical_forecast
2023-02-25,NYC,15:00,2023-02-25 15:00:00,31.9,32.9,-1.0,open_meteo_historical_forecast
2023-02-26,NYC,09:00,2023-02-26 09:00:00,49.9,50.8,-0.9,open_meteo_historical_forecast
2023-02-26,NYC,11:00,2023-02-26 11:00:00,49.9,50.8,-0.9,open_meteo_historical_forecast
2023-02-26,NYC,13:00,2023-02-26 13:00:00,49.9,50.8,-0.9,open_meteo_historical_forecast
2023-02-26,NYC,15:00,2023-02-26 15:00:00,49.9,50.8,-0.9,open_meteo_historical_forecast
2023-02-27,NYC,09:00,2023-02-27 09:00:00,41.1,44.4,-3.3,open_meteo_historical_forecast
2023-02-27,NYC,11:00,2023-02-27 11:00:00,41.1,44.4,-3.3,open_meteo_historical_forecast
2023-02-27,NYC,13:00,2023-02-27 13:00:00,41.1,44.4,-3.3,open_meteo_historical_forecast
2023-02-27,NYC,15:00,2023-02-27 15:00:00,41.1,44.4,-3.3,open_meteo_historical_forecast
2023-02-28,NYC,09:00,2023-02-28 09:00:00,35.9,35.2,0.7,open_meteo_historical_forecast
2023-02-28,NYC,11:00,2023-02-28 11:00:00,35.9,35.2,0.7,open_meteo_historical_forecast
2023-02-28,NYC,13:00,2023-02-28 13:00:00,35.9,35.2,0.7,open_meteo_historical_forecast
2023-02-28,NYC,15:00,2023-02-28 15:00:00,35.9,35.2,0.7,open_meteo_historical_forecast
2023-03-01,NYC,09:00,2023-03-01 09:00:00,42.6,42.9,-0.3,open_meteo_historical_forecast
2023-03-01,NYC,11:00,2023-03-01 11:00:00,42.6,42.9,-0.3,open_meteo_historical_forecast
2023-03-01,NYC,13:00,2023-03-01 13:00:00,42.6,42.9,-0.3,open_meteo_historical_forecast
2023-03-01,NYC,15:00,2023-03-01 15:00:00,42.6,42.9,-0.3,open_meteo_historical_forecast
2023-03-02,NYC,09:00,2023-03-02 09:00:00,56.5,53.8,2.7,open_meteo_historical_forecast
2023-03-02,NYC,11:00,2023-03-02 11:00:00,56.5,53.8,2.7,open_meteo_historical_forecast
2023-03-02,NYC,13:00,2023-03-02 13:00:00,56.5,53.8,2.7,open_meteo_historical_forecast
2023-03-02,NYC,15:00,2023-03-02 15:00:00,56.5,53.8,2.7,open_meteo_historical_forecast
2023-03-03,NYC,09:00,2023-03-03 09:00:00,45.4,45.3,0.1,open_meteo_historical_forecast
2023-03-03,NYC,11:00,2023-03-03 11:00:00,45.4,45.3,0.1,open_meteo_historical_forecast
2023-03-03,NYC,13:00,2023-03-03 13:00:00,45.4,45.3,0.1,open_meteo_historical_forecast
2023-03-03,NYC,15:00,2023-03-03 15:00:00,45.4,45.3,0.1,open_meteo_historical_forecast
2023-03-04,NYC,09:00,2023-03-04 09:00:00,43.2,43.3,-0.1,open_meteo_historical_forecast
2023-03-04,NYC,11:00,2023-03-04 11:00:00,43.2,43.3,-0.1,open_meteo_historical_forecast
2023-03-04,NYC,13:00,2023-03-04 13:00:00,43.2,43.3,-0.1,open_meteo_historical_forecast
2023-03-04,NYC,15:00,2023-03-04 15:00:00,43.2,43.3,-0.1,open_meteo_historical_forecast
2023-03-05,NYC,09:00,2023-03-05 09:00:00,53.5,53.9,-0.4,open_meteo_historical_forecast
2023-03-05,NYC,11:00,2023-03-05 11:00:00,53.5,53.9,-0.4,open_meteo_historical_forecast
2023-03-05,NYC,13:00,2023-03-05 13:00:00,53.5,53.9,-0.4,open_meteo_historical_forecast
2023-03-05,NYC,15:00,2023-03-05 15:00:00,53.5,53.9,-0.4,open_meteo_historical_forecast
2023-03-06,NYC,09:00,2023-03-06 09:00:00,50.1,52.8,-2.7,open_meteo_historical_forecast
2023-03-06,NYC,11:00,2023-03-06 11:00:00,50.1,52.8,-2.7,open_meteo_historical_forecast
2023-03-06,NYC,13:00,2023-03-06 13:00:00,50.1,52.8,-2.7,open_meteo_historical_forecast
2023-03-06,NYC,15:00,2023-03-06 15:00:00,50.1,52.8,-2.7,open_meteo_historical_forecast
2023-03-07,NYC,09:00,2023-03-07 09:00:00,45.1,47.2,-2.1,open_meteo_historical_forecast
2023-03-07,NYC,11:00,2023-03-07 11:00:00,45.1,47.2,-2.1,open_meteo_historical_forecast
2023-03-07,NYC,13:00,2023-03-07 13:00:00,45.1,47.2,-2.1,open_meteo_historical_forecast
2023-03-07,NYC,15:00,2023-03-07 15:00:00,45.1,47.2,-2.1,open_meteo_historical_forecast
2023-03-08,NYC,09:00,2023-03-08 09:00:00,47.7,47.2,0.5,open_meteo_historical_forecast
2023-03-08,NYC,11:00,2023-03-08 11:00:00,47.7,47.2,0.5,open_meteo_historical_forecast
2023-03-08,NYC,13:00,2023-03-08 13:00:00,47.7,47.2,0.5,open_meteo_historical_forecast
2023-03-08,NYC,15:00,2023-03-08 15:00:00,47.7,47.2,0.5,open_meteo_historical_forecast
2023-03-09,NYC,09:00,2023-03-09 09:00:00,50.7,50.5,0.2,open_meteo_historical_forecast
2023-03-09,NYC,11:00,2023-03-09 11:00:00,50.7,50.5,0.2,open_meteo_historical_forecast
2023-03-09,NYC,13:00,2023-03-09 13:00:00,50.7,50.5,0.2,open_meteo_historical_forecast
2023-03-09,NYC,15:00,2023-03-09 15:00:00,50.7,50.5,0.2,open_meteo_historical_forecast
2023-03-10,NYC,09:00,2023-03-10 09:00:00,45.2,44.4,0.8,open_meteo_historical_forecast
2023-03-10,NYC,11:00,2023-03-10 11:00:00,45.2,44.4,0.8,open_meteo_historical_forecast
2023-03-10,NYC,13:00,2023-03-10 13:00:00,45.2,44.4,0.8,open_meteo_historical_forecast
2023-03-10,NYC,15:00,2023-03-10 15:00:00,45.2,44.4,0.8,open_meteo_historical_forecast
2023-03-11,NYC,09:00,2023-03-11 09:00:00,44.6,42.5,2.1,open_meteo_historical_forecast
2023-03-11,NYC,11:00,2023-03-11 11:00:00,44.6,42.5,2.1,open_meteo_historical_forecast
2023-03-11,NYC,13:00,2023-03-11 13:00:00,44.6,42.5,2.1,open_meteo_historical_forecast
2023-03-11,NYC,15:00,2023-03-11 15:00:00,44.6,42.5,2.1,open_meteo_historical_forecast
2023-03-12,NYC,09:00,2023-03-12 09:00:00,46.5,47.1,-0.6,open_meteo_historical_forecast
2023-03-12,NYC,11:00,2023-03-12 11:00:00,46.5,47.1,-0.6,open_meteo_historical_forecast
2023-03-12,NYC,13:00,2023-03-12 13:00:00,46.5,47.1,-0.6,open_meteo_historical_forecast
2023-03-12,NYC,15:00,2023-03-12 15:00:00,46.5,47.1,-0.6,open_meteo_historical_forecast
2023-03-13,NYC,09:00,2023-03-13 09:00:00,42.6,42.9,-0.3,open_meteo_historical_forecast
2023-03-13,NYC,11:00,2023-03-13 11:00:00,42.6,42.9,-0.3,open_meteo_historical_forecast
2023-03-13,NYC,13:00,2023-03-13 13:00:00,42.6,42.9,-0.3,open_meteo_historical_forecast
2023-03-13,NYC,15:00,2023-03-13 15:00:00,42.6,42.9,-0.3,open_meteo_historical_forecast
2023-03-14,NYC,09:00,2023-03-14 09:00:00,37.8,39.2,-1.4,open_meteo_historical_forecast
2023-03-14,NYC,11:00,2023-03-14 11:00:00,37.8,39.2,-1.4,open_meteo_historical_forecast
2023-03-14,NYC,13:00,2023-03-14 13:00:00,37.8,39.2,-1.4,open_meteo_historical_forecast
2023-03-14,NYC,15:00,2023-03-14 15:00:00,37.8,39.2,-1.4,open_meteo_historical_forecast
2023-03-15,NYC,09:00,2023-03-15 09:00:00,44.4,45.0,-0.6,open_meteo_historical_forecast
2023-03-15,NYC,11:00,2023-03-15 11:00:00,44.4,45.0,-0.6,open_meteo_historical_forecast
2023-03-15,NYC,13:00,2023-03-15 13:00:00,44.4,45.0,-0.6,open_meteo_historical_forecast
2023-03-15,NYC,15:00,2023-03-15 15:00:00,44.4,45.0,-0.6,open_meteo_historical_forecast
2023-03-16,NYC,09:00,2023-03-16 09:00:00,55.6,59.0,-3.4,open_meteo_historical_forecast
2023-03-16,NYC,11:00,2023-03-16 11:00:00,55.6,59.0,-3.4,open_meteo_historical_forecast
2023-03-16,NYC,13:00,2023-03-16 13:00:00,55.6,59.0,-3.4,open_meteo_historical_forecast
2023-03-16,NYC,15:00,2023-03-16 15:00:00,55.6,59.0,-3.4,open_meteo_historical_forecast
2023-03-17,NYC,09:00,2023-03-17 09:00:00,56.6,60.0,-3.4,open_meteo_historical_forecast
2023-03-17,NYC,11:00,2023-03-17 11:00:00,56.6,60.0,-3.4,open_meteo_historical_forecast
2023-03-17,NYC,13:00,2023-03-17 13:00:00,56.6,60.0,-3.4,open_meteo_historical_forecast
2023-03-17,NYC,15:00,2023-03-17 15:00:00,56.6,60.0,-3.4,open_meteo_historical_forecast
2023-03-18,NYC,09:00,2023-03-18 09:00:00,51.3,56.2,-4.9,open_meteo_historical_forecast
2023-03-18,NYC,11:00,2023-03-18 11:00:00,51.3,56.2,-4.9,open_meteo_historical_forecast
2023-03-18,NYC,13:00,2023-03-18 13:00:00,51.3,56.2,-4.9,open_meteo_historical_forecast
2023-03-18,NYC,15:00,2023-03-18 15:00:00,51.3,56.2,-4.9,open_meteo_historical_forecast
2023-03-19,NYC,09:00,2023-03-19 09:00:00,38.5,41.8,-3.3,open_meteo_historical_forecast
2023-03-19,NYC,11:00,2023-03-19 11:00:00,38.5,41.8,-3.3,open_meteo_historical_forecast
2023-03-19,NYC,13:00,2023-03-19 13:00:00,38.5,41.8,-3.3,open_meteo_historical_forecast
2023-03-19,NYC,15:00,2023-03-19 15:00:00,38.5,41.8,-3.3,open_meteo_historical_forecast
2023-03-20,NYC,09:00,2023-03-20 09:00:00,51.0,51.0,0.0,open_meteo_historical_forecast
2023-03-20,NYC,11:00,2023-03-20 11:00:00,51.0,51.0,0.0,open_meteo_historical_forecast
2023-03-20,NYC,13:00,2023-03-20 13:00:00,51.0,51.0,0.0,open_meteo_historical_forecast
2023-03-20,NYC,15:00,2023-03-20 15:00:00,51.0,51.0,0.0,open_meteo_historical_forecast
2023-03-21,NYC,09:00,2023-03-21 09:00:00,59.8,62.8,-3.0,open_meteo_historical_forecast
2023-03-21,NYC,11:00,2023-03-21 11:00:00,59.8,62.8,-3.0,open_meteo_historical_forecast
2023-03-21,NYC,13:00,2023-03-21 13:00:00,59.8,62.8,-3.0,open_meteo_historical_forecast
2023-03-21,NYC,15:00,2023-03-21 15:00:00,59.8,62.8,-3.0,open_meteo_historical_forecast
2023-03-22,NYC,09:00,2023-03-22 09:00:00,55.8,60.4,-4.6,open_meteo_historical_forecast
2023-03-22,NYC,11:00,2023-03-22 11:00:00,55.8,60.4,-4.6,open_meteo_historical_forecast
2023-03-22,NYC,13:00,2023-03-22 13:00:00,55.8,60.4,-4.6,open_meteo_historical_forecast
2023-03-22,NYC,15:00,2023-03-22 15:00:00,55.8,60.4,-4.6,open_meteo_historical_forecast
2023-03-23,NYC,09:00,2023-03-23 09:00:00,58.4,57.9,0.5,open_meteo_historical_forecast
2023-03-23,NYC,11:00,2023-03-23 11:00:00,58.4,57.9,0.5,open_meteo_historical_forecast
2023-03-23,NYC,13:00,2023-03-23 13:00:00,58.4,57.9,0.5,open_meteo_historical_forecast
2023-03-23,NYC,15:00,2023-03-23 15:00:00,58.4,57.9,0.5,open_meteo_historical_forecast
2023-03-24,NYC,09:00,2023-03-24 09:00:00,54.7,57.2,-2.5,open_meteo_historical_forecast
2023-03-24,NYC,11:00,2023-03-24 11:00:00,54.7,57.2,-2.5,open_meteo_historical_forecast
2023-03-24,NYC,13:00,2023-03-24 13:00:00,54.7,57.2,-2.5,open_meteo_historical_forecast
2023-03-24,NYC,15:00,2023-03-24 15:00:00,54.7,57.2,-2.5,open_meteo_historical_forecast
2023-03-25,NYC,09:00,2023-03-25 09:00:00,44.3,45.2,-0.9,open_meteo_historical_forecast
2023-03-25,NYC,11:00,2023-03-25 11:00:00,44.3,45.2,-0.9,open_meteo_historical_forecast
2023-03-25,NYC,13:00,2023-03-25 13:00:00,44.3,45.2,-0.9,open_meteo_historical_forecast
2023-03-25,NYC,15:00,2023-03-25 15:00:00,44.3,45.2,-0.9,open_meteo_historical_forecast
2023-03-26,NYC,09:00,2023-03-26 09:00:00,58.7,62.9,-4.2,open_meteo_historical_forecast
2023-03-26,NYC,11:00,2023-03-26 11:00:00,58.7,62.9,-4.2,open_meteo_historical_forecast
2023-03-26,NYC,13:00,2023-03-26 13:00:00,58.7,62.9,-4.2,open_meteo_historical_forecast
2023-03-26,NYC,15:00,2023-03-26 15:00:00,58.7,62.9,-4.2,open_meteo_historical_forecast
2023-03-27,NYC,09:00,2023-03-27 09:00:00,58.5,59.5,-1.0,open_meteo_historical_forecast
2023-03-27,NYC,11:00,2023-03-27 11:00:00,58.5,59.5,-1.0,open_meteo_historical_forecast
2023-03-27,NYC,13:00,2023-03-27 13:00:00,58.5,59.5,-1.0,open_meteo_historical_forecast
2023-03-27,NYC,15:00,2023-03-27 15:00:00,58.5,59.5,-1.0,open_meteo_historical_forecast
2023-03-28,NYC,09:00,2023-03-28 09:00:00,52.1,51.1,1.0,open_meteo_historical_forecast
2023-03-28,NYC,11:00,2023-03-28 11:00:00,52.1,51.1,1.0,open_meteo_historical_forecast
2023-03-28,NYC,13:00,2023-03-28 13:00:00,52.1,51.1,1.0,open_meteo_historical_forecast
2023-03-28,NYC,15:00,2023-03-28 15:00:00,52.1,51.1,1.0,open_meteo_historical_forecast
2023-03-29,NYC,09:00,2023-03-29 09:00:00,52.2,55.5,-3.3,open_meteo_historical_forecast
2023-03-29,NYC,11:00,2023-03-29 11:00:00,52.2,55.5,-3.3,open_meteo_historical_forecast
2023-03-29,NYC,13:00,2023-03-29 13:00:00,52.2,55.5,-3.3,open_meteo_historical_forecast
2023-03-29,NYC,15:00,2023-03-29 15:00:00,52.2,55.5,-3.3,open_meteo_historical_forecast
2023-03-30,NYC,09:00,2023-03-30 09:00:00,45.2,45.0,0.2,open_meteo_historical_forecast
2023-03-30,NYC,11:00,2023-03-30 11:00:00,45.2,45.0,0.2,open_meteo_historical_forecast
2023-03-30,NYC,13:00,2023-03-30 13:00:00,45.2,45.0,0.2,open_meteo_historical_forecast
2023-03-30,NYC,15:00,2023-03-30 15:00:00,45.2,45.0,0.2,open_meteo_historical_forecast
2023-03-31,NYC,09:00,2023-03-31 09:00:00,49.5,51.3,-1.8,open_meteo_historical_forecast
2023-03-31,NYC,11:00,2023-03-31 11:00:00,49.5,51.3,-1.8,open_meteo_historical_forecast
2023-03-31,NYC,13:00,2023-03-31 13:00:00,49.5,51.3,-1.8,open_meteo_historical_forecast
2023-03-31,NYC,15:00,2023-03-31 15:00:00,49.5,51.3,-1.8,open_meteo_historical_forecast
2023-04-01,NYC,09:00,2023-04-01 09:00:00,67.3,69.2,-1.9,open_meteo_historical_forecast
2023-04-01,NYC,11:00,2023-04-01 11:00:00,67.3,69.2,-1.9,open_meteo_historical_forecast
2023-04-01,NYC,13:00,2023-04-01 13:00:00,67.3,69.2,-1.9,open_meteo_historical_forecast
2023-04-01,NYC,15:00,2023-04-01 15:00:00,67.3,69.2,-1.9,open_meteo_historical_forecast
2023-04-02,NYC,09:00,2023-04-02 09:00:00,50.5,52.9,-2.4,open_meteo_historical_forecast
2023-04-02,NYC,11:00,2023-04-02 11:00:00,50.5,52.9,-2.4,open_meteo_historical_forecast
2023-04-02,NYC,13:00,2023-04-02 13:00:00,50.5,52.9,-2.4,open_meteo_historical_forecast
2023-04-02,NYC,15:00,2023-04-02 15:00:00,50.5,52.9,-2.4,open_meteo_historical_forecast
2023-04-03,NYC,09:00,2023-04-03 09:00:00,55.6,57.4,-1.8,open_meteo_historical_forecast
2023-04-03,NYC,11:00,2023-04-03 11:00:00,55.6,57.4,-1.8,open_meteo_historical_forecast
2023-04-03,NYC,13:00,2023-04-03 13:00:00,55.6,57.4,-1.8,open_meteo_historical_forecast
2023-04-03,NYC,15:00,2023-04-03 15:00:00,55.6,57.4,-1.8,open_meteo_historical_forecast
2023-04-04,NYC,09:00,2023-04-04 09:00:00,66.4,72.1,-5.7,open_meteo_historical_forecast
2023-04-04,NYC,11:00,2023-04-04 11:00:00,66.4,72.1,-5.7,open_meteo_historical_forecast
2023-04-04,NYC,13:00,2023-04-04 13:00:00,66.4,72.1,-5.7,open_meteo_historical_forecast
2023-04-04,NYC,15:00,2023-04-04 15:00:00,66.4,72.1,-5.7,open_meteo_historical_forecast
2023-04-05,NYC,09:00,2023-04-05 09:00:00,55.9,56.0,-0.1,open_meteo_historical_forecast
2023-04-05,NYC,11:00,2023-04-05 11:00:00,55.9,56.0,-0.1,open_meteo_historical_forecast
2023-04-05,NYC,13:00,2023-04-05 13:00:00,55.9,56.0,-0.1,open_meteo_historical_forecast
2023-04-05,NYC,15:00,2023-04-05 15:00:00,55.9,56.0,-0.1,open_meteo_historical_forecast
2023-04-06,NYC,09:00,2023-04-06 09:00:00,77.5,77.6,-0.1,open_meteo_historical_forecast
2023-04-06,NYC,11:00,2023-04-06 11:00:00,77.5,77.6,-0.1,open_meteo_historical_forecast
2023-04-06,NYC,13:00,2023-04-06 13:00:00,77.5,77.6,-0.1,open_meteo_historical_forecast
2023-04-06,NYC,15:00,2023-04-06 15:00:00,77.5,77.6,-0.1,open_meteo_historical_forecast
2023-04-07,NYC,09:00,2023-04-07 09:00:00,56.8,59.0,-2.2,open_meteo_historical_forecast
2023-04-07,NYC,11:00,2023-04-07 11:00:00,56.8,59.0,-2.2,open_meteo_historical_forecast
2023-04-07,NYC,13:00,2023-04-07 13:00:00,56.8,59.0,-2.2,open_meteo_historical_forecast
2023-04-07,NYC,15:00,2023-04-07 15:00:00,56.8,59.0,-2.2,open_meteo_historical_forecast
2023-04-08,NYC,09:00,2023-04-08 09:00:00,51.5,53.2,-1.7,open_meteo_historical_forecast
2023-04-08,NYC,11:00,2023-04-08 11:00:00,51.5,53.2,-1.7,open_meteo_historical_forecast
2023-04-08,NYC,13:00,2023-04-08 13:00:00,51.5,53.2,-1.7,open_meteo_historical_forecast
2023-04-08,NYC,15:00,2023-04-08 15:00:00,51.5,53.2,-1.7,open_meteo_historical_forecast
2023-04-09,NYC,09:00,2023-04-09 09:00:00,54.0,54.7,-0.7,open_meteo_historical_forecast
2023-04-09,NYC,11:00,2023-04-09 11:00:00,54.0,54.7,-0.7,open_meteo_historical_forecast
2023-04-09,NYC,13:00,2023-04-09 13:00:00,54.0,54.7,-0.7,open_meteo_historical_forecast
2023-04-09,NYC,15:00,2023-04-09 15:00:00,54.0,54.7,-0.7,open_meteo_historical_forecast
2023-04-10,NYC,09:00,2023-04-10 09:00:00,64.0,66.0,-2.0,open_meteo_historical_forecast
2023-04-10,NYC,11:00,2023-04-10 11:00:00,64.0,66.0,-2.0,open_meteo_historical_forecast
2023-04-10,NYC,13:00,2023-04-10 13:00:00,64.0,66.0,-2.0,open_meteo_historical_forecast
2023-04-10,NYC,15:00,2023-04-10 15:00:00,64.0,66.0,-2.0,open_meteo_historical_forecast
2023-04-11,NYC,09:00,2023-04-11 09:00:00,72.7,75.0,-2.3,open_meteo_historical_forecast
2023-04-11,NYC,11:00,2023-04-11 11:00:00,72.7,75.0,-2.3,open_meteo_historical_forecast
2023-04-11,NYC,13:00,2023-04-11 13:00:00,72.7,75.0,-2.3,open_meteo_historical_forecast
2023-04-11,NYC,15:00,2023-04-11 15:00:00,72.7,75.0,-2.3,open_meteo_historical_forecast
2023-04-12,NYC,09:00,2023-04-12 09:00:00,80.9,84.4,-3.5,open_meteo_historical_forecast
2023-04-12,NYC,11:00,2023-04-12 11:00:00,80.9,84.4,-3.5,open_meteo_historical_forecast
2023-04-12,NYC,13:00,2023-04-12 13:00:00,80.9,84.4,-3.5,open_meteo_historical_forecast
2023-04-12,NYC,15:00,2023-04-12 15:00:00,80.9,84.4,-3.5,open_meteo_historical_forecast
2023-04-13,NYC,09:00,2023-04-13 09:00:00,86.7,89.4,-2.7,open_meteo_historical_forecast
2023-04-13,NYC,11:00,2023-04-13 11:00:00,86.7,89.4,-2.7,open_meteo_historical_forecast
2023-04-13,NYC,13:00,2023-04-13 13:00:00,86.7,89.4,-2.7,open_meteo_historical_forecast
2023-04-13,NYC,15:00,2023-04-13 15:00:00,86.7,89.4,-2.7,open_meteo_historical_forecast
2023-04-14,NYC,09:00,2023-04-14 09:00:00,84.7,88.8,-4.1,open_meteo_historical_forecast
2023-04-14,NYC,11:00,2023-04-14 11:00:00,84.7,88.8,-4.1,open_meteo_historical_forecast
2023-04-14,NYC,13:00,2023-04-14 13:00:00,84.7,88.8,-4.1,open_meteo_historical_forecast
2023-04-14,NYC,15:00,2023-04-14 15:00:00,84.7,88.8,-4.1,open_meteo_historical_forecast
2023-04-15,NYC,09:00,2023-04-15 09:00:00,70.2,72.7,-2.5,open_meteo_historical_forecast
2023-04-15,NYC,11:00,2023-04-15 11:00:00,70.2,72.7,-2.5,open_meteo_historical_forecast
2023-04-15,NYC,13:00,2023-04-15 13:00:00,70.2,72.7,-2.5,open_meteo_historical_forecast
2023-04-15,NYC,15:00,2023-04-15 15:00:00,70.2,72.7,-2.5,open_meteo_historical_forecast
2023-04-16,NYC,09:00,2023-04-16 09:00:00,69.7,69.7,0.0,open_meteo_historical_forecast
2023-04-16,NYC,11:00,2023-04-16 11:00:00,69.7,69.7,0.0,open_meteo_historical_forecast
2023-04-16,NYC,13:00,2023-04-16 13:00:00,69.7,69.7,0.0,open_meteo_historical_forecast
2023-04-16,NYC,15:00,2023-04-16 15:00:00,69.7,69.7,0.0,open_meteo_historical_forecast
2023-04-17,NYC,09:00,2023-04-17 09:00:00,67.6,67.6,0.0,open_meteo_historical_forecast
2023-04-17,NYC,11:00,2023-04-17 11:00:00,67.6,67.6,0.0,open_meteo_historical_forecast
2023-04-17,NYC,13:00,2023-04-17 13:00:00,67.6,67.6,0.0,open_meteo_historical_forecast
2023-04-17,NYC,15:00,2023-04-17 15:00:00,67.6,67.6,0.0,open_meteo_historical_forecast
2023-04-18,NYC,09:00,2023-04-18 09:00:00,56.9,56.3,0.6,open_meteo_historical_forecast
2023-04-18,NYC,11:00,2023-04-18 11:00:00,56.9,56.3,0.6,open_meteo_historical_forecast
2023-04-18,NYC,13:00,2023-04-18 13:00:00,56.9,56.3,0.6,open_meteo_historical_forecast
2023-04-18,NYC,15:00,2023-04-18 15:00:00,56.9,56.3,0.6,open_meteo_historical_forecast
2023-04-19,NYC,09:00,2023-04-19 09:00:00,63.0,64.7,-1.7,open_meteo_historical_forecast
2023-04-19,NYC,11:00,2023-04-19 11:00:00,63.0,64.7,-1.7,open_meteo_historical_forecast
2023-04-19,NYC,13:00,2023-04-19 13:00:00,63.0,64.7,-1.7,open_meteo_historical_forecast
2023-04-19,NYC,15:00,2023-04-19 15:00:00,63.0,64.7,-1.7,open_meteo_historical_forecast
2023-04-20,NYC,09:00,2023-04-20 09:00:00,61.5,64.9,-3.4,open_meteo_historical_forecast
2023-04-20,NYC,11:00,2023-04-20 11:00:00,61.5,64.9,-3.4,open_meteo_historical_forecast
2023-04-20,NYC,13:00,2023-04-20 13:00:00,61.5,64.9,-3.4,open_meteo_historical_forecast
2023-04-20,NYC,15:00,2023-04-20 15:00:00,61.5,64.9,-3.4,open_meteo_historical_forecast
2023-04-21,NYC,09:00,2023-04-21 09:00:00,67.8,69.3,-1.5,open_meteo_historical_forecast
2023-04-21,NYC,11:00,2023-04-21 11:00:00,67.8,69.3,-1.5,open_meteo_historical_forecast
2023-04-21,NYC,13:00,2023-04-21 13:00:00,67.8,69.3,-1.5,open_meteo_historical_forecast
2023-04-21,NYC,15:00,2023-04-21 15:00:00,67.8,69.3,-1.5,open_meteo_historical_forecast
2023-04-22,NYC,09:00,2023-04-22 09:00:00,67.6,69.2,-1.6,open_meteo_historical_forecast
2023-04-22,NYC,11:00,2023-04-22 11:00:00,67.6,69.2,-1.6,open_meteo_historical_forecast
2023-04-22,NYC,13:00,2023-04-22 13:00:00,67.6,69.2,-1.6,open_meteo_historical_forecast
2023-04-22,NYC,15:00,2023-04-22 15:00:00,67.6,69.2,-1.6,open_meteo_historical_forecast
2023-04-23,NYC,09:00,2023-04-23 09:00:00,65.1,65.3,-0.2,open_meteo_historical_forecast
2023-04-23,NYC,11:00,2023-04-23 11:00:00,65.1,65.3,-0.2,open_meteo_historical_forecast
2023-04-23,NYC,13:00,2023-04-23 13:00:00,65.1,65.3,-0.2,open_meteo_historical_forecast
2023-04-23,NYC,15:00,2023-04-23 15:00:00,65.1,65.3,-0.2,open_meteo_historical_forecast
2023-04-24,NYC,09:00,2023-04-24 09:00:00,60.9,62.2,-1.3,open_meteo_historical_forecast
2023-04-24,NYC,11:00,2023-04-24 11:00:00,60.9,62.2,-1.3,open_meteo_historical_forecast
2023-04-24,NYC,13:00,2023-04-24 13:00:00,60.9,62.2,-1.3,open_meteo_historical_forecast
2023-04-24,NYC,15:00,2023-04-24 15:00:00,60.9,62.2,-1.3,open_meteo_historical_forecast
2023-04-25,NYC,09:00,2023-04-25 09:00:00,58.4,59.4,-1.0,open_meteo_historical_forecast
2023-04-25,NYC,11:00,2023-04-25 11:00:00,58.4,59.4,-1.0,open_meteo_historical_forecast
2023-04-25,NYC,13:00,2023-04-25 13:00:00,58.4,59.4,-1.0,open_meteo_historical_forecast
2023-04-25,NYC,15:00,2023-04-25 15:00:00,58.4,59.4,-1.0,open_meteo_historical_forecast
2023-04-26,NYC,09:00,2023-04-26 09:00:00,57.0,57.6,-0.6,open_meteo_historical_forecast
2023-04-26,NYC,11:00,2023-04-26 11:00:00,57.0,57.6,-0.6,open_meteo_historical_forecast
2023-04-26,NYC,13:00,2023-04-26 13:00:00,57.0,57.6,-0.6,open_meteo_historical_forecast
2023-04-26,NYC,15:00,2023-04-26 15:00:00,57.0,57.6,-0.6,open_meteo_historical_forecast
2023-04-27,NYC,09:00,2023-04-27 09:00:00,56.6,55.9,0.7,open_meteo_historical_forecast
2023-04-27,NYC,11:00,2023-04-27 11:00:00,56.6,55.9,0.7,open_meteo_historical_forecast
2023-04-27,NYC,13:00,2023-04-27 13:00:00,56.6,55.9,0.7,open_meteo_historical_forecast
2023-04-27,NYC,15:00,2023-04-27 15:00:00,56.6,55.9,0.7,open_meteo_historical_forecast
2023-04-28,NYC,09:00,2023-04-28 09:00:00,55.7,56.9,-1.2,open_meteo_historical_forecast
2023-04-28,NYC,11:00,2023-04-28 11:00:00,55.7,56.9,-1.2,open_meteo_historical_forecast
2023-04-28,NYC,13:00,2023-04-28 13:00:00,55.7,56.9,-1.2,open_meteo_historical_forecast
2023-04-28,NYC,15:00,2023-04-28 15:00:00,55.7,56.9,-1.2,open_meteo_historical_forecast
2023-04-29,NYC,09:00,2023-04-29 09:00:00,54.0,51.5,2.5,open_meteo_historical_forecast
2023-04-29,NYC,11:00,2023-04-29 11:00:00,54.0,51.5,2.5,open_meteo_historical_forecast
2023-04-29,NYC,13:00,2023-04-29 13:00:00,54.0,51.5,2.5,open_meteo_historical_forecast
2023-04-29,NYC,15:00,2023-04-29 15:00:00,54.0,51.5,2.5,open_meteo_historical_forecast
2023-04-30,NYC,09:00,2023-04-30 09:00:00,59.2,59.2,0.0,open_meteo_historical_forecast
2023-04-30,NYC,11:00,2023-04-30 11:00:00,59.2,59.2,0.0,open_meteo_historical_forecast
2023-04-30,NYC,13:00,2023-04-30 13:00:00,59.2,59.2,0.0,open_meteo_historical_forecast
2023-04-30,NYC,15:00,2023-04-30 15:00:00,59.2,59.2,0.0,open_meteo_historical_forecast
2023-05-01,NYC,09:00,2023-05-01 09:00:00,60.1,61.5,-1.4,open_meteo_historical_forecast
2023-05-01,NYC,11:00,2023-05-01 11:00:00,60.1,61.5,-1.4,open_meteo_historical_forecast
2023-05-01,NYC,13:00,2023-05-01 13:00:00,60.1,61.5,-1.4,open_meteo_historical_forecast
2023-05-01,NYC,15:00,2023-05-01 15:00:00,60.1,61.5,-1.4,open_meteo_historical_forecast
2023-05-02,NYC,09:00,2023-05-02 09:00:00,55.8,55.1,0.7,open_meteo_historical_forecast
2023-05-02,NYC,11:00,2023-05-02 11:00:00,55.8,55.1,0.7,open_meteo_historical_forecast
2023-05-02,NYC,13:00,2023-05-02 13:00:00,55.8,55.1,0.7,open_meteo_historical_forecast
2023-05-02,NYC,15:00,2023-05-02 15:00:00,55.8,55.1,0.7,open_meteo_historical_forecast
2023-05-03,NYC,09:00,2023-05-03 09:00:00,54.5,55.6,-1.1,open_meteo_historical_forecast
2023-05-03,NYC,11:00,2023-05-03 11:00:00,54.5,55.6,-1.1,open_meteo_historical_forecast
2023-05-03,NYC,13:00,2023-05-03 13:00:00,54.5,55.6,-1.1,open_meteo_historical_forecast
2023-05-03,NYC,15:00,2023-05-03 15:00:00,54.5,55.6,-1.1,open_meteo_historical_forecast
2023-05-04,NYC,09:00,2023-05-04 09:00:00,57.7,54.9,2.8,open_meteo_historical_forecast
2023-05-04,NYC,11:00,2023-05-04 11:00:00,57.7,54.9,2.8,open_meteo_historical_forecast
2023-05-04,NYC,13:00,2023-05-04 13:00:00,57.7,54.9,2.8,open_meteo_historical_forecast
2023-05-04,NYC,15:00,2023-05-04 15:00:00,57.7,54.9,2.8,open_meteo_historical_forecast
2023-05-05,NYC,09:00,2023-05-05 09:00:00,62.7,63.0,-0.3,open_meteo_historical_forecast
2023-05-05,NYC,11:00,2023-05-05 11:00:00,62.7,63.0,-0.3,open_meteo_historical_forecast
2023-05-05,NYC,13:00,2023-05-05 13:00:00,62.7,63.0,-0.3,open_meteo_historical_forecast
2023-05-05,NYC,15:00,2023-05-05 15:00:00,62.7,63.0,-0.3,open_meteo_historical_forecast
2023-05-06,NYC,09:00,2023-05-06 09:00:00,69.5,74.2,-4.7,open_meteo_historical_forecast
2023-05-06,NYC,11:00,2023-05-06 11:00:00,69.5,74.2,-4.7,open_meteo_historical_forecast
2023-05-06,NYC,13:00,2023-05-06 13:00:00,69.5,74.2,-4.7,open_meteo_historical_forecast
2023-05-06,NYC,15:00,2023-05-06 15:00:00,69.5,74.2,-4.7,open_meteo_historical_forecast
2023-05-07,NYC,09:00,2023-05-07 09:00:00,75.4,77.4,-2.0,open_meteo_historical_forecast
2023-05-07,NYC,11:00,2023-05-07 11:00:00,75.4,77.4,-2.0,open_meteo_historical_forecast
2023-05-07,NYC,13:00,2023-05-07 13:00:00,75.4,77.4,-2.0,open_meteo_historical_forecast
2023-05-07,NYC,15:00,2023-05-07 15:00:00,75.4,77.4,-2.0,open_meteo_historical_forecast
2023-05-08,NYC,09:00,2023-05-08 09:00:00,74.5,78.0,-3.5,open_meteo_historical_forecast
2023-05-08,NYC,11:00,2023-05-08 11:00:00,74.5,78.0,-3.5,open_meteo_historical_forecast
2023-05-08,NYC,13:00,2023-05-08 13:00:00,74.5,78.0,-3.5,open_meteo_historical_forecast
2023-05-08,NYC,15:00,2023-05-08 15:00:00,74.5,78.0,-3.5,open_meteo_historical_forecast
2023-05-09,NYC,09:00,2023-05-09 09:00:00,67.9,69.3,-1.4,open_meteo_historical_forecast
2023-05-09,NYC,11:00,2023-05-09 11:00:00,67.9,69.3,-1.4,open_meteo_historical_forecast
2023-05-09,NYC,13:00,2023-05-09 13:00:00,67.9,69.3,-1.4,open_meteo_historical_forecast
2023-05-09,NYC,15:00,2023-05-09 15:00:00,67.9,69.3,-1.4,open_meteo_historical_forecast
2023-05-10,NYC,09:00,2023-05-10 09:00:00,70.3,73.8,-3.5,open_meteo_historical_forecast
2023-05-10,NYC,11:00,2023-05-10 11:00:00,70.3,73.8,-3.5,open_meteo_historical_forecast
2023-05-10,NYC,13:00,2023-05-10 13:00:00,70.3,73.8,-3.5,open_meteo_historical_forecast
2023-05-10,NYC,15:00,2023-05-10 15:00:00,70.3,73.8,-3.5,open_meteo_historical_forecast
2023-05-11,NYC,09:00,2023-05-11 09:00:00,77.9,81.0,-3.1,open_meteo_historical_forecast
2023-05-11,NYC,11:00,2023-05-11 11:00:00,77.9,81.0,-3.1,open_meteo_historical_forecast
2023-05-11,NYC,13:00,2023-05-11 13:00:00,77.9,81.0,-3.1,open_meteo_historical_forecast
2023-05-11,NYC,15:00,2023-05-11 15:00:00,77.9,81.0,-3.1,open_meteo_historical_forecast
2023-05-12,NYC,09:00,2023-05-12 09:00:00,83.8,87.8,-4.0,open_meteo_historical_forecast
2023-05-12,NYC,11:00,2023-05-12 11:00:00,83.8,87.8,-4.0,open_meteo_historical_forecast
2023-05-12,NYC,13:00,2023-05-12 13:00:00,83.8,87.8,-4.0,open_meteo_historical_forecast
2023-05-12,NYC,15:00,2023-05-12 15:00:00,83.8,87.8,-4.0,open_meteo_historical_forecast
2023-05-13,NYC,09:00,2023-05-13 09:00:00,80.6,81.8,-1.2,open_meteo_historical_forecast
2023-05-13,NYC,11:00,2023-05-13 11:00:00,80.6,81.8,-1.2,open_meteo_historical_forecast
2023-05-13,NYC,13:00,2023-05-13 13:00:00,80.6,81.8,-1.2,open_meteo_historical_forecast
2023-05-13,NYC,15:00,2023-05-13 15:00:00,80.6,81.8,-1.2,open_meteo_historical_forecast
2023-05-14,NYC,09:00,2023-05-14 09:00:00,72.3,74.6,-2.3,open_meteo_historical_forecast
2023-05-14,NYC,11:00,2023-05-14 11:00:00,72.3,74.6,-2.3,open_meteo_historical_forecast
2023-05-14,NYC,13:00,2023-05-14 13:00:00,72.3,74.6,-2.3,open_meteo_historical_forecast
2023-05-14,NYC,15:00,2023-05-14 15:00:00,72.3,74.6,-2.3,open_meteo_historical_forecast
2023-05-15,NYC,09:00,2023-05-15 09:00:00,76.6,75.5,1.1,open_meteo_historical_forecast
2023-05-15,NYC,11:00,2023-05-15 11:00:00,76.6,75.5,1.1,open_meteo_historical_forecast
2023-05-15,NYC,13:00,2023-05-15 13:00:00,76.6,75.5,1.1,open_meteo_historical_forecast
2023-05-15,NYC,15:00,2023-05-15 15:00:00,76.6,75.5,1.1,open_meteo_historical_forecast
2023-05-16,NYC,09:00,2023-05-16 09:00:00,81.1,80.1,1.0,open_meteo_historical_forecast
2023-05-16,NYC,11:00,2023-05-16 11:00:00,81.1,80.1,1.0,open_meteo_historical_forecast
2023-05-16,NYC,13:00,2023-05-16 13:00:00,81.1,80.1,1.0,open_meteo_historical_forecast
2023-05-16,NYC,15:00,2023-05-16 15:00:00,81.1,80.1,1.0,open_meteo_historical_forecast
2023-05-17,NYC,09:00,2023-05-17 09:00:00,64.7,67.5,-2.8,open_meteo_historical_forecast
2023-05-17,NYC,11:00,2023-05-17 11:00:00,64.7,67.5,-2.8,open_meteo_historical_forecast
2023-05-17,NYC,13:00,2023-05-17 13:00:00,64.7,67.5,-2.8,open_meteo_historical_forecast
2023-05-17,NYC,15:00,2023-05-17 15:00:00,64.7,67.5,-2.8,open_meteo_historical_forecast
2023-05-18,NYC,09:00,2023-05-18 09:00:00,58.4,60.9,-2.5,open_meteo_historical_forecast
2023-05-18,NYC,11:00,2023-05-18 11:00:00,58.4,60.9,-2.5,open_meteo_historical_forecast
2023-05-18,NYC,13:00,2023-05-18 13:00:00,58.4,60.9,-2.5,open_meteo_historical_forecast
2023-05-18,NYC,15:00,2023-05-18 15:00:00,58.4,60.9,-2.5,open_meteo_historical_forecast
2023-05-19,NYC,09:00,2023-05-19 09:00:00,67.6,69.5,-1.9,open_meteo_historical_forecast
2023-05-19,NYC,11:00,2023-05-19 11:00:00,67.6,69.5,-1.9,open_meteo_historical_forecast
2023-05-19,NYC,13:00,2023-05-19 13:00:00,67.6,69.5,-1.9,open_meteo_historical_forecast
2023-05-19,NYC,15:00,2023-05-19 15:00:00,67.6,69.5,-1.9,open_meteo_historical_forecast
2023-05-20,NYC,09:00,2023-05-20 09:00:00,63.7,64.9,-1.2,open_meteo_historical_forecast
2023-05-20,NYC,11:00,2023-05-20 11:00:00,63.7,64.9,-1.2,open_meteo_historical_forecast
2023-05-20,NYC,13:00,2023-05-20 13:00:00,63.7,64.9,-1.2,open_meteo_historical_forecast
2023-05-20,NYC,15:00,2023-05-20 15:00:00,63.7,64.9,-1.2,open_meteo_historical_forecast
2023-05-21,NYC,09:00,2023-05-21 09:00:00,70.9,70.4,0.5,open_meteo_historical_forecast
2023-05-21,NYC,11:00,2023-05-21 11:00:00,70.9,70.4,0.5,open_meteo_historical_forecast
2023-05-21,NYC,13:00,2023-05-21 13:00:00,70.9,70.4,0.5,open_meteo_historical_forecast
2023-05-21,NYC,15:00,2023-05-21 15:00:00,70.9,70.4,0.5,open_meteo_historical_forecast
2023-05-22,NYC,09:00,2023-05-22 09:00:00,72.8,75.6,-2.8,open_meteo_historical_forecast
2023-05-22,NYC,11:00,2023-05-22 11:00:00,72.8,75.6,-2.8,open_meteo_historical_forecast
2023-05-22,NYC,13:00,2023-05-22 13:00:00,72.8,75.6,-2.8,open_meteo_historical_forecast
2023-05-22,NYC,15:00,2023-05-22 15:00:00,72.8,75.6,-2.8,open_meteo_historical_forecast
2023-05-23,NYC,09:00,2023-05-23 09:00:00,67.6,69.5,-1.9,open_meteo_historical_forecast
2023-05-23,NYC,11:00,2023-05-23 11:00:00,67.6,69.5,-1.9,open_meteo_historical_forecast
2023-05-23,NYC,13:00,2023-05-23 13:00:00,67.6,69.5,-1.9,open_meteo_historical_forecast
2023-05-23,NYC,15:00,2023-05-23 15:00:00,67.6,69.5,-1.9,open_meteo_historical_forecast
2023-05-24,NYC,09:00,2023-05-24 09:00:00,71.9,78.0,-6.1,open_meteo_historical_forecast
2023-05-24,NYC,11:00,2023-05-24 11:00:00,71.9,78.0,-6.1,open_meteo_historical_forecast
2023-05-24,NYC,13:00,2023-05-24 13:00:00,71.9,78.0,-6.1,open_meteo_historical_forecast
2023-05-24,NYC,15:00,2023-05-24 15:00:00,71.9,78.0,-6.1,open_meteo_historical_forecast
2023-05-25,NYC,09:00,2023-05-25 09:00:00,66.2,67.9,-1.7,open_meteo_historical_forecast
2023-05-25,NYC,11:00,2023-05-25 11:00:00,66.2,67.9,-1.7,open_meteo_historical_forecast
2023-05-25,NYC,13:00,2023-05-25 13:00:00,66.2,67.9,-1.7,open_meteo_historical_forecast
2023-05-25,NYC,15:00,2023-05-25 15:00:00,66.2,67.9,-1.7,open_meteo_historical_forecast
2023-05-26,NYC,09:00,2023-05-26 09:00:00,71.3,73.2,-1.9,open_meteo_historical_forecast
2023-05-26,NYC,11:00,2023-05-26 11:00:00,71.3,73.2,-1.9,open_meteo_historical_forecast
2023-05-26,NYC,13:00,2023-05-26 13:00:00,71.3,73.2,-1.9,open_meteo_historical_forecast
2023-05-26,NYC,15:00,2023-05-26 15:00:00,71.3,73.2,-1.9,open_meteo_historical_forecast
2023-05-27,NYC,09:00,2023-05-27 09:00:00,75.7,78.5,-2.8,open_meteo_historical_forecast
2023-05-27,NYC,11:00,2023-05-27 11:00:00,75.7,78.5,-2.8,open_meteo_historical_forecast
2023-05-27,NYC,13:00,2023-05-27 13:00:00,75.7,78.5,-2.8,open_meteo_historical_forecast
2023-05-27,NYC,15:00,2023-05-27 15:00:00,75.7,78.5,-2.8,open_meteo_historical_forecast
2023-05-28,NYC,09:00,2023-05-28 09:00:00,75.2,79.2,-4.0,open_meteo_historical_forecast
2023-05-28,NYC,11:00,2023-05-28 11:00:00,75.2,79.2,-4.0,open_meteo_historical_forecast
2023-05-28,NYC,13:00,2023-05-28 13:00:00,75.2,79.2,-4.0,open_meteo_historical_forecast
2023-05-28,NYC,15:00,2023-05-28 15:00:00,75.2,79.2,-4.0,open_meteo_historical_forecast
2023-05-29,NYC,09:00,2023-05-29 09:00:00,77.4,79.2,-1.8,open_meteo_historical_forecast
2023-05-29,NYC,11:00,2023-05-29 11:00:00,77.4,79.2,-1.8,open_meteo_historical_forecast
2023-05-29,NYC,13:00,2023-05-29 13:00:00,77.4,79.2,-1.8,open_meteo_historical_forecast
2023-05-29,NYC,15:00,2023-05-29 15:00:00,77.4,79.2,-1.8,open_meteo_historical_forecast
2023-05-30,NYC,09:00,2023-05-30 09:00:00,69.9,70.4,-0.5,open_meteo_historical_forecast
2023-05-30,NYC,11:00,2023-05-30 11:00:00,69.9,70.4,-0.5,open_meteo_historical_forecast
2023-05-30,NYC,13:00,2023-05-30 13:00:00,69.9,70.4,-0.5,open_meteo_historical_forecast
2023-05-30,NYC,15:00,2023-05-30 15:00:00,69.9,70.4,-0.5,open_meteo_historical_forecast
2023-05-31,NYC,09:00,2023-05-31 09:00:00,73.8,75.7,-1.9,open_meteo_historical_forecast
2023-05-31,NYC,11:00,2023-05-31 11:00:00,73.8,75.7,-1.9,open_meteo_historical_forecast
2023-05-31,NYC,13:00,2023-05-31 13:00:00,73.8,75.7,-1.9,open_meteo_historical_forecast
2023-05-31,NYC,15:00,2023-05-31 15:00:00,73.8,75.7,-1.9,open_meteo_historical_forecast
2023-06-01,NYC,09:00,2023-06-01 09:00:00,82.6,86.9,-4.3,open_meteo_historical_forecast
2023-06-01,NYC,11:00,2023-06-01 11:00:00,82.6,86.9,-4.3,open_meteo_historical_forecast
2023-06-01,NYC,13:00,2023-06-01 13:00:00,82.6,86.9,-4.3,open_meteo_historical_forecast
2023-06-01,NYC,15:00,2023-06-01 15:00:00,82.6,86.9,-4.3,open_meteo_historical_forecast
2023-06-02,NYC,09:00,2023-06-02 09:00:00,88.2,90.1,-1.9,open_meteo_historical_forecast
2023-06-02,NYC,11:00,2023-06-02 11:00:00,88.2,90.1,-1.9,open_meteo_historical_forecast
2023-06-02,NYC,13:00,2023-06-02 13:00:00,88.2,90.1,-1.9,open_meteo_historical_forecast
2023-06-02,NYC,15:00,2023-06-02 15:00:00,88.2,90.1,-1.9,open_meteo_historical_forecast
2023-06-03,NYC,09:00,2023-06-03 09:00:00,68.7,68.6,0.1,open_meteo_historical_forecast
2023-06-03,NYC,11:00,2023-06-03 11:00:00,68.7,68.6,0.1,open_meteo_historical_forecast
2023-06-03,NYC,13:00,2023-06-03 13:00:00,68.7,68.6,0.1,open_meteo_historical_forecast
2023-06-03,NYC,15:00,2023-06-03 15:00:00,68.7,68.6,0.1,open_meteo_historical_forecast
2023-06-04,NYC,09:00,2023-06-04 09:00:00,70.2,67.6,2.6,open_meteo_historical_forecast
2023-06-04,NYC,11:00,2023-06-04 11:00:00,70.2,67.6,2.6,open_meteo_historical_forecast
2023-06-04,NYC,13:00,2023-06-04 13:00:00,70.2,67.6,2.6,open_meteo_historical_forecast
2023-06-04,NYC,15:00,2023-06-04 15:00:00,70.2,67.6,2.6,open_meteo_historical_forecast
2023-06-05,NYC,09:00,2023-06-05 09:00:00,74.5,75.8,-1.3,open_meteo_historical_forecast
2023-06-05,NYC,11:00,2023-06-05 11:00:00,74.5,75.8,-1.3,open_meteo_historical_forecast
2023-06-05,NYC,13:00,2023-06-05 13:00:00,74.5,75.8,-1.3,open_meteo_historical_forecast
2023-06-05,NYC,15:00,2023-06-05 15:00:00,74.5,75.8,-1.3,open_meteo_historical_forecast
2023-06-06,NYC,09:00,2023-06-06 09:00:00,78.4,78.9,-0.5,open_meteo_historical_forecast
2023-06-06,NYC,11:00,2023-06-06 11:00:00,78.4,78.9,-0.5,open_meteo_historical_forecast
2023-06-06,NYC,13:00,2023-06-06 13:00:00,78.4,78.9,-0.5,open_meteo_historical_forecast
2023-06-06,NYC,15:00,2023-06-06 15:00:00,78.4,78.9,-0.5,open_meteo_historical_forecast
2023-06-07,NYC,09:00,2023-06-07 09:00:00,76.7,70.4,6.3,open_meteo_historical_forecast
2023-06-07,NYC,11:00,2023-06-07 11:00:00,76.7,70.4,6.3,open_meteo_historical_forecast
2023-06-07,NYC,13:00,2023-06-07 13:00:00,76.7,70.4,6.3,open_meteo_historical_forecast
2023-06-07,NYC,15:00,2023-06-07 15:00:00,76.7,70.4,6.3,open_meteo_historical_forecast
2023-06-08,NYC,09:00,2023-06-08 09:00:00,71.6,71.7,-0.1,open_meteo_historical_forecast
2023-06-08,NYC,11:00,2023-06-08 11:00:00,71.6,71.7,-0.1,open_meteo_historical_forecast
2023-06-08,NYC,13:00,2023-06-08 13:00:00,71.6,71.7,-0.1,open_meteo_historical_forecast
2023-06-08,NYC,15:00,2023-06-08 15:00:00,71.6,71.7,-0.1,open_meteo_historical_forecast
2023-06-09,NYC,09:00,2023-06-09 09:00:00,72.6,71.1,1.5,open_meteo_historical_forecast
2023-06-09,NYC,11:00,2023-06-09 11:00:00,72.6,71.1,1.5,open_meteo_historical_forecast
2023-06-09,NYC,13:00,2023-06-09 13:00:00,72.6,71.1,1.5,open_meteo_historical_forecast
2023-06-09,NYC,15:00,2023-06-09 15:00:00,72.6,71.1,1.5,open_meteo_historical_forecast
2023-06-10,NYC,09:00,2023-06-10 09:00:00,79.0,78.3,0.7,open_meteo_historical_forecast
2023-06-10,NYC,11:00,2023-06-10 11:00:00,79.0,78.3,0.7,open_meteo_historical_forecast
2023-06-10,NYC,13:00,2023-06-10 13:00:00,79.0,78.3,0.7,open_meteo_historical_forecast
2023-06-10,NYC,15:00,2023-06-10 15:00:00,79.0,78.3,0.7,open_meteo_historical_forecast
2023-06-11,NYC,09:00,2023-06-11 09:00:00,81.7,81.6,0.1,open_meteo_historical_forecast
2023-06-11,NYC,11:00,2023-06-11 11:00:00,81.7,81.6,0.1,open_meteo_historical_forecast
2023-06-11,NYC,13:00,2023-06-11 13:00:00,81.7,81.6,0.1,open_meteo_historical_forecast
2023-06-11,NYC,15:00,2023-06-11 15:00:00,81.7,81.6,0.1,open_meteo_historical_forecast
2023-06-12,NYC,09:00,2023-06-12 09:00:00,76.3,78.0,-1.7,open_meteo_historical_forecast
2023-06-12,NYC,11:00,2023-06-12 11:00:00,76.3,78.0,-1.7,open_meteo_historical_forecast
2023-06-12,NYC,13:00,2023-06-12 13:00:00,76.3,78.0,-1.7,open_meteo_historical_forecast
2023-06-12,NYC,15:00,2023-06-12 15:00:00,76.3,78.0,-1.7,open_meteo_historical_forecast
2023-06-13,NYC,09:00,2023-06-13 09:00:00,79.1,80.1,-1.0,open_meteo_historical_forecast
2023-06-13,NYC,11:00,2023-06-13 11:00:00,79.1,80.1,-1.0,open_meteo_historical_forecast
2023-06-13,NYC,13:00,2023-06-13 13:00:00,79.1,80.1,-1.0,open_meteo_historical_forecast
2023-06-13,NYC,15:00,2023-06-13 15:00:00,79.1,80.1,-1.0,open_meteo_historical_forecast
2023-06-14,NYC,09:00,2023-06-14 09:00:00,75.6,74.9,0.7,open_meteo_historical_forecast
2023-06-14,NYC,11:00,2023-06-14 11:00:00,75.6,74.9,0.7,open_meteo_historical_forecast
2023-06-14,NYC,13:00,2023-06-14 13:00:00,75.6,74.9,0.7,open_meteo_historical_forecast
2023-06-14,NYC,15:00,2023-06-14 15:00:00,75.6,74.9,0.7,open_meteo_historical_forecast
2023-06-15,NYC,09:00,2023-06-15 09:00:00,79.2,78.6,0.6,open_meteo_historical_forecast
2023-06-15,NYC,11:00,2023-06-15 11:00:00,79.2,78.6,0.6,open_meteo_historical_forecast
2023-06-15,NYC,13:00,2023-06-15 13:00:00,79.2,78.6,0.6,open_meteo_historical_forecast
2023-06-15,NYC,15:00,2023-06-15 15:00:00,79.2,78.6,0.6,open_meteo_historical_forecast
2023-06-16,NYC,09:00,2023-06-16 09:00:00,78.5,79.4,-0.9,open_meteo_historical_forecast
2023-06-16,NYC,11:00,2023-06-16 11:00:00,78.5,79.4,-0.9,open_meteo_historical_forecast
2023-06-16,NYC,13:00,2023-06-16 13:00:00,78.5,79.4,-0.9,open_meteo_historical_forecast
2023-06-16,NYC,15:00,2023-06-16 15:00:00,78.5,79.4,-0.9,open_meteo_historical_forecast
2023-06-17,NYC,09:00,2023-06-17 09:00:00,77.6,78.0,-0.4,open_meteo_historical_forecast
2023-06-17,NYC,11:00,2023-06-17 11:00:00,77.6,78.0,-0.4,open_meteo_historical_forecast
2023-06-17,NYC,13:00,2023-06-17 13:00:00,77.6,78.0,-0.4,open_meteo_historical_forecast
2023-06-17,NYC,15:00,2023-06-17 15:00:00,77.6,78.0,-0.4,open_meteo_historical_forecast
2023-06-18,NYC,09:00,2023-06-18 09:00:00,79.4,80.5,-1.1,open_meteo_historical_forecast
2023-06-18,NYC,11:00,2023-06-18 11:00:00,79.4,80.5,-1.1,open_meteo_historical_forecast
2023-06-18,NYC,13:00,2023-06-18 13:00:00,79.4,80.5,-1.1,open_meteo_historical_forecast
2023-06-18,NYC,15:00,2023-06-18 15:00:00,79.4,80.5,-1.1,open_meteo_historical_forecast
2023-06-19,NYC,09:00,2023-06-19 09:00:00,77.4,79.3,-1.9,open_meteo_historical_forecast
2023-06-19,NYC,11:00,2023-06-19 11:00:00,77.4,79.3,-1.9,open_meteo_historical_forecast
2023-06-19,NYC,13:00,2023-06-19 13:00:00,77.4,79.3,-1.9,open_meteo_historical_forecast
2023-06-19,NYC,15:00,2023-06-19 15:00:00,77.4,79.3,-1.9,open_meteo_historical_forecast
2023-06-20,NYC,09:00,2023-06-20 09:00:00,76.3,76.0,0.3,open_meteo_historical_forecast
2023-06-20,NYC,11:00,2023-06-20 11:00:00,76.3,76.0,0.3,open_meteo_historical_forecast
2023-06-20,NYC,13:00,2023-06-20 13:00:00,76.3,76.0,0.3,open_meteo_historical_forecast
2023-06-20,NYC,15:00,2023-06-20 15:00:00,76.3,76.0,0.3,open_meteo_historical_forecast
2023-06-21,NYC,09:00,2023-06-21 09:00:00,73.1,71.9,1.2,open_meteo_historical_forecast
2023-06-21,NYC,11:00,2023-06-21 11:00:00,73.1,71.9,1.2,open_meteo_historical_forecast
2023-06-21,NYC,13:00,2023-06-21 13:00:00,73.1,71.9,1.2,open_meteo_historical_forecast
2023-06-21,NYC,15:00,2023-06-21 15:00:00,73.1,71.9,1.2,open_meteo_historical_forecast
2023-06-22,NYC,09:00,2023-06-22 09:00:00,69.3,69.9,-0.6,open_meteo_historical_forecast
2023-06-22,NYC,11:00,2023-06-22 11:00:00,69.3,69.9,-0.6,open_meteo_historical_forecast
2023-06-22,NYC,13:00,2023-06-22 13:00:00,69.3,69.9,-0.6,open_meteo_historical_forecast
2023-06-22,NYC,15:00,2023-06-22 15:00:00,69.3,69.9,-0.6,open_meteo_historical_forecast
2023-06-23,NYC,09:00,2023-06-23 09:00:00,73.6,69.9,3.7,open_meteo_historical_forecast
2023-06-23,NYC,11:00,2023-06-23 11:00:00,73.6,69.9,3.7,open_meteo_historical_forecast
2023-06-23,NYC,13:00,2023-06-23 13:00:00,73.6,69.9,3.7,open_meteo_historical_forecast
2023-06-23,NYC,15:00,2023-06-23 15:00:00,73.6,69.9,3.7,open_meteo_historical_forecast
2023-06-24,NYC,09:00,2023-06-24 09:00:00,78.8,78.3,0.5,open_meteo_historical_forecast
2023-06-24,NYC,11:00,2023-06-24 11:00:00,78.8,78.3,0.5,open_meteo_historical_forecast
2023-06-24,NYC,13:00,2023-06-24 13:00:00,78.8,78.3,0.5,open_meteo_historical_forecast
2023-06-24,NYC,15:00,2023-06-24 15:00:00,78.8,78.3,0.5,open_meteo_historical_forecast
2023-06-25,NYC,09:00,2023-06-25 09:00:00,83.5,83.7,-0.2,open_meteo_historical_forecast
2023-06-25,NYC,11:00,2023-06-25 11:00:00,83.5,83.7,-0.2,open_meteo_historical_forecast
2023-06-25,NYC,13:00,2023-06-25 13:00:00,83.5,83.7,-0.2,open_meteo_historical_forecast
2023-06-25,NYC,15:00,2023-06-25 15:00:00,83.5,83.7,-0.2,open_meteo_historical_forecast
2023-06-26,NYC,09:00,2023-06-26 09:00:00,79.1,79.9,-0.8,open_meteo_historical_forecast
2023-06-26,NYC,11:00,2023-06-26 11:00:00,79.1,79.9,-0.8,open_meteo_historical_forecast
2023-06-26,NYC,13:00,2023-06-26 13:00:00,79.1,79.9,-0.8,open_meteo_historical_forecast
2023-06-26,NYC,15:00,2023-06-26 15:00:00,79.1,79.9,-0.8,open_meteo_historical_forecast
2023-06-27,NYC,09:00,2023-06-27 09:00:00,79.6,78.2,1.4,open_meteo_historical_forecast
2023-06-27,NYC,11:00,2023-06-27 11:00:00,79.6,78.2,1.4,open_meteo_historical_forecast
2023-06-27,NYC,13:00,2023-06-27 13:00:00,79.6,78.2,1.4,open_meteo_historical_forecast
2023-06-27,NYC,15:00,2023-06-27 15:00:00,79.6,78.2,1.4,open_meteo_historical_forecast
2023-06-28,NYC,09:00,2023-06-28 09:00:00,82.7,81.9,0.8,open_meteo_historical_forecast
2023-06-28,NYC,11:00,2023-06-28 11:00:00,82.7,81.9,0.8,open_meteo_historical_forecast
2023-06-28,NYC,13:00,2023-06-28 13:00:00,82.7,81.9,0.8,open_meteo_historical_forecast
2023-06-28,NYC,15:00,2023-06-28 15:00:00,82.7,81.9,0.8,open_meteo_historical_forecast
2023-06-29,NYC,09:00,2023-06-29 09:00:00,83.2,83.1,0.1,open_meteo_historical_forecast
2023-06-29,NYC,11:00,2023-06-29 11:00:00,83.2,83.1,0.1,open_meteo_historical_forecast
2023-06-29,NYC,13:00,2023-06-29 13:00:00,83.2,83.1,0.1,open_meteo_historical_forecast
2023-06-29,NYC,15:00,2023-06-29 15:00:00,83.2,83.1,0.1,open_meteo_historical_forecast
2023-06-30,NYC,09:00,2023-06-30 09:00:00,84.0,85.1,-1.1,open_meteo_historical_forecast
2023-06-30,NYC,11:00,2023-06-30 11:00:00,84.0,85.1,-1.1,open_meteo_historical_forecast
2023-06-30,NYC,13:00,2023-06-30 13:00:00,84.0,85.1,-1.1,open_meteo_historical_forecast
2023-06-30,NYC,15:00,2023-06-30 15:00:00,84.0,85.1,-1.1,open_meteo_historical_forecast
2023-07-01,NYC,09:00,2023-07-01 09:00:00,80.6,82.8,-2.2,open_meteo_historical_forecast
2023-07-01,NYC,11:00,2023-07-01 11:00:00,80.6,82.8,-2.2,open_meteo_historical_forecast
2023-07-01,NYC,13:00,2023-07-01 13:00:00,80.6,82.8,-2.2,open_meteo_historical_forecast
2023-07-01,NYC,15:00,2023-07-01 15:00:00,80.6,82.8,-2.2,open_meteo_historical_forecast
2023-07-02,NYC,09:00,2023-07-02 09:00:00,87.9,87.8,0.1,open_meteo_historical_forecast
2023-07-02,NYC,11:00,2023-07-02 11:00:00,87.9,87.8,0.1,open_meteo_historical_forecast
2023-07-02,NYC,13:00,2023-07-02 13:00:00,87.9,87.8,0.1,open_meteo_historical_forecast
2023-07-02,NYC,15:00,2023-07-02 15:00:00,87.9,87.8,0.1,open_meteo_historical_forecast
2023-07-03,NYC,09:00,2023-07-03 09:00:00,87.4,89.4,-2.0,open_meteo_historical_forecast
2023-07-03,NYC,11:00,2023-07-03 11:00:00,87.4,89.4,-2.0,open_meteo_historical_forecast
2023-07-03,NYC,13:00,2023-07-03 13:00:00,87.4,89.4,-2.0,open_meteo_historical_forecast
2023-07-03,NYC,15:00,2023-07-03 15:00:00,87.4,89.4,-2.0,open_meteo_historical_forecast
2023-07-04,NYC,09:00,2023-07-04 09:00:00,84.3,84.6,-0.3,open_meteo_historical_forecast
2023-07-04,NYC,11:00,2023-07-04 11:00:00,84.3,84.6,-0.3,open_meteo_historical_forecast
2023-07-04,NYC,13:00,2023-07-04 13:00:00,84.3,84.6,-0.3,open_meteo_historical_forecast
2023-07-04,NYC,15:00,2023-07-04 15:00:00,84.3,84.6,-0.3,open_meteo_historical_forecast
2023-07-05,NYC,09:00,2023-07-05 09:00:00,89.4,94.4,-5.0,open_meteo_historical_forecast
2023-07-05,NYC,11:00,2023-07-05 11:00:00,89.4,94.4,-5.0,open_meteo_historical_forecast
2023-07-05,NYC,13:00,2023-07-05 13:00:00,89.4,94.4,-5.0,open_meteo_historical_forecast
2023-07-05,NYC,15:00,2023-07-05 15:00:00,89.4,94.4,-5.0,open_meteo_historical_forecast
2023-07-06,NYC,09:00,2023-07-06 09:00:00,87.8,91.4,-3.6,open_meteo_historical_forecast
2023-07-06,NYC,11:00,2023-07-06 11:00:00,87.8,91.4,-3.6,open_meteo_historical_forecast
2023-07-06,NYC,13:00,2023-07-06 13:00:00,87.8,91.4,-3.6,open_meteo_historical_forecast
2023-07-06,NYC,15:00,2023-07-06 15:00:00,87.8,91.4,-3.6,open_meteo_historical_forecast
2023-07-07,NYC,09:00,2023-07-07 09:00:00,85.2,86.4,-1.2,open_meteo_historical_forecast
2023-07-07,NYC,11:00,2023-07-07 11:00:00,85.2,86.4,-1.2,open_meteo_historical_forecast
2023-07-07,NYC,13:00,2023-07-07 13:00:00,85.2,86.4,-1.2,open_meteo_historical_forecast
2023-07-07,NYC,15:00,2023-07-07 15:00:00,85.2,86.4,-1.2,open_meteo_historical_forecast
2023-07-08,NYC,09:00,2023-07-08 09:00:00,84.8,87.8,-3.0,open_meteo_historical_forecast
2023-07-08,NYC,11:00,2023-07-08 11:00:00,84.8,87.8,-3.0,open_meteo_historical_forecast
2023-07-08,NYC,13:00,2023-07-08 13:00:00,84.8,87.8,-3.0,open_meteo_historical_forecast
2023-07-08,NYC,15:00,2023-07-08 15:00:00,84.8,87.8,-3.0,open_meteo_historical_forecast
2023-07-09,NYC,09:00,2023-07-09 09:00:00,80.5,83.0,-2.5,open_meteo_historical_forecast
2023-07-09,NYC,11:00,2023-07-09 11:00:00,80.5,83.0,-2.5,open_meteo_historical_forecast
2023-07-09,NYC,13:00,2023-07-09 13:00:00,80.5,83.0,-2.5,open_meteo_historical_forecast
2023-07-09,NYC,15:00,2023-07-09 15:00:00,80.5,83.0,-2.5,open_meteo_historical_forecast
2023-07-10,NYC,09:00,2023-07-10 09:00:00,83.0,86.0,-3.0,open_meteo_historical_forecast
2023-07-10,NYC,11:00,2023-07-10 11:00:00,83.0,86.0,-3.0,open_meteo_historical_forecast
2023-07-10,NYC,13:00,2023-07-10 13:00:00,83.0,86.0,-3.0,open_meteo_historical_forecast
2023-07-10,NYC,15:00,2023-07-10 15:00:00,83.0,86.0,-3.0,open_meteo_historical_forecast
2023-07-11,NYC,09:00,2023-07-11 09:00:00,87.8,91.0,-3.2,open_meteo_historical_forecast
2023-07-11,NYC,11:00,2023-07-11 11:00:00,87.8,91.0,-3.2,open_meteo_historical_forecast
2023-07-11,NYC,13:00,2023-07-11 13:00:00,87.8,91.0,-3.2,open_meteo_historical_forecast
2023-07-11,NYC,15:00,2023-07-11 15:00:00,87.8,91.0,-3.2,open_meteo_historical_forecast
2023-07-12,NYC,09:00,2023-07-12 09:00:00,90.8,93.0,-2.2,open_meteo_historical_forecast
2023-07-12,NYC,11:00,2023-07-12 11:00:00,90.8,93.0,-2.2,open_meteo_historical_forecast
2023-07-12,NYC,13:00,2023-07-12 13:00:00,90.8,93.0,-2.2,open_meteo_historical_forecast
2023-07-12,NYC,15:00,2023-07-12 15:00:00,90.8,93.0,-2.2,open_meteo_historical_forecast
2023-07-13,NYC,09:00,2023-07-13 09:00:00,88.5,88.5,0.0,open_meteo_historical_forecast
2023-07-13,NYC,11:00,2023-07-13 11:00:00,88.5,88.5,0.0,open_meteo_historical_forecast
2023-07-13,NYC,13:00,2023-07-13 13:00:00,88.5,88.5,0.0,open_meteo_historical_forecast
2023-07-13,NYC,15:00,2023-07-13 15:00:00,88.5,88.5,0.0,open_meteo_historical_forecast
2023-07-14,NYC,09:00,2023-07-14 09:00:00,81.1,82.8,-1.7,open_meteo_historical_forecast
2023-07-14,NYC,11:00,2023-07-14 11:00:00,81.1,82.8,-1.7,open_meteo_historical_forecast
2023-07-14,NYC,13:00,2023-07-14 13:00:00,81.1,82.8,-1.7,open_meteo_historical_forecast
2023-07-14,NYC,15:00,2023-07-14 15:00:00,81.1,82.8,-1.7,open_meteo_historical_forecast
2023-07-15,NYC,09:00,2023-07-15 09:00:00,84.7,89.1,-4.4,open_meteo_historical_forecast
2023-07-15,NYC,11:00,2023-07-15 11:00:00,84.7,89.1,-4.4,open_meteo_historical_forecast
2023-07-15,NYC,13:00,2023-07-15 13:00:00,84.7,89.1,-4.4,open_meteo_historical_forecast
2023-07-15,NYC,15:00,2023-07-15 15:00:00,84.7,89.1,-4.4,open_meteo_historical_forecast
2023-07-16,NYC,09:00,2023-07-16 09:00:00,78.4,79.2,-0.8,open_meteo_historical_forecast
2023-07-16,NYC,11:00,2023-07-16 11:00:00,78.4,79.2,-0.8,open_meteo_historical_forecast
2023-07-16,NYC,13:00,2023-07-16 13:00:00,78.4,79.2,-0.8,open_meteo_historical_forecast
2023-07-16,NYC,15:00,2023-07-16 15:00:00,78.4,79.2,-0.8,open_meteo_historical_forecast
2023-07-17,NYC,09:00,2023-07-17 09:00:00,89.2,91.3,-2.1,open_meteo_historical_forecast
2023-07-17,NYC,11:00,2023-07-17 11:00:00,89.2,91.3,-2.1,open_meteo_historical_forecast
2023-07-17,NYC,13:00,2023-07-17 13:00:00,89.2,91.3,-2.1,open_meteo_historical_forecast
2023-07-17,NYC,15:00,2023-07-17 15:00:00,89.2,91.3,-2.1,open_meteo_historical_forecast
2023-07-18,NYC,09:00,2023-07-18 09:00:00,84.9,84.8,0.1,open_meteo_historical_forecast
2023-07-18,NYC,11:00,2023-07-18 11:00:00,84.9,84.8,0.1,open_meteo_historical_forecast
2023-07-18,NYC,13:00,2023-07-18 13:00:00,84.9,84.8,0.1,open_meteo_historical_forecast
2023-07-18,NYC,15:00,2023-07-18 15:00:00,84.9,84.8,0.1,open_meteo_historical_forecast
2023-07-19,NYC,09:00,2023-07-19 09:00:00,81.5,81.9,-0.4,open_meteo_historical_forecast
2023-07-19,NYC,11:00,2023-07-19 11:00:00,81.5,81.9,-0.4,open_meteo_historical_forecast
2023-07-19,NYC,13:00,2023-07-19 13:00:00,81.5,81.9,-0.4,open_meteo_historical_forecast
2023-07-19,NYC,15:00,2023-07-19 15:00:00,81.5,81.9,-0.4,open_meteo_historical_forecast
2023-07-20,NYC,09:00,2023-07-20 09:00:00,83.8,87.2,-3.4,open_meteo_historical_forecast
2023-07-20,NYC,11:00,2023-07-20 11:00:00,83.8,87.2,-3.4,open_meteo_historical_forecast
2023-07-20,NYC,13:00,2023-07-20 13:00:00,83.8,87.2,-3.4,open_meteo_historical_forecast
2023-07-20,NYC,15:00,2023-07-20 15:00:00,83.8,87.2,-3.4,open_meteo_historical_forecast
2023-07-21,NYC,09:00,2023-07-21 09:00:00,84.8,87.0,-2.2,open_meteo_historical_forecast
2023-07-21,NYC,11:00,2023-07-21 11:00:00,84.8,87.0,-2.2,open_meteo_historical_forecast
2023-07-21,NYC,13:00,2023-07-21 13:00:00,84.8,87.0,-2.2,open_meteo_historical_forecast
2023-07-21,NYC,15:00,2023-07-21 15:00:00,84.8,87.0,-2.2,open_meteo_historical_forecast
2023-07-22,NYC,09:00,2023-07-22 09:00:00,83.1,85.5,-2.4,open_meteo_historical_forecast
2023-07-22,NYC,11:00,2023-07-22 11:00:00,83.1,85.5,-2.4,open_meteo_historical_forecast
2023-07-22,NYC,13:00,2023-07-22 13:00:00,83.1,85.5,-2.4,open_meteo_historical_forecast
2023-07-22,NYC,15:00,2023-07-22 15:00:00,83.1,85.5,-2.4,open_meteo_historical_forecast
2023-07-23,NYC,09:00,2023-07-23 09:00:00,85.8,86.4,-0.6,open_meteo_historical_forecast
2023-07-23,NYC,11:00,2023-07-23 11:00:00,85.8,86.4,-0.6,open_meteo_historical_forecast
2023-07-23,NYC,13:00,2023-07-23 13:00:00,85.8,86.4,-0.6,open_meteo_historical_forecast
2023-07-23,NYC,15:00,2023-07-23 15:00:00,85.8,86.4,-0.6,open_meteo_historical_forecast
2023-07-24,NYC,09:00,2023-07-24 09:00:00,83.9,87.1,-3.2,open_meteo_historical_forecast
2023-07-24,NYC,11:00,2023-07-24 11:00:00,83.9,87.1,-3.2,open_meteo_historical_forecast
2023-07-24,NYC,13:00,2023-07-24 13:00:00,83.9,87.1,-3.2,open_meteo_historical_forecast
2023-07-24,NYC,15:00,2023-07-24 15:00:00,83.9,87.1,-3.2,open_meteo_historical_forecast
2023-07-25,NYC,09:00,2023-07-25 09:00:00,83.3,86.8,-3.5,open_meteo_historical_forecast
2023-07-25,NYC,11:00,2023-07-25 11:00:00,83.3,86.8,-3.5,open_meteo_historical_forecast
2023-07-25,NYC,13:00,2023-07-25 13:00:00,83.3,86.8,-3.5,open_meteo_historical_forecast
2023-07-25,NYC,15:00,2023-07-25 15:00:00,83.3,86.8,-3.5,open_meteo_historical_forecast
2023-07-26,NYC,09:00,2023-07-26 09:00:00,85.9,90.0,-4.1,open_meteo_historical_forecast
2023-07-26,NYC,11:00,2023-07-26 11:00:00,85.9,90.0,-4.1,open_meteo_historical_forecast
2023-07-26,NYC,13:00,2023-07-26 13:00:00,85.9,90.0,-4.1,open_meteo_historical_forecast
2023-07-26,NYC,15:00,2023-07-26 15:00:00,85.9,90.0,-4.1,open_meteo_historical_forecast
2023-07-27,NYC,09:00,2023-07-27 09:00:00,92.4,93.7,-1.3,open_meteo_historical_forecast
2023-07-27,NYC,11:00,2023-07-27 11:00:00,92.4,93.7,-1.3,open_meteo_historical_forecast
2023-07-27,NYC,13:00,2023-07-27 13:00:00,92.4,93.7,-1.3,open_meteo_historical_forecast
2023-07-27,NYC,15:00,2023-07-27 15:00:00,92.4,93.7,-1.3,open_meteo_historical_forecast
2023-07-28,NYC,09:00,2023-07-28 09:00:00,93.2,94.3,-1.1,open_meteo_historical_forecast
2023-07-28,NYC,11:00,2023-07-28 11:00:00,93.2,94.3,-1.1,open_meteo_historical_forecast
2023-07-28,NYC,13:00,2023-07-28 13:00:00,93.2,94.3,-1.1,open_meteo_historical_forecast
2023-07-28,NYC,15:00,2023-07-28 15:00:00,93.2,94.3,-1.1,open_meteo_historical_forecast
2023-07-29,NYC,09:00,2023-07-29 09:00:00,92.4,90.9,1.5,open_meteo_historical_forecast
2023-07-29,NYC,11:00,2023-07-29 11:00:00,92.4,90.9,1.5,open_meteo_historical_forecast
2023-07-29,NYC,13:00,2023-07-29 13:00:00,92.4,90.9,1.5,open_meteo_historical_forecast
2023-07-29,NYC,15:00,2023-07-29 15:00:00,92.4,90.9,1.5,open_meteo_historical_forecast
2023-07-30,NYC,09:00,2023-07-30 09:00:00,78.7,80.5,-1.8,open_meteo_historical_forecast
2023-07-30,NYC,11:00,2023-07-30 11:00:00,78.7,80.5,-1.8,open_meteo_historical_forecast
2023-07-30,NYC,13:00,2023-07-30 13:00:00,78.7,80.5,-1.8,open_meteo_historical_forecast
2023-07-30,NYC,15:00,2023-07-30 15:00:00,78.7,80.5,-1.8,open_meteo_historical_forecast
2023-07-31,NYC,09:00,2023-07-31 09:00:00,84.5,83.6,0.9,open_meteo_historical_forecast
2023-07-31,NYC,11:00,2023-07-31 11:00:00,84.5,83.6,0.9,open_meteo_historical_forecast
2023-07-31,NYC,13:00,2023-07-31 13:00:00,84.5,83.6,0.9,open_meteo_historical_forecast
2023-07-31,NYC,15:00,2023-07-31 15:00:00,84.5,83.6,0.9,open_meteo_historical_forecast
2023-08-01,NYC,09:00,2023-08-01 09:00:00,80.1,80.8,-0.7,open_meteo_historical_forecast
2023-08-01,NYC,11:00,2023-08-01 11:00:00,80.1,80.8,-0.7,open_meteo_historical_forecast
2023-08-01,NYC,13:00,2023-08-01 13:00:00,80.1,80.8,-0.7,open_meteo_historical_forecast
2023-08-01,NYC,15:00,2023-08-01 15:00:00,80.1,80.8,-0.7,open_meteo_historical_forecast
2023-08-02,NYC,09:00,2023-08-02 09:00:00,81.2,82.1,-0.9,open_meteo_historical_forecast
2023-08-02,NYC,11:00,2023-08-02 11:00:00,81.2,82.1,-0.9,open_meteo_historical_forecast
2023-08-02,NYC,13:00,2023-08-02 13:00:00,81.2,82.1,-0.9,open_meteo_historical_forecast
2023-08-02,NYC,15:00,2023-08-02 15:00:00,81.2,82.1,-0.9,open_meteo_historical_forecast
2023-08-03,NYC,09:00,2023-08-03 09:00:00,79.4,80.3,-0.9,open_meteo_historical_forecast
2023-08-03,NYC,11:00,2023-08-03 11:00:00,79.4,80.3,-0.9,open_meteo_historical_forecast
2023-08-03,NYC,13:00,2023-08-03 13:00:00,79.4,80.3,-0.9,open_meteo_historical_forecast
2023-08-03,NYC,15:00,2023-08-03 15:00:00,79.4,80.3,-0.9,open_meteo_historical_forecast
2023-08-04,NYC,09:00,2023-08-04 09:00:00,81.1,78.6,2.5,open_meteo_historical_forecast
2023-08-04,NYC,11:00,2023-08-04 11:00:00,81.1,78.6,2.5,open_meteo_historical_forecast
2023-08-04,NYC,13:00,2023-08-04 13:00:00,81.1,78.6,2.5,open_meteo_historical_forecast
2023-08-04,NYC,15:00,2023-08-04 15:00:00,81.1,78.6,2.5,open_meteo_historical_forecast
2023-08-05,NYC,09:00,2023-08-05 09:00:00,86.4,85.6,0.8,open_meteo_historical_forecast
2023-08-05,NYC,11:00,2023-08-05 11:00:00,86.4,85.6,0.8,open_meteo_historical_forecast
2023-08-05,NYC,13:00,2023-08-05 13:00:00,86.4,85.6,0.8,open_meteo_historical_forecast
2023-08-05,NYC,15:00,2023-08-05 15:00:00,86.4,85.6,0.8,open_meteo_historical_forecast
2023-08-06,NYC,09:00,2023-08-06 09:00:00,86.8,85.9,0.9,open_meteo_historical_forecast
2023-08-06,NYC,11:00,2023-08-06 11:00:00,86.8,85.9,0.9,open_meteo_historical_forecast
2023-08-06,NYC,13:00,2023-08-06 13:00:00,86.8,85.9,0.9,open_meteo_historical_forecast
2023-08-06,NYC,15:00,2023-08-06 15:00:00,86.8,85.9,0.9,open_meteo_historical_forecast
2023-08-07,NYC,09:00,2023-08-07 09:00:00,81.1,80.3,0.8,open_meteo_historical_forecast
2023-08-07,NYC,11:00,2023-08-07 11:00:00,81.1,80.3,0.8,open_meteo_historical_forecast
2023-08-07,NYC,13:00,2023-08-07 13:00:00,81.1,80.3,0.8,open_meteo_historical_forecast
2023-08-07,NYC,15:00,2023-08-07 15:00:00,81.1,80.3,0.8,open_meteo_historical_forecast
2023-08-08,NYC,09:00,2023-08-08 09:00:00,80.5,80.7,-0.2,open_meteo_historical_forecast
2023-08-08,NYC,11:00,2023-08-08 11:00:00,80.5,80.7,-0.2,open_meteo_historical_forecast
2023-08-08,NYC,13:00,2023-08-08 13:00:00,80.5,80.7,-0.2,open_meteo_historical_forecast
2023-08-08,NYC,15:00,2023-08-08 15:00:00,80.5,80.7,-0.2,open_meteo_historical_forecast
2023-08-09,NYC,09:00,2023-08-09 09:00:00,84.7,87.3,-2.6,open_meteo_historical_forecast
2023-08-09,NYC,11:00,2023-08-09 11:00:00,84.7,87.3,-2.6,open_meteo_historical_forecast
2023-08-09,NYC,13:00,2023-08-09 13:00:00,84.7,87.3,-2.6,open_meteo_historical_forecast
2023-08-09,NYC,15:00,2023-08-09 15:00:00,84.7,87.3,-2.6,open_meteo_historical_forecast
2023-08-10,NYC,09:00,2023-08-10 09:00:00,77.9,80.7,-2.8,open_meteo_historical_forecast
2023-08-10,NYC,11:00,2023-08-10 11:00:00,77.9,80.7,-2.8,open_meteo_historical_forecast
2023-08-10,NYC,13:00,2023-08-10 13:00:00,77.9,80.7,-2.8,open_meteo_historical_forecast
2023-08-10,NYC,15:00,2023-08-10 15:00:00,77.9,80.7,-2.8,open_meteo_historical_forecast
2023-08-11,NYC,09:00,2023-08-11 09:00:00,83.5,86.3,-2.8,open_meteo_historical_forecast
2023-08-11,NYC,11:00,2023-08-11 11:00:00,83.5,86.3,-2.8,open_meteo_historical_forecast
2023-08-11,NYC,13:00,2023-08-11 13:00:00,83.5,86.3,-2.8,open_meteo_historical_forecast
2023-08-11,NYC,15:00,2023-08-11 15:00:00,83.5,86.3,-2.8,open_meteo_historical_forecast
2023-08-12,NYC,09:00,2023-08-12 09:00:00,81.6,84.4,-2.8,open_meteo_historical_forecast
2023-08-12,NYC,11:00,2023-08-12 11:00:00,81.6,84.4,-2.8,open_meteo_historical_forecast
2023-08-12,NYC,13:00,2023-08-12 13:00:00,81.6,84.4,-2.8,open_meteo_historical_forecast
2023-08-12,NYC,15:00,2023-08-12 15:00:00,81.6,84.4,-2.8,open_meteo_historical_forecast
2023-08-13,NYC,09:00,2023-08-13 09:00:00,86.2,88.8,-2.6,open_meteo_historical_forecast
2023-08-13,NYC,11:00,2023-08-13 11:00:00,86.2,88.8,-2.6,open_meteo_historical_forecast
2023-08-13,NYC,13:00,2023-08-13 13:00:00,86.2,88.8,-2.6,open_meteo_historical_forecast
2023-08-13,NYC,15:00,2023-08-13 15:00:00,86.2,88.8,-2.6,open_meteo_historical_forecast
2023-08-14,NYC,09:00,2023-08-14 09:00:00,87.2,88.5,-1.3,open_meteo_historical_forecast
2023-08-14,NYC,11:00,2023-08-14 11:00:00,87.2,88.5,-1.3,open_meteo_historical_forecast
2023-08-14,NYC,13:00,2023-08-14 13:00:00,87.2,88.5,-1.3,open_meteo_historical_forecast
2023-08-14,NYC,15:00,2023-08-14 15:00:00,87.2,88.5,-1.3,open_meteo_historical_forecast
2023-08-15,NYC,09:00,2023-08-15 09:00:00,79.7,78.2,1.5,open_meteo_historical_forecast
2023-08-15,NYC,11:00,2023-08-15 11:00:00,79.7,78.2,1.5,open_meteo_historical_forecast
2023-08-15,NYC,13:00,2023-08-15 13:00:00,79.7,78.2,1.5,open_meteo_historical_forecast
2023-08-15,NYC,15:00,2023-08-15 15:00:00,79.7,78.2,1.5,open_meteo_historical_forecast
2023-08-16,NYC,09:00,2023-08-16 09:00:00,79.8,79.5,0.3,open_meteo_historical_forecast
2023-08-16,NYC,11:00,2023-08-16 11:00:00,79.8,79.5,0.3,open_meteo_historical_forecast
2023-08-16,NYC,13:00,2023-08-16 13:00:00,79.8,79.5,0.3,open_meteo_historical_forecast
2023-08-16,NYC,15:00,2023-08-16 15:00:00,79.8,79.5,0.3,open_meteo_historical_forecast
2023-08-17,NYC,09:00,2023-08-17 09:00:00,77.9,78.0,-0.1,open_meteo_historical_forecast
2023-08-17,NYC,11:00,2023-08-17 11:00:00,77.9,78.0,-0.1,open_meteo_historical_forecast
2023-08-17,NYC,13:00,2023-08-17 13:00:00,77.9,78.0,-0.1,open_meteo_historical_forecast
2023-08-17,NYC,15:00,2023-08-17 15:00:00,77.9,78.0,-0.1,open_meteo_historical_forecast
2023-08-18,NYC,09:00,2023-08-18 09:00:00,80.2,78.5,1.7,open_meteo_historical_forecast
2023-08-18,NYC,11:00,2023-08-18 11:00:00,80.2,78.5,1.7,open_meteo_historical_forecast
2023-08-18,NYC,13:00,2023-08-18 13:00:00,80.2,78.5,1.7,open_meteo_historical_forecast
2023-08-18,NYC,15:00,2023-08-18 15:00:00,80.2,78.5,1.7,open_meteo_historical_forecast
2023-08-19,NYC,09:00,2023-08-19 09:00:00,79.0,79.3,-0.3,open_meteo_historical_forecast
2023-08-19,NYC,11:00,2023-08-19 11:00:00,79.0,79.3,-0.3,open_meteo_historical_forecast
2023-08-19,NYC,13:00,2023-08-19 13:00:00,79.0,79.3,-0.3,open_meteo_historical_forecast
2023-08-19,NYC,15:00,2023-08-19 15:00:00,79.0,79.3,-0.3,open_meteo_historical_forecast
2023-08-20,NYC,09:00,2023-08-20 09:00:00,85.3,86.7,-1.4,open_meteo_historical_forecast
2023-08-20,NYC,11:00,2023-08-20 11:00:00,85.3,86.7,-1.4,open_meteo_historical_forecast
2023-08-20,NYC,13:00,2023-08-20 13:00:00,85.3,86.7,-1.4,open_meteo_historical_forecast
2023-08-20,NYC,15:00,2023-08-20 15:00:00,85.3,86.7,-1.4,open_meteo_historical_forecast
2023-08-21,NYC,09:00,2023-08-21 09:00:00,87.3,87.1,0.2,open_meteo_historical_forecast
2023-08-21,NYC,11:00,2023-08-21 11:00:00,87.3,87.1,0.2,open_meteo_historical_forecast
2023-08-21,NYC,13:00,2023-08-21 13:00:00,87.3,87.1,0.2,open_meteo_historical_forecast
2023-08-21,NYC,15:00,2023-08-21 15:00:00,87.3,87.1,0.2,open_meteo_historical_forecast
2023-08-22,NYC,09:00,2023-08-22 09:00:00,78.4,79.5,-1.1,open_meteo_historical_forecast
2023-08-22,NYC,11:00,2023-08-22 11:00:00,78.4,79.5,-1.1,open_meteo_historical_forecast
2023-08-22,NYC,13:00,2023-08-22 13:00:00,78.4,79.5,-1.1,open_meteo_historical_forecast
2023-08-22,NYC,15:00,2023-08-22 15:00:00,78.4,79.5,-1.1,open_meteo_historical_forecast
2023-08-23,NYC,09:00,2023-08-23 09:00:00,78.1,79.5,-1.4,open_meteo_historical_forecast
2023-08-23,NYC,11:00,2023-08-23 11:00:00,78.1,79.5,-1.4,open_meteo_historical_forecast
2023-08-23,NYC,13:00,2023-08-23 13:00:00,78.1,79.5,-1.4,open_meteo_historical_forecast
2023-08-23,NYC,15:00,2023-08-23 15:00:00,78.1,79.5,-1.4,open_meteo_historical_forecast
2023-08-24,NYC,09:00,2023-08-24 09:00:00,75.5,72.8,2.7,open_meteo_historical_forecast
2023-08-24,NYC,11:00,2023-08-24 11:00:00,75.5,72.8,2.7,open_meteo_historical_forecast
2023-08-24,NYC,13:00,2023-08-24 13:00:00,75.5,72.8,2.7,open_meteo_historical_forecast
2023-08-24,NYC,15:00,2023-08-24 15:00:00,75.5,72.8,2.7,open_meteo_historical_forecast
2023-08-25,NYC,09:00,2023-08-25 09:00:00,81.9,77.1,4.8,open_meteo_historical_forecast
2023-08-25,NYC,11:00,2023-08-25 11:00:00,81.9,77.1,4.8,open_meteo_historical_forecast
2023-08-25,NYC,13:00,2023-08-25 13:00:00,81.9,77.1,4.8,open_meteo_historical_forecast
2023-08-25,NYC,15:00,2023-08-25 15:00:00,81.9,77.1,4.8,open_meteo_historical_forecast
2023-08-26,NYC,09:00,2023-08-26 09:00:00,85.7,82.5,3.2,open_meteo_historical_forecast
2023-08-26,NYC,11:00,2023-08-26 11:00:00,85.7,82.5,3.2,open_meteo_historical_forecast
2023-08-26,NYC,13:00,2023-08-26 13:00:00,85.7,82.5,3.2,open_meteo_historical_forecast
2023-08-26,NYC,15:00,2023-08-26 15:00:00,85.7,82.5,3.2,open_meteo_historical_forecast
2023-08-27,NYC,09:00,2023-08-27 09:00:00,82.1,82.7,-0.6,open_meteo_historical_forecast
2023-08-27,NYC,11:00,2023-08-27 11:00:00,82.1,82.7,-0.6,open_meteo_historical_forecast
2023-08-27,NYC,13:00,2023-08-27 13:00:00,82.1,82.7,-0.6,open_meteo_historical_forecast
2023-08-27,NYC,15:00,2023-08-27 15:00:00,82.1,82.7,-0.6,open_meteo_historical_forecast
2023-08-28,NYC,09:00,2023-08-28 09:00:00,77.1,76.0,1.1,open_meteo_historical_forecast
2023-08-28,NYC,11:00,2023-08-28 11:00:00,77.1,76.0,1.1,open_meteo_historical_forecast
2023-08-28,NYC,13:00,2023-08-28 13:00:00,77.1,76.0,1.1,open_meteo_historical_forecast
2023-08-28,NYC,15:00,2023-08-28 15:00:00,77.1,76.0,1.1,open_meteo_historical_forecast
2023-08-29,NYC,09:00,2023-08-29 09:00:00,80.9,78.0,2.9,open_meteo_historical_forecast
2023-08-29,NYC,11:00,2023-08-29 11:00:00,80.9,78.0,2.9,open_meteo_historical_forecast
2023-08-29,NYC,13:00,2023-08-29 13:00:00,80.9,78.0,2.9,open_meteo_historical_forecast
2023-08-29,NYC,15:00,2023-08-29 15:00:00,80.9,78.0,2.9,open_meteo_historical_forecast
2023-08-30,NYC,09:00,2023-08-30 09:00:00,84.4,84.0,0.4,open_meteo_historical_forecast
2023-08-30,NYC,11:00,2023-08-30 11:00:00,84.4,84.0,0.4,open_meteo_historical_forecast
2023-08-30,NYC,13:00,2023-08-30 13:00:00,84.4,84.0,0.4,open_meteo_historical_forecast
2023-08-30,NYC,15:00,2023-08-30 15:00:00,84.4,84.0,0.4,open_meteo_historical_forecast
2023-08-31,NYC,09:00,2023-08-31 09:00:00,76.4,76.5,-0.1,open_meteo_historical_forecast
2023-08-31,NYC,11:00,2023-08-31 11:00:00,76.4,76.5,-0.1,open_meteo_historical_forecast
2023-08-31,NYC,13:00,2023-08-31 13:00:00,76.4,76.5,-0.1,open_meteo_historical_forecast
2023-08-31,NYC,15:00,2023-08-31 15:00:00,76.4,76.5,-0.1,open_meteo_historical_forecast
2023-09-01,NYC,09:00,2023-09-01 09:00:00,75.5,75.6,-0.1,open_meteo_historical_forecast
2023-09-01,NYC,11:00,2023-09-01 11:00:00,75.5,75.6,-0.1,open_meteo_historical_forecast
2023-09-01,NYC,13:00,2023-09-01 13:00:00,75.5,75.6,-0.1,open_meteo_historical_forecast
2023-09-01,NYC,15:00,2023-09-01 15:00:00,75.5,75.6,-0.1,open_meteo_historical_forecast
2023-09-02,NYC,09:00,2023-09-02 09:00:00,80.6,79.9,0.7,open_meteo_historical_forecast
2023-09-02,NYC,11:00,2023-09-02 11:00:00,80.6,79.9,0.7,open_meteo_historical_forecast
2023-09-02,NYC,13:00,2023-09-02 13:00:00,80.6,79.9,0.7,open_meteo_historical_forecast
2023-09-02,NYC,15:00,2023-09-02 15:00:00,80.6,79.9,0.7,open_meteo_historical_forecast
2023-09-03,NYC,09:00,2023-09-03 09:00:00,89.0,89.8,-0.8,open_meteo_historical_forecast
2023-09-03,NYC,11:00,2023-09-03 11:00:00,89.0,89.8,-0.8,open_meteo_historical_forecast
2023-09-03,NYC,13:00,2023-09-03 13:00:00,89.0,89.8,-0.8,open_meteo_historical_forecast
2023-09-03,NYC,15:00,2023-09-03 15:00:00,89.0,89.8,-0.8,open_meteo_historical_forecast
2023-09-04,NYC,09:00,2023-09-04 09:00:00,91.3,87.8,3.5,open_meteo_historical_forecast
2023-09-04,NYC,11:00,2023-09-04 11:00:00,91.3,87.8,3.5,open_meteo_historical_forecast
2023-09-04,NYC,13:00,2023-09-04 13:00:00,91.3,87.8,3.5,open_meteo_historical_forecast
2023-09-04,NYC,15:00,2023-09-04 15:00:00,91.3,87.8,3.5,open_meteo_historical_forecast
2023-09-05,NYC,09:00,2023-09-05 09:00:00,93.2,91.3,1.9,open_meteo_historical_forecast
2023-09-05,NYC,11:00,2023-09-05 11:00:00,93.2,91.3,1.9,open_meteo_historical_forecast
2023-09-05,NYC,13:00,2023-09-05 13:00:00,93.2,91.3,1.9,open_meteo_historical_forecast
2023-09-05,NYC,15:00,2023-09-05 15:00:00,93.2,91.3,1.9,open_meteo_historical_forecast
2023-09-06,NYC,09:00,2023-09-06 09:00:00,94.2,93.9,0.3,open_meteo_historical_forecast
2023-09-06,NYC,11:00,2023-09-06 11:00:00,94.2,93.9,0.3,open_meteo_historical_forecast
2023-09-06,NYC,13:00,2023-09-06 13:00:00,94.2,93.9,0.3,open_meteo_historical_forecast
2023-09-06,NYC,15:00,2023-09-06 15:00:00,94.2,93.9,0.3,open_meteo_historical_forecast
2023-09-07,NYC,09:00,2023-09-07 09:00:00,93.1,95.1,-2.0,open_meteo_historical_forecast
2023-09-07,NYC,11:00,2023-09-07 11:00:00,93.1,95.1,-2.0,open_meteo_historical_forecast
2023-09-07,NYC,13:00,2023-09-07 13:00:00,93.1,95.1,-2.0,open_meteo_historical_forecast
2023-09-07,NYC,15:00,2023-09-07 15:00:00,93.1,95.1,-2.0,open_meteo_historical_forecast
2023-09-08,NYC,09:00,2023-09-08 09:00:00,87.5,89.3,-1.8,open_meteo_historical_forecast
2023-09-08,NYC,11:00,2023-09-08 11:00:00,87.5,89.3,-1.8,open_meteo_historical_forecast
2023-09-08,NYC,13:00,2023-09-08 13:00:00,87.5,89.3,-1.8,open_meteo_historical_forecast
2023-09-08,NYC,15:00,2023-09-08 15:00:00,87.5,89.3,-1.8,open_meteo_historical_forecast
2023-09-09,NYC,09:00,2023-09-09 09:00:00,83.4,84.6,-1.2,open_meteo_historical_forecast
2023-09-09,NYC,11:00,2023-09-09 11:00:00,83.4,84.6,-1.2,open_meteo_historical_forecast
2023-09-09,NYC,13:00,2023-09-09 13:00:00,83.4,84.6,-1.2,open_meteo_historical_forecast
2023-09-09,NYC,15:00,2023-09-09 15:00:00,83.4,84.6,-1.2,open_meteo_historical_forecast
2023-09-10,NYC,09:00,2023-09-10 09:00:00,75.7,75.6,0.1,open_meteo_historical_forecast
2023-09-10,NYC,11:00,2023-09-10 11:00:00,75.7,75.6,0.1,open_meteo_historical_forecast
2023-09-10,NYC,13:00,2023-09-10 13:00:00,75.7,75.6,0.1,open_meteo_historical_forecast
2023-09-10,NYC,15:00,2023-09-10 15:00:00,75.7,75.6,0.1,open_meteo_historical_forecast
2023-09-11,NYC,09:00,2023-09-11 09:00:00,82.0,80.9,1.1,open_meteo_historical_forecast
2023-09-11,NYC,11:00,2023-09-11 11:00:00,82.0,80.9,1.1,open_meteo_historical_forecast
2023-09-11,NYC,13:00,2023-09-11 13:00:00,82.0,80.9,1.1,open_meteo_historical_forecast
2023-09-11,NYC,15:00,2023-09-11 15:00:00,82.0,80.9,1.1,open_meteo_historical_forecast
2023-09-12,NYC,09:00,2023-09-12 09:00:00,83.0,81.3,1.7,open_meteo_historical_forecast
2023-09-12,NYC,11:00,2023-09-12 11:00:00,83.0,81.3,1.7,open_meteo_historical_forecast
2023-09-12,NYC,13:00,2023-09-12 13:00:00,83.0,81.3,1.7,open_meteo_historical_forecast
2023-09-12,NYC,15:00,2023-09-12 15:00:00,83.0,81.3,1.7,open_meteo_historical_forecast
2023-09-13,NYC,09:00,2023-09-13 09:00:00,79.3,78.3,1.0,open_meteo_historical_forecast
2023-09-13,NYC,11:00,2023-09-13 11:00:00,79.3,78.3,1.0,open_meteo_historical_forecast
2023-09-13,NYC,13:00,2023-09-13 13:00:00,79.3,78.3,1.0,open_meteo_historical_forecast
2023-09-13,NYC,15:00,2023-09-13 15:00:00,79.3,78.3,1.0,open_meteo_historical_forecast
2023-09-14,NYC,09:00,2023-09-14 09:00:00,76.7,78.5,-1.8,open_meteo_historical_forecast
2023-09-14,NYC,11:00,2023-09-14 11:00:00,76.7,78.5,-1.8,open_meteo_historical_forecast
2023-09-14,NYC,13:00,2023-09-14 13:00:00,76.7,78.5,-1.8,open_meteo_historical_forecast
2023-09-14,NYC,15:00,2023-09-14 15:00:00,76.7,78.5,-1.8,open_meteo_historical_forecast
2023-09-15,NYC,09:00,2023-09-15 09:00:00,70.2,70.2,0.0,open_meteo_historical_forecast
2023-09-15,NYC,11:00,2023-09-15 11:00:00,70.2,70.2,0.0,open_meteo_historical_forecast
2023-09-15,NYC,13:00,2023-09-15 13:00:00,70.2,70.2,0.0,open_meteo_historical_forecast
2023-09-15,NYC,15:00,2023-09-15 15:00:00,70.2,70.2,0.0,open_meteo_historical_forecast
2023-09-16,NYC,09:00,2023-09-16 09:00:00,75.6,76.5,-0.9,open_meteo_historical_forecast
2023-09-16,NYC,11:00,2023-09-16 11:00:00,75.6,76.5,-0.9,open_meteo_historical_forecast
2023-09-16,NYC,13:00,2023-09-16 13:00:00,75.6,76.5,-0.9,open_meteo_historical_forecast
2023-09-16,NYC,15:00,2023-09-16 15:00:00,75.6,76.5,-0.9,open_meteo_historical_forecast
2023-09-17,NYC,09:00,2023-09-17 09:00:00,75.3,77.0,-1.7,open_meteo_historical_forecast
2023-09-17,NYC,11:00,2023-09-17 11:00:00,75.3,77.0,-1.7,open_meteo_historical_forecast
2023-09-17,NYC,13:00,2023-09-17 13:00:00,75.3,77.0,-1.7,open_meteo_historical_forecast
2023-09-17,NYC,15:00,2023-09-17 15:00:00,75.3,77.0,-1.7,open_meteo_historical_forecast
2023-09-18,NYC,09:00,2023-09-18 09:00:00,70.1,68.3,1.8,open_meteo_historical_forecast
2023-09-18,NYC,11:00,2023-09-18 11:00:00,70.1,68.3,1.8,open_meteo_historical_forecast
2023-09-18,NYC,13:00,2023-09-18 13:00:00,70.1,68.3,1.8,open_meteo_historical_forecast
2023-09-18,NYC,15:00,2023-09-18 15:00:00,70.1,68.3,1.8,open_meteo_historical_forecast
2023-09-19,NYC,09:00,2023-09-19 09:00:00,73.8,72.4,1.4,open_meteo_historical_forecast
2023-09-19,NYC,11:00,2023-09-19 11:00:00,73.8,72.4,1.4,open_meteo_historical_forecast
2023-09-19,NYC,13:00,2023-09-19 13:00:00,73.8,72.4,1.4,open_meteo_historical_forecast
2023-09-19,NYC,15:00,2023-09-19 15:00:00,73.8,72.4,1.4,open_meteo_historical_forecast
2023-09-20,NYC,09:00,2023-09-20 09:00:00,74.0,75.9,-1.9,open_meteo_historical_forecast
2023-09-20,NYC,11:00,2023-09-20 11:00:00,74.0,75.9,-1.9,open_meteo_historical_forecast
2023-09-20,NYC,13:00,2023-09-20 13:00:00,74.0,75.9,-1.9,open_meteo_historical_forecast
2023-09-20,NYC,15:00,2023-09-20 15:00:00,74.0,75.9,-1.9,open_meteo_historical_forecast
2023-09-21,NYC,09:00,2023-09-21 09:00:00,72.8,73.3,-0.5,open_meteo_historical_forecast
2023-09-21,NYC,11:00,2023-09-21 11:00:00,72.8,73.3,-0.5,open_meteo_historical_forecast
2023-09-21,NYC,13:00,2023-09-21 13:00:00,72.8,73.3,-0.5,open_meteo_historical_forecast
2023-09-21,NYC,15:00,2023-09-21 15:00:00,72.8,73.3,-0.5,open_meteo_historical_forecast
2023-09-22,NYC,09:00,2023-09-22 09:00:00,71.2,69.5,1.7,open_meteo_historical_forecast
2023-09-22,NYC,11:00,2023-09-22 11:00:00,71.2,69.5,1.7,open_meteo_historical_forecast
2023-09-22,NYC,13:00,2023-09-22 13:00:00,71.2,69.5,1.7,open_meteo_historical_forecast
2023-09-22,NYC,15:00,2023-09-22 15:00:00,71.2,69.5,1.7,open_meteo_historical_forecast
2023-09-23,NYC,09:00,2023-09-23 09:00:00,61.4,59.9,1.5,open_meteo_historical_forecast
2023-09-23,NYC,11:00,2023-09-23 11:00:00,61.4,59.9,1.5,open_meteo_historical_forecast
2023-09-23,NYC,13:00,2023-09-23 13:00:00,61.4,59.9,1.5,open_meteo_historical_forecast
2023-09-23,NYC,15:00,2023-09-23 15:00:00,61.4,59.9,1.5,open_meteo_historical_forecast
2023-09-24,NYC,09:00,2023-09-24 09:00:00,66.1,63.2,2.9,open_meteo_historical_forecast
2023-09-24,NYC,11:00,2023-09-24 11:00:00,66.1,63.2,2.9,open_meteo_historical_forecast
2023-09-24,NYC,13:00,2023-09-24 13:00:00,66.1,63.2,2.9,open_meteo_historical_forecast
2023-09-24,NYC,15:00,2023-09-24 15:00:00,66.1,63.2,2.9,open_meteo_historical_forecast
2023-09-25,NYC,09:00,2023-09-25 09:00:00,62.7,62.8,-0.1,open_meteo_historical_forecast
2023-09-25,NYC,11:00,2023-09-25 11:00:00,62.7,62.8,-0.1,open_meteo_historical_forecast
2023-09-25,NYC,13:00,2023-09-25 13:00:00,62.7,62.8,-0.1,open_meteo_historical_forecast
2023-09-25,NYC,15:00,2023-09-25 15:00:00,62.7,62.8,-0.1,open_meteo_historical_forecast
2023-09-26,NYC,09:00,2023-09-26 09:00:00,62.9,60.3,2.6,open_meteo_historical_forecast
2023-09-26,NYC,11:00,2023-09-26 11:00:00,62.9,60.3,2.6,open_meteo_historical_forecast
2023-09-26,NYC,13:00,2023-09-26 13:00:00,62.9,60.3,2.6,open_meteo_historical_forecast
2023-09-26,NYC,15:00,2023-09-26 15:00:00,62.9,60.3,2.6,open_meteo_historical_forecast
2023-09-27,NYC,09:00,2023-09-27 09:00:00,63.7,64.2,-0.5,open_meteo_historical_forecast
2023-09-27,NYC,11:00,2023-09-27 11:00:00,63.7,64.2,-0.5,open_meteo_historical_forecast
2023-09-27,NYC,13:00,2023-09-27 13:00:00,63.7,64.2,-0.5,open_meteo_historical_forecast
2023-09-27,NYC,15:00,2023-09-27 15:00:00,63.7,64.2,-0.5,open_meteo_historical_forecast
2023-09-28,NYC,09:00,2023-09-28 09:00:00,64.8,63.0,1.8,open_meteo_historical_forecast
2023-09-28,NYC,11:00,2023-09-28 11:00:00,64.8,63.0,1.8,open_meteo_historical_forecast
2023-09-28,NYC,13:00,2023-09-28 13:00:00,64.8,63.0,1.8,open_meteo_historical_forecast
2023-09-28,NYC,15:00,2023-09-28 15:00:00,64.8,63.0,1.8,open_meteo_historical_forecast
2023-09-29,NYC,09:00,2023-09-29 09:00:00,62.2,60.0,2.2,open_meteo_historical_forecast
2023-09-29,NYC,11:00,2023-09-29 11:00:00,62.2,60.0,2.2,open_meteo_historical_forecast
2023-09-29,NYC,13:00,2023-09-29 13:00:00,62.2,60.0,2.2,open_meteo_historical_forecast
2023-09-29,NYC,15:00,2023-09-29 15:00:00,62.2,60.0,2.2,open_meteo_historical_forecast
2023-09-30,NYC,09:00,2023-09-30 09:00:00,71.0,65.2,5.8,open_meteo_historical_forecast
2023-09-30,NYC,11:00,2023-09-30 11:00:00,71.0,65.2,5.8,open_meteo_historical_forecast
2023-09-30,NYC,13:00,2023-09-30 13:00:00,71.0,65.2,5.8,open_meteo_historical_forecast
2023-09-30,NYC,15:00,2023-09-30 15:00:00,71.0,65.2,5.8,open_meteo_historical_forecast
2023-10-01,NYC,09:00,2023-10-01 09:00:00,76.7,76.5,0.2,open_meteo_historical_forecast
2023-10-01,NYC,11:00,2023-10-01 11:00:00,76.7,76.5,0.2,open_meteo_historical_forecast
2023-10-01,NYC,13:00,2023-10-01 13:00:00,76.7,76.5,0.2,open_meteo_historical_forecast
2023-10-01,NYC,15:00,2023-10-01 15:00:00,76.7,76.5,0.2,open_meteo_historical_forecast
2023-10-02,NYC,09:00,2023-10-02 09:00:00,76.9,79.1,-2.2,open_meteo_historical_forecast
2023-10-02,NYC,11:00,2023-10-02 11:00:00,76.9,79.1,-2.2,open_meteo_historical_forecast
2023-10-02,NYC,13:00,2023-10-02 13:00:00,76.9,79.1,-2.2,open_meteo_historical_forecast
2023-10-02,NYC,15:00,2023-10-02 15:00:00,76.9,79.1,-2.2,open_meteo_historical_forecast
2023-10-03,NYC,09:00,2023-10-03 09:00:00,80.7,83.5,-2.8,open_meteo_historical_forecast
2023-10-03,NYC,11:00,2023-10-03 11:00:00,80.7,83.5,-2.8,open_meteo_historical_forecast
2023-10-03,NYC,13:00,2023-10-03 13:00:00,80.7,83.5,-2.8,open_meteo_historical_forecast
2023-10-03,NYC,15:00,2023-10-03 15:00:00,80.7,83.5,-2.8,open_meteo_historical_forecast
2023-10-04,NYC,09:00,2023-10-04 09:00:00,81.6,85.3,-3.7,open_meteo_historical_forecast
2023-10-04,NYC,11:00,2023-10-04 11:00:00,81.6,85.3,-3.7,open_meteo_historical_forecast
2023-10-04,NYC,13:00,2023-10-04 13:00:00,81.6,85.3,-3.7,open_meteo_historical_forecast
2023-10-04,NYC,15:00,2023-10-04 15:00:00,81.6,85.3,-3.7,open_meteo_historical_forecast
2023-10-05,NYC,09:00,2023-10-05 09:00:00,75.2,78.1,-2.9,open_meteo_historical_forecast
2023-10-05,NYC,11:00,2023-10-05 11:00:00,75.2,78.1,-2.9,open_meteo_historical_forecast
2023-10-05,NYC,13:00,2023-10-05 13:00:00,75.2,78.1,-2.9,open_meteo_historical_forecast
2023-10-05,NYC,15:00,2023-10-05 15:00:00,75.2,78.1,-2.9,open_meteo_historical_forecast
2023-10-06,NYC,09:00,2023-10-06 09:00:00,72.1,70.0,2.1,open_meteo_historical_forecast
2023-10-06,NYC,11:00,2023-10-06 11:00:00,72.1,70.0,2.1,open_meteo_historical_forecast
2023-10-06,NYC,13:00,2023-10-06 13:00:00,72.1,70.0,2.1,open_meteo_historical_forecast
2023-10-06,NYC,15:00,2023-10-06 15:00:00,72.1,70.0,2.1,open_meteo_historical_forecast
2023-10-07,NYC,09:00,2023-10-07 09:00:00,69.3,68.7,0.6,open_meteo_historical_forecast
2023-10-07,NYC,11:00,2023-10-07 11:00:00,69.3,68.7,0.6,open_meteo_historical_forecast
2023-10-07,NYC,13:00,2023-10-07 13:00:00,69.3,68.7,0.6,open_meteo_historical_forecast
2023-10-07,NYC,15:00,2023-10-07 15:00:00,69.3,68.7,0.6,open_meteo_historical_forecast
2023-10-08,NYC,09:00,2023-10-08 09:00:00,62.1,59.8,2.3,open_meteo_historical_forecast
2023-10-08,NYC,11:00,2023-10-08 11:00:00,62.1,59.8,2.3,open_meteo_historical_forecast
2023-10-08,NYC,13:00,2023-10-08 13:00:00,62.1,59.8,2.3,open_meteo_historical_forecast
2023-10-08,NYC,15:00,2023-10-08 15:00:00,62.1,59.8,2.3,open_meteo_historical_forecast
2023-10-09,NYC,09:00,2023-10-09 09:00:00,60.2,61.6,-1.4,open_meteo_historical_forecast
2023-10-09,NYC,11:00,2023-10-09 11:00:00,60.2,61.6,-1.4,open_meteo_historical_forecast
2023-10-09,NYC,13:00,2023-10-09 13:00:00,60.2,61.6,-1.4,open_meteo_historical_forecast
2023-10-09,NYC,15:00,2023-10-09 15:00:00,60.2,61.6,-1.4,open_meteo_historical_forecast
2023-10-10,NYC,09:00,2023-10-10 09:00:00,64.0,64.8,-0.8,open_meteo_historical_forecast
2023-10-10,NYC,11:00,2023-10-10 11:00:00,64.0,64.8,-0.8,open_meteo_historical_forecast
2023-10-10,NYC,13:00,2023-10-10 13:00:00,64.0,64.8,-0.8,open_meteo_historical_forecast
2023-10-10,NYC,15:00,2023-10-10 15:00:00,64.0,64.8,-0.8,open_meteo_historical_forecast
2023-10-11,NYC,09:00,2023-10-11 09:00:00,68.7,71.4,-2.7,open_meteo_historical_forecast
2023-10-11,NYC,11:00,2023-10-11 11:00:00,68.7,71.4,-2.7,open_meteo_historical_forecast
2023-10-11,NYC,13:00,2023-10-11 13:00:00,68.7,71.4,-2.7,open_meteo_historical_forecast
2023-10-11,NYC,15:00,2023-10-11 15:00:00,68.7,71.4,-2.7,open_meteo_historical_forecast
2023-10-12,NYC,09:00,2023-10-12 09:00:00,69.1,71.8,-2.7,open_meteo_historical_forecast
2023-10-12,NYC,11:00,2023-10-12 11:00:00,69.1,71.8,-2.7,open_meteo_historical_forecast
2023-10-12,NYC,13:00,2023-10-12 13:00:00,69.1,71.8,-2.7,open_meteo_historical_forecast
2023-10-12,NYC,15:00,2023-10-12 15:00:00,69.1,71.8,-2.7,open_meteo_historical_forecast
2023-10-13,NYC,09:00,2023-10-13 09:00:00,63.4,64.2,-0.8,open_meteo_historical_forecast
2023-10-13,NYC,11:00,2023-10-13 11:00:00,63.4,64.2,-0.8,open_meteo_historical_forecast
2023-10-13,NYC,13:00,2023-10-13 13:00:00,63.4,64.2,-0.8,open_meteo_historical_forecast
2023-10-13,NYC,15:00,2023-10-13 15:00:00,63.4,64.2,-0.8,open_meteo_historical_forecast
2023-10-14,NYC,09:00,2023-10-14 09:00:00,52.5,54.4,-1.9,open_meteo_historical_forecast
2023-10-14,NYC,11:00,2023-10-14 11:00:00,52.5,54.4,-1.9,open_meteo_historical_forecast
2023-10-14,NYC,13:00,2023-10-14 13:00:00,52.5,54.4,-1.9,open_meteo_historical_forecast
2023-10-14,NYC,15:00,2023-10-14 15:00:00,52.5,54.4,-1.9,open_meteo_historical_forecast
2023-10-15,NYC,09:00,2023-10-15 09:00:00,61.6,59.9,1.7,open_meteo_historical_forecast
2023-10-15,NYC,11:00,2023-10-15 11:00:00,61.6,59.9,1.7,open_meteo_historical_forecast
2023-10-15,NYC,13:00,2023-10-15 13:00:00,61.6,59.9,1.7,open_meteo_historical_forecast
2023-10-15,NYC,15:00,2023-10-15 15:00:00,61.6,59.9,1.7,open_meteo_historical_forecast
2023-10-16,NYC,09:00,2023-10-16 09:00:00,63.8,64.4,-0.6,open_meteo_historical_forecast
2023-10-16,NYC,11:00,2023-10-16 11:00:00,63.8,64.4,-0.6,open_meteo_historical_forecast
2023-10-16,NYC,13:00,2023-10-16 13:00:00,63.8,64.4,-0.6,open_meteo_historical_forecast
2023-10-16,NYC,15:00,2023-10-16 15:00:00,63.8,64.4,-0.6,open_meteo_historical_forecast
2023-10-17,NYC,09:00,2023-10-17 09:00:00,62.4,62.7,-0.3,open_meteo_historical_forecast
2023-10-17,NYC,11:00,2023-10-17 11:00:00,62.4,62.7,-0.3,open_meteo_historical_forecast
2023-10-17,NYC,13:00,2023-10-17 13:00:00,62.4,62.7,-0.3,open_meteo_historical_forecast
2023-10-17,NYC,15:00,2023-10-17 15:00:00,62.4,62.7,-0.3,open_meteo_historical_forecast
2023-10-18,NYC,09:00,2023-10-18 09:00:00,62.8,63.5,-0.7,open_meteo_historical_forecast
2023-10-18,NYC,11:00,2023-10-18 11:00:00,62.8,63.5,-0.7,open_meteo_historical_forecast
2023-10-18,NYC,13:00,2023-10-18 13:00:00,62.8,63.5,-0.7,open_meteo_historical_forecast
2023-10-18,NYC,15:00,2023-10-18 15:00:00,62.8,63.5,-0.7,open_meteo_historical_forecast
2023-10-19,NYC,09:00,2023-10-19 09:00:00,64.4,65.3,-0.9,open_meteo_historical_forecast
2023-10-19,NYC,11:00,2023-10-19 11:00:00,64.4,65.3,-0.9,open_meteo_historical_forecast
2023-10-19,NYC,13:00,2023-10-19 13:00:00,64.4,65.3,-0.9,open_meteo_historical_forecast
2023-10-19,NYC,15:00,2023-10-19 15:00:00,64.4,65.3,-0.9,open_meteo_historical_forecast
2023-10-20,NYC,09:00,2023-10-20 09:00:00,62.4,65.1,-2.7,open_meteo_historical_forecast
2023-10-20,NYC,11:00,2023-10-20 11:00:00,62.4,65.1,-2.7,open_meteo_historical_forecast
2023-10-20,NYC,13:00,2023-10-20 13:00:00,62.4,65.1,-2.7,open_meteo_historical_forecast
2023-10-20,NYC,15:00,2023-10-20 15:00:00,62.4,65.1,-2.7,open_meteo_historical_forecast
2023-10-21,NYC,09:00,2023-10-21 09:00:00,63.4,61.6,1.8,open_meteo_historical_forecast
2023-10-21,NYC,11:00,2023-10-21 11:00:00,63.4,61.6,1.8,open_meteo_historical_forecast
2023-10-21,NYC,13:00,2023-10-21 13:00:00,63.4,61.6,1.8,open_meteo_historical_forecast
2023-10-21,NYC,15:00,2023-10-21 15:00:00,63.4,61.6,1.8,open_meteo_historical_forecast
2023-10-22,NYC,09:00,2023-10-22 09:00:00,56.2,56.8,-0.6,open_meteo_historical_forecast
2023-10-22,NYC,11:00,2023-10-22 11:00:00,56.2,56.8,-0.6,open_meteo_historical_forecast
2023-10-22,NYC,13:00,2023-10-22 13:00:00,56.2,56.8,-0.6,open_meteo_historical_forecast
2023-10-22,NYC,15:00,2023-10-22 15:00:00,56.2,56.8,-0.6,open_meteo_historical_forecast
2023-10-23,NYC,09:00,2023-10-23 09:00:00,61.2,61.5,-0.3,open_meteo_historical_forecast
2023-10-23,NYC,11:00,2023-10-23 11:00:00,61.2,61.5,-0.3,open_meteo_historical_forecast
2023-10-23,NYC,13:00,2023-10-23 13:00:00,61.2,61.5,-0.3,open_meteo_historical_forecast
2023-10-23,NYC,15:00,2023-10-23 15:00:00,61.2,61.5,-0.3,open_meteo_historical_forecast
2023-10-24,NYC,09:00,2023-10-24 09:00:00,63.6,66.6,-3.0,open_meteo_historical_forecast
2023-10-24,NYC,11:00,2023-10-24 11:00:00,63.6,66.6,-3.0,open_meteo_historical_forecast
2023-10-24,NYC,13:00,2023-10-24 13:00:00,63.6,66.6,-3.0,open_meteo_historical_forecast
2023-10-24,NYC,15:00,2023-10-24 15:00:00,63.6,66.6,-3.0,open_meteo_historical_forecast
2023-10-25,NYC,09:00,2023-10-25 09:00:00,71.2,74.9,-3.7,open_meteo_historical_forecast
2023-10-25,NYC,11:00,2023-10-25 11:00:00,71.2,74.9,-3.7,open_meteo_historical_forecast
2023-10-25,NYC,13:00,2023-10-25 13:00:00,71.2,74.9,-3.7,open_meteo_historical_forecast
2023-10-25,NYC,15:00,2023-10-25 15:00:00,71.2,74.9,-3.7,open_meteo_historical_forecast
2023-10-26,NYC,09:00,2023-10-26 09:00:00,78.5,80.5,-2.0,open_meteo_historical_forecast
2023-10-26,NYC,11:00,2023-10-26 11:00:00,78.5,80.5,-2.0,open_meteo_historical_forecast
2023-10-26,NYC,13:00,2023-10-26 13:00:00,78.5,80.5,-2.0,open_meteo_historical_forecast
2023-10-26,NYC,15:00,2023-10-26 15:00:00,78.5,80.5,-2.0,open_meteo_historical_forecast
2023-10-27,NYC,09:00,2023-10-27 09:00:00,76.5,76.9,-0.4,open_meteo_historical_forecast
2023-10-27,NYC,11:00,2023-10-27 11:00:00,76.5,76.9,-0.4,open_meteo_historical_forecast
2023-10-27,NYC,13:00,2023-10-27 13:00:00,76.5,76.9,-0.4,open_meteo_historical_forecast
2023-10-27,NYC,15:00,2023-10-27 15:00:00,76.5,76.9,-0.4,open_meteo_historical_forecast
2023-10-28,NYC,09:00,2023-10-28 09:00:00,80.1,82.3,-2.2,open_meteo_historical_forecast
2023-10-28,NYC,11:00,2023-10-28 11:00:00,80.1,82.3,-2.2,open_meteo_historical_forecast
2023-10-28,NYC,13:00,2023-10-28 13:00:00,80.1,82.3,-2.2,open_meteo_historical_forecast
2023-10-28,NYC,15:00,2023-10-28 15:00:00,80.1,82.3,-2.2,open_meteo_historical_forecast
2023-10-29,NYC,09:00,2023-10-29 09:00:00,61.1,64.8,-3.7,open_meteo_historical_forecast
2023-10-29,NYC,11:00,2023-10-29 11:00:00,61.1,64.8,-3.7,open_meteo_historical_forecast
2023-10-29,NYC,13:00,2023-10-29 13:00:00,61.1,64.8,-3.7,open_meteo_historical_forecast
2023-10-29,NYC,15:00,2023-10-29 15:00:00,61.1,64.8,-3.7,open_meteo_historical_forecast
2023-10-30,NYC,09:00,2023-10-30 09:00:00,65.1,58.5,6.6,open_meteo_historical_forecast
2023-10-30,NYC,11:00,2023-10-30 11:00:00,65.1,58.5,6.6,open_meteo_historical_forecast
2023-10-30,NYC,13:00,2023-10-30 13:00:00,65.1,58.5,6.6,open_meteo_historical_forecast
2023-10-30,NYC,15:00,2023-10-30 15:00:00,65.1,58.5,6.6,open_meteo_historical_forecast
2023-10-31,NYC,09:00,2023-10-31 09:00:00,51.3,51.5,-0.2,open_meteo_historical_forecast
2023-10-31,NYC,11:00,2023-10-31 11:00:00,51.3,51.5,-0.2,open_meteo_historical_forecast
2023-10-31,NYC,13:00,2023-10-31 13:00:00,51.3,51.5,-0.2,open_meteo_historical_forecast
2023-10-31,NYC,15:00,2023-10-31 15:00:00,51.3,51.5,-0.2,open_meteo_historical_forecast
2023-11-01,NYC,09:00,2023-11-01 09:00:00,49.2,49.0,0.2,open_meteo_historical_forecast
2023-11-01,NYC,11:00,2023-11-01 11:00:00,49.2,49.0,0.2,open_meteo_historical_forecast
2023-11-01,NYC,13:00,2023-11-01 13:00:00,49.2,49.0,0.2,open_meteo_historical_forecast
2023-11-01,NYC,15:00,2023-11-01 15:00:00,49.2,49.0,0.2,open_meteo_historical_forecast
2023-11-02,NYC,09:00,2023-11-02 09:00:00,49.4,50.5,-1.1,open_meteo_historical_forecast
2023-11-02,NYC,11:00,2023-11-02 11:00:00,49.4,50.5,-1.1,open_meteo_historical_forecast
2023-11-02,NYC,13:00,2023-11-02 13:00:00,49.4,50.5,-1.1,open_meteo_historical_forecast
2023-11-02,NYC,15:00,2023-11-02 15:00:00,49.4,50.5,-1.1,open_meteo_historical_forecast
2023-11-03,NYC,09:00,2023-11-03 09:00:00,55.3,56.7,-1.4,open_meteo_historical_forecast
2023-11-03,NYC,11:00,2023-11-03 11:00:00,55.3,56.7,-1.4,open_meteo_historical_forecast
2023-11-03,NYC,13:00,2023-11-03 13:00:00,55.3,56.7,-1.4,open_meteo_historical_forecast
2023-11-03,NYC,15:00,2023-11-03 15:00:00,55.3,56.7,-1.4,open_meteo_historical_forecast
2023-11-04,NYC,09:00,2023-11-04 09:00:00,58.8,60.9,-2.1,open_meteo_historical_forecast
2023-11-04,NYC,11:00,2023-11-04 11:00:00,58.8,60.9,-2.1,open_meteo_historical_forecast
2023-11-04,NYC,13:00,2023-11-04 13:00:00,58.8,60.9,-2.1,open_meteo_historical_forecast
2023-11-04,NYC,15:00,2023-11-04 15:00:00,58.8,60.9,-2.1,open_meteo_historical_forecast
2023-11-05,NYC,09:00,2023-11-05 09:00:00,62.6,65.4,-2.8,open_meteo_historical_forecast
2023-11-05,NYC,11:00,2023-11-05 11:00:00,62.6,65.4,-2.8,open_meteo_historical_forecast
2023-11-05,NYC,13:00,2023-11-05 13:00:00,62.6,65.4,-2.8,open_meteo_historical_forecast
2023-11-05,NYC,15:00,2023-11-05 15:00:00,62.6,65.4,-2.8,open_meteo_historical_forecast
2023-11-06,NYC,09:00,2023-11-06 09:00:00,53.8,55.8,-2.0,open_meteo_historical_forecast
2023-11-06,NYC,11:00,2023-11-06 11:00:00,53.8,55.8,-2.0,open_meteo_historical_forecast
2023-11-06,NYC,13:00,2023-11-06 13:00:00,53.8,55.8,-2.0,open_meteo_historical_forecast
2023-11-06,NYC,15:00,2023-11-06 15:00:00,53.8,55.8,-2.0,open_meteo_historical_forecast
2023-11-07,NYC,09:00,2023-11-07 09:00:00,68.3,66.0,2.3,open_meteo_historical_forecast
2023-11-07,NYC,11:00,2023-11-07 11:00:00,68.3,66.0,2.3,open_meteo_historical_forecast
2023-11-07,NYC,13:00,2023-11-07 13:00:00,68.3,66.0,2.3,open_meteo_historical_forecast
2023-11-07,NYC,15:00,2023-11-07 15:00:00,68.3,66.0,2.3,open_meteo_historical_forecast
2023-11-08,NYC,09:00,2023-11-08 09:00:00,51.7,55.0,-3.3,open_meteo_historical_forecast
2023-11-08,NYC,11:00,2023-11-08 11:00:00,51.7,55.0,-3.3,open_meteo_historical_forecast
2023-11-08,NYC,13:00,2023-11-08 13:00:00,51.7,55.0,-3.3,open_meteo_historical_forecast
2023-11-08,NYC,15:00,2023-11-08 15:00:00,51.7,55.0,-3.3,open_meteo_historical_forecast
2023-11-09,NYC,09:00,2023-11-09 09:00:00,58.8,57.6,1.2,open_meteo_historical_forecast
2023-11-09,NYC,11:00,2023-11-09 11:00:00,58.8,57.6,1.2,open_meteo_historical_forecast
2023-11-09,NYC,13:00,2023-11-09 13:00:00,58.8,57.6,1.2,open_meteo_historical_forecast
2023-11-09,NYC,15:00,2023-11-09 15:00:00,58.8,57.6,1.2,open_meteo_historical_forecast
2023-11-10,NYC,09:00,2023-11-10 09:00:00,51.2,54.1,-2.9,open_meteo_historical_forecast
2023-11-10,NYC,11:00,2023-11-10 11:00:00,51.2,54.1,-2.9,open_meteo_historical_forecast
2023-11-10,NYC,13:00,2023-11-10 13:00:00,51.2,54.1,-2.9,open_meteo_historical_forecast
2023-11-10,NYC,15:00,2023-11-10 15:00:00,51.2,54.1,-2.9,open_meteo_historical_forecast
2023-11-11,NYC,09:00,2023-11-11 09:00:00,53.5,55.1,-1.6,open_meteo_historical_forecast
2023-11-11,NYC,11:00,2023-11-11 11:00:00,53.5,55.1,-1.6,open_meteo_historical_forecast
2023-11-11,NYC,13:00,2023-11-11 13:00:00,53.5,55.1,-1.6,open_meteo_historical_forecast
2023-11-11,NYC,15:00,2023-11-11 15:00:00,53.5,55.1,-1.6,open_meteo_historical_forecast
2023-11-12,NYC,09:00,2023-11-12 09:00:00,44.9,45.2,-0.3,open_meteo_historical_forecast
2023-11-12,NYC,11:00,2023-11-12 11:00:00,44.9,45.2,-0.3,open_meteo_historical_forecast
2023-11-12,NYC,13:00,2023-11-12 13:00:00,44.9,45.2,-0.3,open_meteo_historical_forecast
2023-11-12,NYC,15:00,2023-11-12 15:00:00,44.9,45.2,-0.3,open_meteo_historical_forecast
2023-11-13,NYC,09:00,2023-11-13 09:00:00,47.7,48.6,-0.9,open_meteo_historical_forecast
2023-11-13,NYC,11:00,2023-11-13 11:00:00,47.7,48.6,-0.9,open_meteo_historical_forecast
2023-11-13,NYC,13:00,2023-11-13 13:00:00,47.7,48.6,-0.9,open_meteo_historical_forecast
2023-11-13,NYC,15:00,2023-11-13 15:00:00,47.7,48.6,-0.9,open_meteo_historical_forecast
2023-11-14,NYC,09:00,2023-11-14 09:00:00,51.5,53.7,-2.2,open_meteo_historical_forecast
2023-11-14,NYC,11:00,2023-11-14 11:00:00,51.5,53.7,-2.2,open_meteo_historical_forecast
2023-11-14,NYC,13:00,2023-11-14 13:00:00,51.5,53.7,-2.2,open_meteo_historical_forecast
2023-11-14,NYC,15:00,2023-11-14 15:00:00,51.5,53.7,-2.2,open_meteo_historical_forecast
2023-11-15,NYC,09:00,2023-11-15 09:00:00,51.0,52.9,-1.9,open_meteo_historical_forecast
2023-11-15,NYC,11:00,2023-11-15 11:00:00,51.0,52.9,-1.9,open_meteo_historical_forecast
2023-11-15,NYC,13:00,2023-11-15 13:00:00,51.0,52.9,-1.9,open_meteo_historical_forecast
2023-11-15,NYC,15:00,2023-11-15 15:00:00,51.0,52.9,-1.9,open_meteo_historical_forecast
2023-11-16,NYC,09:00,2023-11-16 09:00:00,63.8,67.0,-3.2,open_meteo_historical_forecast
2023-11-16,NYC,11:00,2023-11-16 11:00:00,63.8,67.0,-3.2,open_meteo_historical_forecast
2023-11-16,NYC,13:00,2023-11-16 13:00:00,63.8,67.0,-3.2,open_meteo_historical_forecast
2023-11-16,NYC,15:00,2023-11-16 15:00:00,63.8,67.0,-3.2,open_meteo_historical_forecast
2023-11-17,NYC,09:00,2023-11-17 09:00:00,66.2,67.3,-1.1,open_meteo_historical_forecast
2023-11-17,NYC,11:00,2023-11-17 11:00:00,66.2,67.3,-1.1,open_meteo_historical_forecast
2023-11-17,NYC,13:00,2023-11-17 13:00:00,66.2,67.3,-1.1,open_meteo_historical_forecast
2023-11-17,NYC,15:00,2023-11-17 15:00:00,66.2,67.3,-1.1,open_meteo_historical_forecast
2023-11-18,NYC,09:00,2023-11-18 09:00:00,56.0,59.9,-3.9,open_meteo_historical_forecast
2023-11-18,NYC,11:00,2023-11-18 11:00:00,56.0,59.9,-3.9,open_meteo_historical_forecast
2023-11-18,NYC,13:00,2023-11-18 13:00:00,56.0,59.9,-3.9,open_meteo_historical_forecast
2023-11-18,NYC,15:00,2023-11-18 15:00:00,56.0,59.9,-3.9,open_meteo_historical_forecast
2023-11-19,NYC,09:00,2023-11-19 09:00:00,54.0,55.5,-1.5,open_meteo_historical_forecast
2023-11-19,NYC,11:00,2023-11-19 11:00:00,54.0,55.5,-1.5,open_meteo_historical_forecast
2023-11-19,NYC,13:00,2023-11-19 13:00:00,54.0,55.5,-1.5,open_meteo_historical_forecast
2023-11-19,NYC,15:00,2023-11-19 15:00:00,54.0,55.5,-1.5,open_meteo_historical_forecast
2023-11-20,NYC,09:00,2023-11-20 09:00:00,44.5,45.0,-0.5,open_meteo_historical_forecast
2023-11-20,NYC,11:00,2023-11-20 11:00:00,44.5,45.0,-0.5,open_meteo_historical_forecast
2023-11-20,NYC,13:00,2023-11-20 13:00:00,44.5,45.0,-0.5,open_meteo_historical_forecast
2023-11-20,NYC,15:00,2023-11-20 15:00:00,44.5,45.0,-0.5,open_meteo_historical_forecast
2023-11-21,NYC,09:00,2023-11-21 09:00:00,46.5,45.2,1.3,open_meteo_historical_forecast
2023-11-21,NYC,11:00,2023-11-21 11:00:00,46.5,45.2,1.3,open_meteo_historical_forecast
2023-11-21,NYC,13:00,2023-11-21 13:00:00,46.5,45.2,1.3,open_meteo_historical_forecast
2023-11-21,NYC,15:00,2023-11-21 15:00:00,46.5,45.2,1.3,open_meteo_historical_forecast
2023-11-22,NYC,09:00,2023-11-22 09:00:00,57.4,53.1,4.3,open_meteo_historical_forecast
2023-11-22,NYC,11:00,2023-11-22 11:00:00,57.4,53.1,4.3,open_meteo_historical_forecast
2023-11-22,NYC,13:00,2023-11-22 13:00:00,57.4,53.1,4.3,open_meteo_historical_forecast
2023-11-22,NYC,15:00,2023-11-22 15:00:00,57.4,53.1,4.3,open_meteo_historical_forecast
2023-11-23,NYC,09:00,2023-11-23 09:00:00,51.8,52.7,-0.9,open_meteo_historical_forecast
2023-11-23,NYC,11:00,2023-11-23 11:00:00,51.8,52.7,-0.9,open_meteo_historical_forecast
2023-11-23,NYC,13:00,2023-11-23 13:00:00,51.8,52.7,-0.9,open_meteo_historical_forecast
2023-11-23,NYC,15:00,2023-11-23 15:00:00,51.8,52.7,-0.9,open_meteo_historical_forecast
2023-11-24,NYC,09:00,2023-11-24 09:00:00,49.2,50.9,-1.7,open_meteo_historical_forecast
2023-11-24,NYC,11:00,2023-11-24 11:00:00,49.2,50.9,-1.7,open_meteo_historical_forecast
2023-11-24,NYC,13:00,2023-11-24 13:00:00,49.2,50.9,-1.7,open_meteo_historical_forecast
2023-11-24,NYC,15:00,2023-11-24 15:00:00,49.2,50.9,-1.7,open_meteo_historical_forecast
2023-11-25,NYC,09:00,2023-11-25 09:00:00,39.3,40.4,-1.1,open_meteo_historical_forecast
2023-11-25,NYC,11:00,2023-11-25 11:00:00,39.3,40.4,-1.1,open_meteo_historical_forecast
2023-11-25,NYC,13:00,2023-11-25 13:00:00,39.3,40.4,-1.1,open_meteo_historical_forecast
2023-11-25,NYC,15:00,2023-11-25 15:00:00,39.3,40.4,-1.1,open_meteo_historical_forecast
2023-11-26,NYC,09:00,2023-11-26 09:00:00,50.7,51.3,-0.6,open_meteo_historical_forecast
2023-11-26,NYC,11:00,2023-11-26 11:00:00,50.7,51.3,-0.6,open_meteo_historical_forecast
2023-11-26,NYC,13:00,2023-11-26 13:00:00,50.7,51.3,-0.6,open_meteo_historical_forecast
2023-11-26,NYC,15:00,2023-11-26 15:00:00,50.7,51.3,-0.6,open_meteo_historical_forecast
2023-11-27,NYC,09:00,2023-11-27 09:00:00,55.2,53.3,1.9,open_meteo_historical_forecast
2023-11-27,NYC,11:00,2023-11-27 11:00:00,55.2,53.3,1.9,open_meteo_historical_forecast
2023-11-27,NYC,13:00,2023-11-27 13:00:00,55.2,53.3,1.9,open_meteo_historical_forecast
2023-11-27,NYC,15:00,2023-11-27 15:00:00,55.2,53.3,1.9,open_meteo_historical_forecast
2023-11-28,NYC,09:00,2023-11-28 09:00:00,38.4,39.5,-1.1,open_meteo_historical_forecast
2023-11-28,NYC,11:00,2023-11-28 11:00:00,38.4,39.5,-1.1,open_meteo_historical_forecast
2023-11-28,NYC,13:00,2023-11-28 13:00:00,38.4,39.5,-1.1,open_meteo_historical_forecast
2023-11-28,NYC,15:00,2023-11-28 15:00:00,38.4,39.5,-1.1,open_meteo_historical_forecast
2023-11-29,NYC,09:00,2023-11-29 09:00:00,36.5,37.8,-1.3,open_meteo_historical_forecast
2023-11-29,NYC,11:00,2023-11-29 11:00:00,36.5,37.8,-1.3,open_meteo_historical_forecast
2023-11-29,NYC,13:00,2023-11-29 13:00:00,36.5,37.8,-1.3,open_meteo_historical_forecast
2023-11-29,NYC,15:00,2023-11-29 15:00:00,36.5,37.8,-1.3,open_meteo_historical_forecast
2023-11-30,NYC,09:00,2023-11-30 09:00:00,48.8,51.8,-3.0,open_meteo_historical_forecast
2023-11-30,NYC,11:00,2023-11-30 11:00:00,48.8,51.8,-3.0,open_meteo_historical_forecast
2023-11-30,NYC,13:00,2023-11-30 13:00:00,48.8,51.8,-3.0,open_meteo_historical_forecast
2023-11-30,NYC,15:00,2023-11-30 15:00:00,48.8,51.8,-3.0,open_meteo_historical_forecast
2023-12-01,NYC,09:00,2023-12-01 09:00:00,45.9,47.8,-1.9,open_meteo_historical_forecast
2023-12-01,NYC,11:00,2023-12-01 11:00:00,45.9,47.8,-1.9,open_meteo_historical_forecast
2023-12-01,NYC,13:00,2023-12-01 13:00:00,45.9,47.8,-1.9,open_meteo_historical_forecast
2023-12-01,NYC,15:00,2023-12-01 15:00:00,45.9,47.8,-1.9,open_meteo_historical_forecast
2023-12-02,NYC,09:00,2023-12-02 09:00:00,61.3,58.4,2.9,open_meteo_historical_forecast
2023-12-02,NYC,11:00,2023-12-02 11:00:00,61.3,58.4,2.9,open_meteo_historical_forecast
2023-12-02,NYC,13:00,2023-12-02 13:00:00,61.3,58.4,2.9,open_meteo_historical_forecast
2023-12-02,NYC,15:00,2023-12-02 15:00:00,61.3,58.4,2.9,open_meteo_historical_forecast
2023-12-03,NYC,09:00,2023-12-03 09:00:00,49.9,49.3,0.6,open_meteo_historical_forecast
2023-12-03,NYC,11:00,2023-12-03 11:00:00,49.9,49.3,0.6,open_meteo_historical_forecast
2023-12-03,NYC,13:00,2023-12-03 13:00:00,49.9,49.3,0.6,open_meteo_historical_forecast
2023-12-03,NYC,15:00,2023-12-03 15:00:00,49.9,49.3,0.6,open_meteo_historical_forecast
2023-12-04,NYC,09:00,2023-12-04 09:00:00,51.3,51.3,0.0,open_meteo_historical_forecast
2023-12-04,NYC,11:00,2023-12-04 11:00:00,51.3,51.3,0.0,open_meteo_historical_forecast
2023-12-04,NYC,13:00,2023-12-04 13:00:00,51.3,51.3,0.0,open_meteo_historical_forecast
2023-12-04,NYC,15:00,2023-12-04 15:00:00,51.3,51.3,0.0,open_meteo_historical_forecast
2023-12-05,NYC,09:00,2023-12-05 09:00:00,43.9,42.3,1.6,open_meteo_historical_forecast
2023-12-05,NYC,11:00,2023-12-05 11:00:00,43.9,42.3,1.6,open_meteo_historical_forecast
2023-12-05,NYC,13:00,2023-12-05 13:00:00,43.9,42.3,1.6,open_meteo_historical_forecast
2023-12-05,NYC,15:00,2023-12-05 15:00:00,43.9,42.3,1.6,open_meteo_historical_forecast
2023-12-06,NYC,09:00,2023-12-06 09:00:00,40.9,40.6,0.3,open_meteo_historical_forecast
2023-12-06,NYC,11:00,2023-12-06 11:00:00,40.9,40.6,0.3,open_meteo_historical_forecast
2023-12-06,NYC,13:00,2023-12-06 13:00:00,40.9,40.6,0.3,open_meteo_historical_forecast
2023-12-06,NYC,15:00,2023-12-06 15:00:00,40.9,40.6,0.3,open_meteo_historical_forecast
2023-12-07,NYC,09:00,2023-12-07 09:00:00,38.1,37.7,0.4,open_meteo_historical_forecast
2023-12-07,NYC,11:00,2023-12-07 11:00:00,38.1,37.7,0.4,open_meteo_historical_forecast
2023-12-07,NYC,13:00,2023-12-07 13:00:00,38.1,37.7,0.4,open_meteo_historical_forecast
2023-12-07,NYC,15:00,2023-12-07 15:00:00,38.1,37.7,0.4,open_meteo_historical_forecast
2023-12-08,NYC,09:00,2023-12-08 09:00:00,48.5,50.4,-1.9,open_meteo_historical_forecast
2023-12-08,NYC,11:00,2023-12-08 11:00:00,48.5,50.4,-1.9,open_meteo_historical_forecast
2023-12-08,NYC,13:00,2023-12-08 13:00:00,48.5,50.4,-1.9,open_meteo_historical_forecast
2023-12-08,NYC,15:00,2023-12-08 15:00:00,48.5,50.4,-1.9,open_meteo_historical_forecast
2023-12-09,NYC,09:00,2023-12-09 09:00:00,56.3,58.2,-1.9,open_meteo_historical_forecast
2023-12-09,NYC,11:00,2023-12-09 11:00:00,56.3,58.2,-1.9,open_meteo_historical_forecast
2023-12-09,NYC,13:00,2023-12-09 13:00:00,56.3,58.2,-1.9,open_meteo_historical_forecast
2023-12-09,NYC,15:00,2023-12-09 15:00:00,56.3,58.2,-1.9,open_meteo_historical_forecast
2023-12-10,NYC,09:00,2023-12-10 09:00:00,61.8,59.8,2.0,open_meteo_historical_forecast
2023-12-10,NYC,11:00,2023-12-10 11:00:00,61.8,59.8,2.0,open_meteo_historical_forecast
2023-12-10,NYC,13:00,2023-12-10 13:00:00,61.8,59.8,2.0,open_meteo_historical_forecast
2023-12-10,NYC,15:00,2023-12-10 15:00:00,61.8,59.8,2.0,open_meteo_historical_forecast
2023-12-11,NYC,09:00,2023-12-11 09:00:00,57.4,55.2,2.2,open_meteo_historical_forecast
2023-12-11,NYC,11:00,2023-12-11 11:00:00,57.4,55.2,2.2,open_meteo_historical_forecast
2023-12-11,NYC,13:00,2023-12-11 13:00:00,57.4,55.2,2.2,open_meteo_historical_forecast
2023-12-11,NYC,15:00,2023-12-11 15:00:00,57.4,55.2,2.2,open_meteo_historical_forecast
2023-12-12,NYC,09:00,2023-12-12 09:00:00,42.9,43.6,-0.7,open_meteo_historical_forecast
2023-12-12,NYC,11:00,2023-12-12 11:00:00,42.9,43.6,-0.7,open_meteo_historical_forecast
2023-12-12,NYC,13:00,2023-12-12 13:00:00,42.9,43.6,-0.7,open_meteo_historical_forecast
2023-12-12,NYC,15:00,2023-12-12 15:00:00,42.9,43.6,-0.7,open_meteo_historical_forecast
2023-12-13,NYC,09:00,2023-12-13 09:00:00,45.0,47.2,-2.2,open_meteo_historical_forecast
2023-12-13,NYC,11:00,2023-12-13 11:00:00,45.0,47.2,-2.2,open_meteo_historical_forecast
2023-12-13,NYC,13:00,2023-12-13 13:00:00,45.0,47.2,-2.2,open_meteo_historical_forecast
2023-12-13,NYC,15:00,2023-12-13 15:00:00,45.0,47.2,-2.2,open_meteo_historical_forecast
2023-12-14,NYC,09:00,2023-12-14 09:00:00,40.2,41.3,-1.1,open_meteo_historical_forecast
2023-12-14,NYC,11:00,2023-12-14 11:00:00,40.2,41.3,-1.1,open_meteo_historical_forecast
2023-12-14,NYC,13:00,2023-12-14 13:00:00,40.2,41.3,-1.1,open_meteo_historical_forecast
2023-12-14,NYC,15:00,2023-12-14 15:00:00,40.2,41.3,-1.1,open_meteo_historical_forecast
2023-12-15,NYC,09:00,2023-12-15 09:00:00,54.9,59.4,-4.5,open_meteo_historical_forecast
2023-12-15,NYC,11:00,2023-12-15 11:00:00,54.9,59.4,-4.5,open_meteo_historical_forecast
2023-12-15,NYC,13:00,2023-12-15 13:00:00,54.9,59.4,-4.5,open_meteo_historical_forecast
2023-12-15,NYC,15:00,2023-12-15 15:00:00,54.9,59.4,-4.5,open_meteo_historical_forecast
2023-12-16,NYC,09:00,2023-12-16 09:00:00,52.7,55.3,-2.6,open_meteo_historical_forecast
2023-12-16,NYC,11:00,2023-12-16 11:00:00,52.7,55.3,-2.6,open_meteo_historical_forecast
2023-12-16,NYC,13:00,2023-12-16 13:00:00,52.7,55.3,-2.6,open_meteo_historical_forecast
2023-12-16,NYC,15:00,2023-12-16 15:00:00,52.7,55.3,-2.6,open_meteo_historical_forecast
2023-12-17,NYC,09:00,2023-12-17 09:00:00,55.7,54.4,1.3,open_meteo_historical_forecast
2023-12-17,NYC,11:00,2023-12-17 11:00:00,55.7,54.4,1.3,open_meteo_historical_forecast
2023-12-17,NYC,13:00,2023-12-17 13:00:00,55.7,54.4,1.3,open_meteo_historical_forecast
2023-12-17,NYC,15:00,2023-12-17 15:00:00,55.7,54.4,1.3,open_meteo_historical_forecast
2023-12-18,NYC,09:00,2023-12-18 09:00:00,60.2,60.8,-0.6,open_meteo_historical_forecast
2023-12-18,NYC,11:00,2023-12-18 11:00:00,60.2,60.8,-0.6,open_meteo_historical_forecast
2023-12-18,NYC,13:00,2023-12-18 13:00:00,60.2,60.8,-0.6,open_meteo_historical_forecast
2023-12-18,NYC,15:00,2023-12-18 15:00:00,60.2,60.8,-0.6,open_meteo_historical_forecast
2023-12-19,NYC,09:00,2023-12-19 09:00:00,42.6,41.4,1.2,open_meteo_historical_forecast
2023-12-19,NYC,11:00,2023-12-19 11:00:00,42.6,41.4,1.2,open_meteo_historical_forecast
2023-12-19,NYC,13:00,2023-12-19 13:00:00,42.6,41.4,1.2,open_meteo_historical_forecast
2023-12-19,NYC,15:00,2023-12-19 15:00:00,42.6,41.4,1.2,open_meteo_historical_forecast
2023-12-20,NYC,09:00,2023-12-20 09:00:00,45.5,43.6,1.9,open_meteo_historical_forecast
2023-12-20,NYC,11:00,2023-12-20 11:00:00,45.5,43.6,1.9,open_meteo_historical_forecast
2023-12-20,NYC,13:00,2023-12-20 13:00:00,45.5,43.6,1.9,open_meteo_historical_forecast
2023-12-20,NYC,15:00,2023-12-20 15:00:00,45.5,43.6,1.9,open_meteo_historical_forecast
2023-12-21,NYC,09:00,2023-12-21 09:00:00,39.3,40.6,-1.3,open_meteo_historical_forecast
2023-12-21,NYC,11:00,2023-12-21 11:00:00,39.3,40.6,-1.3,open_meteo_historical_forecast
2023-12-21,NYC,13:00,2023-12-21 13:00:00,39.3,40.6,-1.3,open_meteo_historical_forecast
2023-12-21,NYC,15:00,2023-12-21 15:00:00,39.3,40.6,-1.3,open_meteo_historical_forecast
2023-12-22,NYC,09:00,2023-12-22 09:00:00,37.0,37.5,-0.5,open_meteo_historical_forecast
2023-12-22,NYC,11:00,2023-12-22 11:00:00,37.0,37.5,-0.5,open_meteo_historical_forecast
2023-12-22,NYC,13:00,2023-12-22 13:00:00,37.0,37.5,-0.5,open_meteo_historical_forecast
2023-12-22,NYC,15:00,2023-12-22 15:00:00,37.0,37.5,-0.5,open_meteo_historical_forecast
2023-12-23,NYC,09:00,2023-12-23 09:00:00,42.0,42.0,0.0,open_meteo_historical_forecast
2023-12-23,NYC,11:00,2023-12-23 11:00:00,42.0,42.0,0.0,open_meteo_historical_forecast
2023-12-23,NYC,13:00,2023-12-23 13:00:00,42.0,42.0,0.0,open_meteo_historical_forecast
2023-12-23,NYC,15:00,2023-12-23 15:00:00,42.0,42.0,0.0,open_meteo_historical_forecast
2023-12-24,NYC,09:00,2023-12-24 09:00:00,46.9,48.2,-1.3,open_meteo_historical_forecast
2023-12-24,NYC,11:00,2023-12-24 11:00:00,46.9,48.2,-1.3,open_meteo_historical_forecast
2023-12-24,NYC,13:00,2023-12-24 13:00:00,46.9,48.2,-1.3,open_meteo_historical_forecast
2023-12-24,NYC,15:00,2023-12-24 15:00:00,46.9,48.2,-1.3,open_meteo_historical_forecast
2023-12-25,NYC,09:00,2023-12-25 09:00:00,51.6,47.9,3.7,open_meteo_historical_forecast
2023-12-25,NYC,11:00,2023-12-25 11:00:00,51.6,47.9,3.7,open_meteo_historical_forecast
2023-12-25,NYC,13:00,2023-12-25 13:00:00,51.6,47.9,3.7,open_meteo_historical_forecast
2023-12-25,NYC,15:00,2023-12-25 15:00:00,51.6,47.9,3.7,open_meteo_historical_forecast
2023-12-26,NYC,09:00,2023-12-26 09:00:00,45.4,47.4,-2.0,open_meteo_historical_forecast
2023-12-26,NYC,11:00,2023-12-26 11:00:00,45.4,47.4,-2.0,open_meteo_historical_forecast
2023-12-26,NYC,13:00,2023-12-26 13:00:00,45.4,47.4,-2.0,open_meteo_historical_forecast
2023-12-26,NYC,15:00,2023-12-26 15:00:00,45.4,47.4,-2.0,open_meteo_historical_forecast
2023-12-27,NYC,09:00,2023-12-27 09:00:00,47.0,47.1,-0.1,open_meteo_historical_forecast
2023-12-27,NYC,11:00,2023-12-27 11:00:00,47.0,47.1,-0.1,open_meteo_historical_forecast
2023-12-27,NYC,13:00,2023-12-27 13:00:00,47.0,47.1,-0.1,open_meteo_historical_forecast
2023-12-27,NYC,15:00,2023-12-27 15:00:00,47.0,47.1,-0.1,open_meteo_historical_forecast
2023-12-28,NYC,09:00,2023-12-28 09:00:00,52.8,52.9,-0.1,open_meteo_historical_forecast
2023-12-28,NYC,11:00,2023-12-28 11:00:00,52.8,52.9,-0.1,open_meteo_historical_forecast
2023-12-28,NYC,13:00,2023-12-28 13:00:00,52.8,52.9,-0.1,open_meteo_historical_forecast
2023-12-28,NYC,15:00,2023-12-28 15:00:00,52.8,52.9,-0.1,open_meteo_historical_forecast
2023-12-29,NYC,09:00,2023-12-29 09:00:00,55.5,54.0,1.5,open_meteo_historical_forecast
2023-12-29,NYC,11:00,2023-12-29 11:00:00,55.5,54.0,1.5,open_meteo_historical_forecast
2023-12-29,NYC,13:00,2023-12-29 13:00:00,55.5,54.0,1.5,open_meteo_historical_forecast
2023-12-29,NYC,15:00,2023-12-29 15:00:00,55.5,54.0,1.5,open_meteo_historical_forecast
2023-12-30,NYC,09:00,2023-12-30 09:00:00,46.4,46.1,0.3,open_meteo_historical_forecast
2023-12-30,NYC,11:00,2023-12-30 11:00:00,46.4,46.1,0.3,open_meteo_historical_forecast
2023-12-30,NYC,13:00,2023-12-30 13:00:00,46.4,46.1,0.3,open_meteo_historical_forecast
2023-12-30,NYC,15:00,2023-12-30 15:00:00,46.4,46.1,0.3,open_meteo_historical_forecast
2023-12-31,NYC,09:00,2023-12-31 09:00:00,43.4,42.7,0.7,open_meteo_historical_forecast
2023-12-31,NYC,11:00,2023-12-31 11:00:00,43.4,42.7,0.7,open_meteo_historical_forecast
2023-12-31,NYC,13:00,2023-12-31 13:00:00,43.4,42.7,0.7,open_meteo_historical_forecast
2023-12-31,NYC,15:00,2023-12-31 15:00:00,43.4,42.7,0.7,open_meteo_historical_forecast
2024-01-01,NYC,09:00,2024-01-01 09:00:00,45.4,46.0,-0.6,open_meteo_historical_forecast
2024-01-01,NYC,11:00,2024-01-01 11:00:00,45.4,46.0,-0.6,open_meteo_historical_forecast
2024-01-01,NYC,13:00,2024-01-01 13:00:00,45.4,46.0,-0.6,open_meteo_historical_forecast
2024-01-01,NYC,15:00,2024-01-01 15:00:00,45.4,46.0,-0.6,open_meteo_historical_forecast
2024-01-02,NYC,09:00,2024-01-02 09:00:00,42.1,42.9,-0.8,open_meteo_historical_forecast
2024-01-02,NYC,11:00,2024-01-02 11:00:00,42.1,42.9,-0.8,open_meteo_historical_forecast
2024-01-02,NYC,13:00,2024-01-02 13:00:00,42.1,42.9,-0.8,open_meteo_historical_forecast
2024-01-02,NYC,15:00,2024-01-02 15:00:00,42.1,42.9,-0.8,open_meteo_historical_forecast
2024-01-03,NYC,09:00,2024-01-03 09:00:00,46.4,43.1,3.3,open_meteo_historical_forecast
2024-01-03,NYC,11:00,2024-01-03 11:00:00,46.4,43.1,3.3,open_meteo_historical_forecast
2024-01-03,NYC,13:00,2024-01-03 13:00:00,46.4,43.1,3.3,open_meteo_historical_forecast
2024-01-03,NYC,15:00,2024-01-03 15:00:00,46.4,43.1,3.3,open_meteo_historical_forecast
2024-01-04,NYC,09:00,2024-01-04 09:00:00,44.0,43.5,0.5,open_meteo_historical_forecast
2024-01-04,NYC,11:00,2024-01-04 11:00:00,44.0,43.5,0.5,open_meteo_historical_forecast
2024-01-04,NYC,13:00,2024-01-04 13:00:00,44.0,43.5,0.5,open_meteo_historical_forecast
2024-01-04,NYC,15:00,2024-01-04 15:00:00,44.0,43.5,0.5,open_meteo_historical_forecast
2024-01-05,NYC,09:00,2024-01-05 09:00:00,37.4,38.0,-0.6,open_meteo_historical_forecast
2024-01-05,NYC,11:00,2024-01-05 11:00:00,37.4,38.0,-0.6,open_meteo_historical_forecast
2024-01-05,NYC,13:00,2024-01-05 13:00:00,37.4,38.0,-0.6,open_meteo_historical_forecast
2024-01-05,NYC,15:00,2024-01-05 15:00:00,37.4,38.0,-0.6,open_meteo_historical_forecast
2024-01-06,NYC,09:00,2024-01-06 09:00:00,36.9,37.5,-0.6,open_meteo_historical_forecast
2024-01-06,NYC,11:00,2024-01-06 11:00:00,36.9,37.5,-0.6,open_meteo_historical_forecast
2024-01-06,NYC,13:00,2024-01-06 13:00:00,36.9,37.5,-0.6,open_meteo_historical_forecast
2024-01-06,NYC,15:00,2024-01-06 15:00:00,36.9,37.5,-0.6,open_meteo_historical_forecast
2024-01-07,NYC,09:00,2024-01-07 09:00:00,37.5,36.4,1.1,open_meteo_historical_forecast
2024-01-07,NYC,11:00,2024-01-07 11:00:00,37.5,36.4,1.1,open_meteo_historical_forecast
2024-01-07,NYC,13:00,2024-01-07 13:00:00,37.5,36.4,1.1,open_meteo_historical_forecast
2024-01-07,NYC,15:00,2024-01-07 15:00:00,37.5,36.4,1.1,open_meteo_historical_forecast
2024-01-08,NYC,09:00,2024-01-08 09:00:00,43.1,44.2,-1.1,open_meteo_historical_forecast
2024-01-08,NYC,11:00,2024-01-08 11:00:00,43.1,44.2,-1.1,open_meteo_historical_forecast
2024-01-08,NYC,13:00,2024-01-08 13:00:00,43.1,44.2,-1.1,open_meteo_historical_forecast
2024-01-08,NYC,15:00,2024-01-08 15:00:00,43.1,44.2,-1.1,open_meteo_historical_forecast
2024-01-09,NYC,09:00,2024-01-09 09:00:00,54.9,54.7,0.2,open_meteo_historical_forecast
2024-01-09,NYC,11:00,2024-01-09 11:00:00,54.9,54.7,0.2,open_meteo_historical_forecast
2024-01-09,NYC,13:00,2024-01-09 13:00:00,54.9,54.7,0.2,open_meteo_historical_forecast
2024-01-09,NYC,15:00,2024-01-09 15:00:00,54.9,54.7,0.2,open_meteo_historical_forecast
2024-01-10,NYC,09:00,2024-01-10 09:00:00,56.8,56.4,0.4,open_meteo_historical_forecast
2024-01-10,NYC,11:00,2024-01-10 11:00:00,56.8,56.4,0.4,open_meteo_historical_forecast
2024-01-10,NYC,13:00,2024-01-10 13:00:00,56.8,56.4,0.4,open_meteo_historical_forecast
2024-01-10,NYC,15:00,2024-01-10 15:00:00,56.8,56.4,0.4,open_meteo_historical_forecast
2024-01-11,NYC,09:00,2024-01-11 09:00:00,46.1,46.9,-0.8,open_meteo_historical_forecast
2024-01-11,NYC,11:00,2024-01-11 11:00:00,46.1,46.9,-0.8,open_meteo_historical_forecast
2024-01-11,NYC,13:00,2024-01-11 13:00:00,46.1,46.9,-0.8,open_meteo_historical_forecast
2024-01-11,NYC,15:00,2024-01-11 15:00:00,46.1,46.9,-0.8,open_meteo_historical_forecast
2024-01-12,NYC,09:00,2024-01-12 09:00:00,46.7,50.4,-3.7,open_meteo_historical_forecast
2024-01-12,NYC,11:00,2024-01-12 11:00:00,46.7,50.4,-3.7,open_meteo_historical_forecast
2024-01-12,NYC,13:00,2024-01-12 13:00:00,46.7,50.4,-3.7,open_meteo_historical_forecast
2024-01-12,NYC,15:00,2024-01-12 15:00:00,46.7,50.4,-3.7,open_meteo_historical_forecast
2024-01-13,NYC,09:00,2024-01-13 09:00:00,58.0,59.1,-1.1,open_meteo_historical_forecast
2024-01-13,NYC,11:00,2024-01-13 11:00:00,58.0,59.1,-1.1,open_meteo_historical_forecast
2024-01-13,NYC,13:00,2024-01-13 13:00:00,58.0,59.1,-1.1,open_meteo_historical_forecast
2024-01-13,NYC,15:00,2024-01-13 15:00:00,58.0,59.1,-1.1,open_meteo_historical_forecast
2024-01-14,NYC,09:00,2024-01-14 09:00:00,42.6,41.1,1.5,open_meteo_historical_forecast
2024-01-14,NYC,11:00,2024-01-14 11:00:00,42.6,41.1,1.5,open_meteo_historical_forecast
2024-01-14,NYC,13:00,2024-01-14 13:00:00,42.6,41.1,1.5,open_meteo_historical_forecast
2024-01-14,NYC,15:00,2024-01-14 15:00:00,42.6,41.1,1.5,open_meteo_historical_forecast
2024-01-15,NYC,09:00,2024-01-15 09:00:00,30.5,29.5,1.0,open_meteo_historical_forecast
2024-01-15,NYC,11:00,2024-01-15 11:00:00,30.5,29.5,1.0,open_meteo_historical_forecast
2024-01-15,NYC,13:00,2024-01-15 13:00:00,30.5,29.5,1.0,open_meteo_historical_forecast
2024-01-15,NYC,15:00,2024-01-15 15:00:00,30.5,29.5,1.0,open_meteo_historical_forecast
2024-01-16,NYC,09:00,2024-01-16 09:00:00,30.6,30.6,0.0,open_meteo_historical_forecast
2024-01-16,NYC,11:00,2024-01-16 11:00:00,30.6,30.6,0.0,open_meteo_historical_forecast
2024-01-16,NYC,13:00,2024-01-16 13:00:00,30.6,30.6,0.0,open_meteo_historical_forecast
2024-01-16,NYC,15:00,2024-01-16 15:00:00,30.6,30.6,0.0,open_meteo_historical_forecast
2024-01-17,NYC,09:00,2024-01-17 09:00:00,24.4,24.2,0.2,open_meteo_historical_forecast
2024-01-17,NYC,11:00,2024-01-17 11:00:00,24.4,24.2,0.2,open_meteo_historical_forecast
2024-01-17,NYC,13:00,2024-01-17 13:00:00,24.4,24.2,0.2,open_meteo_historical_forecast
2024-01-17,NYC,15:00,2024-01-17 15:00:00,24.4,24.2,0.2,open_meteo_historical_forecast
2024-01-18,NYC,09:00,2024-01-18 09:00:00,32.3,31.6,0.7,open_meteo_historical_forecast
2024-01-18,NYC,11:00,2024-01-18 11:00:00,32.3,31.6,0.7,open_meteo_historical_forecast
2024-01-18,NYC,13:00,2024-01-18 13:00:00,32.3,31.6,0.7,open_meteo_historical_forecast
2024-01-18,NYC,15:00,2024-01-18 15:00:00,32.3,31.6,0.7,open_meteo_historical_forecast
2024-01-19,NYC,09:00,2024-01-19 09:00:00,30.5,30.7,-0.2,open_meteo_historical_forecast
2024-01-19,NYC,11:00,2024-01-19 11:00:00,30.5,30.7,-0.2,open_meteo_historical_forecast
2024-01-19,NYC,13:00,2024-01-19 13:00:00,30.5,30.7,-0.2,open_meteo_historical_forecast
2024-01-19,NYC,15:00,2024-01-19 15:00:00,30.5,30.7,-0.2,open_meteo_historical_forecast
2024-01-20,NYC,09:00,2024-01-20 09:00:00,25.7,24.7,1.0,open_meteo_historical_forecast
2024-01-20,NYC,11:00,2024-01-20 11:00:00,25.7,24.7,1.0,open_meteo_historical_forecast
2024-01-20,NYC,13:00,2024-01-20 13:00:00,25.7,24.7,1.0,open_meteo_historical_forecast
2024-01-20,NYC,15:00,2024-01-20 15:00:00,25.7,24.7,1.0,open_meteo_historical_forecast
2024-01-21,NYC,09:00,2024-01-21 09:00:00,29.8,29.1,0.7,open_meteo_historical_forecast
2024-01-21,NYC,11:00,2024-01-21 11:00:00,29.8,29.1,0.7,open_meteo_historical_forecast
2024-01-21,NYC,13:00,2024-01-21 13:00:00,29.8,29.1,0.7,open_meteo_historical_forecast
2024-01-21,NYC,15:00,2024-01-21 15:00:00,29.8,29.1,0.7,open_meteo_historical_forecast
2024-01-22,NYC,09:00,2024-01-22 09:00:00,38.6,37.7,0.9,open_meteo_historical_forecast
2024-01-22,NYC,11:00,2024-01-22 11:00:00,38.6,37.7,0.9,open_meteo_historical_forecast
2024-01-22,NYC,13:00,2024-01-22 13:00:00,38.6,37.7,0.9,open_meteo_historical_forecast
2024-01-22,NYC,15:00,2024-01-22 15:00:00,38.6,37.7,0.9,open_meteo_historical_forecast
2024-01-23,NYC,09:00,2024-01-23 09:00:00,39.6,40.3,-0.7,open_meteo_historical_forecast
2024-01-23,NYC,11:00,2024-01-23 11:00:00,39.6,40.3,-0.7,open_meteo_historical_forecast
2024-01-23,NYC,13:00,2024-01-23 13:00:00,39.6,40.3,-0.7,open_meteo_historical_forecast
2024-01-23,NYC,15:00,2024-01-23 15:00:00,39.6,40.3,-0.7,open_meteo_historical_forecast
2024-01-24,NYC,09:00,2024-01-24 09:00:00,41.3,43.6,-2.3,open_meteo_historical_forecast
2024-01-24,NYC,11:00,2024-01-24 11:00:00,41.3,43.6,-2.3,open_meteo_historical_forecast
2024-01-24,NYC,13:00,2024-01-24 13:00:00,41.3,43.6,-2.3,open_meteo_historical_forecast
2024-01-24,NYC,15:00,2024-01-24 15:00:00,41.3,43.6,-2.3,open_meteo_historical_forecast
2024-01-25,NYC,09:00,2024-01-25 09:00:00,51.0,56.0,-5.0,open_meteo_historical_forecast
2024-01-25,NYC,11:00,2024-01-25 11:00:00,51.0,56.0,-5.0,open_meteo_historical_forecast
2024-01-25,NYC,13:00,2024-01-25 13:00:00,51.0,56.0,-5.0,open_meteo_historical_forecast
2024-01-25,NYC,15:00,2024-01-25 15:00:00,51.0,56.0,-5.0,open_meteo_historical_forecast
2024-01-26,NYC,09:00,2024-01-26 09:00:00,46.3,48.8,-2.5,open_meteo_historical_forecast
2024-01-26,NYC,11:00,2024-01-26 11:00:00,46.3,48.8,-2.5,open_meteo_historical_forecast
2024-01-26,NYC,13:00,2024-01-26 13:00:00,46.3,48.8,-2.5,open_meteo_historical_forecast
2024-01-26,NYC,15:00,2024-01-26 15:00:00,46.3,48.8,-2.5,open_meteo_historical_forecast
2024-01-27,NYC,09:00,2024-01-27 09:00:00,47.0,46.1,0.9,open_meteo_historical_forecast
2024-01-27,NYC,11:00,2024-01-27 11:00:00,47.0,46.1,0.9,open_meteo_historical_forecast
2024-01-27,NYC,13:00,2024-01-27 13:00:00,47.0,46.1,0.9,open_meteo_historical_forecast
2024-01-27,NYC,15:00,2024-01-27 15:00:00,47.0,46.1,0.9,open_meteo_historical_forecast
2024-01-28,NYC,09:00,2024-01-28 09:00:00,38.8,41.5,-2.7,open_meteo_historical_forecast
2024-01-28,NYC,11:00,2024-01-28 11:00:00,38.8,41.5,-2.7,open_meteo_historical_forecast
2024-01-28,NYC,13:00,2024-01-28 13:00:00,38.8,41.5,-2.7,open_meteo_historical_forecast
2024-01-28,NYC,15:00,2024-01-28 15:00:00,38.8,41.5,-2.7,open_meteo_historical_forecast
2024-01-29,NYC,09:00,2024-01-29 09:00:00,42.1,38.5,3.6,open_meteo_historical_forecast
2024-01-29,NYC,11:00,2024-01-29 11:00:00,42.1,38.5,3.6,open_meteo_historical_forecast
2024-01-29,NYC,13:00,2024-01-29 13:00:00,42.1,38.5,3.6,open_meteo_historical_forecast
2024-01-29,NYC,15:00,2024-01-29 15:00:00,42.1,38.5,3.6,open_meteo_historical_forecast
2024-01-30,NYC,09:00,2024-01-30 09:00:00,39.5,36.9,2.6,open_meteo_historical_forecast
2024-01-30,NYC,11:00,2024-01-30 11:00:00,39.5,36.9,2.6,open_meteo_historical_forecast
2024-01-30,NYC,13:00,2024-01-30 13:00:00,39.5,36.9,2.6,open_meteo_historical_forecast
2024-01-30,NYC,15:00,2024-01-30 15:00:00,39.5,36.9,2.6,open_meteo_historical_forecast
2024-01-31,NYC,09:00,2024-01-31 09:00:00,39.7,38.4,1.3,open_meteo_historical_forecast
2024-01-31,NYC,11:00,2024-01-31 11:00:00,39.7,38.4,1.3,open_meteo_historical_forecast
2024-01-31,NYC,13:00,2024-01-31 13:00:00,39.7,38.4,1.3,open_meteo_historical_forecast
2024-01-31,NYC,15:00,2024-01-31 15:00:00,39.7,38.4,1.3,open_meteo_historical_forecast
2024-02-01,NYC,09:00,2024-02-01 09:00:00,47.7,44.0,3.7,open_meteo_historical_forecast
2024-02-01,NYC,11:00,2024-02-01 11:00:00,47.7,44.0,3.7,open_meteo_historical_forecast
2024-02-01,NYC,13:00,2024-02-01 13:00:00,47.7,44.0,3.7,open_meteo_historical_forecast
2024-02-01,NYC,15:00,2024-02-01 15:00:00,47.7,44.0,3.7,open_meteo_historical_forecast
2024-02-02,NYC,09:00,2024-02-02 09:00:00,42.8,42.5,0.3,open_meteo_historical_forecast
2024-02-02,NYC,11:00,2024-02-02 11:00:00,42.8,42.5,0.3,open_meteo_historical_forecast
2024-02-02,NYC,13:00,2024-02-02 13:00:00,42.8,42.5,0.3,open_meteo_historical_forecast
2024-02-02,NYC,15:00,2024-02-02 15:00:00,42.8,42.5,0.3,open_meteo_historical_forecast
2024-02-03,NYC,09:00,2024-02-03 09:00:00,42.3,42.6,-0.3,open_meteo_historical_forecast
2024-02-03,NYC,11:00,2024-02-03 11:00:00,42.3,42.6,-0.3,open_meteo_historical_forecast
2024-02-03,NYC,13:00,2024-02-03 13:00:00,42.3,42.6,-0.3,open_meteo_historical_forecast
2024-02-03,NYC,15:00,2024-02-03 15:00:00,42.3,42.6,-0.3,open_meteo_historical_forecast
2024-02-04,NYC,09:00,2024-02-04 09:00:00,45.6,46.5,-0.9,open_meteo_historical_forecast
2024-02-04,NYC,11:00,2024-02-04 11:00:00,45.6,46.5,-0.9,open_meteo_historical_forecast
2024-02-04,NYC,13:00,2024-02-04 13:00:00,45.6,46.5,-0.9,open_meteo_historical_forecast
2024-02-04,NYC,15:00,2024-02-04 15:00:00,45.6,46.5,-0.9,open_meteo_historical_forecast
2024-02-05,NYC,09:00,2024-02-05 09:00:00,44.2,44.3,-0.1,open_meteo_historical_forecast
2024-02-05,NYC,11:00,2024-02-05 11:00:00,44.2,44.3,-0.1,open_meteo_historical_forecast
2024-02-05,NYC,13:00,2024-02-05 13:00:00,44.2,44.3,-0.1,open_meteo_historical_forecast
2024-02-05,NYC,15:00,2024-02-05 15:00:00,44.2,44.3,-0.1,open_meteo_historical_forecast
2024-02-06,NYC,09:00,2024-02-06 09:00:00,41.9,42.7,-0.8,open_meteo_historical_forecast
2024-02-06,NYC,11:00,2024-02-06 11:00:00,41.9,42.7,-0.8,open_meteo_historical_forecast
2024-02-06,NYC,13:00,2024-02-06 13:00:00,41.9,42.7,-0.8,open_meteo_historical_forecast
2024-02-06,NYC,15:00,2024-02-06 15:00:00,41.9,42.7,-0.8,open_meteo_historical_forecast
2024-02-07,NYC,09:00,2024-02-07 09:00:00,46.5,47.4,-0.9,open_meteo_historical_forecast
2024-02-07,NYC,11:00,2024-02-07 11:00:00,46.5,47.4,-0.9,open_meteo_historical_forecast
2024-02-07,NYC,13:00,2024-02-07 13:00:00,46.5,47.4,-0.9,open_meteo_historical_forecast
2024-02-07,NYC,15:00,2024-02-07 15:00:00,46.5,47.4,-0.9,open_meteo_historical_forecast
2024-02-08,NYC,09:00,2024-02-08 09:00:00,49.8,52.9,-3.1,open_meteo_historical_forecast
2024-02-08,NYC,11:00,2024-02-08 11:00:00,49.8,52.9,-3.1,open_meteo_historical_forecast
2024-02-08,NYC,13:00,2024-02-08 13:00:00,49.8,52.9,-3.1,open_meteo_historical_forecast
2024-02-08,NYC,15:00,2024-02-08 15:00:00,49.8,52.9,-3.1,open_meteo_historical_forecast
2024-02-09,NYC,09:00,2024-02-09 09:00:00,52.1,53.0,-0.9,open_meteo_historical_forecast
2024-02-09,NYC,11:00,2024-02-09 11:00:00,52.1,53.0,-0.9,open_meteo_historical_forecast
2024-02-09,NYC,13:00,2024-02-09 13:00:00,52.1,53.0,-0.9,open_meteo_historical_forecast
2024-02-09,NYC,15:00,2024-02-09 15:00:00,52.1,53.0,-0.9,open_meteo_historical_forecast
2024-02-10,NYC,09:00,2024-02-10 09:00:00,60.3,60.6,-0.3,open_meteo_historical_forecast
2024-02-10,NYC,11:00,2024-02-10 11:00:00,60.3,60.6,-0.3,open_meteo_historical_forecast
2024-02-10,NYC,13:00,2024-02-10 13:00:00,60.3,60.6,-0.3,open_meteo_historical_forecast
2024-02-10,NYC,15:00,2024-02-10 15:00:00,60.3,60.6,-0.3,open_meteo_historical_forecast
2024-02-11,NYC,09:00,2024-02-11 09:00:00,48.0,51.2,-3.2,open_meteo_historical_forecast
2024-02-11,NYC,11:00,2024-02-11 11:00:00,48.0,51.2,-3.2,open_meteo_historical_forecast
2024-02-11,NYC,13:00,2024-02-11 13:00:00,48.0,51.2,-3.2,open_meteo_historical_forecast
2024-02-11,NYC,15:00,2024-02-11 15:00:00,48.0,51.2,-3.2,open_meteo_historical_forecast
2024-02-12,NYC,09:00,2024-02-12 09:00:00,48.6,47.7,0.9,open_meteo_historical_forecast
2024-02-12,NYC,11:00,2024-02-12 11:00:00,48.6,47.7,0.9,open_meteo_historical_forecast
2024-02-12,NYC,13:00,2024-02-12 13:00:00,48.6,47.7,0.9,open_meteo_historical_forecast
2024-02-12,NYC,15:00,2024-02-12 15:00:00,48.6,47.7,0.9,open_meteo_historical_forecast
2024-02-13,NYC,09:00,2024-02-13 09:00:00,38.8,40.3,-1.5,open_meteo_historical_forecast
2024-02-13,NYC,11:00,2024-02-13 11:00:00,38.8,40.3,-1.5,open_meteo_historical_forecast
2024-02-13,NYC,13:00,2024-02-13 13:00:00,38.8,40.3,-1.5,open_meteo_historical_forecast
2024-02-13,NYC,15:00,2024-02-13 15:00:00,38.8,40.3,-1.5,open_meteo_historical_forecast
2024-02-14,NYC,09:00,2024-02-14 09:00:00,32.5,35.9,-3.4,open_meteo_historical_forecast
2024-02-14,NYC,11:00,2024-02-14 11:00:00,32.5,35.9,-3.4,open_meteo_historical_forecast
2024-02-14,NYC,13:00,2024-02-14 13:00:00,32.5,35.9,-3.4,open_meteo_historical_forecast
2024-02-14,NYC,15:00,2024-02-14 15:00:00,32.5,35.9,-3.4,open_meteo_historical_forecast
2024-02-15,NYC,09:00,2024-02-15 09:00:00,35.0,37.1,-2.1,open_meteo_historical_forecast
2024-02-15,NYC,11:00,2024-02-15 11:00:00,35.0,37.1,-2.1,open_meteo_historical_forecast
2024-02-15,NYC,13:00,2024-02-15 13:00:00,35.0,37.1,-2.1,open_meteo_historical_forecast
2024-02-15,NYC,15:00,2024-02-15 15:00:00,35.0,37.1,-2.1,open_meteo_historical_forecast
2024-02-16,NYC,09:00,2024-02-16 09:00:00,37.9,43.2,-5.3,open_meteo_historical_forecast
2024-02-16,NYC,11:00,2024-02-16 11:00:00,37.9,43.2,-5.3,open_meteo_historical_forecast
2024-02-16,NYC,13:00,2024-02-16 13:00:00,37.9,43.2,-5.3,open_meteo_historical_forecast
2024-02-16,NYC,15:00,2024-02-16 15:00:00,37.9,43.2,-5.3,open_meteo_historical_forecast
2024-02-17,NYC,09:00,2024-02-17 09:00:00,35.9,35.0,0.9,open_meteo_historical_forecast
2024-02-17,NYC,11:00,2024-02-17 11:00:00,35.9,35.0,0.9,open_meteo_historical_forecast
2024-02-17,NYC,13:00,2024-02-17 13:00:00,35.9,35.0,0.9,open_meteo_historical_forecast
2024-02-17,NYC,15:00,2024-02-17 15:00:00,35.9,35.0,0.9,open_meteo_historical_forecast
2024-02-18,NYC,09:00,2024-02-18 09:00:00,38.5,40.2,-1.7,open_meteo_historical_forecast
2024-02-18,NYC,11:00,2024-02-18 11:00:00,38.5,40.2,-1.7,open_meteo_historical_forecast
2024-02-18,NYC,13:00,2024-02-18 13:00:00,38.5,40.2,-1.7,open_meteo_historical_forecast
2024-02-18,NYC,15:00,2024-02-18 15:00:00,38.5,40.2,-1.7,open_meteo_historical_forecast
2024-02-19,NYC,09:00,2024-02-19 09:00:00,38.9,41.0,-2.1,open_meteo_historical_forecast
2024-02-19,NYC,11:00,2024-02-19 11:00:00,38.9,41.0,-2.1,open_meteo_historical_forecast
2024-02-19,NYC,13:00,2024-02-19 13:00:00,38.9,41.0,-2.1,open_meteo_historical_forecast
2024-02-19,NYC,15:00,2024-02-19 15:00:00,38.9,41.0,-2.1,open_meteo_historical_forecast
2024-02-20,NYC,09:00,2024-02-20 09:00:00,36.6,39.1,-2.5,open_meteo_historical_forecast
2024-02-20,NYC,11:00,2024-02-20 11:00:00,36.6,39.1,-2.5,open_meteo_historical_forecast
2024-02-20,NYC,13:00,2024-02-20 13:00:00,36.6,39.1,-2.5,open_meteo_historical_forecast
2024-02-20,NYC,15:00,2024-02-20 15:00:00,36.6,39.1,-2.5,open_meteo_historical_forecast
2024-02-21,NYC,09:00,2024-02-21 09:00:00,40.4,40.5,-0.1,open_meteo_historical_forecast
2024-02-21,NYC,11:00,2024-02-21 11:00:00,40.4,40.5,-0.1,open_meteo_historical_forecast
2024-02-21,NYC,13:00,2024-02-21 13:00:00,40.4,40.5,-0.1,open_meteo_historical_forecast
2024-02-21,NYC,15:00,2024-02-21 15:00:00,40.4,40.5,-0.1,open_meteo_historical_forecast
2024-02-22,NYC,09:00,2024-02-22 09:00:00,44.0,43.8,0.2,open_meteo_historical_forecast
2024-02-22,NYC,11:00,2024-02-22 11:00:00,44.0,43.8,0.2,open_meteo_historical_forecast
2024-02-22,NYC,13:00,2024-02-22 13:00:00,44.0,43.8,0.2,open_meteo_historical_forecast
2024-02-22,NYC,15:00,2024-02-22 15:00:00,44.0,43.8,0.2,open_meteo_historical_forecast
2024-02-23,NYC,09:00,2024-02-23 09:00:00,45.7,46.2,-0.5,open_meteo_historical_forecast
2024-02-23,NYC,11:00,2024-02-23 11:00:00,45.7,46.2,-0.5,open_meteo_historical_forecast
2024-02-23,NYC,13:00,2024-02-23 13:00:00,45.7,46.2,-0.5,open_meteo_historical_forecast
2024-02-23,NYC,15:00,2024-02-23 15:00:00,45.7,46.2,-0.5,open_meteo_historical_forecast
2024-02-24,NYC,09:00,2024-02-24 09:00:00,42.0,44.1,-2.1,open_meteo_historical_forecast
2024-02-24,NYC,11:00,2024-02-24 11:00:00,42.0,44.1,-2.1,open_meteo_historical_forecast
2024-02-24,NYC,13:00,2024-02-24 13:00:00,42.0,44.1,-2.1,open_meteo_historical_forecast
2024-02-24,NYC,15:00,2024-02-24 15:00:00,42.0,44.1,-2.1,open_meteo_historical_forecast
2024-02-25,NYC,09:00,2024-02-25 09:00:00,39.7,40.0,-0.3,open_meteo_historical_forecast
2024-02-25,NYC,11:00,2024-02-25 11:00:00,39.7,40.0,-0.3,open_meteo_historical_forecast
2024-02-25,NYC,13:00,2024-02-25 13:00:00,39.7,40.0,-0.3,open_meteo_historical_forecast
2024-02-25,NYC,15:00,2024-02-25 15:00:00,39.7,40.0,-0.3,open_meteo_historical_forecast
2024-02-26,NYC,09:00,2024-02-26 09:00:00,52.4,53.6,-1.2,open_meteo_historical_forecast
2024-02-26,NYC,11:00,2024-02-26 11:00:00,52.4,53.6,-1.2,open_meteo_historical_forecast
2024-02-26,NYC,13:00,2024-02-26 13:00:00,52.4,53.6,-1.2,open_meteo_historical_forecast
2024-02-26,NYC,15:00,2024-02-26 15:00:00,52.4,53.6,-1.2,open_meteo_historical_forecast
2024-02-27,NYC,09:00,2024-02-27 09:00:00,56.8,54.0,2.8,open_meteo_historical_forecast
2024-02-27,NYC,11:00,2024-02-27 11:00:00,56.8,54.0,2.8,open_meteo_historical_forecast
2024-02-27,NYC,13:00,2024-02-27 13:00:00,56.8,54.0,2.8,open_meteo_historical_forecast
2024-02-27,NYC,15:00,2024-02-27 15:00:00,56.8,54.0,2.8,open_meteo_historical_forecast
2024-02-28,NYC,09:00,2024-02-28 09:00:00,62.5,57.0,5.5,open_meteo_historical_forecast
2024-02-28,NYC,11:00,2024-02-28 11:00:00,62.5,57.0,5.5,open_meteo_historical_forecast
2024-02-28,NYC,13:00,2024-02-28 13:00:00,62.5,57.0,5.5,open_meteo_historical_forecast
2024-02-28,NYC,15:00,2024-02-28 15:00:00,62.5,57.0,5.5,open_meteo_historical_forecast
2024-02-29,NYC,09:00,2024-02-29 09:00:00,43.1,45.1,-2.0,open_meteo_historical_forecast
2024-02-29,NYC,11:00,2024-02-29 11:00:00,43.1,45.1,-2.0,open_meteo_historical_forecast
2024-02-29,NYC,13:00,2024-02-29 13:00:00,43.1,45.1,-2.0,open_meteo_historical_forecast
2024-02-29,NYC,15:00,2024-02-29 15:00:00,43.1,45.1,-2.0,open_meteo_historical_forecast
2024-03-01,NYC,09:00,2024-03-01 09:00:00,42.7,45.0,-2.3,open_meteo_historical_forecast
2024-03-01,NYC,11:00,2024-03-01 11:00:00,42.7,45.0,-2.3,open_meteo_historical_forecast
2024-03-01,NYC,13:00,2024-03-01 13:00:00,42.7,45.0,-2.3,open_meteo_historical_forecast
2024-03-01,NYC,15:00,2024-03-01 15:00:00,42.7,45.0,-2.3,open_meteo_historical_forecast
2024-03-02,NYC,09:00,2024-03-02 09:00:00,50.5,51.3,-0.8,open_meteo_historical_forecast
2024-03-02,NYC,11:00,2024-03-02 11:00:00,50.5,51.3,-0.8,open_meteo_historical_forecast
2024-03-02,NYC,13:00,2024-03-02 13:00:00,50.5,51.3,-0.8,open_meteo_historical_forecast
2024-03-02,NYC,15:00,2024-03-02 15:00:00,50.5,51.3,-0.8,open_meteo_historical_forecast
2024-03-03,NYC,09:00,2024-03-03 09:00:00,65.3,66.0,-0.7,open_meteo_historical_forecast
2024-03-03,NYC,11:00,2024-03-03 11:00:00,65.3,66.0,-0.7,open_meteo_historical_forecast
2024-03-03,NYC,13:00,2024-03-03 13:00:00,65.3,66.0,-0.7,open_meteo_historical_forecast
2024-03-03,NYC,15:00,2024-03-03 15:00:00,65.3,66.0,-0.7,open_meteo_historical_forecast
2024-03-04,NYC,09:00,2024-03-04 09:00:00,58.0,56.3,1.7,open_meteo_historical_forecast
2024-03-04,NYC,11:00,2024-03-04 11:00:00,58.0,56.3,1.7,open_meteo_historical_forecast
2024-03-04,NYC,13:00,2024-03-04 13:00:00,58.0,56.3,1.7,open_meteo_historical_forecast
2024-03-04,NYC,15:00,2024-03-04 15:00:00,58.0,56.3,1.7,open_meteo_historical_forecast
2024-03-05,NYC,09:00,2024-03-05 09:00:00,46.5,45.0,1.5,open_meteo_historical_forecast
2024-03-05,NYC,11:00,2024-03-05 11:00:00,46.5,45.0,1.5,open_meteo_historical_forecast
2024-03-05,NYC,13:00,2024-03-05 13:00:00,46.5,45.0,1.5,open_meteo_historical_forecast
2024-03-05,NYC,15:00,2024-03-05 15:00:00,46.5,45.0,1.5,open_meteo_historical_forecast
2024-03-06,NYC,09:00,2024-03-06 09:00:00,49.7,49.7,0.0,open_meteo_historical_forecast
2024-03-06,NYC,11:00,2024-03-06 11:00:00,49.7,49.7,0.0,open_meteo_historical_forecast
2024-03-06,NYC,13:00,2024-03-06 13:00:00,49.7,49.7,0.0,open_meteo_historical_forecast
2024-03-06,NYC,15:00,2024-03-06 15:00:00,49.7,49.7,0.0,open_meteo_historical_forecast
2024-03-07,NYC,09:00,2024-03-07 09:00:00,54.5,52.1,2.4,open_meteo_historical_forecast
2024-03-07,NYC,11:00,2024-03-07 11:00:00,54.5,52.1,2.4,open_meteo_historical_forecast
2024-03-07,NYC,13:00,2024-03-07 13:00:00,54.5,52.1,2.4,open_meteo_historical_forecast
2024-03-07,NYC,15:00,2024-03-07 15:00:00,54.5,52.1,2.4,open_meteo_historical_forecast
2024-03-08,NYC,09:00,2024-03-08 09:00:00,54.5,57.1,-2.6,open_meteo_historical_forecast
2024-03-08,NYC,11:00,2024-03-08 11:00:00,54.5,57.1,-2.6,open_meteo_historical_forecast
2024-03-08,NYC,13:00,2024-03-08 13:00:00,54.5,57.1,-2.6,open_meteo_historical_forecast
2024-03-08,NYC,15:00,2024-03-08 15:00:00,54.5,57.1,-2.6,open_meteo_historical_forecast
2024-03-09,NYC,09:00,2024-03-09 09:00:00,45.7,44.7,1.0,open_meteo_historical_forecast
2024-03-09,NYC,11:00,2024-03-09 11:00:00,45.7,44.7,1.0,open_meteo_historical_forecast
2024-03-09,NYC,13:00,2024-03-09 13:00:00,45.7,44.7,1.0,open_meteo_historical_forecast
2024-03-09,NYC,15:00,2024-03-09 15:00:00,45.7,44.7,1.0,open_meteo_historical_forecast
2024-03-10,NYC,09:00,2024-03-10 09:00:00,51.3,49.4,1.9,open_meteo_historical_forecast
2024-03-10,NYC,11:00,2024-03-10 11:00:00,51.3,49.4,1.9,open_meteo_historical_forecast
2024-03-10,NYC,13:00,2024-03-10 13:00:00,51.3,49.4,1.9,open_meteo_historical_forecast
2024-03-10,NYC,15:00,2024-03-10 15:00:00,51.3,49.4,1.9,open_meteo_historical_forecast
2024-03-11,NYC,09:00,2024-03-11 09:00:00,49.4,52.6,-3.2,open_meteo_historical_forecast
2024-03-11,NYC,11:00,2024-03-11 11:00:00,49.4,52.6,-3.2,open_meteo_historical_forecast
2024-03-11,NYC,13:00,2024-03-11 13:00:00,49.4,52.6,-3.2,open_meteo_historical_forecast
2024-03-11,NYC,15:00,2024-03-11 15:00:00,49.4,52.6,-3.2,open_meteo_historical_forecast
2024-03-12,NYC,09:00,2024-03-12 09:00:00,62.9,66.0,-3.1,open_meteo_historical_forecast
2024-03-12,NYC,11:00,2024-03-12 11:00:00,62.9,66.0,-3.1,open_meteo_historical_forecast
2024-03-12,NYC,13:00,2024-03-12 13:00:00,62.9,66.0,-3.1,open_meteo_historical_forecast
2024-03-12,NYC,15:00,2024-03-12 15:00:00,62.9,66.0,-3.1,open_meteo_historical_forecast
2024-03-13,NYC,09:00,2024-03-13 09:00:00,60.0,63.5,-3.5,open_meteo_historical_forecast
2024-03-13,NYC,11:00,2024-03-13 11:00:00,60.0,63.5,-3.5,open_meteo_historical_forecast
2024-03-13,NYC,13:00,2024-03-13 13:00:00,60.0,63.5,-3.5,open_meteo_historical_forecast
2024-03-13,NYC,15:00,2024-03-13 15:00:00,60.0,63.5,-3.5,open_meteo_historical_forecast
2024-03-14,NYC,09:00,2024-03-14 09:00:00,69.7,73.7,-4.0,open_meteo_historical_forecast
2024-03-14,NYC,11:00,2024-03-14 11:00:00,69.7,73.7,-4.0,open_meteo_historical_forecast
2024-03-14,NYC,13:00,2024-03-14 13:00:00,69.7,73.7,-4.0,open_meteo_historical_forecast
2024-03-14,NYC,15:00,2024-03-14 15:00:00,69.7,73.7,-4.0,open_meteo_historical_forecast
2024-03-15,NYC,09:00,2024-03-15 09:00:00,69.8,71.5,-1.7,open_meteo_historical_forecast
2024-03-15,NYC,11:00,2024-03-15 11:00:00,69.8,71.5,-1.7,open_meteo_historical_forecast
2024-03-15,NYC,13:00,2024-03-15 13:00:00,69.8,71.5,-1.7,open_meteo_historical_forecast
2024-03-15,NYC,15:00,2024-03-15 15:00:00,69.8,71.5,-1.7,open_meteo_historical_forecast
2024-03-16,NYC,09:00,2024-03-16 09:00:00,57.5,60.3,-2.8,open_meteo_historical_forecast
2024-03-16,NYC,11:00,2024-03-16 11:00:00,57.5,60.3,-2.8,open_meteo_historical_forecast
2024-03-16,NYC,13:00,2024-03-16 13:00:00,57.5,60.3,-2.8,open_meteo_historical_forecast
2024-03-16,NYC,15:00,2024-03-16 15:00:00,57.5,60.3,-2.8,open_meteo_historical_forecast
2024-03-17,NYC,09:00,2024-03-17 09:00:00,59.6,62.7,-3.1,open_meteo_historical_forecast
2024-03-17,NYC,11:00,2024-03-17 11:00:00,59.6,62.7,-3.1,open_meteo_historical_forecast
2024-03-17,NYC,13:00,2024-03-17 13:00:00,59.6,62.7,-3.1,open_meteo_historical_forecast
2024-03-17,NYC,15:00,2024-03-17 15:00:00,59.6,62.7,-3.1,open_meteo_historical_forecast
2024-03-18,NYC,09:00,2024-03-18 09:00:00,47.9,49.8,-1.9,open_meteo_historical_forecast
2024-03-18,NYC,11:00,2024-03-18 11:00:00,47.9,49.8,-1.9,open_meteo_historical_forecast
2024-03-18,NYC,13:00,2024-03-18 13:00:00,47.9,49.8,-1.9,open_meteo_historical_forecast
2024-03-18,NYC,15:00,2024-03-18 15:00:00,47.9,49.8,-1.9,open_meteo_historical_forecast
2024-03-19,NYC,09:00,2024-03-19 09:00:00,45.0,46.3,-1.3,open_meteo_historical_forecast
2024-03-19,NYC,11:00,2024-03-19 11:00:00,45.0,46.3,-1.3,open_meteo_historical_forecast
2024-03-19,NYC,13:00,2024-03-19 13:00:00,45.0,46.3,-1.3,open_meteo_historical_forecast
2024-03-19,NYC,15:00,2024-03-19 15:00:00,45.0,46.3,-1.3,open_meteo_historical_forecast
2024-03-20,NYC,09:00,2024-03-20 09:00:00,51.8,56.4,-4.6,open_meteo_historical_forecast
2024-03-20,NYC,11:00,2024-03-20 11:00:00,51.8,56.4,-4.6,open_meteo_historical_forecast
2024-03-20,NYC,13:00,2024-03-20 13:00:00,51.8,56.4,-4.6,open_meteo_historical_forecast
2024-03-20,NYC,15:00,2024-03-20 15:00:00,51.8,56.4,-4.6,open_meteo_historical_forecast
2024-03-21,NYC,09:00,2024-03-21 09:00:00,41.4,42.3,-0.9,open_meteo_historical_forecast
2024-03-21,NYC,11:00,2024-03-21 11:00:00,41.4,42.3,-0.9,open_meteo_historical_forecast
2024-03-21,NYC,13:00,2024-03-21 13:00:00,41.4,42.3,-0.9,open_meteo_historical_forecast
2024-03-21,NYC,15:00,2024-03-21 15:00:00,41.4,42.3,-0.9,open_meteo_historical_forecast
2024-03-22,NYC,09:00,2024-03-22 09:00:00,42.4,43.5,-1.1,open_meteo_historical_forecast
2024-03-22,NYC,11:00,2024-03-22 11:00:00,42.4,43.5,-1.1,open_meteo_historical_forecast
2024-03-22,NYC,13:00,2024-03-22 13:00:00,42.4,43.5,-1.1,open_meteo_historical_forecast
2024-03-22,NYC,15:00,2024-03-22 15:00:00,42.4,43.5,-1.1,open_meteo_historical_forecast
2024-03-23,NYC,09:00,2024-03-23 09:00:00,48.7,48.0,0.7,open_meteo_historical_forecast
2024-03-23,NYC,11:00,2024-03-23 11:00:00,48.7,48.0,0.7,open_meteo_historical_forecast
2024-03-23,NYC,13:00,2024-03-23 13:00:00,48.7,48.0,0.7,open_meteo_historical_forecast
2024-03-23,NYC,15:00,2024-03-23 15:00:00,48.7,48.0,0.7,open_meteo_historical_forecast
2024-03-24,NYC,09:00,2024-03-24 09:00:00,47.0,47.0,0.0,open_meteo_historical_forecast
2024-03-24,NYC,11:00,2024-03-24 11:00:00,47.0,47.0,0.0,open_meteo_historical_forecast
2024-03-24,NYC,13:00,2024-03-24 13:00:00,47.0,47.0,0.0,open_meteo_historical_forecast
2024-03-24,NYC,15:00,2024-03-24 15:00:00,47.0,47.0,0.0,open_meteo_historical_forecast
2024-03-25,NYC,09:00,2024-03-25 09:00:00,50.5,52.6,-2.1,open_meteo_historical_forecast
2024-03-25,NYC,11:00,2024-03-25 11:00:00,50.5,52.6,-2.1,open_meteo_historical_forecast
2024-03-25,NYC,13:00,2024-03-25 13:00:00,50.5,52.6,-2.1,open_meteo_historical_forecast
2024-03-25,NYC,15:00,2024-03-25 15:00:00,50.5,52.6,-2.1,open_meteo_historical_forecast
2024-03-26,NYC,09:00,2024-03-26 09:00:00,49.9,50.2,-0.3,open_meteo_historical_forecast
2024-03-26,NYC,11:00,2024-03-26 11:00:00,49.9,50.2,-0.3,open_meteo_historical_forecast
2024-03-26,NYC,13:00,2024-03-26 13:00:00,49.9,50.2,-0.3,open_meteo_historical_forecast
2024-03-26,NYC,15:00,2024-03-26 15:00:00,49.9,50.2,-0.3,open_meteo_historical_forecast
2024-03-27,NYC,09:00,2024-03-27 09:00:00,50.6,52.2,-1.6,open_meteo_historical_forecast
2024-03-27,NYC,11:00,2024-03-27 11:00:00,50.6,52.2,-1.6,open_meteo_historical_forecast
2024-03-27,NYC,13:00,2024-03-27 13:00:00,50.6,52.2,-1.6,open_meteo_historical_forecast
2024-03-27,NYC,15:00,2024-03-27 15:00:00,50.6,52.2,-1.6,open_meteo_historical_forecast
2024-03-28,NYC,09:00,2024-03-28 09:00:00,50.8,49.1,1.7,open_meteo_historical_forecast
2024-03-28,NYC,11:00,2024-03-28 11:00:00,50.8,49.1,1.7,open_meteo_historical_forecast
2024-03-28,NYC,13:00,2024-03-28 13:00:00,50.8,49.1,1.7,open_meteo_historical_forecast
2024-03-28,NYC,15:00,2024-03-28 15:00:00,50.8,49.1,1.7,open_meteo_historical_forecast
2024-03-29,NYC,09:00,2024-03-29 09:00:00,54.5,55.8,-1.3,open_meteo_historical_forecast
2024-03-29,NYC,11:00,2024-03-29 11:00:00,54.5,55.8,-1.3,open_meteo_historical_forecast
2024-03-29,NYC,13:00,2024-03-29 13:00:00,54.5,55.8,-1.3,open_meteo_historical_forecast
2024-03-29,NYC,15:00,2024-03-29 15:00:00,54.5,55.8,-1.3,open_meteo_historical_forecast
2024-03-30,NYC,09:00,2024-03-30 09:00:00,57.8,61.3,-3.5,open_meteo_historical_forecast
2024-03-30,NYC,11:00,2024-03-30 11:00:00,57.8,61.3,-3.5,open_meteo_historical_forecast
2024-03-30,NYC,13:00,2024-03-30 13:00:00,57.8,61.3,-3.5,open_meteo_historical_forecast
2024-03-30,NYC,15:00,2024-03-30 15:00:00,57.8,61.3,-3.5,open_meteo_historical_forecast
2024-03-31,NYC,09:00,2024-03-31 09:00:00,60.1,62.1,-2.0,open_meteo_historical_forecast
2024-03-31,NYC,11:00,2024-03-31 11:00:00,60.1,62.1,-2.0,open_meteo_historical_forecast
2024-03-31,NYC,13:00,2024-03-31 13:00:00,60.1,62.1,-2.0,open_meteo_historical_forecast
2024-03-31,NYC,15:00,2024-03-31 15:00:00,60.1,62.1,-2.0,open_meteo_historical_forecast
2024-04-01,NYC,09:00,2024-04-01 09:00:00,53.0,53.1,-0.1,open_meteo_historical_forecast
2024-04-01,NYC,11:00,2024-04-01 11:00:00,53.0,53.1,-0.1,open_meteo_historical_forecast
2024-04-01,NYC,13:00,2024-04-01 13:00:00,53.0,53.1,-0.1,open_meteo_historical_forecast
2024-04-01,NYC,15:00,2024-04-01 15:00:00,53.0,53.1,-0.1,open_meteo_historical_forecast
2024-04-02,NYC,09:00,2024-04-02 09:00:00,48.1,46.3,1.8,open_meteo_historical_forecast
2024-04-02,NYC,11:00,2024-04-02 11:00:00,48.1,46.3,1.8,open_meteo_historical_forecast
2024-04-02,NYC,13:00,2024-04-02 13:00:00,48.1,46.3,1.8,open_meteo_historical_forecast
2024-04-02,NYC,15:00,2024-04-02 15:00:00,48.1,46.3,1.8,open_meteo_historical_forecast
2024-04-03,NYC,09:00,2024-04-03 09:00:00,43.7,43.4,0.3,open_meteo_historical_forecast
2024-04-03,NYC,11:00,2024-04-03 11:00:00,43.7,43.4,0.3,open_meteo_historical_forecast
2024-04-03,NYC,13:00,2024-04-03 13:00:00,43.7,43.4,0.3,open_meteo_historical_forecast
2024-04-03,NYC,15:00,2024-04-03 15:00:00,43.7,43.4,0.3,open_meteo_historical_forecast
2024-04-04,NYC,09:00,2024-04-04 09:00:00,47.8,47.7,0.1,open_meteo_historical_forecast
2024-04-04,NYC,11:00,2024-04-04 11:00:00,47.8,47.7,0.1,open_meteo_historical_forecast
2024-04-04,NYC,13:00,2024-04-04 13:00:00,47.8,47.7,0.1,open_meteo_historical_forecast
2024-04-04,NYC,15:00,2024-04-04 15:00:00,47.8,47.7,0.1,open_meteo_historical_forecast
2024-04-05,NYC,09:00,2024-04-05 09:00:00,48.7,49.3,-0.6,open_meteo_historical_forecast
2024-04-05,NYC,11:00,2024-04-05 11:00:00,48.7,49.3,-0.6,open_meteo_historical_forecast
2024-04-05,NYC,13:00,2024-04-05 13:00:00,48.7,49.3,-0.6,open_meteo_historical_forecast
2024-04-05,NYC,15:00,2024-04-05 15:00:00,48.7,49.3,-0.6,open_meteo_historical_forecast
2024-04-06,NYC,09:00,2024-04-06 09:00:00,52.2,53.5,-1.3,open_meteo_historical_forecast
2024-04-06,NYC,11:00,2024-04-06 11:00:00,52.2,53.5,-1.3,open_meteo_historical_forecast
2024-04-06,NYC,13:00,2024-04-06 13:00:00,52.2,53.5,-1.3,open_meteo_historical_forecast
2024-04-06,NYC,15:00,2024-04-06 15:00:00,52.2,53.5,-1.3,open_meteo_historical_forecast
2024-04-07,NYC,09:00,2024-04-07 09:00:00,57.2,58.2,-1.0,open_meteo_historical_forecast
2024-04-07,NYC,11:00,2024-04-07 11:00:00,57.2,58.2,-1.0,open_meteo_historical_forecast
2024-04-07,NYC,13:00,2024-04-07 13:00:00,57.2,58.2,-1.0,open_meteo_historical_forecast
2024-04-07,NYC,15:00,2024-04-07 15:00:00,57.2,58.2,-1.0,open_meteo_historical_forecast
2024-04-08,NYC,09:00,2024-04-08 09:00:00,63.8,65.7,-1.9,open_meteo_historical_forecast
2024-04-08,NYC,11:00,2024-04-08 11:00:00,63.8,65.7,-1.9,open_meteo_historical_forecast
2024-04-08,NYC,13:00,2024-04-08 13:00:00,63.8,65.7,-1.9,open_meteo_historical_forecast
2024-04-08,NYC,15:00,2024-04-08 15:00:00,63.8,65.7,-1.9,open_meteo_historical_forecast
2024-04-09,NYC,09:00,2024-04-09 09:00:00,74.5,78.6,-4.1,open_meteo_historical_forecast
2024-04-09,NYC,11:00,2024-04-09 11:00:00,74.5,78.6,-4.1,open_meteo_historical_forecast
2024-04-09,NYC,13:00,2024-04-09 13:00:00,74.5,78.6,-4.1,open_meteo_historical_forecast
2024-04-09,NYC,15:00,2024-04-09 15:00:00,74.5,78.6,-4.1,open_meteo_historical_forecast
2024-04-10,NYC,09:00,2024-04-10 09:00:00,60.9,61.1,-0.2,open_meteo_historical_forecast
2024-04-10,NYC,11:00,2024-04-10 11:00:00,60.9,61.1,-0.2,open_meteo_historical_forecast
2024-04-10,NYC,13:00,2024-04-10 13:00:00,60.9,61.1,-0.2,open_meteo_historical_forecast
2024-04-10,NYC,15:00,2024-04-10 15:00:00,60.9,61.1,-0.2,open_meteo_historical_forecast
2024-04-11,NYC,09:00,2024-04-11 09:00:00,63.0,59.9,3.1,open_meteo_historical_forecast
2024-04-11,NYC,11:00,2024-04-11 11:00:00,63.0,59.9,3.1,open_meteo_historical_forecast
2024-04-11,NYC,13:00,2024-04-11 13:00:00,63.0,59.9,3.1,open_meteo_historical_forecast
2024-04-11,NYC,15:00,2024-04-11 15:00:00,63.0,59.9,3.1,open_meteo_historical_forecast
2024-04-12,NYC,09:00,2024-04-12 09:00:00,66.5,61.0,5.5,open_meteo_historical_forecast
2024-04-12,NYC,11:00,2024-04-12 11:00:00,66.5,61.0,5.5,open_meteo_historical_forecast
2024-04-12,NYC,13:00,2024-04-12 13:00:00,66.5,61.0,5.5,open_meteo_historical_forecast
2024-04-12,NYC,15:00,2024-04-12 15:00:00,66.5,61.0,5.5,open_meteo_historical_forecast
2024-04-13,NYC,09:00,2024-04-13 09:00:00,53.9,54.0,-0.1,open_meteo_historical_forecast
2024-04-13,NYC,11:00,2024-04-13 11:00:00,53.9,54.0,-0.1,open_meteo_historical_forecast
2024-04-13,NYC,13:00,2024-04-13 13:00:00,53.9,54.0,-0.1,open_meteo_historical_forecast
2024-04-13,NYC,15:00,2024-04-13 15:00:00,53.9,54.0,-0.1,open_meteo_historical_forecast
2024-04-14,NYC,09:00,2024-04-14 09:00:00,71.0,74.2,-3.2,open_meteo_historical_forecast
2024-04-14,NYC,11:00,2024-04-14 11:00:00,71.0,74.2,-3.2,open_meteo_historical_forecast
2024-04-14,NYC,13:00,2024-04-14 13:00:00,71.0,74.2,-3.2,open_meteo_historical_forecast
2024-04-14,NYC,15:00,2024-04-14 15:00:00,71.0,74.2,-3.2,open_meteo_historical_forecast
2024-04-15,NYC,09:00,2024-04-15 09:00:00,74.9,81.4,-6.5,open_meteo_historical_forecast
2024-04-15,NYC,11:00,2024-04-15 11:00:00,74.9,81.4,-6.5,open_meteo_historical_forecast
2024-04-15,NYC,13:00,2024-04-15 13:00:00,74.9,81.4,-6.5,open_meteo_historical_forecast
2024-04-15,NYC,15:00,2024-04-15 15:00:00,74.9,81.4,-6.5,open_meteo_historical_forecast
2024-04-16,NYC,09:00,2024-04-16 09:00:00,68.4,72.7,-4.3,open_meteo_historical_forecast
2024-04-16,NYC,11:00,2024-04-16 11:00:00,68.4,72.7,-4.3,open_meteo_historical_forecast
2024-04-16,NYC,13:00,2024-04-16 13:00:00,68.4,72.7,-4.3,open_meteo_historical_forecast
2024-04-16,NYC,15:00,2024-04-16 15:00:00,68.4,72.7,-4.3,open_meteo_historical_forecast
2024-04-17,NYC,09:00,2024-04-17 09:00:00,61.2,60.0,1.2,open_meteo_historical_forecast
2024-04-17,NYC,11:00,2024-04-17 11:00:00,61.2,60.0,1.2,open_meteo_historical_forecast
2024-04-17,NYC,13:00,2024-04-17 13:00:00,61.2,60.0,1.2,open_meteo_historical_forecast
2024-04-17,NYC,15:00,2024-04-17 15:00:00,61.2,60.0,1.2,open_meteo_historical_forecast
2024-04-18,NYC,09:00,2024-04-18 09:00:00,48.5,48.6,-0.1,open_meteo_historical_forecast
2024-04-18,NYC,11:00,2024-04-18 11:00:00,48.5,48.6,-0.1,open_meteo_historical_forecast
2024-04-18,NYC,13:00,2024-04-18 13:00:00,48.5,48.6,-0.1,open_meteo_historical_forecast
2024-04-18,NYC,15:00,2024-04-18 15:00:00,48.5,48.6,-0.1,open_meteo_historical_forecast
2024-04-19,NYC,09:00,2024-04-19 09:00:00,56.5,55.0,1.5,open_meteo_historical_forecast
2024-04-19,NYC,11:00,2024-04-19 11:00:00,56.5,55.0,1.5,open_meteo_historical_forecast
2024-04-19,NYC,13:00,2024-04-19 13:00:00,56.5,55.0,1.5,open_meteo_historical_forecast
2024-04-19,NYC,15:00,2024-04-19 15:00:00,56.5,55.0,1.5,open_meteo_historical_forecast
2024-04-20,NYC,09:00,2024-04-20 09:00:00,67.4,69.4,-2.0,open_meteo_historical_forecast
2024-04-20,NYC,11:00,2024-04-20 11:00:00,67.4,69.4,-2.0,open_meteo_historical_forecast
2024-04-20,NYC,13:00,2024-04-20 13:00:00,67.4,69.4,-2.0,open_meteo_historical_forecast
2024-04-20,NYC,15:00,2024-04-20 15:00:00,67.4,69.4,-2.0,open_meteo_historical_forecast
2024-04-21,NYC,09:00,2024-04-21 09:00:00,52.9,53.1,-0.2,open_meteo_historical_forecast
2024-04-21,NYC,11:00,2024-04-21 11:00:00,52.9,53.1,-0.2,open_meteo_historical_forecast
2024-04-21,NYC,13:00,2024-04-21 13:00:00,52.9,53.1,-0.2,open_meteo_historical_forecast
2024-04-21,NYC,15:00,2024-04-21 15:00:00,52.9,53.1,-0.2,open_meteo_historical_forecast
2024-04-22,NYC,09:00,2024-04-22 09:00:00,58.4,62.2,-3.8,open_meteo_historical_forecast
2024-04-22,NYC,11:00,2024-04-22 11:00:00,58.4,62.2,-3.8,open_meteo_historical_forecast
2024-04-22,NYC,13:00,2024-04-22 13:00:00,58.4,62.2,-3.8,open_meteo_historical_forecast
2024-04-22,NYC,15:00,2024-04-22 15:00:00,58.4,62.2,-3.8,open_meteo_historical_forecast
2024-04-23,NYC,09:00,2024-04-23 09:00:00,58.9,62.1,-3.2,open_meteo_historical_forecast
2024-04-23,NYC,11:00,2024-04-23 11:00:00,58.9,62.1,-3.2,open_meteo_historical_forecast
2024-04-23,NYC,13:00,2024-04-23 13:00:00,58.9,62.1,-3.2,open_meteo_historical_forecast
2024-04-23,NYC,15:00,2024-04-23 15:00:00,58.9,62.1,-3.2,open_meteo_historical_forecast
2024-04-24,NYC,09:00,2024-04-24 09:00:00,68.8,70.0,-1.2,open_meteo_historical_forecast
2024-04-24,NYC,11:00,2024-04-24 11:00:00,68.8,70.0,-1.2,open_meteo_historical_forecast
2024-04-24,NYC,13:00,2024-04-24 13:00:00,68.8,70.0,-1.2,open_meteo_historical_forecast
2024-04-24,NYC,15:00,2024-04-24 15:00:00,68.8,70.0,-1.2,open_meteo_historical_forecast
2024-04-25,NYC,09:00,2024-04-25 09:00:00,54.9,56.2,-1.3,open_meteo_historical_forecast
2024-04-25,NYC,11:00,2024-04-25 11:00:00,54.9,56.2,-1.3,open_meteo_historical_forecast
2024-04-25,NYC,13:00,2024-04-25 13:00:00,54.9,56.2,-1.3,open_meteo_historical_forecast
2024-04-25,NYC,15:00,2024-04-25 15:00:00,54.9,56.2,-1.3,open_meteo_historical_forecast
2024-04-26,NYC,09:00,2024-04-26 09:00:00,58.8,60.3,-1.5,open_meteo_historical_forecast
2024-04-26,NYC,11:00,2024-04-26 11:00:00,58.8,60.3,-1.5,open_meteo_historical_forecast
2024-04-26,NYC,13:00,2024-04-26 13:00:00,58.8,60.3,-1.5,open_meteo_historical_forecast
2024-04-26,NYC,15:00,2024-04-26 15:00:00,58.8,60.3,-1.5,open_meteo_historical_forecast
2024-04-27,NYC,09:00,2024-04-27 09:00:00,58.1,61.2,-3.1,open_meteo_historical_forecast
2024-04-27,NYC,11:00,2024-04-27 11:00:00,58.1,61.2,-3.1,open_meteo_historical_forecast
2024-04-27,NYC,13:00,2024-04-27 13:00:00,58.1,61.2,-3.1,open_meteo_historical_forecast
2024-04-27,NYC,15:00,2024-04-27 15:00:00,58.1,61.2,-3.1,open_meteo_historical_forecast
2024-04-28,NYC,09:00,2024-04-28 09:00:00,73.0,76.8,-3.8,open_meteo_historical_forecast
2024-04-28,NYC,11:00,2024-04-28 11:00:00,73.0,76.8,-3.8,open_meteo_historical_forecast
2024-04-28,NYC,13:00,2024-04-28 13:00:00,73.0,76.8,-3.8,open_meteo_historical_forecast
2024-04-28,NYC,15:00,2024-04-28 15:00:00,73.0,76.8,-3.8,open_meteo_historical_forecast
2024-04-29,NYC,09:00,2024-04-29 09:00:00,82.7,85.8,-3.1,open_meteo_historical_forecast
2024-04-29,NYC,11:00,2024-04-29 11:00:00,82.7,85.8,-3.1,open_meteo_historical_forecast
2024-04-29,NYC,13:00,2024-04-29 13:00:00,82.7,85.8,-3.1,open_meteo_historical_forecast
2024-04-29,NYC,15:00,2024-04-29 15:00:00,82.7,85.8,-3.1,open_meteo_historical_forecast
2024-04-30,NYC,09:00,2024-04-30 09:00:00,71.4,61.2,10.2,open_meteo_historical_forecast
2024-04-30,NYC,11:00,2024-04-30 11:00:00,71.4,61.2,10.2,open_meteo_historical_forecast
2024-04-30,NYC,13:00,2024-04-30 13:00:00,71.4,61.2,10.2,open_meteo_historical_forecast
2024-04-30,NYC,15:00,2024-04-30 15:00:00,71.4,61.2,10.2,open_meteo_historical_forecast
2024-05-01,NYC,09:00,2024-05-01 09:00:00,76.3,76.7,-0.4,open_meteo_historical_forecast
2024-05-01,NYC,11:00,2024-05-01 11:00:00,76.3,76.7,-0.4,open_meteo_historical_forecast
2024-05-01,NYC,13:00,2024-05-01 13:00:00,76.3,76.7,-0.4,open_meteo_historical_forecast
2024-05-01,NYC,15:00,2024-05-01 15:00:00,76.3,76.7,-0.4,open_meteo_historical_forecast
2024-05-02,NYC,09:00,2024-05-02 09:00:00,81.9,78.0,3.9,open_meteo_historical_forecast
2024-05-02,NYC,11:00,2024-05-02 11:00:00,81.9,78.0,3.9,open_meteo_historical_forecast
2024-05-02,NYC,13:00,2024-05-02 13:00:00,81.9,78.0,3.9,open_meteo_historical_forecast
2024-05-02,NYC,15:00,2024-05-02 15:00:00,81.9,78.0,3.9,open_meteo_historical_forecast
2024-05-03,NYC,09:00,2024-05-03 09:00:00,63.1,63.0,0.1,open_meteo_historical_forecast
2024-05-03,NYC,11:00,2024-05-03 11:00:00,63.1,63.0,0.1,open_meteo_historical_forecast
2024-05-03,NYC,13:00,2024-05-03 13:00:00,63.1,63.0,0.1,open_meteo_historical_forecast
2024-05-03,NYC,15:00,2024-05-03 15:00:00,63.1,63.0,0.1,open_meteo_historical_forecast
2024-05-04,NYC,09:00,2024-05-04 09:00:00,63.7,62.9,0.8,open_meteo_historical_forecast
2024-05-04,NYC,11:00,2024-05-04 11:00:00,63.7,62.9,0.8,open_meteo_historical_forecast
2024-05-04,NYC,13:00,2024-05-04 13:00:00,63.7,62.9,0.8,open_meteo_historical_forecast
2024-05-04,NYC,15:00,2024-05-04 15:00:00,63.7,62.9,0.8,open_meteo_historical_forecast
2024-05-05,NYC,09:00,2024-05-05 09:00:00,53.3,52.1,1.2,open_meteo_historical_forecast
2024-05-05,NYC,11:00,2024-05-05 11:00:00,53.3,52.1,1.2,open_meteo_historical_forecast
2024-05-05,NYC,13:00,2024-05-05 13:00:00,53.3,52.1,1.2,open_meteo_historical_forecast
2024-05-05,NYC,15:00,2024-05-05 15:00:00,53.3,52.1,1.2,open_meteo_historical_forecast
2024-05-06,NYC,09:00,2024-05-06 09:00:00,72.3,73.0,-0.7,open_meteo_historical_forecast
2024-05-06,NYC,11:00,2024-05-06 11:00:00,72.3,73.0,-0.7,open_meteo_historical_forecast
2024-05-06,NYC,13:00,2024-05-06 13:00:00,72.3,73.0,-0.7,open_meteo_historical_forecast
2024-05-06,NYC,15:00,2024-05-06 15:00:00,72.3,73.0,-0.7,open_meteo_historical_forecast
2024-05-07,NYC,09:00,2024-05-07 09:00:00,78.3,82.0,-3.7,open_meteo_historical_forecast
2024-05-07,NYC,11:00,2024-05-07 11:00:00,78.3,82.0,-3.7,open_meteo_historical_forecast
2024-05-07,NYC,13:00,2024-05-07 13:00:00,78.3,82.0,-3.7,open_meteo_historical_forecast
2024-05-07,NYC,15:00,2024-05-07 15:00:00,78.3,82.0,-3.7,open_meteo_historical_forecast
2024-05-08,NYC,09:00,2024-05-08 09:00:00,86.6,86.2,0.4,open_meteo_historical_forecast
2024-05-08,NYC,11:00,2024-05-08 11:00:00,86.6,86.2,0.4,open_meteo_historical_forecast
2024-05-08,NYC,13:00,2024-05-08 13:00:00,86.6,86.2,0.4,open_meteo_historical_forecast
2024-05-08,NYC,15:00,2024-05-08 15:00:00,86.6,86.2,0.4,open_meteo_historical_forecast
2024-05-09,NYC,09:00,2024-05-09 09:00:00,68.9,73.1,-4.2,open_meteo_historical_forecast
2024-05-09,NYC,11:00,2024-05-09 11:00:00,68.9,73.1,-4.2,open_meteo_historical_forecast
2024-05-09,NYC,13:00,2024-05-09 13:00:00,68.9,73.1,-4.2,open_meteo_historical_forecast
2024-05-09,NYC,15:00,2024-05-09 15:00:00,68.9,73.1,-4.2,open_meteo_historical_forecast
2024-05-10,NYC,09:00,2024-05-10 09:00:00,58.8,57.2,1.6,open_meteo_historical_forecast
2024-05-10,NYC,11:00,2024-05-10 11:00:00,58.8,57.2,1.6,open_meteo_historical_forecast
2024-05-10,NYC,13:00,2024-05-10 13:00:00,58.8,57.2,1.6,open_meteo_historical_forecast
2024-05-10,NYC,15:00,2024-05-10 15:00:00,58.8,57.2,1.6,open_meteo_historical_forecast
2024-05-11,NYC,09:00,2024-05-11 09:00:00,61.9,62.8,-0.9,open_meteo_historical_forecast
2024-05-11,NYC,11:00,2024-05-11 11:00:00,61.9,62.8,-0.9,open_meteo_historical_forecast
2024-05-11,NYC,13:00,2024-05-11 13:00:00,61.9,62.8,-0.9,open_meteo_historical_forecast
2024-05-11,NYC,15:00,2024-05-11 15:00:00,61.9,62.8,-0.9,open_meteo_historical_forecast
2024-05-12,NYC,09:00,2024-05-12 09:00:00,56.3,55.1,1.2,open_meteo_historical_forecast
2024-05-12,NYC,11:00,2024-05-12 11:00:00,56.3,55.1,1.2,open_meteo_historical_forecast
2024-05-12,NYC,13:00,2024-05-12 13:00:00,56.3,55.1,1.2,open_meteo_historical_forecast
2024-05-12,NYC,15:00,2024-05-12 15:00:00,56.3,55.1,1.2,open_meteo_historical_forecast
2024-05-13,NYC,09:00,2024-05-13 09:00:00,67.6,66.6,1.0,open_meteo_historical_forecast
2024-05-13,NYC,11:00,2024-05-13 11:00:00,67.6,66.6,1.0,open_meteo_historical_forecast
2024-05-13,NYC,13:00,2024-05-13 13:00:00,67.6,66.6,1.0,open_meteo_historical_forecast
2024-05-13,NYC,15:00,2024-05-13 15:00:00,67.6,66.6,1.0,open_meteo_historical_forecast
2024-05-14,NYC,09:00,2024-05-14 09:00:00,72.0,73.5,-1.5,open_meteo_historical_forecast
2024-05-14,NYC,11:00,2024-05-14 11:00:00,72.0,73.5,-1.5,open_meteo_historical_forecast
2024-05-14,NYC,13:00,2024-05-14 13:00:00,72.0,73.5,-1.5,open_meteo_historical_forecast
2024-05-14,NYC,15:00,2024-05-14 15:00:00,72.0,73.5,-1.5,open_meteo_historical_forecast
2024-05-15,NYC,09:00,2024-05-15 09:00:00,66.0,64.3,1.7,open_meteo_historical_forecast
2024-05-15,NYC,11:00,2024-05-15 11:00:00,66.0,64.3,1.7,open_meteo_historical_forecast
2024-05-15,NYC,13:00,2024-05-15 13:00:00,66.0,64.3,1.7,open_meteo_historical_forecast
2024-05-15,NYC,15:00,2024-05-15 15:00:00,66.0,64.3,1.7,open_meteo_historical_forecast
2024-05-16,NYC,09:00,2024-05-16 09:00:00,65.6,64.5,1.1,open_meteo_historical_forecast
2024-05-16,NYC,11:00,2024-05-16 11:00:00,65.6,64.5,1.1,open_meteo_historical_forecast
2024-05-16,NYC,13:00,2024-05-16 13:00:00,65.6,64.5,1.1,open_meteo_historical_forecast
2024-05-16,NYC,15:00,2024-05-16 15:00:00,65.6,64.5,1.1,open_meteo_historical_forecast
2024-05-17,NYC,09:00,2024-05-17 09:00:00,72.5,72.9,-0.4,open_meteo_historical_forecast
2024-05-17,NYC,11:00,2024-05-17 11:00:00,72.5,72.9,-0.4,open_meteo_historical_forecast
2024-05-17,NYC,13:00,2024-05-17 13:00:00,72.5,72.9,-0.4,open_meteo_historical_forecast
2024-05-17,NYC,15:00,2024-05-17 15:00:00,72.5,72.9,-0.4,open_meteo_historical_forecast
2024-05-18,NYC,09:00,2024-05-18 09:00:00,72.3,70.8,1.5,open_meteo_historical_forecast
2024-05-18,NYC,11:00,2024-05-18 11:00:00,72.3,70.8,1.5,open_meteo_historical_forecast
2024-05-18,NYC,13:00,2024-05-18 13:00:00,72.3,70.8,1.5,open_meteo_historical_forecast
2024-05-18,NYC,15:00,2024-05-18 15:00:00,72.3,70.8,1.5,open_meteo_historical_forecast
2024-05-19,NYC,09:00,2024-05-19 09:00:00,73.8,74.8,-1.0,open_meteo_historical_forecast
2024-05-19,NYC,11:00,2024-05-19 11:00:00,73.8,74.8,-1.0,open_meteo_historical_forecast
2024-05-19,NYC,13:00,2024-05-19 13:00:00,73.8,74.8,-1.0,open_meteo_historical_forecast
2024-05-19,NYC,15:00,2024-05-19 15:00:00,73.8,74.8,-1.0,open_meteo_historical_forecast
2024-05-20,NYC,09:00,2024-05-20 09:00:00,76.6,74.1,2.5,open_meteo_historical_forecast
2024-05-20,NYC,11:00,2024-05-20 11:00:00,76.6,74.1,2.5,open_meteo_historical_forecast
2024-05-20,NYC,13:00,2024-05-20 13:00:00,76.6,74.1,2.5,open_meteo_historical_forecast
2024-05-20,NYC,15:00,2024-05-20 15:00:00,76.6,74.1,2.5,open_meteo_historical_forecast
2024-05-21,NYC,09:00,2024-05-21 09:00:00,81.1,84.9,-3.8,open_meteo_historical_forecast
2024-05-21,NYC,11:00,2024-05-21 11:00:00,81.1,84.9,-3.8,open_meteo_historical_forecast
2024-05-21,NYC,13:00,2024-05-21 13:00:00,81.1,84.9,-3.8,open_meteo_historical_forecast
2024-05-21,NYC,15:00,2024-05-21 15:00:00,81.1,84.9,-3.8,open_meteo_historical_forecast
2024-05-22,NYC,09:00,2024-05-22 09:00:00,83.5,86.1,-2.6,open_meteo_historical_forecast
2024-05-22,NYC,11:00,2024-05-22 11:00:00,83.5,86.1,-2.6,open_meteo_historical_forecast
2024-05-22,NYC,13:00,2024-05-22 13:00:00,83.5,86.1,-2.6,open_meteo_historical_forecast
2024-05-22,NYC,15:00,2024-05-22 15:00:00,83.5,86.1,-2.6,open_meteo_historical_forecast
2024-05-23,NYC,09:00,2024-05-23 09:00:00,81.2,79.9,1.3,open_meteo_historical_forecast
2024-05-23,NYC,11:00,2024-05-23 11:00:00,81.2,79.9,1.3,open_meteo_historical_forecast
2024-05-23,NYC,13:00,2024-05-23 13:00:00,81.2,79.9,1.3,open_meteo_historical_forecast
2024-05-23,NYC,15:00,2024-05-23 15:00:00,81.2,79.9,1.3,open_meteo_historical_forecast
2024-05-24,NYC,09:00,2024-05-24 09:00:00,83.5,86.8,-3.3,open_meteo_historical_forecast
2024-05-24,NYC,11:00,2024-05-24 11:00:00,83.5,86.8,-3.3,open_meteo_historical_forecast
2024-05-24,NYC,13:00,2024-05-24 13:00:00,83.5,86.8,-3.3,open_meteo_historical_forecast
2024-05-24,NYC,15:00,2024-05-24 15:00:00,83.5,86.8,-3.3,open_meteo_historical_forecast
2024-05-25,NYC,09:00,2024-05-25 09:00:00,79.3,81.1,-1.8,open_meteo_historical_forecast
2024-05-25,NYC,11:00,2024-05-25 11:00:00,79.3,81.1,-1.8,open_meteo_historical_forecast
2024-05-25,NYC,13:00,2024-05-25 13:00:00,79.3,81.1,-1.8,open_meteo_historical_forecast
2024-05-25,NYC,15:00,2024-05-25 15:00:00,79.3,81.1,-1.8,open_meteo_historical_forecast
2024-05-26,NYC,09:00,2024-05-26 09:00:00,79.4,81.9,-2.5,open_meteo_historical_forecast
2024-05-26,NYC,11:00,2024-05-26 11:00:00,79.4,81.9,-2.5,open_meteo_historical_forecast
2024-05-26,NYC,13:00,2024-05-26 13:00:00,79.4,81.9,-2.5,open_meteo_historical_forecast
2024-05-26,NYC,15:00,2024-05-26 15:00:00,79.4,81.9,-2.5,open_meteo_historical_forecast
2024-05-27,NYC,09:00,2024-05-27 09:00:00,72.2,75.1,-2.9,open_meteo_historical_forecast
2024-05-27,NYC,11:00,2024-05-27 11:00:00,72.2,75.1,-2.9,open_meteo_historical_forecast
2024-05-27,NYC,13:00,2024-05-27 13:00:00,72.2,75.1,-2.9,open_meteo_historical_forecast
2024-05-27,NYC,15:00,2024-05-27 15:00:00,72.2,75.1,-2.9,open_meteo_historical_forecast
2024-05-28,NYC,09:00,2024-05-28 09:00:00,80.2,81.4,-1.2,open_meteo_historical_forecast
2024-05-28,NYC,11:00,2024-05-28 11:00:00,80.2,81.4,-1.2,open_meteo_historical_forecast
2024-05-28,NYC,13:00,2024-05-28 13:00:00,80.2,81.4,-1.2,open_meteo_historical_forecast
2024-05-28,NYC,15:00,2024-05-28 15:00:00,80.2,81.4,-1.2,open_meteo_historical_forecast
2024-05-29,NYC,09:00,2024-05-29 09:00:00,76.2,77.1,-0.9,open_meteo_historical_forecast
2024-05-29,NYC,11:00,2024-05-29 11:00:00,76.2,77.1,-0.9,open_meteo_historical_forecast
2024-05-29,NYC,13:00,2024-05-29 13:00:00,76.2,77.1,-0.9,open_meteo_historical_forecast
2024-05-29,NYC,15:00,2024-05-29 15:00:00,76.2,77.1,-0.9,open_meteo_historical_forecast
2024-05-30,NYC,09:00,2024-05-30 09:00:00,70.6,70.2,0.4,open_meteo_historical_forecast
2024-05-30,NYC,11:00,2024-05-30 11:00:00,70.6,70.2,0.4,open_meteo_historical_forecast
2024-05-30,NYC,13:00,2024-05-30 13:00:00,70.6,70.2,0.4,open_meteo_historical_forecast
2024-05-30,NYC,15:00,2024-05-30 15:00:00,70.6,70.2,0.4,open_meteo_historical_forecast
2024-05-31,NYC,09:00,2024-05-31 09:00:00,75.7,77.4,-1.7,open_meteo_historical_forecast
2024-05-31,NYC,11:00,2024-05-31 11:00:00,75.7,77.4,-1.7,open_meteo_historical_forecast
2024-05-31,NYC,13:00,2024-05-31 13:00:00,75.7,77.4,-1.7,open_meteo_historical_forecast
2024-05-31,NYC,15:00,2024-05-31 15:00:00,75.7,77.4,-1.7,open_meteo_historical_forecast
2024-06-01,NYC,09:00,2024-06-01 09:00:00,81.9,86.8,-4.9,open_meteo_historical_forecast
2024-06-01,NYC,11:00,2024-06-01 11:00:00,81.9,86.8,-4.9,open_meteo_historical_forecast
2024-06-01,NYC,13:00,2024-06-01 13:00:00,81.9,86.8,-4.9,open_meteo_historical_forecast
2024-06-01,NYC,15:00,2024-06-01 15:00:00,81.9,86.8,-4.9,open_meteo_historical_forecast
2024-06-02,NYC,09:00,2024-06-02 09:00:00,81.5,84.1,-2.6,open_meteo_historical_forecast
2024-06-02,NYC,11:00,2024-06-02 11:00:00,81.5,84.1,-2.6,open_meteo_historical_forecast
2024-06-02,NYC,13:00,2024-06-02 13:00:00,81.5,84.1,-2.6,open_meteo_historical_forecast
2024-06-02,NYC,15:00,2024-06-02 15:00:00,81.5,84.1,-2.6,open_meteo_historical_forecast
2024-06-03,NYC,09:00,2024-06-03 09:00:00,85.3,88.2,-2.9,open_meteo_historical_forecast
2024-06-03,NYC,11:00,2024-06-03 11:00:00,85.3,88.2,-2.9,open_meteo_historical_forecast
2024-06-03,NYC,13:00,2024-06-03 13:00:00,85.3,88.2,-2.9,open_meteo_historical_forecast
2024-06-03,NYC,15:00,2024-06-03 15:00:00,85.3,88.2,-2.9,open_meteo_historical_forecast
2024-06-04,NYC,09:00,2024-06-04 09:00:00,78.8,81.6,-2.8,open_meteo_historical_forecast
2024-06-04,NYC,11:00,2024-06-04 11:00:00,78.8,81.6,-2.8,open_meteo_historical_forecast
2024-06-04,NYC,13:00,2024-06-04 13:00:00,78.8,81.6,-2.8,open_meteo_historical_forecast
2024-06-04,NYC,15:00,2024-06-04 15:00:00,78.8,81.6,-2.8,open_meteo_historical_forecast
2024-06-05,NYC,09:00,2024-06-05 09:00:00,79.8,80.6,-0.8,open_meteo_historical_forecast
2024-06-05,NYC,11:00,2024-06-05 11:00:00,79.8,80.6,-0.8,open_meteo_historical_forecast
2024-06-05,NYC,13:00,2024-06-05 13:00:00,79.8,80.6,-0.8,open_meteo_historical_forecast
2024-06-05,NYC,15:00,2024-06-05 15:00:00,79.8,80.6,-0.8,open_meteo_historical_forecast
2024-06-06,NYC,09:00,2024-06-06 09:00:00,82.0,79.4,2.6,open_meteo_historical_forecast
2024-06-06,NYC,11:00,2024-06-06 11:00:00,82.0,79.4,2.6,open_meteo_historical_forecast
2024-06-06,NYC,13:00,2024-06-06 13:00:00,82.0,79.4,2.6,open_meteo_historical_forecast
2024-06-06,NYC,15:00,2024-06-06 15:00:00,82.0,79.4,2.6,open_meteo_historical_forecast
2024-06-07,NYC,09:00,2024-06-07 09:00:00,83.2,82.6,0.6,open_meteo_historical_forecast
2024-06-07,NYC,11:00,2024-06-07 11:00:00,83.2,82.6,0.6,open_meteo_historical_forecast
2024-06-07,NYC,13:00,2024-06-07 13:00:00,83.2,82.6,0.6,open_meteo_historical_forecast
2024-06-07,NYC,15:00,2024-06-07 15:00:00,83.2,82.6,0.6,open_meteo_historical_forecast
2024-06-08,NYC,09:00,2024-06-08 09:00:00,77.3,78.1,-0.8,open_meteo_historical_forecast
2024-06-08,NYC,11:00,2024-06-08 11:00:00,77.3,78.1,-0.8,open_meteo_historical_forecast
2024-06-08,NYC,13:00,2024-06-08 13:00:00,77.3,78.1,-0.8,open_meteo_historical_forecast
2024-06-08,NYC,15:00,2024-06-08 15:00:00,77.3,78.1,-0.8,open_meteo_historical_forecast
2024-06-09,NYC,09:00,2024-06-09 09:00:00,77.0,74.6,2.4,open_meteo_historical_forecast
2024-06-09,NYC,11:00,2024-06-09 11:00:00,77.0,74.6,2.4,open_meteo_historical_forecast
2024-06-09,NYC,13:00,2024-06-09 13:00:00,77.0,74.6,2.4,open_meteo_historical_forecast
2024-06-09,NYC,15:00,2024-06-09 15:00:00,77.0,74.6,2.4,open_meteo_historical_forecast
2024-06-10,NYC,09:00,2024-06-10 09:00:00,75.6,74.4,1.2,open_meteo_historical_forecast
2024-06-10,NYC,11:00,2024-06-10 11:00:00,75.6,74.4,1.2,open_meteo_historical_forecast
2024-06-10,NYC,13:00,2024-06-10 13:00:00,75.6,74.4,1.2,open_meteo_historical_forecast
2024-06-10,NYC,15:00,2024-06-10 15:00:00,75.6,74.4,1.2,open_meteo_historical_forecast
2024-06-11,NYC,09:00,2024-06-11 09:00:00,73.8,72.5,1.3,open_meteo_historical_forecast
2024-06-11,NYC,11:00,2024-06-11 11:00:00,73.8,72.5,1.3,open_meteo_historical_forecast
2024-06-11,NYC,13:00,2024-06-11 13:00:00,73.8,72.5,1.3,open_meteo_historical_forecast
2024-06-11,NYC,15:00,2024-06-11 15:00:00,73.8,72.5,1.3,open_meteo_historical_forecast
2024-06-12,NYC,09:00,2024-06-12 09:00:00,77.4,76.4,1.0,open_meteo_historical_forecast
2024-06-12,NYC,11:00,2024-06-12 11:00:00,77.4,76.4,1.0,open_meteo_historical_forecast
2024-06-12,NYC,13:00,2024-06-12 13:00:00,77.4,76.4,1.0,open_meteo_historical_forecast
2024-06-12,NYC,15:00,2024-06-12 15:00:00,77.4,76.4,1.0,open_meteo_historical_forecast
2024-06-13,NYC,09:00,2024-06-13 09:00:00,84.4,85.1,-0.7,open_meteo_historical_forecast
2024-06-13,NYC,11:00,2024-06-13 11:00:00,84.4,85.1,-0.7,open_meteo_historical_forecast
2024-06-13,NYC,13:00,2024-06-13 13:00:00,84.4,85.1,-0.7,open_meteo_historical_forecast
2024-06-13,NYC,15:00,2024-06-13 15:00:00,84.4,85.1,-0.7,open_meteo_historical_forecast
2024-06-14,NYC,09:00,2024-06-14 09:00:00,85.0,85.3,-0.3,open_meteo_historical_forecast
2024-06-14,NYC,11:00,2024-06-14 11:00:00,85.0,85.3,-0.3,open_meteo_historical_forecast
2024-06-14,NYC,13:00,2024-06-14 13:00:00,85.0,85.3,-0.3,open_meteo_historical_forecast
2024-06-14,NYC,15:00,2024-06-14 15:00:00,85.0,85.3,-0.3,open_meteo_historical_forecast
2024-06-15,NYC,09:00,2024-06-15 09:00:00,80.7,81.2,-0.5,open_meteo_historical_forecast
2024-06-15,NYC,11:00,2024-06-15 11:00:00,80.7,81.2,-0.5,open_meteo_historical_forecast
2024-06-15,NYC,13:00,2024-06-15 13:00:00,80.7,81.2,-0.5,open_meteo_historical_forecast
2024-06-15,NYC,15:00,2024-06-15 15:00:00,80.7,81.2,-0.5,open_meteo_historical_forecast
2024-06-16,NYC,09:00,2024-06-16 09:00:00,75.8,76.8,-1.0,open_meteo_historical_forecast
2024-06-16,NYC,11:00,2024-06-16 11:00:00,75.8,76.8,-1.0,open_meteo_historical_forecast
2024-06-16,NYC,13:00,2024-06-16 13:00:00,75.8,76.8,-1.0,open_meteo_historical_forecast
2024-06-16,NYC,15:00,2024-06-16 15:00:00,75.8,76.8,-1.0,open_meteo_historical_forecast
2024-06-17,NYC,09:00,2024-06-17 09:00:00,85.6,85.3,0.3,open_meteo_historical_forecast
2024-06-17,NYC,11:00,2024-06-17 11:00:00,85.6,85.3,0.3,open_meteo_historical_forecast
2024-06-17,NYC,13:00,2024-06-17 13:00:00,85.6,85.3,0.3,open_meteo_historical_forecast
2024-06-17,NYC,15:00,2024-06-17 15:00:00,85.6,85.3,0.3,open_meteo_historical_forecast
2024-06-18,NYC,09:00,2024-06-18 09:00:00,86.0,87.1,-1.1,open_meteo_historical_forecast
2024-06-18,NYC,11:00,2024-06-18 11:00:00,86.0,87.1,-1.1,open_meteo_historical_forecast
2024-06-18,NYC,13:00,2024-06-18 13:00:00,86.0,87.1,-1.1,open_meteo_historical_forecast
2024-06-18,NYC,15:00,2024-06-18 15:00:00,86.0,87.1,-1.1,open_meteo_historical_forecast
2024-06-19,NYC,09:00,2024-06-19 09:00:00,88.2,89.6,-1.4,open_meteo_historical_forecast
2024-06-19,NYC,11:00,2024-06-19 11:00:00,88.2,89.6,-1.4,open_meteo_historical_forecast
2024-06-19,NYC,13:00,2024-06-19 13:00:00,88.2,89.6,-1.4,open_meteo_historical_forecast
2024-06-19,NYC,15:00,2024-06-19 15:00:00,88.2,89.6,-1.4,open_meteo_historical_forecast
2024-06-20,NYC,09:00,2024-06-20 09:00:00,92.2,92.7,-0.5,open_meteo_historical_forecast
2024-06-20,NYC,11:00,2024-06-20 11:00:00,92.2,92.7,-0.5,open_meteo_historical_forecast
2024-06-20,NYC,13:00,2024-06-20 13:00:00,92.2,92.7,-0.5,open_meteo_historical_forecast
2024-06-20,NYC,15:00,2024-06-20 15:00:00,92.2,92.7,-0.5,open_meteo_historical_forecast
2024-06-21,NYC,09:00,2024-06-21 09:00:00,95.4,95.9,-0.5,open_meteo_historical_forecast
2024-06-21,NYC,11:00,2024-06-21 11:00:00,95.4,95.9,-0.5,open_meteo_historical_forecast
2024-06-21,NYC,13:00,2024-06-21 13:00:00,95.4,95.9,-0.5,open_meteo_historical_forecast
2024-06-21,NYC,15:00,2024-06-21 15:00:00,95.4,95.9,-0.5,open_meteo_historical_forecast
2024-06-22,NYC,09:00,2024-06-22 09:00:00,93.1,92.0,1.1,open_meteo_historical_forecast
2024-06-22,NYC,11:00,2024-06-22 11:00:00,93.1,92.0,1.1,open_meteo_historical_forecast
2024-06-22,NYC,13:00,2024-06-22 13:00:00,93.1,92.0,1.1,open_meteo_historical_forecast
2024-06-22,NYC,15:00,2024-06-22 15:00:00,93.1,92.0,1.1,open_meteo_historical_forecast
2024-06-23,NYC,09:00,2024-06-23 09:00:00,95.9,92.8,3.1,open_meteo_historical_forecast
2024-06-23,NYC,11:00,2024-06-23 11:00:00,95.9,92.8,3.1,open_meteo_historical_forecast
2024-06-23,NYC,13:00,2024-06-23 13:00:00,95.9,92.8,3.1,open_meteo_historical_forecast
2024-06-23,NYC,15:00,2024-06-23 15:00:00,95.9,92.8,3.1,open_meteo_historical_forecast
2024-06-24,NYC,09:00,2024-06-24 09:00:00,80.8,80.2,0.6,open_meteo_historical_forecast
2024-06-24,NYC,11:00,2024-06-24 11:00:00,80.8,80.2,0.6,open_meteo_historical_forecast
2024-06-24,NYC,13:00,2024-06-24 13:00:00,80.8,80.2,0.6,open_meteo_historical_forecast
2024-06-24,NYC,15:00,2024-06-24 15:00:00,80.8,80.2,0.6,open_meteo_historical_forecast
2024-06-25,NYC,09:00,2024-06-25 09:00:00,92.1,90.6,1.5,open_meteo_historical_forecast
2024-06-25,NYC,11:00,2024-06-25 11:00:00,92.1,90.6,1.5,open_meteo_historical_forecast
2024-06-25,NYC,13:00,2024-06-25 13:00:00,92.1,90.6,1.5,open_meteo_historical_forecast
2024-06-25,NYC,15:00,2024-06-25 15:00:00,92.1,90.6,1.5,open_meteo_historical_forecast
2024-06-26,NYC,09:00,2024-06-26 09:00:00,95.4,93.6,1.8,open_meteo_historical_forecast
2024-06-26,NYC,11:00,2024-06-26 11:00:00,95.4,93.6,1.8,open_meteo_historical_forecast
2024-06-26,NYC,13:00,2024-06-26 13:00:00,95.4,93.6,1.8,open_meteo_historical_forecast
2024-06-26,NYC,15:00,2024-06-26 15:00:00,95.4,93.6,1.8,open_meteo_historical_forecast
2024-06-27,NYC,09:00,2024-06-27 09:00:00,86.2,85.5,0.7,open_meteo_historical_forecast
2024-06-27,NYC,11:00,2024-06-27 11:00:00,86.2,85.5,0.7,open_meteo_historical_forecast
2024-06-27,NYC,13:00,2024-06-27 13:00:00,86.2,85.5,0.7,open_meteo_historical_forecast
2024-06-27,NYC,15:00,2024-06-27 15:00:00,86.2,85.5,0.7,open_meteo_historical_forecast
2024-06-28,NYC,09:00,2024-06-28 09:00:00,78.2,79.6,-1.4,open_meteo_historical_forecast
2024-06-28,NYC,11:00,2024-06-28 11:00:00,78.2,79.6,-1.4,open_meteo_historical_forecast
2024-06-28,NYC,13:00,2024-06-28 13:00:00,78.2,79.6,-1.4,open_meteo_historical_forecast
2024-06-28,NYC,15:00,2024-06-28 15:00:00,78.2,79.6,-1.4,open_meteo_historical_forecast
2024-06-29,NYC,09:00,2024-06-29 09:00:00,79.9,81.0,-1.1,open_meteo_historical_forecast
2024-06-29,NYC,11:00,2024-06-29 11:00:00,79.9,81.0,-1.1,open_meteo_historical_forecast
2024-06-29,NYC,13:00,2024-06-29 13:00:00,79.9,81.0,-1.1,open_meteo_historical_forecast
2024-06-29,NYC,15:00,2024-06-29 15:00:00,79.9,81.0,-1.1,open_meteo_historical_forecast
2024-06-30,NYC,09:00,2024-06-30 09:00:00,91.8,86.0,5.8,open_meteo_historical_forecast
2024-06-30,NYC,11:00,2024-06-30 11:00:00,91.8,86.0,5.8,open_meteo_historical_forecast
2024-06-30,NYC,13:00,2024-06-30 13:00:00,91.8,86.0,5.8,open_meteo_historical_forecast
2024-06-30,NYC,15:00,2024-06-30 15:00:00,91.8,86.0,5.8,open_meteo_historical_forecast
2024-07-01,NYC,09:00,2024-07-01 09:00:00,79.4,80.0,-0.6,open_meteo_historical_forecast
2024-07-01,NYC,11:00,2024-07-01 11:00:00,79.4,80.0,-0.6,open_meteo_historical_forecast
2024-07-01,NYC,13:00,2024-07-01 13:00:00,79.4,80.0,-0.6,open_meteo_historical_forecast
2024-07-01,NYC,15:00,2024-07-01 15:00:00,79.4,80.0,-0.6,open_meteo_historical_forecast
2024-07-02,NYC,09:00,2024-07-02 09:00:00,82.8,85.0,-2.2,open_meteo_historical_forecast
2024-07-02,NYC,11:00,2024-07-02 11:00:00,82.8,85.0,-2.2,open_meteo_historical_forecast
2024-07-02,NYC,13:00,2024-07-02 13:00:00,82.8,85.0,-2.2,open_meteo_historical_forecast
2024-07-02,NYC,15:00,2024-07-02 15:00:00,82.8,85.0,-2.2,open_meteo_historical_forecast
2024-07-03,NYC,09:00,2024-07-03 09:00:00,81.9,83.4,-1.5,open_meteo_historical_forecast
2024-07-03,NYC,11:00,2024-07-03 11:00:00,81.9,83.4,-1.5,open_meteo_historical_forecast
2024-07-03,NYC,13:00,2024-07-03 13:00:00,81.9,83.4,-1.5,open_meteo_historical_forecast
2024-07-03,NYC,15:00,2024-07-03 15:00:00,81.9,83.4,-1.5,open_meteo_historical_forecast
2024-07-04,NYC,09:00,2024-07-04 09:00:00,86.5,88.6,-2.1,open_meteo_historical_forecast
2024-07-04,NYC,11:00,2024-07-04 11:00:00,86.5,88.6,-2.1,open_meteo_historical_forecast
2024-07-04,NYC,13:00,2024-07-04 13:00:00,86.5,88.6,-2.1,open_meteo_historical_forecast
2024-07-04,NYC,15:00,2024-07-04 15:00:00,86.5,88.6,-2.1,open_meteo_historical_forecast
2024-07-05,NYC,09:00,2024-07-05 09:00:00,89.7,89.4,0.3,open_meteo_historical_forecast
2024-07-05,NYC,11:00,2024-07-05 11:00:00,89.7,89.4,0.3,open_meteo_historical_forecast
2024-07-05,NYC,13:00,2024-07-05 13:00:00,89.7,89.4,0.3,open_meteo_historical_forecast
2024-07-05,NYC,15:00,2024-07-05 15:00:00,89.7,89.4,0.3,open_meteo_historical_forecast
2024-07-06,NYC,09:00,2024-07-06 09:00:00,90.7,93.8,-3.1,open_meteo_historical_forecast
2024-07-06,NYC,11:00,2024-07-06 11:00:00,90.7,93.8,-3.1,open_meteo_historical_forecast
2024-07-06,NYC,13:00,2024-07-06 13:00:00,90.7,93.8,-3.1,open_meteo_historical_forecast
2024-07-06,NYC,15:00,2024-07-06 15:00:00,90.7,93.8,-3.1,open_meteo_historical_forecast
2024-07-07,NYC,09:00,2024-07-07 09:00:00,90.1,91.8,-1.7,open_meteo_historical_forecast
2024-07-07,NYC,11:00,2024-07-07 11:00:00,90.1,91.8,-1.7,open_meteo_historical_forecast
2024-07-07,NYC,13:00,2024-07-07 13:00:00,90.1,91.8,-1.7,open_meteo_historical_forecast
2024-07-07,NYC,15:00,2024-07-07 15:00:00,90.1,91.8,-1.7,open_meteo_historical_forecast
2024-07-08,NYC,09:00,2024-07-08 09:00:00,90.9,93.1,-2.2,open_meteo_historical_forecast
2024-07-08,NYC,11:00,2024-07-08 11:00:00,90.9,93.1,-2.2,open_meteo_historical_forecast
2024-07-08,NYC,13:00,2024-07-08 13:00:00,90.9,93.1,-2.2,open_meteo_historical_forecast
2024-07-08,NYC,15:00,2024-07-08 15:00:00,90.9,93.1,-2.2,open_meteo_historical_forecast
2024-07-09,NYC,09:00,2024-07-09 09:00:00,88.8,89.0,-0.2,open_meteo_historical_forecast
2024-07-09,NYC,11:00,2024-07-09 11:00:00,88.8,89.0,-0.2,open_meteo_historical_forecast
2024-07-09,NYC,13:00,2024-07-09 13:00:00,88.8,89.0,-0.2,open_meteo_historical_forecast
2024-07-09,NYC,15:00,2024-07-09 15:00:00,88.8,89.0,-0.2,open_meteo_historical_forecast
2024-07-10,NYC,09:00,2024-07-10 09:00:00,88.9,90.3,-1.4,open_meteo_historical_forecast
2024-07-10,NYC,11:00,2024-07-10 11:00:00,88.9,90.3,-1.4,open_meteo_historical_forecast
2024-07-10,NYC,13:00,2024-07-10 13:00:00,88.9,90.3,-1.4,open_meteo_historical_forecast
2024-07-10,NYC,15:00,2024-07-10 15:00:00,88.9,90.3,-1.4,open_meteo_historical_forecast
2024-07-11,NYC,09:00,2024-07-11 09:00:00,93.6,89.5,4.1,open_meteo_historical_forecast
2024-07-11,NYC,11:00,2024-07-11 11:00:00,93.6,89.5,4.1,open_meteo_historical_forecast
2024-07-11,NYC,13:00,2024-07-11 13:00:00,93.6,89.5,4.1,open_meteo_historical_forecast
2024-07-11,NYC,15:00,2024-07-11 15:00:00,93.6,89.5,4.1,open_meteo_historical_forecast
2024-07-12,NYC,09:00,2024-07-12 09:00:00,84.7,84.1,0.6,open_meteo_historical_forecast
2024-07-12,NYC,11:00,2024-07-12 11:00:00,84.7,84.1,0.6,open_meteo_historical_forecast
2024-07-12,NYC,13:00,2024-07-12 13:00:00,84.7,84.1,0.6,open_meteo_historical_forecast
2024-07-12,NYC,15:00,2024-07-12 15:00:00,84.7,84.1,0.6,open_meteo_historical_forecast
2024-07-13,NYC,09:00,2024-07-13 09:00:00,86.6,89.7,-3.1,open_meteo_historical_forecast
2024-07-13,NYC,11:00,2024-07-13 11:00:00,86.6,89.7,-3.1,open_meteo_historical_forecast
2024-07-13,NYC,13:00,2024-07-13 13:00:00,86.6,89.7,-3.1,open_meteo_historical_forecast
2024-07-13,NYC,15:00,2024-07-13 15:00:00,86.6,89.7,-3.1,open_meteo_historical_forecast
2024-07-14,NYC,09:00,2024-07-14 09:00:00,88.3,92.3,-4.0,open_meteo_historical_forecast
2024-07-14,NYC,11:00,2024-07-14 11:00:00,88.3,92.3,-4.0,open_meteo_historical_forecast
2024-07-14,NYC,13:00,2024-07-14 13:00:00,88.3,92.3,-4.0,open_meteo_historical_forecast
2024-07-14,NYC,15:00,2024-07-14 15:00:00,88.3,92.3,-4.0,open_meteo_historical_forecast
2024-07-15,NYC,09:00,2024-07-15 09:00:00,94.3,94.5,-0.2,open_meteo_historical_forecast
2024-07-15,NYC,11:00,2024-07-15 11:00:00,94.3,94.5,-0.2,open_meteo_historical_forecast
2024-07-15,NYC,13:00,2024-07-15 13:00:00,94.3,94.5,-0.2,open_meteo_historical_forecast
2024-07-15,NYC,15:00,2024-07-15 15:00:00,94.3,94.5,-0.2,open_meteo_historical_forecast
2024-07-16,NYC,09:00,2024-07-16 09:00:00,93.4,95.7,-2.3,open_meteo_historical_forecast
2024-07-16,NYC,11:00,2024-07-16 11:00:00,93.4,95.7,-2.3,open_meteo_historical_forecast
2024-07-16,NYC,13:00,2024-07-16 13:00:00,93.4,95.7,-2.3,open_meteo_historical_forecast
2024-07-16,NYC,15:00,2024-07-16 15:00:00,93.4,95.7,-2.3,open_meteo_historical_forecast
2024-07-17,NYC,09:00,2024-07-17 09:00:00,89.2,90.7,-1.5,open_meteo_historical_forecast
2024-07-17,NYC,11:00,2024-07-17 11:00:00,89.2,90.7,-1.5,open_meteo_historical_forecast
2024-07-17,NYC,13:00,2024-07-17 13:00:00,89.2,90.7,-1.5,open_meteo_historical_forecast
2024-07-17,NYC,15:00,2024-07-17 15:00:00,89.2,90.7,-1.5,open_meteo_historical_forecast
2024-07-18,NYC,09:00,2024-07-18 09:00:00,86.4,87.5,-1.1,open_meteo_historical_forecast
2024-07-18,NYC,11:00,2024-07-18 11:00:00,86.4,87.5,-1.1,open_meteo_historical_forecast
2024-07-18,NYC,13:00,2024-07-18 13:00:00,86.4,87.5,-1.1,open_meteo_historical_forecast
2024-07-18,NYC,15:00,2024-07-18 15:00:00,86.4,87.5,-1.1,open_meteo_historical_forecast
2024-07-19,NYC,09:00,2024-07-19 09:00:00,82.9,85.8,-2.9,open_meteo_historical_forecast
2024-07-19,NYC,11:00,2024-07-19 11:00:00,82.9,85.8,-2.9,open_meteo_historical_forecast
2024-07-19,NYC,13:00,2024-07-19 13:00:00,82.9,85.8,-2.9,open_meteo_historical_forecast
2024-07-19,NYC,15:00,2024-07-19 15:00:00,82.9,85.8,-2.9,open_meteo_historical_forecast
2024-07-20,NYC,09:00,2024-07-20 09:00:00,82.8,84.1,-1.3,open_meteo_historical_forecast
2024-07-20,NYC,11:00,2024-07-20 11:00:00,82.8,84.1,-1.3,open_meteo_historical_forecast
2024-07-20,NYC,13:00,2024-07-20 13:00:00,82.8,84.1,-1.3,open_meteo_historical_forecast
2024-07-20,NYC,15:00,2024-07-20 15:00:00,82.8,84.1,-1.3,open_meteo_historical_forecast
2024-07-21,NYC,09:00,2024-07-21 09:00:00,88.0,89.1,-1.1,open_meteo_historical_forecast
2024-07-21,NYC,11:00,2024-07-21 11:00:00,88.0,89.1,-1.1,open_meteo_historical_forecast
2024-07-21,NYC,13:00,2024-07-21 13:00:00,88.0,89.1,-1.1,open_meteo_historical_forecast
2024-07-21,NYC,15:00,2024-07-21 15:00:00,88.0,89.1,-1.1,open_meteo_historical_forecast
2024-07-22,NYC,09:00,2024-07-22 09:00:00,82.4,84.0,-1.6,open_meteo_historical_forecast
2024-07-22,NYC,11:00,2024-07-22 11:00:00,82.4,84.0,-1.6,open_meteo_historical_forecast
2024-07-22,NYC,13:00,2024-07-22 13:00:00,82.4,84.0,-1.6,open_meteo_historical_forecast
2024-07-22,NYC,15:00,2024-07-22 15:00:00,82.4,84.0,-1.6,open_meteo_historical_forecast
2024-07-23,NYC,09:00,2024-07-23 09:00:00,84.0,79.3,4.7,open_meteo_historical_forecast
2024-07-23,NYC,11:00,2024-07-23 11:00:00,84.0,79.3,4.7,open_meteo_historical_forecast
2024-07-23,NYC,13:00,2024-07-23 13:00:00,84.0,79.3,4.7,open_meteo_historical_forecast
2024-07-23,NYC,15:00,2024-07-23 15:00:00,84.0,79.3,4.7,open_meteo_historical_forecast
2024-07-24,NYC,09:00,2024-07-24 09:00:00,84.7,79.9,4.8,open_meteo_historical_forecast
2024-07-24,NYC,11:00,2024-07-24 11:00:00,84.7,79.9,4.8,open_meteo_historical_forecast
2024-07-24,NYC,13:00,2024-07-24 13:00:00,84.7,79.9,4.8,open_meteo_historical_forecast
2024-07-24,NYC,15:00,2024-07-24 15:00:00,84.7,79.9,4.8,open_meteo_historical_forecast
2024-07-25,NYC,09:00,2024-07-25 09:00:00,86.3,85.1,1.2,open_meteo_historical_forecast
2024-07-25,NYC,11:00,2024-07-25 11:00:00,86.3,85.1,1.2,open_meteo_historical_forecast
2024-07-25,NYC,13:00,2024-07-25 13:00:00,86.3,85.1,1.2,open_meteo_historical_forecast
2024-07-25,NYC,15:00,2024-07-25 15:00:00,86.3,85.1,1.2,open_meteo_historical_forecast
2024-07-26,NYC,09:00,2024-07-26 09:00:00,83.9,84.0,-0.1,open_meteo_historical_forecast
2024-07-26,NYC,11:00,2024-07-26 11:00:00,83.9,84.0,-0.1,open_meteo_historical_forecast
2024-07-26,NYC,13:00,2024-07-26 13:00:00,83.9,84.0,-0.1,open_meteo_historical_forecast
2024-07-26,NYC,15:00,2024-07-26 15:00:00,83.9,84.0,-0.1,open_meteo_historical_forecast
2024-07-27,NYC,09:00,2024-07-27 09:00:00,85.6,87.3,-1.7,open_meteo_historical_forecast
2024-07-27,NYC,11:00,2024-07-27 11:00:00,85.6,87.3,-1.7,open_meteo_historical_forecast
2024-07-27,NYC,13:00,2024-07-27 13:00:00,85.6,87.3,-1.7,open_meteo_historical_forecast
2024-07-27,NYC,15:00,2024-07-27 15:00:00,85.6,87.3,-1.7,open_meteo_historical_forecast
2024-07-28,NYC,09:00,2024-07-28 09:00:00,88.0,86.6,1.4,open_meteo_historical_forecast
2024-07-28,NYC,11:00,2024-07-28 11:00:00,88.0,86.6,1.4,open_meteo_historical_forecast
2024-07-28,NYC,13:00,2024-07-28 13:00:00,88.0,86.6,1.4,open_meteo_historical_forecast
2024-07-28,NYC,15:00,2024-07-28 15:00:00,88.0,86.6,1.4,open_meteo_historical_forecast
2024-07-29,NYC,09:00,2024-07-29 09:00:00,84.1,83.1,1.0,open_meteo_historical_forecast
2024-07-29,NYC,11:00,2024-07-29 11:00:00,84.1,83.1,1.0,open_meteo_historical_forecast
2024-07-29,NYC,13:00,2024-07-29 13:00:00,84.1,83.1,1.0,open_meteo_historical_forecast
2024-07-29,NYC,15:00,2024-07-29 15:00:00,84.1,83.1,1.0,open_meteo_historical_forecast
2024-07-30,NYC,09:00,2024-07-30 09:00:00,88.2,87.5,0.7,open_meteo_historical_forecast
2024-07-30,NYC,11:00,2024-07-30 11:00:00,88.2,87.5,0.7,open_meteo_historical_forecast
2024-07-30,NYC,13:00,2024-07-30 13:00:00,88.2,87.5,0.7,open_meteo_historical_forecast
2024-07-30,NYC,15:00,2024-07-30 15:00:00,88.2,87.5,0.7,open_meteo_historical_forecast
2024-07-31,NYC,09:00,2024-07-31 09:00:00,89.2,91.8,-2.6,open_meteo_historical_forecast
2024-07-31,NYC,11:00,2024-07-31 11:00:00,89.2,91.8,-2.6,open_meteo_historical_forecast
2024-07-31,NYC,13:00,2024-07-31 13:00:00,89.2,91.8,-2.6,open_meteo_historical_forecast
2024-07-31,NYC,15:00,2024-07-31 15:00:00,89.2,91.8,-2.6,open_meteo_historical_forecast
2024-08-01,NYC,09:00,2024-08-01 09:00:00,94.3,94.3,0.0,open_meteo_historical_forecast
2024-08-01,NYC,11:00,2024-08-01 11:00:00,94.3,94.3,0.0,open_meteo_historical_forecast
2024-08-01,NYC,13:00,2024-08-01 13:00:00,94.3,94.3,0.0,open_meteo_historical_forecast
2024-08-01,NYC,15:00,2024-08-01 15:00:00,94.3,94.3,0.0,open_meteo_historical_forecast
2024-08-02,NYC,09:00,2024-08-02 09:00:00,91.7,92.9,-1.2,open_meteo_historical_forecast
2024-08-02,NYC,11:00,2024-08-02 11:00:00,91.7,92.9,-1.2,open_meteo_historical_forecast
2024-08-02,NYC,13:00,2024-08-02 13:00:00,91.7,92.9,-1.2,open_meteo_historical_forecast
2024-08-02,NYC,15:00,2024-08-02 15:00:00,91.7,92.9,-1.2,open_meteo_historical_forecast
2024-08-03,NYC,09:00,2024-08-03 09:00:00,91.8,91.7,0.1,open_meteo_historical_forecast
2024-08-03,NYC,11:00,2024-08-03 11:00:00,91.8,91.7,0.1,open_meteo_historical_forecast
2024-08-03,NYC,13:00,2024-08-03 13:00:00,91.8,91.7,0.1,open_meteo_historical_forecast
2024-08-03,NYC,15:00,2024-08-03 15:00:00,91.8,91.7,0.1,open_meteo_historical_forecast
2024-08-04,NYC,09:00,2024-08-04 09:00:00,82.9,82.3,0.6,open_meteo_historical_forecast
2024-08-04,NYC,11:00,2024-08-04 11:00:00,82.9,82.3,0.6,open_meteo_historical_forecast
2024-08-04,NYC,13:00,2024-08-04 13:00:00,82.9,82.3,0.6,open_meteo_historical_forecast
2024-08-04,NYC,15:00,2024-08-04 15:00:00,82.9,82.3,0.6,open_meteo_historical_forecast
2024-08-05,NYC,09:00,2024-08-05 09:00:00,89.3,92.8,-3.5,open_meteo_historical_forecast
2024-08-05,NYC,11:00,2024-08-05 11:00:00,89.3,92.8,-3.5,open_meteo_historical_forecast
2024-08-05,NYC,13:00,2024-08-05 13:00:00,89.3,92.8,-3.5,open_meteo_historical_forecast
2024-08-05,NYC,15:00,2024-08-05 15:00:00,89.3,92.8,-3.5,open_meteo_historical_forecast
2024-08-06,NYC,09:00,2024-08-06 09:00:00,89.6,91.1,-1.5,open_meteo_historical_forecast
2024-08-06,NYC,11:00,2024-08-06 11:00:00,89.6,91.1,-1.5,open_meteo_historical_forecast
2024-08-06,NYC,13:00,2024-08-06 13:00:00,89.6,91.1,-1.5,open_meteo_historical_forecast
2024-08-06,NYC,15:00,2024-08-06 15:00:00,89.6,91.1,-1.5,open_meteo_historical_forecast
2024-08-07,NYC,09:00,2024-08-07 09:00:00,72.0,72.1,-0.1,open_meteo_historical_forecast
2024-08-07,NYC,11:00,2024-08-07 11:00:00,72.0,72.1,-0.1,open_meteo_historical_forecast
2024-08-07,NYC,13:00,2024-08-07 13:00:00,72.0,72.1,-0.1,open_meteo_historical_forecast
2024-08-07,NYC,15:00,2024-08-07 15:00:00,72.0,72.1,-0.1,open_meteo_historical_forecast
2024-08-08,NYC,09:00,2024-08-08 09:00:00,73.3,68.8,4.5,open_meteo_historical_forecast
2024-08-08,NYC,11:00,2024-08-08 11:00:00,73.3,68.8,4.5,open_meteo_historical_forecast
2024-08-08,NYC,13:00,2024-08-08 13:00:00,73.3,68.8,4.5,open_meteo_historical_forecast
2024-08-08,NYC,15:00,2024-08-08 15:00:00,73.3,68.8,4.5,open_meteo_historical_forecast
2024-08-09,NYC,09:00,2024-08-09 09:00:00,82.8,81.4,1.4,open_meteo_historical_forecast
2024-08-09,NYC,11:00,2024-08-09 11:00:00,82.8,81.4,1.4,open_meteo_historical_forecast
2024-08-09,NYC,13:00,2024-08-09 13:00:00,82.8,81.4,1.4,open_meteo_historical_forecast
2024-08-09,NYC,15:00,2024-08-09 15:00:00,82.8,81.4,1.4,open_meteo_historical_forecast
2024-08-10,NYC,09:00,2024-08-10 09:00:00,84.5,87.6,-3.1,open_meteo_historical_forecast
2024-08-10,NYC,11:00,2024-08-10 11:00:00,84.5,87.6,-3.1,open_meteo_historical_forecast
2024-08-10,NYC,13:00,2024-08-10 13:00:00,84.5,87.6,-3.1,open_meteo_historical_forecast
2024-08-10,NYC,15:00,2024-08-10 15:00:00,84.5,87.6,-3.1,open_meteo_historical_forecast
2024-08-11,NYC,09:00,2024-08-11 09:00:00,81.9,84.0,-2.1,open_meteo_historical_forecast
2024-08-11,NYC,11:00,2024-08-11 11:00:00,81.9,84.0,-2.1,open_meteo_historical_forecast
2024-08-11,NYC,13:00,2024-08-11 13:00:00,81.9,84.0,-2.1,open_meteo_historical_forecast
2024-08-11,NYC,15:00,2024-08-11 15:00:00,81.9,84.0,-2.1,open_meteo_historical_forecast
2024-08-12,NYC,09:00,2024-08-12 09:00:00,79.0,81.9,-2.9,open_meteo_historical_forecast
2024-08-12,NYC,11:00,2024-08-12 11:00:00,79.0,81.9,-2.9,open_meteo_historical_forecast
2024-08-12,NYC,13:00,2024-08-12 13:00:00,79.0,81.9,-2.9,open_meteo_historical_forecast
2024-08-12,NYC,15:00,2024-08-12 15:00:00,79.0,81.9,-2.9,open_meteo_historical_forecast
2024-08-13,NYC,09:00,2024-08-13 09:00:00,81.0,82.3,-1.3,open_meteo_historical_forecast
2024-08-13,NYC,11:00,2024-08-13 11:00:00,81.0,82.3,-1.3,open_meteo_historical_forecast
2024-08-13,NYC,13:00,2024-08-13 13:00:00,81.0,82.3,-1.3,open_meteo_historical_forecast
2024-08-13,NYC,15:00,2024-08-13 15:00:00,81.0,82.3,-1.3,open_meteo_historical_forecast
2024-08-14,NYC,09:00,2024-08-14 09:00:00,82.8,86.8,-4.0,open_meteo_historical_forecast
2024-08-14,NYC,11:00,2024-08-14 11:00:00,82.8,86.8,-4.0,open_meteo_historical_forecast
2024-08-14,NYC,13:00,2024-08-14 13:00:00,82.8,86.8,-4.0,open_meteo_historical_forecast
2024-08-14,NYC,15:00,2024-08-14 15:00:00,82.8,86.8,-4.0,open_meteo_historical_forecast
2024-08-15,NYC,09:00,2024-08-15 09:00:00,85.9,88.2,-2.3,open_meteo_historical_forecast
2024-08-15,NYC,11:00,2024-08-15 11:00:00,85.9,88.2,-2.3,open_meteo_historical_forecast
2024-08-15,NYC,13:00,2024-08-15 13:00:00,85.9,88.2,-2.3,open_meteo_historical_forecast
2024-08-15,NYC,15:00,2024-08-15 15:00:00,85.9,88.2,-2.3,open_meteo_historical_forecast
2024-08-16,NYC,09:00,2024-08-16 09:00:00,86.0,87.9,-1.9,open_meteo_historical_forecast
2024-08-16,NYC,11:00,2024-08-16 11:00:00,86.0,87.9,-1.9,open_meteo_historical_forecast
2024-08-16,NYC,13:00,2024-08-16 13:00:00,86.0,87.9,-1.9,open_meteo_historical_forecast
2024-08-16,NYC,15:00,2024-08-16 15:00:00,86.0,87.9,-1.9,open_meteo_historical_forecast
2024-08-17,NYC,09:00,2024-08-17 09:00:00,79.5,81.4,-1.9,open_meteo_historical_forecast
2024-08-17,NYC,11:00,2024-08-17 11:00:00,79.5,81.4,-1.9,open_meteo_historical_forecast
2024-08-17,NYC,13:00,2024-08-17 13:00:00,79.5,81.4,-1.9,open_meteo_historical_forecast
2024-08-17,NYC,15:00,2024-08-17 15:00:00,79.5,81.4,-1.9,open_meteo_historical_forecast
2024-08-18,NYC,09:00,2024-08-18 09:00:00,78.0,80.9,-2.9,open_meteo_historical_forecast
2024-08-18,NYC,11:00,2024-08-18 11:00:00,78.0,80.9,-2.9,open_meteo_historical_forecast
2024-08-18,NYC,13:00,2024-08-18 13:00:00,78.0,80.9,-2.9,open_meteo_historical_forecast
2024-08-18,NYC,15:00,2024-08-18 15:00:00,78.0,80.9,-2.9,open_meteo_historical_forecast
2024-08-19,NYC,09:00,2024-08-19 09:00:00,82.8,86.4,-3.6,open_meteo_historical_forecast
2024-08-19,NYC,11:00,2024-08-19 11:00:00,82.8,86.4,-3.6,open_meteo_historical_forecast
2024-08-19,NYC,13:00,2024-08-19 13:00:00,82.8,86.4,-3.6,open_meteo_historical_forecast
2024-08-19,NYC,15:00,2024-08-19 15:00:00,82.8,86.4,-3.6,open_meteo_historical_forecast
2024-08-20,NYC,09:00,2024-08-20 09:00:00,72.2,74.0,-1.8,open_meteo_historical_forecast
2024-08-20,NYC,11:00,2024-08-20 11:00:00,72.2,74.0,-1.8,open_meteo_historical_forecast
2024-08-20,NYC,13:00,2024-08-20 13:00:00,72.2,74.0,-1.8,open_meteo_historical_forecast
2024-08-20,NYC,15:00,2024-08-20 15:00:00,72.2,74.0,-1.8,open_meteo_historical_forecast
2024-08-21,NYC,09:00,2024-08-21 09:00:00,72.7,74.5,-1.8,open_meteo_historical_forecast
2024-08-21,NYC,11:00,2024-08-21 11:00:00,72.7,74.5,-1.8,open_meteo_historical_forecast
2024-08-21,NYC,13:00,2024-08-21 13:00:00,72.7,74.5,-1.8,open_meteo_historical_forecast
2024-08-21,NYC,15:00,2024-08-21 15:00:00,72.7,74.5,-1.8,open_meteo_historical_forecast
2024-08-22,NYC,09:00,2024-08-22 09:00:00,75.8,77.8,-2.0,open_meteo_historical_forecast
2024-08-22,NYC,11:00,2024-08-22 11:00:00,75.8,77.8,-2.0,open_meteo_historical_forecast
2024-08-22,NYC,13:00,2024-08-22 13:00:00,75.8,77.8,-2.0,open_meteo_historical_forecast
2024-08-22,NYC,15:00,2024-08-22 15:00:00,75.8,77.8,-2.0,open_meteo_historical_forecast
2024-08-23,NYC,09:00,2024-08-23 09:00:00,80.7,83.0,-2.3,open_meteo_historical_forecast
2024-08-23,NYC,11:00,2024-08-23 11:00:00,80.7,83.0,-2.3,open_meteo_historical_forecast
2024-08-23,NYC,13:00,2024-08-23 13:00:00,80.7,83.0,-2.3,open_meteo_historical_forecast
2024-08-23,NYC,15:00,2024-08-23 15:00:00,80.7,83.0,-2.3,open_meteo_historical_forecast
2024-08-24,NYC,09:00,2024-08-24 09:00:00,84.3,84.6,-0.3,open_meteo_historical_forecast
2024-08-24,NYC,11:00,2024-08-24 11:00:00,84.3,84.6,-0.3,open_meteo_historical_forecast
2024-08-24,NYC,13:00,2024-08-24 13:00:00,84.3,84.6,-0.3,open_meteo_historical_forecast
2024-08-24,NYC,15:00,2024-08-24 15:00:00,84.3,84.6,-0.3,open_meteo_historical_forecast
2024-08-25,NYC,09:00,2024-08-25 09:00:00,85.8,87.4,-1.6,open_meteo_historical_forecast
2024-08-25,NYC,11:00,2024-08-25 11:00:00,85.8,87.4,-1.6,open_meteo_historical_forecast
2024-08-25,NYC,13:00,2024-08-25 13:00:00,85.8,87.4,-1.6,open_meteo_historical_forecast
2024-08-25,NYC,15:00,2024-08-25 15:00:00,85.8,87.4,-1.6,open_meteo_historical_forecast
2024-08-26,NYC,09:00,2024-08-26 09:00:00,86.3,86.5,-0.2,open_meteo_historical_forecast
2024-08-26,NYC,11:00,2024-08-26 11:00:00,86.3,86.5,-0.2,open_meteo_historical_forecast
2024-08-26,NYC,13:00,2024-08-26 13:00:00,86.3,86.5,-0.2,open_meteo_historical_forecast
2024-08-26,NYC,15:00,2024-08-26 15:00:00,86.3,86.5,-0.2,open_meteo_historical_forecast
2024-08-27,NYC,09:00,2024-08-27 09:00:00,86.4,87.3,-0.9,open_meteo_historical_forecast
2024-08-27,NYC,11:00,2024-08-27 11:00:00,86.4,87.3,-0.9,open_meteo_historical_forecast
2024-08-27,NYC,13:00,2024-08-27 13:00:00,86.4,87.3,-0.9,open_meteo_historical_forecast
2024-08-27,NYC,15:00,2024-08-27 15:00:00,86.4,87.3,-0.9,open_meteo_historical_forecast
2024-08-28,NYC,09:00,2024-08-28 09:00:00,92.0,93.4,-1.4,open_meteo_historical_forecast
2024-08-28,NYC,11:00,2024-08-28 11:00:00,92.0,93.4,-1.4,open_meteo_historical_forecast
2024-08-28,NYC,13:00,2024-08-28 13:00:00,92.0,93.4,-1.4,open_meteo_historical_forecast
2024-08-28,NYC,15:00,2024-08-28 15:00:00,92.0,93.4,-1.4,open_meteo_historical_forecast
2024-08-29,NYC,09:00,2024-08-29 09:00:00,78.5,82.8,-4.3,open_meteo_historical_forecast
2024-08-29,NYC,11:00,2024-08-29 11:00:00,78.5,82.8,-4.3,open_meteo_historical_forecast
2024-08-29,NYC,13:00,2024-08-29 13:00:00,78.5,82.8,-4.3,open_meteo_historical_forecast
2024-08-29,NYC,15:00,2024-08-29 15:00:00,78.5,82.8,-4.3,open_meteo_historical_forecast
2024-08-30,NYC,09:00,2024-08-30 09:00:00,75.7,73.7,2.0,open_meteo_historical_forecast
2024-08-30,NYC,11:00,2024-08-30 11:00:00,75.7,73.7,2.0,open_meteo_historical_forecast
2024-08-30,NYC,13:00,2024-08-30 13:00:00,75.7,73.7,2.0,open_meteo_historical_forecast
2024-08-30,NYC,15:00,2024-08-30 15:00:00,75.7,73.7,2.0,open_meteo_historical_forecast
2024-08-31,NYC,09:00,2024-08-31 09:00:00,77.8,78.8,-1.0,open_meteo_historical_forecast
2024-08-31,NYC,11:00,2024-08-31 11:00:00,77.8,78.8,-1.0,open_meteo_historical_forecast
2024-08-31,NYC,13:00,2024-08-31 13:00:00,77.8,78.8,-1.0,open_meteo_historical_forecast
2024-08-31,NYC,15:00,2024-08-31 15:00:00,77.8,78.8,-1.0,open_meteo_historical_forecast
2024-09-01,NYC,09:00,2024-09-01 09:00:00,83.4,82.2,1.2,open_meteo_historical_forecast
2024-09-01,NYC,11:00,2024-09-01 11:00:00,83.4,82.2,1.2,open_meteo_historical_forecast
2024-09-01,NYC,13:00,2024-09-01 13:00:00,83.4,82.2,1.2,open_meteo_historical_forecast
2024-09-01,NYC,15:00,2024-09-01 15:00:00,83.4,82.2,1.2,open_meteo_historical_forecast
2024-09-02,NYC,09:00,2024-09-02 09:00:00,78.3,80.1,-1.8,open_meteo_historical_forecast
2024-09-02,NYC,11:00,2024-09-02 11:00:00,78.3,80.1,-1.8,open_meteo_historical_forecast
2024-09-02,NYC,13:00,2024-09-02 13:00:00,78.3,80.1,-1.8,open_meteo_historical_forecast
2024-09-02,NYC,15:00,2024-09-02 15:00:00,78.3,80.1,-1.8,open_meteo_historical_forecast
2024-09-03,NYC,09:00,2024-09-03 09:00:00,72.7,75.1,-2.4,open_meteo_historical_forecast
2024-09-03,NYC,11:00,2024-09-03 11:00:00,72.7,75.1,-2.4,open_meteo_historical_forecast
2024-09-03,NYC,13:00,2024-09-03 13:00:00,72.7,75.1,-2.4,open_meteo_historical_forecast
2024-09-03,NYC,15:00,2024-09-03 15:00:00,72.7,75.1,-2.4,open_meteo_historical_forecast
2024-09-04,NYC,09:00,2024-09-04 09:00:00,77.0,78.7,-1.7,open_meteo_historical_forecast
2024-09-04,NYC,11:00,2024-09-04 11:00:00,77.0,78.7,-1.7,open_meteo_historical_forecast
2024-09-04,NYC,13:00,2024-09-04 13:00:00,77.0,78.7,-1.7,open_meteo_historical_forecast
2024-09-04,NYC,15:00,2024-09-04 15:00:00,77.0,78.7,-1.7,open_meteo_historical_forecast
2024-09-05,NYC,09:00,2024-09-05 09:00:00,77.4,76.0,1.4,open_meteo_historical_forecast
2024-09-05,NYC,11:00,2024-09-05 11:00:00,77.4,76.0,1.4,open_meteo_historical_forecast
2024-09-05,NYC,13:00,2024-09-05 13:00:00,77.4,76.0,1.4,open_meteo_historical_forecast
2024-09-05,NYC,15:00,2024-09-05 15:00:00,77.4,76.0,1.4,open_meteo_historical_forecast
2024-09-06,NYC,09:00,2024-09-06 09:00:00,79.7,77.3,2.4,open_meteo_historical_forecast
2024-09-06,NYC,11:00,2024-09-06 11:00:00,79.7,77.3,2.4,open_meteo_historical_forecast
2024-09-06,NYC,13:00,2024-09-06 13:00:00,79.7,77.3,2.4,open_meteo_historical_forecast
2024-09-06,NYC,15:00,2024-09-06 15:00:00,79.7,77.3,2.4,open_meteo_historical_forecast
2024-09-07,NYC,09:00,2024-09-07 09:00:00,75.3,76.5,-1.2,open_meteo_historical_forecast
2024-09-07,NYC,11:00,2024-09-07 11:00:00,75.3,76.5,-1.2,open_meteo_historical_forecast
2024-09-07,NYC,13:00,2024-09-07 13:00:00,75.3,76.5,-1.2,open_meteo_historical_forecast
2024-09-07,NYC,15:00,2024-09-07 15:00:00,75.3,76.5,-1.2,open_meteo_historical_forecast
2024-09-08,NYC,09:00,2024-09-08 09:00:00,71.0,71.3,-0.3,open_meteo_historical_forecast
2024-09-08,NYC,11:00,2024-09-08 11:00:00,71.0,71.3,-0.3,open_meteo_historical_forecast
2024-09-08,NYC,13:00,2024-09-08 13:00:00,71.0,71.3,-0.3,open_meteo_historical_forecast
2024-09-08,NYC,15:00,2024-09-08 15:00:00,71.0,71.3,-0.3,open_meteo_historical_forecast
2024-09-09,NYC,09:00,2024-09-09 09:00:00,76.0,77.1,-1.1,open_meteo_historical_forecast
2024-09-09,NYC,11:00,2024-09-09 11:00:00,76.0,77.1,-1.1,open_meteo_historical_forecast
2024-09-09,NYC,13:00,2024-09-09 13:00:00,76.0,77.1,-1.1,open_meteo_historical_forecast
2024-09-09,NYC,15:00,2024-09-09 15:00:00,76.0,77.1,-1.1,open_meteo_historical_forecast
2024-09-10,NYC,09:00,2024-09-10 09:00:00,78.1,79.4,-1.3,open_meteo_historical_forecast
2024-09-10,NYC,11:00,2024-09-10 11:00:00,78.1,79.4,-1.3,open_meteo_historical_forecast
2024-09-10,NYC,13:00,2024-09-10 13:00:00,78.1,79.4,-1.3,open_meteo_historical_forecast
2024-09-10,NYC,15:00,2024-09-10 15:00:00,78.1,79.4,-1.3,open_meteo_historical_forecast
2024-09-11,NYC,09:00,2024-09-11 09:00:00,77.6,80.0,-2.4,open_meteo_historical_forecast
2024-09-11,NYC,11:00,2024-09-11 11:00:00,77.6,80.0,-2.4,open_meteo_historical_forecast
2024-09-11,NYC,13:00,2024-09-11 13:00:00,77.6,80.0,-2.4,open_meteo_historical_forecast
2024-09-11,NYC,15:00,2024-09-11 15:00:00,77.6,80.0,-2.4,open_meteo_historical_forecast
2024-09-12,NYC,09:00,2024-09-12 09:00:00,79.0,82.5,-3.5,open_meteo_historical_forecast
2024-09-12,NYC,11:00,2024-09-12 11:00:00,79.0,82.5,-3.5,open_meteo_historical_forecast
2024-09-12,NYC,13:00,2024-09-12 13:00:00,79.0,82.5,-3.5,open_meteo_historical_forecast
2024-09-12,NYC,15:00,2024-09-12 15:00:00,79.0,82.5,-3.5,open_meteo_historical_forecast
2024-09-13,NYC,09:00,2024-09-13 09:00:00,81.3,82.3,-1.0,open_meteo_historical_forecast
2024-09-13,NYC,11:00,2024-09-13 11:00:00,81.3,82.3,-1.0,open_meteo_historical_forecast
2024-09-13,NYC,13:00,2024-09-13 13:00:00,81.3,82.3,-1.0,open_meteo_historical_forecast
2024-09-13,NYC,15:00,2024-09-13 15:00:00,81.3,82.3,-1.0,open_meteo_historical_forecast
2024-09-14,NYC,09:00,2024-09-14 09:00:00,83.8,83.2,0.6,open_meteo_historical_forecast
2024-09-14,NYC,11:00,2024-09-14 11:00:00,83.8,83.2,0.6,open_meteo_historical_forecast
2024-09-14,NYC,13:00,2024-09-14 13:00:00,83.8,83.2,0.6,open_meteo_historical_forecast
2024-09-14,NYC,15:00,2024-09-14 15:00:00,83.8,83.2,0.6,open_meteo_historical_forecast
2024-09-15,NYC,09:00,2024-09-15 09:00:00,81.6,80.1,1.5,open_meteo_historical_forecast
2024-09-15,NYC,11:00,2024-09-15 11:00:00,81.6,80.1,1.5,open_meteo_historical_forecast
2024-09-15,NYC,13:00,2024-09-15 13:00:00,81.6,80.1,1.5,open_meteo_historical_forecast
2024-09-15,NYC,15:00,2024-09-15 15:00:00,81.6,80.1,1.5,open_meteo_historical_forecast
2024-09-16,NYC,09:00,2024-09-16 09:00:00,77.6,77.6,0.0,open_meteo_historical_forecast
2024-09-16,NYC,11:00,2024-09-16 11:00:00,77.6,77.6,0.0,open_meteo_historical_forecast
2024-09-16,NYC,13:00,2024-09-16 13:00:00,77.6,77.6,0.0,open_meteo_historical_forecast
2024-09-16,NYC,15:00,2024-09-16 15:00:00,77.6,77.6,0.0,open_meteo_historical_forecast
2024-09-17,NYC,09:00,2024-09-17 09:00:00,80.3,78.1,2.2,open_meteo_historical_forecast
2024-09-17,NYC,11:00,2024-09-17 11:00:00,80.3,78.1,2.2,open_meteo_historical_forecast
2024-09-17,NYC,13:00,2024-09-17 13:00:00,80.3,78.1,2.2,open_meteo_historical_forecast
2024-09-17,NYC,15:00,2024-09-17 15:00:00,80.3,78.1,2.2,open_meteo_historical_forecast
2024-09-18,NYC,09:00,2024-09-18 09:00:00,74.3,75.2,-0.9,open_meteo_historical_forecast
2024-09-18,NYC,11:00,2024-09-18 11:00:00,74.3,75.2,-0.9,open_meteo_historical_forecast
2024-09-18,NYC,13:00,2024-09-18 13:00:00,74.3,75.2,-0.9,open_meteo_historical_forecast
2024-09-18,NYC,15:00,2024-09-18 15:00:00,74.3,75.2,-0.9,open_meteo_historical_forecast
2024-09-19,NYC,09:00,2024-09-19 09:00:00,84.7,84.6,0.1,open_meteo_historical_forecast
2024-09-19,NYC,11:00,2024-09-19 11:00:00,84.7,84.6,0.1,open_meteo_historical_forecast
2024-09-19,NYC,13:00,2024-09-19 13:00:00,84.7,84.6,0.1,open_meteo_historical_forecast
2024-09-19,NYC,15:00,2024-09-19 15:00:00,84.7,84.6,0.1,open_meteo_historical_forecast
2024-09-20,NYC,09:00,2024-09-20 09:00:00,81.1,79.9,1.2,open_meteo_historical_forecast
2024-09-20,NYC,11:00,2024-09-20 11:00:00,81.1,79.9,1.2,open_meteo_historical_forecast
2024-09-20,NYC,13:00,2024-09-20 13:00:00,81.1,79.9,1.2,open_meteo_historical_forecast
2024-09-20,NYC,15:00,2024-09-20 15:00:00,81.1,79.9,1.2,open_meteo_historical_forecast
2024-09-21,NYC,09:00,2024-09-21 09:00:00,79.5,77.3,2.2,open_meteo_historical_forecast
2024-09-21,NYC,11:00,2024-09-21 11:00:00,79.5,77.3,2.2,open_meteo_historical_forecast
2024-09-21,NYC,13:00,2024-09-21 13:00:00,79.5,77.3,2.2,open_meteo_historical_forecast
2024-09-21,NYC,15:00,2024-09-21 15:00:00,79.5,77.3,2.2,open_meteo_historical_forecast
2024-09-22,NYC,09:00,2024-09-22 09:00:00,76.2,73.8,2.4,open_meteo_historical_forecast
2024-09-22,NYC,11:00,2024-09-22 11:00:00,76.2,73.8,2.4,open_meteo_historical_forecast
2024-09-22,NYC,13:00,2024-09-22 13:00:00,76.2,73.8,2.4,open_meteo_historical_forecast
2024-09-22,NYC,15:00,2024-09-22 15:00:00,76.2,73.8,2.4,open_meteo_historical_forecast
2024-09-23,NYC,09:00,2024-09-23 09:00:00,68.7,66.1,2.6,open_meteo_historical_forecast
2024-09-23,NYC,11:00,2024-09-23 11:00:00,68.7,66.1,2.6,open_meteo_historical_forecast
2024-09-23,NYC,13:00,2024-09-23 13:00:00,68.7,66.1,2.6,open_meteo_historical_forecast
2024-09-23,NYC,15:00,2024-09-23 15:00:00,68.7,66.1,2.6,open_meteo_historical_forecast
2024-09-24,NYC,09:00,2024-09-24 09:00:00,67.3,67.1,0.2,open_meteo_historical_forecast
2024-09-24,NYC,11:00,2024-09-24 11:00:00,67.3,67.1,0.2,open_meteo_historical_forecast
2024-09-24,NYC,13:00,2024-09-24 13:00:00,67.3,67.1,0.2,open_meteo_historical_forecast
2024-09-24,NYC,15:00,2024-09-24 15:00:00,67.3,67.1,0.2,open_meteo_historical_forecast
2024-09-25,NYC,09:00,2024-09-25 09:00:00,68.8,67.3,1.5,open_meteo_historical_forecast
2024-09-25,NYC,11:00,2024-09-25 11:00:00,68.8,67.3,1.5,open_meteo_historical_forecast
2024-09-25,NYC,13:00,2024-09-25 13:00:00,68.8,67.3,1.5,open_meteo_historical_forecast
2024-09-25,NYC,15:00,2024-09-25 15:00:00,68.8,67.3,1.5,open_meteo_historical_forecast
2024-09-26,NYC,09:00,2024-09-26 09:00:00,73.8,74.7,-0.9,open_meteo_historical_forecast
2024-09-26,NYC,11:00,2024-09-26 11:00:00,73.8,74.7,-0.9,open_meteo_historical_forecast
2024-09-26,NYC,13:00,2024-09-26 13:00:00,73.8,74.7,-0.9,open_meteo_historical_forecast
2024-09-26,NYC,15:00,2024-09-26 15:00:00,73.8,74.7,-0.9,open_meteo_historical_forecast
2024-09-27,NYC,09:00,2024-09-27 09:00:00,71.8,74.8,-3.0,open_meteo_historical_forecast
2024-09-27,NYC,11:00,2024-09-27 11:00:00,71.8,74.8,-3.0,open_meteo_historical_forecast
2024-09-27,NYC,13:00,2024-09-27 13:00:00,71.8,74.8,-3.0,open_meteo_historical_forecast
2024-09-27,NYC,15:00,2024-09-27 15:00:00,71.8,74.8,-3.0,open_meteo_historical_forecast
2024-09-28,NYC,09:00,2024-09-28 09:00:00,67.9,68.2,-0.3,open_meteo_historical_forecast
2024-09-28,NYC,11:00,2024-09-28 11:00:00,67.9,68.2,-0.3,open_meteo_historical_forecast
2024-09-28,NYC,13:00,2024-09-28 13:00:00,67.9,68.2,-0.3,open_meteo_historical_forecast
2024-09-28,NYC,15:00,2024-09-28 15:00:00,67.9,68.2,-0.3,open_meteo_historical_forecast
2024-09-29,NYC,09:00,2024-09-29 09:00:00,64.6,62.2,2.4,open_meteo_historical_forecast
2024-09-29,NYC,11:00,2024-09-29 11:00:00,64.6,62.2,2.4,open_meteo_historical_forecast
2024-09-29,NYC,13:00,2024-09-29 13:00:00,64.6,62.2,2.4,open_meteo_historical_forecast
2024-09-29,NYC,15:00,2024-09-29 15:00:00,64.6,62.2,2.4,open_meteo_historical_forecast
2024-09-30,NYC,09:00,2024-09-30 09:00:00,71.9,71.7,0.2,open_meteo_historical_forecast
2024-09-30,NYC,11:00,2024-09-30 11:00:00,71.9,71.7,0.2,open_meteo_historical_forecast
2024-09-30,NYC,13:00,2024-09-30 13:00:00,71.9,71.7,0.2,open_meteo_historical_forecast
2024-09-30,NYC,15:00,2024-09-30 15:00:00,71.9,71.7,0.2,open_meteo_historical_forecast
2024-10-01,NYC,09:00,2024-10-01 09:00:00,70.2,68.1,2.1,open_meteo_historical_forecast
2024-10-01,NYC,11:00,2024-10-01 11:00:00,70.2,68.1,2.1,open_meteo_historical_forecast
2024-10-01,NYC,13:00,2024-10-01 13:00:00,70.2,68.1,2.1,open_meteo_historical_forecast
2024-10-01,NYC,15:00,2024-10-01 15:00:00,70.2,68.1,2.1,open_meteo_historical_forecast
2024-10-02,NYC,09:00,2024-10-02 09:00:00,69.0,68.2,0.8,open_meteo_historical_forecast
2024-10-02,NYC,11:00,2024-10-02 11:00:00,69.0,68.2,0.8,open_meteo_historical_forecast
2024-10-02,NYC,13:00,2024-10-02 13:00:00,69.0,68.2,0.8,open_meteo_historical_forecast
2024-10-02,NYC,15:00,2024-10-02 15:00:00,69.0,68.2,0.8,open_meteo_historical_forecast
2024-10-03,NYC,09:00,2024-10-03 09:00:00,72.2,73.0,-0.8,open_meteo_historical_forecast
2024-10-03,NYC,11:00,2024-10-03 11:00:00,72.2,73.0,-0.8,open_meteo_historical_forecast
2024-10-03,NYC,13:00,2024-10-03 13:00:00,72.2,73.0,-0.8,open_meteo_historical_forecast
2024-10-03,NYC,15:00,2024-10-03 15:00:00,72.2,73.0,-0.8,open_meteo_historical_forecast
2024-10-04,NYC,09:00,2024-10-04 09:00:00,74.4,74.2,0.2,open_meteo_historical_forecast
2024-10-04,NYC,11:00,2024-10-04 11:00:00,74.4,74.2,0.2,open_meteo_historical_forecast
2024-10-04,NYC,13:00,2024-10-04 13:00:00,74.4,74.2,0.2,open_meteo_historical_forecast
2024-10-04,NYC,15:00,2024-10-04 15:00:00,74.4,74.2,0.2,open_meteo_historical_forecast
2024-10-05,NYC,09:00,2024-10-05 09:00:00,74.6,75.6,-1.0,open_meteo_historical_forecast
2024-10-05,NYC,11:00,2024-10-05 11:00:00,74.6,75.6,-1.0,open_meteo_historical_forecast
2024-10-05,NYC,13:00,2024-10-05 13:00:00,74.6,75.6,-1.0,open_meteo_historical_forecast
2024-10-05,NYC,15:00,2024-10-05 15:00:00,74.6,75.6,-1.0,open_meteo_historical_forecast
2024-10-06,NYC,09:00,2024-10-06 09:00:00,71.6,72.4,-0.8,open_meteo_historical_forecast
2024-10-06,NYC,11:00,2024-10-06 11:00:00,71.6,72.4,-0.8,open_meteo_historical_forecast
2024-10-06,NYC,13:00,2024-10-06 13:00:00,71.6,72.4,-0.8,open_meteo_historical_forecast
2024-10-06,NYC,15:00,2024-10-06 15:00:00,71.6,72.4,-0.8,open_meteo_historical_forecast
2024-10-07,NYC,09:00,2024-10-07 09:00:00,73.7,76.0,-2.3,open_meteo_historical_forecast
2024-10-07,NYC,11:00,2024-10-07 11:00:00,73.7,76.0,-2.3,open_meteo_historical_forecast
2024-10-07,NYC,13:00,2024-10-07 13:00:00,73.7,76.0,-2.3,open_meteo_historical_forecast
2024-10-07,NYC,15:00,2024-10-07 15:00:00,73.7,76.0,-2.3,open_meteo_historical_forecast
2024-10-08,NYC,09:00,2024-10-08 09:00:00,68.7,68.8,-0.1,open_meteo_historical_forecast
2024-10-08,NYC,11:00,2024-10-08 11:00:00,68.7,68.8,-0.1,open_meteo_historical_forecast
2024-10-08,NYC,13:00,2024-10-08 13:00:00,68.7,68.8,-0.1,open_meteo_historical_forecast
2024-10-08,NYC,15:00,2024-10-08 15:00:00,68.7,68.8,-0.1,open_meteo_historical_forecast
2024-10-09,NYC,09:00,2024-10-09 09:00:00,66.8,68.8,-2.0,open_meteo_historical_forecast
2024-10-09,NYC,11:00,2024-10-09 11:00:00,66.8,68.8,-2.0,open_meteo_historical_forecast
2024-10-09,NYC,13:00,2024-10-09 13:00:00,66.8,68.8,-2.0,open_meteo_historical_forecast
2024-10-09,NYC,15:00,2024-10-09 15:00:00,66.8,68.8,-2.0,open_meteo_historical_forecast
2024-10-10,NYC,09:00,2024-10-10 09:00:00,64.0,62.7,1.3,open_meteo_historical_forecast
2024-10-10,NYC,11:00,2024-10-10 11:00:00,64.0,62.7,1.3,open_meteo_historical_forecast
2024-10-10,NYC,13:00,2024-10-10 13:00:00,64.0,62.7,1.3,open_meteo_historical_forecast
2024-10-10,NYC,15:00,2024-10-10 15:00:00,64.0,62.7,1.3,open_meteo_historical_forecast
2024-10-11,NYC,09:00,2024-10-11 09:00:00,69.3,69.8,-0.5,open_meteo_historical_forecast
2024-10-11,NYC,11:00,2024-10-11 11:00:00,69.3,69.8,-0.5,open_meteo_historical_forecast
2024-10-11,NYC,13:00,2024-10-11 13:00:00,69.3,69.8,-0.5,open_meteo_historical_forecast
2024-10-11,NYC,15:00,2024-10-11 15:00:00,69.3,69.8,-0.5,open_meteo_historical_forecast
2024-10-12,NYC,09:00,2024-10-12 09:00:00,72.6,75.1,-2.5,open_meteo_historical_forecast
2024-10-12,NYC,11:00,2024-10-12 11:00:00,72.6,75.1,-2.5,open_meteo_historical_forecast
2024-10-12,NYC,13:00,2024-10-12 13:00:00,72.6,75.1,-2.5,open_meteo_historical_forecast
2024-10-12,NYC,15:00,2024-10-12 15:00:00,72.6,75.1,-2.5,open_meteo_historical_forecast
2024-10-13,NYC,09:00,2024-10-13 09:00:00,73.4,69.9,3.5,open_meteo_historical_forecast
2024-10-13,NYC,11:00,2024-10-13 11:00:00,73.4,69.9,3.5,open_meteo_historical_forecast
2024-10-13,NYC,13:00,2024-10-13 13:00:00,73.4,69.9,3.5,open_meteo_historical_forecast
2024-10-13,NYC,15:00,2024-10-13 15:00:00,73.4,69.9,3.5,open_meteo_historical_forecast
2024-10-14,NYC,09:00,2024-10-14 09:00:00,66.0,66.9,-0.9,open_meteo_historical_forecast
2024-10-14,NYC,11:00,2024-10-14 11:00:00,66.0,66.9,-0.9,open_meteo_historical_forecast
2024-10-14,NYC,13:00,2024-10-14 13:00:00,66.0,66.9,-0.9,open_meteo_historical_forecast
2024-10-14,NYC,15:00,2024-10-14 15:00:00,66.0,66.9,-0.9,open_meteo_historical_forecast
2024-10-15,NYC,09:00,2024-10-15 09:00:00,57.8,57.5,0.3,open_meteo_historical_forecast
2024-10-15,NYC,11:00,2024-10-15 11:00:00,57.8,57.5,0.3,open_meteo_historical_forecast
2024-10-15,NYC,13:00,2024-10-15 13:00:00,57.8,57.5,0.3,open_meteo_historical_forecast
2024-10-15,NYC,15:00,2024-10-15 15:00:00,57.8,57.5,0.3,open_meteo_historical_forecast
2024-10-16,NYC,09:00,2024-10-16 09:00:00,59.3,58.9,0.4,open_meteo_historical_forecast
2024-10-16,NYC,11:00,2024-10-16 11:00:00,59.3,58.9,0.4,open_meteo_historical_forecast
2024-10-16,NYC,13:00,2024-10-16 13:00:00,59.3,58.9,0.4,open_meteo_historical_forecast
2024-10-16,NYC,15:00,2024-10-16 15:00:00,59.3,58.9,0.4,open_meteo_historical_forecast
2024-10-17,NYC,09:00,2024-10-17 09:00:00,58.6,60.0,-1.4,open_meteo_historical_forecast
2024-10-17,NYC,11:00,2024-10-17 11:00:00,58.6,60.0,-1.4,open_meteo_historical_forecast
2024-10-17,NYC,13:00,2024-10-17 13:00:00,58.6,60.0,-1.4,open_meteo_historical_forecast
2024-10-17,NYC,15:00,2024-10-17 15:00:00,58.6,60.0,-1.4,open_meteo_historical_forecast
2024-10-18,NYC,09:00,2024-10-18 09:00:00,66.2,67.5,-1.3,open_meteo_historical_forecast
2024-10-18,NYC,11:00,2024-10-18 11:00:00,66.2,67.5,-1.3,open_meteo_historical_forecast
2024-10-18,NYC,13:00,2024-10-18 13:00:00,66.2,67.5,-1.3,open_meteo_historical_forecast
2024-10-18,NYC,15:00,2024-10-18 15:00:00,66.2,67.5,-1.3,open_meteo_historical_forecast
2024-10-19,NYC,09:00,2024-10-19 09:00:00,70.3,72.5,-2.2,open_meteo_historical_forecast
2024-10-19,NYC,11:00,2024-10-19 11:00:00,70.3,72.5,-2.2,open_meteo_historical_forecast
2024-10-19,NYC,13:00,2024-10-19 13:00:00,70.3,72.5,-2.2,open_meteo_historical_forecast
2024-10-19,NYC,15:00,2024-10-19 15:00:00,70.3,72.5,-2.2,open_meteo_historical_forecast
2024-10-20,NYC,09:00,2024-10-20 09:00:00,74.8,75.3,-0.5,open_meteo_historical_forecast
2024-10-20,NYC,11:00,2024-10-20 11:00:00,74.8,75.3,-0.5,open_meteo_historical_forecast
2024-10-20,NYC,13:00,2024-10-20 13:00:00,74.8,75.3,-0.5,open_meteo_historical_forecast
2024-10-20,NYC,15:00,2024-10-20 15:00:00,74.8,75.3,-0.5,open_meteo_historical_forecast
2024-10-21,NYC,09:00,2024-10-21 09:00:00,80.8,80.9,-0.1,open_meteo_historical_forecast
2024-10-21,NYC,11:00,2024-10-21 11:00:00,80.8,80.9,-0.1,open_meteo_historical_forecast
2024-10-21,NYC,13:00,2024-10-21 13:00:00,80.8,80.9,-0.1,open_meteo_historical_forecast
2024-10-21,NYC,15:00,2024-10-21 15:00:00,80.8,80.9,-0.1,open_meteo_historical_forecast
2024-10-22,NYC,09:00,2024-10-22 09:00:00,81.1,82.2,-1.1,open_meteo_historical_forecast
2024-10-22,NYC,11:00,2024-10-22 11:00:00,81.1,82.2,-1.1,open_meteo_historical_forecast
2024-10-22,NYC,13:00,2024-10-22 13:00:00,81.1,82.2,-1.1,open_meteo_historical_forecast
2024-10-22,NYC,15:00,2024-10-22 15:00:00,81.1,82.2,-1.1,open_meteo_historical_forecast
2024-10-23,NYC,09:00,2024-10-23 09:00:00,76.7,75.8,0.9,open_meteo_historical_forecast
2024-10-23,NYC,11:00,2024-10-23 11:00:00,76.7,75.8,0.9,open_meteo_historical_forecast
2024-10-23,NYC,13:00,2024-10-23 13:00:00,76.7,75.8,0.9,open_meteo_historical_forecast
2024-10-23,NYC,15:00,2024-10-23 15:00:00,76.7,75.8,0.9,open_meteo_historical_forecast
2024-10-24,NYC,09:00,2024-10-24 09:00:00,68.4,69.8,-1.4,open_meteo_historical_forecast
2024-10-24,NYC,11:00,2024-10-24 11:00:00,68.4,69.8,-1.4,open_meteo_historical_forecast
2024-10-24,NYC,13:00,2024-10-24 13:00:00,68.4,69.8,-1.4,open_meteo_historical_forecast
2024-10-24,NYC,15:00,2024-10-24 15:00:00,68.4,69.8,-1.4,open_meteo_historical_forecast
2024-10-25,NYC,09:00,2024-10-25 09:00:00,64.2,63.9,0.3,open_meteo_historical_forecast
2024-10-25,NYC,11:00,2024-10-25 11:00:00,64.2,63.9,0.3,open_meteo_historical_forecast
2024-10-25,NYC,13:00,2024-10-25 13:00:00,64.2,63.9,0.3,open_meteo_historical_forecast
2024-10-25,NYC,15:00,2024-10-25 15:00:00,64.2,63.9,0.3,open_meteo_historical_forecast
2024-10-26,NYC,09:00,2024-10-26 09:00:00,63.9,65.2,-1.3,open_meteo_historical_forecast
2024-10-26,NYC,11:00,2024-10-26 11:00:00,63.9,65.2,-1.3,open_meteo_historical_forecast
2024-10-26,NYC,13:00,2024-10-26 13:00:00,63.9,65.2,-1.3,open_meteo_historical_forecast
2024-10-26,NYC,15:00,2024-10-26 15:00:00,63.9,65.2,-1.3,open_meteo_historical_forecast
2024-10-27,NYC,09:00,2024-10-27 09:00:00,57.9,58.8,-0.9,open_meteo_historical_forecast
2024-10-27,NYC,11:00,2024-10-27 11:00:00,57.9,58.8,-0.9,open_meteo_historical_forecast
2024-10-27,NYC,13:00,2024-10-27 13:00:00,57.9,58.8,-0.9,open_meteo_historical_forecast
2024-10-27,NYC,15:00,2024-10-27 15:00:00,57.9,58.8,-0.9,open_meteo_historical_forecast
2024-10-28,NYC,09:00,2024-10-28 09:00:00,61.0,62.3,-1.3,open_meteo_historical_forecast
2024-10-28,NYC,11:00,2024-10-28 11:00:00,61.0,62.3,-1.3,open_meteo_historical_forecast
2024-10-28,NYC,13:00,2024-10-28 13:00:00,61.0,62.3,-1.3,open_meteo_historical_forecast
2024-10-28,NYC,15:00,2024-10-28 15:00:00,61.0,62.3,-1.3,open_meteo_historical_forecast
2024-10-29,NYC,09:00,2024-10-29 09:00:00,63.2,64.1,-0.9,open_meteo_historical_forecast
2024-10-29,NYC,11:00,2024-10-29 11:00:00,63.2,64.1,-0.9,open_meteo_historical_forecast
2024-10-29,NYC,13:00,2024-10-29 13:00:00,63.2,64.1,-0.9,open_meteo_historical_forecast
2024-10-29,NYC,15:00,2024-10-29 15:00:00,63.2,64.1,-0.9,open_meteo_historical_forecast
2024-10-30,NYC,09:00,2024-10-30 09:00:00,78.3,77.8,0.5,open_meteo_historical_forecast
2024-10-30,NYC,11:00,2024-10-30 11:00:00,78.3,77.8,0.5,open_meteo_historical_forecast
2024-10-30,NYC,13:00,2024-10-30 13:00:00,78.3,77.8,0.5,open_meteo_historical_forecast
2024-10-30,NYC,15:00,2024-10-30 15:00:00,78.3,77.8,0.5,open_meteo_historical_forecast
2024-10-31,NYC,09:00,2024-10-31 09:00:00,81.7,82.3,-0.6,open_meteo_historical_forecast
2024-10-31,NYC,11:00,2024-10-31 11:00:00,81.7,82.3,-0.6,open_meteo_historical_forecast
2024-10-31,NYC,13:00,2024-10-31 13:00:00,81.7,82.3,-0.6,open_meteo_historical_forecast
2024-10-31,NYC,15:00,2024-10-31 15:00:00,81.7,82.3,-0.6,open_meteo_historical_forecast
2024-11-01,NYC,09:00,2024-11-01 09:00:00,78.6,80.1,-1.5,open_meteo_historical_forecast
2024-11-01,NYC,11:00,2024-11-01 11:00:00,78.6,80.1,-1.5,open_meteo_historical_forecast
2024-11-01,NYC,13:00,2024-11-01 13:00:00,78.6,80.1,-1.5,open_meteo_historical_forecast
2024-11-01,NYC,15:00,2024-11-01 15:00:00,78.6,80.1,-1.5,open_meteo_historical_forecast
2024-11-02,NYC,09:00,2024-11-02 09:00:00,60.3,60.7,-0.4,open_meteo_historical_forecast
2024-11-02,NYC,11:00,2024-11-02 11:00:00,60.3,60.7,-0.4,open_meteo_historical_forecast
2024-11-02,NYC,13:00,2024-11-02 13:00:00,60.3,60.7,-0.4,open_meteo_historical_forecast
2024-11-02,NYC,15:00,2024-11-02 15:00:00,60.3,60.7,-0.4,open_meteo_historical_forecast
2024-11-03,NYC,09:00,2024-11-03 09:00:00,55.3,55.2,0.1,open_meteo_historical_forecast
2024-11-03,NYC,11:00,2024-11-03 11:00:00,55.3,55.2,0.1,open_meteo_historical_forecast
2024-11-03,NYC,13:00,2024-11-03 13:00:00,55.3,55.2,0.1,open_meteo_historical_forecast
2024-11-03,NYC,15:00,2024-11-03 15:00:00,55.3,55.2,0.1,open_meteo_historical_forecast
2024-11-04,NYC,09:00,2024-11-04 09:00:00,57.6,57.5,0.1,open_meteo_historical_forecast
2024-11-04,NYC,11:00,2024-11-04 11:00:00,57.6,57.5,0.1,open_meteo_historical_forecast
2024-11-04,NYC,13:00,2024-11-04 13:00:00,57.6,57.5,0.1,open_meteo_historical_forecast
2024-11-04,NYC,15:00,2024-11-04 15:00:00,57.6,57.5,0.1,open_meteo_historical_forecast
2024-11-05,NYC,09:00,2024-11-05 09:00:00,72.2,73.5,-1.3,open_meteo_historical_forecast
2024-11-05,NYC,11:00,2024-11-05 11:00:00,72.2,73.5,-1.3,open_meteo_historical_forecast
2024-11-05,NYC,13:00,2024-11-05 13:00:00,72.2,73.5,-1.3,open_meteo_historical_forecast
2024-11-05,NYC,15:00,2024-11-05 15:00:00,72.2,73.5,-1.3,open_meteo_historical_forecast
2024-11-06,NYC,09:00,2024-11-06 09:00:00,79.9,80.1,-0.2,open_meteo_historical_forecast
2024-11-06,NYC,11:00,2024-11-06 11:00:00,79.9,80.1,-0.2,open_meteo_historical_forecast
2024-11-06,NYC,13:00,2024-11-06 13:00:00,79.9,80.1,-0.2,open_meteo_historical_forecast
2024-11-06,NYC,15:00,2024-11-06 15:00:00,79.9,80.1,-0.2,open_meteo_historical_forecast
2024-11-07,NYC,09:00,2024-11-07 09:00:00,72.4,74.7,-2.3,open_meteo_historical_forecast
2024-11-07,NYC,11:00,2024-11-07 11:00:00,72.4,74.7,-2.3,open_meteo_historical_forecast
2024-11-07,NYC,13:00,2024-11-07 13:00:00,72.4,74.7,-2.3,open_meteo_historical_forecast
2024-11-07,NYC,15:00,2024-11-07 15:00:00,72.4,74.7,-2.3,open_meteo_historical_forecast
2024-11-08,NYC,09:00,2024-11-08 09:00:00,68.6,69.7,-1.1,open_meteo_historical_forecast
2024-11-08,NYC,11:00,2024-11-08 11:00:00,68.6,69.7,-1.1,open_meteo_historical_forecast
2024-11-08,NYC,13:00,2024-11-08 13:00:00,68.6,69.7,-1.1,open_meteo_historical_forecast
2024-11-08,NYC,15:00,2024-11-08 15:00:00,68.6,69.7,-1.1,open_meteo_historical_forecast
2024-11-09,NYC,09:00,2024-11-09 09:00:00,55.0,55.8,-0.8,open_meteo_historical_forecast
2024-11-09,NYC,11:00,2024-11-09 11:00:00,55.0,55.8,-0.8,open_meteo_historical_forecast
2024-11-09,NYC,13:00,2024-11-09 13:00:00,55.0,55.8,-0.8,open_meteo_historical_forecast
2024-11-09,NYC,15:00,2024-11-09 15:00:00,55.0,55.8,-0.8,open_meteo_historical_forecast
2024-11-10,NYC,09:00,2024-11-10 09:00:00,58.0,57.6,0.4,open_meteo_historical_forecast
2024-11-10,NYC,11:00,2024-11-10 11:00:00,58.0,57.6,0.4,open_meteo_historical_forecast
2024-11-10,NYC,13:00,2024-11-10 13:00:00,58.0,57.6,0.4,open_meteo_historical_forecast
2024-11-10,NYC,15:00,2024-11-10 15:00:00,58.0,57.6,0.4,open_meteo_historical_forecast
2024-11-11,NYC,09:00,2024-11-11 09:00:00,69.1,68.9,0.2,open_meteo_historical_forecast
2024-11-11,NYC,11:00,2024-11-11 11:00:00,69.1,68.9,0.2,open_meteo_historical_forecast
2024-11-11,NYC,13:00,2024-11-11 13:00:00,69.1,68.9,0.2,open_meteo_historical_forecast
2024-11-11,NYC,15:00,2024-11-11 15:00:00,69.1,68.9,0.2,open_meteo_historical_forecast
2024-11-12,NYC,09:00,2024-11-12 09:00:00,54.3,58.5,-4.2,open_meteo_historical_forecast
2024-11-12,NYC,11:00,2024-11-12 11:00:00,54.3,58.5,-4.2,open_meteo_historical_forecast
2024-11-12,NYC,13:00,2024-11-12 13:00:00,54.3,58.5,-4.2,open_meteo_historical_forecast
2024-11-12,NYC,15:00,2024-11-12 15:00:00,54.3,58.5,-4.2,open_meteo_historical_forecast
2024-11-13,NYC,09:00,2024-11-13 09:00:00,48.6,50.6,-2.0,open_meteo_historical_forecast
2024-11-13,NYC,11:00,2024-11-13 11:00:00,48.6,50.6,-2.0,open_meteo_historical_forecast
2024-11-13,NYC,13:00,2024-11-13 13:00:00,48.6,50.6,-2.0,open_meteo_historical_forecast
2024-11-13,NYC,15:00,2024-11-13 15:00:00,48.6,50.6,-2.0,open_meteo_historical_forecast
2024-11-14,NYC,09:00,2024-11-14 09:00:00,46.0,46.5,-0.5,open_meteo_historical_forecast
2024-11-14,NYC,11:00,2024-11-14 11:00:00,46.0,46.5,-0.5,open_meteo_historical_forecast
2024-11-14,NYC,13:00,2024-11-14 13:00:00,46.0,46.5,-0.5,open_meteo_historical_forecast
2024-11-14,NYC,15:00,2024-11-14 15:00:00,46.0,46.5,-0.5,open_meteo_historical_forecast
2024-11-15,NYC,09:00,2024-11-15 09:00:00,58.7,59.8,-1.1,open_meteo_historical_forecast
2024-11-15,NYC,11:00,2024-11-15 11:00:00,58.7,59.8,-1.1,open_meteo_historical_forecast
2024-11-15,NYC,13:00,2024-11-15 13:00:00,58.7,59.8,-1.1,open_meteo_historical_forecast
2024-11-15,NYC,15:00,2024-11-15 15:00:00,58.7,59.8,-1.1,open_meteo_historical_forecast
2024-11-16,NYC,09:00,2024-11-16 09:00:00,61.6,63.4,-1.8,open_meteo_historical_forecast
2024-11-16,NYC,11:00,2024-11-16 11:00:00,61.6,63.4,-1.8,open_meteo_historical_forecast
2024-11-16,NYC,13:00,2024-11-16 13:00:00,61.6,63.4,-1.8,open_meteo_historical_forecast
2024-11-16,NYC,15:00,2024-11-16 15:00:00,61.6,63.4,-1.8,open_meteo_historical_forecast
2024-11-17,NYC,09:00,2024-11-17 09:00:00,64.6,64.1,0.5,open_meteo_historical_forecast
2024-11-17,NYC,11:00,2024-11-17 11:00:00,64.6,64.1,0.5,open_meteo_historical_forecast
2024-11-17,NYC,13:00,2024-11-17 13:00:00,64.6,64.1,0.5,open_meteo_historical_forecast
2024-11-17,NYC,15:00,2024-11-17 15:00:00,64.6,64.1,0.5,open_meteo_historical_forecast
2024-11-18,NYC,09:00,2024-11-18 09:00:00,64.1,67.3,-3.2,open_meteo_historical_forecast
2024-11-18,NYC,11:00,2024-11-18 11:00:00,64.1,67.3,-3.2,open_meteo_historical_forecast
2024-11-18,NYC,13:00,2024-11-18 13:00:00,64.1,67.3,-3.2,open_meteo_historical_forecast
2024-11-18,NYC,15:00,2024-11-18 15:00:00,64.1,67.3,-3.2,open_meteo_historical_forecast
2024-11-19,NYC,09:00,2024-11-19 09:00:00,58.4,60.3,-1.9,open_meteo_historical_forecast
2024-11-19,NYC,11:00,2024-11-19 11:00:00,58.4,60.3,-1.9,open_meteo_historical_forecast
2024-11-19,NYC,13:00,2024-11-19 13:00:00,58.4,60.3,-1.9,open_meteo_historical_forecast
2024-11-19,NYC,15:00,2024-11-19 15:00:00,58.4,60.3,-1.9,open_meteo_historical_forecast
2024-11-20,NYC,09:00,2024-11-20 09:00:00,60.3,58.4,1.9,open_meteo_historical_forecast
2024-11-20,NYC,11:00,2024-11-20 11:00:00,60.3,58.4,1.9,open_meteo_historical_forecast
2024-11-20,NYC,13:00,2024-11-20 13:00:00,60.3,58.4,1.9,open_meteo_historical_forecast
2024-11-20,NYC,15:00,2024-11-20 15:00:00,60.3,58.4,1.9,open_meteo_historical_forecast
2024-11-21,NYC,09:00,2024-11-21 09:00:00,53.4,54.7,-1.3,open_meteo_historical_forecast
2024-11-21,NYC,11:00,2024-11-21 11:00:00,53.4,54.7,-1.3,open_meteo_historical_forecast
2024-11-21,NYC,13:00,2024-11-21 13:00:00,53.4,54.7,-1.3,open_meteo_historical_forecast
2024-11-21,NYC,15:00,2024-11-21 15:00:00,53.4,54.7,-1.3,open_meteo_historical_forecast
2024-11-22,NYC,09:00,2024-11-22 09:00:00,40.5,39.7,0.8,open_meteo_historical_forecast
2024-11-22,NYC,11:00,2024-11-22 11:00:00,40.5,39.7,0.8,open_meteo_historical_forecast
2024-11-22,NYC,13:00,2024-11-22 13:00:00,40.5,39.7,0.8,open_meteo_historical_forecast
2024-11-22,NYC,15:00,2024-11-22 15:00:00,40.5,39.7,0.8,open_meteo_historical_forecast
2024-11-23,NYC,09:00,2024-11-23 09:00:00,47.8,48.3,-0.5,open_meteo_historical_forecast
2024-11-23,NYC,11:00,2024-11-23 11:00:00,47.8,48.3,-0.5,open_meteo_historical_forecast
2024-11-23,NYC,13:00,2024-11-23 13:00:00,47.8,48.3,-0.5,open_meteo_historical_forecast
2024-11-23,NYC,15:00,2024-11-23 15:00:00,47.8,48.3,-0.5,open_meteo_historical_forecast
2024-11-24,NYC,09:00,2024-11-24 09:00:00,51.0,53.4,-2.4,open_meteo_historical_forecast
2024-11-24,NYC,11:00,2024-11-24 11:00:00,51.0,53.4,-2.4,open_meteo_historical_forecast
2024-11-24,NYC,13:00,2024-11-24 13:00:00,51.0,53.4,-2.4,open_meteo_historical_forecast
2024-11-24,NYC,15:00,2024-11-24 15:00:00,51.0,53.4,-2.4,open_meteo_historical_forecast
2024-11-25,NYC,09:00,2024-11-25 09:00:00,51.3,54.8,-3.5,open_meteo_historical_forecast
2024-11-25,NYC,11:00,2024-11-25 11:00:00,51.3,54.8,-3.5,open_meteo_historical_forecast
2024-11-25,NYC,13:00,2024-11-25 13:00:00,51.3,54.8,-3.5,open_meteo_historical_forecast
2024-11-25,NYC,15:00,2024-11-25 15:00:00,51.3,54.8,-3.5,open_meteo_historical_forecast
2024-11-26,NYC,09:00,2024-11-26 09:00:00,58.4,57.6,0.8,open_meteo_historical_forecast
2024-11-26,NYC,11:00,2024-11-26 11:00:00,58.4,57.6,0.8,open_meteo_historical_forecast
2024-11-26,NYC,13:00,2024-11-26 13:00:00,58.4,57.6,0.8,open_meteo_historical_forecast
2024-11-26,NYC,15:00,2024-11-26 15:00:00,58.4,57.6,0.8,open_meteo_historical_forecast
2024-11-27,NYC,09:00,2024-11-27 09:00:00,50.5,52.3,-1.8,open_meteo_historical_forecast
2024-11-27,NYC,11:00,2024-11-27 11:00:00,50.5,52.3,-1.8,open_meteo_historical_forecast
2024-11-27,NYC,13:00,2024-11-27 13:00:00,50.5,52.3,-1.8,open_meteo_historical_forecast
2024-11-27,NYC,15:00,2024-11-27 15:00:00,50.5,52.3,-1.8,open_meteo_historical_forecast
2024-11-28,NYC,09:00,2024-11-28 09:00:00,51.8,48.2,3.6,open_meteo_historical_forecast
2024-11-28,NYC,11:00,2024-11-28 11:00:00,51.8,48.2,3.6,open_meteo_historical_forecast
2024-11-28,NYC,13:00,2024-11-28 13:00:00,51.8,48.2,3.6,open_meteo_historical_forecast
2024-11-28,NYC,15:00,2024-11-28 15:00:00,51.8,48.2,3.6,open_meteo_historical_forecast
2024-11-29,NYC,09:00,2024-11-29 09:00:00,45.9,45.6,0.3,open_meteo_historical_forecast
2024-11-29,NYC,11:00,2024-11-29 11:00:00,45.9,45.6,0.3,open_meteo_historical_forecast
2024-11-29,NYC,13:00,2024-11-29 13:00:00,45.9,45.6,0.3,open_meteo_historical_forecast
2024-11-29,NYC,15:00,2024-11-29 15:00:00,45.9,45.6,0.3,open_meteo_historical_forecast
2024-11-30,NYC,09:00,2024-11-30 09:00:00,38.3,39.8,-1.5,open_meteo_historical_forecast
2024-11-30,NYC,11:00,2024-11-30 11:00:00,38.3,39.8,-1.5,open_meteo_historical_forecast
2024-11-30,NYC,13:00,2024-11-30 13:00:00,38.3,39.8,-1.5,open_meteo_historical_forecast
2024-11-30,NYC,15:00,2024-11-30 15:00:00,38.3,39.8,-1.5,open_meteo_historical_forecast
2024-12-01,NYC,09:00,2024-12-01 09:00:00,37.0,37.8,-0.8,open_meteo_historical_forecast
2024-12-01,NYC,11:00,2024-12-01 11:00:00,37.0,37.8,-0.8,open_meteo_historical_forecast
2024-12-01,NYC,13:00,2024-12-01 13:00:00,37.0,37.8,-0.8,open_meteo_historical_forecast
2024-12-01,NYC,15:00,2024-12-01 15:00:00,37.0,37.8,-0.8,open_meteo_historical_forecast
2024-12-02,NYC,09:00,2024-12-02 09:00:00,39.1,39.5,-0.4,open_meteo_historical_forecast
2024-12-02,NYC,11:00,2024-12-02 11:00:00,39.1,39.5,-0.4,open_meteo_historical_forecast
2024-12-02,NYC,13:00,2024-12-02 13:00:00,39.1,39.5,-0.4,open_meteo_historical_forecast
2024-12-02,NYC,15:00,2024-12-02 15:00:00,39.1,39.5,-0.4,open_meteo_historical_forecast
2024-12-03,NYC,09:00,2024-12-03 09:00:00,41.2,41.2,0.0,open_meteo_historical_forecast
2024-12-03,NYC,11:00,2024-12-03 11:00:00,41.2,41.2,0.0,open_meteo_historical_forecast
2024-12-03,NYC,13:00,2024-12-03 13:00:00,41.2,41.2,0.0,open_meteo_historical_forecast
2024-12-03,NYC,15:00,2024-12-03 15:00:00,41.2,41.2,0.0,open_meteo_historical_forecast
2024-12-04,NYC,09:00,2024-12-04 09:00:00,38.7,40.5,-1.8,open_meteo_historical_forecast
2024-12-04,NYC,11:00,2024-12-04 11:00:00,38.7,40.5,-1.8,open_meteo_historical_forecast
2024-12-04,NYC,13:00,2024-12-04 13:00:00,38.7,40.5,-1.8,open_meteo_historical_forecast
2024-12-04,NYC,15:00,2024-12-04 15:00:00,38.7,40.5,-1.8,open_meteo_historical_forecast
2024-12-05,NYC,09:00,2024-12-05 09:00:00,40.2,41.1,-0.9,open_meteo_historical_forecast
2024-12-05,NYC,11:00,2024-12-05 11:00:00,40.2,41.1,-0.9,open_meteo_historical_forecast
2024-12-05,NYC,13:00,2024-12-05 13:00:00,40.2,41.1,-0.9,open_meteo_historical_forecast
2024-12-05,NYC,15:00,2024-12-05 15:00:00,40.2,41.1,-0.9,open_meteo_historical_forecast
2024-12-06,NYC,09:00,2024-12-06 09:00:00,32.0,34.8,-2.8,open_meteo_historical_forecast
2024-12-06,NYC,11:00,2024-12-06 11:00:00,32.0,34.8,-2.8,open_meteo_historical_forecast
2024-12-06,NYC,13:00,2024-12-06 13:00:00,32.0,34.8,-2.8,open_meteo_historical_forecast
2024-12-06,NYC,15:00,2024-12-06 15:00:00,32.0,34.8,-2.8,open_meteo_historical_forecast
2024-12-07,NYC,09:00,2024-12-07 09:00:00,40.5,41.2,-0.7,open_meteo_historical_forecast
2024-12-07,NYC,11:00,2024-12-07 11:00:00,40.5,41.2,-0.7,open_meteo_historical_forecast
2024-12-07,NYC,13:00,2024-12-07 13:00:00,40.5,41.2,-0.7,open_meteo_historical_forecast
2024-12-07,NYC,15:00,2024-12-07 15:00:00,40.5,41.2,-0.7,open_meteo_historical_forecast
2024-12-08,NYC,09:00,2024-12-08 09:00:00,52.1,54.5,-2.4,open_meteo_historical_forecast
2024-12-08,NYC,11:00,2024-12-08 11:00:00,52.1,54.5,-2.4,open_meteo_historical_forecast
2024-12-08,NYC,13:00,2024-12-08 13:00:00,52.1,54.5,-2.4,open_meteo_historical_forecast
2024-12-08,NYC,15:00,2024-12-08 15:00:00,52.1,54.5,-2.4,open_meteo_historical_forecast
2024-12-09,NYC,09:00,2024-12-09 09:00:00,50.4,49.9,0.5,open_meteo_historical_forecast
2024-12-09,NYC,11:00,2024-12-09 11:00:00,50.4,49.9,0.5,open_meteo_historical_forecast
2024-12-09,NYC,13:00,2024-12-09 13:00:00,50.4,49.9,0.5,open_meteo_historical_forecast
2024-12-09,NYC,15:00,2024-12-09 15:00:00,50.4,49.9,0.5,open_meteo_historical_forecast
2024-12-10,NYC,09:00,2024-12-10 09:00:00,51.1,48.2,2.9,open_meteo_historical_forecast
2024-12-10,NYC,11:00,2024-12-10 11:00:00,51.1,48.2,2.9,open_meteo_historical_forecast
2024-12-10,NYC,13:00,2024-12-10 13:00:00,51.1,48.2,2.9,open_meteo_historical_forecast
2024-12-10,NYC,15:00,2024-12-10 15:00:00,51.1,48.2,2.9,open_meteo_historical_forecast
2024-12-11,NYC,09:00,2024-12-11 09:00:00,60.5,60.8,-0.3,open_meteo_historical_forecast
2024-12-11,NYC,11:00,2024-12-11 11:00:00,60.5,60.8,-0.3,open_meteo_historical_forecast
2024-12-11,NYC,13:00,2024-12-11 13:00:00,60.5,60.8,-0.3,open_meteo_historical_forecast
2024-12-11,NYC,15:00,2024-12-11 15:00:00,60.5,60.8,-0.3,open_meteo_historical_forecast
2024-12-12,NYC,09:00,2024-12-12 09:00:00,41.2,41.2,0.0,open_meteo_historical_forecast
2024-12-12,NYC,11:00,2024-12-12 11:00:00,41.2,41.2,0.0,open_meteo_historical_forecast
2024-12-12,NYC,13:00,2024-12-12 13:00:00,41.2,41.2,0.0,open_meteo_historical_forecast
2024-12-12,NYC,15:00,2024-12-12 15:00:00,41.2,41.2,0.0,open_meteo_historical_forecast
2024-12-13,NYC,09:00,2024-12-13 09:00:00,32.3,34.4,-2.1,open_meteo_historical_forecast
2024-12-13,NYC,11:00,2024-12-13 11:00:00,32.3,34.4,-2.1,open_meteo_historical_forecast
2024-12-13,NYC,13:00,2024-12-13 13:00:00,32.3,34.4,-2.1,open_meteo_historical_forecast
2024-12-13,NYC,15:00,2024-12-13 15:00:00,32.3,34.4,-2.1,open_meteo_historical_forecast
2024-12-14,NYC,09:00,2024-12-14 09:00:00,33.3,34.5,-1.2,open_meteo_historical_forecast
2024-12-14,NYC,11:00,2024-12-14 11:00:00,33.3,34.5,-1.2,open_meteo_historical_forecast
2024-12-14,NYC,13:00,2024-12-14 13:00:00,33.3,34.5,-1.2,open_meteo_historical_forecast
2024-12-14,NYC,15:00,2024-12-14 15:00:00,33.3,34.5,-1.2,open_meteo_historical_forecast
2024-12-15,NYC,09:00,2024-12-15 09:00:00,37.4,37.8,-0.4,open_meteo_historical_forecast
2024-12-15,NYC,11:00,2024-12-15 11:00:00,37.4,37.8,-0.4,open_meteo_historical_forecast
2024-12-15,NYC,13:00,2024-12-15 13:00:00,37.4,37.8,-0.4,open_meteo_historical_forecast
2024-12-15,NYC,15:00,2024-12-15 15:00:00,37.4,37.8,-0.4,open_meteo_historical_forecast
2024-12-16,NYC,09:00,2024-12-16 09:00:00,48.3,49.5,-1.2,open_meteo_historical_forecast
2024-12-16,NYC,11:00,2024-12-16 11:00:00,48.3,49.5,-1.2,open_meteo_historical_forecast
2024-12-16,NYC,13:00,2024-12-16 13:00:00,48.3,49.5,-1.2,open_meteo_historical_forecast
2024-12-16,NYC,15:00,2024-12-16 15:00:00,48.3,49.5,-1.2,open_meteo_historical_forecast
2024-12-17,NYC,09:00,2024-12-17 09:00:00,58.2,58.0,0.2,open_meteo_historical_forecast
2024-12-17,NYC,11:00,2024-12-17 11:00:00,58.2,58.0,0.2,open_meteo_historical_forecast
2024-12-17,NYC,13:00,2024-12-17 13:00:00,58.2,58.0,0.2,open_meteo_historical_forecast
2024-12-17,NYC,15:00,2024-12-17 15:00:00,58.2,58.0,0.2,open_meteo_historical_forecast
2024-12-18,NYC,09:00,2024-12-18 09:00:00,49.9,54.0,-4.1,open_meteo_historical_forecast
2024-12-18,NYC,11:00,2024-12-18 11:00:00,49.9,54.0,-4.1,open_meteo_historical_forecast
2024-12-18,NYC,13:00,2024-12-18 13:00:00,49.9,54.0,-4.1,open_meteo_historical_forecast
2024-12-18,NYC,15:00,2024-12-18 15:00:00,49.9,54.0,-4.1,open_meteo_historical_forecast
2024-12-19,NYC,09:00,2024-12-19 09:00:00,44.0,44.5,-0.5,open_meteo_historical_forecast
2024-12-19,NYC,11:00,2024-12-19 11:00:00,44.0,44.5,-0.5,open_meteo_historical_forecast
2024-12-19,NYC,13:00,2024-12-19 13:00:00,44.0,44.5,-0.5,open_meteo_historical_forecast
2024-12-19,NYC,15:00,2024-12-19 15:00:00,44.0,44.5,-0.5,open_meteo_historical_forecast
2024-12-20,NYC,09:00,2024-12-20 09:00:00,36.5,35.7,0.8,open_meteo_historical_forecast
2024-12-20,NYC,11:00,2024-12-20 11:00:00,36.5,35.7,0.8,open_meteo_historical_forecast
2024-12-20,NYC,13:00,2024-12-20 13:00:00,36.5,35.7,0.8,open_meteo_historical_forecast
2024-12-20,NYC,15:00,2024-12-20 15:00:00,36.5,35.7,0.8,open_meteo_historical_forecast
2024-12-21,NYC,09:00,2024-12-21 09:00:00,32.6,33.4,-0.8,open_meteo_historical_forecast
2024-12-21,NYC,11:00,2024-12-21 11:00:00,32.6,33.4,-0.8,open_meteo_historical_forecast
2024-12-21,NYC,13:00,2024-12-21 13:00:00,32.6,33.4,-0.8,open_meteo_historical_forecast
2024-12-21,NYC,15:00,2024-12-21 15:00:00,32.6,33.4,-0.8,open_meteo_historical_forecast
2024-12-22,NYC,09:00,2024-12-22 09:00:00,19.6,22.2,-2.6,open_meteo_historical_forecast
2024-12-22,NYC,11:00,2024-12-22 11:00:00,19.6,22.2,-2.6,open_meteo_historical_forecast
2024-12-22,NYC,13:00,2024-12-22 13:00:00,19.6,22.2,-2.6,open_meteo_historical_forecast
2024-12-22,NYC,15:00,2024-12-22 15:00:00,19.6,22.2,-2.6,open_meteo_historical_forecast
2024-12-23,NYC,09:00,2024-12-23 09:00:00,24.2,27.3,-3.1,open_meteo_historical_forecast
2024-12-23,NYC,11:00,2024-12-23 11:00:00,24.2,27.3,-3.1,open_meteo_historical_forecast
2024-12-23,NYC,13:00,2024-12-23 13:00:00,24.2,27.3,-3.1,open_meteo_historical_forecast
2024-12-23,NYC,15:00,2024-12-23 15:00:00,24.2,27.3,-3.1,open_meteo_historical_forecast
2024-12-24,NYC,09:00,2024-12-24 09:00:00,35.4,39.7,-4.3,open_meteo_historical_forecast
2024-12-24,NYC,11:00,2024-12-24 11:00:00,35.4,39.7,-4.3,open_meteo_historical_forecast
2024-12-24,NYC,13:00,2024-12-24 13:00:00,35.4,39.7,-4.3,open_meteo_historical_forecast
2024-12-24,NYC,15:00,2024-12-24 15:00:00,35.4,39.7,-4.3,open_meteo_historical_forecast
2024-12-25,NYC,09:00,2024-12-25 09:00:00,32.0,34.9,-2.9,open_meteo_historical_forecast
2024-12-25,NYC,11:00,2024-12-25 11:00:00,32.0,34.9,-2.9,open_meteo_historical_forecast
2024-12-25,NYC,13:00,2024-12-25 13:00:00,32.0,34.9,-2.9,open_meteo_historical_forecast
2024-12-25,NYC,15:00,2024-12-25 15:00:00,32.0,34.9,-2.9,open_meteo_historical_forecast
2024-12-26,NYC,09:00,2024-12-26 09:00:00,31.5,37.7,-6.2,open_meteo_historical_forecast
2024-12-26,NYC,11:00,2024-12-26 11:00:00,31.5,37.7,-6.2,open_meteo_historical_forecast
2024-12-26,NYC,13:00,2024-12-26 13:00:00,31.5,37.7,-6.2,open_meteo_historical_forecast
2024-12-26,NYC,15:00,2024-12-26 15:00:00,31.5,37.7,-6.2,open_meteo_historical_forecast
2024-12-27,NYC,09:00,2024-12-27 09:00:00,36.6,43.2,-6.6,open_meteo_historical_forecast
2024-12-27,NYC,11:00,2024-12-27 11:00:00,36.6,43.2,-6.6,open_meteo_historical_forecast
2024-12-27,NYC,13:00,2024-12-27 13:00:00,36.6,43.2,-6.6,open_meteo_historical_forecast
2024-12-27,NYC,15:00,2024-12-27 15:00:00,36.6,43.2,-6.6,open_meteo_historical_forecast
2024-12-28,NYC,09:00,2024-12-28 09:00:00,45.5,47.2,-1.7,open_meteo_historical_forecast
2024-12-28,NYC,11:00,2024-12-28 11:00:00,45.5,47.2,-1.7,open_meteo_historical_forecast
2024-12-28,NYC,13:00,2024-12-28 13:00:00,45.5,47.2,-1.7,open_meteo_historical_forecast
2024-12-28,NYC,15:00,2024-12-28 15:00:00,45.5,47.2,-1.7,open_meteo_historical_forecast
2024-12-29,NYC,09:00,2024-12-29 09:00:00,59.8,60.7,-0.9,open_meteo_historical_forecast
2024-12-29,NYC,11:00,2024-12-29 11:00:00,59.8,60.7,-0.9,open_meteo_historical_forecast
2024-12-29,NYC,13:00,2024-12-29 13:00:00,59.8,60.7,-0.9,open_meteo_historical_forecast
2024-12-29,NYC,15:00,2024-12-29 15:00:00,59.8,60.7,-0.9,open_meteo_historical_forecast
2024-12-30,NYC,09:00,2024-12-30 09:00:00,55.4,56.4,-1.0,open_meteo_historical_forecast
2024-12-30,NYC,11:00,2024-12-30 11:00:00,55.4,56.4,-1.0,open_meteo_historical_forecast
2024-12-30,NYC,13:00,2024-12-30 13:00:00,55.4,56.4,-1.0,open_meteo_historical_forecast
2024-12-30,NYC,15:00,2024-12-30 15:00:00,55.4,56.4,-1.0,open_meteo_historical_forecast
2024-12-31,NYC,09:00,2024-12-31 09:00:00,49.5,53.8,-4.3,open_meteo_historical_forecast
2024-12-31,NYC,11:00,2024-12-31 11:00:00,49.5,53.8,-4.3,open_meteo_historical_forecast
2024-12-31,NYC,13:00,2024-12-31 13:00:00,49.5,53.8,-4.3,open_meteo_historical_forecast
2024-12-31,NYC,15:00,2024-12-31 15:00:00,49.5,53.8,-4.3,open_meteo_historical_forecast
2025-01-01,NYC,09:00,2025-01-01 09:00:00,51.7,50.5,1.2,open_meteo_historical_forecast
2025-01-01,NYC,11:00,2025-01-01 11:00:00,51.7,50.5,1.2,open_meteo_historical_forecast
2025-01-01,NYC,13:00,2025-01-01 13:00:00,51.7,50.5,1.2,open_meteo_historical_forecast
2025-01-01,NYC,15:00,2025-01-01 15:00:00,51.7,50.5,1.2,open_meteo_historical_forecast
2025-01-02,NYC,09:00,2025-01-02 09:00:00,41.6,42.3,-0.7,open_meteo_historical_forecast
2025-01-02,NYC,11:00,2025-01-02 11:00:00,41.6,42.3,-0.7,open_meteo_historical_forecast
2025-01-02,NYC,13:00,2025-01-02 13:00:00,41.6,42.3,-0.7,open_meteo_historical_forecast
2025-01-02,NYC,15:00,2025-01-02 15:00:00,41.6,42.3,-0.7,open_meteo_historical_forecast
2025-01-03,NYC,09:00,2025-01-03 09:00:00,37.8,38.9,-1.1,open_meteo_historical_forecast
2025-01-03,NYC,11:00,2025-01-03 11:00:00,37.8,38.9,-1.1,open_meteo_historical_forecast
2025-01-03,NYC,13:00,2025-01-03 13:00:00,37.8,38.9,-1.1,open_meteo_historical_forecast
2025-01-03,NYC,15:00,2025-01-03 15:00:00,37.8,38.9,-1.1,open_meteo_historical_forecast
2025-01-04,NYC,09:00,2025-01-04 09:00:00,31.8,33.2,-1.4,open_meteo_historical_forecast
2025-01-04,NYC,11:00,2025-01-04 11:00:00,31.8,33.2,-1.4,open_meteo_historical_forecast
2025-01-04,NYC,13:00,2025-01-04 13:00:00,31.8,33.2,-1.4,open_meteo_historical_forecast
2025-01-04,NYC,15:00,2025-01-04 15:00:00,31.8,33.2,-1.4,open_meteo_historical_forecast
2025-01-05,NYC,09:00,2025-01-05 09:00:00,32.5,33.2,-0.7,open_meteo_historical_forecast
2025-01-05,NYC,11:00,2025-01-05 11:00:00,32.5,33.2,-0.7,open_meteo_historical_forecast
2025-01-05,NYC,13:00,2025-01-05 13:00:00,32.5,33.2,-0.7,open_meteo_historical_forecast
2025-01-05,NYC,15:00,2025-01-05 15:00:00,32.5,33.2,-0.7,open_meteo_historical_forecast
2025-01-06,NYC,09:00,2025-01-06 09:00:00,29.3,30.8,-1.5,open_meteo_historical_forecast
2025-01-06,NYC,11:00,2025-01-06 11:00:00,29.3,30.8,-1.5,open_meteo_historical_forecast
2025-01-06,NYC,13:00,2025-01-06 13:00:00,29.3,30.8,-1.5,open_meteo_historical_forecast
2025-01-06,NYC,15:00,2025-01-06 15:00:00,29.3,30.8,-1.5,open_meteo_historical_forecast
2025-01-07,NYC,09:00,2025-01-07 09:00:00,26.9,32.8,-5.9,open_meteo_historical_forecast
2025-01-07,NYC,11:00,2025-01-07 11:00:00,26.9,32.8,-5.9,open_meteo_historical_forecast
2025-01-07,NYC,13:00,2025-01-07 13:00:00,26.9,32.8,-5.9,open_meteo_historical_forecast
2025-01-07,NYC,15:00,2025-01-07 15:00:00,26.9,32.8,-5.9,open_meteo_historical_forecast
2025-01-08,NYC,09:00,2025-01-08 09:00:00,27.7,30.1,-2.4,open_meteo_historical_forecast
2025-01-08,NYC,11:00,2025-01-08 11:00:00,27.7,30.1,-2.4,open_meteo_historical_forecast
2025-01-08,NYC,13:00,2025-01-08 13:00:00,27.7,30.1,-2.4,open_meteo_historical_forecast
2025-01-08,NYC,15:00,2025-01-08 15:00:00,27.7,30.1,-2.4,open_meteo_historical_forecast
2025-01-09,NYC,09:00,2025-01-09 09:00:00,28.9,32.7,-3.8,open_meteo_historical_forecast
2025-01-09,NYC,11:00,2025-01-09 11:00:00,28.9,32.7,-3.8,open_meteo_historical_forecast
2025-01-09,NYC,13:00,2025-01-09 13:00:00,28.9,32.7,-3.8,open_meteo_historical_forecast
2025-01-09,NYC,15:00,2025-01-09 15:00:00,28.9,32.7,-3.8,open_meteo_historical_forecast
2025-01-10,NYC,09:00,2025-01-10 09:00:00,37.9,40.4,-2.5,open_meteo_historical_forecast
2025-01-10,NYC,11:00,2025-01-10 11:00:00,37.9,40.4,-2.5,open_meteo_historical_forecast
2025-01-10,NYC,13:00,2025-01-10 13:00:00,37.9,40.4,-2.5,open_meteo_historical_forecast
2025-01-10,NYC,15:00,2025-01-10 15:00:00,37.9,40.4,-2.5,open_meteo_historical_forecast
2025-01-11,NYC,09:00,2025-01-11 09:00:00,32.6,35.1,-2.5,open_meteo_historical_forecast
2025-01-11,NYC,11:00,2025-01-11 11:00:00,32.6,35.1,-2.5,open_meteo_historical_forecast
2025-01-11,NYC,13:00,2025-01-11 13:00:00,32.6,35.1,-2.5,open_meteo_historical_forecast
2025-01-11,NYC,15:00,2025-01-11 15:00:00,32.6,35.1,-2.5,open_meteo_historical_forecast
2025-01-12,NYC,09:00,2025-01-12 09:00:00,40.3,43.2,-2.9,open_meteo_historical_forecast
2025-01-12,NYC,11:00,2025-01-12 11:00:00,40.3,43.2,-2.9,open_meteo_historical_forecast
2025-01-12,NYC,13:00,2025-01-12 13:00:00,40.3,43.2,-2.9,open_meteo_historical_forecast
2025-01-12,NYC,15:00,2025-01-12 15:00:00,40.3,43.2,-2.9,open_meteo_historical_forecast
2025-01-13,NYC,09:00,2025-01-13 09:00:00,43.4,42.7,0.7,open_meteo_historical_forecast
2025-01-13,NYC,11:00,2025-01-13 11:00:00,43.4,42.7,0.7,open_meteo_historical_forecast
2025-01-13,NYC,13:00,2025-01-13 13:00:00,43.4,42.7,0.7,open_meteo_historical_forecast
2025-01-13,NYC,15:00,2025-01-13 15:00:00,43.4,42.7,0.7,open_meteo_historical_forecast
2025-01-14,NYC,09:00,2025-01-14 09:00:00,32.5,33.7,-1.2,open_meteo_historical_forecast
2025-01-14,NYC,11:00,2025-01-14 11:00:00,32.5,33.7,-1.2,open_meteo_historical_forecast
2025-01-14,NYC,13:00,2025-01-14 13:00:00,32.5,33.7,-1.2,open_meteo_historical_forecast
2025-01-14,NYC,15:00,2025-01-14 15:00:00,32.5,33.7,-1.2,open_meteo_historical_forecast
2025-01-15,NYC,09:00,2025-01-15 09:00:00,29.8,32.1,-2.3,open_meteo_historical_forecast
2025-01-15,NYC,11:00,2025-01-15 11:00:00,29.8,32.1,-2.3,open_meteo_historical_forecast
2025-01-15,NYC,13:00,2025-01-15 13:00:00,29.8,32.1,-2.3,open_meteo_historical_forecast
2025-01-15,NYC,15:00,2025-01-15 15:00:00,29.8,32.1,-2.3,open_meteo_historical_forecast
2025-01-16,NYC,09:00,2025-01-16 09:00:00,30.7,29.7,1.0,open_meteo_historical_forecast
2025-01-16,NYC,11:00,2025-01-16 11:00:00,30.7,29.7,1.0,open_meteo_historical_forecast
2025-01-16,NYC,13:00,2025-01-16 13:00:00,30.7,29.7,1.0,open_meteo_historical_forecast
2025-01-16,NYC,15:00,2025-01-16 15:00:00,30.7,29.7,1.0,open_meteo_historical_forecast
2025-01-17,NYC,09:00,2025-01-17 09:00:00,40.6,43.1,-2.5,open_meteo_historical_forecast
2025-01-17,NYC,11:00,2025-01-17 11:00:00,40.6,43.1,-2.5,open_meteo_historical_forecast
2025-01-17,NYC,13:00,2025-01-17 13:00:00,40.6,43.1,-2.5,open_meteo_historical_forecast
2025-01-17,NYC,15:00,2025-01-17 15:00:00,40.6,43.1,-2.5,open_meteo_historical_forecast
2025-01-18,NYC,09:00,2025-01-18 09:00:00,43.6,45.1,-1.5,open_meteo_historical_forecast
2025-01-18,NYC,11:00,2025-01-18 11:00:00,43.6,45.1,-1.5,open_meteo_historical_forecast
2025-01-18,NYC,13:00,2025-01-18 13:00:00,43.6,45.1,-1.5,open_meteo_historical_forecast
2025-01-18,NYC,15:00,2025-01-18 15:00:00,43.6,45.1,-1.5,open_meteo_historical_forecast
2025-01-19,NYC,09:00,2025-01-19 09:00:00,36.6,41.8,-5.2,open_meteo_historical_forecast
2025-01-19,NYC,11:00,2025-01-19 11:00:00,36.6,41.8,-5.2,open_meteo_historical_forecast
2025-01-19,NYC,13:00,2025-01-19 13:00:00,36.6,41.8,-5.2,open_meteo_historical_forecast
2025-01-19,NYC,15:00,2025-01-19 15:00:00,36.6,41.8,-5.2,open_meteo_historical_forecast
2025-01-20,NYC,09:00,2025-01-20 09:00:00,27.0,27.0,0.0,open_meteo_historical_forecast
2025-01-20,NYC,11:00,2025-01-20 11:00:00,27.0,27.0,0.0,open_meteo_historical_forecast
2025-01-20,NYC,13:00,2025-01-20 13:00:00,27.0,27.0,0.0,open_meteo_historical_forecast
2025-01-20,NYC,15:00,2025-01-20 15:00:00,27.0,27.0,0.0,open_meteo_historical_forecast
2025-01-21,NYC,09:00,2025-01-21 09:00:00,17.2,19.0,-1.8,open_meteo_historical_forecast
2025-01-21,NYC,11:00,2025-01-21 11:00:00,17.2,19.0,-1.8,open_meteo_historical_forecast
2025-01-21,NYC,13:00,2025-01-21 13:00:00,17.2,19.0,-1.8,open_meteo_historical_forecast
2025-01-21,NYC,15:00,2025-01-21 15:00:00,17.2,19.0,-1.8,open_meteo_historical_forecast
2025-01-22,NYC,09:00,2025-01-22 09:00:00,17.1,21.1,-4.0,open_meteo_historical_forecast
2025-01-22,NYC,11:00,2025-01-22 11:00:00,17.1,21.1,-4.0,open_meteo_historical_forecast
2025-01-22,NYC,13:00,2025-01-22 13:00:00,17.1,21.1,-4.0,open_meteo_historical_forecast
2025-01-22,NYC,15:00,2025-01-22 15:00:00,17.1,21.1,-4.0,open_meteo_historical_forecast
2025-01-23,NYC,09:00,2025-01-23 09:00:00,25.4,30.2,-4.8,open_meteo_historical_forecast
2025-01-23,NYC,11:00,2025-01-23 11:00:00,25.4,30.2,-4.8,open_meteo_historical_forecast
2025-01-23,NYC,13:00,2025-01-23 13:00:00,25.4,30.2,-4.8,open_meteo_historical_forecast
2025-01-23,NYC,15:00,2025-01-23 15:00:00,25.4,30.2,-4.8,open_meteo_historical_forecast
2025-01-24,NYC,09:00,2025-01-24 09:00:00,30.4,34.6,-4.2,open_meteo_historical_forecast
2025-01-24,NYC,11:00,2025-01-24 11:00:00,30.4,34.6,-4.2,open_meteo_historical_forecast
2025-01-24,NYC,13:00,2025-01-24 13:00:00,30.4,34.6,-4.2,open_meteo_historical_forecast
2025-01-24,NYC,15:00,2025-01-24 15:00:00,30.4,34.6,-4.2,open_meteo_historical_forecast
2025-01-25,NYC,09:00,2025-01-25 09:00:00,28.1,32.2,-4.1,open_meteo_historical_forecast
2025-01-25,NYC,11:00,2025-01-25 11:00:00,28.1,32.2,-4.1,open_meteo_historical_forecast
2025-01-25,NYC,13:00,2025-01-25 13:00:00,28.1,32.2,-4.1,open_meteo_historical_forecast
2025-01-25,NYC,15:00,2025-01-25 15:00:00,28.1,32.2,-4.1,open_meteo_historical_forecast
2025-01-26,NYC,09:00,2025-01-26 09:00:00,39.3,43.5,-4.2,open_meteo_historical_forecast
2025-01-26,NYC,11:00,2025-01-26 11:00:00,39.3,43.5,-4.2,open_meteo_historical_forecast
2025-01-26,NYC,13:00,2025-01-26 13:00:00,39.3,43.5,-4.2,open_meteo_historical_forecast
2025-01-26,NYC,15:00,2025-01-26 15:00:00,39.3,43.5,-4.2,open_meteo_historical_forecast
2025-01-27,NYC,09:00,2025-01-27 09:00:00,35.5,41.4,-5.9,open_meteo_historical_forecast
2025-01-27,NYC,11:00,2025-01-27 11:00:00,35.5,41.4,-5.9,open_meteo_historical_forecast
2025-01-27,NYC,13:00,2025-01-27 13:00:00,35.5,41.4,-5.9,open_meteo_historical_forecast
2025-01-27,NYC,15:00,2025-01-27 15:00:00,35.5,41.4,-5.9,open_meteo_historical_forecast
2025-01-28,NYC,09:00,2025-01-28 09:00:00,39.4,43.1,-3.7,open_meteo_historical_forecast
2025-01-28,NYC,11:00,2025-01-28 11:00:00,39.4,43.1,-3.7,open_meteo_historical_forecast
2025-01-28,NYC,13:00,2025-01-28 13:00:00,39.4,43.1,-3.7,open_meteo_historical_forecast
2025-01-28,NYC,15:00,2025-01-28 15:00:00,39.4,43.1,-3.7,open_meteo_historical_forecast
2025-01-29,NYC,09:00,2025-01-29 09:00:00,48.1,52.2,-4.1,open_meteo_historical_forecast
2025-01-29,NYC,11:00,2025-01-29 11:00:00,48.1,52.2,-4.1,open_meteo_historical_forecast
2025-01-29,NYC,13:00,2025-01-29 13:00:00,48.1,52.2,-4.1,open_meteo_historical_forecast
2025-01-29,NYC,15:00,2025-01-29 15:00:00,48.1,52.2,-4.1,open_meteo_historical_forecast
2025-01-30,NYC,09:00,2025-01-30 09:00:00,33.6,36.8,-3.2,open_meteo_historical_forecast
2025-01-30,NYC,11:00,2025-01-30 11:00:00,33.6,36.8,-3.2,open_meteo_historical_forecast
2025-01-30,NYC,13:00,2025-01-30 13:00:00,33.6,36.8,-3.2,open_meteo_historical_forecast
2025-01-30,NYC,15:00,2025-01-30 15:00:00,33.6,36.8,-3.2,open_meteo_historical_forecast
2025-01-31,NYC,09:00,2025-01-31 09:00:00,41.9,45.5,-3.6,open_meteo_historical_forecast
2025-01-31,NYC,11:00,2025-01-31 11:00:00,41.9,45.5,-3.6,open_meteo_historical_forecast
2025-01-31,NYC,13:00,2025-01-31 13:00:00,41.9,45.5,-3.6,open_meteo_historical_forecast
2025-01-31,NYC,15:00,2025-01-31 15:00:00,41.9,45.5,-3.6,open_meteo_historical_forecast
2025-02-01,NYC,09:00,2025-02-01 09:00:00,41.6,46.6,-5.0,open_meteo_historical_forecast
2025-02-01,NYC,11:00,2025-02-01 11:00:00,41.6,46.6,-5.0,open_meteo_historical_forecast
2025-02-01,NYC,13:00,2025-02-01 13:00:00,41.6,46.6,-5.0,open_meteo_historical_forecast
2025-02-01,NYC,15:00,2025-02-01 15:00:00,41.6,46.6,-5.0,open_meteo_historical_forecast
2025-02-02,NYC,09:00,2025-02-02 09:00:00,33.1,28.1,5.0,open_meteo_historical_forecast
2025-02-02,NYC,11:00,2025-02-02 11:00:00,33.1,28.1,5.0,open_meteo_historical_forecast
2025-02-02,NYC,13:00,2025-02-02 13:00:00,33.1,28.1,5.0,open_meteo_historical_forecast
2025-02-02,NYC,15:00,2025-02-02 15:00:00,33.1,28.1,5.0,open_meteo_historical_forecast
2025-02-03,NYC,09:00,2025-02-03 09:00:00,42.3,47.3,-5.0,open_meteo_historical_forecast
2025-02-03,NYC,11:00,2025-02-03 11:00:00,42.3,47.3,-5.0,open_meteo_historical_forecast
2025-02-03,NYC,13:00,2025-02-03 13:00:00,42.3,47.3,-5.0,open_meteo_historical_forecast
2025-02-03,NYC,15:00,2025-02-03 15:00:00,42.3,47.3,-5.0,open_meteo_historical_forecast
2025-02-04,NYC,09:00,2025-02-04 09:00:00,42.9,46.4,-3.5,open_meteo_historical_forecast
2025-02-04,NYC,11:00,2025-02-04 11:00:00,42.9,46.4,-3.5,open_meteo_historical_forecast
2025-02-04,NYC,13:00,2025-02-04 13:00:00,42.9,46.4,-3.5,open_meteo_historical_forecast
2025-02-04,NYC,15:00,2025-02-04 15:00:00,42.9,46.4,-3.5,open_meteo_historical_forecast
2025-02-05,NYC,09:00,2025-02-05 09:00:00,35.0,36.2,-1.2,open_meteo_historical_forecast
2025-02-05,NYC,11:00,2025-02-05 11:00:00,35.0,36.2,-1.2,open_meteo_historical_forecast
2025-02-05,NYC,13:00,2025-02-05 13:00:00,35.0,36.2,-1.2,open_meteo_historical_forecast
2025-02-05,NYC,15:00,2025-02-05 15:00:00,35.0,36.2,-1.2,open_meteo_historical_forecast
2025-02-06,NYC,09:00,2025-02-06 09:00:00,37.4,37.8,-0.4,open_meteo_historical_forecast
2025-02-06,NYC,11:00,2025-02-06 11:00:00,37.4,37.8,-0.4,open_meteo_historical_forecast
2025-02-06,NYC,13:00,2025-02-06 13:00:00,37.4,37.8,-0.4,open_meteo_historical_forecast
2025-02-06,NYC,15:00,2025-02-06 15:00:00,37.4,37.8,-0.4,open_meteo_historical_forecast
2025-02-07,NYC,09:00,2025-02-07 09:00:00,40.5,41.8,-1.3,open_meteo_historical_forecast
2025-02-07,NYC,11:00,2025-02-07 11:00:00,40.5,41.8,-1.3,open_meteo_historical_forecast
2025-02-07,NYC,13:00,2025-02-07 13:00:00,40.5,41.8,-1.3,open_meteo_historical_forecast
2025-02-07,NYC,15:00,2025-02-07 15:00:00,40.5,41.8,-1.3,open_meteo_historical_forecast
2025-02-08,NYC,09:00,2025-02-08 09:00:00,33.6,35.1,-1.5,open_meteo_historical_forecast
2025-02-08,NYC,11:00,2025-02-08 11:00:00,33.6,35.1,-1.5,open_meteo_historical_forecast
2025-02-08,NYC,13:00,2025-02-08 13:00:00,33.6,35.1,-1.5,open_meteo_historical_forecast
2025-02-08,NYC,15:00,2025-02-08 15:00:00,33.6,35.1,-1.5,open_meteo_historical_forecast
2025-02-09,NYC,09:00,2025-02-09 09:00:00,34.2,34.3,-0.1,open_meteo_historical_forecast
2025-02-09,NYC,11:00,2025-02-09 11:00:00,34.2,34.3,-0.1,open_meteo_historical_forecast
2025-02-09,NYC,13:00,2025-02-09 13:00:00,34.2,34.3,-0.1,open_meteo_historical_forecast
2025-02-09,NYC,15:00,2025-02-09 15:00:00,34.2,34.3,-0.1,open_meteo_historical_forecast
2025-02-10,NYC,09:00,2025-02-10 09:00:00,32.5,37.8,-5.3,open_meteo_historical_forecast
2025-02-10,NYC,11:00,2025-02-10 11:00:00,32.5,37.8,-5.3,open_meteo_historical_forecast
2025-02-10,NYC,13:00,2025-02-10 13:00:00,32.5,37.8,-5.3,open_meteo_historical_forecast
2025-02-10,NYC,15:00,2025-02-10 15:00:00,32.5,37.8,-5.3,open_meteo_historical_forecast
2025-02-11,NYC,09:00,2025-02-11 09:00:00,31.3,35.9,-4.6,open_meteo_historical_forecast
2025-02-11,NYC,11:00,2025-02-11 11:00:00,31.3,35.9,-4.6,open_meteo_historical_forecast
2025-02-11,NYC,13:00,2025-02-11 13:00:00,31.3,35.9,-4.6,open_meteo_historical_forecast
2025-02-11,NYC,15:00,2025-02-11 15:00:00,31.3,35.9,-4.6,open_meteo_historical_forecast
2025-02-12,NYC,09:00,2025-02-12 09:00:00,33.0,34.8,-1.8,open_meteo_historical_forecast
2025-02-12,NYC,11:00,2025-02-12 11:00:00,33.0,34.8,-1.8,open_meteo_historical_forecast
2025-02-12,NYC,13:00,2025-02-12 13:00:00,33.0,34.8,-1.8,open_meteo_historical_forecast
2025-02-12,NYC,15:00,2025-02-12 15:00:00,33.0,34.8,-1.8,open_meteo_historical_forecast
2025-02-13,NYC,09:00,2025-02-13 09:00:00,42.4,44.5,-2.1,open_meteo_historical_forecast
2025-02-13,NYC,11:00,2025-02-13 11:00:00,42.4,44.5,-2.1,open_meteo_historical_forecast
2025-02-13,NYC,13:00,2025-02-13 13:00:00,42.4,44.5,-2.1,open_meteo_historical_forecast
2025-02-13,NYC,15:00,2025-02-13 15:00:00,42.4,44.5,-2.1,open_meteo_historical_forecast
2025-02-14,NYC,09:00,2025-02-14 09:00:00,32.5,37.2,-4.7,open_meteo_historical_forecast
2025-02-14,NYC,11:00,2025-02-14 11:00:00,32.5,37.2,-4.7,open_meteo_historical_forecast
2025-02-14,NYC,13:00,2025-02-14 13:00:00,32.5,37.2,-4.7,open_meteo_historical_forecast
2025-02-14,NYC,15:00,2025-02-14 15:00:00,32.5,37.2,-4.7,open_meteo_historical_forecast
2025-02-15,NYC,09:00,2025-02-15 09:00:00,34.7,36.0,-1.3,open_meteo_historical_forecast
2025-02-15,NYC,11:00,2025-02-15 11:00:00,34.7,36.0,-1.3,open_meteo_historical_forecast
2025-02-15,NYC,13:00,2025-02-15 13:00:00,34.7,36.0,-1.3,open_meteo_historical_forecast
2025-02-15,NYC,15:00,2025-02-15 15:00:00,34.7,36.0,-1.3,open_meteo_historical_forecast
2025-02-16,NYC,09:00,2025-02-16 09:00:00,44.9,43.5,1.4,open_meteo_historical_forecast
2025-02-16,NYC,11:00,2025-02-16 11:00:00,44.9,43.5,1.4,open_meteo_historical_forecast
2025-02-16,NYC,13:00,2025-02-16 13:00:00,44.9,43.5,1.4,open_meteo_historical_forecast
2025-02-16,NYC,15:00,2025-02-16 15:00:00,44.9,43.5,1.4,open_meteo_historical_forecast
2025-02-17,NYC,09:00,2025-02-17 09:00:00,34.5,36.4,-1.9,open_meteo_historical_forecast
2025-02-17,NYC,11:00,2025-02-17 11:00:00,34.5,36.4,-1.9,open_meteo_historical_forecast
2025-02-17,NYC,13:00,2025-02-17 13:00:00,34.5,36.4,-1.9,open_meteo_historical_forecast
2025-02-17,NYC,15:00,2025-02-17 15:00:00,34.5,36.4,-1.9,open_meteo_historical_forecast
2025-02-18,NYC,09:00,2025-02-18 09:00:00,26.3,28.0,-1.7,open_meteo_historical_forecast
2025-02-18,NYC,11:00,2025-02-18 11:00:00,26.3,28.0,-1.7,open_meteo_historical_forecast
2025-02-18,NYC,13:00,2025-02-18 13:00:00,26.3,28.0,-1.7,open_meteo_historical_forecast
2025-02-18,NYC,15:00,2025-02-18 15:00:00,26.3,28.0,-1.7,open_meteo_historical_forecast
2025-02-19,NYC,09:00,2025-02-19 09:00:00,29.8,30.9,-1.1,open_meteo_historical_forecast
2025-02-19,NYC,11:00,2025-02-19 11:00:00,29.8,30.9,-1.1,open_meteo_historical_forecast
2025-02-19,NYC,13:00,2025-02-19 13:00:00,29.8,30.9,-1.1,open_meteo_historical_forecast
2025-02-19,NYC,15:00,2025-02-19 15:00:00,29.8,30.9,-1.1,open_meteo_historical_forecast
2025-02-20,NYC,09:00,2025-02-20 09:00:00,29.8,29.5,0.3,open_meteo_historical_forecast
2025-02-20,NYC,11:00,2025-02-20 11:00:00,29.8,29.5,0.3,open_meteo_historical_forecast
2025-02-20,NYC,13:00,2025-02-20 13:00:00,29.8,29.5,0.3,open_meteo_historical_forecast
2025-02-20,NYC,15:00,2025-02-20 15:00:00,29.8,29.5,0.3,open_meteo_historical_forecast
2025-02-21,NYC,09:00,2025-02-21 09:00:00,31.1,35.1,-4.0,open_meteo_historical_forecast
2025-02-21,NYC,11:00,2025-02-21 11:00:00,31.1,35.1,-4.0,open_meteo_historical_forecast
2025-02-21,NYC,13:00,2025-02-21 13:00:00,31.1,35.1,-4.0,open_meteo_historical_forecast
2025-02-21,NYC,15:00,2025-02-21 15:00:00,31.1,35.1,-4.0,open_meteo_historical_forecast
2025-02-22,NYC,09:00,2025-02-22 09:00:00,38.3,41.9,-3.6,open_meteo_historical_forecast
2025-02-22,NYC,11:00,2025-02-22 11:00:00,38.3,41.9,-3.6,open_meteo_historical_forecast
2025-02-22,NYC,13:00,2025-02-22 13:00:00,38.3,41.9,-3.6,open_meteo_historical_forecast
2025-02-22,NYC,15:00,2025-02-22 15:00:00,38.3,41.9,-3.6,open_meteo_historical_forecast
2025-02-23,NYC,09:00,2025-02-23 09:00:00,46.0,47.7,-1.7,open_meteo_historical_forecast
2025-02-23,NYC,11:00,2025-02-23 11:00:00,46.0,47.7,-1.7,open_meteo_historical_forecast
2025-02-23,NYC,13:00,2025-02-23 13:00:00,46.0,47.7,-1.7,open_meteo_historical_forecast
2025-02-23,NYC,15:00,2025-02-23 15:00:00,46.0,47.7,-1.7,open_meteo_historical_forecast
2025-02-24,NYC,09:00,2025-02-24 09:00:00,46.6,50.1,-3.5,open_meteo_historical_forecast
2025-02-24,NYC,11:00,2025-02-24 11:00:00,46.6,50.1,-3.5,open_meteo_historical_forecast
2025-02-24,NYC,13:00,2025-02-24 13:00:00,46.6,50.1,-3.5,open_meteo_historical_forecast
2025-02-24,NYC,15:00,2025-02-24 15:00:00,46.6,50.1,-3.5,open_meteo_historical_forecast
2025-02-25,NYC,09:00,2025-02-25 09:00:00,54.3,56.2,-1.9,open_meteo_historical_forecast
2025-02-25,NYC,11:00,2025-02-25 11:00:00,54.3,56.2,-1.9,open_meteo_historical_forecast
2025-02-25,NYC,13:00,2025-02-25 13:00:00,54.3,56.2,-1.9,open_meteo_historical_forecast
2025-02-25,NYC,15:00,2025-02-25 15:00:00,54.3,56.2,-1.9,open_meteo_historical_forecast
2025-02-26,NYC,09:00,2025-02-26 09:00:00,55.1,57.3,-2.2,open_meteo_historical_forecast
2025-02-26,NYC,11:00,2025-02-26 11:00:00,55.1,57.3,-2.2,open_meteo_historical_forecast
2025-02-26,NYC,13:00,2025-02-26 13:00:00,55.1,57.3,-2.2,open_meteo_historical_forecast
2025-02-26,NYC,15:00,2025-02-26 15:00:00,55.1,57.3,-2.2,open_meteo_historical_forecast
2025-02-27,NYC,09:00,2025-02-27 09:00:00,53.3,54.0,-0.7,open_meteo_historical_forecast
2025-02-27,NYC,11:00,2025-02-27 11:00:00,53.3,54.0,-0.7,open_meteo_historical_forecast
2025-02-27,NYC,13:00,2025-02-27 13:00:00,53.3,54.0,-0.7,open_meteo_historical_forecast
2025-02-27,NYC,15:00,2025-02-27 15:00:00,53.3,54.0,-0.7,open_meteo_historical_forecast
2025-02-28,NYC,09:00,2025-02-28 09:00:00,48.7,51.5,-2.8,open_meteo_historical_forecast
2025-02-28,NYC,11:00,2025-02-28 11:00:00,48.7,51.5,-2.8,open_meteo_historical_forecast
2025-02-28,NYC,13:00,2025-02-28 13:00:00,48.7,51.5,-2.8,open_meteo_historical_forecast
2025-02-28,NYC,15:00,2025-02-28 15:00:00,48.7,51.5,-2.8,open_meteo_historical_forecast
2025-03-01,NYC,09:00,2025-03-01 09:00:00,59.9,64.4,-4.5,open_meteo_historical_forecast
2025-03-01,NYC,11:00,2025-03-01 11:00:00,59.9,64.4,-4.5,open_meteo_historical_forecast
2025-03-01,NYC,13:00,2025-03-01 13:00:00,59.9,64.4,-4.5,open_meteo_historical_forecast
2025-03-01,NYC,15:00,2025-03-01 15:00:00,59.9,64.4,-4.5,open_meteo_historical_forecast
2025-03-02,NYC,09:00,2025-03-02 09:00:00,32.5,33.5,-1.0,open_meteo_historical_forecast
2025-03-02,NYC,11:00,2025-03-02 11:00:00,32.5,33.5,-1.0,open_meteo_historical_forecast
2025-03-02,NYC,13:00,2025-03-02 13:00:00,32.5,33.5,-1.0,open_meteo_historical_forecast
2025-03-02,NYC,15:00,2025-03-02 15:00:00,32.5,33.5,-1.0,open_meteo_historical_forecast
2025-03-03,NYC,09:00,2025-03-03 09:00:00,38.1,39.5,-1.4,open_meteo_historical_forecast
2025-03-03,NYC,11:00,2025-03-03 11:00:00,38.1,39.5,-1.4,open_meteo_historical_forecast
2025-03-03,NYC,13:00,2025-03-03 13:00:00,38.1,39.5,-1.4,open_meteo_historical_forecast
2025-03-03,NYC,15:00,2025-03-03 15:00:00,38.1,39.5,-1.4,open_meteo_historical_forecast
2025-03-04,NYC,09:00,2025-03-04 09:00:00,54.5,53.4,1.1,open_meteo_historical_forecast
2025-03-04,NYC,11:00,2025-03-04 11:00:00,54.5,53.4,1.1,open_meteo_historical_forecast
2025-03-04,NYC,13:00,2025-03-04 13:00:00,54.5,53.4,1.1,open_meteo_historical_forecast
2025-03-04,NYC,15:00,2025-03-04 15:00:00,54.5,53.4,1.1,open_meteo_historical_forecast
2025-03-05,NYC,09:00,2025-03-05 09:00:00,54.2,55.9,-1.7,open_meteo_historical_forecast
2025-03-05,NYC,11:00,2025-03-05 11:00:00,54.2,55.9,-1.7,open_meteo_historical_forecast
2025-03-05,NYC,13:00,2025-03-05 13:00:00,54.2,55.9,-1.7,open_meteo_historical_forecast
2025-03-05,NYC,15:00,2025-03-05 15:00:00,54.2,55.9,-1.7,open_meteo_historical_forecast
2025-03-06,NYC,09:00,2025-03-06 09:00:00,53.5,53.3,0.2,open_meteo_historical_forecast
2025-03-06,NYC,11:00,2025-03-06 11:00:00,53.5,53.3,0.2,open_meteo_historical_forecast
2025-03-06,NYC,13:00,2025-03-06 13:00:00,53.5,53.3,0.2,open_meteo_historical_forecast
2025-03-06,NYC,15:00,2025-03-06 15:00:00,53.5,53.3,0.2,open_meteo_historical_forecast
2025-03-07,NYC,09:00,2025-03-07 09:00:00,45.9,50.8,-4.9,open_meteo_historical_forecast
2025-03-07,NYC,11:00,2025-03-07 11:00:00,45.9,50.8,-4.9,open_meteo_historical_forecast
2025-03-07,NYC,13:00,2025-03-07 13:00:00,45.9,50.8,-4.9,open_meteo_historical_forecast
2025-03-07,NYC,15:00,2025-03-07 15:00:00,45.9,50.8,-4.9,open_meteo_historical_forecast
2025-03-08,NYC,09:00,2025-03-08 09:00:00,42.4,45.6,-3.2,open_meteo_historical_forecast
2025-03-08,NYC,11:00,2025-03-08 11:00:00,42.4,45.6,-3.2,open_meteo_historical_forecast
2025-03-08,NYC,13:00,2025-03-08 13:00:00,42.4,45.6,-3.2,open_meteo_historical_forecast
2025-03-08,NYC,15:00,2025-03-08 15:00:00,42.4,45.6,-3.2,open_meteo_historical_forecast
2025-03-09,NYC,09:00,2025-03-09 09:00:00,50.3,54.3,-4.0,open_meteo_historical_forecast
2025-03-09,NYC,11:00,2025-03-09 11:00:00,50.3,54.3,-4.0,open_meteo_historical_forecast
2025-03-09,NYC,13:00,2025-03-09 13:00:00,50.3,54.3,-4.0,open_meteo_historical_forecast
2025-03-09,NYC,15:00,2025-03-09 15:00:00,50.3,54.3,-4.0,open_meteo_historical_forecast
2025-03-10,NYC,09:00,2025-03-10 09:00:00,62.9,66.4,-3.5,open_meteo_historical_forecast
2025-03-10,NYC,11:00,2025-03-10 11:00:00,62.9,66.4,-3.5,open_meteo_historical_forecast
2025-03-10,NYC,13:00,2025-03-10 13:00:00,62.9,66.4,-3.5,open_meteo_historical_forecast
2025-03-10,NYC,15:00,2025-03-10 15:00:00,62.9,66.4,-3.5,open_meteo_historical_forecast
2025-03-11,NYC,09:00,2025-03-11 09:00:00,60.9,64.7,-3.8,open_meteo_historical_forecast
2025-03-11,NYC,11:00,2025-03-11 11:00:00,60.9,64.7,-3.8,open_meteo_historical_forecast
2025-03-11,NYC,13:00,2025-03-11 13:00:00,60.9,64.7,-3.8,open_meteo_historical_forecast
2025-03-11,NYC,15:00,2025-03-11 15:00:00,60.9,64.7,-3.8,open_meteo_historical_forecast
2025-03-12,NYC,09:00,2025-03-12 09:00:00,51.9,54.0,-2.1,open_meteo_historical_forecast
2025-03-12,NYC,11:00,2025-03-12 11:00:00,51.9,54.0,-2.1,open_meteo_historical_forecast
2025-03-12,NYC,13:00,2025-03-12 13:00:00,51.9,54.0,-2.1,open_meteo_historical_forecast
2025-03-12,NYC,15:00,2025-03-12 15:00:00,51.9,54.0,-2.1,open_meteo_historical_forecast
2025-03-13,NYC,09:00,2025-03-13 09:00:00,51.0,48.6,2.4,open_meteo_historical_forecast
2025-03-13,NYC,11:00,2025-03-13 11:00:00,51.0,48.6,2.4,open_meteo_historical_forecast
2025-03-13,NYC,13:00,2025-03-13 13:00:00,51.0,48.6,2.4,open_meteo_historical_forecast
2025-03-13,NYC,15:00,2025-03-13 15:00:00,51.0,48.6,2.4,open_meteo_historical_forecast
2025-03-14,NYC,09:00,2025-03-14 09:00:00,55.3,55.2,0.1,open_meteo_historical_forecast
2025-03-14,NYC,11:00,2025-03-14 11:00:00,55.3,55.2,0.1,open_meteo_historical_forecast
2025-03-14,NYC,13:00,2025-03-14 13:00:00,55.3,55.2,0.1,open_meteo_historical_forecast
2025-03-14,NYC,15:00,2025-03-14 15:00:00,55.3,55.2,0.1,open_meteo_historical_forecast
2025-03-15,NYC,09:00,2025-03-15 09:00:00,48.9,47.4,1.5,open_meteo_historical_forecast
2025-03-15,NYC,11:00,2025-03-15 11:00:00,48.9,47.4,1.5,open_meteo_historical_forecast
2025-03-15,NYC,13:00,2025-03-15 13:00:00,48.9,47.4,1.5,open_meteo_historical_forecast
2025-03-15,NYC,15:00,2025-03-15 15:00:00,48.9,47.4,1.5,open_meteo_historical_forecast
2025-03-16,NYC,09:00,2025-03-16 09:00:00,60.3,63.8,-3.5,open_meteo_historical_forecast
2025-03-16,NYC,11:00,2025-03-16 11:00:00,60.3,63.8,-3.5,open_meteo_historical_forecast
2025-03-16,NYC,13:00,2025-03-16 13:00:00,60.3,63.8,-3.5,open_meteo_historical_forecast
2025-03-16,NYC,15:00,2025-03-16 15:00:00,60.3,63.8,-3.5,open_meteo_historical_forecast
2025-03-17,NYC,09:00,2025-03-17 09:00:00,58.7,57.6,1.1,open_meteo_historical_forecast
2025-03-17,NYC,11:00,2025-03-17 11:00:00,58.7,57.6,1.1,open_meteo_historical_forecast
2025-03-17,NYC,13:00,2025-03-17 13:00:00,58.7,57.6,1.1,open_meteo_historical_forecast
2025-03-17,NYC,15:00,2025-03-17 15:00:00,58.7,57.6,1.1,open_meteo_historical_forecast
2025-03-18,NYC,09:00,2025-03-18 09:00:00,57.4,61.7,-4.3,open_meteo_historical_forecast
2025-03-18,NYC,11:00,2025-03-18 11:00:00,57.4,61.7,-4.3,open_meteo_historical_forecast
2025-03-18,NYC,13:00,2025-03-18 13:00:00,57.4,61.7,-4.3,open_meteo_historical_forecast
2025-03-18,NYC,15:00,2025-03-18 15:00:00,57.4,61.7,-4.3,open_meteo_historical_forecast
2025-03-19,NYC,09:00,2025-03-19 09:00:00,58.5,63.2,-4.7,open_meteo_historical_forecast
2025-03-19,NYC,11:00,2025-03-19 11:00:00,58.5,63.2,-4.7,open_meteo_historical_forecast
2025-03-19,NYC,13:00,2025-03-19 13:00:00,58.5,63.2,-4.7,open_meteo_historical_forecast
2025-03-19,NYC,15:00,2025-03-19 15:00:00,58.5,63.2,-4.7,open_meteo_historical_forecast
2025-03-20,NYC,09:00,2025-03-20 09:00:00,50.5,49.5,1.0,open_meteo_historical_forecast
2025-03-20,NYC,11:00,2025-03-20 11:00:00,50.5,49.5,1.0,open_meteo_historical_forecast
2025-03-20,NYC,13:00,2025-03-20 13:00:00,50.5,49.5,1.0,open_meteo_historical_forecast
2025-03-20,NYC,15:00,2025-03-20 15:00:00,50.5,49.5,1.0,open_meteo_historical_forecast
2025-03-21,NYC,09:00,2025-03-21 09:00:00,48.6,51.0,-2.4,open_meteo_historical_forecast
2025-03-21,NYC,11:00,2025-03-21 11:00:00,48.6,51.0,-2.4,open_meteo_historical_forecast
2025-03-21,NYC,13:00,2025-03-21 13:00:00,48.6,51.0,-2.4,open_meteo_historical_forecast
2025-03-21,NYC,15:00,2025-03-21 15:00:00,48.6,51.0,-2.4,open_meteo_historical_forecast
2025-03-22,NYC,09:00,2025-03-22 09:00:00,60.6,63.1,-2.5,open_meteo_historical_forecast
2025-03-22,NYC,11:00,2025-03-22 11:00:00,60.6,63.1,-2.5,open_meteo_historical_forecast
2025-03-22,NYC,13:00,2025-03-22 13:00:00,60.6,63.1,-2.5,open_meteo_historical_forecast
2025-03-22,NYC,15:00,2025-03-22 15:00:00,60.6,63.1,-2.5,open_meteo_historical_forecast
2025-03-23,NYC,09:00,2025-03-23 09:00:00,46.5,49.1,-2.6,open_meteo_historical_forecast
2025-03-23,NYC,11:00,2025-03-23 11:00:00,46.5,49.1,-2.6,open_meteo_historical_forecast
2025-03-23,NYC,13:00,2025-03-23 13:00:00,46.5,49.1,-2.6,open_meteo_historical_forecast
2025-03-23,NYC,15:00,2025-03-23 15:00:00,46.5,49.1,-2.6,open_meteo_historical_forecast
2025-03-24,NYC,09:00,2025-03-24 09:00:00,50.7,48.2,2.5,open_meteo_historical_forecast
2025-03-24,NYC,11:00,2025-03-24 11:00:00,50.7,48.2,2.5,open_meteo_historical_forecast
2025-03-24,NYC,13:00,2025-03-24 13:00:00,50.7,48.2,2.5,open_meteo_historical_forecast
2025-03-24,NYC,15:00,2025-03-24 15:00:00,50.7,48.2,2.5,open_meteo_historical_forecast
2025-03-25,NYC,09:00,2025-03-25 09:00:00,57.4,58.9,-1.5,open_meteo_historical_forecast
2025-03-25,NYC,11:00,2025-03-25 11:00:00,57.4,58.9,-1.5,open_meteo_historical_forecast
2025-03-25,NYC,13:00,2025-03-25 13:00:00,57.4,58.9,-1.5,open_meteo_historical_forecast
2025-03-25,NYC,15:00,2025-03-25 15:00:00,57.4,58.9,-1.5,open_meteo_historical_forecast
2025-03-26,NYC,09:00,2025-03-26 09:00:00,49.7,51.7,-2.0,open_meteo_historical_forecast
2025-03-26,NYC,11:00,2025-03-26 11:00:00,49.7,51.7,-2.0,open_meteo_historical_forecast
2025-03-26,NYC,13:00,2025-03-26 13:00:00,49.7,51.7,-2.0,open_meteo_historical_forecast
2025-03-26,NYC,15:00,2025-03-26 15:00:00,49.7,51.7,-2.0,open_meteo_historical_forecast
2025-03-27,NYC,09:00,2025-03-27 09:00:00,49.5,52.7,-3.2,open_meteo_historical_forecast
2025-03-27,NYC,11:00,2025-03-27 11:00:00,49.5,52.7,-3.2,open_meteo_historical_forecast
2025-03-27,NYC,13:00,2025-03-27 13:00:00,49.5,52.7,-3.2,open_meteo_historical_forecast
2025-03-27,NYC,15:00,2025-03-27 15:00:00,49.5,52.7,-3.2,open_meteo_historical_forecast
2025-03-28,NYC,09:00,2025-03-28 09:00:00,59.6,63.3,-3.7,open_meteo_historical_forecast
2025-03-28,NYC,11:00,2025-03-28 11:00:00,59.6,63.3,-3.7,open_meteo_historical_forecast
2025-03-28,NYC,13:00,2025-03-28 13:00:00,59.6,63.3,-3.7,open_meteo_historical_forecast
2025-03-28,NYC,15:00,2025-03-28 15:00:00,59.6,63.3,-3.7,open_meteo_historical_forecast
2025-03-29,NYC,09:00,2025-03-29 09:00:00,78.4,81.8,-3.4,open_meteo_historical_forecast
2025-03-29,NYC,11:00,2025-03-29 11:00:00,78.4,81.8,-3.4,open_meteo_historical_forecast
2025-03-29,NYC,13:00,2025-03-29 13:00:00,78.4,81.8,-3.4,open_meteo_historical_forecast
2025-03-29,NYC,15:00,2025-03-29 15:00:00,78.4,81.8,-3.4,open_meteo_historical_forecast
2025-03-30,NYC,09:00,2025-03-30 09:00:00,57.0,46.5,10.5,open_meteo_historical_forecast
2025-03-30,NYC,11:00,2025-03-30 11:00:00,57.0,46.5,10.5,open_meteo_historical_forecast
2025-03-30,NYC,13:00,2025-03-30 13:00:00,57.0,46.5,10.5,open_meteo_historical_forecast
2025-03-30,NYC,15:00,2025-03-30 15:00:00,57.0,46.5,10.5,open_meteo_historical_forecast
2025-03-31,NYC,09:00,2025-03-31 09:00:00,74.8,72.9,1.9,open_meteo_historical_forecast
2025-03-31,NYC,11:00,2025-03-31 11:00:00,74.8,72.9,1.9,open_meteo_historical_forecast
2025-03-31,NYC,13:00,2025-03-31 13:00:00,74.8,72.9,1.9,open_meteo_historical_forecast
2025-03-31,NYC,15:00,2025-03-31 15:00:00,74.8,72.9,1.9,open_meteo_historical_forecast
2025-04-01,NYC,09:00,2025-04-01 09:00:00,60.3,57.2,3.1,open_meteo_historical_forecast
2025-04-01,NYC,11:00,2025-04-01 11:00:00,60.3,57.2,3.1,open_meteo_historical_forecast
2025-04-01,NYC,13:00,2025-04-01 13:00:00,60.3,57.2,3.1,open_meteo_historical_forecast
2025-04-01,NYC,15:00,2025-04-01 15:00:00,60.3,57.2,3.1,open_meteo_historical_forecast
2025-04-02,NYC,09:00,2025-04-02 09:00:00,47.3,48.6,-1.3,open_meteo_historical_forecast
2025-04-02,NYC,11:00,2025-04-02 11:00:00,47.3,48.6,-1.3,open_meteo_historical_forecast
2025-04-02,NYC,13:00,2025-04-02 13:00:00,47.3,48.6,-1.3,open_meteo_historical_forecast
2025-04-02,NYC,15:00,2025-04-02 15:00:00,47.3,48.6,-1.3,open_meteo_historical_forecast
2025-04-03,NYC,09:00,2025-04-03 09:00:00,70.8,70.6,0.2,open_meteo_historical_forecast
2025-04-03,NYC,11:00,2025-04-03 11:00:00,70.8,70.6,0.2,open_meteo_historical_forecast
2025-04-03,NYC,13:00,2025-04-03 13:00:00,70.8,70.6,0.2,open_meteo_historical_forecast
2025-04-03,NYC,15:00,2025-04-03 15:00:00,70.8,70.6,0.2,open_meteo_historical_forecast
2025-04-04,NYC,09:00,2025-04-04 09:00:00,69.7,70.5,-0.8,open_meteo_historical_forecast
2025-04-04,NYC,11:00,2025-04-04 11:00:00,69.7,70.5,-0.8,open_meteo_historical_forecast
2025-04-04,NYC,13:00,2025-04-04 13:00:00,69.7,70.5,-0.8,open_meteo_historical_forecast
2025-04-04,NYC,15:00,2025-04-04 15:00:00,69.7,70.5,-0.8,open_meteo_historical_forecast
2025-04-05,NYC,09:00,2025-04-05 09:00:00,54.4,58.7,-4.3,open_meteo_historical_forecast
2025-04-05,NYC,11:00,2025-04-05 11:00:00,54.4,58.7,-4.3,open_meteo_historical_forecast
2025-04-05,NYC,13:00,2025-04-05 13:00:00,54.4,58.7,-4.3,open_meteo_historical_forecast
2025-04-05,NYC,15:00,2025-04-05 15:00:00,54.4,58.7,-4.3,open_meteo_historical_forecast
2025-04-06,NYC,09:00,2025-04-06 09:00:00,59.1,56.3,2.8,open_meteo_historical_forecast
2025-04-06,NYC,11:00,2025-04-06 11:00:00,59.1,56.3,2.8,open_meteo_historical_forecast
2025-04-06,NYC,13:00,2025-04-06 13:00:00,59.1,56.3,2.8,open_meteo_historical_forecast
2025-04-06,NYC,15:00,2025-04-06 15:00:00,59.1,56.3,2.8,open_meteo_historical_forecast
2025-04-07,NYC,09:00,2025-04-07 09:00:00,48.3,49.1,-0.8,open_meteo_historical_forecast
2025-04-07,NYC,11:00,2025-04-07 11:00:00,48.3,49.1,-0.8,open_meteo_historical_forecast
2025-04-07,NYC,13:00,2025-04-07 13:00:00,48.3,49.1,-0.8,open_meteo_historical_forecast
2025-04-07,NYC,15:00,2025-04-07 15:00:00,48.3,49.1,-0.8,open_meteo_historical_forecast
2025-04-08,NYC,09:00,2025-04-08 09:00:00,43.4,45.8,-2.4,open_meteo_historical_forecast
2025-04-08,NYC,11:00,2025-04-08 11:00:00,43.4,45.8,-2.4,open_meteo_historical_forecast
2025-04-08,NYC,13:00,2025-04-08 13:00:00,43.4,45.8,-2.4,open_meteo_historical_forecast
2025-04-08,NYC,15:00,2025-04-08 15:00:00,43.4,45.8,-2.4,open_meteo_historical_forecast
2025-04-09,NYC,09:00,2025-04-09 09:00:00,46.7,49.2,-2.5,open_meteo_historical_forecast
2025-04-09,NYC,11:00,2025-04-09 11:00:00,46.7,49.2,-2.5,open_meteo_historical_forecast
2025-04-09,NYC,13:00,2025-04-09 13:00:00,46.7,49.2,-2.5,open_meteo_historical_forecast
2025-04-09,NYC,15:00,2025-04-09 15:00:00,46.7,49.2,-2.5,open_meteo_historical_forecast
2025-04-10,NYC,09:00,2025-04-10 09:00:00,48.9,50.6,-1.7,open_meteo_historical_forecast
2025-04-10,NYC,11:00,2025-04-10 11:00:00,48.9,50.6,-1.7,open_meteo_historical_forecast
2025-04-10,NYC,13:00,2025-04-10 13:00:00,48.9,50.6,-1.7,open_meteo_historical_forecast
2025-04-10,NYC,15:00,2025-04-10 15:00:00,48.9,50.6,-1.7,open_meteo_historical_forecast
2025-04-11,NYC,09:00,2025-04-11 09:00:00,44.8,45.9,-1.1,open_meteo_historical_forecast
2025-04-11,NYC,11:00,2025-04-11 11:00:00,44.8,45.9,-1.1,open_meteo_historical_forecast
2025-04-11,NYC,13:00,2025-04-11 13:00:00,44.8,45.9,-1.1,open_meteo_historical_forecast
2025-04-11,NYC,15:00,2025-04-11 15:00:00,44.8,45.9,-1.1,open_meteo_historical_forecast
2025-04-12,NYC,09:00,2025-04-12 09:00:00,42.2,41.4,0.8,open_meteo_historical_forecast
2025-04-12,NYC,11:00,2025-04-12 11:00:00,42.2,41.4,0.8,open_meteo_historical_forecast
2025-04-12,NYC,13:00,2025-04-12 13:00:00,42.2,41.4,0.8,open_meteo_historical_forecast
2025-04-12,NYC,15:00,2025-04-12 15:00:00,42.2,41.4,0.8,open_meteo_historical_forecast
2025-04-13,NYC,09:00,2025-04-13 09:00:00,56.9,57.6,-0.7,open_meteo_historical_forecast
2025-04-13,NYC,11:00,2025-04-13 11:00:00,56.9,57.6,-0.7,open_meteo_historical_forecast
2025-04-13,NYC,13:00,2025-04-13 13:00:00,56.9,57.6,-0.7,open_meteo_historical_forecast
2025-04-13,NYC,15:00,2025-04-13 15:00:00,56.9,57.6,-0.7,open_meteo_historical_forecast
2025-04-14,NYC,09:00,2025-04-14 09:00:00,61.1,66.2,-5.1,open_meteo_historical_forecast
2025-04-14,NYC,11:00,2025-04-14 11:00:00,61.1,66.2,-5.1,open_meteo_historical_forecast
2025-04-14,NYC,13:00,2025-04-14 13:00:00,61.1,66.2,-5.1,open_meteo_historical_forecast
2025-04-14,NYC,15:00,2025-04-14 15:00:00,61.1,66.2,-5.1,open_meteo_historical_forecast
2025-04-15,NYC,09:00,2025-04-15 09:00:00,65.3,69.6,-4.3,open_meteo_historical_forecast
2025-04-15,NYC,11:00,2025-04-15 11:00:00,65.3,69.6,-4.3,open_meteo_historical_forecast
2025-04-15,NYC,13:00,2025-04-15 13:00:00,65.3,69.6,-4.3,open_meteo_historical_forecast
2025-04-15,NYC,15:00,2025-04-15 15:00:00,65.3,69.6,-4.3,open_meteo_historical_forecast
2025-04-16,NYC,09:00,2025-04-16 09:00:00,49.7,51.3,-1.6,open_meteo_historical_forecast
2025-04-16,NYC,11:00,2025-04-16 11:00:00,49.7,51.3,-1.6,open_meteo_historical_forecast
2025-04-16,NYC,13:00,2025-04-16 13:00:00,49.7,51.3,-1.6,open_meteo_historical_forecast
2025-04-16,NYC,15:00,2025-04-16 15:00:00,49.7,51.3,-1.6,open_meteo_historical_forecast
2025-04-17,NYC,09:00,2025-04-17 09:00:00,59.4,63.8,-4.4,open_meteo_historical_forecast
2025-04-17,NYC,11:00,2025-04-17 11:00:00,59.4,63.8,-4.4,open_meteo_historical_forecast
2025-04-17,NYC,13:00,2025-04-17 13:00:00,59.4,63.8,-4.4,open_meteo_historical_forecast
2025-04-17,NYC,15:00,2025-04-17 15:00:00,59.4,63.8,-4.4,open_meteo_historical_forecast
2025-04-18,NYC,09:00,2025-04-18 09:00:00,64.0,67.3,-3.3,open_meteo_historical_forecast
2025-04-18,NYC,11:00,2025-04-18 11:00:00,64.0,67.3,-3.3,open_meteo_historical_forecast
2025-04-18,NYC,13:00,2025-04-18 13:00:00,64.0,67.3,-3.3,open_meteo_historical_forecast
2025-04-18,NYC,15:00,2025-04-18 15:00:00,64.0,67.3,-3.3,open_meteo_historical_forecast
2025-04-19,NYC,09:00,2025-04-19 09:00:00,79.6,85.5,-5.9,open_meteo_historical_forecast
2025-04-19,NYC,11:00,2025-04-19 11:00:00,79.6,85.5,-5.9,open_meteo_historical_forecast
2025-04-19,NYC,13:00,2025-04-19 13:00:00,79.6,85.5,-5.9,open_meteo_historical_forecast
2025-04-19,NYC,15:00,2025-04-19 15:00:00,79.6,85.5,-5.9,open_meteo_historical_forecast
2025-04-20,NYC,09:00,2025-04-20 09:00:00,70.8,75.0,-4.2,open_meteo_historical_forecast
2025-04-20,NYC,11:00,2025-04-20 11:00:00,70.8,75.0,-4.2,open_meteo_historical_forecast
2025-04-20,NYC,13:00,2025-04-20 13:00:00,70.8,75.0,-4.2,open_meteo_historical_forecast
2025-04-20,NYC,15:00,2025-04-20 15:00:00,70.8,75.0,-4.2,open_meteo_historical_forecast
2025-04-21,NYC,09:00,2025-04-21 09:00:00,56.2,58.9,-2.7,open_meteo_historical_forecast
2025-04-21,NYC,11:00,2025-04-21 11:00:00,56.2,58.9,-2.7,open_meteo_historical_forecast
2025-04-21,NYC,13:00,2025-04-21 13:00:00,56.2,58.9,-2.7,open_meteo_historical_forecast
2025-04-21,NYC,15:00,2025-04-21 15:00:00,56.2,58.9,-2.7,open_meteo_historical_forecast
2025-04-22,NYC,09:00,2025-04-22 09:00:00,78.4,81.9,-3.5,open_meteo_historical_forecast
2025-04-22,NYC,11:00,2025-04-22 11:00:00,78.4,81.9,-3.5,open_meteo_historical_forecast
2025-04-22,NYC,13:00,2025-04-22 13:00:00,78.4,81.9,-3.5,open_meteo_historical_forecast
2025-04-22,NYC,15:00,2025-04-22 15:00:00,78.4,81.9,-3.5,open_meteo_historical_forecast
2025-04-23,NYC,09:00,2025-04-23 09:00:00,75.8,75.4,0.4,open_meteo_historical_forecast
2025-04-23,NYC,11:00,2025-04-23 11:00:00,75.8,75.4,0.4,open_meteo_historical_forecast
2025-04-23,NYC,13:00,2025-04-23 13:00:00,75.8,75.4,0.4,open_meteo_historical_forecast
2025-04-23,NYC,15:00,2025-04-23 15:00:00,75.8,75.4,0.4,open_meteo_historical_forecast
2025-04-24,NYC,09:00,2025-04-24 09:00:00,79.8,75.6,4.2,open_meteo_historical_forecast
2025-04-24,NYC,11:00,2025-04-24 11:00:00,79.8,75.6,4.2,open_meteo_historical_forecast
2025-04-24,NYC,13:00,2025-04-24 13:00:00,79.8,75.6,4.2,open_meteo_historical_forecast
2025-04-24,NYC,15:00,2025-04-24 15:00:00,79.8,75.6,4.2,open_meteo_historical_forecast
2025-04-25,NYC,09:00,2025-04-25 09:00:00,77.4,76.1,1.3,open_meteo_historical_forecast
2025-04-25,NYC,11:00,2025-04-25 11:00:00,77.4,76.1,1.3,open_meteo_historical_forecast
2025-04-25,NYC,13:00,2025-04-25 13:00:00,77.4,76.1,1.3,open_meteo_historical_forecast
2025-04-25,NYC,15:00,2025-04-25 15:00:00,77.4,76.1,1.3,open_meteo_historical_forecast
2025-04-26,NYC,09:00,2025-04-26 09:00:00,70.5,72.1,-1.6,open_meteo_historical_forecast
2025-04-26,NYC,11:00,2025-04-26 11:00:00,70.5,72.1,-1.6,open_meteo_historical_forecast
2025-04-26,NYC,13:00,2025-04-26 13:00:00,70.5,72.1,-1.6,open_meteo_historical_forecast
2025-04-26,NYC,15:00,2025-04-26 15:00:00,70.5,72.1,-1.6,open_meteo_historical_forecast
2025-04-27,NYC,09:00,2025-04-27 09:00:00,57.2,59.3,-2.1,open_meteo_historical_forecast
2025-04-27,NYC,11:00,2025-04-27 11:00:00,57.2,59.3,-2.1,open_meteo_historical_forecast
2025-04-27,NYC,13:00,2025-04-27 13:00:00,57.2,59.3,-2.1,open_meteo_historical_forecast
2025-04-27,NYC,15:00,2025-04-27 15:00:00,57.2,59.3,-2.1,open_meteo_historical_forecast
2025-04-28,NYC,09:00,2025-04-28 09:00:00,72.4,77.2,-4.8,open_meteo_historical_forecast
2025-04-28,NYC,11:00,2025-04-28 11:00:00,72.4,77.2,-4.8,open_meteo_historical_forecast
2025-04-28,NYC,13:00,2025-04-28 13:00:00,72.4,77.2,-4.8,open_meteo_historical_forecast
2025-04-28,NYC,15:00,2025-04-28 15:00:00,72.4,77.2,-4.8,open_meteo_historical_forecast
2025-04-29,NYC,09:00,2025-04-29 09:00:00,81.1,79.5,1.6,open_meteo_historical_forecast
2025-04-29,NYC,11:00,2025-04-29 11:00:00,81.1,79.5,1.6,open_meteo_historical_forecast
2025-04-29,NYC,13:00,2025-04-29 13:00:00,81.1,79.5,1.6,open_meteo_historical_forecast
2025-04-29,NYC,15:00,2025-04-29 15:00:00,81.1,79.5,1.6,open_meteo_historical_forecast
2025-04-30,NYC,09:00,2025-04-30 09:00:00,72.9,75.1,-2.2,open_meteo_historical_forecast
2025-04-30,NYC,11:00,2025-04-30 11:00:00,72.9,75.1,-2.2,open_meteo_historical_forecast
2025-04-30,NYC,13:00,2025-04-30 13:00:00,72.9,75.1,-2.2,open_meteo_historical_forecast
2025-04-30,NYC,15:00,2025-04-30 15:00:00,72.9,75.1,-2.2,open_meteo_historical_forecast
2025-05-01,NYC,09:00,2025-05-01 09:00:00,71.4,70.7,0.7,open_meteo_historical_forecast
2025-05-01,NYC,11:00,2025-05-01 11:00:00,71.4,70.7,0.7,open_meteo_historical_forecast
2025-05-01,NYC,13:00,2025-05-01 13:00:00,71.4,70.7,0.7,open_meteo_historical_forecast
2025-05-01,NYC,15:00,2025-05-01 15:00:00,71.4,70.7,0.7,open_meteo_historical_forecast
2025-05-02,NYC,09:00,2025-05-02 09:00:00,86.1,83.4,2.7,open_meteo_historical_forecast
2025-05-02,NYC,11:00,2025-05-02 11:00:00,86.1,83.4,2.7,open_meteo_historical_forecast
2025-05-02,NYC,13:00,2025-05-02 13:00:00,86.1,83.4,2.7,open_meteo_historical_forecast
2025-05-02,NYC,15:00,2025-05-02 15:00:00,86.1,83.4,2.7,open_meteo_historical_forecast
2025-05-03,NYC,09:00,2025-05-03 09:00:00,83.9,83.9,0.0,open_meteo_historical_forecast
2025-05-03,NYC,11:00,2025-05-03 11:00:00,83.9,83.9,0.0,open_meteo_historical_forecast
2025-05-03,NYC,13:00,2025-05-03 13:00:00,83.9,83.9,0.0,open_meteo_historical_forecast
2025-05-03,NYC,15:00,2025-05-03 15:00:00,83.9,83.9,0.0,open_meteo_historical_forecast
2025-05-04,NYC,09:00,2025-05-04 09:00:00,69.6,69.7,-0.1,open_meteo_historical_forecast
2025-05-04,NYC,11:00,2025-05-04 11:00:00,69.6,69.7,-0.1,open_meteo_historical_forecast
2025-05-04,NYC,13:00,2025-05-04 13:00:00,69.6,69.7,-0.1,open_meteo_historical_forecast
2025-05-04,NYC,15:00,2025-05-04 15:00:00,69.6,69.7,-0.1,open_meteo_historical_forecast
2025-05-05,NYC,09:00,2025-05-05 09:00:00,66.4,60.8,5.6,open_meteo_historical_forecast
2025-05-05,NYC,11:00,2025-05-05 11:00:00,66.4,60.8,5.6,open_meteo_historical_forecast
2025-05-05,NYC,13:00,2025-05-05 13:00:00,66.4,60.8,5.6,open_meteo_historical_forecast
2025-05-05,NYC,15:00,2025-05-05 15:00:00,66.4,60.8,5.6,open_meteo_historical_forecast
2025-05-06,NYC,09:00,2025-05-06 09:00:00,65.7,64.8,0.9,open_meteo_historical_forecast
2025-05-06,NYC,11:00,2025-05-06 11:00:00,65.7,64.8,0.9,open_meteo_historical_forecast
2025-05-06,NYC,13:00,2025-05-06 13:00:00,65.7,64.8,0.9,open_meteo_historical_forecast
2025-05-06,NYC,15:00,2025-05-06 15:00:00,65.7,64.8,0.9,open_meteo_historical_forecast
2025-05-07,NYC,09:00,2025-05-07 09:00:00,71.8,76.0,-4.2,open_meteo_historical_forecast
2025-05-07,NYC,11:00,2025-05-07 11:00:00,71.8,76.0,-4.2,open_meteo_historical_forecast
2025-05-07,NYC,13:00,2025-05-07 13:00:00,71.8,76.0,-4.2,open_meteo_historical_forecast
2025-05-07,NYC,15:00,2025-05-07 15:00:00,71.8,76.0,-4.2,open_meteo_historical_forecast
2025-05-08,NYC,09:00,2025-05-08 09:00:00,73.9,76.6,-2.7,open_meteo_historical_forecast
2025-05-08,NYC,11:00,2025-05-08 11:00:00,73.9,76.6,-2.7,open_meteo_historical_forecast
2025-05-08,NYC,13:00,2025-05-08 13:00:00,73.9,76.6,-2.7,open_meteo_historical_forecast
2025-05-08,NYC,15:00,2025-05-08 15:00:00,73.9,76.6,-2.7,open_meteo_historical_forecast
2025-05-09,NYC,09:00,2025-05-09 09:00:00,60.7,59.7,1.0,open_meteo_historical_forecast
2025-05-09,NYC,11:00,2025-05-09 11:00:00,60.7,59.7,1.0,open_meteo_historical_forecast
2025-05-09,NYC,13:00,2025-05-09 13:00:00,60.7,59.7,1.0,open_meteo_historical_forecast
2025-05-09,NYC,15:00,2025-05-09 15:00:00,60.7,59.7,1.0,open_meteo_historical_forecast
2025-05-10,NYC,09:00,2025-05-10 09:00:00,68.6,75.0,-6.4,open_meteo_historical_forecast
2025-05-10,NYC,11:00,2025-05-10 11:00:00,68.6,75.0,-6.4,open_meteo_historical_forecast
2025-05-10,NYC,13:00,2025-05-10 13:00:00,68.6,75.0,-6.4,open_meteo_historical_forecast
2025-05-10,NYC,15:00,2025-05-10 15:00:00,68.6,75.0,-6.4,open_meteo_historical_forecast
2025-05-11,NYC,09:00,2025-05-11 09:00:00,73.5,80.8,-7.3,open_meteo_historical_forecast
2025-05-11,NYC,11:00,2025-05-11 11:00:00,73.5,80.8,-7.3,open_meteo_historical_forecast
2025-05-11,NYC,13:00,2025-05-11 13:00:00,73.5,80.8,-7.3,open_meteo_historical_forecast
2025-05-11,NYC,15:00,2025-05-11 15:00:00,73.5,80.8,-7.3,open_meteo_historical_forecast
2025-05-12,NYC,09:00,2025-05-12 09:00:00,68.7,74.4,-5.7,open_meteo_historical_forecast
2025-05-12,NYC,11:00,2025-05-12 11:00:00,68.7,74.4,-5.7,open_meteo_historical_forecast
2025-05-12,NYC,13:00,2025-05-12 13:00:00,68.7,74.4,-5.7,open_meteo_historical_forecast
2025-05-12,NYC,15:00,2025-05-12 15:00:00,68.7,74.4,-5.7,open_meteo_historical_forecast
2025-05-13,NYC,09:00,2025-05-13 09:00:00,67.6,67.4,0.2,open_meteo_historical_forecast
2025-05-13,NYC,11:00,2025-05-13 11:00:00,67.6,67.4,0.2,open_meteo_historical_forecast
2025-05-13,NYC,13:00,2025-05-13 13:00:00,67.6,67.4,0.2,open_meteo_historical_forecast
2025-05-13,NYC,15:00,2025-05-13 15:00:00,67.6,67.4,0.2,open_meteo_historical_forecast
2025-05-14,NYC,09:00,2025-05-14 09:00:00,67.4,62.4,5.0,open_meteo_historical_forecast
2025-05-14,NYC,11:00,2025-05-14 11:00:00,67.4,62.4,5.0,open_meteo_historical_forecast
2025-05-14,NYC,13:00,2025-05-14 13:00:00,67.4,62.4,5.0,open_meteo_historical_forecast
2025-05-14,NYC,15:00,2025-05-14 15:00:00,67.4,62.4,5.0,open_meteo_historical_forecast
2025-05-15,NYC,09:00,2025-05-15 09:00:00,72.7,68.3,4.4,open_meteo_historical_forecast
2025-05-15,NYC,11:00,2025-05-15 11:00:00,72.7,68.3,4.4,open_meteo_historical_forecast
2025-05-15,NYC,13:00,2025-05-15 13:00:00,72.7,68.3,4.4,open_meteo_historical_forecast
2025-05-15,NYC,15:00,2025-05-15 15:00:00,72.7,68.3,4.4,open_meteo_historical_forecast
2025-05-16,NYC,09:00,2025-05-16 09:00:00,73.4,72.6,0.8,open_meteo_historical_forecast
2025-05-16,NYC,11:00,2025-05-16 11:00:00,73.4,72.6,0.8,open_meteo_historical_forecast
2025-05-16,NYC,13:00,2025-05-16 13:00:00,73.4,72.6,0.8,open_meteo_historical_forecast
2025-05-16,NYC,15:00,2025-05-16 15:00:00,73.4,72.6,0.8,open_meteo_historical_forecast
2025-05-17,NYC,09:00,2025-05-17 09:00:00,79.2,84.3,-5.1,open_meteo_historical_forecast
2025-05-17,NYC,11:00,2025-05-17 11:00:00,79.2,84.3,-5.1,open_meteo_historical_forecast
2025-05-17,NYC,13:00,2025-05-17 13:00:00,79.2,84.3,-5.1,open_meteo_historical_forecast
2025-05-17,NYC,15:00,2025-05-17 15:00:00,79.2,84.3,-5.1,open_meteo_historical_forecast
2025-05-18,NYC,09:00,2025-05-18 09:00:00,72.8,74.2,-1.4,open_meteo_historical_forecast
2025-05-18,NYC,11:00,2025-05-18 11:00:00,72.8,74.2,-1.4,open_meteo_historical_forecast
2025-05-18,NYC,13:00,2025-05-18 13:00:00,72.8,74.2,-1.4,open_meteo_historical_forecast
2025-05-18,NYC,15:00,2025-05-18 15:00:00,72.8,74.2,-1.4,open_meteo_historical_forecast
2025-05-19,NYC,09:00,2025-05-19 09:00:00,67.1,70.9,-3.8,open_meteo_historical_forecast
2025-05-19,NYC,11:00,2025-05-19 11:00:00,67.1,70.9,-3.8,open_meteo_historical_forecast
2025-05-19,NYC,13:00,2025-05-19 13:00:00,67.1,70.9,-3.8,open_meteo_historical_forecast
2025-05-19,NYC,15:00,2025-05-19 15:00:00,67.1,70.9,-3.8,open_meteo_historical_forecast
2025-05-20,NYC,09:00,2025-05-20 09:00:00,64.1,67.5,-3.4,open_meteo_historical_forecast
2025-05-20,NYC,11:00,2025-05-20 11:00:00,64.1,67.5,-3.4,open_meteo_historical_forecast
2025-05-20,NYC,13:00,2025-05-20 13:00:00,64.1,67.5,-3.4,open_meteo_historical_forecast
2025-05-20,NYC,15:00,2025-05-20 15:00:00,64.1,67.5,-3.4,open_meteo_historical_forecast
2025-05-21,NYC,09:00,2025-05-21 09:00:00,56.7,57.6,-0.9,open_meteo_historical_forecast
2025-05-21,NYC,11:00,2025-05-21 11:00:00,56.7,57.6,-0.9,open_meteo_historical_forecast
2025-05-21,NYC,13:00,2025-05-21 13:00:00,56.7,57.6,-0.9,open_meteo_historical_forecast
2025-05-21,NYC,15:00,2025-05-21 15:00:00,56.7,57.6,-0.9,open_meteo_historical_forecast
2025-05-22,NYC,09:00,2025-05-22 09:00:00,54.5,50.9,3.6,open_meteo_historical_forecast
2025-05-22,NYC,11:00,2025-05-22 11:00:00,54.5,50.9,3.6,open_meteo_historical_forecast
2025-05-22,NYC,13:00,2025-05-22 13:00:00,54.5,50.9,3.6,open_meteo_historical_forecast
2025-05-22,NYC,15:00,2025-05-22 15:00:00,54.5,50.9,3.6,open_meteo_historical_forecast
2025-05-23,NYC,09:00,2025-05-23 09:00:00,61.1,62.1,-1.0,open_meteo_historical_forecast
2025-05-23,NYC,11:00,2025-05-23 11:00:00,61.1,62.1,-1.0,open_meteo_historical_forecast
2025-05-23,NYC,13:00,2025-05-23 13:00:00,61.1,62.1,-1.0,open_meteo_historical_forecast
2025-05-23,NYC,15:00,2025-05-23 15:00:00,61.1,62.1,-1.0,open_meteo_historical_forecast
2025-05-24,NYC,09:00,2025-05-24 09:00:00,62.2,64.7,-2.5,open_meteo_historical_forecast
2025-05-24,NYC,11:00,2025-05-24 11:00:00,62.2,64.7,-2.5,open_meteo_historical_forecast
2025-05-24,NYC,13:00,2025-05-24 13:00:00,62.2,64.7,-2.5,open_meteo_historical_forecast
2025-05-24,NYC,15:00,2025-05-24 15:00:00,62.2,64.7,-2.5,open_meteo_historical_forecast
2025-05-25,NYC,09:00,2025-05-25 09:00:00,66.1,67.9,-1.8,open_meteo_historical_forecast
2025-05-25,NYC,11:00,2025-05-25 11:00:00,66.1,67.9,-1.8,open_meteo_historical_forecast
2025-05-25,NYC,13:00,2025-05-25 13:00:00,66.1,67.9,-1.8,open_meteo_historical_forecast
2025-05-25,NYC,15:00,2025-05-25 15:00:00,66.1,67.9,-1.8,open_meteo_historical_forecast
2025-05-26,NYC,09:00,2025-05-26 09:00:00,70.5,75.0,-4.5,open_meteo_historical_forecast
2025-05-26,NYC,11:00,2025-05-26 11:00:00,70.5,75.0,-4.5,open_meteo_historical_forecast
2025-05-26,NYC,13:00,2025-05-26 13:00:00,70.5,75.0,-4.5,open_meteo_historical_forecast
2025-05-26,NYC,15:00,2025-05-26 15:00:00,70.5,75.0,-4.5,open_meteo_historical_forecast
2025-05-27,NYC,09:00,2025-05-27 09:00:00,76.6,76.5,0.1,open_meteo_historical_forecast
2025-05-27,NYC,11:00,2025-05-27 11:00:00,76.6,76.5,0.1,open_meteo_historical_forecast
2025-05-27,NYC,13:00,2025-05-27 13:00:00,76.6,76.5,0.1,open_meteo_historical_forecast
2025-05-27,NYC,15:00,2025-05-27 15:00:00,76.6,76.5,0.1,open_meteo_historical_forecast
2025-05-28,NYC,09:00,2025-05-28 09:00:00,66.6,69.2,-2.6,open_meteo_historical_forecast
2025-05-28,NYC,11:00,2025-05-28 11:00:00,66.6,69.2,-2.6,open_meteo_historical_forecast
2025-05-28,NYC,13:00,2025-05-28 13:00:00,66.6,69.2,-2.6,open_meteo_historical_forecast
2025-05-28,NYC,15:00,2025-05-28 15:00:00,66.6,69.2,-2.6,open_meteo_historical_forecast
2025-05-29,NYC,09:00,2025-05-29 09:00:00,70.3,66.5,3.8,open_meteo_historical_forecast
2025-05-29,NYC,11:00,2025-05-29 11:00:00,70.3,66.5,3.8,open_meteo_historical_forecast
2025-05-29,NYC,13:00,2025-05-29 13:00:00,70.3,66.5,3.8,open_meteo_historical_forecast
2025-05-29,NYC,15:00,2025-05-29 15:00:00,70.3,66.5,3.8,open_meteo_historical_forecast
2025-05-30,NYC,09:00,2025-05-30 09:00:00,73.7,75.3,-1.6,open_meteo_historical_forecast
2025-05-30,NYC,11:00,2025-05-30 11:00:00,73.7,75.3,-1.6,open_meteo_historical_forecast
2025-05-30,NYC,13:00,2025-05-30 13:00:00,73.7,75.3,-1.6,open_meteo_historical_forecast
2025-05-30,NYC,15:00,2025-05-30 15:00:00,73.7,75.3,-1.6,open_meteo_historical_forecast
2025-05-31,NYC,09:00,2025-05-31 09:00:00,66.7,67.5,-0.8,open_meteo_historical_forecast
2025-05-31,NYC,11:00,2025-05-31 11:00:00,66.7,67.5,-0.8,open_meteo_historical_forecast
2025-05-31,NYC,13:00,2025-05-31 13:00:00,66.7,67.5,-0.8,open_meteo_historical_forecast
2025-05-31,NYC,15:00,2025-05-31 15:00:00,66.7,67.5,-0.8,open_meteo_historical_forecast
2025-06-01,NYC,09:00,2025-06-01 09:00:00,65.3,68.1,-2.8,open_meteo_historical_forecast
2025-06-01,NYC,11:00,2025-06-01 11:00:00,65.3,68.1,-2.8,open_meteo_historical_forecast
2025-06-01,NYC,13:00,2025-06-01 13:00:00,65.3,68.1,-2.8,open_meteo_historical_forecast
2025-06-01,NYC,15:00,2025-06-01 15:00:00,65.3,68.1,-2.8,open_meteo_historical_forecast
2025-06-02,NYC,09:00,2025-06-02 09:00:00,70.0,74.3,-4.3,open_meteo_historical_forecast
2025-06-02,NYC,11:00,2025-06-02 11:00:00,70.0,74.3,-4.3,open_meteo_historical_forecast
2025-06-02,NYC,13:00,2025-06-02 13:00:00,70.0,74.3,-4.3,open_meteo_historical_forecast
2025-06-02,NYC,15:00,2025-06-02 15:00:00,70.0,74.3,-4.3,open_meteo_historical_forecast
2025-06-03,NYC,09:00,2025-06-03 09:00:00,79.2,82.3,-3.1,open_meteo_historical_forecast
2025-06-03,NYC,11:00,2025-06-03 11:00:00,79.2,82.3,-3.1,open_meteo_historical_forecast
2025-06-03,NYC,13:00,2025-06-03 13:00:00,79.2,82.3,-3.1,open_meteo_historical_forecast
2025-06-03,NYC,15:00,2025-06-03 15:00:00,79.2,82.3,-3.1,open_meteo_historical_forecast
2025-06-04,NYC,09:00,2025-06-04 09:00:00,85.0,85.5,-0.5,open_meteo_historical_forecast
2025-06-04,NYC,11:00,2025-06-04 11:00:00,85.0,85.5,-0.5,open_meteo_historical_forecast
2025-06-04,NYC,13:00,2025-06-04 13:00:00,85.0,85.5,-0.5,open_meteo_historical_forecast
2025-06-04,NYC,15:00,2025-06-04 15:00:00,85.0,85.5,-0.5,open_meteo_historical_forecast
2025-06-05,NYC,09:00,2025-06-05 09:00:00,94.1,90.5,3.6,open_meteo_historical_forecast
2025-06-05,NYC,11:00,2025-06-05 11:00:00,94.1,90.5,3.6,open_meteo_historical_forecast
2025-06-05,NYC,13:00,2025-06-05 13:00:00,94.1,90.5,3.6,open_meteo_historical_forecast
2025-06-05,NYC,15:00,2025-06-05 15:00:00,94.1,90.5,3.6,open_meteo_historical_forecast
2025-06-06,NYC,09:00,2025-06-06 09:00:00,88.6,86.0,2.6,open_meteo_historical_forecast
2025-06-06,NYC,11:00,2025-06-06 11:00:00,88.6,86.0,2.6,open_meteo_historical_forecast
2025-06-06,NYC,13:00,2025-06-06 13:00:00,88.6,86.0,2.6,open_meteo_historical_forecast
2025-06-06,NYC,15:00,2025-06-06 15:00:00,88.6,86.0,2.6,open_meteo_historical_forecast
2025-06-07,NYC,09:00,2025-06-07 09:00:00,80.0,75.6,4.4,open_meteo_historical_forecast
2025-06-07,NYC,11:00,2025-06-07 11:00:00,80.0,75.6,4.4,open_meteo_historical_forecast
2025-06-07,NYC,13:00,2025-06-07 13:00:00,80.0,75.6,4.4,open_meteo_historical_forecast
2025-06-07,NYC,15:00,2025-06-07 15:00:00,80.0,75.6,4.4,open_meteo_historical_forecast
2025-06-08,NYC,09:00,2025-06-08 09:00:00,75.0,76.1,-1.1,open_meteo_historical_forecast
2025-06-08,NYC,11:00,2025-06-08 11:00:00,75.0,76.1,-1.1,open_meteo_historical_forecast
2025-06-08,NYC,13:00,2025-06-08 13:00:00,75.0,76.1,-1.1,open_meteo_historical_forecast
2025-06-08,NYC,15:00,2025-06-08 15:00:00,75.0,76.1,-1.1,open_meteo_historical_forecast
2025-06-09,NYC,09:00,2025-06-09 09:00:00,69.4,63.9,5.5,open_meteo_historical_forecast
2025-06-09,NYC,11:00,2025-06-09 11:00:00,69.4,63.9,5.5,open_meteo_historical_forecast
2025-06-09,NYC,13:00,2025-06-09 13:00:00,69.4,63.9,5.5,open_meteo_historical_forecast
2025-06-09,NYC,15:00,2025-06-09 15:00:00,69.4,63.9,5.5,open_meteo_historical_forecast
2025-06-10,NYC,09:00,2025-06-10 09:00:00,77.4,74.9,2.5,open_meteo_historical_forecast
2025-06-10,NYC,11:00,2025-06-10 11:00:00,77.4,74.9,2.5,open_meteo_historical_forecast
2025-06-10,NYC,13:00,2025-06-10 13:00:00,77.4,74.9,2.5,open_meteo_historical_forecast
2025-06-10,NYC,15:00,2025-06-10 15:00:00,77.4,74.9,2.5,open_meteo_historical_forecast
2025-06-11,NYC,09:00,2025-06-11 09:00:00,82.4,84.6,-2.2,open_meteo_historical_forecast
2025-06-11,NYC,11:00,2025-06-11 11:00:00,82.4,84.6,-2.2,open_meteo_historical_forecast
2025-06-11,NYC,13:00,2025-06-11 13:00:00,82.4,84.6,-2.2,open_meteo_historical_forecast
2025-06-11,NYC,15:00,2025-06-11 15:00:00,82.4,84.6,-2.2,open_meteo_historical_forecast
2025-06-12,NYC,09:00,2025-06-12 09:00:00,89.2,90.8,-1.6,open_meteo_historical_forecast
2025-06-12,NYC,11:00,2025-06-12 11:00:00,89.2,90.8,-1.6,open_meteo_historical_forecast
2025-06-12,NYC,13:00,2025-06-12 13:00:00,89.2,90.8,-1.6,open_meteo_historical_forecast
2025-06-12,NYC,15:00,2025-06-12 15:00:00,89.2,90.8,-1.6,open_meteo_historical_forecast
2025-06-13,NYC,09:00,2025-06-13 09:00:00,85.3,80.3,5.0,open_meteo_historical_forecast
2025-06-13,NYC,11:00,2025-06-13 11:00:00,85.3,80.3,5.0,open_meteo_historical_forecast
2025-06-13,NYC,13:00,2025-06-13 13:00:00,85.3,80.3,5.0,open_meteo_historical_forecast
2025-06-13,NYC,15:00,2025-06-13 15:00:00,85.3,80.3,5.0,open_meteo_historical_forecast
2025-06-14,NYC,09:00,2025-06-14 09:00:00,69.5,68.4,1.1,open_meteo_historical_forecast
2025-06-14,NYC,11:00,2025-06-14 11:00:00,69.5,68.4,1.1,open_meteo_historical_forecast
2025-06-14,NYC,13:00,2025-06-14 13:00:00,69.5,68.4,1.1,open_meteo_historical_forecast
2025-06-14,NYC,15:00,2025-06-14 15:00:00,69.5,68.4,1.1,open_meteo_historical_forecast
2025-06-15,NYC,09:00,2025-06-15 09:00:00,66.8,64.2,2.6,open_meteo_historical_forecast
2025-06-15,NYC,11:00,2025-06-15 11:00:00,66.8,64.2,2.6,open_meteo_historical_forecast
2025-06-15,NYC,13:00,2025-06-15 13:00:00,66.8,64.2,2.6,open_meteo_historical_forecast
2025-06-15,NYC,15:00,2025-06-15 15:00:00,66.8,64.2,2.6,open_meteo_historical_forecast
2025-06-16,NYC,09:00,2025-06-16 09:00:00,68.3,67.8,0.5,open_meteo_historical_forecast
2025-06-16,NYC,11:00,2025-06-16 11:00:00,68.3,67.8,0.5,open_meteo_historical_forecast
2025-06-16,NYC,13:00,2025-06-16 13:00:00,68.3,67.8,0.5,open_meteo_historical_forecast
2025-06-16,NYC,15:00,2025-06-16 15:00:00,68.3,67.8,0.5,open_meteo_historical_forecast
2025-06-17,NYC,09:00,2025-06-17 09:00:00,70.5,67.6,2.9,open_meteo_historical_forecast
2025-06-17,NYC,11:00,2025-06-17 11:00:00,70.5,67.6,2.9,open_meteo_historical_forecast
2025-06-17,NYC,13:00,2025-06-17 13:00:00,70.5,67.6,2.9,open_meteo_historical_forecast
2025-06-17,NYC,15:00,2025-06-17 15:00:00,70.5,67.6,2.9,open_meteo_historical_forecast
2025-06-18,NYC,09:00,2025-06-18 09:00:00,83.0,85.7,-2.7,open_meteo_historical_forecast
2025-06-18,NYC,11:00,2025-06-18 11:00:00,83.0,85.7,-2.7,open_meteo_historical_forecast
2025-06-18,NYC,13:00,2025-06-18 13:00:00,83.0,85.7,-2.7,open_meteo_historical_forecast
2025-06-18,NYC,15:00,2025-06-18 15:00:00,83.0,85.7,-2.7,open_meteo_historical_forecast
2025-06-19,NYC,09:00,2025-06-19 09:00:00,88.1,90.9,-2.8,open_meteo_historical_forecast
2025-06-19,NYC,11:00,2025-06-19 11:00:00,88.1,90.9,-2.8,open_meteo_historical_forecast
2025-06-19,NYC,13:00,2025-06-19 13:00:00,88.1,90.9,-2.8,open_meteo_historical_forecast
2025-06-19,NYC,15:00,2025-06-19 15:00:00,88.1,90.9,-2.8,open_meteo_historical_forecast
2025-06-20,NYC,09:00,2025-06-20 09:00:00,82.0,84.4,-2.4,open_meteo_historical_forecast
2025-06-20,NYC,11:00,2025-06-20 11:00:00,82.0,84.4,-2.4,open_meteo_historical_forecast
2025-06-20,NYC,13:00,2025-06-20 13:00:00,82.0,84.4,-2.4,open_meteo_historical_forecast
2025-06-20,NYC,15:00,2025-06-20 15:00:00,82.0,84.4,-2.4,open_meteo_historical_forecast
2025-06-21,NYC,09:00,2025-06-21 09:00:00,89.7,89.3,0.4,open_meteo_historical_forecast
2025-06-21,NYC,11:00,2025-06-21 11:00:00,89.7,89.3,0.4,open_meteo_historical_forecast
2025-06-21,NYC,13:00,2025-06-21 13:00:00,89.7,89.3,0.4,open_meteo_historical_forecast
2025-06-21,NYC,15:00,2025-06-21 15:00:00,89.7,89.3,0.4,open_meteo_historical_forecast
2025-06-22,NYC,09:00,2025-06-22 09:00:00,91.7,89.3,2.4,open_meteo_historical_forecast
2025-06-22,NYC,11:00,2025-06-22 11:00:00,91.7,89.3,2.4,open_meteo_historical_forecast
2025-06-22,NYC,13:00,2025-06-22 13:00:00,91.7,89.3,2.4,open_meteo_historical_forecast
2025-06-22,NYC,15:00,2025-06-22 15:00:00,91.7,89.3,2.4,open_meteo_historical_forecast
2025-06-23,NYC,09:00,2025-06-23 09:00:00,102.5,98.1,4.4,open_meteo_historical_forecast
2025-06-23,NYC,11:00,2025-06-23 11:00:00,102.5,98.1,4.4,open_meteo_historical_forecast
2025-06-23,NYC,13:00,2025-06-23 13:00:00,102.5,98.1,4.4,open_meteo_historical_forecast
2025-06-23,NYC,15:00,2025-06-23 15:00:00,102.5,98.1,4.4,open_meteo_historical_forecast
2025-06-24,NYC,09:00,2025-06-24 09:00:00,102.7,102.2,0.5,open_meteo_historical_forecast
2025-06-24,NYC,11:00,2025-06-24 11:00:00,102.7,102.2,0.5,open_meteo_historical_forecast
2025-06-24,NYC,13:00,2025-06-24 13:00:00,102.7,102.2,0.5,open_meteo_historical_forecast
2025-06-24,NYC,15:00,2025-06-24 15:00:00,102.7,102.2,0.5,open_meteo_historical_forecast
2025-06-25,NYC,09:00,2025-06-25 09:00:00,99.1,98.3,0.8,open_meteo_historical_forecast
2025-06-25,NYC,11:00,2025-06-25 11:00:00,99.1,98.3,0.8,open_meteo_historical_forecast
2025-06-25,NYC,13:00,2025-06-25 13:00:00,99.1,98.3,0.8,open_meteo_historical_forecast
2025-06-25,NYC,15:00,2025-06-25 15:00:00,99.1,98.3,0.8,open_meteo_historical_forecast
2025-06-26,NYC,09:00,2025-06-26 09:00:00,86.5,87.1,-0.6,open_meteo_historical_forecast
2025-06-26,NYC,11:00,2025-06-26 11:00:00,86.5,87.1,-0.6,open_meteo_historical_forecast
2025-06-26,NYC,13:00,2025-06-26 13:00:00,86.5,87.1,-0.6,open_meteo_historical_forecast
2025-06-26,NYC,15:00,2025-06-26 15:00:00,86.5,87.1,-0.6,open_meteo_historical_forecast
2025-06-27,NYC,09:00,2025-06-27 09:00:00,72.8,74.3,-1.5,open_meteo_historical_forecast
2025-06-27,NYC,11:00,2025-06-27 11:00:00,72.8,74.3,-1.5,open_meteo_historical_forecast
2025-06-27,NYC,13:00,2025-06-27 13:00:00,72.8,74.3,-1.5,open_meteo_historical_forecast
2025-06-27,NYC,15:00,2025-06-27 15:00:00,72.8,74.3,-1.5,open_meteo_historical_forecast
2025-06-28,NYC,09:00,2025-06-28 09:00:00,86.2,85.5,0.7,open_meteo_historical_forecast
2025-06-28,NYC,11:00,2025-06-28 11:00:00,86.2,85.5,0.7,open_meteo_historical_forecast
2025-06-28,NYC,13:00,2025-06-28 13:00:00,86.2,85.5,0.7,open_meteo_historical_forecast
2025-06-28,NYC,15:00,2025-06-28 15:00:00,86.2,85.5,0.7,open_meteo_historical_forecast
2025-06-29,NYC,09:00,2025-06-29 09:00:00,88.6,91.4,-2.8,open_meteo_historical_forecast
2025-06-29,NYC,11:00,2025-06-29 11:00:00,88.6,91.4,-2.8,open_meteo_historical_forecast
2025-06-29,NYC,13:00,2025-06-29 13:00:00,88.6,91.4,-2.8,open_meteo_historical_forecast
2025-06-29,NYC,15:00,2025-06-29 15:00:00,88.6,91.4,-2.8,open_meteo_historical_forecast
2025-06-30,NYC,09:00,2025-06-30 09:00:00,94.4,91.8,2.6,open_meteo_historical_forecast
2025-06-30,NYC,11:00,2025-06-30 11:00:00,94.4,91.8,2.6,open_meteo_historical_forecast
2025-06-30,NYC,13:00,2025-06-30 13:00:00,94.4,91.8,2.6,open_meteo_historical_forecast
2025-06-30,NYC,15:00,2025-06-30 15:00:00,94.4,91.8,2.6,open_meteo_historical_forecast
2025-07-01,NYC,09:00,2025-07-01 09:00:00,90.1,92.4,-2.3,open_meteo_historical_forecast
2025-07-01,NYC,11:00,2025-07-01 11:00:00,90.1,92.4,-2.3,open_meteo_historical_forecast
2025-07-01,NYC,13:00,2025-07-01 13:00:00,90.1,92.4,-2.3,open_meteo_historical_forecast
2025-07-01,NYC,15:00,2025-07-01 15:00:00,90.1,92.4,-2.3,open_meteo_historical_forecast
2025-07-02,NYC,09:00,2025-07-02 09:00:00,85.2,84.6,0.6,open_meteo_historical_forecast
2025-07-02,NYC,11:00,2025-07-02 11:00:00,85.2,84.6,0.6,open_meteo_historical_forecast
2025-07-02,NYC,13:00,2025-07-02 13:00:00,85.2,84.6,0.6,open_meteo_historical_forecast
2025-07-02,NYC,15:00,2025-07-02 15:00:00,85.2,84.6,0.6,open_meteo_historical_forecast
2025-07-03,NYC,09:00,2025-07-03 09:00:00,87.5,92.3,-4.8,open_meteo_historical_forecast
2025-07-03,NYC,11:00,2025-07-03 11:00:00,87.5,92.3,-4.8,open_meteo_historical_forecast
2025-07-03,NYC,13:00,2025-07-03 13:00:00,87.5,92.3,-4.8,open_meteo_historical_forecast
2025-07-03,NYC,15:00,2025-07-03 15:00:00,87.5,92.3,-4.8,open_meteo_historical_forecast
2025-07-04,NYC,09:00,2025-07-04 09:00:00,82.2,85.5,-3.3,open_meteo_historical_forecast
2025-07-04,NYC,11:00,2025-07-04 11:00:00,82.2,85.5,-3.3,open_meteo_historical_forecast
2025-07-04,NYC,13:00,2025-07-04 13:00:00,82.2,85.5,-3.3,open_meteo_historical_forecast
2025-07-04,NYC,15:00,2025-07-04 15:00:00,82.2,85.5,-3.3,open_meteo_historical_forecast
2025-07-05,NYC,09:00,2025-07-05 09:00:00,90.0,88.0,2.0,open_meteo_historical_forecast
2025-07-05,NYC,11:00,2025-07-05 11:00:00,90.0,88.0,2.0,open_meteo_historical_forecast
2025-07-05,NYC,13:00,2025-07-05 13:00:00,90.0,88.0,2.0,open_meteo_historical_forecast
2025-07-05,NYC,15:00,2025-07-05 15:00:00,90.0,88.0,2.0,open_meteo_historical_forecast
2025-07-06,NYC,09:00,2025-07-06 09:00:00,93.7,90.8,2.9,open_meteo_historical_forecast
2025-07-06,NYC,11:00,2025-07-06 11:00:00,93.7,90.8,2.9,open_meteo_historical_forecast
2025-07-06,NYC,13:00,2025-07-06 13:00:00,93.7,90.8,2.9,open_meteo_historical_forecast
2025-07-06,NYC,15:00,2025-07-06 15:00:00,93.7,90.8,2.9,open_meteo_historical_forecast
2025-07-07,NYC,09:00,2025-07-07 09:00:00,88.9,86.4,2.5,open_meteo_historical_forecast
2025-07-07,NYC,11:00,2025-07-07 11:00:00,88.9,86.4,2.5,open_meteo_historical_forecast
2025-07-07,NYC,13:00,2025-07-07 13:00:00,88.9,86.4,2.5,open_meteo_historical_forecast
2025-07-07,NYC,15:00,2025-07-07 15:00:00,88.9,86.4,2.5,open_meteo_historical_forecast
2025-07-08,NYC,09:00,2025-07-08 09:00:00,95.6,97.0,-1.4,open_meteo_historical_forecast
2025-07-08,NYC,11:00,2025-07-08 11:00:00,95.6,97.0,-1.4,open_meteo_historical_forecast
2025-07-08,NYC,13:00,2025-07-08 13:00:00,95.6,97.0,-1.4,open_meteo_historical_forecast
2025-07-08,NYC,15:00,2025-07-08 15:00:00,95.6,97.0,-1.4,open_meteo_historical_forecast
2025-07-09,NYC,09:00,2025-07-09 09:00:00,88.5,93.0,-4.5,open_meteo_historical_forecast
2025-07-09,NYC,11:00,2025-07-09 11:00:00,88.5,93.0,-4.5,open_meteo_historical_forecast
2025-07-09,NYC,13:00,2025-07-09 13:00:00,88.5,93.0,-4.5,open_meteo_historical_forecast
2025-07-09,NYC,15:00,2025-07-09 15:00:00,88.5,93.0,-4.5,open_meteo_historical_forecast
2025-07-10,NYC,09:00,2025-07-10 09:00:00,81.0,85.2,-4.2,open_meteo_historical_forecast
2025-07-10,NYC,11:00,2025-07-10 11:00:00,81.0,85.2,-4.2,open_meteo_historical_forecast
2025-07-10,NYC,13:00,2025-07-10 13:00:00,81.0,85.2,-4.2,open_meteo_historical_forecast
2025-07-10,NYC,15:00,2025-07-10 15:00:00,81.0,85.2,-4.2,open_meteo_historical_forecast
2025-07-11,NYC,09:00,2025-07-11 09:00:00,84.3,84.9,-0.6,open_meteo_historical_forecast
2025-07-11,NYC,11:00,2025-07-11 11:00:00,84.3,84.9,-0.6,open_meteo_historical_forecast
2025-07-11,NYC,13:00,2025-07-11 13:00:00,84.3,84.9,-0.6,open_meteo_historical_forecast
2025-07-11,NYC,15:00,2025-07-11 15:00:00,84.3,84.9,-0.6,open_meteo_historical_forecast
2025-07-12,NYC,09:00,2025-07-12 09:00:00,86.8,85.8,1.0,open_meteo_historical_forecast
2025-07-12,NYC,11:00,2025-07-12 11:00:00,86.8,85.8,1.0,open_meteo_historical_forecast
2025-07-12,NYC,13:00,2025-07-12 13:00:00,86.8,85.8,1.0,open_meteo_historical_forecast
2025-07-12,NYC,15:00,2025-07-12 15:00:00,86.8,85.8,1.0,open_meteo_historical_forecast
2025-07-13,NYC,09:00,2025-07-13 09:00:00,84.8,83.1,1.7,open_meteo_historical_forecast
2025-07-13,NYC,11:00,2025-07-13 11:00:00,84.8,83.1,1.7,open_meteo_historical_forecast
2025-07-13,NYC,13:00,2025-07-13 13:00:00,84.8,83.1,1.7,open_meteo_historical_forecast
2025-07-13,NYC,15:00,2025-07-13 15:00:00,84.8,83.1,1.7,open_meteo_historical_forecast
2025-07-14,NYC,09:00,2025-07-14 09:00:00,88.3,88.5,-0.2,open_meteo_historical_forecast
2025-07-14,NYC,11:00,2025-07-14 11:00:00,88.3,88.5,-0.2,open_meteo_historical_forecast
2025-07-14,NYC,13:00,2025-07-14 13:00:00,88.3,88.5,-0.2,open_meteo_historical_forecast
2025-07-14,NYC,15:00,2025-07-14 15:00:00,88.3,88.5,-0.2,open_meteo_historical_forecast
2025-07-15,NYC,09:00,2025-07-15 09:00:00,84.7,86.5,-1.8,open_meteo_historical_forecast
2025-07-15,NYC,11:00,2025-07-15 11:00:00,84.7,86.5,-1.8,open_meteo_historical_forecast
2025-07-15,NYC,13:00,2025-07-15 13:00:00,84.7,86.5,-1.8,open_meteo_historical_forecast
2025-07-15,NYC,15:00,2025-07-15 15:00:00,84.7,86.5,-1.8,open_meteo_historical_forecast
2025-07-16,NYC,09:00,2025-07-16 09:00:00,87.2,91.8,-4.6,open_meteo_historical_forecast
2025-07-16,NYC,11:00,2025-07-16 11:00:00,87.2,91.8,-4.6,open_meteo_historical_forecast
2025-07-16,NYC,13:00,2025-07-16 13:00:00,87.2,91.8,-4.6,open_meteo_historical_forecast
2025-07-16,NYC,15:00,2025-07-16 15:00:00,87.2,91.8,-4.6,open_meteo_historical_forecast
2025-07-17,NYC,09:00,2025-07-17 09:00:00,91.4,93.2,-1.8,open_meteo_historical_forecast
2025-07-17,NYC,11:00,2025-07-17 11:00:00,91.4,93.2,-1.8,open_meteo_historical_forecast
2025-07-17,NYC,13:00,2025-07-17 13:00:00,91.4,93.2,-1.8,open_meteo_historical_forecast
2025-07-17,NYC,15:00,2025-07-17 15:00:00,91.4,93.2,-1.8,open_meteo_historical_forecast
2025-07-18,NYC,09:00,2025-07-18 09:00:00,85.6,85.9,-0.3,open_meteo_historical_forecast
2025-07-18,NYC,11:00,2025-07-18 11:00:00,85.6,85.9,-0.3,open_meteo_historical_forecast
2025-07-18,NYC,13:00,2025-07-18 13:00:00,85.6,85.9,-0.3,open_meteo_historical_forecast
2025-07-18,NYC,15:00,2025-07-18 15:00:00,85.6,85.9,-0.3,open_meteo_historical_forecast
2025-07-19,NYC,09:00,2025-07-19 09:00:00,83.9,82.8,1.1,open_meteo_historical_forecast
2025-07-19,NYC,11:00,2025-07-19 11:00:00,83.9,82.8,1.1,open_meteo_historical_forecast
2025-07-19,NYC,13:00,2025-07-19 13:00:00,83.9,82.8,1.1,open_meteo_historical_forecast
2025-07-19,NYC,15:00,2025-07-19 15:00:00,83.9,82.8,1.1,open_meteo_historical_forecast
2025-07-20,NYC,09:00,2025-07-20 09:00:00,92.3,89.9,2.4,open_meteo_historical_forecast
2025-07-20,NYC,11:00,2025-07-20 11:00:00,92.3,89.9,2.4,open_meteo_historical_forecast
2025-07-20,NYC,13:00,2025-07-20 13:00:00,92.3,89.9,2.4,open_meteo_historical_forecast
2025-07-20,NYC,15:00,2025-07-20 15:00:00,92.3,89.9,2.4,open_meteo_historical_forecast
2025-07-21,NYC,09:00,2025-07-21 09:00:00,88.2,86.7,1.5,open_meteo_historical_forecast
2025-07-21,NYC,11:00,2025-07-21 11:00:00,88.2,86.7,1.5,open_meteo_historical_forecast
2025-07-21,NYC,13:00,2025-07-21 13:00:00,88.2,86.7,1.5,open_meteo_historical_forecast
2025-07-21,NYC,15:00,2025-07-21 15:00:00,88.2,86.7,1.5,open_meteo_historical_forecast
2025-07-22,NYC,09:00,2025-07-22 09:00:00,83.2,80.5,2.7,open_meteo_historical_forecast
2025-07-22,NYC,11:00,2025-07-22 11:00:00,83.2,80.5,2.7,open_meteo_historical_forecast
2025-07-22,NYC,13:00,2025-07-22 13:00:00,83.2,80.5,2.7,open_meteo_historical_forecast
2025-07-22,NYC,15:00,2025-07-22 15:00:00,83.2,80.5,2.7,open_meteo_historical_forecast
2025-07-23,NYC,09:00,2025-07-23 09:00:00,84.2,82.2,2.0,open_meteo_historical_forecast
2025-07-23,NYC,11:00,2025-07-23 11:00:00,84.2,82.2,2.0,open_meteo_historical_forecast
2025-07-23,NYC,13:00,2025-07-23 13:00:00,84.2,82.2,2.0,open_meteo_historical_forecast
2025-07-23,NYC,15:00,2025-07-23 15:00:00,84.2,82.2,2.0,open_meteo_historical_forecast
2025-07-24,NYC,09:00,2025-07-24 09:00:00,88.3,86.6,1.7,open_meteo_historical_forecast
2025-07-24,NYC,11:00,2025-07-24 11:00:00,88.3,86.6,1.7,open_meteo_historical_forecast
2025-07-24,NYC,13:00,2025-07-24 13:00:00,88.3,86.6,1.7,open_meteo_historical_forecast
2025-07-24,NYC,15:00,2025-07-24 15:00:00,88.3,86.6,1.7,open_meteo_historical_forecast
2025-07-25,NYC,09:00,2025-07-25 09:00:00,97.1,96.4,0.7,open_meteo_historical_forecast
2025-07-25,NYC,11:00,2025-07-25 11:00:00,97.1,96.4,0.7,open_meteo_historical_forecast
2025-07-25,NYC,13:00,2025-07-25 13:00:00,97.1,96.4,0.7,open_meteo_historical_forecast
2025-07-25,NYC,15:00,2025-07-25 15:00:00,97.1,96.4,0.7,open_meteo_historical_forecast
2025-07-26,NYC,09:00,2025-07-26 09:00:00,88.4,86.5,1.9,open_meteo_historical_forecast
2025-07-26,NYC,11:00,2025-07-26 11:00:00,88.4,86.5,1.9,open_meteo_historical_forecast
2025-07-26,NYC,13:00,2025-07-26 13:00:00,88.4,86.5,1.9,open_meteo_historical_forecast
2025-07-26,NYC,15:00,2025-07-26 15:00:00,88.4,86.5,1.9,open_meteo_historical_forecast
2025-07-27,NYC,09:00,2025-07-27 09:00:00,87.3,86.1,1.2,open_meteo_historical_forecast
2025-07-27,NYC,11:00,2025-07-27 11:00:00,87.3,86.1,1.2,open_meteo_historical_forecast
2025-07-27,NYC,13:00,2025-07-27 13:00:00,87.3,86.1,1.2,open_meteo_historical_forecast
2025-07-27,NYC,15:00,2025-07-27 15:00:00,87.3,86.1,1.2,open_meteo_historical_forecast
2025-07-28,NYC,09:00,2025-07-28 09:00:00,94.3,94.9,-0.6,open_meteo_historical_forecast
2025-07-28,NYC,11:00,2025-07-28 11:00:00,94.3,94.9,-0.6,open_meteo_historical_forecast
2025-07-28,NYC,13:00,2025-07-28 13:00:00,94.3,94.9,-0.6,open_meteo_historical_forecast
2025-07-28,NYC,15:00,2025-07-28 15:00:00,94.3,94.9,-0.6,open_meteo_historical_forecast
2025-07-29,NYC,09:00,2025-07-29 09:00:00,101.2,99.1,2.1,open_meteo_historical_forecast
2025-07-29,NYC,11:00,2025-07-29 11:00:00,101.2,99.1,2.1,open_meteo_historical_forecast
2025-07-29,NYC,13:00,2025-07-29 13:00:00,101.2,99.1,2.1,open_meteo_historical_forecast
2025-07-29,NYC,15:00,2025-07-29 15:00:00,101.2,99.1,2.1,open_meteo_historical_forecast
2025-07-30,NYC,09:00,2025-07-30 09:00:00,99.8,98.0,1.8,open_meteo_historical_forecast
2025-07-30,NYC,11:00,2025-07-30 11:00:00,99.8,98.0,1.8,open_meteo_historical_forecast
2025-07-30,NYC,13:00,2025-07-30 13:00:00,99.8,98.0,1.8,open_meteo_historical_forecast
2025-07-30,NYC,15:00,2025-07-30 15:00:00,99.8,98.0,1.8,open_meteo_historical_forecast
2025-07-31,NYC,09:00,2025-07-31 09:00:00,87.7,87.9,-0.2,open_meteo_historical_forecast
2025-07-31,NYC,11:00,2025-07-31 11:00:00,87.7,87.9,-0.2,open_meteo_historical_forecast
2025-07-31,NYC,13:00,2025-07-31 13:00:00,87.7,87.9,-0.2,open_meteo_historical_forecast
2025-07-31,NYC,15:00,2025-07-31 15:00:00,87.7,87.9,-0.2,open_meteo_historical_forecast
2025-08-01,NYC,09:00,2025-08-01 09:00:00,73.3,73.5,-0.2,open_meteo_historical_forecast
2025-08-01,NYC,11:00,2025-08-01 11:00:00,73.3,73.5,-0.2,open_meteo_historical_forecast
2025-08-01,NYC,13:00,2025-08-01 13:00:00,73.3,73.5,-0.2,open_meteo_historical_forecast
2025-08-01,NYC,15:00,2025-08-01 15:00:00,73.3,73.5,-0.2,open_meteo_historical_forecast
2025-08-02,NYC,09:00,2025-08-02 09:00:00,77.7,81.0,-3.3,open_meteo_historical_forecast
2025-08-02,NYC,11:00,2025-08-02 11:00:00,77.7,81.0,-3.3,open_meteo_historical_forecast
2025-08-02,NYC,13:00,2025-08-02 13:00:00,77.7,81.0,-3.3,open_meteo_historical_forecast
2025-08-02,NYC,15:00,2025-08-02 15:00:00,77.7,81.0,-3.3,open_meteo_historical_forecast
2025-08-03,NYC,09:00,2025-08-03 09:00:00,82.7,85.3,-2.6,open_meteo_historical_forecast
2025-08-03,NYC,11:00,2025-08-03 11:00:00,82.7,85.3,-2.6,open_meteo_historical_forecast
2025-08-03,NYC,13:00,2025-08-03 13:00:00,82.7,85.3,-2.6,open_meteo_historical_forecast
2025-08-03,NYC,15:00,2025-08-03 15:00:00,82.7,85.3,-2.6,open_meteo_historical_forecast
2025-08-04,NYC,09:00,2025-08-04 09:00:00,92.0,90.7,1.3,open_meteo_historical_forecast
2025-08-04,NYC,11:00,2025-08-04 11:00:00,92.0,90.7,1.3,open_meteo_historical_forecast
2025-08-04,NYC,13:00,2025-08-04 13:00:00,92.0,90.7,1.3,open_meteo_historical_forecast
2025-08-04,NYC,15:00,2025-08-04 15:00:00,92.0,90.7,1.3,open_meteo_historical_forecast
2025-08-05,NYC,09:00,2025-08-05 09:00:00,86.6,85.8,0.8,open_meteo_historical_forecast
2025-08-05,NYC,11:00,2025-08-05 11:00:00,86.6,85.8,0.8,open_meteo_historical_forecast
2025-08-05,NYC,13:00,2025-08-05 13:00:00,86.6,85.8,0.8,open_meteo_historical_forecast
2025-08-05,NYC,15:00,2025-08-05 15:00:00,86.6,85.8,0.8,open_meteo_historical_forecast
2025-08-06,NYC,09:00,2025-08-06 09:00:00,83.6,79.1,4.5,open_meteo_historical_forecast
2025-08-06,NYC,11:00,2025-08-06 11:00:00,83.6,79.1,4.5,open_meteo_historical_forecast
2025-08-06,NYC,13:00,2025-08-06 13:00:00,83.6,79.1,4.5,open_meteo_historical_forecast
2025-08-06,NYC,15:00,2025-08-06 15:00:00,83.6,79.1,4.5,open_meteo_historical_forecast
2025-08-07,NYC,09:00,2025-08-07 09:00:00,83.0,80.4,2.6,open_meteo_historical_forecast
2025-08-07,NYC,11:00,2025-08-07 11:00:00,83.0,80.4,2.6,open_meteo_historical_forecast
2025-08-07,NYC,13:00,2025-08-07 13:00:00,83.0,80.4,2.6,open_meteo_historical_forecast
2025-08-07,NYC,15:00,2025-08-07 15:00:00,83.0,80.4,2.6,open_meteo_historical_forecast
2025-08-08,NYC,09:00,2025-08-08 09:00:00,83.1,83.8,-0.7,open_meteo_historical_forecast
2025-08-08,NYC,11:00,2025-08-08 11:00:00,83.1,83.8,-0.7,open_meteo_historical_forecast
2025-08-08,NYC,13:00,2025-08-08 13:00:00,83.1,83.8,-0.7,open_meteo_historical_forecast
2025-08-08,NYC,15:00,2025-08-08 15:00:00,83.1,83.8,-0.7,open_meteo_historical_forecast
2025-08-09,NYC,09:00,2025-08-09 09:00:00,86.9,85.5,1.4,open_meteo_historical_forecast
2025-08-09,NYC,11:00,2025-08-09 11:00:00,86.9,85.5,1.4,open_meteo_historical_forecast
2025-08-09,NYC,13:00,2025-08-09 13:00:00,86.9,85.5,1.4,open_meteo_historical_forecast
2025-08-09,NYC,15:00,2025-08-09 15:00:00,86.9,85.5,1.4,open_meteo_historical_forecast
2025-08-10,NYC,09:00,2025-08-10 09:00:00,92.6,90.9,1.7,open_meteo_historical_forecast
2025-08-10,NYC,11:00,2025-08-10 11:00:00,92.6,90.9,1.7,open_meteo_historical_forecast
2025-08-10,NYC,13:00,2025-08-10 13:00:00,92.6,90.9,1.7,open_meteo_historical_forecast
2025-08-10,NYC,15:00,2025-08-10 15:00:00,92.6,90.9,1.7,open_meteo_historical_forecast
2025-08-11,NYC,09:00,2025-08-11 09:00:00,90.6,89.4,1.2,open_meteo_historical_forecast
2025-08-11,NYC,11:00,2025-08-11 11:00:00,90.6,89.4,1.2,open_meteo_historical_forecast
2025-08-11,NYC,13:00,2025-08-11 13:00:00,90.6,89.4,1.2,open_meteo_historical_forecast
2025-08-11,NYC,15:00,2025-08-11 15:00:00,90.6,89.4,1.2,open_meteo_historical_forecast
2025-08-12,NYC,09:00,2025-08-12 09:00:00,92.9,92.5,0.4,open_meteo_historical_forecast
2025-08-12,NYC,11:00,2025-08-12 11:00:00,92.9,92.5,0.4,open_meteo_historical_forecast
2025-08-12,NYC,13:00,2025-08-12 13:00:00,92.9,92.5,0.4,open_meteo_historical_forecast
2025-08-12,NYC,15:00,2025-08-12 15:00:00,92.9,92.5,0.4,open_meteo_historical_forecast
2025-08-13,NYC,09:00,2025-08-13 09:00:00,90.7,90.3,0.4,open_meteo_historical_forecast
2025-08-13,NYC,11:00,2025-08-13 11:00:00,90.7,90.3,0.4,open_meteo_historical_forecast
2025-08-13,NYC,13:00,2025-08-13 13:00:00,90.7,90.3,0.4,open_meteo_historical_forecast
2025-08-13,NYC,15:00,2025-08-13 15:00:00,90.7,90.3,0.4,open_meteo_historical_forecast
2025-08-14,NYC,09:00,2025-08-14 09:00:00,87.7,90.0,-2.3,open_meteo_historical_forecast
2025-08-14,NYC,11:00,2025-08-14 11:00:00,87.7,90.0,-2.3,open_meteo_historical_forecast
2025-08-14,NYC,13:00,2025-08-14 13:00:00,87.7,90.0,-2.3,open_meteo_historical_forecast
2025-08-14,NYC,15:00,2025-08-14 15:00:00,87.7,90.0,-2.3,open_meteo_historical_forecast
2025-08-15,NYC,09:00,2025-08-15 09:00:00,90.7,89.6,1.1,open_meteo_historical_forecast
2025-08-15,NYC,11:00,2025-08-15 11:00:00,90.7,89.6,1.1,open_meteo_historical_forecast
2025-08-15,NYC,13:00,2025-08-15 13:00:00,90.7,89.6,1.1,open_meteo_historical_forecast
2025-08-15,NYC,15:00,2025-08-15 15:00:00,90.7,89.6,1.1,open_meteo_historical_forecast
2025-08-16,NYC,09:00,2025-08-16 09:00:00,87.4,84.2,3.2,open_meteo_historical_forecast
2025-08-16,NYC,11:00,2025-08-16 11:00:00,87.4,84.2,3.2,open_meteo_historical_forecast
2025-08-16,NYC,13:00,2025-08-16 13:00:00,87.4,84.2,3.2,open_meteo_historical_forecast
2025-08-16,NYC,15:00,2025-08-16 15:00:00,87.4,84.2,3.2,open_meteo_historical_forecast
2025-08-17,NYC,09:00,2025-08-17 09:00:00,95.6,91.4,4.2,open_meteo_historical_forecast
2025-08-17,NYC,11:00,2025-08-17 11:00:00,95.6,91.4,4.2,open_meteo_historical_forecast
2025-08-17,NYC,13:00,2025-08-17 13:00:00,95.6,91.4,4.2,open_meteo_historical_forecast
2025-08-17,NYC,15:00,2025-08-17 15:00:00,95.6,91.4,4.2,open_meteo_historical_forecast
2025-08-18,NYC,09:00,2025-08-18 09:00:00,75.4,76.2,-0.8,open_meteo_historical_forecast
2025-08-18,NYC,11:00,2025-08-18 11:00:00,75.4,76.2,-0.8,open_meteo_historical_forecast
2025-08-18,NYC,13:00,2025-08-18 13:00:00,75.4,76.2,-0.8,open_meteo_historical_forecast
2025-08-18,NYC,15:00,2025-08-18 15:00:00,75.4,76.2,-0.8,open_meteo_historical_forecast
2025-08-19,NYC,09:00,2025-08-19 09:00:00,76.2,77.9,-1.7,open_meteo_historical_forecast
2025-08-19,NYC,11:00,2025-08-19 11:00:00,76.2,77.9,-1.7,open_meteo_historical_forecast
2025-08-19,NYC,13:00,2025-08-19 13:00:00,76.2,77.9,-1.7,open_meteo_historical_forecast
2025-08-19,NYC,15:00,2025-08-19 15:00:00,76.2,77.9,-1.7,open_meteo_historical_forecast
2025-08-20,NYC,09:00,2025-08-20 09:00:00,72.3,69.1,3.2,open_meteo_historical_forecast
2025-08-20,NYC,11:00,2025-08-20 11:00:00,72.3,69.1,3.2,open_meteo_historical_forecast
2025-08-20,NYC,13:00,2025-08-20 13:00:00,72.3,69.1,3.2,open_meteo_historical_forecast
2025-08-20,NYC,15:00,2025-08-20 15:00:00,72.3,69.1,3.2,open_meteo_historical_forecast
2025-08-21,NYC,09:00,2025-08-21 09:00:00,70.9,73.3,-2.4,open_meteo_historical_forecast
2025-08-21,NYC,11:00,2025-08-21 11:00:00,70.9,73.3,-2.4,open_meteo_historical_forecast
2025-08-21,NYC,13:00,2025-08-21 13:00:00,70.9,73.3,-2.4,open_meteo_historical_forecast
2025-08-21,NYC,15:00,2025-08-21 15:00:00,70.9,73.3,-2.4,open_meteo_historical_forecast
2025-08-22,NYC,09:00,2025-08-22 09:00:00,80.3,84.3,-4.0,open_meteo_historical_forecast
2025-08-22,NYC,11:00,2025-08-22 11:00:00,80.3,84.3,-4.0,open_meteo_historical_forecast
2025-08-22,NYC,13:00,2025-08-22 13:00:00,80.3,84.3,-4.0,open_meteo_historical_forecast
2025-08-22,NYC,15:00,2025-08-22 15:00:00,80.3,84.3,-4.0,open_meteo_historical_forecast
2025-08-23,NYC,09:00,2025-08-23 09:00:00,82.7,83.2,-0.5,open_meteo_historical_forecast
2025-08-23,NYC,11:00,2025-08-23 11:00:00,82.7,83.2,-0.5,open_meteo_historical_forecast
2025-08-23,NYC,13:00,2025-08-23 13:00:00,82.7,83.2,-0.5,open_meteo_historical_forecast
2025-08-23,NYC,15:00,2025-08-23 15:00:00,82.7,83.2,-0.5,open_meteo_historical_forecast
2025-08-24,NYC,09:00,2025-08-24 09:00:00,79.5,79.8,-0.3,open_meteo_historical_forecast
2025-08-24,NYC,11:00,2025-08-24 11:00:00,79.5,79.8,-0.3,open_meteo_historical_forecast
2025-08-24,NYC,13:00,2025-08-24 13:00:00,79.5,79.8,-0.3,open_meteo_historical_forecast
2025-08-24,NYC,15:00,2025-08-24 15:00:00,79.5,79.8,-0.3,open_meteo_historical_forecast
2025-08-25,NYC,09:00,2025-08-25 09:00:00,88.5,87.3,1.2,open_meteo_historical_forecast
2025-08-25,NYC,11:00,2025-08-25 11:00:00,88.5,87.3,1.2,open_meteo_historical_forecast
2025-08-25,NYC,13:00,2025-08-25 13:00:00,88.5,87.3,1.2,open_meteo_historical_forecast
2025-08-25,NYC,15:00,2025-08-25 15:00:00,88.5,87.3,1.2,open_meteo_historical_forecast
2025-08-26,NYC,09:00,2025-08-26 09:00:00,80.9,80.3,0.6,open_meteo_historical_forecast
2025-08-26,NYC,11:00,2025-08-26 11:00:00,80.9,80.3,0.6,open_meteo_historical_forecast
2025-08-26,NYC,13:00,2025-08-26 13:00:00,80.9,80.3,0.6,open_meteo_historical_forecast
2025-08-26,NYC,15:00,2025-08-26 15:00:00,80.9,80.3,0.6,open_meteo_historical_forecast
2025-08-27,NYC,09:00,2025-08-27 09:00:00,76.8,75.5,1.3,open_meteo_historical_forecast
2025-08-27,NYC,11:00,2025-08-27 11:00:00,76.8,75.5,1.3,open_meteo_historical_forecast
2025-08-27,NYC,13:00,2025-08-27 13:00:00,76.8,75.5,1.3,open_meteo_historical_forecast
2025-08-27,NYC,15:00,2025-08-27 15:00:00,76.8,75.5,1.3,open_meteo_historical_forecast
2025-08-28,NYC,09:00,2025-08-28 09:00:00,80.6,78.9,1.7,open_meteo_historical_forecast
2025-08-28,NYC,11:00,2025-08-28 11:00:00,80.6,78.9,1.7,open_meteo_historical_forecast
2025-08-28,NYC,13:00,2025-08-28 13:00:00,80.6,78.9,1.7,open_meteo_historical_forecast
2025-08-28,NYC,15:00,2025-08-28 15:00:00,80.6,78.9,1.7,open_meteo_historical_forecast
2025-08-29,NYC,09:00,2025-08-29 09:00:00,81.2,77.8,3.4,open_meteo_historical_forecast
2025-08-29,NYC,11:00,2025-08-29 11:00:00,81.2,77.8,3.4,open_meteo_historical_forecast
2025-08-29,NYC,13:00,2025-08-29 13:00:00,81.2,77.8,3.4,open_meteo_historical_forecast
2025-08-29,NYC,15:00,2025-08-29 15:00:00,81.2,77.8,3.4,open_meteo_historical_forecast
2025-08-30,NYC,09:00,2025-08-30 09:00:00,78.0,76.1,1.9,open_meteo_historical_forecast
2025-08-30,NYC,11:00,2025-08-30 11:00:00,78.0,76.1,1.9,open_meteo_historical_forecast
2025-08-30,NYC,13:00,2025-08-30 13:00:00,78.0,76.1,1.9,open_meteo_historical_forecast
2025-08-30,NYC,15:00,2025-08-30 15:00:00,78.0,76.1,1.9,open_meteo_historical_forecast
2025-08-31,NYC,09:00,2025-08-31 09:00:00,81.1,79.2,1.9,open_meteo_historical_forecast
2025-08-31,NYC,11:00,2025-08-31 11:00:00,81.1,79.2,1.9,open_meteo_historical_forecast
2025-08-31,NYC,13:00,2025-08-31 13:00:00,81.1,79.2,1.9,open_meteo_historical_forecast
2025-08-31,NYC,15:00,2025-08-31 15:00:00,81.1,79.2,1.9,open_meteo_historical_forecast
2025-09-01,NYC,09:00,2025-09-01 09:00:00,78.8,77.2,1.6,open_meteo_historical_forecast
2025-09-01,NYC,11:00,2025-09-01 11:00:00,78.8,77.2,1.6,open_meteo_historical_forecast
2025-09-01,NYC,13:00,2025-09-01 13:00:00,78.8,77.2,1.6,open_meteo_historical_forecast
2025-09-01,NYC,15:00,2025-09-01 15:00:00,78.8,77.2,1.6,open_meteo_historical_forecast
2025-09-02,NYC,09:00,2025-09-02 09:00:00,80.4,78.3,2.1,open_meteo_historical_forecast
2025-09-02,NYC,11:00,2025-09-02 11:00:00,80.4,78.3,2.1,open_meteo_historical_forecast
2025-09-02,NYC,13:00,2025-09-02 13:00:00,80.4,78.3,2.1,open_meteo_historical_forecast
2025-09-02,NYC,15:00,2025-09-02 15:00:00,80.4,78.3,2.1,open_meteo_historical_forecast
2025-09-03,NYC,09:00,2025-09-03 09:00:00,80.6,78.7,1.9,open_meteo_historical_forecast
2025-09-03,NYC,11:00,2025-09-03 11:00:00,80.6,78.7,1.9,open_meteo_historical_forecast
2025-09-03,NYC,13:00,2025-09-03 13:00:00,80.6,78.7,1.9,open_meteo_historical_forecast
2025-09-03,NYC,15:00,2025-09-03 15:00:00,80.6,78.7,1.9,open_meteo_historical_forecast
2025-09-04,NYC,09:00,2025-09-04 09:00:00,77.8,78.3,-0.5,open_meteo_historical_forecast
2025-09-04,NYC,11:00,2025-09-04 11:00:00,77.8,78.3,-0.5,open_meteo_historical_forecast
2025-09-04,NYC,13:00,2025-09-04 13:00:00,77.8,78.3,-0.5,open_meteo_historical_forecast
2025-09-04,NYC,15:00,2025-09-04 15:00:00,77.8,78.3,-0.5,open_meteo_historical_forecast
2025-09-05,NYC,09:00,2025-09-05 09:00:00,83.0,83.3,-0.3,open_meteo_historical_forecast
2025-09-05,NYC,11:00,2025-09-05 11:00:00,83.0,83.3,-0.3,open_meteo_historical_forecast
2025-09-05,NYC,13:00,2025-09-05 13:00:00,83.0,83.3,-0.3,open_meteo_historical_forecast
2025-09-05,NYC,15:00,2025-09-05 15:00:00,83.0,83.3,-0.3,open_meteo_historical_forecast
2025-09-06,NYC,09:00,2025-09-06 09:00:00,86.3,86.2,0.1,open_meteo_historical_forecast
2025-09-06,NYC,11:00,2025-09-06 11:00:00,86.3,86.2,0.1,open_meteo_historical_forecast
2025-09-06,NYC,13:00,2025-09-06 13:00:00,86.3,86.2,0.1,open_meteo_historical_forecast
2025-09-06,NYC,15:00,2025-09-06 15:00:00,86.3,86.2,0.1,open_meteo_historical_forecast
2025-09-07,NYC,09:00,2025-09-07 09:00:00,69.2,68.5,0.7,open_meteo_historical_forecast
2025-09-07,NYC,11:00,2025-09-07 11:00:00,69.2,68.5,0.7,open_meteo_historical_forecast
2025-09-07,NYC,13:00,2025-09-07 13:00:00,69.2,68.5,0.7,open_meteo_historical_forecast
2025-09-07,NYC,15:00,2025-09-07 15:00:00,69.2,68.5,0.7,open_meteo_historical_forecast
2025-09-08,NYC,09:00,2025-09-08 09:00:00,70.7,74.2,-3.5,open_meteo_historical_forecast
2025-09-08,NYC,11:00,2025-09-08 11:00:00,70.7,74.2,-3.5,open_meteo_historical_forecast
2025-09-08,NYC,13:00,2025-09-08 13:00:00,70.7,74.2,-3.5,open_meteo_historical_forecast
2025-09-08,NYC,15:00,2025-09-08 15:00:00,70.7,74.2,-3.5,open_meteo_historical_forecast
2025-09-09,NYC,09:00,2025-09-09 09:00:00,71.1,72.6,-1.5,open_meteo_historical_forecast
2025-09-09,NYC,11:00,2025-09-09 11:00:00,71.1,72.6,-1.5,open_meteo_historical_forecast
2025-09-09,NYC,13:00,2025-09-09 13:00:00,71.1,72.6,-1.5,open_meteo_historical_forecast
2025-09-09,NYC,15:00,2025-09-09 15:00:00,71.1,72.6,-1.5,open_meteo_historical_forecast
2025-09-10,NYC,09:00,2025-09-10 09:00:00,69.1,73.7,-4.6,open_meteo_historical_forecast
2025-09-10,NYC,11:00,2025-09-10 11:00:00,69.1,73.7,-4.6,open_meteo_historical_forecast
2025-09-10,NYC,13:00,2025-09-10 13:00:00,69.1,73.7,-4.6,open_meteo_historical_forecast
2025-09-10,NYC,15:00,2025-09-10 15:00:00,69.1,73.7,-4.6,open_meteo_historical_forecast
2025-09-11,NYC,09:00,2025-09-11 09:00:00,79.6,80.1,-0.5,open_meteo_historical_forecast
2025-09-11,NYC,11:00,2025-09-11 11:00:00,79.6,80.1,-0.5,open_meteo_historical_forecast
2025-09-11,NYC,13:00,2025-09-11 13:00:00,79.6,80.1,-0.5,open_meteo_historical_forecast
2025-09-11,NYC,15:00,2025-09-11 15:00:00,79.6,80.1,-0.5,open_meteo_historical_forecast
2025-09-12,NYC,09:00,2025-09-12 09:00:00,80.3,78.8,1.5,open_meteo_historical_forecast
2025-09-12,NYC,11:00,2025-09-12 11:00:00,80.3,78.8,1.5,open_meteo_historical_forecast
2025-09-12,NYC,13:00,2025-09-12 13:00:00,80.3,78.8,1.5,open_meteo_historical_forecast
2025-09-12,NYC,15:00,2025-09-12 15:00:00,80.3,78.8,1.5,open_meteo_historical_forecast
2025-09-13,NYC,09:00,2025-09-13 09:00:00,80.6,78.0,2.6,open_meteo_historical_forecast
2025-09-13,NYC,11:00,2025-09-13 11:00:00,80.6,78.0,2.6,open_meteo_historical_forecast
2025-09-13,NYC,13:00,2025-09-13 13:00:00,80.6,78.0,2.6,open_meteo_historical_forecast
2025-09-13,NYC,15:00,2025-09-13 15:00:00,80.6,78.0,2.6,open_meteo_historical_forecast
2025-09-14,NYC,09:00,2025-09-14 09:00:00,85.0,82.4,2.6,open_meteo_historical_forecast
2025-09-14,NYC,11:00,2025-09-14 11:00:00,85.0,82.4,2.6,open_meteo_historical_forecast
2025-09-14,NYC,13:00,2025-09-14 13:00:00,85.0,82.4,2.6,open_meteo_historical_forecast
2025-09-14,NYC,15:00,2025-09-14 15:00:00,85.0,82.4,2.6,open_meteo_historical_forecast
2025-09-15,NYC,09:00,2025-09-15 09:00:00,82.3,80.1,2.2,open_meteo_historical_forecast
2025-09-15,NYC,11:00,2025-09-15 11:00:00,82.3,80.1,2.2,open_meteo_historical_forecast
2025-09-15,NYC,13:00,2025-09-15 13:00:00,82.3,80.1,2.2,open_meteo_historical_forecast
2025-09-15,NYC,15:00,2025-09-15 15:00:00,82.3,80.1,2.2,open_meteo_historical_forecast
2025-09-16,NYC,09:00,2025-09-16 09:00:00,75.7,73.2,2.5,open_meteo_historical_forecast
2025-09-16,NYC,11:00,2025-09-16 11:00:00,75.7,73.2,2.5,open_meteo_historical_forecast
2025-09-16,NYC,13:00,2025-09-16 13:00:00,75.7,73.2,2.5,open_meteo_historical_forecast
2025-09-16,NYC,15:00,2025-09-16 15:00:00,75.7,73.2,2.5,open_meteo_historical_forecast
2025-09-17,NYC,09:00,2025-09-17 09:00:00,70.7,69.1,1.6,open_meteo_historical_forecast
2025-09-17,NYC,11:00,2025-09-17 11:00:00,70.7,69.1,1.6,open_meteo_historical_forecast
2025-09-17,NYC,13:00,2025-09-17 13:00:00,70.7,69.1,1.6,open_meteo_historical_forecast
2025-09-17,NYC,15:00,2025-09-17 15:00:00,70.7,69.1,1.6,open_meteo_historical_forecast
2025-09-18,NYC,09:00,2025-09-18 09:00:00,80.5,86.0,-5.5,open_meteo_historical_forecast
2025-09-18,NYC,11:00,2025-09-18 11:00:00,80.5,86.0,-5.5,open_meteo_historical_forecast
2025-09-18,NYC,13:00,2025-09-18 13:00:00,80.5,86.0,-5.5,open_meteo_historical_forecast
2025-09-18,NYC,15:00,2025-09-18 15:00:00,80.5,86.0,-5.5,open_meteo_historical_forecast
2025-09-19,NYC,09:00,2025-09-19 09:00:00,81.9,84.2,-2.3,open_meteo_historical_forecast
2025-09-19,NYC,11:00,2025-09-19 11:00:00,81.9,84.2,-2.3,open_meteo_historical_forecast
2025-09-19,NYC,13:00,2025-09-19 13:00:00,81.9,84.2,-2.3,open_meteo_historical_forecast
2025-09-19,NYC,15:00,2025-09-19 15:00:00,81.9,84.2,-2.3,open_meteo_historical_forecast
2025-09-20,NYC,09:00,2025-09-20 09:00:00,73.7,73.6,0.1,open_meteo_historical_forecast
2025-09-20,NYC,11:00,2025-09-20 11:00:00,73.7,73.6,0.1,open_meteo_historical_forecast
2025-09-20,NYC,13:00,2025-09-20 13:00:00,73.7,73.6,0.1,open_meteo_historical_forecast
2025-09-20,NYC,15:00,2025-09-20 15:00:00,73.7,73.6,0.1,open_meteo_historical_forecast
2025-09-21,NYC,09:00,2025-09-21 09:00:00,72.1,70.6,1.5,open_meteo_historical_forecast
2025-09-21,NYC,11:00,2025-09-21 11:00:00,72.1,70.6,1.5,open_meteo_historical_forecast
2025-09-21,NYC,13:00,2025-09-21 13:00:00,72.1,70.6,1.5,open_meteo_historical_forecast
2025-09-21,NYC,15:00,2025-09-21 15:00:00,72.1,70.6,1.5,open_meteo_historical_forecast
2025-09-22,NYC,09:00,2025-09-22 09:00:00,72.9,72.0,0.9,open_meteo_historical_forecast
2025-09-22,NYC,11:00,2025-09-22 11:00:00,72.9,72.0,0.9,open_meteo_historical_forecast
2025-09-22,NYC,13:00,2025-09-22 13:00:00,72.9,72.0,0.9,open_meteo_historical_forecast
2025-09-22,NYC,15:00,2025-09-22 15:00:00,72.9,72.0,0.9,open_meteo_historical_forecast
2025-09-23,NYC,09:00,2025-09-23 09:00:00,84.5,83.7,0.8,open_meteo_historical_forecast
2025-09-23,NYC,11:00,2025-09-23 11:00:00,84.5,83.7,0.8,open_meteo_historical_forecast
2025-09-23,NYC,13:00,2025-09-23 13:00:00,84.5,83.7,0.8,open_meteo_historical_forecast
2025-09-23,NYC,15:00,2025-09-23 15:00:00,84.5,83.7,0.8,open_meteo_historical_forecast
2025-09-24,NYC,09:00,2025-09-24 09:00:00,79.1,78.7,0.4,open_meteo_historical_forecast
2025-09-24,NYC,11:00,2025-09-24 11:00:00,79.1,78.7,0.4,open_meteo_historical_forecast
2025-09-24,NYC,13:00,2025-09-24 13:00:00,79.1,78.7,0.4,open_meteo_historical_forecast
2025-09-24,NYC,15:00,2025-09-24 15:00:00,79.1,78.7,0.4,open_meteo_historical_forecast
2025-09-25,NYC,09:00,2025-09-25 09:00:00,74.9,76.5,-1.6,open_meteo_historical_forecast
2025-09-25,NYC,11:00,2025-09-25 11:00:00,74.9,76.5,-1.6,open_meteo_historical_forecast
2025-09-25,NYC,13:00,2025-09-25 13:00:00,74.9,76.5,-1.6,open_meteo_historical_forecast
2025-09-25,NYC,15:00,2025-09-25 15:00:00,74.9,76.5,-1.6,open_meteo_historical_forecast
2025-09-26,NYC,09:00,2025-09-26 09:00:00,79.2,81.8,-2.6,open_meteo_historical_forecast
2025-09-26,NYC,11:00,2025-09-26 11:00:00,79.2,81.8,-2.6,open_meteo_historical_forecast
2025-09-26,NYC,13:00,2025-09-26 13:00:00,79.2,81.8,-2.6,open_meteo_historical_forecast
2025-09-26,NYC,15:00,2025-09-26 15:00:00,79.2,81.8,-2.6,open_meteo_historical_forecast
2025-09-27,NYC,09:00,2025-09-27 09:00:00,75.7,79.8,-4.1,open_meteo_historical_forecast
2025-09-27,NYC,11:00,2025-09-27 11:00:00,75.7,79.8,-4.1,open_meteo_historical_forecast
2025-09-27,NYC,13:00,2025-09-27 13:00:00,75.7,79.8,-4.1,open_meteo_historical_forecast
2025-09-27,NYC,15:00,2025-09-27 15:00:00,75.7,79.8,-4.1,open_meteo_historical_forecast
2025-09-28,NYC,09:00,2025-09-28 09:00:00,82.2,85.1,-2.9,open_meteo_historical_forecast
2025-09-28,NYC,11:00,2025-09-28 11:00:00,82.2,85.1,-2.9,open_meteo_historical_forecast
2025-09-28,NYC,13:00,2025-09-28 13:00:00,82.2,85.1,-2.9,open_meteo_historical_forecast
2025-09-28,NYC,15:00,2025-09-28 15:00:00,82.2,85.1,-2.9,open_meteo_historical_forecast
2025-09-29,NYC,09:00,2025-09-29 09:00:00,75.0,77.3,-2.3,open_meteo_historical_forecast
2025-09-29,NYC,11:00,2025-09-29 11:00:00,75.0,77.3,-2.3,open_meteo_historical_forecast
2025-09-29,NYC,13:00,2025-09-29 13:00:00,75.0,77.3,-2.3,open_meteo_historical_forecast
2025-09-29,NYC,15:00,2025-09-29 15:00:00,75.0,77.3,-2.3,open_meteo_historical_forecast
2025-09-30,NYC,09:00,2025-09-30 09:00:00,77.7,80.7,-3.0,open_meteo_historical_forecast
2025-09-30,NYC,11:00,2025-09-30 11:00:00,77.7,80.7,-3.0,open_meteo_historical_forecast
2025-09-30,NYC,13:00,2025-09-30 13:00:00,77.7,80.7,-3.0,open_meteo_historical_forecast
2025-09-30,NYC,15:00,2025-09-30 15:00:00,77.7,80.7,-3.0,open_meteo_historical_forecast
2025-10-01,NYC,09:00,2025-10-01 09:00:00,68.5,70.1,-1.6,open_meteo_historical_forecast
2025-10-01,NYC,11:00,2025-10-01 11:00:00,68.5,70.1,-1.6,open_meteo_historical_forecast
2025-10-01,NYC,13:00,2025-10-01 13:00:00,68.5,70.1,-1.6,open_meteo_historical_forecast
2025-10-01,NYC,15:00,2025-10-01 15:00:00,68.5,70.1,-1.6,open_meteo_historical_forecast
2025-10-02,NYC,09:00,2025-10-02 09:00:00,66.2,66.1,0.1,open_meteo_historical_forecast
2025-10-02,NYC,11:00,2025-10-02 11:00:00,66.2,66.1,0.1,open_meteo_historical_forecast
2025-10-02,NYC,13:00,2025-10-02 13:00:00,66.2,66.1,0.1,open_meteo_historical_forecast
2025-10-02,NYC,15:00,2025-10-02 15:00:00,66.2,66.1,0.1,open_meteo_historical_forecast
2025-10-03,NYC,09:00,2025-10-03 09:00:00,72.1,73.0,-0.9,open_meteo_historical_forecast
2025-10-03,NYC,11:00,2025-10-03 11:00:00,72.1,73.0,-0.9,open_meteo_historical_forecast
2025-10-03,NYC,13:00,2025-10-03 13:00:00,72.1,73.0,-0.9,open_meteo_historical_forecast
2025-10-03,NYC,15:00,2025-10-03 15:00:00,72.1,73.0,-0.9,open_meteo_historical_forecast
2025-10-04,NYC,09:00,2025-10-04 09:00:00,81.6,83.2,-1.6,open_meteo_historical_forecast
2025-10-04,NYC,11:00,2025-10-04 11:00:00,81.6,83.2,-1.6,open_meteo_historical_forecast
2025-10-04,NYC,13:00,2025-10-04 13:00:00,81.6,83.2,-1.6,open_meteo_historical_forecast
2025-10-04,NYC,15:00,2025-10-04 15:00:00,81.6,83.2,-1.6,open_meteo_historical_forecast
2025-10-05,NYC,09:00,2025-10-05 09:00:00,85.3,85.3,0.0,open_meteo_historical_forecast
2025-10-05,NYC,11:00,2025-10-05 11:00:00,85.3,85.3,0.0,open_meteo_historical_forecast
2025-10-05,NYC,13:00,2025-10-05 13:00:00,85.3,85.3,0.0,open_meteo_historical_forecast
2025-10-05,NYC,15:00,2025-10-05 15:00:00,85.3,85.3,0.0,open_meteo_historical_forecast
2025-10-06,NYC,09:00,2025-10-06 09:00:00,81.1,80.2,0.9,open_meteo_historical_forecast
2025-10-06,NYC,11:00,2025-10-06 11:00:00,81.1,80.2,0.9,open_meteo_historical_forecast
2025-10-06,NYC,13:00,2025-10-06 13:00:00,81.1,80.2,0.9,open_meteo_historical_forecast
2025-10-06,NYC,15:00,2025-10-06 15:00:00,81.1,80.2,0.9,open_meteo_historical_forecast
2025-10-07,NYC,09:00,2025-10-07 09:00:00,81.0,79.6,1.4,open_meteo_historical_forecast
2025-10-07,NYC,11:00,2025-10-07 11:00:00,81.0,79.6,1.4,open_meteo_historical_forecast
2025-10-07,NYC,13:00,2025-10-07 13:00:00,81.0,79.6,1.4,open_meteo_historical_forecast
2025-10-07,NYC,15:00,2025-10-07 15:00:00,81.0,79.6,1.4,open_meteo_historical_forecast
2025-10-08,NYC,09:00,2025-10-08 09:00:00,71.2,70.7,0.5,open_meteo_historical_forecast
2025-10-08,NYC,11:00,2025-10-08 11:00:00,71.2,70.7,0.5,open_meteo_historical_forecast
2025-10-08,NYC,13:00,2025-10-08 13:00:00,71.2,70.7,0.5,open_meteo_historical_forecast
2025-10-08,NYC,15:00,2025-10-08 15:00:00,71.2,70.7,0.5,open_meteo_historical_forecast
2025-10-09,NYC,09:00,2025-10-09 09:00:00,58.5,59.0,-0.5,open_meteo_historical_forecast
2025-10-09,NYC,11:00,2025-10-09 11:00:00,58.5,59.0,-0.5,open_meteo_historical_forecast
2025-10-09,NYC,13:00,2025-10-09 13:00:00,58.5,59.0,-0.5,open_meteo_historical_forecast
2025-10-09,NYC,15:00,2025-10-09 15:00:00,58.5,59.0,-0.5,open_meteo_historical_forecast
2025-10-10,NYC,09:00,2025-10-10 09:00:00,61.3,62.6,-1.3,open_meteo_historical_forecast
2025-10-10,NYC,11:00,2025-10-10 11:00:00,61.3,62.6,-1.3,open_meteo_historical_forecast
2025-10-10,NYC,13:00,2025-10-10 13:00:00,61.3,62.6,-1.3,open_meteo_historical_forecast
2025-10-10,NYC,15:00,2025-10-10 15:00:00,61.3,62.6,-1.3,open_meteo_historical_forecast
2025-10-11,NYC,09:00,2025-10-11 09:00:00,66.0,64.3,1.7,open_meteo_historical_forecast
2025-10-11,NYC,11:00,2025-10-11 11:00:00,66.0,64.3,1.7,open_meteo_historical_forecast
2025-10-11,NYC,13:00,2025-10-11 13:00:00,66.0,64.3,1.7,open_meteo_historical_forecast
2025-10-11,NYC,15:00,2025-10-11 15:00:00,66.0,64.3,1.7,open_meteo_historical_forecast
2025-10-12,NYC,09:00,2025-10-12 09:00:00,61.8,61.6,0.2,open_meteo_historical_forecast
2025-10-12,NYC,11:00,2025-10-12 11:00:00,61.8,61.6,0.2,open_meteo_historical_forecast
2025-10-12,NYC,13:00,2025-10-12 13:00:00,61.8,61.6,0.2,open_meteo_historical_forecast
2025-10-12,NYC,15:00,2025-10-12 15:00:00,61.8,61.6,0.2,open_meteo_historical_forecast
2025-10-13,NYC,09:00,2025-10-13 09:00:00,58.3,57.0,1.3,open_meteo_historical_forecast
2025-10-13,NYC,11:00,2025-10-13 11:00:00,58.3,57.0,1.3,open_meteo_historical_forecast
2025-10-13,NYC,13:00,2025-10-13 13:00:00,58.3,57.0,1.3,open_meteo_historical_forecast
2025-10-13,NYC,15:00,2025-10-13 15:00:00,58.3,57.0,1.3,open_meteo_historical_forecast
2025-10-14,NYC,09:00,2025-10-14 09:00:00,60.8,60.6,0.2,open_meteo_historical_forecast
2025-10-14,NYC,11:00,2025-10-14 11:00:00,60.8,60.6,0.2,open_meteo_historical_forecast
2025-10-14,NYC,13:00,2025-10-14 13:00:00,60.8,60.6,0.2,open_meteo_historical_forecast
2025-10-14,NYC,15:00,2025-10-14 15:00:00,60.8,60.6,0.2,open_meteo_historical_forecast
2025-10-15,NYC,09:00,2025-10-15 09:00:00,67.6,68.5,-0.9,open_meteo_historical_forecast
2025-10-15,NYC,11:00,2025-10-15 11:00:00,67.6,68.5,-0.9,open_meteo_historical_forecast
2025-10-15,NYC,13:00,2025-10-15 13:00:00,67.6,68.5,-0.9,open_meteo_historical_forecast
2025-10-15,NYC,15:00,2025-10-15 15:00:00,67.6,68.5,-0.9,open_meteo_historical_forecast
2025-10-16,NYC,09:00,2025-10-16 09:00:00,59.4,61.8,-2.4,open_meteo_historical_forecast
2025-10-16,NYC,11:00,2025-10-16 11:00:00,59.4,61.8,-2.4,open_meteo_historical_forecast
2025-10-16,NYC,13:00,2025-10-16 13:00:00,59.4,61.8,-2.4,open_meteo_historical_forecast
2025-10-16,NYC,15:00,2025-10-16 15:00:00,59.4,61.8,-2.4,open_meteo_historical_forecast
2025-10-17,NYC,09:00,2025-10-17 09:00:00,62.6,65.1,-2.5,open_meteo_historical_forecast
2025-10-17,NYC,11:00,2025-10-17 11:00:00,62.6,65.1,-2.5,open_meteo_historical_forecast
2025-10-17,NYC,13:00,2025-10-17 13:00:00,62.6,65.1,-2.5,open_meteo_historical_forecast
2025-10-17,NYC,15:00,2025-10-17 15:00:00,62.6,65.1,-2.5,open_meteo_historical_forecast
2025-10-18,NYC,09:00,2025-10-18 09:00:00,63.6,65.8,-2.2,open_meteo_historical_forecast
2025-10-18,NYC,11:00,2025-10-18 11:00:00,63.6,65.8,-2.2,open_meteo_historical_forecast
2025-10-18,NYC,13:00,2025-10-18 13:00:00,63.6,65.8,-2.2,open_meteo_historical_forecast
2025-10-18,NYC,15:00,2025-10-18 15:00:00,63.6,65.8,-2.2,open_meteo_historical_forecast
2025-10-19,NYC,09:00,2025-10-19 09:00:00,69.4,71.4,-2.0,open_meteo_historical_forecast
2025-10-19,NYC,11:00,2025-10-19 11:00:00,69.4,71.4,-2.0,open_meteo_historical_forecast
2025-10-19,NYC,13:00,2025-10-19 13:00:00,69.4,71.4,-2.0,open_meteo_historical_forecast
2025-10-19,NYC,15:00,2025-10-19 15:00:00,69.4,71.4,-2.0,open_meteo_historical_forecast
2025-10-20,NYC,09:00,2025-10-20 09:00:00,67.8,67.8,0.0,open_meteo_historical_forecast
2025-10-20,NYC,11:00,2025-10-20 11:00:00,67.8,67.8,0.0,open_meteo_historical_forecast
2025-10-20,NYC,13:00,2025-10-20 13:00:00,67.8,67.8,0.0,open_meteo_historical_forecast
2025-10-20,NYC,15:00,2025-10-20 15:00:00,67.8,67.8,0.0,open_meteo_historical_forecast
2025-10-21,NYC,09:00,2025-10-21 09:00:00,66.5,67.8,-1.3,open_meteo_historical_forecast
2025-10-21,NYC,11:00,2025-10-21 11:00:00,66.5,67.8,-1.3,open_meteo_historical_forecast
2025-10-21,NYC,13:00,2025-10-21 13:00:00,66.5,67.8,-1.3,open_meteo_historical_forecast
2025-10-21,NYC,15:00,2025-10-21 15:00:00,66.5,67.8,-1.3,open_meteo_historical_forecast
2025-10-22,NYC,09:00,2025-10-22 09:00:00,61.9,63.0,-1.1,open_meteo_historical_forecast
2025-10-22,NYC,11:00,2025-10-22 11:00:00,61.9,63.0,-1.1,open_meteo_historical_forecast
2025-10-22,NYC,13:00,2025-10-22 13:00:00,61.9,63.0,-1.1,open_meteo_historical_forecast
2025-10-22,NYC,15:00,2025-10-22 15:00:00,61.9,63.0,-1.1,open_meteo_historical_forecast
2025-10-23,NYC,09:00,2025-10-23 09:00:00,58.7,60.4,-1.7,open_meteo_historical_forecast
2025-10-23,NYC,11:00,2025-10-23 11:00:00,58.7,60.4,-1.7,open_meteo_historical_forecast
2025-10-23,NYC,13:00,2025-10-23 13:00:00,58.7,60.4,-1.7,open_meteo_historical_forecast
2025-10-23,NYC,15:00,2025-10-23 15:00:00,58.7,60.4,-1.7,open_meteo_historical_forecast
2025-10-24,NYC,09:00,2025-10-24 09:00:00,59.1,60.3,-1.2,open_meteo_historical_forecast
2025-10-24,NYC,11:00,2025-10-24 11:00:00,59.1,60.3,-1.2,open_meteo_historical_forecast
2025-10-24,NYC,13:00,2025-10-24 13:00:00,59.1,60.3,-1.2,open_meteo_historical_forecast
2025-10-24,NYC,15:00,2025-10-24 15:00:00,59.1,60.3,-1.2,open_meteo_historical_forecast
2025-10-25,NYC,09:00,2025-10-25 09:00:00,57.9,59.5,-1.6,open_meteo_historical_forecast
2025-10-25,NYC,11:00,2025-10-25 11:00:00,57.9,59.5,-1.6,open_meteo_historical_forecast
2025-10-25,NYC,13:00,2025-10-25 13:00:00,57.9,59.5,-1.6,open_meteo_historical_forecast
2025-10-25,NYC,15:00,2025-10-25 15:00:00,57.9,59.5,-1.6,open_meteo_historical_forecast
2025-10-26,NYC,09:00,2025-10-26 09:00:00,58.0,59.2,-1.2,open_meteo_historical_forecast
2025-10-26,NYC,11:00,2025-10-26 11:00:00,58.0,59.2,-1.2,open_meteo_historical_forecast
2025-10-26,NYC,13:00,2025-10-26 13:00:00,58.0,59.2,-1.2,open_meteo_historical_forecast
2025-10-26,NYC,15:00,2025-10-26 15:00:00,58.0,59.2,-1.2,open_meteo_historical_forecast
2025-10-27,NYC,09:00,2025-10-27 09:00:00,55.2,55.9,-0.7,open_meteo_historical_forecast
2025-10-27,NYC,11:00,2025-10-27 11:00:00,55.2,55.9,-0.7,open_meteo_historical_forecast
2025-10-27,NYC,13:00,2025-10-27 13:00:00,55.2,55.9,-0.7,open_meteo_historical_forecast
2025-10-27,NYC,15:00,2025-10-27 15:00:00,55.2,55.9,-0.7,open_meteo_historical_forecast
2025-10-28,NYC,09:00,2025-10-28 09:00:00,54.8,53.9,0.9,open_meteo_historical_forecast
2025-10-28,NYC,11:00,2025-10-28 11:00:00,54.8,53.9,0.9,open_meteo_historical_forecast
2025-10-28,NYC,13:00,2025-10-28 13:00:00,54.8,53.9,0.9,open_meteo_historical_forecast
2025-10-28,NYC,15:00,2025-10-28 15:00:00,54.8,53.9,0.9,open_meteo_historical_forecast
2025-10-29,NYC,09:00,2025-10-29 09:00:00,57.5,54.8,2.7,open_meteo_historical_forecast
2025-10-29,NYC,11:00,2025-10-29 11:00:00,57.5,54.8,2.7,open_meteo_historical_forecast
2025-10-29,NYC,13:00,2025-10-29 13:00:00,57.5,54.8,2.7,open_meteo_historical_forecast
2025-10-29,NYC,15:00,2025-10-29 15:00:00,57.5,54.8,2.7,open_meteo_historical_forecast
2025-10-30,NYC,09:00,2025-10-30 09:00:00,61.2,63.0,-1.8,open_meteo_historical_forecast
2025-10-30,NYC,11:00,2025-10-30 11:00:00,61.2,63.0,-1.8,open_meteo_historical_forecast
2025-10-30,NYC,13:00,2025-10-30 13:00:00,61.2,63.0,-1.8,open_meteo_historical_forecast
2025-10-30,NYC,15:00,2025-10-30 15:00:00,61.2,63.0,-1.8,open_meteo_historical_forecast
2025-10-31,NYC,09:00,2025-10-31 09:00:00,58.9,59.3,-0.4,open_meteo_historical_forecast
2025-10-31,NYC,11:00,2025-10-31 11:00:00,58.9,59.3,-0.4,open_meteo_historical_forecast
2025-10-31,NYC,13:00,2025-10-31 13:00:00,58.9,59.3,-0.4,open_meteo_historical_forecast
2025-10-31,NYC,15:00,2025-10-31 15:00:00,58.9,59.3,-0.4,open_meteo_historical_forecast
2025-11-01,NYC,09:00,2025-11-01 09:00:00,57.8,59.2,-1.4,open_meteo_historical_forecast
2025-11-01,NYC,11:00,2025-11-01 11:00:00,57.8,59.2,-1.4,open_meteo_historical_forecast
2025-11-01,NYC,13:00,2025-11-01 13:00:00,57.8,59.2,-1.4,open_meteo_historical_forecast
2025-11-01,NYC,15:00,2025-11-01 15:00:00,57.8,59.2,-1.4,open_meteo_historical_forecast
2025-11-02,NYC,09:00,2025-11-02 09:00:00,58.5,61.2,-2.7,open_meteo_historical_forecast
2025-11-02,NYC,11:00,2025-11-02 11:00:00,58.5,61.2,-2.7,open_meteo_historical_forecast
2025-11-02,NYC,13:00,2025-11-02 13:00:00,58.5,61.2,-2.7,open_meteo_historical_forecast
2025-11-02,NYC,15:00,2025-11-02 15:00:00,58.5,61.2,-2.7,open_meteo_historical_forecast
2025-11-03,NYC,09:00,2025-11-03 09:00:00,56.9,59.5,-2.6,open_meteo_historical_forecast
2025-11-03,NYC,11:00,2025-11-03 11:00:00,56.9,59.5,-2.6,open_meteo_historical_forecast
2025-11-03,NYC,13:00,2025-11-03 13:00:00,56.9,59.5,-2.6,open_meteo_historical_forecast
2025-11-03,NYC,15:00,2025-11-03 15:00:00,56.9,59.5,-2.6,open_meteo_historical_forecast
2025-11-04,NYC,09:00,2025-11-04 09:00:00,58.4,60.3,-1.9,open_meteo_historical_forecast
2025-11-04,NYC,11:00,2025-11-04 11:00:00,58.4,60.3,-1.9,open_meteo_historical_forecast
2025-11-04,NYC,13:00,2025-11-04 13:00:00,58.4,60.3,-1.9,open_meteo_historical_forecast
2025-11-04,NYC,15:00,2025-11-04 15:00:00,58.4,60.3,-1.9,open_meteo_historical_forecast
2025-11-05,NYC,09:00,2025-11-05 09:00:00,64.0,65.3,-1.3,open_meteo_historical_forecast
2025-11-05,NYC,11:00,2025-11-05 11:00:00,64.0,65.3,-1.3,open_meteo_historical_forecast
2025-11-05,NYC,13:00,2025-11-05 13:00:00,64.0,65.3,-1.3,open_meteo_historical_forecast
2025-11-05,NYC,15:00,2025-11-05 15:00:00,64.0,65.3,-1.3,open_meteo_historical_forecast
2025-11-06,NYC,09:00,2025-11-06 09:00:00,56.4,59.3,-2.9,open_meteo_historical_forecast
2025-11-06,NYC,11:00,2025-11-06 11:00:00,56.4,59.3,-2.9,open_meteo_historical_forecast
2025-11-06,NYC,13:00,2025-11-06 13:00:00,56.4,59.3,-2.9,open_meteo_historical_forecast
2025-11-06,NYC,15:00,2025-11-06 15:00:00,56.4,59.3,-2.9,open_meteo_historical_forecast
2025-11-07,NYC,09:00,2025-11-07 09:00:00,59.0,59.6,-0.6,open_meteo_historical_forecast
2025-11-07,NYC,11:00,2025-11-07 11:00:00,59.0,59.6,-0.6,open_meteo_historical_forecast
2025-11-07,NYC,13:00,2025-11-07 13:00:00,59.0,59.6,-0.6,open_meteo_historical_forecast
2025-11-07,NYC,15:00,2025-11-07 15:00:00,59.0,59.6,-0.6,open_meteo_historical_forecast
2025-11-08,NYC,09:00,2025-11-08 09:00:00,64.7,67.1,-2.4,open_meteo_historical_forecast
2025-11-08,NYC,11:00,2025-11-08 11:00:00,64.7,67.1,-2.4,open_meteo_historical_forecast
2025-11-08,NYC,13:00,2025-11-08 13:00:00,64.7,67.1,-2.4,open_meteo_historical_forecast
2025-11-08,NYC,15:00,2025-11-08 15:00:00,64.7,67.1,-2.4,open_meteo_historical_forecast
2025-11-09,NYC,09:00,2025-11-09 09:00:00,61.2,63.6,-2.4,open_meteo_historical_forecast
2025-11-09,NYC,11:00,2025-11-09 11:00:00,61.2,63.6,-2.4,open_meteo_historical_forecast
2025-11-09,NYC,13:00,2025-11-09 13:00:00,61.2,63.6,-2.4,open_meteo_historical_forecast
2025-11-09,NYC,15:00,2025-11-09 15:00:00,61.2,63.6,-2.4,open_meteo_historical_forecast
2025-11-10,NYC,09:00,2025-11-10 09:00:00,56.5,59.0,-2.5,open_meteo_historical_forecast
2025-11-10,NYC,11:00,2025-11-10 11:00:00,56.5,59.0,-2.5,open_meteo_historical_forecast
2025-11-10,NYC,13:00,2025-11-10 13:00:00,56.5,59.0,-2.5,open_meteo_historical_forecast
2025-11-10,NYC,15:00,2025-11-10 15:00:00,56.5,59.0,-2.5,open_meteo_historical_forecast
2025-11-11,NYC,09:00,2025-11-11 09:00:00,39.8,40.2,-0.4,open_meteo_historical_forecast
2025-11-11,NYC,11:00,2025-11-11 11:00:00,39.8,40.2,-0.4,open_meteo_historical_forecast
2025-11-11,NYC,13:00,2025-11-11 13:00:00,39.8,40.2,-0.4,open_meteo_historical_forecast
2025-11-11,NYC,15:00,2025-11-11 15:00:00,39.8,40.2,-0.4,open_meteo_historical_forecast
2025-11-12,NYC,09:00,2025-11-12 09:00:00,48.1,49.7,-1.6,open_meteo_historical_forecast
2025-11-12,NYC,11:00,2025-11-12 11:00:00,48.1,49.7,-1.6,open_meteo_historical_forecast
2025-11-12,NYC,13:00,2025-11-12 13:00:00,48.1,49.7,-1.6,open_meteo_historical_forecast
2025-11-12,NYC,15:00,2025-11-12 15:00:00,48.1,49.7,-1.6,open_meteo_historical_forecast
2025-11-13,NYC,09:00,2025-11-13 09:00:00,50.6,51.0,-0.4,open_meteo_historical_forecast
2025-11-13,NYC,11:00,2025-11-13 11:00:00,50.6,51.0,-0.4,open_meteo_historical_forecast
2025-11-13,NYC,13:00,2025-11-13 13:00:00,50.6,51.0,-0.4,open_meteo_historical_forecast
2025-11-13,NYC,15:00,2025-11-13 15:00:00,50.6,51.0,-0.4,open_meteo_historical_forecast
2025-11-14,NYC,09:00,2025-11-14 09:00:00,49.8,51.3,-1.5,open_meteo_historical_forecast
2025-11-14,NYC,11:00,2025-11-14 11:00:00,49.8,51.3,-1.5,open_meteo_historical_forecast
2025-11-14,NYC,13:00,2025-11-14 13:00:00,49.8,51.3,-1.5,open_meteo_historical_forecast
2025-11-14,NYC,15:00,2025-11-14 15:00:00,49.8,51.3,-1.5,open_meteo_historical_forecast
2025-11-15,NYC,09:00,2025-11-15 09:00:00,47.2,49.8,-2.6,open_meteo_historical_forecast
2025-11-15,NYC,11:00,2025-11-15 11:00:00,47.2,49.8,-2.6,open_meteo_historical_forecast
2025-11-15,NYC,13:00,2025-11-15 13:00:00,47.2,49.8,-2.6,open_meteo_historical_forecast
2025-11-15,NYC,15:00,2025-11-15 15:00:00,47.2,49.8,-2.6,open_meteo_historical_forecast
2025-11-16,NYC,09:00,2025-11-16 09:00:00,54.9,56.1,-1.2,open_meteo_historical_forecast
2025-11-16,NYC,11:00,2025-11-16 11:00:00,54.9,56.1,-1.2,open_meteo_historical_forecast
2025-11-16,NYC,13:00,2025-11-16 13:00:00,54.9,56.1,-1.2,open_meteo_historical_forecast
2025-11-16,NYC,15:00,2025-11-16 15:00:00,54.9,56.1,-1.2,open_meteo_historical_forecast
2025-11-17,NYC,09:00,2025-11-17 09:00:00,42.8,44.9,-2.1,open_meteo_historical_forecast
2025-11-17,NYC,11:00,2025-11-17 11:00:00,42.8,44.9,-2.1,open_meteo_historical_forecast
2025-11-17,NYC,13:00,2025-11-17 13:00:00,42.8,44.9,-2.1,open_meteo_historical_forecast
2025-11-17,NYC,15:00,2025-11-17 15:00:00,42.8,44.9,-2.1,open_meteo_historical_forecast
2025-11-18,NYC,09:00,2025-11-18 09:00:00,45.8,46.8,-1.0,open_meteo_historical_forecast
2025-11-18,NYC,11:00,2025-11-18 11:00:00,45.8,46.8,-1.0,open_meteo_historical_forecast
2025-11-18,NYC,13:00,2025-11-18 13:00:00,45.8,46.8,-1.0,open_meteo_historical_forecast
2025-11-18,NYC,15:00,2025-11-18 15:00:00,45.8,46.8,-1.0,open_meteo_historical_forecast
2025-11-19,NYC,09:00,2025-11-19 09:00:00,46.8,46.1,0.7,open_meteo_historical_forecast
2025-11-19,NYC,11:00,2025-11-19 11:00:00,46.8,46.1,0.7,open_meteo_historical_forecast
2025-11-19,NYC,13:00,2025-11-19 13:00:00,46.8,46.1,0.7,open_meteo_historical_forecast
2025-11-19,NYC,15:00,2025-11-19 15:00:00,46.8,46.1,0.7,open_meteo_historical_forecast
2025-11-20,NYC,09:00,2025-11-20 09:00:00,45.9,48.5,-2.6,open_meteo_historical_forecast
2025-11-20,NYC,11:00,2025-11-20 11:00:00,45.9,48.5,-2.6,open_meteo_historical_forecast
2025-11-20,NYC,13:00,2025-11-20 13:00:00,45.9,48.5,-2.6,open_meteo_historical_forecast
2025-11-20,NYC,15:00,2025-11-20 15:00:00,45.9,48.5,-2.6,open_meteo_historical_forecast
2025-11-21,NYC,09:00,2025-11-21 09:00:00,51.3,53.0,-1.7,open_meteo_historical_forecast
2025-11-21,NYC,11:00,2025-11-21 11:00:00,51.3,53.0,-1.7,open_meteo_historical_forecast
2025-11-21,NYC,13:00,2025-11-21 13:00:00,51.3,53.0,-1.7,open_meteo_historical_forecast
2025-11-21,NYC,15:00,2025-11-21 15:00:00,51.3,53.0,-1.7,open_meteo_historical_forecast
2025-11-22,NYC,09:00,2025-11-22 09:00:00,51.4,50.7,0.7,open_meteo_historical_forecast
2025-11-22,NYC,11:00,2025-11-22 11:00:00,51.4,50.7,0.7,open_meteo_historical_forecast
2025-11-22,NYC,13:00,2025-11-22 13:00:00,51.4,50.7,0.7,open_meteo_historical_forecast
2025-11-22,NYC,15:00,2025-11-22 15:00:00,51.4,50.7,0.7,open_meteo_historical_forecast
2025-11-23,NYC,09:00,2025-11-23 09:00:00,45.4,49.4,-4.0,open_meteo_historical_forecast
2025-11-23,NYC,11:00,2025-11-23 11:00:00,45.4,49.4,-4.0,open_meteo_historical_forecast
2025-11-23,NYC,13:00,2025-11-23 13:00:00,45.4,49.4,-4.0,open_meteo_historical_forecast
2025-11-23,NYC,15:00,2025-11-23 15:00:00,45.4,49.4,-4.0,open_meteo_historical_forecast
2025-11-24,NYC,09:00,2025-11-24 09:00:00,52.2,53.3,-1.1,open_meteo_historical_forecast
2025-11-24,NYC,11:00,2025-11-24 11:00:00,52.2,53.3,-1.1,open_meteo_historical_forecast
2025-11-24,NYC,13:00,2025-11-24 13:00:00,52.2,53.3,-1.1,open_meteo_historical_forecast
2025-11-24,NYC,15:00,2025-11-24 15:00:00,52.2,53.3,-1.1,open_meteo_historical_forecast
2025-11-25,NYC,09:00,2025-11-25 09:00:00,54.6,55.0,-0.4,open_meteo_historical_forecast
2025-11-25,NYC,11:00,2025-11-25 11:00:00,54.6,55.0,-0.4,open_meteo_historical_forecast
2025-11-25,NYC,13:00,2025-11-25 13:00:00,54.6,55.0,-0.4,open_meteo_historical_forecast
2025-11-25,NYC,15:00,2025-11-25 15:00:00,54.6,55.0,-0.4,open_meteo_historical_forecast
2025-11-26,NYC,09:00,2025-11-26 09:00:00,59.4,58.6,0.8,open_meteo_historical_forecast
2025-11-26,NYC,11:00,2025-11-26 11:00:00,59.4,58.6,0.8,open_meteo_historical_forecast
2025-11-26,NYC,13:00,2025-11-26 13:00:00,59.4,58.6,0.8,open_meteo_historical_forecast
2025-11-26,NYC,15:00,2025-11-26 15:00:00,59.4,58.6,0.8,open_meteo_historical_forecast
2025-11-27,NYC,09:00,2025-11-27 09:00:00,50.5,50.0,0.5,open_meteo_historical_forecast
2025-11-27,NYC,11:00,2025-11-27 11:00:00,50.5,50.0,0.5,open_meteo_historical_forecast
2025-11-27,NYC,13:00,2025-11-27 13:00:00,50.5,50.0,0.5,open_meteo_historical_forecast
2025-11-27,NYC,15:00,2025-11-27 15:00:00,50.5,50.0,0.5,open_meteo_historical_forecast
2025-11-28,NYC,09:00,2025-11-28 09:00:00,42.1,43.1,-1.0,open_meteo_historical_forecast
2025-11-28,NYC,11:00,2025-11-28 11:00:00,42.1,43.1,-1.0,open_meteo_historical_forecast
2025-11-28,NYC,13:00,2025-11-28 13:00:00,42.1,43.1,-1.0,open_meteo_historical_forecast
2025-11-28,NYC,15:00,2025-11-28 15:00:00,42.1,43.1,-1.0,open_meteo_historical_forecast
2025-11-29,NYC,09:00,2025-11-29 09:00:00,42.3,43.2,-0.9,open_meteo_historical_forecast
2025-11-29,NYC,11:00,2025-11-29 11:00:00,42.3,43.2,-0.9,open_meteo_historical_forecast
2025-11-29,NYC,13:00,2025-11-29 13:00:00,42.3,43.2,-0.9,open_meteo_historical_forecast
2025-11-29,NYC,15:00,2025-11-29 15:00:00,42.3,43.2,-0.9,open_meteo_historical_forecast
2025-11-30,NYC,09:00,2025-11-30 09:00:00,40.7,44.1,-3.4,open_meteo_historical_forecast
2025-11-30,NYC,11:00,2025-11-30 11:00:00,40.7,44.1,-3.4,open_meteo_historical_forecast
2025-11-30,NYC,13:00,2025-11-30 13:00:00,40.7,44.1,-3.4,open_meteo_historical_forecast
2025-11-30,NYC,15:00,2025-11-30 15:00:00,40.7,44.1,-3.4,open_meteo_historical_forecast
2025-12-01,NYC,09:00,2025-12-01 09:00:00,42.9,43.8,-0.9,open_meteo_historical_forecast
2025-12-01,NYC,11:00,2025-12-01 11:00:00,42.9,43.8,-0.9,open_meteo_historical_forecast
2025-12-01,NYC,13:00,2025-12-01 13:00:00,42.9,43.8,-0.9,open_meteo_historical_forecast
2025-12-01,NYC,15:00,2025-12-01 15:00:00,42.9,43.8,-0.9,open_meteo_historical_forecast
2025-12-02,NYC,09:00,2025-12-02 09:00:00,37.3,39.1,-1.8,open_meteo_historical_forecast
2025-12-02,NYC,11:00,2025-12-02 11:00:00,37.3,39.1,-1.8,open_meteo_historical_forecast
2025-12-02,NYC,13:00,2025-12-02 13:00:00,37.3,39.1,-1.8,open_meteo_historical_forecast
2025-12-02,NYC,15:00,2025-12-02 15:00:00,37.3,39.1,-1.8,open_meteo_historical_forecast
2025-12-03,NYC,09:00,2025-12-03 09:00:00,39.6,41.1,-1.5,open_meteo_historical_forecast
2025-12-03,NYC,11:00,2025-12-03 11:00:00,39.6,41.1,-1.5,open_meteo_historical_forecast
2025-12-03,NYC,13:00,2025-12-03 13:00:00,39.6,41.1,-1.5,open_meteo_historical_forecast
2025-12-03,NYC,15:00,2025-12-03 15:00:00,39.6,41.1,-1.5,open_meteo_historical_forecast
2025-12-04,NYC,09:00,2025-12-04 09:00:00,41.6,42.6,-1.0,open_meteo_historical_forecast
2025-12-04,NYC,11:00,2025-12-04 11:00:00,41.6,42.6,-1.0,open_meteo_historical_forecast
2025-12-04,NYC,13:00,2025-12-04 13:00:00,41.6,42.6,-1.0,open_meteo_historical_forecast
2025-12-04,NYC,15:00,2025-12-04 15:00:00,41.6,42.6,-1.0,open_meteo_historical_forecast
2025-12-05,NYC,09:00,2025-12-05 09:00:00,30.0,30.7,-0.7,open_meteo_historical_forecast
2025-12-05,NYC,11:00,2025-12-05 11:00:00,30.0,30.7,-0.7,open_meteo_historical_forecast
2025-12-05,NYC,13:00,2025-12-05 13:00:00,30.0,30.7,-0.7,open_meteo_historical_forecast
2025-12-05,NYC,15:00,2025-12-05 15:00:00,30.0,30.7,-0.7,open_meteo_historical_forecast
2025-12-06,NYC,09:00,2025-12-06 09:00:00,40.1,42.3,-2.2,open_meteo_historical_forecast
2025-12-06,NYC,11:00,2025-12-06 11:00:00,40.1,42.3,-2.2,open_meteo_historical_forecast
2025-12-06,NYC,13:00,2025-12-06 13:00:00,40.1,42.3,-2.2,open_meteo_historical_forecast
2025-12-06,NYC,15:00,2025-12-06 15:00:00,40.1,42.3,-2.2,open_meteo_historical_forecast
2025-12-07,NYC,09:00,2025-12-07 09:00:00,40.8,42.2,-1.4,open_meteo_historical_forecast
2025-12-07,NYC,11:00,2025-12-07 11:00:00,40.8,42.2,-1.4,open_meteo_historical_forecast
2025-12-07,NYC,13:00,2025-12-07 13:00:00,40.8,42.2,-1.4,open_meteo_historical_forecast
2025-12-07,NYC,15:00,2025-12-07 15:00:00,40.8,42.2,-1.4,open_meteo_historical_forecast
2025-12-08,NYC,09:00,2025-12-08 09:00:00,35.4,37.4,-2.0,open_meteo_historical_forecast
2025-12-08,NYC,11:00,2025-12-08 11:00:00,35.4,37.4,-2.0,open_meteo_historical_forecast
2025-12-08,NYC,13:00,2025-12-08 13:00:00,35.4,37.4,-2.0,open_meteo_historical_forecast
2025-12-08,NYC,15:00,2025-12-08 15:00:00,35.4,37.4,-2.0,open_meteo_historical_forecast
2025-12-09,NYC,09:00,2025-12-09 09:00:00,31.3,33.3,-2.0,open_meteo_historical_forecast
2025-12-09,NYC,11:00,2025-12-09 11:00:00,31.3,33.3,-2.0,open_meteo_historical_forecast
2025-12-09,NYC,13:00,2025-12-09 13:00:00,31.3,33.3,-2.0,open_meteo_historical_forecast
2025-12-09,NYC,15:00,2025-12-09 15:00:00,31.3,33.3,-2.0,open_meteo_historical_forecast
2025-12-10,NYC,09:00,2025-12-10 09:00:00,43.1,46.8,-3.7,open_meteo_historical_forecast
2025-12-10,NYC,11:00,2025-12-10 11:00:00,43.1,46.8,-3.7,open_meteo_historical_forecast
2025-12-10,NYC,13:00,2025-12-10 13:00:00,43.1,46.8,-3.7,open_meteo_historical_forecast
2025-12-10,NYC,15:00,2025-12-10 15:00:00,43.1,46.8,-3.7,open_meteo_historical_forecast
2025-12-11,NYC,09:00,2025-12-11 09:00:00,39.0,39.7,-0.7,open_meteo_historical_forecast
2025-12-11,NYC,11:00,2025-12-11 11:00:00,39.0,39.7,-0.7,open_meteo_historical_forecast
2025-12-11,NYC,13:00,2025-12-11 13:00:00,39.0,39.7,-0.7,open_meteo_historical_forecast
2025-12-11,NYC,15:00,2025-12-11 15:00:00,39.0,39.7,-0.7,open_meteo_historical_forecast
2025-12-12,NYC,09:00,2025-12-12 09:00:00,34.5,35.5,-1.0,open_meteo_historical_forecast
2025-12-12,NYC,11:00,2025-12-12 11:00:00,34.5,35.5,-1.0,open_meteo_historical_forecast
2025-12-12,NYC,13:00,2025-12-12 13:00:00,34.5,35.5,-1.0,open_meteo_historical_forecast
2025-12-12,NYC,15:00,2025-12-12 15:00:00,34.5,35.5,-1.0,open_meteo_historical_forecast
2025-12-13,NYC,09:00,2025-12-13 09:00:00,38.2,41.3,-3.1,open_meteo_historical_forecast
2025-12-13,NYC,11:00,2025-12-13 11:00:00,38.2,41.3,-3.1,open_meteo_historical_forecast
2025-12-13,NYC,13:00,2025-12-13 13:00:00,38.2,41.3,-3.1,open_meteo_historical_forecast
2025-12-13,NYC,15:00,2025-12-13 15:00:00,38.2,41.3,-3.1,open_meteo_historical_forecast
2025-12-14,NYC,09:00,2025-12-14 09:00:00,32.8,34.5,-1.7,open_meteo_historical_forecast
2025-12-14,NYC,11:00,2025-12-14 11:00:00,32.8,34.5,-1.7,open_meteo_historical_forecast
2025-12-14,NYC,13:00,2025-12-14 13:00:00,32.8,34.5,-1.7,open_meteo_historical_forecast
2025-12-14,NYC,15:00,2025-12-14 15:00:00,32.8,34.5,-1.7,open_meteo_historical_forecast
2025-12-15,NYC,09:00,2025-12-15 09:00:00,26.8,29.6,-2.8,open_meteo_historical_forecast
2025-12-15,NYC,11:00,2025-12-15 11:00:00,26.8,29.6,-2.8,open_meteo_historical_forecast
2025-12-15,NYC,13:00,2025-12-15 13:00:00,26.8,29.6,-2.8,open_meteo_historical_forecast
2025-12-15,NYC,15:00,2025-12-15 15:00:00,26.8,29.6,-2.8,open_meteo_historical_forecast
2025-12-16,NYC,09:00,2025-12-16 09:00:00,28.0,32.3,-4.3,open_meteo_historical_forecast
2025-12-16,NYC,11:00,2025-12-16 11:00:00,28.0,32.3,-4.3,open_meteo_historical_forecast
2025-12-16,NYC,13:00,2025-12-16 13:00:00,28.0,32.3,-4.3,open_meteo_historical_forecast
2025-12-16,NYC,15:00,2025-12-16 15:00:00,28.0,32.3,-4.3,open_meteo_historical_forecast
2025-12-17,NYC,09:00,2025-12-17 09:00:00,40.3,47.6,-7.3,open_meteo_historical_forecast
2025-12-17,NYC,11:00,2025-12-17 11:00:00,40.3,47.6,-7.3,open_meteo_historical_forecast
2025-12-17,NYC,13:00,2025-12-17 13:00:00,40.3,47.6,-7.3,open_meteo_historical_forecast
2025-12-17,NYC,15:00,2025-12-17 15:00:00,40.3,47.6,-7.3,open_meteo_historical_forecast
2025-12-18,NYC,09:00,2025-12-18 09:00:00,43.5,50.7,-7.2,open_meteo_historical_forecast
2025-12-18,NYC,11:00,2025-12-18 11:00:00,43.5,50.7,-7.2,open_meteo_historical_forecast
2025-12-18,NYC,13:00,2025-12-18 13:00:00,43.5,50.7,-7.2,open_meteo_historical_forecast
2025-12-18,NYC,15:00,2025-12-18 15:00:00,43.5,50.7,-7.2,open_meteo_historical_forecast
2025-12-19,NYC,09:00,2025-12-19 09:00:00,57.3,56.7,0.6,open_meteo_historical_forecast
2025-12-19,NYC,11:00,2025-12-19 11:00:00,57.3,56.7,0.6,open_meteo_historical_forecast
2025-12-19,NYC,13:00,2025-12-19 13:00:00,57.3,56.7,0.6,open_meteo_historical_forecast
2025-12-19,NYC,15:00,2025-12-19 15:00:00,57.3,56.7,0.6,open_meteo_historical_forecast
2025-12-20,NYC,09:00,2025-12-20 09:00:00,36.6,38.3,-1.7,open_meteo_historical_forecast
2025-12-20,NYC,11:00,2025-12-20 11:00:00,36.6,38.3,-1.7,open_meteo_historical_forecast
2025-12-20,NYC,13:00,2025-12-20 13:00:00,36.6,38.3,-1.7,open_meteo_historical_forecast
2025-12-20,NYC,15:00,2025-12-20 15:00:00,36.6,38.3,-1.7,open_meteo_historical_forecast
2025-12-21,NYC,09:00,2025-12-21 09:00:00,45.8,47.5,-1.7,open_meteo_historical_forecast
2025-12-21,NYC,11:00,2025-12-21 11:00:00,45.8,47.5,-1.7,open_meteo_historical_forecast
2025-12-21,NYC,13:00,2025-12-21 13:00:00,45.8,47.5,-1.7,open_meteo_historical_forecast
2025-12-21,NYC,15:00,2025-12-21 15:00:00,45.8,47.5,-1.7,open_meteo_historical_forecast
2025-12-22,NYC,09:00,2025-12-22 09:00:00,37.4,39.7,-2.3,open_meteo_historical_forecast
2025-12-22,NYC,11:00,2025-12-22 11:00:00,37.4,39.7,-2.3,open_meteo_historical_forecast
2025-12-22,NYC,13:00,2025-12-22 13:00:00,37.4,39.7,-2.3,open_meteo_historical_forecast
2025-12-22,NYC,15:00,2025-12-22 15:00:00,37.4,39.7,-2.3,open_meteo_historical_forecast
2025-12-23,NYC,09:00,2025-12-23 09:00:00,36.8,38.0,-1.2,open_meteo_historical_forecast
2025-12-23,NYC,11:00,2025-12-23 11:00:00,36.8,38.0,-1.2,open_meteo_historical_forecast
2025-12-23,NYC,13:00,2025-12-23 13:00:00,36.8,38.0,-1.2,open_meteo_historical_forecast
2025-12-23,NYC,15:00,2025-12-23 15:00:00,36.8,38.0,-1.2,open_meteo_historical_forecast
2025-12-24,NYC,09:00,2025-12-24 09:00:00,45.0,46.2,-1.2,open_meteo_historical_forecast
2025-12-24,NYC,11:00,2025-12-24 11:00:00,45.0,46.2,-1.2,open_meteo_historical_forecast
2025-12-24,NYC,13:00,2025-12-24 13:00:00,45.0,46.2,-1.2,open_meteo_historical_forecast
2025-12-24,NYC,15:00,2025-12-24 15:00:00,45.0,46.2,-1.2,open_meteo_historical_forecast
2025-12-25,NYC,09:00,2025-12-25 09:00:00,46.6,49.5,-2.9,open_meteo_historical_forecast
2025-12-25,NYC,11:00,2025-12-25 11:00:00,46.6,49.5,-2.9,open_meteo_historical_forecast
2025-12-25,NYC,13:00,2025-12-25 13:00:00,46.6,49.5,-2.9,open_meteo_historical_forecast
2025-12-25,NYC,15:00,2025-12-25 15:00:00,46.6,49.5,-2.9,open_meteo_historical_forecast
2025-12-26,NYC,09:00,2025-12-26 09:00:00,27.0,28.8,-1.8,open_meteo_historical_forecast
2025-12-26,NYC,11:00,2025-12-26 11:00:00,27.0,28.8,-1.8,open_meteo_historical_forecast
2025-12-26,NYC,13:00,2025-12-26 13:00:00,27.0,28.8,-1.8,open_meteo_historical_forecast
2025-12-26,NYC,15:00,2025-12-26 15:00:00,27.0,28.8,-1.8,open_meteo_historical_forecast
2025-12-27,NYC,09:00,2025-12-27 09:00:00,30.6,29.7,0.9,open_meteo_historical_forecast
2025-12-27,NYC,11:00,2025-12-27 11:00:00,30.6,29.7,0.9,open_meteo_historical_forecast
2025-12-27,NYC,13:00,2025-12-27 13:00:00,30.6,29.7,0.9,open_meteo_historical_forecast
2025-12-27,NYC,15:00,2025-12-27 15:00:00,30.6,29.7,0.9,open_meteo_historical_forecast
2025-12-28,NYC,09:00,2025-12-28 09:00:00,33.6,34.2,-0.6,open_meteo_historical_forecast
2025-12-28,NYC,11:00,2025-12-28 11:00:00,33.6,34.2,-0.6,open_meteo_historical_forecast
2025-12-28,NYC,13:00,2025-12-28 13:00:00,33.6,34.2,-0.6,open_meteo_historical_forecast
2025-12-28,NYC,15:00,2025-12-28 15:00:00,33.6,34.2,-0.6,open_meteo_historical_forecast
2025-12-29,NYC,09:00,2025-12-29 09:00:00,45.0,46.4,-1.4,open_meteo_historical_forecast
2025-12-29,NYC,11:00,2025-12-29 11:00:00,45.0,46.4,-1.4,open_meteo_historical_forecast
2025-12-29,NYC,13:00,2025-12-29 13:00:00,45.0,46.4,-1.4,open_meteo_historical_forecast
2025-12-29,NYC,15:00,2025-12-29 15:00:00,45.0,46.4,-1.4,open_meteo_historical_forecast
2025-12-30,NYC,09:00,2025-12-30 09:00:00,31.5,33.3,-1.8,open_meteo_historical_forecast
2025-12-30,NYC,11:00,2025-12-30 11:00:00,31.5,33.3,-1.8,open_meteo_historical_forecast
2025-12-30,NYC,13:00,2025-12-30 13:00:00,31.5,33.3,-1.8,open_meteo_historical_forecast
2025-12-30,NYC,15:00,2025-12-30 15:00:00,31.5,33.3,-1.8,open_meteo_historical_forecast
2025-12-31,NYC,09:00,2025-12-31 09:00:00,31.8,32.9,-1.1,open_meteo_historical_forecast
2025-12-31,NYC,11:00,2025-12-31 11:00:00,31.8,32.9,-1.1,open_meteo_historical_forecast
2025-12-31,NYC,13:00,2025-12-31 13:00:00,31.8,32.9,-1.1,open_meteo_historical_forecast
2025-12-31,NYC,15:00,2025-12-31 15:00:00,31.8,32.9,-1.1,open_meteo_historical_forecast
2026-01-01,NYC,09:00,2026-01-01 09:00:00,33.1,33.2,-0.1,open_meteo_historical_forecast
2026-01-01,NYC,11:00,2026-01-01 11:00:00,33.1,33.2,-0.1,open_meteo_historical_forecast
2026-01-01,NYC,13:00,2026-01-01 13:00:00,33.1,33.2,-0.1,open_meteo_historical_forecast
2026-01-01,NYC,15:00,2026-01-01 15:00:00,33.1,33.2,-0.1,open_meteo_historical_forecast
2026-01-02,NYC,09:00,2026-01-02 09:00:00,29.0,30.2,-1.2,open_meteo_historical_forecast
2026-01-02,NYC,11:00,2026-01-02 11:00:00,29.0,30.2,-1.2,open_meteo_historical_forecast
2026-01-02,NYC,13:00,2026-01-02 13:00:00,29.0,30.2,-1.2,open_meteo_historical_forecast
2026-01-02,NYC,15:00,2026-01-02 15:00:00,29.0,30.2,-1.2,open_meteo_historical_forecast
2026-01-03,NYC,09:00,2026-01-03 09:00:00,30.6,30.6,0.0,open_meteo_historical_forecast
2026-01-03,NYC,11:00,2026-01-03 11:00:00,30.6,30.6,0.0,open_meteo_historical_forecast
2026-01-03,NYC,13:00,2026-01-03 13:00:00,30.6,30.6,0.0,open_meteo_historical_forecast
2026-01-03,NYC,15:00,2026-01-03 15:00:00,30.6,30.6,0.0,open_meteo_historical_forecast
2026-01-04,NYC,09:00,2026-01-04 09:00:00,33.6,34.9,-1.3,open_meteo_historical_forecast
2026-01-04,NYC,11:00,2026-01-04 11:00:00,33.6,34.9,-1.3,open_meteo_historical_forecast
2026-01-04,NYC,13:00,2026-01-04 13:00:00,33.6,34.9,-1.3,open_meteo_historical_forecast
2026-01-04,NYC,15:00,2026-01-04 15:00:00,33.6,34.9,-1.3,open_meteo_historical_forecast
2026-01-05,NYC,09:00,2026-01-05 09:00:00,33.6,36.4,-2.8,open_meteo_historical_forecast
2026-01-05,NYC,11:00,2026-01-05 11:00:00,33.6,36.4,-2.8,open_meteo_historical_forecast
2026-01-05,NYC,13:00,2026-01-05 13:00:00,33.6,36.4,-2.8,open_meteo_historical_forecast
2026-01-05,NYC,15:00,2026-01-05 15:00:00,33.6,36.4,-2.8,open_meteo_historical_forecast
2026-01-06,NYC,09:00,2026-01-06 09:00:00,38.7,41.2,-2.5,open_meteo_historical_forecast
2026-01-06,NYC,11:00,2026-01-06 11:00:00,38.7,41.2,-2.5,open_meteo_historical_forecast
2026-01-06,NYC,13:00,2026-01-06 13:00:00,38.7,41.2,-2.5,open_meteo_historical_forecast
2026-01-06,NYC,15:00,2026-01-06 15:00:00,38.7,41.2,-2.5,open_meteo_historical_forecast
2026-01-07,NYC,09:00,2026-01-07 09:00:00,48.1,49.1,-1.0,open_meteo_historical_forecast
2026-01-07,NYC,11:00,2026-01-07 11:00:00,48.1,49.1,-1.0,open_meteo_historical_forecast
2026-01-07,NYC,13:00,2026-01-07 13:00:00,48.1,49.1,-1.0,open_meteo_historical_forecast
2026-01-07,NYC,15:00,2026-01-07 15:00:00,48.1,49.1,-1.0,open_meteo_historical_forecast
2026-01-08,NYC,09:00,2026-01-08 09:00:00,49.8,51.6,-1.8,open_meteo_historical_forecast
2026-01-08,NYC,11:00,2026-01-08 11:00:00,49.8,51.6,-1.8,open_meteo_historical_forecast
2026-01-08,NYC,13:00,2026-01-08 13:00:00,49.8,51.6,-1.8,open_meteo_historical_forecast
2026-01-08,NYC,15:00,2026-01-08 15:00:00,49.8,51.6,-1.8,open_meteo_historical_forecast
2026-01-09,NYC,09:00,2026-01-09 09:00:00,51.1,51.9,-0.8,open_meteo_historical_forecast
2026-01-09,NYC,11:00,2026-01-09 11:00:00,51.1,51.9,-0.8,open_meteo_historical_forecast
2026-01-09,NYC,13:00,2026-01-09 13:00:00,51.1,51.9,-0.8,open_meteo_historical_forecast
2026-01-09,NYC,15:00,2026-01-09 15:00:00,51.1,51.9,-0.8,open_meteo_historical_forecast
2026-01-10,NYC,09:00,2026-01-10 09:00:00,47.8,51.8,-4.0,open_meteo_historical_forecast
2026-01-10,NYC,11:00,2026-01-10 11:00:00,47.8,51.8,-4.0,open_meteo_historical_forecast
2026-01-10,NYC,13:00,2026-01-10 13:00:00,47.8,51.8,-4.0,open_meteo_historical_forecast
2026-01-10,NYC,15:00,2026-01-10 15:00:00,47.8,51.8,-4.0,open_meteo_historical_forecast
2026-01-11,NYC,09:00,2026-01-11 09:00:00,46.8,47.0,-0.2,open_meteo_historical_forecast
2026-01-11,NYC,11:00,2026-01-11 11:00:00,46.8,47.0,-0.2,open_meteo_historical_forecast
2026-01-11,NYC,13:00,2026-01-11 13:00:00,46.8,47.0,-0.2,open_meteo_historical_forecast
2026-01-11,NYC,15:00,2026-01-11 15:00:00,46.8,47.0,-0.2,open_meteo_historical_forecast
2026-01-12,NYC,09:00,2026-01-12 09:00:00,40.4,42.0,-1.6,open_meteo_historical_forecast
2026-01-12,NYC,11:00,2026-01-12 11:00:00,40.4,42.0,-1.6,open_meteo_historical_forecast
2026-01-12,NYC,13:00,2026-01-12 13:00:00,40.4,42.0,-1.6,open_meteo_historical_forecast
2026-01-12,NYC,15:00,2026-01-12 15:00:00,40.4,42.0,-1.6,open_meteo_historical_forecast
2026-01-13,NYC,09:00,2026-01-13 09:00:00,45.0,47.6,-2.6,open_meteo_historical_forecast
2026-01-13,NYC,11:00,2026-01-13 11:00:00,45.0,47.6,-2.6,open_meteo_historical_forecast
2026-01-13,NYC,13:00,2026-01-13 13:00:00,45.0,47.6,-2.6,open_meteo_historical_forecast
2026-01-13,NYC,15:00,2026-01-13 15:00:00,45.0,47.6,-2.6,open_meteo_historical_forecast
2026-01-14,NYC,09:00,2026-01-14 09:00:00,48.7,51.3,-2.6,open_meteo_historical_forecast
2026-01-14,NYC,11:00,2026-01-14 11:00:00,48.7,51.3,-2.6,open_meteo_historical_forecast
2026-01-14,NYC,13:00,2026-01-14 13:00:00,48.7,51.3,-2.6,open_meteo_historical_forecast
2026-01-14,NYC,15:00,2026-01-14 15:00:00,48.7,51.3,-2.6,open_meteo_historical_forecast
2026-01-15,NYC,09:00,2026-01-15 09:00:00,43.8,44.8,-1.0,open_meteo_historical_forecast
2026-01-15,NYC,11:00,2026-01-15 11:00:00,43.8,44.8,-1.0,open_meteo_historical_forecast
2026-01-15,NYC,13:00,2026-01-15 13:00:00,43.8,44.8,-1.0,open_meteo_historical_forecast
2026-01-15,NYC,15:00,2026-01-15 15:00:00,43.8,44.8,-1.0,open_meteo_historical_forecast
2026-01-16,NYC,09:00,2026-01-16 09:00:00,32.1,33.5,-1.4,open_meteo_historical_forecast
2026-01-16,NYC,11:00,2026-01-16 11:00:00,32.1,33.5,-1.4,open_meteo_historical_forecast
2026-01-16,NYC,13:00,2026-01-16 13:00:00,32.1,33.5,-1.4,open_meteo_historical_forecast
2026-01-16,NYC,15:00,2026-01-16 15:00:00,32.1,33.5,-1.4,open_meteo_historical_forecast
2026-01-17,NYC,09:00,2026-01-17 09:00:00,35.3,38.0,-2.7,open_meteo_historical_forecast
2026-01-17,NYC,11:00,2026-01-17 11:00:00,35.3,38.0,-2.7,open_meteo_historical_forecast
2026-01-17,NYC,13:00,2026-01-17 13:00:00,35.3,38.0,-2.7,open_meteo_historical_forecast
2026-01-17,NYC,15:00,2026-01-17 15:00:00,35.3,38.0,-2.7,open_meteo_historical_forecast
2026-01-18,NYC,09:00,2026-01-18 09:00:00,33.1,33.3,-0.2,open_meteo_historical_forecast
2026-01-18,NYC,11:00,2026-01-18 11:00:00,33.1,33.3,-0.2,open_meteo_historical_forecast
2026-01-18,NYC,13:00,2026-01-18 13:00:00,33.1,33.3,-0.2,open_meteo_historical_forecast
2026-01-18,NYC,15:00,2026-01-18 15:00:00,33.1,33.3,-0.2,open_meteo_historical_forecast
2026-01-19,NYC,09:00,2026-01-19 09:00:00,29.5,30.8,-1.3,open_meteo_historical_forecast
2026-01-19,NYC,11:00,2026-01-19 11:00:00,29.5,30.8,-1.3,open_meteo_historical_forecast
2026-01-19,NYC,13:00,2026-01-19 13:00:00,29.5,30.8,-1.3,open_meteo_historical_forecast
2026-01-19,NYC,15:00,2026-01-19 15:00:00,29.5,30.8,-1.3,open_meteo_historical_forecast
2026-01-20,NYC,09:00,2026-01-20 09:00:00,23.9,25.6,-1.7,open_meteo_historical_forecast
2026-01-20,NYC,11:00,2026-01-20 11:00:00,23.9,25.6,-1.7,open_meteo_historical_forecast
2026-01-20,NYC,13:00,2026-01-20 13:00:00,23.9,25.6,-1.7,open_meteo_historical_forecast
2026-01-20,NYC,15:00,2026-01-20 15:00:00,23.9,25.6,-1.7,open_meteo_historical_forecast
2026-01-21,NYC,09:00,2026-01-21 09:00:00,33.9,35.2,-1.3,open_meteo_historical_forecast
2026-01-21,NYC,11:00,2026-01-21 11:00:00,33.9,35.2,-1.3,open_meteo_historical_forecast
2026-01-21,NYC,13:00,2026-01-21 13:00:00,33.9,35.2,-1.3,open_meteo_historical_forecast
2026-01-21,NYC,15:00,2026-01-21 15:00:00,33.9,35.2,-1.3,open_meteo_historical_forecast
2026-01-22,NYC,09:00,2026-01-22 09:00:00,43.7,48.9,-5.2,open_meteo_historical_forecast
2026-01-22,NYC,11:00,2026-01-22 11:00:00,43.7,48.9,-5.2,open_meteo_historical_forecast
2026-01-22,NYC,13:00,2026-01-22 13:00:00,43.7,48.9,-5.2,open_meteo_historical_forecast
2026-01-22,NYC,15:00,2026-01-22 15:00:00,43.7,48.9,-5.2,open_meteo_historical_forecast
2026-01-23,NYC,09:00,2026-01-23 09:00:00,36.0,39.6,-3.6,open_meteo_historical_forecast
2026-01-23,NYC,11:00,2026-01-23 11:00:00,36.0,39.6,-3.6,open_meteo_historical_forecast
2026-01-23,NYC,13:00,2026-01-23 13:00:00,36.0,39.6,-3.6,open_meteo_historical_forecast
2026-01-23,NYC,15:00,2026-01-23 15:00:00,36.0,39.6,-3.6,open_meteo_historical_forecast
2026-01-24,NYC,09:00,2026-01-24 09:00:00,18.4,18.6,-0.2,open_meteo_historical_forecast
2026-01-24,NYC,11:00,2026-01-24 11:00:00,18.4,18.6,-0.2,open_meteo_historical_forecast
2026-01-24,NYC,13:00,2026-01-24 13:00:00,18.4,18.6,-0.2,open_meteo_historical_forecast
2026-01-24,NYC,15:00,2026-01-24 15:00:00,18.4,18.6,-0.2,open_meteo_historical_forecast
2026-01-25,NYC,09:00,2026-01-25 09:00:00,22.7,20.7,2.0,open_meteo_historical_forecast
2026-01-25,NYC,11:00,2026-01-25 11:00:00,22.7,20.7,2.0,open_meteo_historical_forecast
2026-01-25,NYC,13:00,2026-01-25 13:00:00,22.7,20.7,2.0,open_meteo_historical_forecast
2026-01-25,NYC,15:00,2026-01-25 15:00:00,22.7,20.7,2.0,open_meteo_historical_forecast
2026-01-26,NYC,09:00,2026-01-26 09:00:00,26.4,26.5,-0.1,open_meteo_historical_forecast
2026-01-26,NYC,11:00,2026-01-26 11:00:00,26.4,26.5,-0.1,open_meteo_historical_forecast
2026-01-26,NYC,13:00,2026-01-26 13:00:00,26.4,26.5,-0.1,open_meteo_historical_forecast
2026-01-26,NYC,15:00,2026-01-26 15:00:00,26.4,26.5,-0.1,open_meteo_historical_forecast
2026-01-27,NYC,09:00,2026-01-27 09:00:00,18.8,20.3,-1.5,open_meteo_historical_forecast
2026-01-27,NYC,11:00,2026-01-27 11:00:00,18.8,20.3,-1.5,open_meteo_historical_forecast
2026-01-27,NYC,13:00,2026-01-27 13:00:00,18.8,20.3,-1.5,open_meteo_historical_forecast
2026-01-27,NYC,15:00,2026-01-27 15:00:00,18.8,20.3,-1.5,open_meteo_historical_forecast
2026-01-28,NYC,09:00,2026-01-28 09:00:00,20.0,23.6,-3.6,open_meteo_historical_forecast
2026-01-28,NYC,11:00,2026-01-28 11:00:00,20.0,23.6,-3.6,open_meteo_historical_forecast
2026-01-28,NYC,13:00,2026-01-28 13:00:00,20.0,23.6,-3.6,open_meteo_historical_forecast
2026-01-28,NYC,15:00,2026-01-28 15:00:00,20.0,23.6,-3.6,open_meteo_historical_forecast
2026-01-29,NYC,09:00,2026-01-29 09:00:00,18.0,22.9,-4.9,open_meteo_historical_forecast
2026-01-29,NYC,11:00,2026-01-29 11:00:00,18.0,22.9,-4.9,open_meteo_historical_forecast
2026-01-29,NYC,13:00,2026-01-29 13:00:00,18.0,22.9,-4.9,open_meteo_historical_forecast
2026-01-29,NYC,15:00,2026-01-29 15:00:00,18.0,22.9,-4.9,open_meteo_historical_forecast
2026-01-30,NYC,09:00,2026-01-30 09:00:00,15.5,18.8,-3.3,open_meteo_historical_forecast
2026-01-30,NYC,11:00,2026-01-30 11:00:00,15.5,18.8,-3.3,open_meteo_historical_forecast
2026-01-30,NYC,13:00,2026-01-30 13:00:00,15.5,18.8,-3.3,open_meteo_historical_forecast
2026-01-30,NYC,15:00,2026-01-30 15:00:00,15.5,18.8,-3.3,open_meteo_historical_forecast
2026-01-31,NYC,09:00,2026-01-31 09:00:00,19.8,23.4,-3.6,open_meteo_historical_forecast
2026-01-31,NYC,11:00,2026-01-31 11:00:00,19.8,23.4,-3.6,open_meteo_historical_forecast
2026-01-31,NYC,13:00,2026-01-31 13:00:00,19.8,23.4,-3.6,open_meteo_historical_forecast
2026-01-31,NYC,15:00,2026-01-31 15:00:00,19.8,23.4,-3.6,open_meteo_historical_forecast
2026-02-01,NYC,09:00,2026-02-01 09:00:00,20.6,23.1,-2.5,open_meteo_historical_forecast
2026-02-01,NYC,11:00,2026-02-01 11:00:00,20.6,23.1,-2.5,open_meteo_historical_forecast
2026-02-01,NYC,13:00,2026-02-01 13:00:00,20.6,23.1,-2.5,open_meteo_historical_forecast
2026-02-01,NYC,15:00,2026-02-01 15:00:00,20.6,23.1,-2.5,open_meteo_historical_forecast
2026-02-02,NYC,09:00,2026-02-02 09:00:00,30.6,33.7,-3.1,open_meteo_historical_forecast
2026-02-02,NYC,11:00,2026-02-02 11:00:00,30.6,33.7,-3.1,open_meteo_historical_forecast
2026-02-02,NYC,13:00,2026-02-02 13:00:00,30.6,33.7,-3.1,open_meteo_historical_forecast
2026-02-02,NYC,15:00,2026-02-02 15:00:00,30.6,33.7,-3.1,open_meteo_historical_forecast
2026-02-03,NYC,09:00,2026-02-03 09:00:00,30.3,32.6,-2.3,open_meteo_historical_forecast
2026-02-03,NYC,11:00,2026-02-03 11:00:00,30.3,32.6,-2.3,open_meteo_historical_forecast
2026-02-03,NYC,13:00,2026-02-03 13:00:00,30.3,32.6,-2.3,open_meteo_historical_forecast
2026-02-03,NYC,15:00,2026-02-03 15:00:00,30.3,32.6,-2.3,open_meteo_historical_forecast
2026-02-04,NYC,09:00,2026-02-04 09:00:00,30.3,32.7,-2.4,open_meteo_historical_forecast
2026-02-04,NYC,11:00,2026-02-04 11:00:00,30.3,32.7,-2.4,open_meteo_historical_forecast
2026-02-04,NYC,13:00,2026-02-04 13:00:00,30.3,32.7,-2.4,open_meteo_historical_forecast
2026-02-04,NYC,15:00,2026-02-04 15:00:00,30.3,32.7,-2.4,open_meteo_historical_forecast
2026-02-05,NYC,09:00,2026-02-05 09:00:00,27.2,32.0,-4.8,open_meteo_historical_forecast
2026-02-05,NYC,11:00,2026-02-05 11:00:00,27.2,32.0,-4.8,open_meteo_historical_forecast
2026-02-05,NYC,13:00,2026-02-05 13:00:00,27.2,32.0,-4.8,open_meteo_historical_forecast
2026-02-05,NYC,15:00,2026-02-05 15:00:00,27.2,32.0,-4.8,open_meteo_historical_forecast
2026-02-06,NYC,09:00,2026-02-06 09:00:00,27.7,31.5,-3.8,open_meteo_historical_forecast
2026-02-06,NYC,11:00,2026-02-06 11:00:00,27.7,31.5,-3.8,open_meteo_historical_forecast
2026-02-06,NYC,13:00,2026-02-06 13:00:00,27.7,31.5,-3.8,open_meteo_historical_forecast
2026-02-06,NYC,15:00,2026-02-06 15:00:00,27.7,31.5,-3.8,open_meteo_historical_forecast
2026-02-07,NYC,09:00,2026-02-07 09:00:00,25.4,25.5,-0.1,open_meteo_historical_forecast
2026-02-07,NYC,11:00,2026-02-07 11:00:00,25.4,25.5,-0.1,open_meteo_historical_forecast
2026-02-07,NYC,13:00,2026-02-07 13:00:00,25.4,25.5,-0.1,open_meteo_historical_forecast
2026-02-07,NYC,15:00,2026-02-07 15:00:00,25.4,25.5,-0.1,open_meteo_historical_forecast
2026-02-08,NYC,09:00,2026-02-08 09:00:00,13.7,18.5,-4.8,open_meteo_historical_forecast
2026-02-08,NYC,11:00,2026-02-08 11:00:00,13.7,18.5,-4.8,open_meteo_historical_forecast
2026-02-08,NYC,13:00,2026-02-08 13:00:00,13.7,18.5,-4.8,open_meteo_historical_forecast
2026-02-08,NYC,15:00,2026-02-08 15:00:00,13.7,18.5,-4.8,open_meteo_historical_forecast
2026-02-09,NYC,09:00,2026-02-09 09:00:00,25.2,29.9,-4.7,open_meteo_historical_forecast
2026-02-09,NYC,11:00,2026-02-09 11:00:00,25.2,29.9,-4.7,open_meteo_historical_forecast
2026-02-09,NYC,13:00,2026-02-09 13:00:00,25.2,29.9,-4.7,open_meteo_historical_forecast
2026-02-09,NYC,15:00,2026-02-09 15:00:00,25.2,29.9,-4.7,open_meteo_historical_forecast
2026-02-10,NYC,09:00,2026-02-10 09:00:00,31.4,35.1,-3.7,open_meteo_historical_forecast
2026-02-10,NYC,11:00,2026-02-10 11:00:00,31.4,35.1,-3.7,open_meteo_historical_forecast
2026-02-10,NYC,13:00,2026-02-10 13:00:00,31.4,35.1,-3.7,open_meteo_historical_forecast
2026-02-10,NYC,15:00,2026-02-10 15:00:00,31.4,35.1,-3.7,open_meteo_historical_forecast
2026-02-11,NYC,09:00,2026-02-11 09:00:00,37.8,41.0,-3.2,open_meteo_historical_forecast
2026-02-11,NYC,11:00,2026-02-11 11:00:00,37.8,41.0,-3.2,open_meteo_historical_forecast
2026-02-11,NYC,13:00,2026-02-11 13:00:00,37.8,41.0,-3.2,open_meteo_historical_forecast
2026-02-11,NYC,15:00,2026-02-11 15:00:00,37.8,41.0,-3.2,open_meteo_historical_forecast
2026-02-12,NYC,09:00,2026-02-12 09:00:00,33.4,37.2,-3.8,open_meteo_historical_forecast
2026-02-12,NYC,11:00,2026-02-12 11:00:00,33.4,37.2,-3.8,open_meteo_historical_forecast
2026-02-12,NYC,13:00,2026-02-12 13:00:00,33.4,37.2,-3.8,open_meteo_historical_forecast
2026-02-12,NYC,15:00,2026-02-12 15:00:00,33.4,37.2,-3.8,open_meteo_historical_forecast
2026-02-13,NYC,09:00,2026-02-13 09:00:00,33.6,39.5,-5.9,open_meteo_historical_forecast
2026-02-13,NYC,11:00,2026-02-13 11:00:00,33.6,39.5,-5.9,open_meteo_historical_forecast
2026-02-13,NYC,13:00,2026-02-13 13:00:00,33.6,39.5,-5.9,open_meteo_historical_forecast
2026-02-13,NYC,15:00,2026-02-13 15:00:00,33.6,39.5,-5.9,open_meteo_historical_forecast
2026-02-14,NYC,09:00,2026-02-14 09:00:00,38.5,46.9,-8.4,open_meteo_historical_forecast
2026-02-14,NYC,11:00,2026-02-14 11:00:00,38.5,46.9,-8.4,open_meteo_historical_forecast
2026-02-14,NYC,13:00,2026-02-14 13:00:00,38.5,46.9,-8.4,open_meteo_historical_forecast
2026-02-14,NYC,15:00,2026-02-14 15:00:00,38.5,46.9,-8.4,open_meteo_historical_forecast
2026-02-15,NYC,09:00,2026-02-15 09:00:00,36.3,38.9,-2.6,open_meteo_historical_forecast
2026-02-15,NYC,11:00,2026-02-15 11:00:00,36.3,38.9,-2.6,open_meteo_historical_forecast
2026-02-15,NYC,13:00,2026-02-15 13:00:00,36.3,38.9,-2.6,open_meteo_historical_forecast
2026-02-15,NYC,15:00,2026-02-15 15:00:00,36.3,38.9,-2.6,open_meteo_historical_forecast
2026-02-16,NYC,09:00,2026-02-16 09:00:00,35.7,39.1,-3.4,open_meteo_historical_forecast
2026-02-16,NYC,11:00,2026-02-16 11:00:00,35.7,39.1,-3.4,open_meteo_historical_forecast
2026-02-16,NYC,13:00,2026-02-16 13:00:00,35.7,39.1,-3.4,open_meteo_historical_forecast
2026-02-16,NYC,15:00,2026-02-16 15:00:00,35.7,39.1,-3.4,open_meteo_historical_forecast
2026-02-17,NYC,09:00,2026-02-17 09:00:00,42.3,46.6,-4.3,open_meteo_historical_forecast
2026-02-17,NYC,11:00,2026-02-17 11:00:00,42.3,46.6,-4.3,open_meteo_historical_forecast
2026-02-17,NYC,13:00,2026-02-17 13:00:00,42.3,46.6,-4.3,open_meteo_historical_forecast
2026-02-17,NYC,15:00,2026-02-17 15:00:00,42.3,46.6,-4.3,open_meteo_historical_forecast
2026-02-18,NYC,09:00,2026-02-18 09:00:00,38.1,38.8,-0.7,open_meteo_historical_forecast
2026-02-18,NYC,11:00,2026-02-18 11:00:00,38.1,38.8,-0.7,open_meteo_historical_forecast
2026-02-18,NYC,13:00,2026-02-18 13:00:00,38.1,38.8,-0.7,open_meteo_historical_forecast
2026-02-18,NYC,15:00,2026-02-18 15:00:00,38.1,38.8,-0.7,open_meteo_historical_forecast
2026-02-19,NYC,09:00,2026-02-19 09:00:00,37.8,39.8,-2.0,open_meteo_historical_forecast
2026-02-19,NYC,11:00,2026-02-19 11:00:00,37.8,39.8,-2.0,open_meteo_historical_forecast
2026-02-19,NYC,13:00,2026-02-19 13:00:00,37.8,39.8,-2.0,open_meteo_historical_forecast
2026-02-19,NYC,15:00,2026-02-19 15:00:00,37.8,39.8,-2.0,open_meteo_historical_forecast
2026-02-20,NYC,09:00,2026-02-20 09:00:00,38.3,35.9,2.4,open_meteo_historical_forecast
2026-02-20,NYC,11:00,2026-02-20 11:00:00,38.3,35.9,2.4,open_meteo_historical_forecast
2026-02-20,NYC,13:00,2026-02-20 13:00:00,38.3,35.9,2.4,open_meteo_historical_forecast
2026-02-20,NYC,15:00,2026-02-20 15:00:00,38.3,35.9,2.4,open_meteo_historical_forecast
2026-02-21,NYC,09:00,2026-02-21 09:00:00,46.4,45.6,0.8,open_meteo_historical_forecast
2026-02-21,NYC,11:00,2026-02-21 11:00:00,46.4,45.6,0.8,open_meteo_historical_forecast
2026-02-21,NYC,13:00,2026-02-21 13:00:00,46.4,45.6,0.8,open_meteo_historical_forecast
2026-02-21,NYC,15:00,2026-02-21 15:00:00,46.4,45.6,0.8,open_meteo_historical_forecast
2026-02-22,NYC,09:00,2026-02-22 09:00:00,36.5,40.2,-3.7,open_meteo_historical_forecast
2026-02-22,NYC,11:00,2026-02-22 11:00:00,36.5,40.2,-3.7,open_meteo_historical_forecast
2026-02-22,NYC,13:00,2026-02-22 13:00:00,36.5,40.2,-3.7,open_meteo_historical_forecast
2026-02-22,NYC,15:00,2026-02-22 15:00:00,36.5,40.2,-3.7,open_meteo_historical_forecast
2026-02-23,NYC,09:00,2026-02-23 09:00:00,34.9,34.1,0.8,open_meteo_historical_forecast
2026-02-23,NYC,11:00,2026-02-23 11:00:00,34.9,34.1,0.8,open_meteo_historical_forecast
2026-02-23,NYC,13:00,2026-02-23 13:00:00,34.9,34.1,0.8,open_meteo_historical_forecast
2026-02-23,NYC,15:00,2026-02-23 15:00:00,34.9,34.1,0.8,open_meteo_historical_forecast
2026-02-24,NYC,09:00,2026-02-24 09:00:00,29.4,30.1,-0.7,open_meteo_historical_forecast
2026-02-24,NYC,11:00,2026-02-24 11:00:00,29.4,30.1,-0.7,open_meteo_historical_forecast
2026-02-24,NYC,13:00,2026-02-24 13:00:00,29.4,30.1,-0.7,open_meteo_historical_forecast
2026-02-24,NYC,15:00,2026-02-24 15:00:00,29.4,30.1,-0.7,open_meteo_historical_forecast
2026-02-25,NYC,09:00,2026-02-25 09:00:00,36.5,40.1,-3.6,open_meteo_historical_forecast
2026-02-25,NYC,11:00,2026-02-25 11:00:00,36.5,40.1,-3.6,open_meteo_historical_forecast
2026-02-25,NYC,13:00,2026-02-25 13:00:00,36.5,40.1,-3.6,open_meteo_historical_forecast
2026-02-25,NYC,15:00,2026-02-25 15:00:00,36.5,40.1,-3.6,open_meteo_historical_forecast
2026-02-26,NYC,09:00,2026-02-26 09:00:00,39.8,43.5,-3.7,open_meteo_historical_forecast
2026-02-26,NYC,11:00,2026-02-26 11:00:00,39.8,43.5,-3.7,open_meteo_historical_forecast
2026-02-26,NYC,13:00,2026-02-26 13:00:00,39.8,43.5,-3.7,open_meteo_historical_forecast
2026-02-26,NYC,15:00,2026-02-26 15:00:00,39.8,43.5,-3.7,open_meteo_historical_forecast
2026-02-27,NYC,09:00,2026-02-27 09:00:00,34.2,41.2,-7.0,open_meteo_historical_forecast
2026-02-27,NYC,11:00,2026-02-27 11:00:00,34.2,41.2,-7.0,open_meteo_historical_forecast
2026-02-27,NYC,13:00,2026-02-27 13:00:00,34.2,41.2,-7.0,open_meteo_historical_forecast
2026-02-27,NYC,15:00,2026-02-27 15:00:00,34.2,41.2,-7.0,open_meteo_historical_forecast
2026-02-28,NYC,09:00,2026-02-28 09:00:00,37.3,52.7,-15.4,open_meteo_historical_forecast
2026-02-28,NYC,11:00,2026-02-28 11:00:00,37.3,52.7,-15.4,open_meteo_historical_forecast
2026-02-28,NYC,13:00,2026-02-28 13:00:00,37.3,52.7,-15.4,open_meteo_historical_forecast
2026-02-28,NYC,15:00,2026-02-28 15:00:00,37.3,52.7,-15.4,open_meteo_historical_forecast
2026-03-01,NYC,09:00,2026-03-01 09:00:00,37.8,42.8,-5.0,open_meteo_historical_forecast
2026-03-01,NYC,11:00,2026-03-01 11:00:00,37.8,42.8,-5.0,open_meteo_historical_forecast
2026-03-01,NYC,13:00,2026-03-01 13:00:00,37.8,42.8,-5.0,open_meteo_historical_forecast
2026-03-01,NYC,15:00,2026-03-01 15:00:00,37.8,42.8,-5.0,open_meteo_historical_forecast
2026-03-02,NYC,09:00,2026-03-02 09:00:00,28.3,35.4,-7.1,open_meteo_historical_forecast
2026-03-02,NYC,11:00,2026-03-02 11:00:00,28.3,35.4,-7.1,open_meteo_historical_forecast
2026-03-02,NYC,13:00,2026-03-02 13:00:00,28.3,35.4,-7.1,open_meteo_historical_forecast
2026-03-02,NYC,15:00,2026-03-02 15:00:00,28.3,35.4,-7.1,open_meteo_historical_forecast
2026-03-03,NYC,09:00,2026-03-03 09:00:00,33.7,33.6,0.1,open_meteo_historical_forecast
2026-03-03,NYC,11:00,2026-03-03 11:00:00,33.7,33.6,0.1,open_meteo_historical_forecast
2026-03-03,NYC,13:00,2026-03-03 13:00:00,33.7,33.6,0.1,open_meteo_historical_forecast
2026-03-03,NYC,15:00,2026-03-03 15:00:00,33.7,33.6,0.1,open_meteo_historical_forecast
2026-03-04,NYC,09:00,2026-03-04 09:00:00,45.3,49.0,-3.7,open_meteo_historical_forecast
2026-03-04,NYC,11:00,2026-03-04 11:00:00,45.3,49.0,-3.7,open_meteo_historical_forecast
2026-03-04,NYC,13:00,2026-03-04 13:00:00,45.3,49.0,-3.7,open_meteo_historical_forecast
2026-03-04,NYC,15:00,2026-03-04 15:00:00,45.3,49.0,-3.7,open_meteo_historical_forecast
2026-03-05,NYC,09:00,2026-03-05 09:00:00,41.4,44.1,-2.7,open_meteo_historical_forecast
2026-03-05,NYC,11:00,2026-03-05 11:00:00,41.4,44.1,-2.7,open_meteo_historical_forecast
2026-03-05,NYC,13:00,2026-03-05 13:00:00,41.4,44.1,-2.7,open_meteo_historical_forecast
2026-03-05,NYC,15:00,2026-03-05 15:00:00,41.4,44.1,-2.7,open_meteo_historical_forecast
2026-03-06,NYC,09:00,2026-03-06 09:00:00,42.3,40.3,2.0,open_meteo_historical_forecast
2026-03-06,NYC,11:00,2026-03-06 11:00:00,42.3,40.3,2.0,open_meteo_historical_forecast
2026-03-06,NYC,13:00,2026-03-06 13:00:00,42.3,40.3,2.0,open_meteo_historical_forecast
2026-03-06,NYC,15:00,2026-03-06 15:00:00,42.3,40.3,2.0,open_meteo_historical_forecast
2026-03-07,NYC,09:00,2026-03-07 09:00:00,49.4,46.5,2.9,open_meteo_historical_forecast
2026-03-07,NYC,11:00,2026-03-07 11:00:00,49.4,46.5,2.9,open_meteo_historical_forecast
2026-03-07,NYC,13:00,2026-03-07 13:00:00,49.4,46.5,2.9,open_meteo_historical_forecast
2026-03-07,NYC,15:00,2026-03-07 15:00:00,49.4,46.5,2.9,open_meteo_historical_forecast
2026-03-08,NYC,09:00,2026-03-08 09:00:00,68.4,68.2,0.2,open_meteo_historical_forecast
2026-03-08,NYC,11:00,2026-03-08 11:00:00,68.4,68.2,0.2,open_meteo_historical_forecast
2026-03-08,NYC,13:00,2026-03-08 13:00:00,68.4,68.2,0.2,open_meteo_historical_forecast
2026-03-08,NYC,15:00,2026-03-08 15:00:00,68.4,68.2,0.2,open_meteo_historical_forecast
2026-03-09,NYC,09:00,2026-03-09 09:00:00,68.9,73.4,-4.5,open_meteo_historical_forecast
2026-03-09,NYC,11:00,2026-03-09 11:00:00,68.9,73.4,-4.5,open_meteo_historical_forecast
2026-03-09,NYC,13:00,2026-03-09 13:00:00,68.9,73.4,-4.5,open_meteo_historical_forecast
2026-03-09,NYC,15:00,2026-03-09 15:00:00,68.9,73.4,-4.5,open_meteo_historical_forecast
2026-03-10,NYC,09:00,2026-03-10 09:00:00,75.9,79.2,-3.3,open_meteo_historical_forecast
2026-03-10,NYC,11:00,2026-03-10 11:00:00,75.9,79.2,-3.3,open_meteo_historical_forecast
2026-03-10,NYC,13:00,2026-03-10 13:00:00,75.9,79.2,-3.3,open_meteo_historical_forecast
2026-03-10,NYC,15:00,2026-03-10 15:00:00,75.9,79.2,-3.3,open_meteo_historical_forecast
2026-03-11,NYC,09:00,2026-03-11 09:00:00,73.2,72.3,0.9,open_meteo_historical_forecast
2026-03-11,NYC,11:00,2026-03-11 11:00:00,73.2,72.3,0.9,open_meteo_historical_forecast
2026-03-11,NYC,13:00,2026-03-11 13:00:00,73.2,72.3,0.9,open_meteo_historical_forecast
2026-03-11,NYC,15:00,2026-03-11 15:00:00,73.2,72.3,0.9,open_meteo_historical_forecast
2026-03-12,NYC,09:00,2026-03-12 09:00:00,63.3,56.7,6.6,open_meteo_historical_forecast
2026-03-12,NYC,11:00,2026-03-12 11:00:00,63.3,56.7,6.6,open_meteo_historical_forecast
2026-03-12,NYC,13:00,2026-03-12 13:00:00,63.3,56.7,6.6,open_meteo_historical_forecast
2026-03-12,NYC,15:00,2026-03-12 15:00:00,63.3,56.7,6.6,open_meteo_historical_forecast
2026-03-13,NYC,09:00,2026-03-13 09:00:00,41.5,42.0,-0.5,open_meteo_historical_forecast
2026-03-13,NYC,11:00,2026-03-13 11:00:00,41.5,42.0,-0.5,open_meteo_historical_forecast
2026-03-13,NYC,13:00,2026-03-13 13:00:00,41.5,42.0,-0.5,open_meteo_historical_forecast
2026-03-13,NYC,15:00,2026-03-13 15:00:00,41.5,42.0,-0.5,open_meteo_historical_forecast
2026-03-14,NYC,09:00,2026-03-14 09:00:00,50.0,52.2,-2.2,open_meteo_historical_forecast
2026-03-14,NYC,11:00,2026-03-14 11:00:00,50.0,52.2,-2.2,open_meteo_historical_forecast
2026-03-14,NYC,13:00,2026-03-14 13:00:00,50.0,52.2,-2.2,open_meteo_historical_forecast
2026-03-14,NYC,15:00,2026-03-14 15:00:00,50.0,52.2,-2.2,open_meteo_historical_forecast
2026-03-15,NYC,09:00,2026-03-15 09:00:00,44.5,44.7,-0.2,open_meteo_historical_forecast
2026-03-15,NYC,11:00,2026-03-15 11:00:00,44.5,44.7,-0.2,open_meteo_historical_forecast
2026-03-15,NYC,13:00,2026-03-15 13:00:00,44.5,44.7,-0.2,open_meteo_historical_forecast
2026-03-15,NYC,15:00,2026-03-15 15:00:00,44.5,44.7,-0.2,open_meteo_historical_forecast
2026-03-16,NYC,09:00,2026-03-16 09:00:00,62.8,59.0,3.8,open_meteo_historical_forecast
2026-03-16,NYC,11:00,2026-03-16 11:00:00,62.8,59.0,3.8,open_meteo_historical_forecast
2026-03-16,NYC,13:00,2026-03-16 13:00:00,62.8,59.0,3.8,open_meteo_historical_forecast
2026-03-16,NYC,15:00,2026-03-16 15:00:00,62.8,59.0,3.8,open_meteo_historical_forecast
2026-03-17,NYC,09:00,2026-03-17 09:00:00,56.2,54.1,2.1,open_meteo_historical_forecast
2026-03-17,NYC,11:00,2026-03-17 11:00:00,56.2,54.1,2.1,open_meteo_historical_forecast
2026-03-17,NYC,13:00,2026-03-17 13:00:00,56.2,54.1,2.1,open_meteo_historical_forecast
2026-03-17,NYC,15:00,2026-03-17 15:00:00,56.2,54.1,2.1,open_meteo_historical_forecast
2026-03-18,NYC,09:00,2026-03-18 09:00:00,36.0,37.3,-1.3,open_meteo_historical_forecast
2026-03-18,NYC,11:00,2026-03-18 11:00:00,36.0,37.3,-1.3,open_meteo_historical_forecast
2026-03-18,NYC,13:00,2026-03-18 13:00:00,36.0,37.3,-1.3,open_meteo_historical_forecast
2026-03-18,NYC,15:00,2026-03-18 15:00:00,36.0,37.3,-1.3,open_meteo_historical_forecast
2026-03-19,NYC,09:00,2026-03-19 09:00:00,40.7,40.7,0.0,open_meteo_historical_forecast
2026-03-19,NYC,11:00,2026-03-19 11:00:00,40.7,40.7,0.0,open_meteo_historical_forecast
2026-03-19,NYC,13:00,2026-03-19 13:00:00,40.7,40.7,0.0,open_meteo_historical_forecast
2026-03-19,NYC,15:00,2026-03-19 15:00:00,40.7,40.7,0.0,open_meteo_historical_forecast
2026-03-20,NYC,09:00,2026-03-20 09:00:00,54.1,56.9,-2.8,open_meteo_historical_forecast
2026-03-20,NYC,11:00,2026-03-20 11:00:00,54.1,56.9,-2.8,open_meteo_historical_forecast
2026-03-20,NYC,13:00,2026-03-20 13:00:00,54.1,56.9,-2.8,open_meteo_historical_forecast
2026-03-20,NYC,15:00,2026-03-20 15:00:00,54.1,56.9,-2.8,open_meteo_historical_forecast
2026-03-21,NYC,09:00,2026-03-21 09:00:00,56.8,58.4,-1.6,open_meteo_historical_forecast
2026-03-21,NYC,11:00,2026-03-21 11:00:00,56.8,58.4,-1.6,open_meteo_historical_forecast
2026-03-21,NYC,13:00,2026-03-21 13:00:00,56.8,58.4,-1.6,open_meteo_historical_forecast
2026-03-21,NYC,15:00,2026-03-21 15:00:00,56.8,58.4,-1.6,open_meteo_historical_forecast
2026-03-22,NYC,09:00,2026-03-22 09:00:00,61.2,58.9,2.3,open_meteo_historical_forecast
2026-03-22,NYC,11:00,2026-03-22 11:00:00,61.2,58.9,2.3,open_meteo_historical_forecast
2026-03-22,NYC,13:00,2026-03-22 13:00:00,61.2,58.9,2.3,open_meteo_historical_forecast
2026-03-22,NYC,15:00,2026-03-22 15:00:00,61.2,58.9,2.3,open_meteo_historical_forecast
2026-03-23,NYC,09:00,2026-03-23 09:00:00,50.0,49.6,0.4,open_meteo_historical_forecast
2026-03-23,NYC,11:00,2026-03-23 11:00:00,50.0,49.6,0.4,open_meteo_historical_forecast
2026-03-23,NYC,13:00,2026-03-23 13:00:00,50.0,49.6,0.4,open_meteo_historical_forecast
2026-03-23,NYC,15:00,2026-03-23 15:00:00,50.0,49.6,0.4,open_meteo_historical_forecast
2026-03-24,NYC,09:00,2026-03-24 09:00:00,46.8,49.2,-2.4,open_meteo_historical_forecast
2026-03-24,NYC,11:00,2026-03-24 11:00:00,46.8,49.2,-2.4,open_meteo_historical_forecast
2026-03-24,NYC,13:00,2026-03-24 13:00:00,46.8,49.2,-2.4,open_meteo_historical_forecast
2026-03-24,NYC,15:00,2026-03-24 15:00:00,46.8,49.2,-2.4,open_meteo_historical_forecast
2026-03-25,NYC,09:00,2026-03-25 09:00:00,51.5,53.5,-2.0,open_meteo_historical_forecast
2026-03-25,NYC,11:00,2026-03-25 11:00:00,51.5,53.5,-2.0,open_meteo_historical_forecast
2026-03-25,NYC,13:00,2026-03-25 13:00:00,51.5,53.5,-2.0,open_meteo_historical_forecast
2026-03-25,NYC,15:00,2026-03-25 15:00:00,51.5,53.5,-2.0,open_meteo_historical_forecast
2026-03-26,NYC,09:00,2026-03-26 09:00:00,71.7,76.0,-4.3,open_meteo_historical_forecast
2026-03-26,NYC,11:00,2026-03-26 11:00:00,71.7,76.0,-4.3,open_meteo_historical_forecast
2026-03-26,NYC,13:00,2026-03-26 13:00:00,71.7,76.0,-4.3,open_meteo_historical_forecast
2026-03-26,NYC,15:00,2026-03-26 15:00:00,71.7,76.0,-4.3,open_meteo_historical_forecast
2026-03-27,NYC,09:00,2026-03-27 09:00:00,63.2,67.4,-4.2,open_meteo_historical_forecast
2026-03-27,NYC,11:00,2026-03-27 11:00:00,63.2,67.4,-4.2,open_meteo_historical_forecast
2026-03-27,NYC,13:00,2026-03-27 13:00:00,63.2,67.4,-4.2,open_meteo_historical_forecast
2026-03-27,NYC,15:00,2026-03-27 15:00:00,63.2,67.4,-4.2,open_meteo_historical_forecast
2026-03-28,NYC,09:00,2026-03-28 09:00:00,42.3,43.7,-1.4,open_meteo_historical_forecast
2026-03-28,NYC,11:00,2026-03-28 11:00:00,42.3,43.7,-1.4,open_meteo_historical_forecast
2026-03-28,NYC,13:00,2026-03-28 13:00:00,42.3,43.7,-1.4,open_meteo_historical_forecast
2026-03-28,NYC,15:00,2026-03-28 15:00:00,42.3,43.7,-1.4,open_meteo_historical_forecast
2026-03-29,NYC,09:00,2026-03-29 09:00:00,53.9,54.0,-0.1,open_meteo_historical_forecast
2026-03-29,NYC,11:00,2026-03-29 11:00:00,53.9,54.0,-0.1,open_meteo_historical_forecast
2026-03-29,NYC,13:00,2026-03-29 13:00:00,53.9,54.0,-0.1,open_meteo_historical_forecast
2026-03-29,NYC,15:00,2026-03-29 15:00:00,53.9,54.0,-0.1,open_meteo_historical_forecast
2026-03-30,NYC,09:00,2026-03-30 09:00:00,69.1,72.9,-3.8,open_meteo_historical_forecast
2026-03-30,NYC,11:00,2026-03-30 11:00:00,69.1,72.9,-3.8,open_meteo_historical_forecast
2026-03-30,NYC,13:00,2026-03-30 13:00:00,69.1,72.9,-3.8,open_meteo_historical_forecast
2026-03-30,NYC,15:00,2026-03-30 15:00:00,69.1,72.9,-3.8,open_meteo_historical_forecast
2026-03-31,NYC,09:00,2026-03-31 09:00:00,78.9,80.6,-1.7,open_meteo_historical_forecast
2026-03-31,NYC,11:00,2026-03-31 11:00:00,78.9,80.6,-1.7,open_meteo_historical_forecast
2026-03-31,NYC,13:00,2026-03-31 13:00:00,78.9,80.6,-1.7,open_meteo_historical_forecast
2026-03-31,NYC,15:00,2026-03-31 15:00:00,78.9,80.6,-1.7,open_meteo_historical_forecast
2026-04-01,NYC,09:00,2026-04-01 09:00:00,77.4,79.9,-2.5,open_meteo_historical_forecast
2026-04-01,NYC,11:00,2026-04-01 11:00:00,77.4,79.9,-2.5,open_meteo_historical_forecast
2026-04-01,NYC,13:00,2026-04-01 13:00:00,77.4,79.9,-2.5,open_meteo_historical_forecast
2026-04-01,NYC,15:00,2026-04-01 15:00:00,77.4,79.9,-2.5,open_meteo_historical_forecast
2026-04-02,NYC,09:00,2026-04-02 09:00:00,53.7,54.8,-1.1,open_meteo_historical_forecast
2026-04-02,NYC,11:00,2026-04-02 11:00:00,53.7,54.8,-1.1,open_meteo_historical_forecast
2026-04-02,NYC,13:00,2026-04-02 13:00:00,53.7,54.8,-1.1,open_meteo_historical_forecast
2026-04-02,NYC,15:00,2026-04-02 15:00:00,53.7,54.8,-1.1,open_meteo_historical_forecast
2026-04-03,NYC,09:00,2026-04-03 09:00:00,69.4,66.6,2.8,open_meteo_historical_forecast
2026-04-03,NYC,11:00,2026-04-03 11:00:00,69.4,66.6,2.8,open_meteo_historical_forecast
2026-04-03,NYC,13:00,2026-04-03 13:00:00,69.4,66.6,2.8,open_meteo_historical_forecast
2026-04-03,NYC,15:00,2026-04-03 15:00:00,69.4,66.6,2.8,open_meteo_historical_forecast
2026-04-04,NYC,09:00,2026-04-04 09:00:00,70.1,70.5,-0.4,open_meteo_historical_forecast
2026-04-04,NYC,11:00,2026-04-04 11:00:00,70.1,70.5,-0.4,open_meteo_historical_forecast
2026-04-04,NYC,13:00,2026-04-04 13:00:00,70.1,70.5,-0.4,open_meteo_historical_forecast
2026-04-04,NYC,15:00,2026-04-04 15:00:00,70.1,70.5,-0.4,open_meteo_historical_forecast
2026-04-05,NYC,09:00,2026-04-05 09:00:00,59.8,56.0,3.8,open_meteo_historical_forecast
2026-04-05,NYC,11:00,2026-04-05 11:00:00,59.8,56.0,3.8,open_meteo_historical_forecast
2026-04-05,NYC,13:00,2026-04-05 13:00:00,59.8,56.0,3.8,open_meteo_historical_forecast
2026-04-05,NYC,15:00,2026-04-05 15:00:00,59.8,56.0,3.8,open_meteo_historical_forecast
2026-04-06,NYC,09:00,2026-04-06 09:00:00,54.5,55.3,-0.8,open_meteo_historical_forecast
2026-04-06,NYC,11:00,2026-04-06 11:00:00,54.5,55.3,-0.8,open_meteo_historical_forecast
2026-04-06,NYC,13:00,2026-04-06 13:00:00,54.5,55.3,-0.8,open_meteo_historical_forecast
2026-04-06,NYC,15:00,2026-04-06 15:00:00,54.5,55.3,-0.8,open_meteo_historical_forecast
2026-04-07,NYC,09:00,2026-04-07 09:00:00,52.3,55.6,-3.3,open_meteo_historical_forecast
2026-04-07,NYC,11:00,2026-04-07 11:00:00,52.3,55.6,-3.3,open_meteo_historical_forecast
2026-04-07,NYC,13:00,2026-04-07 13:00:00,52.3,55.6,-3.3,open_meteo_historical_forecast
2026-04-07,NYC,15:00,2026-04-07 15:00:00,52.3,55.6,-3.3,open_meteo_historical_forecast
2026-04-08,NYC,09:00,2026-04-08 09:00:00,48.7,49.9,-1.2,open_meteo_historical_forecast
2026-04-08,NYC,11:00,2026-04-08 11:00:00,48.7,49.9,-1.2,open_meteo_historical_forecast
2026-04-08,NYC,13:00,2026-04-08 13:00:00,48.7,49.9,-1.2,open_meteo_historical_forecast
2026-04-08,NYC,15:00,2026-04-08 15:00:00,48.7,49.9,-1.2,open_meteo_historical_forecast
2026-04-09,NYC,09:00,2026-04-09 09:00:00,49.9,50.0,-0.1,open_meteo_historical_forecast
2026-04-09,NYC,11:00,2026-04-09 11:00:00,49.9,50.0,-0.1,open_meteo_historical_forecast
2026-04-09,NYC,13:00,2026-04-09 13:00:00,49.9,50.0,-0.1,open_meteo_historical_forecast
2026-04-09,NYC,15:00,2026-04-09 15:00:00,49.9,50.0,-0.1,open_meteo_historical_forecast
2026-04-10,NYC,09:00,2026-04-10 09:00:00,63.4,62.1,1.3,open_meteo_historical_forecast
2026-04-10,NYC,11:00,2026-04-10 11:00:00,63.4,62.1,1.3,open_meteo_historical_forecast
2026-04-10,NYC,13:00,2026-04-10 13:00:00,63.4,62.1,1.3,open_meteo_historical_forecast
2026-04-10,NYC,15:00,2026-04-10 15:00:00,63.4,62.1,1.3,open_meteo_historical_forecast
2026-04-11,NYC,09:00,2026-04-11 09:00:00,62.8,63.3,-0.5,open_meteo_historical_forecast
2026-04-11,NYC,11:00,2026-04-11 11:00:00,62.8,63.3,-0.5,open_meteo_historical_forecast
2026-04-11,NYC,13:00,2026-04-11 13:00:00,62.8,63.3,-0.5,open_meteo_historical_forecast
2026-04-11,NYC,15:00,2026-04-11 15:00:00,62.8,63.3,-0.5,open_meteo_historical_forecast
2026-04-12,NYC,09:00,2026-04-12 09:00:00,55.8,55.6,0.2,open_meteo_historical_forecast
2026-04-12,NYC,11:00,2026-04-12 11:00:00,55.8,55.6,0.2,open_meteo_historical_forecast
2026-04-12,NYC,13:00,2026-04-12 13:00:00,55.8,55.6,0.2,open_meteo_historical_forecast
2026-04-12,NYC,15:00,2026-04-12 15:00:00,55.8,55.6,0.2,open_meteo_historical_forecast
2026-04-13,NYC,09:00,2026-04-13 09:00:00,78.7,80.9,-2.2,open_meteo_historical_forecast
2026-04-13,NYC,11:00,2026-04-13 11:00:00,78.7,80.9,-2.2,open_meteo_historical_forecast
2026-04-13,NYC,13:00,2026-04-13 13:00:00,78.7,80.9,-2.2,open_meteo_historical_forecast
2026-04-13,NYC,15:00,2026-04-13 15:00:00,78.7,80.9,-2.2,open_meteo_historical_forecast
2026-04-14,NYC,09:00,2026-04-14 09:00:00,87.1,86.9,0.2,open_meteo_historical_forecast
2026-04-14,NYC,11:00,2026-04-14 11:00:00,87.1,86.9,0.2,open_meteo_historical_forecast
2026-04-14,NYC,13:00,2026-04-14 13:00:00,87.1,86.9,0.2,open_meteo_historical_forecast
2026-04-14,NYC,15:00,2026-04-14 15:00:00,87.1,86.9,0.2,open_meteo_historical_forecast
2026-04-15,NYC,09:00,2026-04-15 09:00:00,89.6,89.8,-0.2,open_meteo_historical_forecast
2026-04-15,NYC,11:00,2026-04-15 11:00:00,89.6,89.8,-0.2,open_meteo_historical_forecast
2026-04-15,NYC,13:00,2026-04-15 13:00:00,89.6,89.8,-0.2,open_meteo_historical_forecast
2026-04-15,NYC,15:00,2026-04-15 15:00:00,89.6,89.8,-0.2,open_meteo_historical_forecast
2026-04-16,NYC,09:00,2026-04-16 09:00:00,89.9,88.9,1.0,open_meteo_historical_forecast
2026-04-16,NYC,11:00,2026-04-16 11:00:00,89.9,88.9,1.0,open_meteo_historical_forecast
2026-04-16,NYC,13:00,2026-04-16 13:00:00,89.9,88.9,1.0,open_meteo_historical_forecast
2026-04-16,NYC,15:00,2026-04-16 15:00:00,89.9,88.9,1.0,open_meteo_historical_forecast
2026-04-17,NYC,09:00,2026-04-17 09:00:00,79.0,78.8,0.2,open_meteo_historical_forecast
2026-04-17,NYC,11:00,2026-04-17 11:00:00,79.0,78.8,0.2,open_meteo_historical_forecast
2026-04-17,NYC,13:00,2026-04-17 13:00:00,79.0,78.8,0.2,open_meteo_historical_forecast
2026-04-17,NYC,15:00,2026-04-17 15:00:00,79.0,78.8,0.2,open_meteo_historical_forecast
2026-04-18,NYC,09:00,2026-04-18 09:00:00,68.2,64.4,3.8,open_meteo_historical_forecast
2026-04-18,NYC,11:00,2026-04-18 11:00:00,68.2,64.4,3.8,open_meteo_historical_forecast
2026-04-18,NYC,13:00,2026-04-18 13:00:00,68.2,64.4,3.8,open_meteo_historical_forecast
2026-04-18,NYC,15:00,2026-04-18 15:00:00,68.2,64.4,3.8,open_meteo_historical_forecast
2026-04-19,NYC,09:00,2026-04-19 09:00:00,52.7,51.1,1.6,open_meteo_historical_forecast
2026-04-19,NYC,11:00,2026-04-19 11:00:00,52.7,51.1,1.6,open_meteo_historical_forecast
2026-04-19,NYC,13:00,2026-04-19 13:00:00,52.7,51.1,1.6,open_meteo_historical_forecast
2026-04-19,NYC,15:00,2026-04-19 15:00:00,52.7,51.1,1.6,open_meteo_historical_forecast
2026-04-20,NYC,09:00,2026-04-20 09:00:00,50.4,51.1,-0.7,open_meteo_historical_forecast
2026-04-20,NYC,11:00,2026-04-20 11:00:00,50.4,51.1,-0.7,open_meteo_historical_forecast
2026-04-20,NYC,13:00,2026-04-20 13:00:00,50.4,51.1,-0.7,open_meteo_historical_forecast
2026-04-20,NYC,15:00,2026-04-20 15:00:00,50.4,51.1,-0.7,open_meteo_historical_forecast
2026-04-21,NYC,09:00,2026-04-21 09:00:00,52.7,53.3,-0.6,open_meteo_historical_forecast
2026-04-21,NYC,11:00,2026-04-21 11:00:00,52.7,53.3,-0.6,open_meteo_historical_forecast
2026-04-21,NYC,13:00,2026-04-21 13:00:00,52.7,53.3,-0.6,open_meteo_historical_forecast
2026-04-21,NYC,15:00,2026-04-21 15:00:00,52.7,53.3,-0.6,open_meteo_historical_forecast
2026-04-22,NYC,09:00,2026-04-22 09:00:00,54.1,53.0,1.1,open_meteo_historical_forecast
2026-04-22,NYC,11:00,2026-04-22 11:00:00,54.1,53.0,1.1,open_meteo_historical_forecast
2026-04-22,NYC,13:00,2026-04-22 13:00:00,54.1,53.0,1.1,open_meteo_historical_forecast
2026-04-22,NYC,15:00,2026-04-22 15:00:00,54.1,53.0,1.1,open_meteo_historical_forecast
2026-04-23,NYC,09:00,2026-04-23 09:00:00,72.2,74.4,-2.2,open_meteo_historical_forecast
2026-04-23,NYC,11:00,2026-04-23 11:00:00,72.2,74.4,-2.2,open_meteo_historical_forecast
2026-04-23,NYC,13:00,2026-04-23 13:00:00,72.2,74.4,-2.2,open_meteo_historical_forecast
2026-04-23,NYC,15:00,2026-04-23 15:00:00,72.2,74.4,-2.2,open_meteo_historical_forecast
2026-04-24,NYC,09:00,2026-04-24 09:00:00,69.6,68.6,1.0,open_meteo_historical_forecast
2026-04-24,NYC,11:00,2026-04-24 11:00:00,69.6,68.6,1.0,open_meteo_historical_forecast
2026-04-24,NYC,13:00,2026-04-24 13:00:00,69.6,68.6,1.0,open_meteo_historical_forecast
2026-04-24,NYC,15:00,2026-04-24 15:00:00,69.6,68.6,1.0,open_meteo_historical_forecast
2026-04-25,NYC,09:00,2026-04-25 09:00:00,50.2,49.0,1.2,open_meteo_historical_forecast
2026-04-25,NYC,11:00,2026-04-25 11:00:00,50.2,49.0,1.2,open_meteo_historical_forecast
2026-04-25,NYC,13:00,2026-04-25 13:00:00,50.2,49.0,1.2,open_meteo_historical_forecast
2026-04-25,NYC,15:00,2026-04-25 15:00:00,50.2,49.0,1.2,open_meteo_historical_forecast
2026-04-26,NYC,09:00,2026-04-26 09:00:00,55.8,58.1,-2.3,open_meteo_historical_forecast
2026-04-26,NYC,11:00,2026-04-26 11:00:00,55.8,58.1,-2.3,open_meteo_historical_forecast
2026-04-26,NYC,13:00,2026-04-26 13:00:00,55.8,58.1,-2.3,open_meteo_historical_forecast
2026-04-26,NYC,15:00,2026-04-26 15:00:00,55.8,58.1,-2.3,open_meteo_historical_forecast
2026-04-27,NYC,09:00,2026-04-27 09:00:00,66.9,68.8,-1.9,open_meteo_historical_forecast
2026-04-27,NYC,11:00,2026-04-27 11:00:00,66.9,68.8,-1.9,open_meteo_historical_forecast
2026-04-27,NYC,13:00,2026-04-27 13:00:00,66.9,68.8,-1.9,open_meteo_historical_forecast
2026-04-27,NYC,15:00,2026-04-27 15:00:00,66.9,68.8,-1.9,open_meteo_historical_forecast
2026-04-28,NYC,09:00,2026-04-28 09:00:00,64.4,65.7,-1.3,open_meteo_historical_forecast
2026-04-28,NYC,11:00,2026-04-28 11:00:00,64.4,65.7,-1.3,open_meteo_historical_forecast
2026-04-28,NYC,13:00,2026-04-28 13:00:00,64.4,65.7,-1.3,open_meteo_historical_forecast
2026-04-28,NYC,15:00,2026-04-28 15:00:00,64.4,65.7,-1.3,open_meteo_historical_forecast
2026-04-29,NYC,09:00,2026-04-29 09:00:00,62.9,63.0,-0.1,open_meteo_historical_forecast
2026-04-29,NYC,11:00,2026-04-29 11:00:00,62.9,63.0,-0.1,open_meteo_historical_forecast
2026-04-29,NYC,13:00,2026-04-29 13:00:00,62.9,63.0,-0.1,open_meteo_historical_forecast
2026-04-29,NYC,15:00,2026-04-29 15:00:00,62.9,63.0,-0.1,open_meteo_historical_forecast
2026-04-30,NYC,09:00,2026-04-30 09:00:00,59.8,59.9,-0.1,open_meteo_historical_forecast
2026-04-30,NYC,11:00,2026-04-30 11:00:00,59.8,59.9,-0.1,open_meteo_historical_forecast
2026-04-30,NYC,13:00,2026-04-30 13:00:00,59.8,59.9,-0.1,open_meteo_historical_forecast
2026-04-30,NYC,15:00,2026-04-30 15:00:00,59.8,59.9,-0.1,open_meteo_historical_forecast
2026-05-01,NYC,09:00,2026-05-01 09:00:00,64.9,65.5,-0.6,open_meteo_historical_forecast
2026-05-01,NYC,11:00,2026-05-01 11:00:00,64.9,65.5,-0.6,open_meteo_historical_forecast
2026-05-01,NYC,13:00,2026-05-01 13:00:00,64.9,65.5,-0.6,open_meteo_historical_forecast
2026-05-01,NYC,15:00,2026-05-01 15:00:00,64.9,65.5,-0.6,open_meteo_historical_forecast
2026-05-02,NYC,09:00,2026-05-02 09:00:00,59.3,61.6,-2.3,open_meteo_historical_forecast
2026-05-02,NYC,11:00,2026-05-02 11:00:00,59.3,61.6,-2.3,open_meteo_historical_forecast
2026-05-02,NYC,13:00,2026-05-02 13:00:00,59.3,61.6,-2.3,open_meteo_historical_forecast
2026-05-02,NYC,15:00,2026-05-02 15:00:00,59.3,61.6,-2.3,open_meteo_historical_forecast
2026-05-03,NYC,09:00,2026-05-03 09:00:00,57.7,60.7,-3.0,open_meteo_historical_forecast
2026-05-03,NYC,11:00,2026-05-03 11:00:00,57.7,60.7,-3.0,open_meteo_historical_forecast
2026-05-03,NYC,13:00,2026-05-03 13:00:00,57.7,60.7,-3.0,open_meteo_historical_forecast
2026-05-03,NYC,15:00,2026-05-03 15:00:00,57.7,60.7,-3.0,open_meteo_historical_forecast
2026-05-04,NYC,09:00,2026-05-04 09:00:00,75.5,74.6,0.9,open_meteo_historical_forecast
2026-05-04,NYC,11:00,2026-05-04 11:00:00,75.5,74.6,0.9,open_meteo_historical_forecast
2026-05-04,NYC,13:00,2026-05-04 13:00:00,75.5,74.6,0.9,open_meteo_historical_forecast
2026-05-04,NYC,15:00,2026-05-04 15:00:00,75.5,74.6,0.9,open_meteo_historical_forecast
2026-05-05,NYC,09:00,2026-05-05 09:00:00,84.4,84.8,-0.4,open_meteo_historical_forecast
2026-05-05,NYC,11:00,2026-05-05 11:00:00,84.4,84.8,-0.4,open_meteo_historical_forecast
2026-05-05,NYC,13:00,2026-05-05 13:00:00,84.4,84.8,-0.4,open_meteo_historical_forecast
2026-05-05,NYC,15:00,2026-05-05 15:00:00,84.4,84.8,-0.4,open_meteo_historical_forecast
2026-05-06,NYC,09:00,2026-05-06 09:00:00,72.7,69.7,3.0,open_meteo_historical_forecast
2026-05-06,NYC,11:00,2026-05-06 11:00:00,72.7,69.7,3.0,open_meteo_historical_forecast
2026-05-06,NYC,13:00,2026-05-06 13:00:00,72.7,69.7,3.0,open_meteo_historical_forecast
2026-05-06,NYC,15:00,2026-05-06 15:00:00,72.7,69.7,3.0,open_meteo_historical_forecast
2026-05-07,NYC,09:00,2026-05-07 09:00:00,66.4,65.2,1.2,open_meteo_historical_forecast
2026-05-07,NYC,11:00,2026-05-07 11:00:00,66.4,65.2,1.2,open_meteo_historical_forecast
2026-05-07,NYC,13:00,2026-05-07 13:00:00,66.4,65.2,1.2,open_meteo_historical_forecast
2026-05-07,NYC,15:00,2026-05-07 15:00:00,66.4,65.2,1.2,open_meteo_historical_forecast
2026-05-08,NYC,09:00,2026-05-08 09:00:00,64.7,62.4,2.3,open_meteo_historical_forecast
2026-05-08,NYC,11:00,2026-05-08 11:00:00,64.7,62.4,2.3,open_meteo_historical_forecast
2026-05-08,NYC,13:00,2026-05-08 13:00:00,64.7,62.4,2.3,open_meteo_historical_forecast
2026-05-08,NYC,15:00,2026-05-08 15:00:00,64.7,62.4,2.3,open_meteo_historical_forecast
2026-05-09,NYC,09:00,2026-05-09 09:00:00,65.3,64.4,0.9,open_meteo_historical_forecast
2026-05-09,NYC,11:00,2026-05-09 11:00:00,65.3,64.4,0.9,open_meteo_historical_forecast
2026-05-09,NYC,13:00,2026-05-09 13:00:00,65.3,64.4,0.9,open_meteo_historical_forecast
2026-05-09,NYC,15:00,2026-05-09 15:00:00,65.3,64.4,0.9,open_meteo_historical_forecast
2026-05-10,NYC,09:00,2026-05-10 09:00:00,74.8,73.8,1.0,open_meteo_historical_forecast
2026-05-10,NYC,11:00,2026-05-10 11:00:00,74.8,73.8,1.0,open_meteo_historical_forecast
2026-05-10,NYC,13:00,2026-05-10 13:00:00,74.8,73.8,1.0,open_meteo_historical_forecast
2026-05-10,NYC,15:00,2026-05-10 15:00:00,74.8,73.8,1.0,open_meteo_historical_forecast
2026-05-11,NYC,09:00,2026-05-11 09:00:00,62.7,62.0,0.7,open_meteo_historical_forecast
2026-05-11,NYC,11:00,2026-05-11 11:00:00,62.7,62.0,0.7,open_meteo_historical_forecast
2026-05-11,NYC,13:00,2026-05-11 13:00:00,62.7,62.0,0.7,open_meteo_historical_forecast
2026-05-11,NYC,15:00,2026-05-11 15:00:00,62.7,62.0,0.7,open_meteo_historical_forecast
2026-05-12,NYC,09:00,2026-05-12 09:00:00,68.2,67.8,0.4,open_meteo_historical_forecast
2026-05-12,NYC,11:00,2026-05-12 11:00:00,68.2,67.8,0.4,open_meteo_historical_forecast
2026-05-12,NYC,13:00,2026-05-12 13:00:00,68.2,67.8,0.4,open_meteo_historical_forecast
2026-05-12,NYC,15:00,2026-05-12 15:00:00,68.2,67.8,0.4,open_meteo_historical_forecast
2026-05-13,NYC,09:00,2026-05-13 09:00:00,76.5,73.4,3.1,open_meteo_historical_forecast
2026-05-13,NYC,11:00,2026-05-13 11:00:00,76.5,73.4,3.1,open_meteo_historical_forecast
2026-05-13,NYC,13:00,2026-05-13 13:00:00,76.5,73.4,3.1,open_meteo_historical_forecast
2026-05-13,NYC,15:00,2026-05-13 15:00:00,76.5,73.4,3.1,open_meteo_historical_forecast
2026-05-14,NYC,09:00,2026-05-14 09:00:00,66.3,66.5,-0.2,open_meteo_historical_forecast
2026-05-14,NYC,11:00,2026-05-14 11:00:00,66.3,66.5,-0.2,open_meteo_historical_forecast
2026-05-14,NYC,13:00,2026-05-14 13:00:00,66.3,66.5,-0.2,open_meteo_historical_forecast
2026-05-14,NYC,15:00,2026-05-14 15:00:00,66.3,66.5,-0.2,open_meteo_historical_forecast
2026-05-15,NYC,09:00,2026-05-15 09:00:00,66.8,66.6,0.2,open_meteo_historical_forecast
2026-05-15,NYC,11:00,2026-05-15 11:00:00,66.8,66.6,0.2,open_meteo_historical_forecast
2026-05-15,NYC,13:00,2026-05-15 13:00:00,66.8,66.6,0.2,open_meteo_historical_forecast
2026-05-15,NYC,15:00,2026-05-15 15:00:00,66.8,66.6,0.2,open_meteo_historical_forecast
2026-05-16,NYC,09:00,2026-05-16 09:00:00,82.9,79.9,3.0,open_meteo_historical_forecast
2026-05-16,NYC,11:00,2026-05-16 11:00:00,82.9,79.9,3.0,open_meteo_historical_forecast
2026-05-16,NYC,13:00,2026-05-16 13:00:00,82.9,79.9,3.0,open_meteo_historical_forecast
2026-05-16,NYC,15:00,2026-05-16 15:00:00,82.9,79.9,3.0,open_meteo_historical_forecast
2026-05-17,NYC,09:00,2026-05-17 09:00:00,90.5,89.7,0.8,open_meteo_historical_forecast
2026-05-17,NYC,11:00,2026-05-17 11:00:00,90.5,89.7,0.8,open_meteo_historical_forecast
2026-05-17,NYC,13:00,2026-05-17 13:00:00,90.5,89.7,0.8,open_meteo_historical_forecast
2026-05-17,NYC,15:00,2026-05-17 15:00:00,90.5,89.7,0.8,open_meteo_historical_forecast
2026-05-18,NYC,09:00,2026-05-18 09:00:00,90.2,87.6,2.6,open_meteo_historical_forecast
2026-05-18,NYC,11:00,2026-05-18 11:00:00,90.2,87.6,2.6,open_meteo_historical_forecast
2026-05-18,NYC,13:00,2026-05-18 13:00:00,90.2,87.6,2.6,open_meteo_historical_forecast
2026-05-18,NYC,15:00,2026-05-18 15:00:00,90.2,87.6,2.6,open_meteo_historical_forecast
2026-05-19,NYC,09:00,2026-05-19 09:00:00,96.5,94.4,2.1,open_meteo_historical_forecast
2026-05-19,NYC,11:00,2026-05-19 11:00:00,96.5,94.4,2.1,open_meteo_historical_forecast
2026-05-19,NYC,13:00,2026-05-19 13:00:00,96.5,94.4,2.1,open_meteo_historical_forecast
2026-05-19,NYC,15:00,2026-05-19 15:00:00,96.5,94.4,2.1,open_meteo_historical_forecast
2026-05-20,NYC,09:00,2026-05-20 09:00:00,92.7,93.1,-0.4,open_meteo_historical_forecast
2026-05-20,NYC,11:00,2026-05-20 11:00:00,92.7,93.1,-0.4,open_meteo_historical_forecast
2026-05-20,NYC,13:00,2026-05-20 13:00:00,92.7,93.1,-0.4,open_meteo_historical_forecast
2026-05-20,NYC,15:00,2026-05-20 15:00:00,92.7,93.1,-0.4,open_meteo_historical_forecast
