trade_id,city,target_date,event_ticker,market_ticker,signal_timestamp,execution_timestamp,settlement_timestamp,prediction_time,probability_age_minutes,model_probability,side,entry_price,unadjusted_entry_price,quote_source,quote_field,execution_gap_minutes,contracts,gross_cost,fees,slippage_per_contract,cash_committed,predicted_edge,lower_confidence_edge,settlement,settlement_source,execution_assumption,evidence_label,supports_profitability_claim,cash_after_settlement,gross_pnl,net_pnl
1,NYC,2025-05-05,KXHIGHNY-25MAY05,KXHIGHNY-25MAY05-B60.5,2025-05-05 14:15:00+00:00,2025-05-05 14:16:00+00:00,2025-05-12 14:00:00+00:00,2025-05-05 14:00:00+00:00,15.0,0.1501730528692295,BUY_YES,0.060000000000000005,0.05,kalshi_candlestick,yes_ask_open,1.0,1,0.060000000000000005,0.009999999999999995,0.010000000000000002,0.07,0.0801730528692295,0.014179446657302329,1,kalshi_result,next_candle_open,historical_proxy_validated,False,999.5500000000001,0.94,0.9299999999999999
2,NYC,2025-05-05,KXHIGHNY-25MAY05,KXHIGHNY-25MAY05-B62.5,2025-05-05 14:15:00+00:00,2025-05-05 14:17:00+00:00,2025-05-12 14:00:00+00:00,2025-05-05 14:00:00+00:00,15.0,0.8498269471307706,BUY_YES,0.64,0.63,kalshi_candlestick,yes_ask_open,2.0,1,0.64,0.02,0.010000000000000009,0.66,0.18982694713077056,0.08642191209120677,0,kalshi_result,next_candle_open,historical_proxy_validated,False,999.5500000000001,-0.64,-0.66
3,NYC,2025-05-08,KXHIGHNY-25MAY08,KXHIGHNY-25MAY08-B71.5,2025-05-08 14:35:00+00:00,2025-05-08 14:37:00+00:00,2025-05-15 14:00:00+00:00,2025-05-08 14:00:00+00:00,35.0,0.10389728923749426,BUY_YES,0.04,0.03,kalshi_candlestick,yes_ask_open,2.0,1,0.04,0.01,0.010000000000000002,0.05,0.05389728923749427,0.0014097910317482521,0,kalshi_result,next_candle_open,historical_proxy_validated,False,999.5500000000001,-0.04,-0.05
4,NYC,2025-05-10,KXHIGHNY-25MAY10,KXHIGHNY-25MAY10-B72.5,2025-05-10 20:20:00+00:00,2025-05-10 20:21:00+00:00,2025-05-17 14:00:00+00:00,2025-05-10 20:00:00+00:00,20.0,0.864207699718811,BUY_YES,0.65,0.64,kalshi_candlestick,yes_ask_open,1.0,1,0.65,0.02,0.010000000000000009,0.67,0.19420769971881094,0.09315931007246338,1,kalshi_result,next_candle_open,historical_proxy_validated,False,1000.12,0.35,0.32999999999999996
5,NYC,2025-05-15,KXHIGHNY-25MAY15,KXHIGHNY-25MAY15-B69.5,2025-05-15 19:45:00+00:00,2025-05-15 19:46:00+00:00,2025-05-22 14:00:00+00:00,2025-05-15 19:00:00+00:00,45.0,0.7156708123451629,BUY_YES,0.32,0.31,kalshi_candlestick,yes_ask_open,1.0,1,0.32,0.02,0.010000000000000009,0.34,0.3756708123451629,0.2591925931803211,1,kalshi_result,next_candle_open,historical_proxy_validated,False,1000.11,0.6799999999999999,0.6599999999999999
6,NYC,2025-05-15,KXHIGHNY-25MAY15,KXHIGHNY-25MAY15-B71.5,2025-05-15 19:45:00+00:00,2025-05-15 19:46:00+00:00,2025-05-22 14:00:00+00:00,2025-05-15 19:00:00+00:00,45.0,0.28432918765483695,BUY_YES,0.08,0.07,kalshi_candlestick,yes_ask_open,1.0,1,0.08,0.01,0.009999999999999995,0.09,0.19432918765483692,0.10091538165892558,0,kalshi_result,next_candle_open,historical_proxy_validated,False,1000.11,-0.08,-0.09
7,NYC,2025-05-17,KXHIGHNY-25MAY17,KXHIGHNY-25MAY17-B80.5,2025-05-17 20:45:00+00:00,2025-05-17 20:46:00+00:00,2025-05-24 14:00:00+00:00,2025-05-17 20:00:00+00:00,45.0,0.6250337320493871,BUY_YES,0.46,0.45,kalshi_candlestick,yes_ask_open,1.0,1,0.46,0.02,0.010000000000000009,0.48000000000000004,0.14503373204938705,0.026202604007823333,0,kalshi_result,next_candle_open,historical_proxy_validated,False,999.6,-0.46,-0.48000000000000004
8,NYC,2025-05-18,KXHIGHNY-25MAY18,KXHIGHNY-25MAY18-B68.5,2025-05-18 14:30:00+00:00,2025-05-18 14:31:00+00:00,2025-05-25 14:00:00+00:00,2025-05-18 14:00:00+00:00,30.0,0.15958223211207664,BUY_YES,0.02,0.01,kalshi_candlestick,yes_ask_open,1.0,1,0.02,0.01,0.01,0.03,0.12958223211207665,0.061166799092170716,0,kalshi_result,next_candle_open,historical_proxy_validated,False,999.6,-0.02,-0.03
9,NYC,2025-05-18,KXHIGHNY-25MAY18,KXHIGHNY-25MAY18-B70.5,2025-05-18 14:30:00+00:00,2025-05-18 14:31:00+00:00,2025-05-25 14:00:00+00:00,2025-05-18 14:00:00+00:00,30.0,0.23061907676658328,BUY_YES,0.08,0.07,kalshi_candlestick,yes_ask_open,1.0,1,0.08,0.01,0.009999999999999995,0.09,0.14061907676658325,0.05655949261745632,0,kalshi_result,next_candle_open,historical_proxy_validated,False,999.6,-0.08,-0.09
10,NYC,2025-05-18,KXHIGHNY-25MAY18,KXHIGHNY-25MAY18-B72.5,2025-05-18 14:30:00+00:00,2025-05-18 14:31:00+00:00,2025-05-25 14:00:00+00:00,2025-05-18 14:00:00+00:00,30.0,0.60979869112134,BUY_YES,0.39,0.38,kalshi_candlestick,yes_ask_open,1.0,1,0.39,0.02,0.010000000000000009,0.41000000000000003,0.19979869112134,0.08097776754433063,1,kalshi_result,next_candle_open,historical_proxy_validated,False,1000.6,0.61,0.59
11,NYC,2025-05-24,KXHIGHNY-25MAY24,KXHIGHNY-25MAY24-B64.5,2025-05-24 13:30:00+00:00,2025-05-24 13:31:00+00:00,2025-05-31 14:00:00+00:00,2025-05-24 13:00:00+00:00,30.0,0.5970331875068354,BUY_YES,0.31,0.3,kalshi_candlestick,yes_ask_open,1.0,1,0.31,0.02,0.010000000000000009,0.33,0.2670331875068354,0.1483048391819731,1,kalshi_result,next_candle_open,historical_proxy_validated,False,1000.92,0.69,0.6699999999999999
12,NYC,2025-05-24,KXHIGHNY-25MAY24,KXHIGHNY-25MAY24-T62,2025-05-24 13:30:00+00:00,2025-05-24 13:31:00+00:00,2025-05-31 14:00:00+00:00,2025-05-24 13:00:00+00:00,30.0,0.4029668124931647,BUY_YES,0.17,0.16,kalshi_candlestick,yes_ask_open,1.0,1,0.17,0.01,0.010000000000000009,0.18000000000000002,0.22296681249316466,0.11461545261388854,0,kalshi_result,next_candle_open,historical_proxy_validated,False,1000.92,-0.17,-0.18000000000000002
13,NYC,2025-05-30,KXHIGHNY-25MAY30,KXHIGHNY-25MAY30-B75.5,2025-05-30 15:15:00+00:00,2025-05-30 15:17:00+00:00,2025-06-06 14:00:00+00:00,2025-05-30 15:00:00+00:00,15.0,0.5943800595617476,BUY_YES,0.44,0.43,kalshi_candlestick,yes_ask_open,2.0,1,0.44,0.02,0.010000000000000009,0.46,0.13438005956174756,0.015680444261268207,1,kalshi_result,next_candle_open,historical_proxy_validated,False,998.78,0.56,0.54
14,NYC,2025-05-30,KXHIGHNY-25MAY30,KXHIGHNY-25MAY30-B77.5,2025-05-30 15:15:00+00:00,2025-05-30 15:16:00+00:00,2025-06-06 14:00:00+00:00,2025-05-30 15:00:00+00:00,15.0,0.21081696347870515,BUY_YES,0.08,0.07,kalshi_candlestick,yes_ask_open,1.0,1,0.08,0.01,0.009999999999999995,0.09,0.12081696347870514,0.040701201980458145,0,kalshi_result,next_candle_open,historical_proxy_validated,False,998.78,-0.08,-0.09
15,NYC,2025-05-30,KXHIGHNY-25MAY30,KXHIGHNY-25MAY30-T73,2025-05-30 15:15:00+00:00,2025-05-30 15:16:00+00:00,2025-06-06 14:00:00+00:00,2025-05-30 15:00:00+00:00,15.0,0.1948029769595473,BUY_YES,0.09,0.08,kalshi_candlestick,yes_ask_open,1.0,1,0.09,0.01,0.009999999999999995,0.09999999999999999,0.0948029769595473,0.018097789638907923,0,kalshi_result,next_candle_open,historical_proxy_validated,False,998.78,-0.09,-0.09999999999999999
16,NYC,2025-05-30,KXHIGHNY-25MAY30,KXHIGHNY-25MAY30-T80,2025-05-30 15:25:00+00:00,2025-05-30 15:26:00+00:00,2025-06-06 14:00:00+00:00,2025-05-30 15:00:00+00:00,25.0,0.1599461869335233,BUY_YES,0.02,0.01,kalshi_candlestick,yes_ask_open,1.0,1,0.02,0.01,0.01,0.03,0.1299461869335233,0.06143896705023869,0,kalshi_result,next_candle_open,historical_proxy_validated,False,998.78,-0.02,-0.03
17,NYC,2025-05-31,KXHIGHNY-25MAY31,KXHIGHNY-25MAY31-B70.5,2025-05-31 14:50:00+00:00,2025-05-31 14:51:00+00:00,2025-06-07 14:00:00+00:00,2025-05-31 14:00:00+00:00,50.0,0.3201989846676697,BUY_YES,0.14,0.13,kalshi_candlestick,yes_ask_open,1.0,1,0.14,0.01,0.010000000000000009,0.15000000000000002,0.1701989846676697,0.07150056386714006,0,kalshi_result,next_candle_open,historical_proxy_validated,False,998.78,-0.14,-0.15000000000000002
18,NYC,2025-05-31,KXHIGHNY-25MAY31,KXHIGHNY-25MAY31-T68,2025-05-31 14:50:00+00:00,2025-05-31 14:51:00+00:00,2025-06-07 14:00:00+00:00,2025-05-31 14:00:00+00:00,50.0,0.6798010153323303,BUY_YES,0.43,0.42,kalshi_candlestick,yes_ask_open,1.0,1,0.43,0.02,0.010000000000000009,0.45,0.2298010153323303,0.11187419333682976,1,kalshi_result,next_candle_open,historical_proxy_validated,False,999.78,0.5700000000000001,0.55
19,NYC,2025-06-01,KXHIGHNY-25JUN01,KXHIGHNY-25JUN01-B66.5,2025-06-01 15:50:00+00:00,2025-06-01 15:51:00+00:00,2025-06-08 14:00:00+00:00,2025-06-01 15:00:00+00:00,50.0,0.6129781318249845,BUY_YES,0.44,0.43,kalshi_candlestick,yes_ask_open,1.0,1,0.44,0.02,0.010000000000000009,0.46,0.15297813182498451,0.03414600473088998,1,kalshi_result,next_candle_open,historical_proxy_validated,False,999.97,0.56,0.54
20,NYC,2025-06-01,KXHIGHNY-25JUN01,KXHIGHNY-25JUN01-B68.5,2025-06-01 15:50:00+00:00,2025-06-01 15:51:00+00:00,2025-06-08 14:00:00+00:00,2025-06-01 15:00:00+00:00,50.0,0.38702186817501555,BUY_YES,0.25,0.24,kalshi_candlestick,yes_ask_open,1.0,1,0.25,0.02,0.010000000000000009,0.27,0.11702186817501554,0.010271924493366242,0,kalshi_result,next_candle_open,historical_proxy_validated,False,999.97,-0.25,-0.27
21,NYC,2025-06-04,KXHIGHNY-25JUN04,KXHIGHNY-25JUN04-B82.5,2025-06-04 13:25:00+00:00,2025-06-04 13:26:00+00:00,2025-06-11 14:00:00+00:00,2025-06-04 13:00:00+00:00,25.0,0.6411170125100824,BUY_YES,0.47000000000000003,0.46,kalshi_candlestick,yes_ask_open,1.0,1,0.47000000000000003,0.01999999999999997,0.010000000000000009,0.49,0.15111701251008236,0.03239601602936303,1,kalshi_result,next_candle_open,historical_proxy_validated,False,1000.97,0.53,0.51
22,NYC,2025-06-04,KXHIGHNY-25JUN04,KXHIGHNY-25JUN04-B86.5,2025-06-04 17:40:00+00:00,2025-06-04 17:41:00+00:00,2025-06-11 14:00:00+00:00,2025-06-04 17:00:00+00:00,40.0,0.36706468933182385,BUY_YES,0.12,0.11,kalshi_candlestick,yes_ask_open,1.0,1,0.12,0.01,0.009999999999999995,0.13,0.23706468933182384,0.13248842294078578,0,kalshi_result,next_candle_open,historical_proxy_validated,False,1000.97,-0.12,-0.13
23,NYC,2025-06-05,KXHIGHNY-25JUN05,KXHIGHNY-25JUN05-B86.5,2025-06-05 13:05:00+00:00,2025-06-05 13:06:00+00:00,2025-06-12 14:00:00+00:00,2025-06-05 13:00:00+00:00,5.0,0.46757002049963475,BUY_YES,0.22,0.21,kalshi_candlestick,yes_ask_open,1.0,1,0.22,0.02,0.010000000000000009,0.24,0.22757002049963476,0.11391516492577757,1,kalshi_result,next_candle_open,historical_proxy_validated,False,1001.97,0.78,0.76
24,NYC,2025-06-05,KXHIGHNY-25JUN05,KXHIGHNY-25JUN05-B90.5,2025-06-05 13:05:00+00:00,2025-06-05 13:06:00+00:00,2025-06-12 14:00:00+00:00,2025-06-05 13:00:00+00:00,5.0,0.5324299795003652,BUY_YES,0.3,0.29,kalshi_candlestick,yes_ask_open,1.0,1,0.3,0.02,0.010000000000000009,0.32,0.2124299795003652,0.09530697523210192,0,kalshi_result,next_candle_open,historical_proxy_validated,False,1001.97,-0.3,-0.32
25,NYC,2025-06-05,KXHIGHNY-25JUN05,KXHIGHNY-25JUN05-B88.5,2025-06-05 13:10:00+00:00,2025-06-05 13:11:00+00:00,2025-06-12 14:00:00+00:00,2025-06-05 13:00:00+00:00,10.0,0.6954950482942301,BUY_YES,0.52,0.51,kalshi_candlestick,yes_ask_open,1.0,1,0.52,0.02,0.010000000000000009,0.54,0.15549504829423014,0.03811401370942537,0,kalshi_result,next_candle_open,historical_proxy_validated,False,1001.97,-0.52,-0.54
26,NYC,2025-06-05,KXHIGHNY-25JUN05,KXHIGHNY-25JUN05-B84.5,2025-06-05 13:45:00+00:00,2025-06-05 13:46:00+00:00,2025-06-12 14:00:00+00:00,2025-06-05 13:00:00+00:00,45.0,0.2765118358628871,BUY_YES,0.04,0.03,kalshi_candlestick,yes_ask_open,1.0,1,0.04,0.01,0.010000000000000002,0.05,0.22651183586288706,0.1343471534820813,0,kalshi_result,next_candle_open,historical_proxy_validated,False,1001.97,-0.04,-0.05
27,NYC,2025-06-05,KXHIGHNY-25JUN05,KXHIGHNY-25JUN05-T84,2025-06-05 13:45:00+00:00,2025-06-05 13:46:00+00:00,2025-06-12 14:00:00+00:00,2025-06-05 13:00:00+00:00,45.0,0.25660222543100364,BUY_YES,0.03,0.02,kalshi_candlestick,yes_ask_open,1.0,1,0.03,0.01,0.009999999999999998,0.04,0.21660222543100363,0.1277865585901363,0,kalshi_result,next_candle_open,historical_proxy_validated,False,1001.97,-0.03,-0.04
28,NYC,2025-06-07,KXHIGHNY-25JUN07,KXHIGHNY-25JUN07-B81.5,2025-06-07 14:45:00+00:00,2025-06-07 14:47:00+00:00,2025-06-14 14:00:00+00:00,2025-06-07 14:00:00+00:00,45.0,0.10725645137356087,BUY_YES,0.03,0.02,kalshi_candlestick,yes_ask_open,2.0,1,0.03,0.01,0.009999999999999998,0.04,0.06725645137356087,0.013684617277563186,0,kalshi_result,next_candle_open,historical_proxy_validated,False,1001.35,-0.03,-0.04
29,NYC,2025-06-07,KXHIGHNY-25JUN07,KXHIGHNY-25JUN07-T77,2025-06-07 14:45:00+00:00,2025-06-07 14:46:00+00:00,2025-06-14 14:00:00+00:00,2025-06-07 14:00:00+00:00,45.0,0.8927435486264392,BUY_YES,0.75,0.74,kalshi_candlestick,yes_ask_open,1.0,1,0.75,0.02,0.010000000000000009,0.77,0.12274354862643923,0.027170669621059535,1,kalshi_result,next_candle_open,historical_proxy_validated,False,1002.35,0.25,0.22999999999999998
30,NYC,2025-06-12,KXHIGHNY-25JUN12,KXHIGHNY-25JUN12-B87.5,2025-06-12 15:25:00+00:00,2025-06-12 15:26:00+00:00,2025-06-19 14:00:00+00:00,2025-06-12 15:00:00+00:00,25.0,0.7280932364501377,BUY_YES,0.48,0.47,kalshi_candlestick,yes_ask_open,1.0,1,0.48,0.02,0.010000000000000009,0.5,0.2280932364501377,0.11228858325350001,1,kalshi_result,next_candle_open,historical_proxy_validated,False,1002.1,0.52,0.5
31,NYC,2025-06-12,KXHIGHNY-25JUN12,KXHIGHNY-25JUN12-B91.5,2025-06-12 15:25:00+00:00,2025-06-12 15:26:00+00:00,2025-06-19 14:00:00+00:00,2025-06-12 15:00:00+00:00,25.0,0.2719067635498623,BUY_YES,0.11,0.1,kalshi_candlestick,yes_ask_open,1.0,1,0.11,0.01,0.009999999999999995,0.12,0.15190676354986232,0.060495010761579364,0,kalshi_result,next_candle_open,historical_proxy_validated,False,1002.1,-0.11,-0.12
32,NYC,2025-06-15,KXHIGHNY-25JUN15,KXHIGHNY-25JUN15-B64.5,2025-06-15 15:15:00+00:00,2025-06-15 15:16:00+00:00,2025-06-22 14:00:00+00:00,2025-06-15 15:00:00+00:00,15.0,0.594505114558709,BUY_YES,0.45,0.44,kalshi_candlestick,yes_ask_open,1.0,1,0.45,0.02,0.010000000000000009,0.47000000000000003,0.12450511455870901,0.005804072002966194,1,kalshi_result,next_candle_open,historical_proxy_validated,False,1001.9700000000001,0.55,0.53
33,NYC,2025-06-15,KXHIGHNY-25JUN15,KXHIGHNY-25JUN15-B70.5,2025-06-15 18:05:00+00:00,2025-06-15 18:07:00+00:00,2025-06-22 14:00:00+00:00,2025-06-15 18:00:00+00:00,5.0,0.22845515199821864,BUY_YES,0.02,0.01,kalshi_candlestick,yes_ask_open,2.0,1,0.02,0.01,0.01,0.03,0.19845515199821864,0.11481257173892545,0,kalshi_result,next_candle_open,historical_proxy_validated,False,1001.9700000000001,-0.02,-0.03
34,NYC,2025-06-15,KXHIGHNY-25JUN15,KXHIGHNY-25JUN15-B66.5,2025-06-15 18:40:00+00:00,2025-06-15 18:41:00+00:00,2025-06-22 14:00:00+00:00,2025-06-15 18:00:00+00:00,40.0,0.35253436192465987,BUY_YES,0.05,0.04,kalshi_candlestick,yes_ask_open,1.0,1,0.05,0.01,0.010000000000000002,0.060000000000000005,0.29253436192465987,0.18966207981578387,0,kalshi_result,next_candle_open,historical_proxy_validated,False,1001.9700000000001,-0.05,-0.060000000000000005
35,NYC,2025-06-16,KXHIGHNY-25JUN16,KXHIGHNY-25JUN16-B68.5,2025-06-16 15:20:00+00:00,2025-06-16 15:21:00+00:00,2025-06-23 14:00:00+00:00,2025-06-16 15:00:00+00:00,20.0,0.4659609245744473,BUY_YES,0.33,0.32,kalshi_candlestick,yes_ask_open,1.0,1,0.33,0.02,0.010000000000000009,0.35000000000000003,0.1159609245744473,0.0024155683353141617,1,kalshi_result,next_candle_open,historical_proxy_validated,False,1002.9700000000001,0.6699999999999999,0.6499999999999999
36,NYC,2025-06-16,KXHIGHNY-25JUN16,KXHIGHNY-25JUN16-B70.5,2025-06-16 15:20:00+00:00,2025-06-16 15:22:00+00:00,2025-06-23 14:00:00+00:00,2025-06-16 15:00:00+00:00,20.0,0.1723209791175651,BUY_YES,0.08,0.07,kalshi_candlestick,yes_ask_open,2.0,1,0.08,0.01,0.009999999999999995,0.09,0.08232097911756511,0.01077262093902077,0,kalshi_result,next_candle_open,historical_proxy_validated,False,1002.9700000000001,-0.08,-0.09
37,NYC,2025-06-16,KXHIGHNY-25JUN16,KXHIGHNY-25JUN16-T66,2025-06-16 15:20:00+00:00,2025-06-16 15:22:00+00:00,2025-06-23 14:00:00+00:00,2025-06-16 15:00:00+00:00,20.0,0.3617180963079877,BUY_YES,0.23,0.22,kalshi_candlestick,yes_ask_open,2.0,1,0.23,0.02,0.010000000000000009,0.25,0.11171809630798767,0.007756772922285316,0,kalshi_result,next_candle_open,historical_proxy_validated,False,1002.9700000000001,-0.23,-0.25
38,NYC,2025-06-19,KXHIGHNY-25JUN19,KXHIGHNY-25JUN19-B87.5,2025-06-19 15:25:00+00:00,2025-06-19 15:26:00+00:00,2025-06-26 14:00:00+00:00,2025-06-19 15:00:00+00:00,25.0,0.56697667776777,BUY_YES,0.24000000000000002,0.23,kalshi_candlestick,yes_ask_open,1.0,1,0.24000000000000002,0.01999999999999998,0.010000000000000009,0.26,0.3069766777677701,0.1887620415747312,1,kalshi_result,next_candle_open,historical_proxy_validated,False,1002.9000000000001,0.76,0.74
39,NYC,2025-06-19,KXHIGHNY-25JUN19,KXHIGHNY-25JUN19-B93.5,2025-06-19 15:25:00+00:00,2025-06-19 15:26:00+00:00,2025-06-26 14:00:00+00:00,2025-06-19 15:00:00+00:00,25.0,0.43302332223223006,BUY_YES,0.15000000000000002,0.14,kalshi_candlestick,yes_ask_open,1.0,1,0.15000000000000002,0.00999999999999998,0.010000000000000009,0.16,0.2730233222322301,0.1619713509910247,0,kalshi_result,next_candle_open,historical_proxy_validated,False,1002.9000000000001,-0.15000000000000002,-0.16
40,NYC,2025-06-21,KXHIGHNY-25JUN21,KXHIGHNY-25JUN21-B86.5,2025-06-21 15:35:00+00:00,2025-06-21 15:36:00+00:00,2025-06-28 14:00:00+00:00,2025-06-21 15:00:00+00:00,35.0,0.5795870001384559,BUY_YES,0.4,0.39,kalshi_candlestick,yes_ask_open,1.0,1,0.4,0.02,0.010000000000000009,0.42000000000000004,0.15958700013845586,0.041106807842404794,1,kalshi_result,next_candle_open,historical_proxy_validated,False,1003.9000000000001,0.6,0.58
41,NYC,2025-06-21,KXHIGHNY-25JUN21,KXHIGHNY-25JUN21-B92.5,2025-06-21 15:45:00+00:00,2025-06-21 15:46:00+00:00,2025-06-28 14:00:00+00:00,2025-06-21 15:00:00+00:00,45.0,0.1355977569291851,BUY_YES,0.03,0.02,kalshi_candlestick,yes_ask_open,1.0,1,0.03,0.01,0.009999999999999998,0.04,0.09559775692918511,0.033553099579282035,0,kalshi_result,next_candle_open,historical_proxy_validated,False,1003.9000000000001,-0.03,-0.04
42,NYC,2025-06-21,KXHIGHNY-25JUN21,KXHIGHNY-25JUN21-T86,2025-06-21 15:45:00+00:00,2025-06-21 15:46:00+00:00,2025-06-28 14:00:00+00:00,2025-06-21 15:00:00+00:00,45.0,0.2645942848274096,BUY_YES,0.16,0.15,kalshi_candlestick,yes_ask_open,1.0,1,0.16,0.01,0.010000000000000009,0.17,0.0945942848274096,0.004404709464219956,0,kalshi_result,next_candle_open,historical_proxy_validated,False,1003.9000000000001,-0.16,-0.17
43,NYC,2025-06-21,KXHIGHNY-25JUN21,KXHIGHNY-25JUN21-B88.5,2025-06-21 17:10:00+00:00,2025-06-21 17:11:00+00:00,2025-06-28 14:00:00+00:00,2025-06-21 17:00:00+00:00,10.0,0.15761999263697293,BUY_YES,0.06999999999999999,0.06,kalshi_candlestick,yes_ask_open,1.0,1,0.06999999999999999,0.01000000000000001,0.009999999999999995,0.08,0.07761999263697293,0.009701807559006568,0,kalshi_result,next_candle_open,historical_proxy_validated,False,1003.9000000000001,-0.06999999999999999,-0.08
44,NYC,2025-06-24,KXHIGHNY-25JUN24,KXHIGHNY-25JUN24-B98.5,2025-06-24 13:25:00+00:00,2025-06-24 13:26:00+00:00,2025-07-01 14:00:00+00:00,2025-06-24 13:00:00+00:00,25.0,0.4892260881647723,BUY_YES,0.33,0.32,kalshi_candlestick,yes_ask_open,1.0,1,0.33,0.02,0.010000000000000009,0.35000000000000003,0.1392260881647723,0.024208242550827447,1,kalshi_result,next_candle_open,historical_proxy_validated,False,1004.9000000000001,0.6699999999999999,0.6499999999999999
45,NYC,2025-06-24,KXHIGHNY-25JUN24,KXHIGHNY-25JUN24-B100.5,2025-06-24 18:45:00+00:00,2025-06-24 18:46:00+00:00,2025-07-01 14:00:00+00:00,2025-06-24 18:00:00+00:00,45.0,0.17287819768103949,BUY_NO,0.7,0.69,kalshi_candlestick,implied_no_ask_from_yes_bid_open,1.0,1,0.7,0.02,0.010000000000000009,0.72,0.10712180231896053,0.00045676493804449117,1,kalshi_result,next_candle_open,historical_proxy_validated,False,1005.9000000000001,0.30000000000000004,0.28
46,NYC,2025-07-01,KXHIGHNY-25JUL01,KXHIGHNY-25JUL01-B88.5,2025-07-01 17:00:00+00:00,2025-07-01 17:01:00+00:00,2025-07-08 14:00:00+00:00,2025-07-01 17:00:00+00:00,0.0,0.7362967364132657,BUY_YES,0.55,0.54,kalshi_candlestick,yes_ask_open,1.0,1,0.55,0.02,0.010000000000000009,0.5700000000000001,0.16629673641326562,0.050988139469580154,1,kalshi_result,next_candle_open,historical_proxy_validated,False,1006.33,0.44999999999999996,0.42999999999999994
47,NYC,2025-07-09,KXHIGHNY-25JUL09,KXHIGHNY-25JUL09-B86.5,2025-07-09 18:05:00+00:00,2025-07-09 18:07:00+00:00,2025-07-16 14:00:00+00:00,2025-07-09 18:00:00+00:00,5.0,0.10193090337469596,BUY_YES,0.02,0.01,kalshi_candlestick,yes_ask_open,2.0,1,0.02,0.01,0.01,0.03,0.07193090337469596,0.020086970538132493,0,kalshi_result,next_candle_open,historical_proxy_validated,False,1005.9000000000001,-0.02,-0.03
48,NYC,2025-07-09,KXHIGHNY-25JUL09,KXHIGHNY-25JUL09-B90.5,2025-07-09 18:05:00+00:00,2025-07-09 18:06:00+00:00,2025-07-16 14:00:00+00:00,2025-07-09 18:00:00+00:00,5.0,0.7611716549055991,BUY_YES,0.38,0.37,kalshi_candlestick,yes_ask_open,1.0,1,0.38,0.02,0.010000000000000009,0.4,0.3611716549055991,0.24762961707205125,1,kalshi_result,next_candle_open,historical_proxy_validated,False,1006.9000000000001,0.62,0.6
49,NYC,2025-07-18,KXHIGHNY-25JUL18,KXHIGHNY-25JUL18-B81.5,2025-07-18 22:30:00+00:00,2025-07-18 22:31:00+00:00,2025-07-25 14:00:00+00:00,2025-07-18 22:00:00+00:00,30.0,0.6223599256905106,BUY_NO,0.24,0.22999999999999998,kalshi_candlestick,implied_no_ask_from_yes_bid_open,1.0,1,0.24,0.02,0.010000000000000009,0.26,0.11764007430948943,0.011888248676016917,0,kalshi_result,next_candle_open,historical_proxy_validated,False,1005.0100000000002,-0.24,-0.26
50,NYC,2025-07-18,KXHIGHNY-25JUL18,KXHIGHNY-25JUL18-B83.5,2025-07-18 22:50:00+00:00,2025-07-18 22:51:00+00:00,2025-07-25 14:00:00+00:00,2025-07-18 22:00:00+00:00,50.0,0.3933011640099827,BUY_YES,0.26,0.25,kalshi_candlestick,yes_ask_open,1.0,1,0.26,0.02,0.010000000000000009,0.28,0.1133011640099827,0.005906392089317331,0,kalshi_result,next_candle_open,historical_proxy_validated,False,1005.0100000000002,-0.26,-0.28
51,NYC,2025-07-19,KXHIGHNY-25JUL19,KXHIGHNY-25JUL19-B81.5,2025-07-19 13:40:00+00:00,2025-07-19 13:41:00+00:00,2025-07-26 14:00:00+00:00,2025-07-19 13:00:00+00:00,40.0,0.753717063552469,BUY_YES,0.5,0.49,kalshi_candlestick,yes_ask_open,1.0,1,0.5,0.02,0.010000000000000009,0.52,0.23371706355246905,0.11960291711952832,1,kalshi_result,next_candle_open,historical_proxy_validated,False,1005.3000000000002,0.5,0.48
52,NYC,2025-07-19,KXHIGHNY-25JUL19,KXHIGHNY-25JUL19-B85.5,2025-07-19 13:40:00+00:00,2025-07-19 13:42:00+00:00,2025-07-26 14:00:00+00:00,2025-07-19 13:00:00+00:00,40.0,0.24628293644753096,BUY_YES,0.08,0.07,kalshi_candlestick,yes_ask_open,2.0,1,0.08,0.01,0.009999999999999995,0.09,0.15628293644753094,0.06930197098678667,0,kalshi_result,next_candle_open,historical_proxy_validated,False,1005.3000000000002,-0.08,-0.09
53,NYC,2025-07-19,KXHIGHNY-25JUL19,KXHIGHNY-25JUL19-T79,2025-07-19 14:55:00+00:00,2025-07-19 14:56:00+00:00,2025-07-26 14:00:00+00:00,2025-07-19 14:00:00+00:00,55.0,0.1715690369943384,BUY_YES,0.03,0.02,kalshi_candlestick,yes_ask_open,1.0,1,0.03,0.01,0.009999999999999998,0.04,0.1315690369943384,0.060201166748701664,0,kalshi_result,next_candle_open,historical_proxy_validated,False,1005.3000000000002,-0.03,-0.04
54,NYC,2025-07-20,KXHIGHNY-25JUL20,KXHIGHNY-25JUL20-B87.5,2025-07-20 15:10:00+00:00,2025-07-20 15:11:00+00:00,2025-07-27 14:00:00+00:00,2025-07-20 15:00:00+00:00,10.0,0.7468446202830277,BUY_YES,0.53,0.52,kalshi_candlestick,yes_ask_open,1.0,1,0.53,0.02,0.010000000000000009,0.55,0.19684462028302765,0.08223583960131144,1,kalshi_result,next_candle_open,historical_proxy_validated,False,1006.3000000000002,0.47,0.44999999999999996
55,NYC,2025-07-20,KXHIGHNY-25JUL20,KXHIGHNY-25JUL20-T87,2025-07-20 15:10:00+00:00,2025-07-20 15:11:00+00:00,2025-07-27 14:00:00+00:00,2025-07-20 15:00:00+00:00,10.0,0.25315537971697233,BUY_YES,0.09,0.08,kalshi_candlestick,yes_ask_open,1.0,1,0.09,0.01,0.009999999999999995,0.09999999999999999,0.15315537971697232,0.06494482255390173,0,kalshi_result,next_candle_open,historical_proxy_validated,False,1006.3000000000002,-0.09,-0.09999999999999999
56,NYC,2025-07-20,KXHIGHNY-25JUL20,KXHIGHNY-25JUL20-B91.5,2025-07-20 16:20:00+00:00,2025-07-20 16:22:00+00:00,2025-07-27 14:00:00+00:00,2025-07-20 16:00:00+00:00,20.0,0.11100035048425806,BUY_YES,0.04,0.03,kalshi_candlestick,yes_ask_open,2.0,1,0.04,0.01,0.010000000000000002,0.05,0.061000350484258066,0.00624165589208771,0,kalshi_result,next_candle_open,historical_proxy_validated,False,1006.3000000000002,-0.04,-0.05
57,NYC,2025-07-25,KXHIGHNY-25JUL25,KXHIGHNY-25JUL25-B94.5,2025-07-25 16:20:00+00:00,2025-07-25 16:21:00+00:00,2025-08-01 14:00:00+00:00,2025-07-25 16:00:00+00:00,20.0,0.7337822885989222,BUY_YES,0.55,0.54,kalshi_candlestick,yes_ask_open,1.0,1,0.55,0.02,0.010000000000000009,0.5700000000000001,0.16378228859892222,0.04831722819222618,1,kalshi_result,next_candle_open,historical_proxy_validated,False,1005.6100000000002,0.44999999999999996,0.42999999999999994
58,NYC,2025-07-25,KXHIGHNY-25JUL25,KXHIGHNY-25JUL25-T94,2025-07-25 16:35:00+00:00,2025-07-25 16:37:00+00:00,2025-08-01 14:00:00+00:00,2025-07-25 16:00:00+00:00,35.0,0.2301865843023351,BUY_YES,0.13,0.12,kalshi_candlestick,yes_ask_open,2.0,1,0.13,0.01,0.010000000000000009,0.14,0.0901865843023351,0.006210078228258318,0,kalshi_result,next_candle_open,historical_proxy_validated,False,1005.6100000000002,-0.13,-0.14
59,NYC,2025-07-29,KXHIGHNY-25JUL29,KXHIGHNY-25JUL29-B97.5,2025-07-29 19:30:00+00:00,2025-07-29 19:31:00+00:00,2025-08-05 14:00:00+00:00,2025-07-29 19:00:00+00:00,30.0,0.9898883308800998,BUY_YES,0.9,0.89,kalshi_candlestick,yes_ask_open,1.0,1,0.9,0.01,0.010000000000000009,0.91,0.07988833088009974,0.018744893381611012,1,kalshi_result,next_candle_open,historical_proxy_validated,False,1004.4400000000002,0.09999999999999998,0.08999999999999997
60,NYC,2025-07-30,KXHIGHNY-25JUL30,KXHIGHNY-25JUL30-B95.5,2025-07-30 13:10:00+00:00,2025-07-30 13:12:00+00:00,2025-08-06 14:00:00+00:00,2025-07-30 13:00:00+00:00,10.0,0.8719100854518144,BUY_YES,0.68,0.67,kalshi_candlestick,yes_ask_open,2.0,1,0.68,0.02,0.010000000000000009,0.7000000000000001,0.17191008545181433,0.07222814675767421,1,kalshi_result,next_candle_open,historical_proxy_validated,False,1004.9100000000002,0.31999999999999995,0.29999999999999993
61,NYC,2025-07-30,KXHIGHNY-25JUL30,KXHIGHNY-25JUL30-T93,2025-07-30 13:10:00+00:00,2025-07-30 13:12:00+00:00,2025-08-06 14:00:00+00:00,2025-07-30 13:00:00+00:00,10.0,0.12808991454818563,BUY_YES,0.04,0.03,kalshi_candlestick,yes_ask_open,2.0,1,0.04,0.01,0.010000000000000002,0.05,0.07808991454818563,0.01818103452284986,0,kalshi_result,next_candle_open,historical_proxy_validated,False,1004.9100000000002,-0.04,-0.05
62,NYC,2025-07-30,KXHIGHNY-25JUL30,KXHIGHNY-25JUL30-T100,2025-07-30 14:10:00+00:00,2025-07-30 14:12:00+00:00,2025-08-06 14:00:00+00:00,2025-07-30 14:00:00+00:00,10.0,0.09135230049611905,BUY_YES,0.02,0.01,kalshi_candlestick,yes_ask_open,2.0,1,0.02,0.01,0.01,0.03,0.06135230049611904,0.013089318742426371,0,kalshi_result,next_candle_open,historical_proxy_validated,False,1004.9100000000002,-0.02,-0.03
63,NYC,2025-08-02,KXHIGHNY-25AUG02,KXHIGHNY-25AUG02-B79.5,2025-08-02 14:35:00+00:00,2025-08-02 14:36:00+00:00,2025-08-09 14:00:00+00:00,2025-08-02 14:00:00+00:00,35.0,0.7507200706254045,BUY_YES,0.5700000000000001,0.56,kalshi_candlestick,yes_ask_open,1.0,1,0.5700000000000001,0.0199999999999999,0.010000000000000009,0.59,0.1607200706254045,0.04638640216171908,1,kalshi_result,next_candle_open,historical_proxy_validated,False,1004.3600000000002,0.42999999999999994,0.41000000000000003
64,NYC,2025-08-03,KXHIGHNY-25AUG03,KXHIGHNY-25AUG03-B84.5,2025-08-03 15:25:00+00:00,2025-08-03 15:26:00+00:00,2025-08-10 14:00:00+00:00,2025-08-03 15:00:00+00:00,25.0,0.8565795706388912,BUY_YES,0.7,0.69,kalshi_candlestick,yes_ask_open,1.0,1,0.7,0.02,0.010000000000000009,0.72,0.13657957063889128,0.034250848197603836,1,kalshi_result,next_candle_open,historical_proxy_validated,False,1004.9200000000003,0.30000000000000004,0.28
65,NYC,2025-08-03,KXHIGHNY-25AUG03,KXHIGHNY-25AUG03-B82.5,2025-08-03 21:05:00+00:00,2025-08-03 21:07:00+00:00,2025-08-10 14:00:00+00:00,2025-08-03 21:00:00+00:00,5.0,0.07070525318993323,BUY_YES,0.02,0.01,kalshi_candlestick,yes_ask_open,2.0,1,0.02,0.01,0.01,0.03,0.040705253189933226,9.6712655568763e-05,0,kalshi_result,next_candle_open,historical_proxy_validated,False,1004.9200000000003,-0.02,-0.03
66,NYC,2025-08-04,KXHIGHNY-25AUG04,KXHIGHNY-25AUG04-B88.5,2025-08-04 18:00:00+00:00,2025-08-04 18:01:00+00:00,2025-08-11 14:00:00+00:00,2025-08-04 18:00:00+00:00,0.0,0.9441969255695098,BUY_YES,0.81,0.8,kalshi_candlestick,yes_ask_open,1.0,1,0.81,0.02,0.010000000000000009,0.8300000000000001,0.11419692556950979,0.032294419000278976,1,kalshi_result,next_candle_open,historical_proxy_validated,False,1004.7300000000004,0.18999999999999995,0.16999999999999993
67,NYC,2025-08-06,KXHIGHNY-25AUG06,KXHIGHNY-25AUG06-B79.5,2025-08-06 13:20:00+00:00,2025-08-06 13:21:00+00:00,2025-08-13 14:00:00+00:00,2025-08-06 13:00:00+00:00,20.0,0.49781880422006647,BUY_YES,0.29000000000000004,0.28,kalshi_candlestick,yes_ask_open,1.0,1,0.29000000000000004,0.01999999999999996,0.010000000000000009,0.31,0.18781880422006647,0.07231712684289626,1,kalshi_result,next_candle_open,historical_proxy_validated,False,1005.6800000000004,0.71,0.69
68,NYC,2025-08-06,KXHIGHNY-25AUG06,KXHIGHNY-25AUG06-B83.5,2025-08-06 13:20:00+00:00,2025-08-06 13:21:00+00:00,2025-08-13 14:00:00+00:00,2025-08-06 13:00:00+00:00,20.0,0.2968374246567353,BUY_YES,0.14,0.13,kalshi_candlestick,yes_ask_open,1.0,1,0.14,0.01,0.010000000000000009,0.15000000000000002,0.14683742465673527,0.05149902929852047,0,kalshi_result,next_candle_open,historical_proxy_validated,False,1005.6800000000004,-0.14,-0.15000000000000002
69,NYC,2025-08-06,KXHIGHNY-25AUG06,KXHIGHNY-25AUG06-T79,2025-08-06 13:20:00+00:00,2025-08-06 13:21:00+00:00,2025-08-13 14:00:00+00:00,2025-08-06 13:00:00+00:00,20.0,0.20534377112319838,BUY_YES,0.060000000000000005,0.05,kalshi_candlestick,yes_ask_open,1.0,1,0.060000000000000005,0.009999999999999995,0.010000000000000002,0.07,0.1353437711231984,0.056370499326141285,0,kalshi_result,next_candle_open,historical_proxy_validated,False,1005.6800000000004,-0.060000000000000005,-0.07
70,NYC,2025-08-07,KXHIGHNY-25AUG07,KXHIGHNY-25AUG07-B78.5,2025-08-07 13:15:00+00:00,2025-08-07 13:16:00+00:00,2025-08-14 14:00:00+00:00,2025-08-07 13:00:00+00:00,15.0,0.26190259119257076,BUY_YES,0.11,0.1,kalshi_candlestick,yes_ask_open,1.0,1,0.11,0.01,0.009999999999999995,0.12,0.14190259119257076,0.05217124239483641,0,kalshi_result,next_candle_open,historical_proxy_validated,False,1005.6800000000004,-0.11,-0.12
71,NYC,2025-08-07,KXHIGHNY-25AUG07,KXHIGHNY-25AUG07-B80.5,2025-08-07 13:15:00+00:00,2025-08-07 13:16:00+00:00,2025-08-14 14:00:00+00:00,2025-08-07 13:00:00+00:00,15.0,0.7380974088074292,BUY_YES,0.51,0.5,kalshi_candlestick,yes_ask_open,1.0,1,0.51,0.02,0.010000000000000009,0.53,0.20809740880742925,0.09290328666789717,1,kalshi_result,next_candle_open,historical_proxy_validated,False,1006.6800000000004,0.49,0.47
72,NYC,2025-08-08,KXHIGHNY-25AUG08,KXHIGHNY-25AUG08-B81.5,2025-08-08 18:00:00+00:00,2025-08-08 18:01:00+00:00,2025-08-15 14:00:00+00:00,2025-08-08 18:00:00+00:00,0.0,0.9747389439062919,BUY_YES,0.89,0.88,kalshi_candlestick,yes_ask_open,1.0,1,0.89,0.01,0.010000000000000009,0.9,0.07473894390629189,0.005070661042952293,1,kalshi_result,next_candle_open,historical_proxy_validated,False,1007.6800000000004,0.10999999999999999,0.09999999999999998
73,NYC,2025-08-09,KXHIGHNY-25AUG09,KXHIGHNY-25AUG09-B81.5,2025-08-09 15:05:00+00:00,2025-08-09 15:06:00+00:00,2025-08-16 14:00:00+00:00,2025-08-09 15:00:00+00:00,5.0,0.4583974643561988,BUY_YES,0.14,0.13,kalshi_candlestick,yes_ask_open,1.0,1,0.14,0.01,0.010000000000000009,0.15000000000000002,0.3083974643561988,0.1953821008870522,0,kalshi_result,next_candle_open,historical_proxy_validated,False,1007.6800000000004,-0.14,-0.15000000000000002
74,NYC,2025-08-09,KXHIGHNY-25AUG09,KXHIGHNY-25AUG09-B85.5,2025-08-09 15:05:00+00:00,2025-08-09 15:06:00+00:00,2025-08-16 14:00:00+00:00,2025-08-09 15:00:00+00:00,5.0,0.5416025356438011,BUY_YES,0.22,0.21,kalshi_candlestick,yes_ask_open,1.0,1,0.22,0.02,0.010000000000000009,0.24,0.30160253564380113,0.1841380858076586,1,kalshi_result,next_candle_open,historical_proxy_validated,False,1008.6800000000004,0.78,0.76
75,NYC,2025-08-09,KXHIGHNY-25AUG09,KXHIGHNY-25AUG09-B87.5,2025-08-09 17:35:00+00:00,2025-08-09 17:36:00+00:00,2025-08-16 14:00:00+00:00,2025-08-09 17:00:00+00:00,35.0,0.19145823830185846,BUY_YES,0.04,0.03,kalshi_candlestick,yes_ask_open,1.0,1,0.04,0.01,0.010000000000000002,0.05,0.14145823830185844,0.06549202083023058,0,kalshi_result,next_candle_open,historical_proxy_validated,False,1008.6800000000004,-0.04,-0.05
76,NYC,2025-08-10,KXHIGHNY-25AUG10,KXHIGHNY-25AUG10-B85.5,2025-08-10 15:20:00+00:00,2025-08-10 15:21:00+00:00,2025-08-17 14:00:00+00:00,2025-08-10 15:00:00+00:00,20.0,0.26580402531667724,BUY_YES,0.04,0.03,kalshi_candlestick,yes_ask_open,1.0,1,0.04,0.01,0.010000000000000002,0.05,0.21580402531667722,0.12540998018693514,0,kalshi_result,next_candle_open,historical_proxy_validated,False,1008.6800000000004,-0.04,-0.05
77,NYC,2025-08-10,KXHIGHNY-25AUG10,KXHIGHNY-25AUG10-B89.5,2025-08-10 15:20:00+00:00,2025-08-10 15:21:00+00:00,2025-08-17 14:00:00+00:00,2025-08-10 15:00:00+00:00,20.0,0.7341959746833228,BUY_YES,0.48,0.47,kalshi_candlestick,yes_ask_open,1.0,1,0.48,0.02,0.010000000000000009,0.5,0.2341959746833228,0.11875638600570494,1,kalshi_result,next_candle_open,historical_proxy_validated,False,1009.6800000000004,0.52,0.5
78,NYC,2025-08-11,KXHIGHNY-25AUG11,KXHIGHNY-25AUG11-B86.5,2025-08-11 13:15:00+00:00,2025-08-11 13:16:00+00:00,2025-08-18 14:00:00+00:00,2025-08-11 13:00:00+00:00,15.0,0.23099865530091454,BUY_YES,0.06999999999999999,0.06,kalshi_candlestick,yes_ask_open,1.0,1,0.06999999999999999,0.01000000000000001,0.009999999999999995,0.08,0.15099865530091455,0.06686626662750202,0,kalshi_result,next_candle_open,historical_proxy_validated,False,1009.6800000000004,-0.06999999999999999,-0.08
79,NYC,2025-08-11,KXHIGHNY-25AUG11,KXHIGHNY-25AUG11-B88.5,2025-08-11 13:15:00+00:00,2025-08-11 13:16:00+00:00,2025-08-18 14:00:00+00:00,2025-08-11 13:00:00+00:00,15.0,0.7690013446990854,BUY_YES,0.54,0.53,kalshi_candlestick,yes_ask_open,1.0,1,0.54,0.02,0.010000000000000009,0.56,0.2090013446990854,0.09610123317216025,1,kalshi_result,next_candle_open,historical_proxy_validated,False,1010.6800000000004,0.45999999999999996,0.43999999999999995
80,NYC,2025-08-11,KXHIGHNY-25AUG11,KXHIGHNY-25AUG11-B92.5,2025-08-11 17:40:00+00:00,2025-08-11 17:41:00+00:00,2025-08-18 14:00:00+00:00,2025-08-11 17:00:00+00:00,40.0,0.20456354318426917,BUY_YES,0.04,0.03,kalshi_candlestick,yes_ask_open,1.0,1,0.04,0.01,0.010000000000000002,0.05,0.15456354318426915,0.07575506515859741,0,kalshi_result,next_candle_open,historical_proxy_validated,False,1010.6800000000004,-0.04,-0.05
81,NYC,2025-08-19,KXHIGHNY-25AUG19,KXHIGHNY-25AUG19-B77.5,2025-08-19 13:50:00+00:00,2025-08-19 13:52:00+00:00,2025-08-26 14:00:00+00:00,2025-08-19 13:00:00+00:00,50.0,0.6731544351584088,BUY_YES,0.44,0.43,kalshi_candlestick,yes_ask_open,2.0,1,0.44,0.02,0.010000000000000009,0.46,0.2131544351584088,0.09503628937362192,1,kalshi_result,next_candle_open,historical_proxy_validated,False,1010.5500000000004,0.56,0.54
82,NYC,2025-08-19,KXHIGHNY-25AUG19,KXHIGHNY-25AUG19-T75,2025-08-19 13:50:00+00:00,2025-08-19 13:52:00+00:00,2025-08-26 14:00:00+00:00,2025-08-19 13:00:00+00:00,50.0,0.18169791334306934,BUY_YES,0.05,0.04,kalshi_candlestick,yes_ask_open,2.0,1,0.05,0.01,0.010000000000000002,0.060000000000000005,0.12169791334306936,0.047943493385429824,0,kalshi_result,next_candle_open,historical_proxy_validated,False,1010.5500000000004,-0.05,-0.060000000000000005
83,NYC,2025-08-19,KXHIGHNY-25AUG19,KXHIGHNY-25AUG19-T82,2025-08-19 13:50:00+00:00,2025-08-19 13:51:00+00:00,2025-08-26 14:00:00+00:00,2025-08-19 13:00:00+00:00,50.0,0.14514765149852182,BUY_YES,0.02,0.01,kalshi_candlestick,yes_ask_open,1.0,1,0.02,0.01,0.01,0.03,0.11514765149852184,0.05048750494303308,0,kalshi_result,next_candle_open,historical_proxy_validated,False,1010.5500000000004,-0.02,-0.03
84,NYC,2025-08-19,KXHIGHNY-25AUG19,KXHIGHNY-25AUG19-B79.5,2025-08-19 15:25:00+00:00,2025-08-19 15:26:00+00:00,2025-08-26 14:00:00+00:00,2025-08-19 15:00:00+00:00,25.0,0.18553399418583014,BUY_YES,0.060000000000000005,0.05,kalshi_candlestick,yes_ask_open,1.0,1,0.060000000000000005,0.009999999999999995,0.010000000000000002,0.07,0.11553399418583014,0.040900261722518115,0,kalshi_result,next_candle_open,historical_proxy_validated,False,1010.5500000000004,-0.060000000000000005,-0.07
85,NYC,2025-08-21,KXHIGHNY-25AUG21,KXHIGHNY-25AUG21-B71.5,2025-08-21 15:35:00+00:00,2025-08-21 15:36:00+00:00,2025-08-28 14:00:00+00:00,2025-08-21 15:00:00+00:00,35.0,0.726115174371478,BUY_YES,0.44,0.43,kalshi_candlestick,yes_ask_open,1.0,1,0.44,0.02,0.010000000000000009,0.46,0.26611517437147797,0.15019707766599097,1,kalshi_result,next_candle_open,historical_proxy_validated,False,1010.8400000000005,0.56,0.54
86,NYC,2025-08-21,KXHIGHNY-25AUG21,KXHIGHNY-25AUG21-B75.5,2025-08-21 15:35:00+00:00,2025-08-21 15:36:00+00:00,2025-08-28 14:00:00+00:00,2025-08-21 15:00:00+00:00,35.0,0.27388482562852196,BUY_YES,0.04,0.03,kalshi_candlestick,yes_ask_open,1.0,1,0.04,0.01,0.010000000000000002,0.05,0.22388482562852194,0.13214809008525846,0,kalshi_result,next_candle_open,historical_proxy_validated,False,1010.8400000000005,-0.04,-0.05
87,NYC,2025-08-27,KXHIGHNY-25AUG27,KXHIGHNY-25AUG27-B75.5,2025-08-27 16:20:00+00:00,2025-08-27 16:21:00+00:00,2025-09-03 14:00:00+00:00,2025-08-27 16:00:00+00:00,20.0,0.8158845121688325,BUY_YES,0.66,0.65,kalshi_candlestick,yes_ask_open,1.0,1,0.66,0.02,0.010000000000000009,0.68,0.1358845121688325,0.027792865563627162,1,kalshi_result,next_candle_open,historical_proxy_validated,False,1011.8400000000005,0.33999999999999997,0.31999999999999995
88,NYC,2025-08-27,KXHIGHNY-25AUG27,KXHIGHNY-25AUG27-B77.5,2025-08-27 19:15:00+00:00,2025-08-27 19:16:00+00:00,2025-09-03 14:00:00+00:00,2025-08-27 19:00:00+00:00,15.0,0.08415676294264898,BUY_YES,0.02,0.01,kalshi_candlestick,yes_ask_open,1.0,1,0.02,0.01,0.01,0.03,0.05415676294264898,0.008453532791888289,0,kalshi_result,next_candle_open,historical_proxy_validated,False,1011.8400000000005,-0.02,-0.03
89,NYC,2025-10-09,KXHIGHNY-25OCT09,KXHIGHNY-25OCT09-B58.5,2025-10-09 13:00:00+00:00,2025-10-09 13:01:00+00:00,2025-10-16 14:00:00+00:00,2025-10-09 13:00:00+00:00,0.0,0.5425756868863468,BUY_YES,0.31,0.3,kalshi_candlestick,yes_ask_open,1.0,1,0.31,0.02,0.010000000000000009,0.33,0.21257568688634684,0.09507719154921608,1,kalshi_result,next_candle_open,historical_proxy_validated,False,1012.3200000000005,0.69,0.6699999999999999
90,NYC,2025-10-09,KXHIGHNY-25OCT09,KXHIGHNY-25OCT09-B62.5,2025-10-09 13:00:00+00:00,2025-10-09 13:01:00+00:00,2025-10-16 14:00:00+00:00,2025-10-09 13:00:00+00:00,0.0,0.31360276745592813,BUY_YES,0.15000000000000002,0.14,kalshi_candlestick,yes_ask_open,1.0,1,0.15000000000000002,0.00999999999999998,0.010000000000000009,0.16,0.15360276745592813,0.05582289416536487,0,kalshi_result,next_candle_open,historical_proxy_validated,False,1012.3200000000005,-0.15000000000000002,-0.16
91,NYC,2025-10-09,KXHIGHNY-25OCT09,KXHIGHNY-25OCT09-T65,2025-10-09 13:00:00+00:00,2025-10-09 13:01:00+00:00,2025-10-16 14:00:00+00:00,2025-10-09 13:00:00+00:00,0.0,0.14382154565772504,BUY_YES,0.02,0.01,kalshi_candlestick,yes_ask_open,1.0,1,0.02,0.01,0.01,0.03,0.11382154565772504,0.04951809853450271,0,kalshi_result,next_candle_open,historical_proxy_validated,False,1012.3200000000005,-0.02,-0.03
92,NYC,2025-10-26,KXHIGHNY-25OCT26,KXHIGHNY-25OCT26-B58.5,2025-10-26 14:55:00+00:00,2025-10-26 14:56:00+00:00,2025-11-02 14:00:00+00:00,2025-10-26 14:00:00+00:00,55.0,0.7147792681959673,BUY_YES,0.55,0.54,kalshi_candlestick,yes_ask_open,1.0,1,0.55,0.02,0.010000000000000009,0.5700000000000001,0.14477926819596723,0.06349769878622892,1,kalshi_result,next_candle_open,historical_proxy_validated,False,1000.43,0.44999999999999996,0.42999999999999994
93,NYC,2025-11-06,KXHIGHNY-25NOV06,KXHIGHNY-25NOV06-B53.5,2025-11-06 16:20:00+00:00,2025-11-06 16:21:00+00:00,2025-11-13 15:00:00+00:00,2025-11-06 16:00:00+00:00,20.0,0.08972114568835769,BUY_YES,0.02,0.01,kalshi_candlestick,yes_ask_open,1.0,1,0.02,0.01,0.01,0.03,0.05972114568835769,0.022200082577727216,0,kalshi_result,next_candle_open,historical_proxy_validated,False,999.0,-0.02,-0.03
94,NYC,2025-11-06,KXHIGHNY-25NOV06,KXHIGHNY-25NOV06-B57.5,2025-11-06 16:20:00+00:00,2025-11-06 16:24:00+00:00,2025-11-13 15:00:00+00:00,2025-11-06 16:00:00+00:00,20.0,0.9102788543116422,BUY_YES,0.76,0.75,kalshi_candlestick,yes_ask_open,4.0,1,0.76,0.02,0.010000000000000009,0.78,0.13027885431164224,0.07005463989121254,1,kalshi_result,next_candle_open,historical_proxy_validated,False,1000.0,0.24,0.21999999999999997
95,NYC,2025-11-12,KXHIGHNY-25NOV12,KXHIGHNY-25NOV12-B49.5,2025-11-12 14:30:00+00:00,2025-11-12 14:31:00+00:00,2025-11-19 15:00:00+00:00,2025-11-12 14:00:00+00:00,30.0,0.7311507947261643,BUY_YES,0.6,0.59,kalshi_candlestick,yes_ask_open,1.0,1,0.6,0.02,0.010000000000000009,0.62,0.1111507947261643,0.030731192639220323,1,kalshi_result,next_candle_open,historical_proxy_validated,False,1000.47,0.4,0.38
96,NYC,2025-11-15,KXHIGHNY-25NOV15,KXHIGHNY-25NOV15-B49.5,2025-11-15 20:40:00+00:00,2025-11-15 20:41:00+00:00,2025-11-22 15:00:00+00:00,2025-11-15 20:00:00+00:00,40.0,0.37462878186890225,BUY_YES,0.15000000000000002,0.14,kalshi_candlestick,yes_ask_open,1.0,1,0.15000000000000002,0.00999999999999998,0.010000000000000009,0.16,0.21462878186890225,0.1375113378493091,1,kalshi_result,next_candle_open,historical_proxy_validated,False,1000.72,0.85,0.84
97,NYC,2025-11-15,KXHIGHNY-25NOV15,KXHIGHNY-25NOV15-B53.5,2025-11-15 20:40:00+00:00,2025-11-15 20:41:00+00:00,2025-11-22 15:00:00+00:00,2025-11-15 20:00:00+00:00,40.0,0.46462469074710677,BUY_YES,0.27,0.26,kalshi_candlestick,yes_ask_open,1.0,1,0.27,0.02,0.010000000000000009,0.29000000000000004,0.17462469074710676,0.09263766522339524,0,kalshi_result,next_candle_open,historical_proxy_validated,False,1000.72,-0.27,-0.29000000000000004
98,NYC,2025-11-15,KXHIGHNY-25NOV15,KXHIGHNY-25NOV15-B55.5,2025-11-15 20:40:00+00:00,2025-11-15 20:41:00+00:00,2025-11-22 15:00:00+00:00,2025-11-15 20:00:00+00:00,40.0,0.1607465273839909,BUY_YES,0.06999999999999999,0.06,kalshi_candlestick,yes_ask_open,1.0,1,0.06999999999999999,0.01000000000000001,0.009999999999999995,0.08,0.0807465273839909,0.028321099707191807,0,kalshi_result,next_candle_open,historical_proxy_validated,False,1000.72,-0.06999999999999999,-0.08
99,NYC,2025-11-20,KXHIGHNY-25NOV20,KXHIGHNY-25NOV20-B47.5,2025-11-20 17:00:00+00:00,2025-11-20 17:01:00+00:00,2025-11-27 15:00:00+00:00,2025-11-20 17:00:00+00:00,0.0,0.8414483940310131,BUY_YES,0.73,0.72,kalshi_candlestick,yes_ask_open,1.0,1,0.73,0.02,0.010000000000000009,0.75,0.09144839403101314,0.02051533583298117,1,kalshi_result,next_candle_open,historical_proxy_validated,False,1001.3600000000001,0.27,0.25
100,NYC,2025-11-25,KXHIGHNY-25NOV25,KXHIGHNY-25NOV25-B52.5,2025-11-26 03:05:00+00:00,2025-11-26 03:06:00+00:00,2025-12-02 15:00:00+00:00,2025-11-26 02:00:00+00:00,65.0,0.13389193929535248,BUY_YES,0.02,0.01,kalshi_candlestick,yes_ask_open,1.0,1,0.02,0.01,0.01,0.03,0.10389193929535248,0.056479094081559524,0,kalshi_result,next_candle_open,historical_proxy_validated,False,1000.5800000000002,-0.02,-0.03
101,NYC,2025-11-25,KXHIGHNY-25NOV25,KXHIGHNY-25NOV25-B54.5,2025-11-26 03:05:00+00:00,2025-11-26 03:06:00+00:00,2025-12-02 15:00:00+00:00,2025-11-26 02:00:00+00:00,65.0,0.21929702177559407,BUY_YES,0.02,0.01,kalshi_candlestick,yes_ask_open,1.0,1,0.02,0.01,0.01,0.03,0.18929702177559407,0.12780143748795955,0,kalshi_result,next_candle_open,historical_proxy_validated,False,1000.5800000000002,-0.02,-0.03
102,NYC,2025-11-25,KXHIGHNY-25NOV25,KXHIGHNY-25NOV25-B58.5,2025-11-26 03:05:00+00:00,2025-11-26 03:06:00+00:00,2025-12-02 15:00:00+00:00,2025-11-26 02:00:00+00:00,65.0,0.47042403709841313,BUY_YES,0.25,0.24,kalshi_candlestick,yes_ask_open,1.0,1,0.25,0.02,0.010000000000000009,0.27,0.20042403709841314,0.11821550780618408,1,kalshi_result,next_candle_open,historical_proxy_validated,False,1001.5800000000002,0.75,0.73
103,NYC,2025-11-25,KXHIGHNY-25NOV25,KXHIGHNY-25NOV25-T59,2025-11-26 03:05:00+00:00,2025-11-26 03:07:00+00:00,2025-12-02 15:00:00+00:00,2025-11-26 02:00:00+00:00,65.0,0.10394140883244848,BUY_YES,0.02,0.01,kalshi_candlestick,yes_ask_open,2.0,1,0.02,0.01,0.01,0.03,0.07394140883244849,0.0329668223456857,0,kalshi_result,next_candle_open,historical_proxy_validated,False,1001.5800000000002,-0.02,-0.03
104,NYC,2025-12-01,KXHIGHNY-25DEC01,KXHIGHNY-25DEC01-B42.5,2025-12-01 15:25:00+00:00,2025-12-01 15:26:00+00:00,2025-12-08 15:00:00+00:00,2025-12-01 15:00:00+00:00,25.0,0.8688865135407554,BUY_YES,0.76,0.75,kalshi_candlestick,yes_ask_open,1.0,1,0.76,0.02,0.010000000000000009,0.78,0.0888865135407554,0.021617247533630608,1,kalshi_result,next_candle_open,historical_proxy_validated,False,1002.5800000000002,0.24,0.21999999999999997
105,NYC,2025-12-18,KXHIGHNY-25DEC18,KXHIGHNY-25DEC18-B50.5,2025-12-18 23:45:00+00:00,2025-12-18 23:46:00+00:00,2025-12-25 15:00:00+00:00,2025-12-18 23:00:00+00:00,45.0,0.5693247861801279,BUY_YES,0.25,0.24,kalshi_candlestick,yes_ask_open,1.0,1,0.25,0.02,0.010000000000000009,0.27,0.2993247861801279,0.21501923116828583,1,kalshi_result,next_candle_open,historical_proxy_validated,False,1002.5700000000002,0.75,0.73
106,NYC,2025-12-18,KXHIGHNY-25DEC18,KXHIGHNY-25DEC18-B52.5,2025-12-18 23:45:00+00:00,2025-12-18 23:46:00+00:00,2025-12-25 15:00:00+00:00,2025-12-18 23:00:00+00:00,45.0,0.2709622291661141,BUY_YES,0.11,0.1,kalshi_candlestick,yes_ask_open,1.0,1,0.11,0.01,0.009999999999999995,0.12,0.15096222916611413,0.08309861588392126,0,kalshi_result,next_candle_open,historical_proxy_validated,False,1002.5700000000002,-0.11,-0.12
107,NYC,2025-12-18,KXHIGHNY-25DEC18,KXHIGHNY-25DEC18-B54.5,2025-12-18 23:45:00+00:00,2025-12-18 23:46:00+00:00,2025-12-25 15:00:00+00:00,2025-12-18 23:00:00+00:00,45.0,0.109127256980849,BUY_YES,0.04,0.03,kalshi_candlestick,yes_ask_open,1.0,1,0.04,0.01,0.010000000000000002,0.05,0.05912725698084901,0.01696272656892521,0,kalshi_result,next_candle_open,historical_proxy_validated,False,1002.5700000000002,-0.04,-0.05
108,NYC,2025-12-20,KXHIGHNY-25DEC20,KXHIGHNY-25DEC20-B38.5,2025-12-20 14:30:00+00:00,2025-12-20 14:31:00+00:00,2025-12-27 15:00:00+00:00,2025-12-20 14:00:00+00:00,30.0,0.7075274751754214,BUY_YES,0.55,0.54,kalshi_candlestick,yes_ask_open,1.0,1,0.55,0.02,0.010000000000000009,0.5700000000000001,0.13752747517542133,0.055901735187329674,1,kalshi_result,next_candle_open,historical_proxy_validated,False,1003.5700000000002,0.44999999999999996,0.42999999999999994
109,NYC,2026-01-05,KXHIGHNY-26JAN05,KXHIGHNY-26JAN05-B35.5,2026-01-06 00:15:00+00:00,2026-01-06 00:16:00+00:00,2026-01-12 15:00:00+00:00,2026-01-06 00:00:00+00:00,15.0,0.4389622619544403,BUY_YES,0.02,0.01,kalshi_candlestick,yes_ask_open,1.0,1,0.02,0.01,0.01,0.03,0.4089622619544403,0.32808737791452225,0,kalshi_result,next_candle_open,historical_proxy_validated,False,1003.4500000000002,-0.02,-0.03
110,NYC,2026-01-05,KXHIGHNY-26JAN05,KXHIGHNY-26JAN05-B39.5,2026-01-06 00:15:00+00:00,2026-01-06 00:16:00+00:00,2026-01-12 15:00:00+00:00,2026-01-06 00:00:00+00:00,15.0,0.5610377380455597,BUY_YES,0.08,0.07,kalshi_candlestick,yes_ask_open,1.0,1,0.08,0.01,0.009999999999999995,0.09,0.47103773804555965,0.38678527559063597,1,kalshi_result,next_candle_open,historical_proxy_validated,False,1004.4500000000002,0.92,0.91
111,NYC,2026-01-21,KXHIGHNY-26JAN21,KXHIGHNY-26JAN21-B33.5,2026-01-21 20:00:00+00:00,2026-01-21 20:01:00+00:00,2026-01-28 15:00:00+00:00,2026-01-21 20:00:00+00:00,0.0,0.39663746064314115,BUY_YES,0.26,0.25,kalshi_candlestick,yes_ask_open,1.0,1,0.26,0.02,0.010000000000000009,0.28,0.11663746064314114,0.038075135190453815,0,kalshi_result,next_candle_open,historical_proxy_validated,False,1000.3000000000002,-0.26,-0.28
112,NYC,2026-01-21,KXHIGHNY-26JAN21,KXHIGHNY-26JAN21-B37.5,2026-01-21 20:00:00+00:00,2026-01-21 20:01:00+00:00,2026-01-28 15:00:00+00:00,2026-01-21 20:00:00+00:00,0.0,0.14842637010317639,BUY_NO,0.7,0.69,kalshi_candlestick,implied_no_ask_from_yes_bid_open,1.0,1,0.7,0.02,0.010000000000000009,0.72,0.13157362989682367,0.061915190566333114,1,kalshi_result,next_candle_open,historical_proxy_validated,False,1001.3000000000002,0.30000000000000004,0.28
113,NYC,2026-01-21,KXHIGHNY-26JAN21,KXHIGHNY-26JAN21-B35.5,2026-01-21 20:55:00+00:00,2026-01-21 20:56:00+00:00,2026-01-28 15:00:00+00:00,2026-01-21 20:00:00+00:00,55.0,0.5935213606743549,BUY_YES,0.46,0.45,kalshi_candlestick,yes_ask_open,1.0,1,0.46,0.02,0.010000000000000009,0.48000000000000004,0.11352136067435488,0.029192194524430743,0,kalshi_result,next_candle_open,historical_proxy_validated,False,1001.3000000000002,-0.46,-0.48000000000000004
114,NYC,2026-01-21,KXHIGHNY-26JAN21,KXHIGHNY-26JAN21-B39.5,2026-01-21 22:10:00+00:00,2026-01-21 22:11:00+00:00,2026-01-28 15:00:00+00:00,2026-01-21 22:00:00+00:00,10.0,0.07611409286792535,BUY_NO,0.8300000000000001,0.8200000000000001,kalshi_candlestick,implied_no_ask_from_yes_bid_open,1.0,1,0.8300000000000001,0.0099999999999999,0.010000000000000009,0.84,0.08388590713207467,0.026516006588563346,0,kalshi_result,next_candle_open,historical_proxy_validated,False,1001.3000000000002,-0.8300000000000001,-0.84
115,NYC,2026-01-21,KXHIGHNY-26JAN21,KXHIGHNY-26JAN21-T40,2026-01-22 00:45:00+00:00,2026-01-22 00:46:00+00:00,2026-01-28 15:00:00+00:00,2026-01-22 00:00:00+00:00,45.0,0.01792272768119404,BUY_NO,0.92,0.91,kalshi_candlestick,implied_no_ask_from_yes_bid_open,1.0,1,0.92,0.01,0.010000000000000009,0.93,0.052077272318805885,0.012953483469054236,1,kalshi_result,next_candle_open,historical_proxy_validated,False,1002.3000000000002,0.07999999999999996,0.06999999999999995
116,NYC,2026-01-23,KXHIGHNY-26JAN23,KXHIGHNY-26JAN23-B38.5,2026-01-23 18:10:00+00:00,2026-01-23 18:11:00+00:00,2026-01-30 15:00:00+00:00,2026-01-23 18:00:00+00:00,10.0,0.9960509247777712,BUY_YES,0.89,0.88,kalshi_candlestick,yes_ask_open,1.0,1,0.89,0.01,0.010000000000000009,0.9,0.09605092477777123,0.0650867484728619,1,kalshi_result,next_candle_open,historical_proxy_validated,False,1003.3000000000002,0.10999999999999999,0.09999999999999998
117,NYC,2026-02-11,KXHIGHNY-26FEB11,KXHIGHNY-26FEB11-B40.5,2026-02-11 14:05:00+00:00,2026-02-11 14:06:00+00:00,2026-02-18 15:00:00+00:00,2026-02-11 14:00:00+00:00,5.0,0.6085321318553918,BUY_YES,0.33,0.32,kalshi_candlestick,yes_ask_open,1.0,1,0.33,0.02,0.010000000000000009,0.35000000000000003,0.25853213185539176,0.17428828168411856,1,kalshi_result,next_candle_open,historical_proxy_validated,False,1001.7600000000001,0.6699999999999999,0.6499999999999999
118,NYC,2026-02-11,KXHIGHNY-26FEB11,KXHIGHNY-26FEB11-T43,2026-02-11 14:05:00+00:00,2026-02-11 14:06:00+00:00,2026-02-18 15:00:00+00:00,2026-02-11 14:00:00+00:00,5.0,0.39146786814460827,BUY_YES,0.14,0.13,kalshi_candlestick,yes_ask_open,1.0,1,0.14,0.01,0.010000000000000009,0.15000000000000002,0.24146786814460824,0.1632297416064043,0,kalshi_result,next_candle_open,historical_proxy_validated,False,1001.7600000000001,-0.14,-0.15000000000000002
119,NYC,2026-02-11,KXHIGHNY-26FEB11,KXHIGHNY-26FEB11-B42.5,2026-02-11 14:50:00+00:00,2026-02-11 14:51:00+00:00,2026-02-18 15:00:00+00:00,2026-02-11 14:00:00+00:00,50.0,0.7278096513318238,BUY_YES,0.5700000000000001,0.56,kalshi_candlestick,yes_ask_open,1.0,1,0.5700000000000001,0.0199999999999999,0.010000000000000009,0.59,0.13780965133182388,0.057204364583594354,0,kalshi_result,next_candle_open,historical_proxy_validated,False,1001.7600000000001,-0.5700000000000001,-0.59
120,NYC,2026-02-16,KXHIGHNY-26FEB16,KXHIGHNY-26FEB16-B39.5,2026-02-16 15:15:00+00:00,2026-02-16 15:16:00+00:00,2026-02-23 15:00:00+00:00,2026-02-16 15:00:00+00:00,15.0,0.7443224947609964,BUY_YES,0.56,0.55,kalshi_candlestick,yes_ask_open,1.0,1,0.56,0.02,0.010000000000000009,0.5800000000000001,0.1643224947609964,0.0846853804917105,1,kalshi_result,next_candle_open,historical_proxy_validated,False,1002.7600000000001,0.43999999999999995,0.41999999999999993
121,NYC,2026-02-16,KXHIGHNY-26FEB16,KXHIGHNY-26FEB16-B43.5,2026-02-16 15:15:00+00:00,2026-02-16 15:16:00+00:00,2026-02-23 15:00:00+00:00,2026-02-16 15:00:00+00:00,15.0,0.156945352878436,BUY_YES,0.08,0.07,kalshi_candlestick,yes_ask_open,1.0,1,0.08,0.01,0.009999999999999995,0.09,0.066945352878436,0.015192097818947961,0,kalshi_result,next_candle_open,historical_proxy_validated,False,1002.7600000000001,-0.08,-0.09
122,NYC,2026-02-16,KXHIGHNY-26FEB16,KXHIGHNY-26FEB16-T37,2026-02-16 15:15:00+00:00,2026-02-16 15:16:00+00:00,2026-02-23 15:00:00+00:00,2026-02-16 15:00:00+00:00,15.0,0.09873215236056757,BUY_YES,0.02,0.01,kalshi_candlestick,yes_ask_open,1.0,1,0.02,0.01,0.01,0.03,0.06873215236056757,0.02898887743907192,0,kalshi_result,next_candle_open,historical_proxy_validated,False,1002.7600000000001,-0.02,-0.03
123,NYC,2026-02-18,KXHIGHNY-26FEB18,KXHIGHNY-26FEB18-B46.5,2026-02-18 14:55:00+00:00,2026-02-18 14:56:00+00:00,2026-02-25 15:00:00+00:00,2026-02-18 14:00:00+00:00,55.0,0.1457109736011921,BUY_YES,0.05,0.04,kalshi_candlestick,yes_ask_open,1.0,1,0.05,0.01,0.010000000000000002,0.060000000000000005,0.08571097360119209,0.03601405591746682,0,kalshi_result,next_candle_open,historical_proxy_validated,False,1001.2700000000001,-0.05,-0.060000000000000005
124,NYC,2026-02-18,KXHIGHNY-26FEB18,KXHIGHNY-26FEB18-T44,2026-02-18 14:55:00+00:00,2026-02-18 14:56:00+00:00,2026-02-25 15:00:00+00:00,2026-02-18 14:00:00+00:00,55.0,0.8542890263988079,BUY_YES,0.67,0.66,kalshi_candlestick,yes_ask_open,1.0,1,0.67,0.02,0.010000000000000009,0.6900000000000001,0.16428902639880785,0.09498720514960692,1,kalshi_result,next_candle_open,historical_proxy_validated,False,1002.2700000000001,0.32999999999999996,0.30999999999999994
125,NYC,2026-02-24,KXHIGHNY-26FEB24,KXHIGHNY-26FEB24-B30.5,2026-02-24 14:20:00+00:00,2026-02-24 14:21:00+00:00,2026-03-03 15:00:00+00:00,2026-02-24 14:00:00+00:00,20.0,0.7414773796147578,BUY_YES,0.56,0.55,kalshi_candlestick,yes_ask_open,1.0,1,0.56,0.02,0.010000000000000009,0.5800000000000001,0.16147737961475775,0.08166431902351802,1,kalshi_result,next_candle_open,historical_proxy_validated,False,1002.0700000000002,0.43999999999999995,0.41999999999999993
126,NYC,2026-02-24,KXHIGHNY-26FEB24,KXHIGHNY-26FEB24-B34.5,2026-02-24 14:20:00+00:00,2026-02-24 14:21:00+00:00,2026-03-03 15:00:00+00:00,2026-02-24 14:00:00+00:00,20.0,0.14389928294952573,BUY_YES,0.06999999999999999,0.06,kalshi_candlestick,yes_ask_open,1.0,1,0.06999999999999999,0.01000000000000001,0.009999999999999995,0.08,0.06389928294952572,0.01454416372659864,0,kalshi_result,next_candle_open,historical_proxy_validated,False,1002.0700000000002,-0.06999999999999999,-0.08
127,NYC,2026-02-24,KXHIGHNY-26FEB24,KXHIGHNY-26FEB24-T35,2026-02-24 14:20:00+00:00,2026-02-24 14:21:00+00:00,2026-03-03 15:00:00+00:00,2026-02-24 14:00:00+00:00,20.0,0.1146233374357165,BUY_YES,0.05,0.04,kalshi_candlestick,yes_ask_open,1.0,1,0.05,0.01,0.010000000000000002,0.060000000000000005,0.05462333743571649,0.01123438922943184,0,kalshi_result,next_candle_open,historical_proxy_validated,False,1002.0700000000002,-0.05,-0.060000000000000005
128,NYC,2026-02-24,KXHIGHNY-26FEB24,KXHIGHNY-26FEB24-B28.5,2026-02-24 16:40:00+00:00,2026-02-24 16:43:00+00:00,2026-03-03 15:00:00+00:00,2026-02-24 16:00:00+00:00,40.0,0.12627901920402088,BUY_YES,0.02,0.01,kalshi_candlestick,yes_ask_open,3.0,1,0.02,0.01,0.01,0.03,0.09627901920402088,0.050408834780142346,0,kalshi_result,next_candle_open,historical_proxy_validated,False,1002.0700000000002,-0.02,-0.03
129,NYC,2026-02-25,KXHIGHNY-26FEB25,KXHIGHNY-26FEB25-B41.5,2026-02-25 14:50:00+00:00,2026-02-25 14:51:00+00:00,2026-03-04 15:00:00+00:00,2026-02-25 14:00:00+00:00,50.0,0.6589166084952105,BUY_YES,0.49,0.48,kalshi_candlestick,yes_ask_open,1.0,1,0.49,0.02,0.010000000000000009,0.51,0.14891660849521052,0.06554135528770423,0,kalshi_result,next_candle_open,historical_proxy_validated,False,1001.5200000000002,-0.49,-0.51
130,NYC,2026-02-25,KXHIGHNY-26FEB25,KXHIGHNY-26FEB25-B43.5,2026-02-25 14:50:00+00:00,2026-02-25 14:51:00+00:00,2026-03-04 15:00:00+00:00,2026-02-25 14:00:00+00:00,50.0,0.19160195507955607,BUY_YES,0.11,0.1,kalshi_candlestick,yes_ask_open,1.0,1,0.11,0.01,0.009999999999999995,0.12,0.07160195507955608,0.01411716449220451,1,kalshi_result,next_candle_open,historical_proxy_validated,False,1002.5200000000002,0.89,0.88
131,NYC,2026-02-25,KXHIGHNY-26FEB25,KXHIGHNY-26FEB25-T39,2026-02-25 14:50:00+00:00,2026-02-25 14:51:00+00:00,2026-03-04 15:00:00+00:00,2026-02-25 14:00:00+00:00,50.0,0.14948143642523345,BUY_YES,0.06999999999999999,0.06,kalshi_candlestick,yes_ask_open,1.0,1,0.06999999999999999,0.01000000000000001,0.009999999999999995,0.08,0.06948143642523345,0.01908242196180207,0,kalshi_result,next_candle_open,historical_proxy_validated,False,1002.5200000000002,-0.06999999999999999,-0.08
132,NYC,2026-02-25,KXHIGHNY-26FEB25,KXHIGHNY-26FEB25-T46,2026-02-25 14:55:00+00:00,2026-02-25 14:57:00+00:00,2026-03-04 15:00:00+00:00,2026-02-25 14:00:00+00:00,55.0,0.07555849988989066,BUY_YES,0.02,0.01,kalshi_candlestick,yes_ask_open,2.0,1,0.02,0.01,0.01,0.03,0.045558499889890657,0.011799198613420206,0,kalshi_result,next_candle_open,historical_proxy_validated,False,1002.5200000000002,-0.02,-0.03
133,NYC,2026-02-25,KXHIGHNY-26FEB25,KXHIGHNY-26FEB25-B39.5,2026-02-25 17:15:00+00:00,2026-02-25 17:16:00+00:00,2026-03-04 15:00:00+00:00,2026-02-25 17:00:00+00:00,15.0,0.5448465204755123,BUY_YES,0.36,0.35,kalshi_candlestick,yes_ask_open,1.0,1,0.36,0.02,0.010000000000000009,0.38,0.16484652047551232,0.08076319860788995,0,kalshi_result,next_candle_open,historical_proxy_validated,False,1002.5200000000002,-0.36,-0.38
134,NYC,2026-02-25,KXHIGHNY-26FEB25,KXHIGHNY-26FEB25-B45.5,2026-02-25 17:15:00+00:00,2026-02-25 17:16:00+00:00,2026-03-04 15:00:00+00:00,2026-02-25 17:00:00+00:00,15.0,0.17572595308816905,BUY_YES,0.02,0.01,kalshi_candlestick,yes_ask_open,1.0,1,0.02,0.01,0.01,0.03,0.14572595308816905,0.09075971278276461,0,kalshi_result,next_candle_open,historical_proxy_validated,False,1002.5200000000002,-0.02,-0.03
135,NYC,2026-02-27,KXHIGHNY-26FEB27,KXHIGHNY-26FEB27-B44.5,2026-02-27 19:25:00+00:00,2026-02-27 19:26:00+00:00,2026-03-06 15:00:00+00:00,2026-02-27 19:00:00+00:00,25.0,0.9732642976989417,BUY_YES,0.77,0.76,kalshi_candlestick,yes_ask_open,1.0,1,0.77,0.02,0.010000000000000009,0.79,0.18326429769894173,0.1403136437929369,1,kalshi_result,next_candle_open,historical_proxy_validated,False,1003.5200000000002,0.22999999999999998,0.20999999999999996
136,NYC,2026-03-03,KXHIGHNY-26MAR03,KXHIGHNY-26MAR03-T39,2026-03-03 16:10:00+00:00,2026-03-03 16:11:00+00:00,2026-03-10 15:00:00+00:00,2026-03-03 16:00:00+00:00,10.0,0.6636851402269575,BUY_YES,0.53,0.52,kalshi_candlestick,yes_ask_open,1.0,1,0.53,0.02,0.010000000000000009,0.55,0.11368514022695743,0.030440389732792967,1,kalshi_result,next_candle_open,historical_proxy_validated,False,1002.8800000000002,0.47,0.44999999999999996
137,NYC,2026-03-07,KXHIGHNY-26MAR07,KXHIGHNY-26MAR07-T50,2026-03-07 14:30:00+00:00,2026-03-07 14:31:00+00:00,2026-03-14 15:00:00+00:00,2026-03-07 14:00:00+00:00,30.0,0.7219667275514704,BUY_YES,0.58,0.57,kalshi_candlestick,yes_ask_open,1.0,1,0.58,0.02,0.010000000000000009,0.6,0.12196672755147044,0.04104885761387035,0,kalshi_result,next_candle_open,historical_proxy_validated,False,1000.8800000000002,-0.58,-0.6
138,NYC,2026-03-07,KXHIGHNY-26MAR07,KXHIGHNY-26MAR07-B54.5,2026-03-08 01:25:00+00:00,2026-03-08 01:26:00+00:00,2026-03-14 15:00:00+00:00,2026-03-08 01:00:00+00:00,25.0,0.19158381883553458,BUY_YES,0.02,0.01,kalshi_candlestick,yes_ask_open,1.0,1,0.02,0.01,0.01,0.03,0.16158381883553458,0.10410180939374764,0,kalshi_result,next_candle_open,historical_proxy_validated,False,1000.8800000000002,-0.02,-0.03
139,NYC,2026-03-07,KXHIGHNY-26MAR07,KXHIGHNY-26MAR07-B56.5,2026-03-08 01:25:00+00:00,2026-03-08 01:26:00+00:00,2026-03-14 15:00:00+00:00,2026-03-08 01:00:00+00:00,25.0,0.07922476302850068,BUY_YES,0.02,0.01,kalshi_candlestick,yes_ask_open,1.0,1,0.02,0.01,0.01,0.03,0.04922476302850067,0.014457020298357262,0,kalshi_result,next_candle_open,historical_proxy_validated,False,1000.8800000000002,-0.02,-0.03
140,NYC,2026-03-08,KXHIGHNY-26MAR08,KXHIGHNY-26MAR08-B62.5,2026-03-08 13:20:00+00:00,2026-03-08 13:21:00+00:00,2026-03-15 15:00:00+00:00,2026-03-08 13:00:00+00:00,20.0,0.11431024593980671,BUY_YES,0.03,0.02,kalshi_candlestick,yes_ask_open,1.0,1,0.03,0.01,0.009999999999999998,0.04,0.07431024593980672,0.030990071926952224,0,kalshi_result,next_candle_open,historical_proxy_validated,False,999.6700000000002,-0.03,-0.04
141,NYC,2026-03-08,KXHIGHNY-26MAR08,KXHIGHNY-26MAR08-B66.5,2026-03-08 13:20:00+00:00,2026-03-08 13:21:00+00:00,2026-03-15 15:00:00+00:00,2026-03-08 13:00:00+00:00,20.0,0.6086517004126132,BUY_YES,0.43,0.42,kalshi_candlestick,yes_ask_open,1.0,1,0.43,0.02,0.010000000000000009,0.45,0.1586517004126132,0.07440884176620495,0,kalshi_result,next_candle_open,historical_proxy_validated,False,999.6700000000002,-0.43,-0.45
142,NYC,2026-03-08,KXHIGHNY-26MAR08,KXHIGHNY-26MAR08-T62,2026-03-08 13:20:00+00:00,2026-03-08 13:21:00+00:00,2026-03-15 15:00:00+00:00,2026-03-08 13:00:00+00:00,20.0,0.10421577292421244,BUY_YES,0.02,0.01,kalshi_candlestick,yes_ask_open,1.0,1,0.02,0.01,0.01,0.03,0.07421577292421244,0.03317735451333933,0,kalshi_result,next_candle_open,historical_proxy_validated,False,999.6700000000002,-0.02,-0.03
143,NYC,2026-03-08,KXHIGHNY-26MAR08,KXHIGHNY-26MAR08-B64.5,2026-03-08 14:10:00+00:00,2026-03-08 14:11:00+00:00,2026-03-15 15:00:00+00:00,2026-03-08 14:00:00+00:00,10.0,0.5703442460569553,BUY_YES,0.44,0.43,kalshi_candlestick,yes_ask_open,1.0,1,0.44,0.02,0.010000000000000009,0.46,0.11034424605695532,0.026033735159344835,0,kalshi_result,next_candle_open,historical_proxy_validated,False,999.6700000000002,-0.44,-0.46
144,NYC,2026-03-11,KXHIGHNY-26MAR11,KXHIGHNY-26MAR11-B66.5,2026-03-11 15:10:00+00:00,2026-03-11 15:11:00+00:00,2026-03-18 14:00:00+00:00,2026-03-11 15:00:00+00:00,10.0,0.10620146439642963,BUY_YES,0.02,0.01,kalshi_candlestick,yes_ask_open,1.0,1,0.02,0.01,0.01,0.03,0.07620146439642964,0.03470401846569337,0,kalshi_result,next_candle_open,historical_proxy_validated,False,998.8800000000001,-0.02,-0.03
145,NYC,2026-03-11,KXHIGHNY-26MAR11,KXHIGHNY-26MAR11-B68.5,2026-03-11 15:10:00+00:00,2026-03-11 15:11:00+00:00,2026-03-18 14:00:00+00:00,2026-03-11 15:00:00+00:00,10.0,0.10620342530564998,BUY_YES,0.02,0.01,kalshi_candlestick,yes_ask_open,1.0,1,0.02,0.01,0.01,0.03,0.07620342530564998,0.034705528617244345,0,kalshi_result,next_candle_open,historical_proxy_validated,False,998.8800000000001,-0.02,-0.03
146,NYC,2026-03-11,KXHIGHNY-26MAR11,KXHIGHNY-26MAR11-B70.5,2026-03-11 15:10:00+00:00,2026-03-11 15:11:00+00:00,2026-03-18 14:00:00+00:00,2026-03-11 15:00:00+00:00,10.0,0.2534186389279371,BUY_YES,0.15000000000000002,0.14,kalshi_candlestick,yes_ask_open,1.0,1,0.15000000000000002,0.00999999999999998,0.010000000000000009,0.16,0.09341863892793709,0.02756878845192426,0,kalshi_result,next_candle_open,historical_proxy_validated,False,998.8800000000001,-0.15000000000000002,-0.16
147,NYC,2026-03-11,KXHIGHNY-26MAR11,KXHIGHNY-26MAR11-B72.5,2026-03-11 15:10:00+00:00,2026-03-11 15:11:00+00:00,2026-03-18 14:00:00+00:00,2026-03-11 15:00:00+00:00,10.0,0.42797702896562045,BUY_YES,0.31,0.3,kalshi_candlestick,yes_ask_open,1.0,1,0.31,0.02,0.010000000000000009,0.33,0.09797702896562045,0.01764456790781756,1,kalshi_result,next_candle_open,historical_proxy_validated,False,999.8800000000001,0.69,0.6699999999999999
148,NYC,2026-03-11,KXHIGHNY-26MAR11,KXHIGHNY-26MAR11-T66,2026-03-11 15:10:00+00:00,2026-03-11 15:11:00+00:00,2026-03-18 14:00:00+00:00,2026-03-11 15:00:00+00:00,10.0,0.10619944240436273,BUY_YES,0.02,0.01,kalshi_candlestick,yes_ask_open,1.0,1,0.02,0.01,0.01,0.03,0.07619944240436273,0.03470246127772777,0,kalshi_result,next_candle_open,historical_proxy_validated,False,999.8800000000001,-0.02,-0.03
149,NYC,2026-03-13,KXHIGHNY-26MAR13,KXHIGHNY-26MAR13-T45,2026-03-13 21:50:00+00:00,2026-03-13 21:51:00+00:00,2026-03-20 14:00:00+00:00,2026-03-13 21:00:00+00:00,50.0,0.9326741659174866,BUY_YES,0.84,0.83,kalshi_candlestick,yes_ask_open,1.0,1,0.84,0.01,0.010000000000000009,0.85,0.08267416591748668,0.027336319022740148,1,kalshi_result,next_candle_open,historical_proxy_validated,False,1000.0100000000001,0.16000000000000003,0.15000000000000002
150,NYC,2026-03-14,KXHIGHNY-26MAR14,KXHIGHNY-26MAR14-B51.5,2026-03-14 14:10:00+00:00,2026-03-14 14:11:00+00:00,2026-03-21 14:00:00+00:00,2026-03-14 14:00:00+00:00,10.0,0.6023946060834426,BUY_YES,0.35000000000000003,0.34,kalshi_candlestick,yes_ask_open,1.0,1,0.35000000000000003,0.01999999999999997,0.010000000000000009,0.37,0.23239460608344265,0.14810650667020997,1,kalshi_result,next_candle_open,historical_proxy_validated,False,1001.0100000000001,0.6499999999999999,0.63
151,NYC,2026-03-14,KXHIGHNY-26MAR14,KXHIGHNY-26MAR14-T49,2026-03-14 14:10:00+00:00,2026-03-14 14:11:00+00:00,2026-03-21 14:00:00+00:00,2026-03-14 14:00:00+00:00,10.0,0.3976053939165574,BUY_YES,0.18000000000000002,0.17,kalshi_candlestick,yes_ask_open,1.0,1,0.18000000000000002,0.01999999999999998,0.010000000000000009,0.2,0.1976053939165574,0.1189833925992649,0,kalshi_result,next_candle_open,historical_proxy_validated,False,1001.0100000000001,-0.18000000000000002,-0.2
152,NYC,2026-03-14,KXHIGHNY-26MAR14,KXHIGHNY-26MAR14-B49.5,2026-03-14 15:05:00+00:00,2026-03-14 15:06:00+00:00,2026-03-21 14:00:00+00:00,2026-03-14 15:00:00+00:00,5.0,0.6779598209278718,BUY_YES,0.56,0.55,kalshi_candlestick,yes_ask_open,1.0,1,0.56,0.02,0.010000000000000009,0.5800000000000001,0.09795982092787171,0.015157953123950092,0,kalshi_result,next_candle_open,historical_proxy_validated,False,1001.0100000000001,-0.56,-0.5800000000000001
153,NYC,2026-03-15,KXHIGHNY-26MAR15,KXHIGHNY-26MAR15-B47.5,2026-03-15 14:00:00+00:00,2026-03-15 14:01:00+00:00,2026-03-22 14:00:00+00:00,2026-03-15 14:00:00+00:00,0.0,0.569357808342274,BUY_YES,0.43,0.42,kalshi_candlestick,yes_ask_open,1.0,1,0.43,0.02,0.010000000000000009,0.45,0.11935780834227401,0.035052087379055755,1,kalshi_result,next_candle_open,historical_proxy_validated,False,1002.0100000000001,0.5700000000000001,0.55
154,NYC,2026-03-15,KXHIGHNY-26MAR15,KXHIGHNY-26MAR15-T54,2026-03-15 14:00:00+00:00,2026-03-15 14:02:00+00:00,2026-03-22 14:00:00+00:00,2026-03-15 14:00:00+00:00,0.0,0.07355711497395298,BUY_YES,0.02,0.01,kalshi_candlestick,yes_ask_open,2.0,1,0.02,0.01,0.01,0.03,0.043557114973952975,0.01035941797037374,0,kalshi_result,next_candle_open,historical_proxy_validated,False,1002.0100000000001,-0.02,-0.03
155,NYC,2026-03-15,KXHIGHNY-26MAR15,KXHIGHNY-26MAR15-B49.5,2026-03-15 14:05:00+00:00,2026-03-15 14:06:00+00:00,2026-03-22 14:00:00+00:00,2026-03-15 14:00:00+00:00,5.0,0.34587671207322196,BUY_YES,0.14,0.13,kalshi_candlestick,yes_ask_open,1.0,1,0.14,0.01,0.010000000000000009,0.15000000000000002,0.19587671207322194,0.12090748570855576,0,kalshi_result,next_candle_open,historical_proxy_validated,False,1002.0100000000001,-0.14,-0.15000000000000002
156,NYC,2026-03-15,KXHIGHNY-26MAR15,KXHIGHNY-26MAR15-B51.5,2026-03-15 19:30:00+00:00,2026-03-15 19:31:00+00:00,2026-03-22 14:00:00+00:00,2026-03-15 19:00:00+00:00,30.0,0.16680052056306904,BUY_YES,0.060000000000000005,0.05,kalshi_candlestick,yes_ask_open,1.0,1,0.060000000000000005,0.009999999999999995,0.010000000000000002,0.07,0.09680052056306905,0.04332793261073301,0,kalshi_result,next_candle_open,historical_proxy_validated,False,1002.0100000000001,-0.060000000000000005,-0.07
157,NYC,2026-03-15,KXHIGHNY-26MAR15,KXHIGHNY-26MAR15-B53.5,2026-03-15 21:05:00+00:00,2026-03-15 21:06:00+00:00,2026-03-22 14:00:00+00:00,2026-03-15 21:00:00+00:00,5.0,0.08000197467165555,BUY_YES,0.02,0.01,kalshi_candlestick,yes_ask_open,1.0,1,0.02,0.01,0.01,0.03,0.05000197467165555,0.015023716999015458,0,kalshi_result,next_candle_open,historical_proxy_validated,False,1002.0100000000001,-0.02,-0.03
158,NYC,2026-03-15,KXHIGHNY-26MAR15,KXHIGHNY-26MAR15-T47,2026-03-15 21:45:00+00:00,2026-03-15 21:46:00+00:00,2026-03-22 14:00:00+00:00,2026-03-15 21:00:00+00:00,45.0,0.7823727147030917,BUY_YES,0.67,0.66,kalshi_candlestick,yes_ask_open,1.0,1,0.67,0.02,0.010000000000000009,0.6900000000000001,0.09237271470309162,0.015480812130610828,0,kalshi_result,next_candle_open,historical_proxy_validated,False,1002.0100000000001,-0.67,-0.6900000000000001
159,NYC,2026-03-18,KXHIGHNY-26MAR18,KXHIGHNY-26MAR18-B37.5,2026-03-18 14:25:00+00:00,2026-03-18 14:27:00+00:00,2026-03-25 14:00:00+00:00,2026-03-18 14:00:00+00:00,25.0,0.5748926595766473,BUY_YES,0.46,0.45,kalshi_candlestick,yes_ask_open,2.0,1,0.46,0.02,0.010000000000000009,0.48000000000000004,0.09489265957664723,0.010564258853098824,1,kalshi_result,next_candle_open,historical_proxy_validated,False,1003.0100000000001,0.54,0.52
160,NYC,2026-03-19,KXHIGHNY-26MAR19,KXHIGHNY-26MAR19-B43.5,2026-03-19 14:20:00+00:00,2026-03-19 14:21:00+00:00,2026-03-26 14:00:00+00:00,2026-03-19 14:00:00+00:00,20.0,0.4509264093382506,BUY_YES,0.33,0.32,kalshi_candlestick,yes_ask_open,1.0,1,0.33,0.02,0.010000000000000009,0.35000000000000003,0.1009264093382506,0.01950615209174063,1,kalshi_result,next_candle_open,historical_proxy_validated,False,1004.0100000000001,0.6699999999999999,0.6499999999999999
161,NYC,2026-03-19,KXHIGHNY-26MAR19,KXHIGHNY-26MAR19-T50,2026-03-19 14:20:00+00:00,2026-03-19 14:21:00+00:00,2026-03-26 14:00:00+00:00,2026-03-19 14:00:00+00:00,20.0,0.0871147524825373,BUY_YES,0.03,0.02,kalshi_candlestick,yes_ask_open,1.0,1,0.03,0.01,0.009999999999999998,0.04,0.047114752482537305,0.010259917180280785,0,kalshi_result,next_candle_open,historical_proxy_validated,False,1004.0100000000001,-0.03,-0.04
162,NYC,2026-03-25,KXHIGHNY-26MAR25,KXHIGHNY-26MAR25-B57.5,2026-03-25 14:30:00+00:00,2026-03-25 14:31:00+00:00,2026-04-01 14:00:00+00:00,2026-03-25 14:00:00+00:00,30.0,0.06731745194977984,BUY_YES,0.03,0.02,kalshi_candlestick,yes_ask_open,1.0,1,0.03,0.01,0.009999999999999998,0.04,0.027317451949779838,0.0002728711549005048,0,kalshi_result,next_candle_open,historical_proxy_validated,False,996.9900000000001,-0.03,-0.04
163,NYC,2026-03-25,KXHIGHNY-26MAR25,KXHIGHNY-26MAR25-T58,2026-03-25 14:30:00+00:00,2026-03-25 14:31:00+00:00,2026-04-01 14:00:00+00:00,2026-03-25 14:00:00+00:00,30.0,0.05567378601354146,BUY_YES,0.02,0.01,kalshi_candlestick,yes_ask_open,1.0,1,0.02,0.01,0.01,0.03,0.025673786013541457,0.0016070229021222498,0,kalshi_result,next_candle_open,historical_proxy_validated,False,996.9900000000001,-0.02,-0.03
164,NYC,2026-03-29,KXHIGHNY-26MAR29,KXHIGHNY-26MAR29-B52.5,2026-03-29 15:55:00+00:00,2026-03-29 15:56:00+00:00,2026-04-05 14:00:00+00:00,2026-03-29 15:00:00+00:00,55.0,0.12716469280631507,BUY_YES,0.060000000000000005,0.05,kalshi_candlestick,yes_ask_open,1.0,1,0.060000000000000005,0.009999999999999995,0.010000000000000002,0.07,0.05716469280631507,0.01816162274449603,0,kalshi_result,next_candle_open,historical_proxy_validated,False,996.7900000000002,-0.060000000000000005,-0.07
165,NYC,2026-03-29,KXHIGHNY-26MAR29,KXHIGHNY-26MAR29-B54.5,2026-03-29 15:55:00+00:00,2026-03-29 15:56:00+00:00,2026-04-05 14:00:00+00:00,2026-03-29 15:00:00+00:00,55.0,0.6781195209398226,BUY_YES,0.59,0.58,kalshi_candlestick,yes_ask_open,1.0,1,0.59,0.02,0.010000000000000009,0.61,0.06811952093982267,0.0010563561666521344,1,kalshi_result,next_candle_open,historical_proxy_validated,False,997.7900000000002,0.41000000000000003,0.39
166,NYC,2026-03-29,KXHIGHNY-26MAR29,KXHIGHNY-26MAR29-T50,2026-03-29 15:55:00+00:00,2026-03-29 15:56:00+00:00,2026-04-05 14:00:00+00:00,2026-03-29 15:00:00+00:00,55.0,0.08011231819850138,BUY_YES,0.02,0.01,kalshi_candlestick,yes_ask_open,1.0,1,0.02,0.01,0.01,0.03,0.05011231819850138,0.020102242785918892,0,kalshi_result,next_candle_open,historical_proxy_validated,False,997.7900000000002,-0.02,-0.03
167,NYC,2026-03-29,KXHIGHNY-26MAR29,KXHIGHNY-26MAR29-T57,2026-03-29 15:55:00+00:00,2026-03-29 15:56:00+00:00,2026-04-05 14:00:00+00:00,2026-03-29 15:00:00+00:00,55.0,0.11460346805536092,BUY_YES,0.04,0.03,kalshi_candlestick,yes_ask_open,1.0,1,0.04,0.01,0.010000000000000002,0.05,0.06460346805536092,0.02776420543501805,0,kalshi_result,next_candle_open,historical_proxy_validated,False,997.7900000000002,-0.04,-0.05
168,NYC,2026-03-30,KXHIGHNY-26MAR30,KXHIGHNY-26MAR30-B66.5,2026-03-30 16:20:00+00:00,2026-03-30 16:21:00+00:00,2026-04-06 14:00:00+00:00,2026-03-30 16:00:00+00:00,20.0,0.0912008690545404,BUY_YES,0.03,0.02,kalshi_candlestick,yes_ask_open,1.0,1,0.03,0.01,0.009999999999999998,0.04,0.0512008690545404,0.018831233940572997,0,kalshi_result,next_candle_open,historical_proxy_validated,False,997.7900000000002,-0.03,-0.04
169,NYC,2026-03-30,KXHIGHNY-26MAR30,KXHIGHNY-26MAR30-T69,2026-03-30 16:20:00+00:00,2026-03-30 16:21:00+00:00,2026-04-06 14:00:00+00:00,2026-03-30 16:00:00+00:00,20.0,0.8154166660254047,BUY_YES,0.72,0.71,kalshi_candlestick,yes_ask_open,1.0,1,0.72,0.02,0.010000000000000009,0.74,0.07541666602540477,0.01636448619816135,1,kalshi_result,next_candle_open,historical_proxy_validated,False,998.7900000000002,0.28,0.26
170,NYC,2026-03-31,KXHIGHNY-26MAR31,KXHIGHNY-26MAR31-B72.5,2026-03-31 17:40:00+00:00,2026-03-31 17:41:00+00:00,2026-04-07 14:00:00+00:00,2026-03-31 17:00:00+00:00,40.0,0.054321493047683383,BUY_YES,0.02,0.01,kalshi_candlestick,yes_ask_open,1.0,1,0.02,0.01,0.01,0.03,0.024321493047683378,0.000621032567528294,0,kalshi_result,next_candle_open,historical_proxy_validated,False,997.4600000000004,-0.02,-0.03
171,NYC,2026-03-31,KXHIGHNY-26MAR31,KXHIGHNY-26MAR31-T77,2026-03-31 17:40:00+00:00,2026-03-31 17:41:00+00:00,2026-04-07 14:00:00+00:00,2026-03-31 17:00:00+00:00,40.0,0.9267730112091048,BUY_YES,0.75,0.74,kalshi_candlestick,yes_ask_open,1.0,1,0.75,0.02,0.010000000000000009,0.77,0.15677301120910483,0.11247107668101942,1,kalshi_result,next_candle_open,historical_proxy_validated,False,998.4600000000004,0.25,0.22999999999999998
172,NYC,2026-04-01,KXHIGHNY-26APR01,KXHIGHNY-26APR01-B76.5,2026-04-01 13:20:00+00:00,2026-04-01 13:21:00+00:00,2026-04-08 14:00:00+00:00,2026-04-01 13:00:00+00:00,20.0,0.5793877019611511,BUY_YES,0.42,0.41,kalshi_candlestick,yes_ask_open,1.0,1,0.42,0.02,0.010000000000000009,0.44,0.1393877019611511,0.07062197245404807,0,kalshi_result,next_candle_open,historical_proxy_validated,False,998.4600000000004,-0.42,-0.44
173,NYC,2026-04-01,KXHIGHNY-26APR01,KXHIGHNY-26APR01-T72,2026-04-01 13:20:00+00:00,2026-04-01 13:21:00+00:00,2026-04-08 14:00:00+00:00,2026-04-01 13:00:00+00:00,20.0,0.15923070172818982,BUY_YES,0.02,0.01,kalshi_candlestick,yes_ask_open,1.0,1,0.02,0.01,0.01,0.03,0.12923070172818982,0.08529612970832054,0,kalshi_result,next_candle_open,historical_proxy_validated,False,998.4600000000004,-0.02,-0.03
174,NYC,2026-04-01,KXHIGHNY-26APR01,KXHIGHNY-26APR01-T79,2026-04-01 13:20:00+00:00,2026-04-01 13:21:00+00:00,2026-04-08 14:00:00+00:00,2026-04-01 13:00:00+00:00,20.0,0.26138159631065916,BUY_YES,0.12,0.11,kalshi_candlestick,yes_ask_open,1.0,1,0.12,0.01,0.009999999999999995,0.13,0.13138159631065915,0.07577013001148532,1,kalshi_result,next_candle_open,historical_proxy_validated,False,999.4600000000004,0.88,0.87
175,NYC,2026-04-01,KXHIGHNY-26APR01,KXHIGHNY-26APR01-B72.5,2026-04-01 14:30:00+00:00,2026-04-01 14:32:00+00:00,2026-04-08 14:00:00+00:00,2026-04-01 14:00:00+00:00,30.0,0.07794906256873685,BUY_YES,0.02,0.01,kalshi_candlestick,yes_ask_open,2.0,1,0.02,0.01,0.01,0.03,0.04794906256873684,0.018420766855542954,0,kalshi_result,next_candle_open,historical_proxy_validated,False,999.4600000000004,-0.02,-0.03
176,NYC,2026-04-03,KXHIGHNY-26APR03,KXHIGHNY-26APR03-B71.5,2026-04-03 13:55:00+00:00,2026-04-03 13:56:00+00:00,2026-04-10 14:00:00+00:00,2026-04-03 13:00:00+00:00,55.0,0.06770710795348109,BUY_YES,0.03,0.02,kalshi_candlestick,yes_ask_open,1.0,1,0.03,0.01,0.009999999999999998,0.04,0.027707107953481087,0.0005678389882509977,0,kalshi_result,next_candle_open,historical_proxy_validated,False,998.6400000000004,-0.03,-0.04
177,NYC,2026-04-03,KXHIGHNY-26APR03,KXHIGHNY-26APR03-T65,2026-04-03 14:00:00+00:00,2026-04-03 14:01:00+00:00,2026-04-10 14:00:00+00:00,2026-04-03 14:00:00+00:00,0.0,0.18651207642291828,BUY_YES,0.12,0.11,kalshi_candlestick,yes_ask_open,1.0,1,0.12,0.01,0.009999999999999995,0.13,0.056512076422918285,0.008932497627626332,0,kalshi_result,next_candle_open,historical_proxy_validated,False,998.6400000000004,-0.12,-0.13
178,NYC,2026-04-06,KXHIGHNY-26APR06,KXHIGHNY-26APR06-B58.5,2026-04-06 15:40:00+00:00,2026-04-06 15:41:00+00:00,2026-04-13 14:00:00+00:00,2026-04-06 15:00:00+00:00,40.0,0.13409924059435566,BUY_YES,0.08,0.07,kalshi_candlestick,yes_ask_open,1.0,1,0.08,0.01,0.009999999999999995,0.09,0.04409924059435565,0.003961853175033789,0,kalshi_result,next_candle_open,historical_proxy_validated,False,997.3100000000005,-0.08,-0.09
179,NYC,2026-04-06,KXHIGHNY-26APR06,KXHIGHNY-26APR06-B60.5,2026-04-06 15:40:00+00:00,2026-04-06 15:41:00+00:00,2026-04-13 14:00:00+00:00,2026-04-06 15:00:00+00:00,40.0,0.08116331029735589,BUY_YES,0.03,0.02,kalshi_candlestick,yes_ask_open,1.0,1,0.03,0.01,0.009999999999999998,0.04,0.04116331029735589,0.010921828925259303,0,kalshi_result,next_candle_open,historical_proxy_validated,False,997.3100000000005,-0.03,-0.04
180,NYC,2026-04-06,KXHIGHNY-26APR06,KXHIGHNY-26APR06-T54,2026-04-06 15:40:00+00:00,2026-04-06 15:41:00+00:00,2026-04-13 14:00:00+00:00,2026-04-06 15:00:00+00:00,40.0,0.09759890462633612,BUY_YES,0.05,0.04,kalshi_candlestick,yes_ask_open,1.0,1,0.05,0.01,0.010000000000000002,0.060000000000000005,0.03759890462633612,0.003943842946016735,0,kalshi_result,next_candle_open,historical_proxy_validated,False,997.3100000000005,-0.05,-0.060000000000000005
181,NYC,2026-04-06,KXHIGHNY-26APR06,KXHIGHNY-26APR06-T61,2026-04-06 15:40:00+00:00,2026-04-06 15:41:00+00:00,2026-04-13 14:00:00+00:00,2026-04-06 15:00:00+00:00,40.0,0.06840578178982579,BUY_YES,0.02,0.01,kalshi_candlestick,yes_ask_open,1.0,1,0.02,0.01,0.01,0.03,0.03840578178982578,0.011097470231785504,0,kalshi_result,next_candle_open,historical_proxy_validated,False,997.3100000000005,-0.02,-0.03
182,NYC,2026-04-06,KXHIGHNY-26APR06,KXHIGHNY-26APR06-B56.5,2026-04-06 16:30:00+00:00,2026-04-06 16:31:00+00:00,2026-04-13 14:00:00+00:00,2026-04-06 16:00:00+00:00,30.0,0.474828847485581,BUY_YES,0.38,0.37,kalshi_candlestick,yes_ask_open,1.0,1,0.38,0.02,0.010000000000000009,0.4,0.07482884748558101,0.007241563878144248,1,kalshi_result,next_candle_open,historical_proxy_validated,False,998.3100000000005,0.62,0.6
183,NYC,2026-04-07,KXHIGHNY-26APR07,KXHIGHNY-26APR07-B48.5,2026-04-07 13:30:00+00:00,2026-04-07 13:31:00+00:00,2026-04-14 14:00:00+00:00,2026-04-07 13:00:00+00:00,30.0,0.0841669983951498,BUY_YES,0.02,0.01,kalshi_candlestick,yes_ask_open,1.0,1,0.02,0.01,0.01,0.03,0.05416699839514979,0.023273451785276615,0,kalshi_result,next_candle_open,historical_proxy_validated,False,997.6200000000006,-0.02,-0.03
184,NYC,2026-04-07,KXHIGHNY-26APR07,KXHIGHNY-26APR07-B50.5,2026-04-07 13:30:00+00:00,2026-04-07 13:31:00+00:00,2026-04-14 14:00:00+00:00,2026-04-07 13:00:00+00:00,30.0,0.2225845414205177,BUY_YES,0.16,0.15,kalshi_candlestick,yes_ask_open,1.0,1,0.16,0.01,0.010000000000000009,0.17,0.052584541420517696,0.000813459788635099,0,kalshi_result,next_candle_open,historical_proxy_validated,False,997.6200000000006,-0.16,-0.17
185,NYC,2026-04-07,KXHIGHNY-26APR07,KXHIGHNY-26APR07-B54.5,2026-04-07 13:30:00+00:00,2026-04-07 13:31:00+00:00,2026-04-14 14:00:00+00:00,2026-04-07 13:00:00+00:00,30.0,0.4392983039237267,BUY_YES,0.35000000000000003,0.34,kalshi_candlestick,yes_ask_open,1.0,1,0.35000000000000003,0.01999999999999997,0.010000000000000009,0.37,0.06929830392372671,0.0027807160038363296,0,kalshi_result,next_candle_open,historical_proxy_validated,False,997.6200000000006,-0.35000000000000003,-0.37
186,NYC,2026-04-07,KXHIGHNY-26APR07,KXHIGHNY-26APR07-T48,2026-04-07 13:30:00+00:00,2026-04-07 13:31:00+00:00,2026-04-14 14:00:00+00:00,2026-04-07 13:00:00+00:00,30.0,0.07788132006776353,BUY_YES,0.02,0.01,kalshi_candlestick,yes_ask_open,1.0,1,0.02,0.01,0.01,0.03,0.04788132006776353,0.018368232499745597,0,kalshi_result,next_candle_open,historical_proxy_validated,False,997.6200000000006,-0.02,-0.03
187,NYC,2026-04-07,KXHIGHNY-26APR07,KXHIGHNY-26APR07-T55,2026-04-07 13:30:00+00:00,2026-04-07 13:31:00+00:00,2026-04-14 14:00:00+00:00,2026-04-07 13:00:00+00:00,30.0,0.1760688361928422,BUY_YES,0.09999999999999999,0.09,kalshi_candlestick,yes_ask_open,1.0,1,0.09999999999999999,0.01000000000000001,0.009999999999999995,0.11,0.06606883619284219,0.019831594066185385,1,kalshi_result,next_candle_open,historical_proxy_validated,False,998.6200000000006,0.9,0.89
188,NYC,2026-04-08,KXHIGHNY-26APR08,KXHIGHNY-26APR08-B46.5,2026-04-08 18:05:00+00:00,2026-04-08 18:06:00+00:00,2026-04-15 14:00:00+00:00,2026-04-08 18:00:00+00:00,5.0,0.13755025073736782,BUY_YES,0.060000000000000005,0.05,kalshi_candlestick,yes_ask_open,1.0,1,0.060000000000000005,0.009999999999999995,0.010000000000000002,0.07,0.06755025073736783,0.026863197067906817,0,kalshi_result,next_candle_open,historical_proxy_validated,False,997.9400000000006,-0.060000000000000005,-0.07
189,NYC,2026-04-08,KXHIGHNY-26APR08,KXHIGHNY-26APR08-B50.5,2026-04-08 18:05:00+00:00,2026-04-08 18:06:00+00:00,2026-04-15 14:00:00+00:00,2026-04-08 18:00:00+00:00,5.0,0.5766150354628587,BUY_YES,0.47000000000000003,0.46,kalshi_candlestick,yes_ask_open,1.0,1,0.47000000000000003,0.01999999999999997,0.010000000000000009,0.49,0.08661503546285876,0.017842244259781974,1,kalshi_result,next_candle_open,historical_proxy_validated,False,998.9400000000006,0.53,0.51
190,NYC,2026-04-08,KXHIGHNY-26APR08,KXHIGHNY-26APR08-B52.5,2026-04-08 18:05:00+00:00,2026-04-08 18:06:00+00:00,2026-04-15 14:00:00+00:00,2026-04-08 18:00:00+00:00,5.0,0.1440978150960156,BUY_YES,0.08,0.07,kalshi_candlestick,yes_ask_open,1.0,1,0.08,0.01,0.009999999999999995,0.09,0.0540978150960156,0.012393640949610646,0,kalshi_result,next_candle_open,historical_proxy_validated,False,998.9400000000006,-0.08,-0.09
191,NYC,2026-04-08,KXHIGHNY-26APR08,KXHIGHNY-26APR08-T46,2026-04-08 18:05:00+00:00,2026-04-08 18:06:00+00:00,2026-04-15 14:00:00+00:00,2026-04-08 18:00:00+00:00,5.0,0.07485806074097827,BUY_YES,0.02,0.01,kalshi_candlestick,yes_ask_open,1.0,1,0.02,0.01,0.01,0.03,0.04485806074097826,0.01603140680008392,0,kalshi_result,next_candle_open,historical_proxy_validated,False,998.9400000000006,-0.02,-0.03
192,NYC,2026-04-08,KXHIGHNY-26APR08,KXHIGHNY-26APR08-T53,2026-04-08 18:05:00+00:00,2026-04-08 18:06:00+00:00,2026-04-15 14:00:00+00:00,2026-04-08 18:00:00+00:00,5.0,0.06687883796277948,BUY_YES,0.02,0.01,kalshi_candlestick,yes_ask_open,1.0,1,0.02,0.01,0.01,0.03,0.03687883796277947,0.009941198544918843,0,kalshi_result,next_candle_open,historical_proxy_validated,False,998.9400000000006,-0.02,-0.03
193,NYC,2026-04-09,KXHIGHNY-26APR09,KXHIGHNY-26APR09-B57.5,2026-04-09 14:40:00+00:00,2026-04-09 14:41:00+00:00,2026-04-16 14:00:00+00:00,2026-04-09 14:00:00+00:00,40.0,0.08786866574606583,BUY_YES,0.04,0.03,kalshi_candlestick,yes_ask_open,1.0,1,0.04,0.01,0.010000000000000002,0.05,0.03786866574606583,0.0061897120662282815,0,kalshi_result,next_candle_open,historical_proxy_validated,False,998.1700000000008,-0.04,-0.05
194,NYC,2026-04-09,KXHIGHNY-26APR09,KXHIGHNY-26APR09-B59.5,2026-04-09 14:40:00+00:00,2026-04-09 14:41:00+00:00,2026-04-16 14:00:00+00:00,2026-04-09 14:00:00+00:00,40.0,0.06529271133215013,BUY_YES,0.02,0.01,kalshi_candlestick,yes_ask_open,1.0,1,0.02,0.01,0.01,0.03,0.035292711332150124,0.00874499429969614,0,kalshi_result,next_candle_open,historical_proxy_validated,False,998.1700000000008,-0.02,-0.03
195,NYC,2026-04-09,KXHIGHNY-26APR09,KXHIGHNY-26APR09-T60,2026-04-09 14:40:00+00:00,2026-04-09 14:41:00+00:00,2026-04-16 14:00:00+00:00,2026-04-09 14:00:00+00:00,40.0,0.06264307444641469,BUY_YES,0.02,0.01,kalshi_candlestick,yes_ask_open,1.0,1,0.02,0.01,0.01,0.03,0.032643074446414684,0.006758253972978778,0,kalshi_result,next_candle_open,historical_proxy_validated,False,998.1700000000008,-0.02,-0.03
196,NYC,2026-04-10,KXHIGHNY-26APR10,KXHIGHNY-26APR10-T68,2026-04-10 14:25:00+00:00,2026-04-10 14:26:00+00:00,2026-04-17 14:00:00+00:00,2026-04-10 14:00:00+00:00,25.0,0.07301166379225812,BUY_YES,0.03,0.02,kalshi_candlestick,yes_ask_open,1.0,1,0.03,0.01,0.009999999999999998,0.04,0.033011663792258124,0.004611868998784909,0,kalshi_result,next_candle_open,historical_proxy_validated,False,997.4300000000007,-0.03,-0.04
197,NYC,2026-04-10,KXHIGHNY-26APR10,KXHIGHNY-26APR10-B67.5,2026-04-10 15:05:00+00:00,2026-04-10 15:06:00+00:00,2026-04-17 14:00:00+00:00,2026-04-10 15:00:00+00:00,5.0,0.1308162389364113,BUY_YES,0.08,0.07,kalshi_candlestick,yes_ask_open,1.0,1,0.08,0.01,0.009999999999999995,0.09,0.04081623893641131,0.0012108036375145462,0,kalshi_result,next_candle_open,historical_proxy_validated,False,997.4300000000007,-0.08,-0.09
198,NYC,2026-04-12,KXHIGHNY-26APR12,KXHIGHNY-26APR12-B62.5,2026-04-12 13:30:00+00:00,2026-04-12 13:31:00+00:00,2026-04-19 14:00:00+00:00,2026-04-12 13:00:00+00:00,30.0,0.08203725696758492,BUY_YES,0.04,0.03,kalshi_candlestick,yes_ask_open,1.0,1,0.04,0.01,0.010000000000000002,0.05,0.032037256967584915,0.001604647737927548,0,kalshi_result,next_candle_open,historical_proxy_validated,False,997.4300000000007,-0.04,-0.05
199,NYC,2026-04-12,KXHIGHNY-26APR12,KXHIGHNY-26APR12-T63,2026-04-12 13:30:00+00:00,2026-04-12 13:31:00+00:00,2026-04-19 14:00:00+00:00,2026-04-12 13:00:00+00:00,30.0,0.05954364781627,BUY_YES,0.02,0.01,kalshi_candlestick,yes_ask_open,1.0,1,0.02,0.01,0.01,0.03,0.029543647816269995,0.004453494762098697,0,kalshi_result,next_candle_open,historical_proxy_validated,False,997.4300000000007,-0.02,-0.03
200,NYC,2026-04-12,KXHIGHNY-26APR12,KXHIGHNY-26APR12-B58.5,2026-04-12 14:00:00+00:00,2026-04-12 14:01:00+00:00,2026-04-19 14:00:00+00:00,2026-04-12 14:00:00+00:00,0.0,0.5242601296196966,BUY_YES,0.37,0.36,kalshi_candlestick,yes_ask_open,1.0,1,0.37,0.02,0.010000000000000009,0.39,0.1342601296196966,0.06574877809910508,0,kalshi_result,next_candle_open,historical_proxy_validated,False,997.4300000000007,-0.37,-0.39
201,NYC,2026-04-12,KXHIGHNY-26APR12,KXHIGHNY-26APR12-B60.5,2026-04-12 14:00:00+00:00,2026-04-12 14:02:00+00:00,2026-04-19 14:00:00+00:00,2026-04-12 14:00:00+00:00,0.0,0.22678178548814687,BUY_YES,0.08,0.07,kalshi_candlestick,yes_ask_open,2.0,1,0.08,0.01,0.009999999999999995,0.09,0.13678178548814685,0.08456392819037128,0,kalshi_result,next_candle_open,historical_proxy_validated,False,997.4300000000007,-0.08,-0.09
202,NYC,2026-04-12,KXHIGHNY-26APR12,KXHIGHNY-26APR12-T56,2026-04-12 14:00:00+00:00,2026-04-12 14:01:00+00:00,2026-04-19 14:00:00+00:00,2026-04-12 14:00:00+00:00,0.0,0.2489580848921566,BUY_YES,0.12,0.11,kalshi_candlestick,yes_ask_open,1.0,1,0.12,0.01,0.009999999999999995,0.13,0.1189580848921566,0.06450790244096984,1,kalshi_result,next_candle_open,historical_proxy_validated,False,998.4300000000007,0.88,0.87
203,NYC,2026-04-12,KXHIGHNY-26APR12,KXHIGHNY-26APR12-B56.5,2026-04-12 14:50:00+00:00,2026-04-12 14:51:00+00:00,2026-04-19 14:00:00+00:00,2026-04-12 14:00:00+00:00,50.0,0.5941710875702262,BUY_YES,0.49,0.48,kalshi_candlestick,yes_ask_open,1.0,1,0.49,0.02,0.010000000000000009,0.51,0.08417108757022619,0.015479197830260655,0,kalshi_result,next_candle_open,historical_proxy_validated,False,998.4300000000007,-0.49,-0.51
204,NYC,2026-04-13,KXHIGHNY-26APR13,KXHIGHNY-26APR13-T74,2026-04-13 14:45:00+00:00,2026-04-13 14:46:00+00:00,2026-04-20 14:00:00+00:00,2026-04-13 14:00:00+00:00,45.0,0.05465438558467387,BUY_YES,0.02,0.01,kalshi_candlestick,yes_ask_open,1.0,1,0.02,0.01,0.01,0.03,0.024654385584673873,0.0008633194300023735,0,kalshi_result,next_candle_open,historical_proxy_validated,False,998.4300000000007,-0.02,-0.03
205,NYC,2026-04-13,KXHIGHNY-26APR13,KXHIGHNY-26APR13-B74.5,2026-04-13 15:10:00+00:00,2026-04-13 15:12:00+00:00,2026-04-20 14:00:00+00:00,2026-04-13 15:00:00+00:00,10.0,0.11277542181275704,BUY_YES,0.04,0.03,kalshi_candlestick,yes_ask_open,2.0,1,0.04,0.01,0.010000000000000002,0.05,0.06277542181275704,0.02626365179765809,0,kalshi_result,next_candle_open,historical_proxy_validated,False,998.4300000000007,-0.04,-0.05
206,NYC,2026-04-13,KXHIGHNY-26APR13,KXHIGHNY-26APR13-B76.5,2026-04-13 15:10:00+00:00,2026-04-13 15:11:00+00:00,2026-04-20 14:00:00+00:00,2026-04-13 15:00:00+00:00,10.0,0.18692023204269534,BUY_YES,0.11,0.1,kalshi_candlestick,yes_ask_open,1.0,1,0.11,0.01,0.009999999999999995,0.12,0.06692023204269534,0.019289446663399427,0,kalshi_result,next_candle_open,historical_proxy_validated,False,998.4300000000007,-0.11,-0.12
207,NYC,2026-04-13,KXHIGHNY-26APR13,KXHIGHNY-26APR13-B78.5,2026-04-13 15:35:00+00:00,2026-04-13 15:36:00+00:00,2026-04-20 14:00:00+00:00,2026-04-13 15:00:00+00:00,35.0,0.3363882942603981,BUY_YES,0.22,0.21,kalshi_candlestick,yes_ask_open,1.0,1,0.22,0.02,0.010000000000000009,0.24,0.09638829426039812,0.03496696255006064,1,kalshi_result,next_candle_open,historical_proxy_validated,False,999.4300000000007,0.78,0.76
208,NYC,2026-04-13,KXHIGHNY-26APR13,KXHIGHNY-26APR13-T81,2026-04-13 15:35:00+00:00,2026-04-13 15:36:00+00:00,2026-04-20 14:00:00+00:00,2026-04-13 15:00:00+00:00,35.0,0.3386717826923133,BUY_YES,0.23,0.22,kalshi_candlestick,yes_ask_open,1.0,1,0.23,0.02,0.010000000000000009,0.25,0.08867178269231328,0.02710322156219901,0,kalshi_result,next_candle_open,historical_proxy_validated,False,999.4300000000007,-0.23,-0.25
209,NYC,2026-04-14,KXHIGHNY-26APR14,KXHIGHNY-26APR14-B81.5,2026-04-14 14:05:00+00:00,2026-04-14 14:06:00+00:00,2026-04-21 14:00:00+00:00,2026-04-14 14:00:00+00:00,5.0,0.1880374356645613,BUY_YES,0.05,0.04,kalshi_candlestick,yes_ask_open,1.0,1,0.05,0.01,0.010000000000000002,0.060000000000000005,0.12803743566456127,0.08026695929732991,0,kalshi_result,next_candle_open,historical_proxy_validated,False,998.2600000000009,-0.05,-0.060000000000000005
210,NYC,2026-04-14,KXHIGHNY-26APR14,KXHIGHNY-26APR14-B83.5,2026-04-14 14:05:00+00:00,2026-04-14 14:06:00+00:00,2026-04-21 14:00:00+00:00,2026-04-14 14:00:00+00:00,5.0,0.355628821869071,BUY_YES,0.21000000000000002,0.2,kalshi_candlestick,yes_ask_open,1.0,1,0.21000000000000002,0.01999999999999998,0.010000000000000009,0.23,0.125628821869071,0.06301772923627967,0,kalshi_result,next_candle_open,historical_proxy_validated,False,998.2600000000009,-0.21000000000000002,-0.23
211,NYC,2026-04-14,KXHIGHNY-26APR14,KXHIGHNY-26APR14-T86,2026-04-14 14:05:00+00:00,2026-04-14 14:06:00+00:00,2026-04-21 14:00:00+00:00,2026-04-14 14:00:00+00:00,5.0,0.4563337424663677,BUY_YES,0.31,0.3,kalshi_candlestick,yes_ask_open,1.0,1,0.31,0.02,0.010000000000000009,0.33,0.12633374246636772,0.05926065827607403,1,kalshi_result,next_candle_open,historical_proxy_validated,False,999.2600000000009,0.69,0.6699999999999999
212,NYC,2026-04-14,KXHIGHNY-26APR14,KXHIGHNY-26APR14-B79.5,2026-04-14 14:40:00+00:00,2026-04-14 14:41:00+00:00,2026-04-21 14:00:00+00:00,2026-04-14 14:00:00+00:00,40.0,0.10888989631519641,BUY_YES,0.02,0.01,kalshi_candlestick,yes_ask_open,1.0,1,0.02,0.01,0.01,0.03,0.07888989631519641,0.04308555612283504,0,kalshi_result,next_candle_open,historical_proxy_validated,False,999.2600000000009,-0.02,-0.03
213,NYC,2026-04-14,KXHIGHNY-26APR14,KXHIGHNY-26APR14-T79,2026-04-14 14:40:00+00:00,2026-04-14 14:42:00+00:00,2026-04-21 14:00:00+00:00,2026-04-14 14:00:00+00:00,40.0,0.10080757405595235,BUY_YES,0.02,0.01,kalshi_candlestick,yes_ask_open,2.0,1,0.02,0.01,0.01,0.03,0.07080757405595235,0.03652688303632936,0,kalshi_result,next_candle_open,historical_proxy_validated,False,999.2600000000009,-0.02,-0.03
214,NYC,2026-04-15,KXHIGHNY-26APR15,KXHIGHNY-26APR15-B87.5,2026-04-15 20:15:00+00:00,2026-04-15 20:16:00+00:00,2026-04-22 14:00:00+00:00,2026-04-15 20:00:00+00:00,15.0,0.05688598149322516,BUY_YES,0.02,0.01,kalshi_candlestick,yes_ask_open,1.0,1,0.02,0.01,0.01,0.03,0.02688598149322515,0.0024947661061086226,0,kalshi_result,next_candle_open,historical_proxy_validated,False,998.5100000000009,-0.02,-0.03
215,NYC,2026-04-16,KXHIGHNY-26APR16,KXHIGHNY-26APR16-B84.5,2026-04-16 13:10:00+00:00,2026-04-16 13:11:00+00:00,2026-04-23 14:00:00+00:00,2026-04-16 13:00:00+00:00,10.0,0.12940060425534053,BUY_YES,0.05,0.04,kalshi_candlestick,yes_ask_open,1.0,1,0.05,0.01,0.010000000000000002,0.060000000000000005,0.06940060425534053,0.030027337595969393,0,kalshi_result,next_candle_open,historical_proxy_validated,False,997.7900000000009,-0.05,-0.060000000000000005
216,NYC,2026-04-16,KXHIGHNY-26APR16,KXHIGHNY-26APR16-B86.5,2026-04-16 13:10:00+00:00,2026-04-16 13:11:00+00:00,2026-04-23 14:00:00+00:00,2026-04-16 13:00:00+00:00,10.0,0.18537774182021483,BUY_YES,0.09999999999999999,0.09,kalshi_candlestick,yes_ask_open,1.0,1,0.09999999999999999,0.01000000000000001,0.009999999999999995,0.11,0.07537774182021482,0.02794096179753648,0,kalshi_result,next_candle_open,historical_proxy_validated,False,997.7900000000009,-0.09999999999999999,-0.11
217,NYC,2026-04-16,KXHIGHNY-26APR16,KXHIGHNY-26APR16-B88.5,2026-04-16 13:10:00+00:00,2026-04-16 13:11:00+00:00,2026-04-23 14:00:00+00:00,2026-04-16 13:00:00+00:00,10.0,0.49435255739364437,BUY_YES,0.4,0.39,kalshi_candlestick,yes_ask_open,1.0,1,0.4,0.02,0.010000000000000009,0.42000000000000004,0.07435255739364434,0.006322151531770754,1,kalshi_result,next_candle_open,historical_proxy_validated,False,998.7900000000009,0.6,0.58
218,NYC,2026-04-16,KXHIGHNY-26APR16,KXHIGHNY-26APR16-T91,2026-04-16 13:10:00+00:00,2026-04-16 13:11:00+00:00,2026-04-23 14:00:00+00:00,2026-04-16 13:00:00+00:00,10.0,0.19086909653080023,BUY_YES,0.11,0.1,kalshi_candlestick,yes_ask_open,1.0,1,0.11,0.01,0.009999999999999995,0.12,0.07086909653080023,0.022747628223121256,0,kalshi_result,next_candle_open,historical_proxy_validated,False,998.7900000000009,-0.11,-0.12
219,NYC,2026-04-16,KXHIGHNY-26APR16,KXHIGHNY-26APR16-T84,2026-04-16 13:30:00+00:00,2026-04-16 13:31:00+00:00,2026-04-23 14:00:00+00:00,2026-04-16 13:00:00+00:00,30.0,0.08046406108616884,BUY_YES,0.02,0.01,kalshi_candlestick,yes_ask_open,1.0,1,0.02,0.01,0.01,0.03,0.050464061086168834,0.02037634828656195,0,kalshi_result,next_candle_open,historical_proxy_validated,False,998.7900000000009,-0.02,-0.03
220,NYC,2026-04-17,KXHIGHNY-26APR17,KXHIGHNY-26APR17-B77.5,2026-04-17 13:15:00+00:00,2026-04-17 13:16:00+00:00,2026-04-24 14:00:00+00:00,2026-04-17 13:00:00+00:00,15.0,0.5655937047860624,BUY_YES,0.46,0.45,kalshi_candlestick,yes_ask_open,1.0,1,0.46,0.02,0.010000000000000009,0.48000000000000004,0.08559370478606239,0.016813849346894966,0,kalshi_result,next_candle_open,historical_proxy_validated,False,998.7900000000009,-0.46,-0.48000000000000004
221,NYC,2026-04-17,KXHIGHNY-26APR17,KXHIGHNY-26APR17-B81.5,2026-04-17 13:15:00+00:00,2026-04-17 13:16:00+00:00,2026-04-24 14:00:00+00:00,2026-04-17 13:00:00+00:00,15.0,0.211469041365354,BUY_YES,0.11,0.1,kalshi_candlestick,yes_ask_open,1.0,1,0.11,0.01,0.009999999999999995,0.12,0.091469041365354,0.04092063570879475,1,kalshi_result,next_candle_open,historical_proxy_validated,False,999.7900000000009,0.89,0.88
222,NYC,2026-04-17,KXHIGHNY-26APR17,KXHIGHNY-26APR17-T77,2026-04-17 13:15:00+00:00,2026-04-17 13:16:00+00:00,2026-04-24 14:00:00+00:00,2026-04-17 13:00:00+00:00,15.0,0.22293725384858365,BUY_YES,0.13,0.12,kalshi_candlestick,yes_ask_open,1.0,1,0.13,0.01,0.010000000000000009,0.14,0.08293725384858365,0.031128318836661874,0,kalshi_result,next_candle_open,historical_proxy_validated,False,999.7900000000009,-0.13,-0.14
223,NYC,2026-04-20,KXHIGHNY-26APR20,KXHIGHNY-26APR20-B55.5,2026-04-20 14:15:00+00:00,2026-04-20 14:16:00+00:00,2026-04-27 14:00:00+00:00,2026-04-20 14:00:00+00:00,15.0,0.08190912995407708,BUY_YES,0.04,0.03,kalshi_candlestick,yes_ask_open,1.0,1,0.04,0.01,0.010000000000000002,0.05,0.031909129954077076,0.0015044685255712984,0,kalshi_result,next_candle_open,historical_proxy_validated,False,998.180000000001,-0.04,-0.05
224,NYC,2026-04-20,KXHIGHNY-26APR20,KXHIGHNY-26APR20-T58,2026-04-20 14:15:00+00:00,2026-04-20 14:16:00+00:00,2026-04-27 14:00:00+00:00,2026-04-20 14:00:00+00:00,15.0,0.05564349146279123,BUY_YES,0.02,0.01,kalshi_candlestick,yes_ask_open,1.0,1,0.02,0.01,0.01,0.03,0.025643491462791233,0.0015848836467876586,0,kalshi_result,next_candle_open,historical_proxy_validated,False,998.180000000001,-0.02,-0.03
225,NYC,2026-04-20,KXHIGHNY-26APR20,KXHIGHNY-26APR20-T51,2026-04-20 18:25:00+00:00,2026-04-20 18:26:00+00:00,2026-04-27 14:00:00+00:00,2026-04-20 18:00:00+00:00,25.0,0.05768286106231054,BUY_YES,0.02,0.01,kalshi_candlestick,yes_ask_open,1.0,1,0.02,0.01,0.01,0.03,0.02768286106231054,0.003080313432619849,0,kalshi_result,next_candle_open,historical_proxy_validated,False,998.180000000001,-0.02,-0.03
226,NYC,2026-04-20,KXHIGHNY-26APR20,KXHIGHNY-26APR20-B51.5,2026-04-20 20:05:00+00:00,2026-04-20 20:06:00+00:00,2026-04-27 14:00:00+00:00,2026-04-20 20:00:00+00:00,5.0,0.9793348705466286,BUY_YES,0.86,0.85,kalshi_candlestick,yes_ask_open,1.0,1,0.86,0.01,0.010000000000000009,0.87,0.10933487054662862,0.07909933797197745,1,kalshi_result,next_candle_open,historical_proxy_validated,False,999.180000000001,0.14,0.13
227,NYC,2026-04-21,KXHIGHNY-26APR21,KXHIGHNY-26APR21-B55.5,2026-04-21 13:20:00+00:00,2026-04-21 13:21:00+00:00,2026-04-28 14:00:00+00:00,2026-04-21 13:00:00+00:00,20.0,0.2030414994756623,BUY_YES,0.13,0.12,kalshi_candlestick,yes_ask_open,1.0,1,0.13,0.01,0.010000000000000009,0.14,0.0630414994756623,0.013459823136524671,0,kalshi_result,next_candle_open,historical_proxy_validated,False,999.180000000001,-0.13,-0.14
228,NYC,2026-04-21,KXHIGHNY-26APR21,KXHIGHNY-26APR21-T51,2026-04-21 13:20:00+00:00,2026-04-21 13:21:00+00:00,2026-04-28 14:00:00+00:00,2026-04-21 13:00:00+00:00,20.0,0.09978912988343164,BUY_YES,0.04,0.03,kalshi_candlestick,yes_ask_open,1.0,1,0.04,0.01,0.010000000000000002,0.05,0.049789129883431635,0.015705690343388187,0,kalshi_result,next_candle_open,historical_proxy_validated,False,999.180000000001,-0.04,-0.05
229,NYC,2026-04-21,KXHIGHNY-26APR21,KXHIGHNY-26APR21-B57.5,2026-04-21 14:35:00+00:00,2026-04-21 14:36:00+00:00,2026-04-28 14:00:00+00:00,2026-04-21 14:00:00+00:00,35.0,0.08837251568155907,BUY_YES,0.03,0.02,kalshi_candlestick,yes_ask_open,1.0,1,0.03,0.01,0.009999999999999998,0.04,0.04837251568155907,0.016588153767131936,0,kalshi_result,next_candle_open,historical_proxy_validated,False,999.180000000001,-0.03,-0.04
230,NYC,2026-04-21,KXHIGHNY-26APR21,KXHIGHNY-26APR21-B53.5,2026-04-21 19:10:00+00:00,2026-04-21 19:11:00+00:00,2026-04-28 14:00:00+00:00,2026-04-21 19:00:00+00:00,10.0,0.8846179266081674,BUY_YES,0.6900000000000001,0.68,kalshi_candlestick,yes_ask_open,1.0,1,0.6900000000000001,0.0199999999999999,0.010000000000000009,0.71,0.17461792660816744,0.12335394443684877,1,kalshi_result,next_candle_open,historical_proxy_validated,False,1000.180000000001,0.30999999999999994,0.29000000000000004
231,NYC,2026-04-22,KXHIGHNY-26APR22,KXHIGHNY-26APR22-B59.5,2026-04-22 16:50:00+00:00,2026-04-22 16:51:00+00:00,2026-04-29 14:00:00+00:00,2026-04-22 16:00:00+00:00,50.0,0.22476467296118707,BUY_YES,0.09,0.08,kalshi_candlestick,yes_ask_open,1.0,1,0.09,0.01,0.009999999999999995,0.09999999999999999,0.12476467296118708,0.07276052825998668,0,kalshi_result,next_candle_open,historical_proxy_validated,False,1000.140000000001,-0.09,-0.09999999999999999
232,NYC,2026-04-22,KXHIGHNY-26APR22,KXHIGHNY-26APR22-T57,2026-04-22 16:50:00+00:00,2026-04-22 16:51:00+00:00,2026-04-29 14:00:00+00:00,2026-04-22 16:00:00+00:00,50.0,0.775235327038813,BUY_YES,0.6,0.59,kalshi_candlestick,yes_ask_open,1.0,1,0.6,0.02,0.010000000000000009,0.62,0.15523532703881307,0.09300784335278724,1,kalshi_result,next_candle_open,historical_proxy_validated,False,1001.140000000001,0.4,0.38
233,NYC,2026-04-25,KXHIGHNY-26APR25,KXHIGHNY-26APR25-B53.5,2026-04-25 13:00:00+00:00,2026-04-25 13:01:00+00:00,2026-05-02 14:00:00+00:00,2026-04-25 13:00:00+00:00,0.0,0.17240927537133469,BUY_YES,0.04,0.03,kalshi_candlestick,yes_ask_open,1.0,1,0.04,0.01,0.010000000000000002,0.05,0.12240927537133468,0.07665751149195489,0,kalshi_result,next_candle_open,historical_proxy_validated,False,1000.9200000000012,-0.04,-0.05
234,NYC,2026-04-25,KXHIGHNY-26APR25,KXHIGHNY-26APR25-T51,2026-04-25 13:00:00+00:00,2026-04-25 13:01:00+00:00,2026-05-02 14:00:00+00:00,2026-04-25 13:00:00+00:00,0.0,0.8275907246286653,BUY_YES,0.72,0.71,kalshi_candlestick,yes_ask_open,1.0,1,0.72,0.02,0.010000000000000009,0.74,0.08759072462866536,0.029670933257338068,1,kalshi_result,next_candle_open,historical_proxy_validated,False,1001.9200000000012,0.28,0.26
235,NYC,2026-04-25,KXHIGHNY-26APR25,KXHIGHNY-26APR25-T58,2026-04-25 13:05:00+00:00,2026-04-25 13:07:00+00:00,2026-05-02 14:00:00+00:00,2026-04-25 13:00:00+00:00,5.0,0.0711029289349072,BUY_YES,0.02,0.01,kalshi_candlestick,yes_ask_open,2.0,1,0.02,0.01,0.01,0.03,0.0411029289349072,0.01315073333670414,0,kalshi_result,next_candle_open,historical_proxy_validated,False,1001.9200000000012,-0.02,-0.03
236,NYC,2026-04-26,KXHIGHNY-26APR26,KXHIGHNY-26APR26-B51.5,2026-04-26 14:20:00+00:00,2026-04-26 14:21:00+00:00,2026-05-03 14:00:00+00:00,2026-04-26 14:00:00+00:00,20.0,0.06974621077066903,BUY_YES,0.03,0.02,kalshi_candlestick,yes_ask_open,1.0,1,0.03,0.01,0.009999999999999998,0.04,0.02974621077066903,0.002116198946700636,0,kalshi_result,next_candle_open,historical_proxy_validated,False,1001.0600000000013,-0.03,-0.04
237,NYC,2026-04-26,KXHIGHNY-26APR26,KXHIGHNY-26APR26-B53.5,2026-04-26 14:20:00+00:00,2026-04-26 14:21:00+00:00,2026-05-03 14:00:00+00:00,2026-04-26 14:00:00+00:00,20.0,0.10746759008499211,BUY_YES,0.060000000000000005,0.05,kalshi_candlestick,yes_ask_open,1.0,1,0.060000000000000005,0.009999999999999995,0.010000000000000002,0.07,0.03746759008499211,0.0019261682329822158,0,kalshi_result,next_candle_open,historical_proxy_validated,False,1001.0600000000013,-0.060000000000000005,-0.07
238,NYC,2026-04-27,KXHIGHNY-26APR27,KXHIGHNY-26APR27-B64.5,2026-04-27 13:15:00+00:00,2026-04-27 13:17:00+00:00,2026-05-04 14:00:00+00:00,2026-04-27 13:00:00+00:00,15.0,0.14891410762197918,BUY_YES,0.060000000000000005,0.05,kalshi_candlestick,yes_ask_open,2.0,1,0.060000000000000005,0.009999999999999995,0.010000000000000002,0.07,0.07891410762197919,0.036482397219248876,0,kalshi_result,next_candle_open,historical_proxy_validated,False,1000.0600000000013,-0.060000000000000005,-0.07
239,NYC,2026-04-27,KXHIGHNY-26APR27,KXHIGHNY-26APR27-B68.5,2026-04-27 13:15:00+00:00,2026-04-27 13:16:00+00:00,2026-05-04 14:00:00+00:00,2026-04-27 13:00:00+00:00,15.0,0.4922855698210911,BUY_YES,0.39,0.38,kalshi_candlestick,yes_ask_open,1.0,1,0.39,0.02,0.010000000000000009,0.41000000000000003,0.0822855698210911,0.014297246342704534,1,kalshi_result,next_candle_open,historical_proxy_validated,False,1001.0600000000013,0.61,0.59
240,NYC,2026-04-27,KXHIGHNY-26APR27,KXHIGHNY-26APR27-T62,2026-04-27 13:15:00+00:00,2026-04-27 13:16:00+00:00,2026-05-04 14:00:00+00:00,2026-04-27 13:00:00+00:00,15.0,0.10095991756890291,BUY_YES,0.02,0.01,kalshi_candlestick,yes_ask_open,1.0,1,0.02,0.01,0.01,0.03,0.07095991756890291,0.03664982527951468,0,kalshi_result,next_candle_open,historical_proxy_validated,False,1001.0600000000013,-0.02,-0.03
241,NYC,2026-04-27,KXHIGHNY-26APR27,KXHIGHNY-26APR27-T69,2026-04-27 13:15:00+00:00,2026-04-27 13:16:00+00:00,2026-05-04 14:00:00+00:00,2026-04-27 13:00:00+00:00,15.0,0.25784040498802685,BUY_YES,0.16,0.15,kalshi_candlestick,yes_ask_open,1.0,1,0.16,0.01,0.010000000000000009,0.17,0.08784040498802685,0.03255367934685972,0,kalshi_result,next_candle_open,historical_proxy_validated,False,1001.0600000000013,-0.16,-0.17
242,NYC,2026-04-29,KXHIGHNY-26APR29,KXHIGHNY-26APR29-B58.5,2026-04-29 13:30:00+00:00,2026-04-29 13:31:00+00:00,2026-05-06 14:00:00+00:00,2026-04-29 13:00:00+00:00,30.0,0.07133519296537619,BUY_YES,0.03,0.02,kalshi_candlestick,yes_ask_open,1.0,1,0.03,0.01,0.009999999999999998,0.04,0.03133519296537619,0.0033281803062986063,0,kalshi_result,next_candle_open,historical_proxy_validated,False,1001.0600000000013,-0.03,-0.04
243,NYC,2026-04-30,KXHIGHNY-26APR30,KXHIGHNY-26APR30-B65.5,2026-04-30 14:20:00+00:00,2026-04-30 14:21:00+00:00,2026-05-07 14:00:00+00:00,2026-04-30 14:00:00+00:00,20.0,0.11586397835905637,BUY_YES,0.04,0.03,kalshi_candlestick,yes_ask_open,1.0,1,0.04,0.01,0.010000000000000002,0.05,0.06586397835905637,0.028800834989707036,0,kalshi_result,next_candle_open,historical_proxy_validated,False,1001.0600000000013,-0.04,-0.05
244,NYC,2026-04-30,KXHIGHNY-26APR30,KXHIGHNY-26APR30-T68,2026-04-30 14:20:00+00:00,2026-04-30 14:21:00+00:00,2026-05-07 14:00:00+00:00,2026-04-30 14:00:00+00:00,20.0,0.09029382841984032,BUY_YES,0.02,0.01,kalshi_candlestick,yes_ask_open,1.0,1,0.02,0.01,0.01,0.03,0.060293828419840316,0.02811071182403147,0,kalshi_result,next_candle_open,historical_proxy_validated,False,1001.0600000000013,-0.02,-0.03
245,NYC,2026-04-30,KXHIGHNY-26APR30,KXHIGHNY-26APR30-B63.5,2026-04-30 15:35:00+00:00,2026-04-30 15:36:00+00:00,2026-05-07 14:00:00+00:00,2026-04-30 15:00:00+00:00,35.0,0.088704154314588,BUY_YES,0.03,0.02,kalshi_candlestick,yes_ask_open,1.0,1,0.03,0.01,0.009999999999999998,0.04,0.048704154314588,0.016850603164018443,0,kalshi_result,next_candle_open,historical_proxy_validated,False,1001.0600000000013,-0.03,-0.04
246,NYC,2026-05-01,KXHIGHNY-26MAY01,KXHIGHNY-26MAY01-B68.5,2026-05-01 15:15:00+00:00,2026-05-01 15:16:00+00:00,2026-05-08 14:00:00+00:00,2026-05-01 15:00:00+00:00,15.0,0.09378728489096154,BUY_YES,0.04,0.03,kalshi_candlestick,yes_ask_open,1.0,1,0.04,0.01,0.010000000000000002,0.05,0.043787284890961536,0.010891739402682324,0,kalshi_result,next_candle_open,historical_proxy_validated,False,1000.5300000000013,-0.04,-0.05
247,NYC,2026-05-01,KXHIGHNY-26MAY01,KXHIGHNY-26MAY01-T69,2026-05-01 15:15:00+00:00,2026-05-01 15:16:00+00:00,2026-05-08 14:00:00+00:00,2026-05-01 15:00:00+00:00,15.0,0.08609572779785224,BUY_YES,0.04,0.03,kalshi_candlestick,yes_ask_open,1.0,1,0.04,0.01,0.010000000000000002,0.05,0.03609572779785224,0.004790507126836771,0,kalshi_result,next_candle_open,historical_proxy_validated,False,1000.5300000000013,-0.04,-0.05
248,NYC,2026-05-02,KXHIGHNY-26MAY02,KXHIGHNY-26MAY02-T65,2026-05-02 14:50:00+00:00,2026-05-02 14:51:00+00:00,2026-05-09 14:00:00+00:00,2026-05-02 14:00:00+00:00,50.0,0.065268886988567,BUY_YES,0.02,0.01,kalshi_candlestick,yes_ask_open,1.0,1,0.02,0.01,0.01,0.03,0.035268886988567,0.00872706548018772,0,kalshi_result,next_candle_open,historical_proxy_validated,False,1000.5000000000014,-0.02,-0.03
249,NYC,2026-05-02,KXHIGHNY-26MAY02,KXHIGHNY-26MAY02-B60.5,2026-05-02 15:45:00+00:00,2026-05-02 15:46:00+00:00,2026-05-09 14:00:00+00:00,2026-05-02 15:00:00+00:00,45.0,0.7850969805296539,BUY_YES,0.6,0.59,kalshi_candlestick,yes_ask_open,1.0,1,0.6,0.02,0.010000000000000009,0.62,0.16509698052965396,0.10357496958931679,1,kalshi_result,next_candle_open,historical_proxy_validated,False,1001.5000000000014,0.4,0.38
250,NYC,2026-05-02,KXHIGHNY-26MAY02,KXHIGHNY-26MAY02-B64.5,2026-05-02 15:45:00+00:00,2026-05-02 15:47:00+00:00,2026-05-09 14:00:00+00:00,2026-05-02 15:00:00+00:00,45.0,0.21490301947034612,BUY_YES,0.03,0.02,kalshi_candlestick,yes_ask_open,2.0,1,0.03,0.01,0.009999999999999998,0.04,0.17490301947034612,0.12397064870034143,0,kalshi_result,next_candle_open,historical_proxy_validated,False,1001.5000000000014,-0.03,-0.04
251,NYC,2026-05-02,KXHIGHNY-26MAY02,KXHIGHNY-26MAY02-B62.5,2026-05-02 15:50:00+00:00,2026-05-02 15:52:00+00:00,2026-05-09 14:00:00+00:00,2026-05-02 15:00:00+00:00,50.0,0.17794328340063045,BUY_YES,0.09999999999999999,0.09,kalshi_candlestick,yes_ask_open,2.0,1,0.09999999999999999,0.01000000000000001,0.009999999999999995,0.11,0.06794328340063045,0.021460465258328024,0,kalshi_result,next_candle_open,historical_proxy_validated,False,1001.5000000000014,-0.09999999999999999,-0.11
252,NYC,2026-05-02,KXHIGHNY-26MAY02,KXHIGHNY-26MAY02-T58,2026-05-02 15:50:00+00:00,2026-05-02 15:51:00+00:00,2026-05-09 14:00:00+00:00,2026-05-02 15:00:00+00:00,50.0,0.12222514324566697,BUY_YES,0.05,0.04,kalshi_candlestick,yes_ask_open,1.0,1,0.05,0.01,0.010000000000000002,0.060000000000000005,0.06222514324566696,0.02405552777726052,0,kalshi_result,next_candle_open,historical_proxy_validated,False,1001.5000000000014,-0.05,-0.060000000000000005
253,NYC,2026-05-03,KXHIGHNY-26MAY03,KXHIGHNY-26MAY03-B61.5,2026-05-03 17:00:00+00:00,2026-05-03 17:01:00+00:00,2026-05-10 14:00:00+00:00,2026-05-03 17:00:00+00:00,0.0,0.22811232541613463,BUY_YES,0.16,0.15,kalshi_candlestick,yes_ask_open,1.0,1,0.16,0.01,0.010000000000000009,0.17,0.058112325416134626,0.00575450102139711,0,kalshi_result,next_candle_open,historical_proxy_validated,False,1001.5000000000014,-0.16,-0.17
254,NYC,2026-05-03,KXHIGHNY-26MAY03,KXHIGHNY-26MAY03-B59.5,2026-05-03 19:45:00+00:00,2026-05-03 19:46:00+00:00,2026-05-10 14:00:00+00:00,2026-05-03 19:00:00+00:00,45.0,0.9551732684256397,BUY_YES,0.81,0.8,kalshi_candlestick,yes_ask_open,1.0,1,0.81,0.02,0.010000000000000009,0.8300000000000001,0.1251732684256396,0.08728063587760139,1,kalshi_result,next_candle_open,historical_proxy_validated,False,1002.5000000000014,0.18999999999999995,0.16999999999999993
255,NYC,2026-05-08,KXHIGHNY-26MAY08,KXHIGHNY-26MAY08-B66.5,2026-05-08 13:30:00+00:00,2026-05-08 13:32:00+00:00,2026-05-15 14:00:00+00:00,2026-05-08 13:00:00+00:00,30.0,0.35687303117258207,BUY_YES,0.09999999999999999,0.09,kalshi_candlestick,yes_ask_open,2.0,1,0.09999999999999999,0.01000000000000001,0.009999999999999995,0.11,0.24687303117258208,0.18418892112555685,0,kalshi_result,next_candle_open,historical_proxy_validated,False,1001.3300000000015,-0.09999999999999999,-0.11
256,NYC,2026-05-08,KXHIGHNY-26MAY08,KXHIGHNY-26MAY08-T64,2026-05-08 13:30:00+00:00,2026-05-08 13:31:00+00:00,2026-05-15 14:00:00+00:00,2026-05-08 13:00:00+00:00,30.0,0.6431269688274178,BUY_YES,0.4,0.39,kalshi_candlestick,yes_ask_open,1.0,1,0.4,0.02,0.010000000000000009,0.42000000000000004,0.2231269688274178,0.15512655169170667,1,kalshi_result,next_candle_open,historical_proxy_validated,False,1002.3300000000015,0.6,0.58
257,NYC,2026-05-08,KXHIGHNY-26MAY08,KXHIGHNY-26MAY08-B68.5,2026-05-08 15:20:00+00:00,2026-05-08 15:22:00+00:00,2026-05-15 14:00:00+00:00,2026-05-08 15:00:00+00:00,20.0,0.19596302915821032,BUY_YES,0.02,0.01,kalshi_candlestick,yes_ask_open,2.0,1,0.02,0.01,0.01,0.03,0.16596302915821032,0.11722103976476571,0,kalshi_result,next_candle_open,historical_proxy_validated,False,1002.3300000000015,-0.02,-0.03
258,NYC,2026-05-11,KXHIGHNY-26MAY11,KXHIGHNY-26MAY11-B64.5,2026-05-11 16:45:00+00:00,2026-05-11 16:46:00+00:00,2026-05-18 14:00:00+00:00,2026-05-11 16:00:00+00:00,45.0,0.28728891028482306,BUY_YES,0.12,0.11,kalshi_candlestick,yes_ask_open,1.0,1,0.12,0.01,0.009999999999999995,0.13,0.15728891028482306,0.09944701294384899,0,kalshi_result,next_candle_open,historical_proxy_validated,False,1000.7300000000017,-0.12,-0.13
259,NYC,2026-05-11,KXHIGHNY-26MAY11,KXHIGHNY-26MAY11-B66.5,2026-05-11 16:45:00+00:00,2026-05-11 16:46:00+00:00,2026-05-18 14:00:00+00:00,2026-05-11 16:00:00+00:00,45.0,0.1815201843408928,BUY_YES,0.03,0.02,kalshi_candlestick,yes_ask_open,1.0,1,0.03,0.01,0.009999999999999998,0.04,0.14152018434089278,0.09457444073046388,0,kalshi_result,next_candle_open,historical_proxy_validated,False,1000.7300000000017,-0.03,-0.04
260,NYC,2026-05-12,KXHIGHNY-26MAY12,KXHIGHNY-26MAY12-B70.5,2026-05-12 13:35:00+00:00,2026-05-12 13:36:00+00:00,2026-05-19 14:00:00+00:00,2026-05-12 13:00:00+00:00,35.0,0.07151693553282808,BUY_YES,0.03,0.02,kalshi_candlestick,yes_ask_open,1.0,1,0.03,0.01,0.009999999999999998,0.04,0.031516935532828076,0.003467097919063392,0,kalshi_result,next_candle_open,historical_proxy_validated,False,1000.7300000000017,-0.03,-0.04
261,NYC,2026-05-12,KXHIGHNY-26MAY12,KXHIGHNY-26MAY12-B72.5,2026-05-12 13:35:00+00:00,2026-05-12 13:36:00+00:00,2026-05-19 14:00:00+00:00,2026-05-12 13:00:00+00:00,35.0,0.05903007739045656,BUY_YES,0.02,0.01,kalshi_candlestick,yes_ask_open,1.0,1,0.02,0.01,0.01,0.03,0.029030077390456564,0.0040736927440751785,0,kalshi_result,next_candle_open,historical_proxy_validated,False,1000.7300000000017,-0.02,-0.03
262,NYC,2026-05-12,KXHIGHNY-26MAY12,KXHIGHNY-26MAY12-B68.5,2026-05-12 15:25:00+00:00,2026-05-12 15:26:00+00:00,2026-05-19 14:00:00+00:00,2026-05-12 15:00:00+00:00,25.0,0.1864892320215142,BUY_YES,0.09999999999999999,0.09,kalshi_candlestick,yes_ask_open,1.0,1,0.09999999999999999,0.01000000000000001,0.009999999999999995,0.11,0.07648923202151421,0.028912521983769326,0,kalshi_result,next_candle_open,historical_proxy_validated,False,1000.7300000000017,-0.09999999999999999,-0.11
263,NYC,2026-05-14,KXHIGHNY-26MAY14,KXHIGHNY-26MAY14-B67.5,2026-05-14 13:50:00+00:00,2026-05-14 13:51:00+00:00,2026-05-21 14:00:00+00:00,2026-05-14 13:00:00+00:00,50.0,0.17642303679240878,BUY_YES,0.11,0.1,kalshi_candlestick,yes_ask_open,1.0,1,0.11,0.01,0.009999999999999995,0.12,0.05642303679240878,0.010139231022915163,0,kalshi_result,next_candle_open,historical_proxy_validated,False,999.6600000000018,-0.11,-0.12
264,NYC,2026-05-14,KXHIGHNY-26MAY14,KXHIGHNY-26MAY14-B69.5,2026-05-14 13:50:00+00:00,2026-05-14 13:53:00+00:00,2026-05-21 14:00:00+00:00,2026-05-14 13:00:00+00:00,50.0,0.1019958905385235,BUY_YES,0.04,0.03,kalshi_candlestick,yes_ask_open,3.0,1,0.04,0.01,0.010000000000000002,0.05,0.05199589053852349,0.01748657712489017,0,kalshi_result,next_candle_open,historical_proxy_validated,False,999.6600000000018,-0.04,-0.05
265,NYC,2026-05-14,KXHIGHNY-26MAY14,KXHIGHNY-26MAY14-T63,2026-05-14 13:50:00+00:00,2026-05-14 13:51:00+00:00,2026-05-21 14:00:00+00:00,2026-05-14 13:00:00+00:00,50.0,0.17368209835904716,BUY_YES,0.11,0.1,kalshi_candlestick,yes_ask_open,1.0,1,0.11,0.01,0.009999999999999995,0.12,0.05368209835904716,0.0077605685098358305,0,kalshi_result,next_candle_open,historical_proxy_validated,False,999.6600000000018,-0.11,-0.12
266,NYC,2026-05-14,KXHIGHNY-26MAY14,KXHIGHNY-26MAY14-B65.5,2026-05-14 14:15:00+00:00,2026-05-14 14:16:00+00:00,2026-05-21 14:00:00+00:00,2026-05-14 14:00:00+00:00,15.0,0.7066484743795037,BUY_YES,0.51,0.5,kalshi_candlestick,yes_ask_open,1.0,1,0.51,0.02,0.010000000000000009,0.53,0.17664847437950373,0.11064439165629393,1,kalshi_result,next_candle_open,historical_proxy_validated,False,1000.6600000000018,0.49,0.47
267,NYC,2026-05-15,KXHIGHNY-26MAY15,KXHIGHNY-26MAY15-B65.5,2026-05-15 14:00:00+00:00,2026-05-15 14:01:00+00:00,2026-05-22 14:00:00+00:00,2026-05-15 14:00:00+00:00,0.0,0.6170348819154847,BUY_YES,0.34,0.33,kalshi_candlestick,yes_ask_open,1.0,1,0.34,0.02,0.010000000000000009,0.36000000000000004,0.2570348819154847,0.18857903663341333,1,kalshi_result,next_candle_open,historical_proxy_validated,False,1001.6600000000018,0.6599999999999999,0.6399999999999999
268,NYC,2026-05-15,KXHIGHNY-26MAY15,KXHIGHNY-26MAY15-B69.5,2026-05-15 14:00:00+00:00,2026-05-15 14:01:00+00:00,2026-05-22 14:00:00+00:00,2026-05-15 14:00:00+00:00,0.0,0.3829651180845153,BUY_YES,0.09999999999999999,0.09,kalshi_candlestick,yes_ask_open,1.0,1,0.09999999999999999,0.01000000000000001,0.009999999999999995,0.11,0.2729651180845153,0.20885641560472773,0,kalshi_result,next_candle_open,historical_proxy_validated,False,1001.6600000000018,-0.09999999999999999,-0.11
269,NYC,2026-05-15,KXHIGHNY-26MAY15,KXHIGHNY-26MAY15-T65,2026-05-15 14:55:00+00:00,2026-05-15 14:56:00+00:00,2026-05-22 14:00:00+00:00,2026-05-15 14:00:00+00:00,55.0,0.2036156887014998,BUY_YES,0.03,0.02,kalshi_candlestick,yes_ask_open,1.0,1,0.03,0.01,0.009999999999999998,0.04,0.16361568870149978,0.1139670237363659,0,kalshi_result,next_candle_open,historical_proxy_validated,False,1001.6600000000018,-0.03,-0.04
270,NYC,2026-05-15,KXHIGHNY-26MAY15,KXHIGHNY-26MAY15-B71.5,2026-05-15 18:45:00+00:00,2026-05-15 18:47:00+00:00,2026-05-22 14:00:00+00:00,2026-05-15 18:00:00+00:00,45.0,0.0988881532386148,BUY_YES,0.02,0.01,kalshi_candlestick,yes_ask_open,2.0,1,0.02,0.01,0.01,0.03,0.0688881532386148,0.03498023630244818,0,kalshi_result,next_candle_open,historical_proxy_validated,False,1001.6600000000018,-0.02,-0.03
271,NYC,2026-05-15,KXHIGHNY-26MAY15,KXHIGHNY-26MAY15-T72,2026-05-15 18:45:00+00:00,2026-05-15 18:47:00+00:00,2026-05-22 14:00:00+00:00,2026-05-15 18:00:00+00:00,45.0,0.08328563266510378,BUY_YES,0.02,0.01,kalshi_candlestick,yes_ask_open,2.0,1,0.02,0.01,0.01,0.03,0.05328563266510377,0.022582017914595458,0,kalshi_result,next_candle_open,historical_proxy_validated,False,1001.6600000000018,-0.02,-0.03
272,NYC,2026-05-16,KXHIGHNY-26MAY16,KXHIGHNY-26MAY16-B76.5,2026-05-16 13:15:00+00:00,2026-05-16 13:16:00+00:00,2026-05-23 14:00:00+00:00,2026-05-16 13:00:00+00:00,15.0,0.11067742717001464,BUY_YES,0.05,0.04,kalshi_candlestick,yes_ask_open,1.0,1,0.05,0.01,0.010000000000000002,0.060000000000000005,0.05067742717001463,0.014545690660200125,0,kalshi_result,next_candle_open,historical_proxy_validated,False,1001.6600000000018,-0.05,-0.060000000000000005
273,NYC,2026-05-16,KXHIGHNY-26MAY16,KXHIGHNY-26MAY16-B82.5,2026-05-16 13:15:00+00:00,2026-05-16 13:16:00+00:00,2026-05-23 14:00:00+00:00,2026-05-16 13:00:00+00:00,15.0,0.14437628300454983,BUY_YES,0.08,0.07,kalshi_candlestick,yes_ask_open,1.0,1,0.08,0.01,0.009999999999999995,0.09,0.05437628300454982,0.012629576700094037,0,kalshi_result,next_candle_open,historical_proxy_validated,False,1001.6600000000018,-0.08,-0.09
274,NYC,2026-05-16,KXHIGHNY-26MAY16,KXHIGHNY-26MAY16-T76,2026-05-16 13:15:00+00:00,2026-05-16 13:16:00+00:00,2026-05-23 14:00:00+00:00,2026-05-16 13:00:00+00:00,15.0,0.08634365986995322,BUY_YES,0.03,0.02,kalshi_candlestick,yes_ask_open,1.0,1,0.03,0.01,0.009999999999999998,0.04,0.04634365986995322,0.014985908244414406,0,kalshi_result,next_candle_open,historical_proxy_validated,False,1001.6600000000018,-0.03,-0.04
275,NYC,2026-05-16,KXHIGHNY-26MAY16,KXHIGHNY-26MAY16-T83,2026-05-16 13:15:00+00:00,2026-05-16 13:17:00+00:00,2026-05-23 14:00:00+00:00,2026-05-16 13:00:00+00:00,15.0,0.08180117300165067,BUY_YES,0.02,0.01,kalshi_candlestick,yes_ask_open,2.0,1,0.02,0.01,0.01,0.03,0.051801173001650665,0.02142007915598112,0,kalshi_result,next_candle_open,historical_proxy_validated,False,1001.6600000000018,-0.02,-0.03
276,NYC,2026-05-16,KXHIGHNY-26MAY16,KXHIGHNY-26MAY16-B80.5,2026-05-16 20:15:00+00:00,2026-05-16 20:17:00+00:00,2026-05-23 14:00:00+00:00,2026-05-16 20:00:00+00:00,15.0,0.33753677308817864,BUY_YES,0.09,0.08,kalshi_candlestick,yes_ask_open,2.0,1,0.09,0.01,0.009999999999999995,0.09999999999999999,0.23753677308817864,0.1760411870143578,1,kalshi_result,next_candle_open,historical_proxy_validated,False,1002.6600000000018,0.91,0.9
277,NYC,2026-05-17,KXHIGHNY-26MAY17,KXHIGHNY-26MAY17-B85.5,2026-05-17 13:40:00+00:00,2026-05-17 13:41:00+00:00,2026-05-24 14:00:00+00:00,2026-05-17 13:00:00+00:00,40.0,0.22875407286777136,BUY_YES,0.14,0.13,kalshi_candlestick,yes_ask_open,1.0,1,0.14,0.01,0.010000000000000009,0.15000000000000002,0.07875407286777135,0.02632902277265501,0,kalshi_result,next_candle_open,historical_proxy_validated,False,1002.6600000000018,-0.14,-0.15000000000000002
278,NYC,2026-05-17,KXHIGHNY-26MAY17,KXHIGHNY-26MAY17-B87.5,2026-05-17 13:40:00+00:00,2026-05-17 13:41:00+00:00,2026-05-24 14:00:00+00:00,2026-05-17 13:00:00+00:00,40.0,0.6517542991182032,BUY_YES,0.54,0.53,kalshi_candlestick,yes_ask_open,1.0,1,0.54,0.02,0.010000000000000009,0.56,0.09175429911820311,0.02394945075721357,1,kalshi_result,next_candle_open,historical_proxy_validated,False,1003.6600000000018,0.45999999999999996,0.43999999999999995
279,NYC,2026-05-19,KXHIGHNY-26MAY19,KXHIGHNY-26MAY19-B93.5,2026-05-19 19:40:00+00:00,2026-05-19 19:41:00+00:00,2026-05-26 14:00:00+00:00,2026-05-19 19:00:00+00:00,40.0,0.9198492435215153,BUY_YES,0.85,0.84,kalshi_candlestick,yes_ask_open,1.0,1,0.85,0.01,0.010000000000000009,0.86,0.059849243521515334,0.014235797280047877,1,kalshi_result,next_candle_open,historical_proxy_validated,False,1004.6600000000018,0.15000000000000002,0.14
280,NYC,2026-05-20,KXHIGHNY-26MAY20,KXHIGHNY-26MAY20-B89.5,2026-05-20 13:05:00+00:00,2026-05-20 13:06:00+00:00,2026-05-27 14:00:00+00:00,2026-05-20 13:00:00+00:00,5.0,0.1345179705946633,BUY_YES,0.08,0.07,kalshi_candlestick,yes_ask_open,1.0,1,0.08,0.01,0.009999999999999995,0.09,0.0445179705946633,0.0043133754431725155,0,kalshi_result,next_candle_open,historical_proxy_validated,False,1004.6600000000018,-0.08,-0.09
281,NYC,2026-05-20,KXHIGHNY-26MAY20,KXHIGHNY-26MAY20-B95.5,2026-05-20 13:05:00+00:00,2026-05-20 13:06:00+00:00,2026-05-27 14:00:00+00:00,2026-05-20 13:00:00+00:00,5.0,0.09432689512717421,BUY_YES,0.04,0.03,kalshi_candlestick,yes_ask_open,1.0,1,0.04,0.01,0.010000000000000002,0.05,0.04432689512717421,0.011322717131453728,0,kalshi_result,next_candle_open,historical_proxy_validated,False,1004.6600000000018,-0.04,-0.05
282,NYC,2026-05-20,KXHIGHNY-26MAY20,KXHIGHNY-26MAY20-T89,2026-05-20 13:05:00+00:00,2026-05-20 13:08:00+00:00,2026-05-27 14:00:00+00:00,2026-05-20 13:00:00+00:00,5.0,0.08023191942027479,BUY_YES,0.03,0.02,kalshi_candlestick,yes_ask_open,3.0,1,0.03,0.01,0.009999999999999998,0.04,0.040231919420274785,0.01019542370598825,0,kalshi_result,next_candle_open,historical_proxy_validated,False,1004.6600000000018,-0.03,-0.04
283,NYC,2026-05-20,KXHIGHNY-26MAY20,KXHIGHNY-26MAY20-T96,2026-05-20 13:05:00+00:00,2026-05-20 13:08:00+00:00,2026-05-27 14:00:00+00:00,2026-05-20 13:00:00+00:00,5.0,0.07089900910860747,BUY_YES,0.02,0.01,kalshi_candlestick,yes_ask_open,3.0,1,0.02,0.01,0.01,0.03,0.04089900910860746,0.01299502221487008,0,kalshi_result,next_candle_open,historical_proxy_validated,False,1004.6600000000018,-0.02,-0.03
