date,location,official_daily_high_f,openmeteo_daily_max_f,old_actual_high_f,max_hourly_tmpf,old_minus_official,openmeteo_minus_official,max_hourly_minus_official
2022-01-01,NYC,56.0,53.3,53.3,56.0,-2.700000000000003,-2.700000000000003,0.0
2022-01-02,NYC,59.0,55.8,55.8,59.0,-3.200000000000003,-3.200000000000003,0.0
2022-01-03,NYC,37.0,35.8,35.8,37.0,-1.2000000000000028,-1.2000000000000028,0.0
2022-01-04,NYC,34.0,33.5,33.5,34.0,-0.5,-0.5,0.0
2022-01-05,NYC,47.0,44.7,44.7,47.0,-2.299999999999997,-2.299999999999997,0.0
2022-01-06,NYC,41.0,39.7,39.7,40.0,-1.2999999999999972,-1.2999999999999972,-1.0
2022-01-07,NYC,34.0,32.2,32.2,33.0,-1.7999999999999972,-1.7999999999999972,-1.0
2022-01-08,NYC,30.0,26.2,26.2,30.0,-3.8000000000000007,-3.8000000000000007,0.0
2022-01-09,NYC,40.0,39.4,39.4,39.0,-0.6000000000000014,-0.6000000000000014,-1.0
2022-01-10,NYC,40.0,39.7,39.7,40.0,-0.29999999999999716,-0.29999999999999716,0.0
2022-01-11,NYC,24.0,24.7,24.7,23.0,0.6999999999999993,0.6999999999999993,-1.0
2022-01-12,NYC,40.0,40.5,40.5,39.0,0.5,0.5,-1.0
2022-01-13,NYC,48.0,45.0,45.0,48.0,-3.0,-3.0,0.0
2022-01-14,NYC,43.0,41.2,41.2,42.0,-1.7999999999999972,-1.7999999999999972,-1.0
2022-01-15,NYC,21.0,22.7,22.7,19.9,1.6999999999999993,1.6999999999999993,-1.1000000000000014
2022-01-16,NYC,37.0,34.5,34.5,37.0,-2.5,-2.5,0.0
2022-01-17,NYC,44.0,49.6,49.6,44.0,5.600000000000001,5.600000000000001,0.0
2022-01-18,NYC,36.0,35.3,35.3,36.0,-0.7000000000000028,-0.7000000000000028,0.0
2022-01-19,NYC,49.0,45.9,45.9,49.0,-3.1000000000000014,-3.1000000000000014,0.0
2022-01-20,NYC,46.0,41.6,41.6,45.0,-4.399999999999999,-4.399999999999999,-1.0
2022-01-21,NYC,22.0,22.6,22.6,21.0,0.6000000000000014,0.6000000000000014,-1.0
2022-01-22,NYC,29.0,29.8,29.8,28.9,0.8000000000000007,0.8000000000000007,-0.10000000000000142
2022-01-23,NYC,37.0,37.2,37.2,36.0,0.20000000000000284,0.20000000000000284,-1.0
2022-01-24,NYC,36.0,32.6,32.6,36.0,-3.3999999999999986,-3.3999999999999986,0.0
2022-01-25,NYC,42.0,43.5,43.5,42.0,1.5,1.5,0.0
2022-01-26,NYC,28.0,26.7,26.7,27.0,-1.3000000000000007,-1.3000000000000007,-1.0
2022-01-27,NYC,32.0,31.6,31.6,30.9,-0.3999999999999986,-0.3999999999999986,-1.1000000000000014
2022-01-28,NYC,32.0,34.0,34.0,32.0,2.0,2.0,0.0
2022-01-29,NYC,29.0,29.1,29.1,27.0,0.10000000000000142,0.10000000000000142,-2.0
2022-01-30,NYC,26.0,22.5,22.5,26.1,-3.5,-3.5,0.10000000000000142
2022-01-31,NYC,31.0,26.1,26.1,30.9,-4.899999999999999,-4.899999999999999,-0.10000000000000142
2022-02-01,NYC,36.0,30.6,30.6,36.0,-5.399999999999999,-5.399999999999999,0.0
2022-02-02,NYC,47.0,39.0,39.0,47.0,-8.0,-8.0,0.0
2022-02-03,NYC,52.0,48.7,48.7,52.0,-3.299999999999997,-3.299999999999997,0.0
2022-02-04,NYC,57.0,54.8,54.8,56.0,-2.200000000000003,-2.200000000000003,-1.0
2022-02-05,NYC,27.0,28.8,28.8,26.1,1.8000000000000007,1.8000000000000007,-0.8999999999999986
2022-02-06,NYC,30.0,29.8,29.8,30.0,-0.1999999999999993,-0.1999999999999993,0.0
2022-02-07,NYC,37.0,37.3,37.3,37.4,0.29999999999999716,0.29999999999999716,0.3999999999999986
2022-02-08,NYC,45.0,46.5,46.5,44.0,1.5,1.5,-1.0
2022-02-09,NYC,46.0,41.6,41.6,46.0,-4.399999999999999,-4.399999999999999,0.0
2022-02-10,NYC,54.0,51.7,51.7,53.0,-2.299999999999997,-2.299999999999997,-1.0
2022-02-11,NYC,57.0,53.5,53.5,57.0,-3.5,-3.5,0.0
2022-02-12,NYC,59.0,55.8,55.8,57.0,-3.200000000000003,-3.200000000000003,-2.0
2022-02-13,NYC,42.0,41.1,41.1,41.0,-0.8999999999999986,-0.8999999999999986,-1.0
2022-02-14,NYC,25.0,26.1,26.1,24.1,1.1000000000000014,1.1000000000000014,-0.8999999999999986
2022-02-15,NYC,30.0,31.8,31.8,30.0,1.8000000000000007,1.8000000000000007,0.0
2022-02-16,NYC,49.0,43.4,43.4,49.0,-5.600000000000001,-5.600000000000001,0.0
2022-02-17,NYC,68.0,62.2,62.2,68.0,-5.799999999999997,-5.799999999999997,0.0
2022-02-18,NYC,63.0,60.3,60.3,63.0,-2.700000000000003,-2.700000000000003,0.0
2022-02-19,NYC,40.0,38.1,38.1,39.0,-1.8999999999999986,-1.8999999999999986,-1.0
2022-02-20,NYC,36.0,36.6,36.6,36.0,0.6000000000000014,0.6000000000000014,0.0
2022-02-21,NYC,55.0,50.0,50.0,54.0,-5.0,-5.0,-1.0
2022-02-22,NYC,61.0,56.7,56.7,61.0,-4.299999999999997,-4.299999999999997,0.0
2022-02-23,NYC,68.0,65.9,65.9,68.0,-2.0999999999999943,-2.0999999999999943,0.0
2022-02-24,NYC,35.0,36.0,36.0,33.0,1.0,1.0,-2.0
2022-02-25,NYC,41.0,43.4,43.4,41.0,2.3999999999999986,2.3999999999999986,0.0
2022-02-26,NYC,37.0,37.3,37.3,36.0,0.29999999999999716,0.29999999999999716,-1.0
2022-02-27,NYC,48.0,46.6,46.6,47.0,-1.3999999999999986,-1.3999999999999986,-1.0
2022-02-28,NYC,36.0,34.9,34.9,35.0,-1.1000000000000014,-1.1000000000000014,-1.0
2022-03-01,NYC,48.0,42.7,42.7,48.0,-5.299999999999997,-5.299999999999997,0.0
2022-03-02,NYC,52.0,50.8,50.8,51.0,-1.2000000000000028,-1.2000000000000028,-1.0
2022-03-03,NYC,48.0,41.6,41.6,46.0,-6.399999999999999,-6.399999999999999,-2.0
2022-03-04,NYC,37.0,37.9,37.9,36.0,0.8999999999999986,0.8999999999999986,-1.0
2022-03-05,NYC,46.0,42.6,42.6,45.0,-3.3999999999999986,-3.3999999999999986,-1.0
2022-03-06,NYC,68.0,67.4,67.4,68.0,-0.5999999999999943,-0.5999999999999943,0.0
2022-03-07,NYC,74.0,73.1,73.1,74.0,-0.9000000000000057,-0.9000000000000057,0.0
2022-03-08,NYC,50.0,55.9,55.9,47.0,5.899999999999999,5.899999999999999,-3.0
2022-03-09,NYC,41.0,38.0,38.0,41.0,-3.0,-3.0,0.0
2022-03-10,NYC,51.0,48.5,48.5,49.0,-2.5,-2.5,-2.0
2022-03-11,NYC,55.0,51.4,51.4,54.0,-3.6000000000000014,-3.6000000000000014,-1.0
2022-03-12,NYC,48.0,44.0,44.0,48.0,-4.0,-4.0,0.0
2022-03-13,NYC,35.0,37.2,37.2,33.0,2.200000000000003,2.200000000000003,-2.0
2022-03-14,NYC,56.0,55.8,55.8,56.0,-0.20000000000000284,-0.20000000000000284,0.0
2022-03-15,NYC,68.0,60.6,60.6,68.0,-7.399999999999999,-7.399999999999999,0.0
2022-03-16,NYC,67.0,61.2,61.2,65.0,-5.799999999999997,-5.799999999999997,-2.0
2022-03-17,NYC,53.0,54.4,54.4,53.6,1.3999999999999986,1.3999999999999986,0.6000000000000014
2022-03-18,NYC,74.0,69.7,69.7,72.0,-4.299999999999997,-4.299999999999997,-2.0
2022-03-19,NYC,70.0,65.2,65.2,69.0,-4.799999999999997,-4.799999999999997,-1.0
2022-03-20,NYC,61.0,58.8,58.8,59.0,-2.200000000000003,-2.200000000000003,-2.0
2022-03-21,NYC,62.0,60.3,60.3,62.0,-1.7000000000000028,-1.7000000000000028,0.0
2022-03-22,NYC,58.0,55.3,55.3,57.0,-2.700000000000003,-2.700000000000003,-1.0
2022-03-23,NYC,49.0,47.3,47.3,49.0,-1.7000000000000028,-1.7000000000000028,0.0
2022-03-24,NYC,47.0,50.0,50.0,47.0,3.0,3.0,0.0
2022-03-25,NYC,60.0,60.3,60.3,59.0,0.29999999999999716,0.29999999999999716,-1.0
2022-03-26,NYC,53.0,50.5,50.5,52.0,-2.5,-2.5,-1.0
2022-03-27,NYC,46.0,45.8,45.8,45.0,-0.20000000000000284,-0.20000000000000284,-1.0
2022-03-28,NYC,33.0,32.3,32.3,30.9,-0.7000000000000028,-0.7000000000000028,-2.1000000000000014
2022-03-29,NYC,38.0,38.1,38.1,36.0,0.10000000000000142,0.10000000000000142,-2.0
2022-03-30,NYC,47.0,42.9,42.9,46.0,-4.100000000000001,-4.100000000000001,-1.0
2022-03-31,NYC,66.0,66.4,66.4,66.0,0.4000000000000057,0.4000000000000057,0.0
2022-04-01,NYC,61.0,59.6,59.6,61.0,-1.3999999999999986,-1.3999999999999986,0.0
2022-04-02,NYC,54.0,52.2,52.2,53.0,-1.7999999999999972,-1.7999999999999972,-1.0
2022-04-03,NYC,48.0,47.2,47.2,47.0,-0.7999999999999972,-0.7999999999999972,-1.0
2022-04-04,NYC,54.0,54.2,54.2,53.0,0.20000000000000284,0.20000000000000284,-1.0
2022-04-05,NYC,57.0,54.0,54.0,56.0,-3.0,-3.0,-1.0
2022-04-06,NYC,53.0,54.8,54.8,53.0,1.7999999999999972,1.7999999999999972,0.0
2022-04-07,NYC,54.0,53.0,53.0,54.0,-1.0,-1.0,0.0
2022-04-08,NYC,65.0,62.0,62.0,63.0,-3.0,-3.0,-2.0
2022-04-09,NYC,55.0,56.8,56.8,55.0,1.7999999999999972,1.7999999999999972,0.0
2022-04-10,NYC,50.0,49.9,49.9,49.0,-0.10000000000000142,-0.10000000000000142,-1.0
2022-04-11,NYC,61.0,55.8,55.8,60.0,-5.200000000000003,-5.200000000000003,-1.0
2022-04-12,NYC,72.0,68.9,68.9,72.0,-3.0999999999999943,-3.0999999999999943,0.0
2022-04-13,NYC,71.0,66.2,66.2,69.0,-4.799999999999997,-4.799999999999997,-2.0
2022-04-14,NYC,79.0,82.8,82.8,78.0,3.799999999999997,3.799999999999997,-1.0
2022-04-15,NYC,70.0,66.7,66.7,69.0,-3.299999999999997,-3.299999999999997,-1.0
2022-04-16,NYC,73.0,67.0,67.0,71.0,-6.0,-6.0,-2.0
2022-04-17,NYC,51.0,50.3,50.3,50.0,-0.7000000000000028,-0.7000000000000028,-1.0
2022-04-18,NYC,54.0,51.3,51.3,53.0,-2.700000000000003,-2.700000000000003,-1.0
2022-04-19,NYC,50.0,52.0,52.0,48.0,2.0,2.0,-2.0
2022-04-20,NYC,60.0,57.2,57.2,59.0,-2.799999999999997,-2.799999999999997,-1.0
2022-04-21,NYC,59.0,55.6,55.6,59.0,-3.3999999999999986,-3.3999999999999986,0.0
2022-04-22,NYC,70.0,64.8,64.8,69.0,-5.200000000000003,-5.200000000000003,-1.0
2022-04-23,NYC,65.0,58.6,58.6,65.0,-6.399999999999999,-6.399999999999999,0.0
2022-04-24,NYC,63.0,60.7,60.7,61.0,-2.299999999999997,-2.299999999999997,-2.0
2022-04-25,NYC,58.0,59.5,59.5,58.0,1.5,1.5,0.0
2022-04-26,NYC,60.0,60.3,60.3,59.0,0.29999999999999716,0.29999999999999716,-1.0
2022-04-27,NYC,58.0,56.2,56.2,58.0,-1.7999999999999972,-1.7999999999999972,0.0
2022-04-28,NYC,58.0,54.3,54.3,57.0,-3.700000000000003,-3.700000000000003,-1.0
2022-04-29,NYC,63.0,59.6,59.6,62.0,-3.3999999999999986,-3.3999999999999986,-1.0
2022-04-30,NYC,68.0,64.0,64.0,67.0,-4.0,-4.0,-1.0
2022-05-01,NYC,69.0,65.9,65.9,69.0,-3.0999999999999943,-3.0999999999999943,0.0
2022-05-02,NYC,56.0,57.7,57.7,56.0,1.7000000000000028,1.7000000000000028,0.0
2022-05-03,NYC,62.0,65.2,65.2,62.0,3.200000000000003,3.200000000000003,0.0
2022-05-04,NYC,65.0,68.4,68.4,65.0,3.4000000000000057,3.4000000000000057,0.0
2022-05-05,NYC,74.0,70.8,70.8,74.0,-3.200000000000003,-3.200000000000003,0.0
2022-05-06,NYC,61.0,57.3,57.3,61.0,-3.700000000000003,-3.700000000000003,0.0
2022-05-07,NYC,50.0,51.0,51.0,50.0,1.0,1.0,0.0
2022-05-08,NYC,58.0,55.8,55.8,58.0,-2.200000000000003,-2.200000000000003,0.0
2022-05-09,NYC,70.0,66.1,66.1,69.0,-3.9000000000000057,-3.9000000000000057,-1.0
2022-05-10,NYC,73.0,68.3,68.3,72.0,-4.700000000000003,-4.700000000000003,-1.0
2022-05-11,NYC,75.0,69.6,69.6,74.0,-5.400000000000006,-5.400000000000006,-1.0
2022-05-12,NYC,75.0,70.6,70.6,74.0,-4.400000000000006,-4.400000000000006,-1.0
2022-05-13,NYC,72.0,70.8,70.8,71.0,-1.2000000000000028,-1.2000000000000028,-1.0
2022-05-14,NYC,72.0,70.8,70.8,72.0,-1.2000000000000028,-1.2000000000000028,0.0
2022-05-15,NYC,76.0,76.6,76.6,76.0,0.5999999999999943,0.5999999999999943,0.0
2022-05-16,NYC,75.0,74.6,74.6,73.0,-0.4000000000000057,-0.4000000000000057,-2.0
2022-05-17,NYC,77.0,73.7,73.7,76.0,-3.299999999999997,-3.299999999999997,-1.0
2022-05-18,NYC,72.0,70.4,70.4,71.0,-1.5999999999999943,-1.5999999999999943,-1.0
2022-05-19,NYC,66.0,71.7,71.7,66.0,5.700000000000003,5.700000000000003,0.0
2022-05-20,NYC,69.0,72.1,72.1,69.0,3.0999999999999943,3.0999999999999943,0.0
2022-05-21,NYC,90.0,89.0,89.0,89.0,-1.0,-1.0,-1.0
2022-05-22,NYC,89.0,86.9,86.9,88.0,-2.0999999999999943,-2.0999999999999943,-1.0
2022-05-23,NYC,73.0,72.4,72.4,74.0,-0.5999999999999943,-0.5999999999999943,1.0
2022-05-24,NYC,67.0,67.4,67.4,67.0,0.4000000000000057,0.4000000000000057,0.0
2022-05-25,NYC,70.0,67.6,67.6,69.0,-2.4000000000000057,-2.4000000000000057,-1.0
2022-05-26,NYC,70.0,68.0,68.0,69.0,-2.0,-2.0,-1.0
2022-05-27,NYC,80.0,74.8,74.8,80.0,-5.200000000000003,-5.200000000000003,0.0
2022-05-28,NYC,74.0,73.8,73.8,72.0,-0.20000000000000284,-0.20000000000000284,-2.0
2022-05-29,NYC,77.0,76.7,76.7,77.0,-0.29999999999999716,-0.29999999999999716,0.0
2022-05-30,NYC,84.0,85.0,85.0,84.0,1.0,1.0,0.0
2022-05-31,NYC,93.0,91.8,91.8,92.0,-1.2000000000000028,-1.2000000000000028,-1.0
2022-06-01,NYC,72.0,72.9,72.9,71.0,0.9000000000000057,0.9000000000000057,-1.0
2022-06-02,NYC,79.0,80.2,80.2,79.0,1.2000000000000028,1.2000000000000028,0.0
2022-06-03,NYC,76.0,77.7,77.7,75.0,1.7000000000000028,1.7000000000000028,-1.0
2022-06-04,NYC,80.0,80.8,80.8,80.0,0.7999999999999972,0.7999999999999972,0.0
2022-06-05,NYC,77.0,76.5,76.5,76.0,-0.5,-0.5,-1.0
2022-06-06,NYC,80.0,79.6,79.6,80.0,-0.4000000000000057,-0.4000000000000057,0.0
2022-06-07,NYC,78.0,76.3,76.3,77.0,-1.7000000000000028,-1.7000000000000028,-1.0
2022-06-08,NYC,82.0,84.0,84.0,81.0,2.0,2.0,-1.0
2022-06-09,NYC,81.0,82.6,82.6,80.0,1.5999999999999943,1.5999999999999943,-1.0
2022-06-10,NYC,77.0,79.2,79.2,76.0,2.200000000000003,2.200000000000003,-1.0
2022-06-11,NYC,74.0,75.4,75.4,73.0,1.4000000000000057,1.4000000000000057,-1.0
2022-06-12,NYC,72.0,73.0,73.0,72.0,1.0,1.0,0.0
2022-06-13,NYC,85.0,82.1,82.1,85.0,-2.9000000000000057,-2.9000000000000057,0.0
2022-06-14,NYC,81.0,84.4,84.4,81.0,3.4000000000000057,3.4000000000000057,0.0
2022-06-15,NYC,83.0,82.0,82.0,81.0,-1.0,-1.0,-2.0
2022-06-16,NYC,71.0,73.8,73.8,71.0,2.799999999999997,2.799999999999997,0.0
2022-06-17,NYC,88.0,89.5,89.5,88.0,1.5,1.5,0.0
2022-06-18,NYC,75.0,71.1,71.1,75.0,-3.9000000000000057,-3.9000000000000057,0.0
2022-06-19,NYC,73.0,72.5,72.5,73.0,-0.5,-0.5,0.0
2022-06-20,NYC,78.0,79.9,79.9,77.0,1.9000000000000057,1.9000000000000057,-1.0
2022-06-21,NYC,80.0,79.1,79.1,79.0,-0.9000000000000057,-0.9000000000000057,-1.0
2022-06-22,NYC,67.0,69.3,69.3,67.0,2.299999999999997,2.299999999999997,0.0
2022-06-23,NYC,74.0,72.9,72.9,71.0,-1.0999999999999943,-1.0999999999999943,-3.0
2022-06-24,NYC,81.0,80.3,80.3,81.0,-0.7000000000000028,-0.7000000000000028,0.0
2022-06-25,NYC,90.0,90.8,90.8,90.0,0.7999999999999972,0.7999999999999972,0.0
2022-06-26,NYC,89.0,87.7,87.7,88.0,-1.2999999999999972,-1.2999999999999972,-1.0
2022-06-27,NYC,77.0,79.4,79.4,77.0,2.4000000000000057,2.4000000000000057,0.0
2022-06-28,NYC,79.0,81.7,81.7,77.0,2.700000000000003,2.700000000000003,-2.0
2022-06-29,NYC,84.0,84.4,84.4,83.0,0.4000000000000057,0.4000000000000057,-1.0
2022-06-30,NYC,86.0,88.4,88.4,86.0,2.4000000000000057,2.4000000000000057,0.0
2022-07-01,NYC,91.0,92.9,92.9,90.0,1.9000000000000057,1.9000000000000057,-1.0
2022-07-02,NYC,87.0,87.7,87.7,86.0,0.7000000000000028,0.7000000000000028,-1.0
2022-07-03,NYC,88.0,88.4,88.4,86.0,0.4000000000000057,0.4000000000000057,-2.0
2022-07-04,NYC,85.0,87.8,87.8,85.0,2.799999999999997,2.799999999999997,0.0
2022-07-05,NYC,87.0,86.2,86.2,86.0,-0.7999999999999972,-0.7999999999999972,-1.0
2022-07-06,NYC,85.0,89.2,89.2,84.0,4.200000000000003,4.200000000000003,-1.0
2022-07-07,NYC,84.0,81.7,81.7,84.0,-2.299999999999997,-2.299999999999997,0.0
2022-07-08,NYC,83.0,85.6,85.6,82.0,2.5999999999999943,2.5999999999999943,-1.0
2022-07-09,NYC,85.0,86.2,86.2,85.0,1.2000000000000028,1.2000000000000028,0.0
2022-07-10,NYC,83.0,82.0,82.0,82.0,-1.0,-1.0,-1.0
2022-07-11,NYC,85.0,84.4,84.4,83.0,-0.5999999999999943,-0.5999999999999943,-2.0
2022-07-12,NYC,90.0,92.9,92.9,89.0,2.9000000000000057,2.9000000000000057,-1.0
2022-07-13,NYC,91.0,91.6,91.6,90.0,0.5999999999999943,0.5999999999999943,-1.0
2022-07-14,NYC,90.0,89.8,89.8,89.0,-0.20000000000000284,-0.20000000000000284,-1.0
2022-07-15,NYC,86.0,84.6,84.6,85.0,-1.4000000000000057,-1.4000000000000057,-1.0
2022-07-16,NYC,85.0,82.8,82.8,84.0,-2.200000000000003,-2.200000000000003,-1.0
2022-07-17,NYC,83.0,83.1,83.1,82.0,0.09999999999999432,0.09999999999999432,-1.0
2022-07-18,NYC,81.0,86.0,86.0,80.0,5.0,5.0,-1.0
2022-07-19,NYC,90.0,91.5,91.5,90.0,1.5,1.5,0.0
2022-07-20,NYC,95.0,93.4,93.4,93.0,-1.5999999999999943,-1.5999999999999943,-2.0
2022-07-21,NYC,92.0,91.9,91.9,91.0,-0.09999999999999432,-0.09999999999999432,-1.0
2022-07-22,NYC,94.0,94.4,94.4,93.0,0.4000000000000057,0.4000000000000057,-1.0
2022-07-23,NYC,95.0,95.5,95.5,94.0,0.5,0.5,-1.0
2022-07-24,NYC,95.0,97.0,97.0,94.0,2.0,2.0,-1.0
2022-07-25,NYC,86.0,88.6,88.6,86.0,2.5999999999999943,2.5999999999999943,0.0
2022-07-26,NYC,81.0,84.8,84.8,80.0,3.799999999999997,3.799999999999997,-1.0
2022-07-27,NYC,85.0,83.9,83.9,83.0,-1.0999999999999943,-1.0999999999999943,-2.0
2022-07-28,NYC,87.0,88.9,88.9,86.0,1.9000000000000057,1.9000000000000057,-1.0
2022-07-29,NYC,85.0,87.9,87.9,85.0,2.9000000000000057,2.9000000000000057,0.0
2022-07-30,NYC,87.0,90.2,90.2,86.0,3.200000000000003,3.200000000000003,-1.0
2022-07-31,NYC,86.0,85.1,85.1,86.0,-0.9000000000000057,-0.9000000000000057,0.0
2022-08-01,NYC,77.0,80.3,80.3,77.0,3.299999999999997,3.299999999999997,0.0
2022-08-02,NYC,90.0,91.7,91.7,89.0,1.7000000000000028,1.7000000000000028,-1.0
2022-08-03,NYC,89.0,90.3,90.3,89.0,1.2999999999999972,1.2999999999999972,0.0
2022-08-04,NYC,93.0,92.8,92.8,92.0,-0.20000000000000284,-0.20000000000000284,-1.0
2022-08-05,NYC,89.0,90.9,90.9,89.0,1.9000000000000057,1.9000000000000057,0.0
2022-08-06,NYC,92.0,90.7,90.7,90.0,-1.2999999999999972,-1.2999999999999972,-2.0
2022-08-07,NYC,92.0,93.8,93.8,91.0,1.7999999999999972,1.7999999999999972,-1.0
2022-08-08,NYC,93.0,94.1,94.1,93.0,1.0999999999999943,1.0999999999999943,0.0
2022-08-09,NYC,97.0,98.3,98.3,95.0,1.2999999999999972,1.2999999999999972,-2.0
2022-08-10,NYC,87.0,89.6,89.6,87.0,2.5999999999999943,2.5999999999999943,0.0
2022-08-11,NYC,89.0,89.9,89.9,89.0,0.9000000000000057,0.9000000000000057,0.0
2022-08-12,NYC,85.0,84.3,84.3,85.0,-0.7000000000000028,-0.7000000000000028,0.0
2022-08-13,NYC,79.0,80.9,80.9,79.0,1.9000000000000057,1.9000000000000057,0.0
2022-08-14,NYC,82.0,82.2,82.2,81.0,0.20000000000000284,0.20000000000000284,-1.0
2022-08-15,NYC,83.0,82.8,82.8,82.0,-0.20000000000000284,-0.20000000000000284,-1.0
2022-08-16,NYC,83.0,82.6,82.6,83.0,-0.4000000000000057,-0.4000000000000057,0.0
2022-08-17,NYC,81.0,80.5,80.5,80.0,-0.5,-0.5,-1.0
2022-08-18,NYC,87.0,87.4,87.4,85.0,0.4000000000000057,0.4000000000000057,-2.0
2022-08-19,NYC,90.0,89.3,89.3,90.0,-0.7000000000000028,-0.7000000000000028,0.0
2022-08-20,NYC,90.0,89.2,89.2,89.0,-0.7999999999999972,-0.7999999999999972,-1.0
2022-08-21,NYC,82.0,82.7,82.7,81.0,0.7000000000000028,0.7000000000000028,-1.0
2022-08-22,NYC,79.0,76.6,76.6,79.0,-2.4000000000000057,-2.4000000000000057,0.0
2022-08-23,NYC,86.0,84.8,84.8,85.0,-1.2000000000000028,-1.2000000000000028,-1.0
2022-08-24,NYC,90.0,88.2,88.2,89.0,-1.7999999999999972,-1.7999999999999972,-1.0
2022-08-25,NYC,91.0,90.1,90.1,90.0,-0.9000000000000057,-0.9000000000000057,-1.0
2022-08-26,NYC,87.0,85.8,85.8,85.0,-1.2000000000000028,-1.2000000000000028,-2.0
2022-08-27,NYC,90.0,85.0,85.0,89.0,-5.0,-5.0,-1.0
2022-08-28,NYC,82.0,81.8,81.8,81.0,-0.20000000000000284,-0.20000000000000284,-1.0
2022-08-29,NYC,85.0,83.8,83.8,85.0,-1.2000000000000028,-1.2000000000000028,0.0
2022-08-30,NYC,89.0,86.4,86.4,88.0,-2.5999999999999943,-2.5999999999999943,-1.0
2022-08-31,NYC,85.0,83.8,83.8,85.0,-1.2000000000000028,-1.2000000000000028,0.0
2022-09-01,NYC,86.0,85.0,85.0,86.0,-1.0,-1.0,0.0
2022-09-02,NYC,79.0,77.6,77.6,79.0,-1.4000000000000057,-1.4000000000000057,0.0
2022-09-03,NYC,82.0,80.4,80.4,81.0,-1.5999999999999943,-1.5999999999999943,-1.0
2022-09-04,NYC,90.0,85.9,85.9,89.0,-4.099999999999994,-4.099999999999994,-1.0
2022-09-05,NYC,88.0,83.1,83.1,87.0,-4.900000000000006,-4.900000000000006,-1.0
2022-09-06,NYC,74.0,72.5,72.5,73.0,-1.5,-1.5,-1.0
2022-09-07,NYC,72.0,73.0,73.0,72.0,1.0,1.0,0.0
2022-09-08,NYC,78.0,75.3,75.3,78.0,-2.700000000000003,-2.700000000000003,0.0
2022-09-09,NYC,80.0,79.5,79.5,80.0,-0.5,-0.5,0.0
2022-09-10,NYC,86.0,81.5,81.5,86.0,-4.5,-4.5,0.0
2022-09-11,NYC,76.0,76.3,76.3,75.0,0.29999999999999716,0.29999999999999716,-1.0
2022-09-12,NYC,81.0,82.6,82.6,81.0,1.5999999999999943,1.5999999999999943,0.0
2022-09-13,NYC,82.0,79.1,79.1,82.0,-2.9000000000000057,-2.9000000000000057,0.0
2022-09-14,NYC,80.0,79.7,79.7,79.0,-0.29999999999999716,-0.29999999999999716,-1.0
2022-09-15,NYC,74.0,71.7,71.7,74.0,-2.299999999999997,-2.299999999999997,0.0
2022-09-16,NYC,75.0,74.8,74.8,76.0,-0.20000000000000284,-0.20000000000000284,1.0
2022-09-17,NYC,76.0,73.5,73.5,74.0,-2.5,-2.5,-2.0
2022-09-18,NYC,83.0,83.9,83.9,83.0,0.9000000000000057,0.9000000000000057,0.0
2022-09-19,NYC,85.0,86.4,86.4,85.0,1.4000000000000057,1.4000000000000057,0.0
2022-09-20,NYC,79.0,78.4,78.4,78.0,-0.5999999999999943,-0.5999999999999943,-1.0
2022-09-21,NYC,80.0,80.0,80.0,80.0,0.0,0.0,0.0
2022-09-22,NYC,75.0,77.0,77.0,74.0,2.0,2.0,-1.0
2022-09-23,NYC,63.0,61.8,61.8,62.0,-1.2000000000000028,-1.2000000000000028,-1.0
2022-09-24,NYC,69.0,69.3,69.3,69.0,0.29999999999999716,0.29999999999999716,0.0
2022-09-25,NYC,72.0,75.0,75.0,72.0,3.0,3.0,0.0
2022-09-26,NYC,74.0,74.8,74.8,73.0,0.7999999999999972,0.7999999999999972,-1.0
2022-09-27,NYC,70.0,70.7,70.7,68.0,0.7000000000000028,0.7000000000000028,-2.0
2022-09-28,NYC,69.0,69.8,69.8,69.0,0.7999999999999972,0.7999999999999972,0.0
2022-09-29,NYC,66.0,66.7,66.7,66.0,0.7000000000000028,0.7000000000000028,0.0
2022-09-30,NYC,62.0,62.4,62.4,61.0,0.3999999999999986,0.3999999999999986,-1.0
2022-10-01,NYC,61.0,63.6,63.6,61.0,2.6000000000000014,2.6000000000000014,0.0
2022-10-02,NYC,60.0,59.0,59.0,60.0,-1.0,-1.0,0.0
2022-10-03,NYC,53.0,53.5,53.5,52.0,0.5,0.5,-1.0
2022-10-04,NYC,55.0,55.2,55.2,55.4,0.20000000000000284,0.20000000000000284,0.3999999999999986
2022-10-05,NYC,59.0,60.7,60.7,59.0,1.7000000000000028,1.7000000000000028,0.0
2022-10-06,NYC,74.0,72.6,72.6,73.0,-1.4000000000000057,-1.4000000000000057,-1.0
2022-10-07,NYC,76.0,75.0,75.0,76.0,-1.0,-1.0,0.0
2022-10-08,NYC,58.0,58.5,58.5,58.0,0.5,0.5,0.0
2022-10-09,NYC,61.0,61.8,61.8,61.0,0.7999999999999972,0.7999999999999972,0.0
2022-10-10,NYC,67.0,67.7,67.7,67.0,0.7000000000000028,0.7000000000000028,0.0
2022-10-11,NYC,70.0,68.0,68.0,69.0,-2.0,-2.0,-1.0
2022-10-12,NYC,70.0,67.1,67.1,69.0,-2.9000000000000057,-2.9000000000000057,-1.0
2022-10-13,NYC,69.0,70.0,70.0,69.0,1.0,1.0,0.0
2022-10-14,NYC,67.0,66.4,66.4,66.0,-0.5999999999999943,-0.5999999999999943,-1.0
2022-10-15,NYC,68.0,66.5,66.5,68.0,-1.5,-1.5,0.0
2022-10-16,NYC,64.0,64.0,64.0,64.0,0.0,0.0,0.0
2022-10-17,NYC,66.0,65.8,65.8,66.0,-0.20000000000000284,-0.20000000000000284,0.0
2022-10-18,NYC,56.0,56.7,56.7,55.0,0.7000000000000028,0.7000000000000028,-1.0
2022-10-19,NYC,54.0,53.9,53.9,53.0,-0.10000000000000142,-0.10000000000000142,-1.0
2022-10-20,NYC,58.0,57.7,57.7,57.0,-0.29999999999999716,-0.29999999999999716,-1.0
2022-10-21,NYC,62.0,60.9,60.9,62.0,-1.1000000000000014,-1.1000000000000014,0.0
2022-10-22,NYC,66.0,64.0,64.0,65.0,-2.0,-2.0,-1.0
2022-10-23,NYC,61.0,60.4,60.4,61.0,-0.6000000000000014,-0.6000000000000014,0.0
2022-10-24,NYC,61.0,61.5,61.5,61.0,0.5,0.5,0.0
2022-10-25,NYC,70.0,70.1,70.1,70.0,0.09999999999999432,0.09999999999999432,0.0
2022-10-26,NYC,72.0,70.2,70.2,72.0,-1.7999999999999972,-1.7999999999999972,0.0
2022-10-27,NYC,65.0,63.4,63.4,65.0,-1.6000000000000014,-1.6000000000000014,0.0
2022-10-28,NYC,56.0,55.8,55.8,56.0,-0.20000000000000284,-0.20000000000000284,0.0
2022-10-29,NYC,58.0,58.4,58.4,58.0,0.3999999999999986,0.3999999999999986,0.0
2022-10-30,NYC,63.0,61.3,61.3,62.0,-1.7000000000000028,-1.7000000000000028,-1.0
2022-10-31,NYC,65.0,63.2,63.2,64.0,-1.7999999999999972,-1.7999999999999972,-1.0
2022-11-01,NYC,67.0,67.1,67.1,67.0,0.09999999999999432,0.09999999999999432,0.0
2022-11-02,NYC,70.0,68.3,68.3,69.0,-1.7000000000000028,-1.7000000000000028,-1.0
2022-11-03,NYC,67.0,64.3,64.3,67.0,-2.700000000000003,-2.700000000000003,0.0
2022-11-04,NYC,70.0,68.2,68.2,70.0,-1.7999999999999972,-1.7999999999999972,0.0
2022-11-05,NYC,76.0,72.9,72.9,76.0,-3.0999999999999943,-3.0999999999999943,0.0
2022-11-06,NYC,75.0,74.1,74.1,74.0,-0.9000000000000057,-0.9000000000000057,-1.0
2022-11-07,NYC,77.0,74.8,74.8,76.0,-2.200000000000003,-2.200000000000003,-1.0
2022-11-08,NYC,58.0,56.2,56.2,57.0,-1.7999999999999972,-1.7999999999999972,-1.0
2022-11-09,NYC,53.0,51.1,51.1,53.0,-1.8999999999999986,-1.8999999999999986,0.0
2022-11-10,NYC,66.0,63.5,63.5,66.0,-2.5,-2.5,0.0
2022-11-11,NYC,68.0,65.9,65.9,68.0,-2.0999999999999943,-2.0999999999999943,0.0
2022-11-12,NYC,69.0,68.4,68.4,68.0,-0.5999999999999943,-0.5999999999999943,-1.0
2022-11-13,NYC,61.0,56.7,56.7,60.0,-4.299999999999997,-4.299999999999997,-1.0
2022-11-14,NYC,45.0,45.6,45.6,44.0,0.6000000000000014,0.6000000000000014,-1.0
2022-11-15,NYC,46.0,45.4,45.4,46.0,-0.6000000000000014,-0.6000000000000014,0.0
2022-11-16,NYC,50.0,52.2,52.2,50.0,2.200000000000003,2.200000000000003,0.0
2022-11-17,NYC,46.0,46.8,46.8,45.0,0.7999999999999972,0.7999999999999972,-1.0
2022-11-18,NYC,44.0,43.1,43.1,43.0,-0.8999999999999986,-0.8999999999999986,-1.0
2022-11-19,NYC,40.0,39.6,39.6,40.0,-0.3999999999999986,-0.3999999999999986,0.0
2022-11-20,NYC,40.0,36.0,36.0,39.0,-4.0,-4.0,-1.0
2022-11-21,NYC,41.0,39.2,39.2,41.0,-1.7999999999999972,-1.7999999999999972,0.0
2022-11-22,NYC,51.0,49.1,49.1,51.0,-1.8999999999999986,-1.8999999999999986,0.0
2022-11-23,NYC,55.0,53.0,53.0,55.0,-2.0,-2.0,0.0
2022-11-24,NYC,54.0,51.1,51.1,53.0,-2.8999999999999986,-2.8999999999999986,-1.0
2022-11-25,NYC,55.0,53.4,53.4,55.0,-1.6000000000000014,-1.6000000000000014,0.0
2022-11-26,NYC,57.0,54.0,54.0,56.0,-3.0,-3.0,-1.0
2022-11-27,NYC,60.0,57.3,57.3,60.0,-2.700000000000003,-2.700000000000003,0.0
2022-11-28,NYC,54.0,53.6,53.6,54.0,-0.3999999999999986,-0.3999999999999986,0.0
2022-11-29,NYC,44.0,43.3,43.3,43.0,-0.7000000000000028,-0.7000000000000028,-1.0
2022-11-30,NYC,58.0,55.4,55.4,58.0,-2.6000000000000014,-2.6000000000000014,0.0
2022-12-01,NYC,43.0,42.9,42.9,42.0,-0.10000000000000142,-0.10000000000000142,-1.0
2022-12-02,NYC,47.0,41.0,41.0,47.0,-6.0,-6.0,0.0
2022-12-03,NYC,58.0,56.2,56.2,58.0,-1.7999999999999972,-1.7999999999999972,0.0
2022-12-04,NYC,45.0,44.2,44.2,45.0,-0.7999999999999972,-0.7999999999999972,0.0
2022-12-05,NYC,48.0,43.4,43.4,48.0,-4.600000000000001,-4.600000000000001,0.0
2022-12-06,NYC,58.0,54.1,54.1,58.0,-3.8999999999999986,-3.8999999999999986,0.0
2022-12-07,NYC,59.0,58.0,58.0,59.0,-1.0,-1.0,0.0
2022-12-08,NYC,55.0,52.7,52.7,54.0,-2.299999999999997,-2.299999999999997,-1.0
2022-12-09,NYC,45.0,44.4,44.4,45.0,-0.6000000000000014,-0.6000000000000014,0.0
2022-12-10,NYC,39.0,40.8,40.8,39.0,1.7999999999999972,1.7999999999999972,0.0
2022-12-11,NYC,40.0,39.5,39.5,40.0,-0.5,-0.5,0.0
2022-12-12,NYC,38.0,39.4,39.4,38.0,1.3999999999999986,1.3999999999999986,0.0
2022-12-13,NYC,40.0,40.6,40.6,40.0,0.6000000000000014,0.6000000000000014,0.0
2022-12-14,NYC,39.0,39.9,39.9,38.0,0.8999999999999986,0.8999999999999986,-1.0
2022-12-15,NYC,42.0,40.5,40.5,42.0,-1.5,-1.5,0.0
2022-12-16,NYC,44.0,43.7,43.7,44.6,-0.29999999999999716,-0.29999999999999716,0.6000000000000014
2022-12-17,NYC,44.0,44.2,44.2,44.0,0.20000000000000284,0.20000000000000284,0.0
2022-12-18,NYC,40.0,39.2,39.2,40.0,-0.7999999999999972,-0.7999999999999972,0.0
2022-12-19,NYC,39.0,38.3,38.3,38.0,-0.7000000000000028,-0.7000000000000028,-1.0
2022-12-20,NYC,39.0,38.8,38.8,39.0,-0.20000000000000284,-0.20000000000000284,0.0
2022-12-21,NYC,40.0,37.8,37.8,40.0,-2.200000000000003,-2.200000000000003,0.0
2022-12-22,NYC,47.0,44.4,44.4,46.0,-2.6000000000000014,-2.6000000000000014,-1.0
2022-12-23,NYC,58.0,55.4,55.4,57.2,-2.6000000000000014,-2.6000000000000014,-0.7999999999999972
2022-12-24,NYC,15.0,19.8,19.8,15.1,4.800000000000001,4.800000000000001,0.09999999999999964
2022-12-25,NYC,28.0,29.1,29.1,27.0,1.1000000000000014,1.1000000000000014,-1.0
2022-12-26,NYC,29.0,30.6,30.6,28.9,1.6000000000000014,1.6000000000000014,-0.10000000000000142
2022-12-27,NYC,35.0,39.1,39.1,34.0,4.100000000000001,4.100000000000001,-1.0
2022-12-28,NYC,47.0,43.8,43.8,47.0,-3.200000000000003,-3.200000000000003,0.0
2022-12-29,NYC,51.0,47.0,47.0,50.0,-4.0,-4.0,-1.0
2022-12-30,NYC,62.0,55.8,55.8,62.0,-6.200000000000003,-6.200000000000003,0.0
2022-12-31,NYC,55.0,52.2,52.2,55.0,-2.799999999999997,-2.799999999999997,0.0
2023-01-01,NYC,55.0,52.7,52.7,54.0,-2.299999999999997,-2.299999999999997,-1.0
2023-01-02,NYC,56.0,54.6,54.6,56.0,-1.3999999999999986,-1.3999999999999986,0.0
2023-01-03,NYC,58.0,55.5,55.5,57.0,-2.5,-2.5,-1.0
2023-01-04,NYC,66.0,64.0,64.0,66.0,-2.0,-2.0,0.0
2023-01-05,NYC,50.0,55.5,55.5,50.0,5.5,5.5,0.0
2023-01-06,NYC,49.0,46.9,46.9,48.2,-2.1000000000000014,-2.1000000000000014,-0.7999999999999972
2023-01-07,NYC,45.0,46.6,46.6,44.0,1.6000000000000014,1.6000000000000014,-1.0
2023-01-08,NYC,41.0,39.7,39.7,41.0,-1.2999999999999972,-1.2999999999999972,0.0
2023-01-09,NYC,44.0,44.7,44.7,44.0,0.7000000000000028,0.7000000000000028,0.0
2023-01-10,NYC,41.0,43.3,43.3,41.0,2.299999999999997,2.299999999999997,0.0
2023-01-11,NYC,39.0,38.1,38.1,39.0,-0.8999999999999986,-0.8999999999999986,0.0
2023-01-12,NYC,55.0,50.4,50.4,54.0,-4.600000000000001,-4.600000000000001,-1.0
2023-01-13,NYC,57.0,55.0,55.0,57.0,-2.0,-2.0,0.0
2023-01-14,NYC,38.0,37.3,37.3,38.0,-0.7000000000000028,-0.7000000000000028,0.0
2023-01-15,NYC,41.0,40.6,40.6,41.0,-0.3999999999999986,-0.3999999999999986,0.0
2023-01-16,NYC,48.0,46.7,46.7,48.0,-1.2999999999999972,-1.2999999999999972,0.0
2023-01-17,NYC,47.0,45.0,45.0,47.0,-2.0,-2.0,0.0
2023-01-18,NYC,53.0,51.0,51.0,52.0,-2.0,-2.0,-1.0
2023-01-19,NYC,44.0,41.6,41.6,44.0,-2.3999999999999986,-2.3999999999999986,0.0
2023-01-20,NYC,49.0,47.4,47.4,49.0,-1.6000000000000014,-1.6000000000000014,0.0
2023-01-21,NYC,42.0,42.9,42.9,41.0,0.8999999999999986,0.8999999999999986,-1.0
2023-01-22,NYC,42.0,41.7,41.7,42.0,-0.29999999999999716,-0.29999999999999716,0.0
2023-01-23,NYC,39.0,37.3,37.3,39.0,-1.7000000000000028,-1.7000000000000028,0.0
2023-01-24,NYC,46.0,45.6,45.6,45.0,-0.3999999999999986,-0.3999999999999986,-1.0
2023-01-25,NYC,54.0,51.5,51.5,54.0,-2.5,-2.5,0.0
2023-01-26,NYC,57.0,53.4,53.4,56.0,-3.6000000000000014,-3.6000000000000014,-1.0
2023-01-27,NYC,44.0,43.0,43.0,41.0,-1.0,-1.0,-3.0
2023-01-28,NYC,52.0,51.1,51.1,51.0,-0.8999999999999986,-0.8999999999999986,-1.0
2023-01-29,NYC,53.0,50.5,50.5,53.0,-2.5,-2.5,0.0
2023-01-30,NYC,55.0,52.6,52.6,54.0,-2.3999999999999986,-2.3999999999999986,-1.0
2023-01-31,NYC,50.0,43.7,43.7,49.0,-6.299999999999997,-6.299999999999997,-1.0
2023-02-01,NYC,38.0,37.2,37.2,37.0,-0.7999999999999972,-0.7999999999999972,-1.0
2023-02-02,NYC,40.0,39.0,39.0,39.0,-1.0,-1.0,-1.0
2023-02-03,NYC,35.0,32.6,32.6,35.0,-2.3999999999999986,-2.3999999999999986,0.0
2023-02-04,NYC,27.0,24.7,24.7,27.0,-2.3000000000000007,-2.3000000000000007,0.0
2023-02-05,NYC,49.0,47.9,47.9,49.0,-1.1000000000000014,-1.1000000000000014,0.0
2023-02-06,NYC,52.0,49.8,49.8,52.0,-2.200000000000003,-2.200000000000003,0.0
2023-02-07,NYC,43.0,38.4,38.4,43.0,-4.600000000000001,-4.600000000000001,0.0
2023-02-08,NYC,53.0,50.3,50.3,53.0,-2.700000000000003,-2.700000000000003,0.0
2023-02-09,NYC,55.0,51.3,51.3,55.0,-3.700000000000003,-3.700000000000003,0.0
2023-02-10,NYC,61.0,56.5,56.5,60.0,-4.5,-4.5,-1.0
2023-02-11,NYC,46.0,44.1,44.1,45.0,-1.8999999999999986,-1.8999999999999986,-1.0
2023-02-12,NYC,48.0,44.4,44.4,48.0,-3.6000000000000014,-3.6000000000000014,0.0
2023-02-13,NYC,57.0,55.1,55.1,57.0,-1.8999999999999986,-1.8999999999999986,0.0
2023-02-14,NYC,54.0,51.9,51.9,54.0,-2.1000000000000014,-2.1000000000000014,0.0
2023-02-15,NYC,67.0,62.0,62.0,66.0,-5.0,-5.0,-1.0
2023-02-16,NYC,70.0,66.7,66.7,69.0,-3.299999999999997,-3.299999999999997,-1.0
2023-02-17,NYC,61.0,59.6,59.6,61.0,-1.3999999999999986,-1.3999999999999986,0.0
2023-02-18,NYC,43.0,42.3,42.3,42.0,-0.7000000000000028,-0.7000000000000028,-1.0
2023-02-19,NYC,50.0,46.6,46.6,49.0,-3.3999999999999986,-3.3999999999999986,-1.0
2023-02-20,NYC,61.0,59.1,59.1,61.0,-1.8999999999999986,-1.8999999999999986,0.0
2023-02-21,NYC,50.0,46.1,46.1,48.0,-3.8999999999999986,-3.8999999999999986,-2.0
2023-02-22,NYC,44.0,41.9,41.9,43.0,-2.1000000000000014,-2.1000000000000014,-1.0
2023-02-23,NYC,44.0,45.0,45.0,44.0,1.0,1.0,0.0
2023-02-24,NYC,45.0,44.6,44.6,45.0,-0.3999999999999986,-0.3999999999999986,0.0
2023-02-25,NYC,33.0,31.9,31.9,33.0,-1.1000000000000014,-1.1000000000000014,0.0
2023-02-26,NYC,50.0,49.9,49.9,50.0,-0.10000000000000142,-0.10000000000000142,0.0
2023-02-27,NYC,46.0,41.1,41.1,44.0,-4.899999999999999,-4.899999999999999,-2.0
2023-02-28,NYC,38.0,35.9,35.9,37.0,-2.1000000000000014,-2.1000000000000014,-1.0
2023-03-01,NYC,44.0,42.6,42.6,44.0,-1.3999999999999986,-1.3999999999999986,0.0
2023-03-02,NYC,54.0,56.5,56.5,54.0,2.5,2.5,0.0
2023-03-03,NYC,47.0,45.4,45.4,46.0,-1.6000000000000014,-1.6000000000000014,-1.0
2023-03-04,NYC,45.0,43.2,43.2,44.0,-1.7999999999999972,-1.7999999999999972,-1.0
2023-03-05,NYC,53.0,53.5,53.5,52.0,0.5,0.5,-1.0
2023-03-06,NYC,52.0,50.1,50.1,51.0,-1.8999999999999986,-1.8999999999999986,-1.0
2023-03-07,NYC,47.0,45.1,45.1,46.0,-1.8999999999999986,-1.8999999999999986,-1.0
2023-03-08,NYC,48.0,47.7,47.7,48.0,-0.29999999999999716,-0.29999999999999716,0.0
2023-03-09,NYC,51.0,50.7,50.7,51.0,-0.29999999999999716,-0.29999999999999716,0.0
2023-03-10,NYC,46.0,45.2,45.2,45.0,-0.7999999999999972,-0.7999999999999972,-1.0
2023-03-11,NYC,45.0,44.6,44.6,44.0,-0.3999999999999986,-0.3999999999999986,-1.0
2023-03-12,NYC,48.0,46.5,46.5,47.0,-1.5,-1.5,-1.0
2023-03-13,NYC,45.0,42.6,42.6,44.6,-2.3999999999999986,-2.3999999999999986,-0.3999999999999986
2023-03-14,NYC,38.0,37.8,37.8,38.0,-0.20000000000000284,-0.20000000000000284,0.0
2023-03-15,NYC,45.0,44.4,44.4,44.0,-0.6000000000000014,-0.6000000000000014,-1.0
2023-03-16,NYC,59.0,55.6,55.6,58.0,-3.3999999999999986,-3.3999999999999986,-1.0
2023-03-17,NYC,60.0,56.6,56.6,59.0,-3.3999999999999986,-3.3999999999999986,-1.0
2023-03-18,NYC,56.0,51.3,51.3,56.0,-4.700000000000003,-4.700000000000003,0.0
2023-03-19,NYC,40.0,38.5,38.5,41.0,-1.5,-1.5,1.0
2023-03-20,NYC,51.0,51.0,51.0,51.0,0.0,0.0,0.0
2023-03-21,NYC,63.0,59.8,59.8,63.0,-3.200000000000003,-3.200000000000003,0.0
2023-03-22,NYC,62.0,55.8,55.8,61.0,-6.200000000000003,-6.200000000000003,-1.0
2023-03-23,NYC,60.0,58.4,58.4,60.0,-1.6000000000000014,-1.6000000000000014,0.0
2023-03-24,NYC,55.0,54.7,54.7,56.0,-0.29999999999999716,-0.29999999999999716,1.0
2023-03-25,NYC,47.0,44.3,44.3,47.0,-2.700000000000003,-2.700000000000003,0.0
2023-03-26,NYC,63.0,58.7,58.7,62.0,-4.299999999999997,-4.299999999999997,-1.0
2023-03-27,NYC,62.0,58.5,58.5,61.0,-3.5,-3.5,-1.0
2023-03-28,NYC,52.0,52.1,52.1,52.0,0.10000000000000142,0.10000000000000142,0.0
2023-03-29,NYC,55.0,52.2,52.2,54.0,-2.799999999999997,-2.799999999999997,-1.0
2023-03-30,NYC,46.0,45.2,45.2,45.0,-0.7999999999999972,-0.7999999999999972,-1.0
2023-03-31,NYC,57.0,49.5,49.5,54.0,-7.5,-7.5,-3.0
2023-04-01,NYC,72.0,67.3,67.3,71.0,-4.700000000000003,-4.700000000000003,-1.0
2023-04-02,NYC,51.0,50.5,50.5,51.0,-0.5,-0.5,0.0
2023-04-03,NYC,59.0,55.6,55.6,58.0,-3.3999999999999986,-3.3999999999999986,-1.0
2023-04-04,NYC,73.0,66.4,66.4,72.0,-6.599999999999994,-6.599999999999994,-1.0
2023-04-05,NYC,57.0,55.9,55.9,57.0,-1.1000000000000014,-1.1000000000000014,0.0
2023-04-06,NYC,80.0,77.5,77.5,78.0,-2.5,-2.5,-2.0
2023-04-07,NYC,60.0,56.8,56.8,60.0,-3.200000000000003,-3.200000000000003,0.0
2023-04-08,NYC,54.0,51.5,51.5,52.0,-2.5,-2.5,-2.0
2023-04-09,NYC,57.0,54.0,54.0,55.0,-3.0,-3.0,-2.0
2023-04-10,NYC,68.0,64.0,64.0,66.0,-4.0,-4.0,-2.0
2023-04-11,NYC,75.0,72.7,72.7,74.0,-2.299999999999997,-2.299999999999997,-1.0
2023-04-12,NYC,84.0,80.9,80.9,84.0,-3.0999999999999943,-3.0999999999999943,0.0
2023-04-13,NYC,90.0,86.7,86.7,89.0,-3.299999999999997,-3.299999999999997,-1.0
2023-04-14,NYC,91.0,84.7,84.7,90.0,-6.299999999999997,-6.299999999999997,-1.0
2023-04-15,NYC,75.0,70.2,70.2,74.0,-4.799999999999997,-4.799999999999997,-1.0
2023-04-16,NYC,71.0,69.7,69.7,70.0,-1.2999999999999972,-1.2999999999999972,-1.0
2023-04-17,NYC,68.0,67.6,67.6,67.0,-0.4000000000000057,-0.4000000000000057,-1.0
2023-04-18,NYC,57.0,56.9,56.9,56.0,-0.10000000000000142,-0.10000000000000142,-1.0
2023-04-19,NYC,64.0,63.0,63.0,64.0,-1.0,-1.0,0.0
2023-04-20,NYC,66.0,61.5,61.5,65.0,-4.5,-4.5,-1.0
2023-04-21,NYC,71.0,67.8,67.8,70.0,-3.200000000000003,-3.200000000000003,-1.0
2023-04-22,NYC,67.0,67.6,67.6,65.0,0.5999999999999943,0.5999999999999943,-2.0
2023-04-23,NYC,69.0,65.1,65.1,68.0,-3.9000000000000057,-3.9000000000000057,-1.0
2023-04-24,NYC,62.0,60.9,60.9,60.0,-1.1000000000000014,-1.1000000000000014,-2.0
2023-04-25,NYC,60.0,58.4,58.4,59.0,-1.6000000000000014,-1.6000000000000014,-1.0
2023-04-26,NYC,60.0,57.0,57.0,58.0,-3.0,-3.0,-2.0
2023-04-27,NYC,57.0,56.6,56.6,56.0,-0.3999999999999986,-0.3999999999999986,-1.0
2023-04-28,NYC,56.0,55.7,55.7,55.0,-0.29999999999999716,-0.29999999999999716,-1.0
2023-04-29,NYC,53.0,54.0,54.0,53.0,1.0,1.0,0.0
2023-04-30,NYC,60.0,59.2,59.2,60.8,-0.7999999999999972,-0.7999999999999972,0.7999999999999972
2023-05-01,NYC,61.0,60.1,60.1,61.0,-0.8999999999999986,-0.8999999999999986,0.0
2023-05-02,NYC,56.0,55.8,55.8,56.0,-0.20000000000000284,-0.20000000000000284,0.0
2023-05-03,NYC,57.0,54.5,54.5,56.0,-2.5,-2.5,-1.0
2023-05-04,NYC,55.0,57.7,57.7,54.0,2.700000000000003,2.700000000000003,-1.0
2023-05-05,NYC,66.0,62.7,62.7,64.0,-3.299999999999997,-3.299999999999997,-2.0
2023-05-06,NYC,73.0,69.5,69.5,73.0,-3.5,-3.5,0.0
2023-05-07,NYC,78.0,75.4,75.4,77.0,-2.5999999999999943,-2.5999999999999943,-1.0
2023-05-08,NYC,77.0,74.5,74.5,76.0,-2.5,-2.5,-1.0
2023-05-09,NYC,71.0,67.9,67.9,70.0,-3.0999999999999943,-3.0999999999999943,-1.0
2023-05-10,NYC,73.0,70.3,70.3,72.0,-2.700000000000003,-2.700000000000003,-1.0
2023-05-11,NYC,80.0,77.9,77.9,80.0,-2.0999999999999943,-2.0999999999999943,0.0
2023-05-12,NYC,87.0,83.8,83.8,87.0,-3.200000000000003,-3.200000000000003,0.0
2023-05-13,NYC,82.0,80.6,80.6,81.0,-1.4000000000000057,-1.4000000000000057,-1.0
2023-05-14,NYC,74.0,72.3,72.3,74.0,-1.7000000000000028,-1.7000000000000028,0.0
2023-05-15,NYC,74.0,76.6,76.6,73.0,2.5999999999999943,2.5999999999999943,-1.0
2023-05-16,NYC,79.0,81.1,81.1,78.0,2.0999999999999943,2.0999999999999943,-1.0
2023-05-17,NYC,69.0,64.7,64.7,70.0,-4.299999999999997,-4.299999999999997,1.0
2023-05-18,NYC,61.0,58.4,58.4,60.0,-2.6000000000000014,-2.6000000000000014,-1.0
2023-05-19,NYC,70.0,67.6,67.6,69.0,-2.4000000000000057,-2.4000000000000057,-1.0
2023-05-20,NYC,65.0,63.7,63.7,65.0,-1.2999999999999972,-1.2999999999999972,0.0
2023-05-21,NYC,70.0,70.9,70.9,69.0,0.9000000000000057,0.9000000000000057,-1.0
2023-05-22,NYC,75.0,72.8,72.8,74.0,-2.200000000000003,-2.200000000000003,-1.0
2023-05-23,NYC,70.0,67.6,67.6,70.0,-2.4000000000000057,-2.4000000000000057,0.0
2023-05-24,NYC,77.0,71.9,71.9,76.0,-5.099999999999994,-5.099999999999994,-1.0
2023-05-25,NYC,68.0,66.2,66.2,67.0,-1.7999999999999972,-1.7999999999999972,-1.0
2023-05-26,NYC,72.0,71.3,71.3,72.0,-0.7000000000000028,-0.7000000000000028,0.0
2023-05-27,NYC,78.0,75.7,75.7,78.0,-2.299999999999997,-2.299999999999997,0.0
2023-05-28,NYC,79.0,75.2,75.2,78.0,-3.799999999999997,-3.799999999999997,-1.0
2023-05-29,NYC,79.0,77.4,77.4,79.0,-1.5999999999999943,-1.5999999999999943,0.0
2023-05-30,NYC,72.0,69.9,69.9,71.0,-2.0999999999999943,-2.0999999999999943,-1.0
2023-05-31,NYC,77.0,73.8,73.8,77.0,-3.200000000000003,-3.200000000000003,0.0
2023-06-01,NYC,87.0,82.6,82.6,86.0,-4.400000000000006,-4.400000000000006,-1.0
2023-06-02,NYC,91.0,88.2,88.2,88.0,-2.799999999999997,-2.799999999999997,-3.0
2023-06-03,NYC,69.0,68.7,68.7,69.0,-0.29999999999999716,-0.29999999999999716,0.0
2023-06-04,NYC,69.0,70.2,70.2,69.0,1.2000000000000028,1.2000000000000028,0.0
2023-06-05,NYC,76.0,74.5,74.5,75.0,-1.5,-1.5,-1.0
2023-06-06,NYC,79.0,78.4,78.4,78.0,-0.5999999999999943,-0.5999999999999943,-1.0
2023-06-07,NYC,69.0,76.7,76.7,69.8,7.700000000000003,7.700000000000003,0.7999999999999972
2023-06-08,NYC,72.0,71.6,71.6,71.0,-0.4000000000000057,-0.4000000000000057,-1.0
2023-06-09,NYC,72.0,72.6,72.6,72.0,0.5999999999999943,0.5999999999999943,0.0
2023-06-10,NYC,78.0,79.0,79.0,77.0,1.0,1.0,-1.0
2023-06-11,NYC,82.0,81.7,81.7,81.0,-0.29999999999999716,-0.29999999999999716,-1.0
2023-06-12,NYC,78.0,76.3,76.3,76.0,-1.7000000000000028,-1.7000000000000028,-2.0
2023-06-13,NYC,78.0,79.1,79.1,78.0,1.0999999999999943,1.0999999999999943,0.0
2023-06-14,NYC,76.0,75.6,75.6,75.0,-0.4000000000000057,-0.4000000000000057,-1.0
2023-06-15,NYC,77.0,79.2,79.2,77.0,2.200000000000003,2.200000000000003,0.0
2023-06-16,NYC,79.0,78.5,78.5,78.0,-0.5,-0.5,-1.0
2023-06-17,NYC,77.0,77.6,77.6,77.0,0.5999999999999943,0.5999999999999943,0.0
2023-06-18,NYC,80.0,79.4,79.4,80.0,-0.5999999999999943,-0.5999999999999943,0.0
2023-06-19,NYC,81.0,77.4,77.4,81.0,-3.5999999999999943,-3.5999999999999943,0.0
2023-06-20,NYC,78.0,76.3,76.3,77.0,-1.7000000000000028,-1.7000000000000028,-1.0
2023-06-21,NYC,73.0,73.1,73.1,72.0,0.09999999999999432,0.09999999999999432,-1.0
2023-06-22,NYC,72.0,69.3,69.3,71.6,-2.700000000000003,-2.700000000000003,-0.4000000000000057
2023-06-23,NYC,71.0,73.6,73.6,71.0,2.5999999999999943,2.5999999999999943,0.0
2023-06-24,NYC,78.0,78.8,78.8,78.0,0.7999999999999972,0.7999999999999972,0.0
2023-06-25,NYC,85.0,83.5,83.5,84.0,-1.5,-1.5,-1.0
2023-06-26,NYC,78.0,79.1,79.1,78.0,1.0999999999999943,1.0999999999999943,0.0
2023-06-27,NYC,79.0,79.6,79.6,76.0,0.5999999999999943,0.5999999999999943,-3.0
2023-06-28,NYC,82.0,82.7,82.7,81.0,0.7000000000000028,0.7000000000000028,-1.0
2023-06-29,NYC,82.0,83.2,83.2,81.0,1.2000000000000028,1.2000000000000028,-1.0
2023-06-30,NYC,84.0,84.0,84.0,83.0,0.0,0.0,-1.0
2023-07-01,NYC,82.0,80.6,80.6,82.0,-1.4000000000000057,-1.4000000000000057,0.0
2023-07-02,NYC,88.0,87.9,87.9,85.0,-0.09999999999999432,-0.09999999999999432,-3.0
2023-07-03,NYC,89.0,87.4,87.4,87.0,-1.5999999999999943,-1.5999999999999943,-2.0
2023-07-04,NYC,83.0,84.3,84.3,82.0,1.2999999999999972,1.2999999999999972,-1.0
2023-07-05,NYC,93.0,89.4,89.4,92.0,-3.5999999999999943,-3.5999999999999943,-1.0
2023-07-06,NYC,90.0,87.8,87.8,89.0,-2.200000000000003,-2.200000000000003,-1.0
2023-07-07,NYC,87.0,85.2,85.2,86.0,-1.7999999999999972,-1.7999999999999972,-1.0
2023-07-08,NYC,88.0,84.8,84.8,88.0,-3.200000000000003,-3.200000000000003,0.0
2023-07-09,NYC,82.0,80.5,80.5,81.0,-1.5,-1.5,-1.0
2023-07-10,NYC,84.0,83.0,83.0,83.0,-1.0,-1.0,-1.0
2023-07-11,NYC,89.0,87.8,87.8,88.0,-1.2000000000000028,-1.2000000000000028,-1.0
2023-07-12,NYC,91.0,90.8,90.8,89.0,-0.20000000000000284,-0.20000000000000284,-2.0
2023-07-13,NYC,88.0,88.5,88.5,88.0,0.5,0.5,0.0
2023-07-14,NYC,84.0,81.1,81.1,83.0,-2.9000000000000057,-2.9000000000000057,-1.0
2023-07-15,NYC,88.0,84.7,84.7,87.0,-3.299999999999997,-3.299999999999997,-1.0
2023-07-16,NYC,78.0,78.4,78.4,78.8,0.4000000000000057,0.4000000000000057,0.7999999999999972
2023-07-17,NYC,88.0,89.2,89.2,88.0,1.2000000000000028,1.2000000000000028,0.0
2023-07-18,NYC,84.0,84.9,84.9,83.0,0.9000000000000057,0.9000000000000057,-1.0
2023-07-19,NYC,80.0,81.5,81.5,79.0,1.5,1.5,-1.0
2023-07-20,NYC,88.0,83.8,83.8,86.0,-4.200000000000003,-4.200000000000003,-2.0
2023-07-21,NYC,84.0,84.8,84.8,84.0,0.7999999999999972,0.7999999999999972,0.0
2023-07-22,NYC,85.0,83.1,83.1,83.0,-1.9000000000000057,-1.9000000000000057,-2.0
2023-07-23,NYC,88.0,85.8,85.8,86.0,-2.200000000000003,-2.200000000000003,-2.0
2023-07-24,NYC,85.0,83.9,83.9,85.0,-1.0999999999999943,-1.0999999999999943,0.0
2023-07-25,NYC,86.0,83.3,83.3,85.0,-2.700000000000003,-2.700000000000003,-1.0
2023-07-26,NYC,87.0,85.9,85.9,86.0,-1.0999999999999943,-1.0999999999999943,-1.0
2023-07-27,NYC,92.0,92.4,92.4,91.0,0.4000000000000057,0.4000000000000057,-1.0
2023-07-28,NYC,92.0,93.2,93.2,91.0,1.2000000000000028,1.2000000000000028,-1.0
2023-07-29,NYC,89.0,92.4,92.4,88.0,3.4000000000000057,3.4000000000000057,-1.0
2023-07-30,NYC,80.0,78.7,78.7,79.0,-1.2999999999999972,-1.2999999999999972,-1.0
2023-07-31,NYC,85.0,84.5,84.5,84.0,-0.5,-0.5,-1.0
2023-08-01,NYC,82.0,80.1,80.1,80.0,-1.9000000000000057,-1.9000000000000057,-2.0
2023-08-02,NYC,81.0,81.2,81.2,80.0,0.20000000000000284,0.20000000000000284,-1.0
2023-08-03,NYC,80.0,79.4,79.4,79.0,-0.5999999999999943,-0.5999999999999943,-1.0
2023-08-04,NYC,77.0,81.1,81.1,76.0,4.099999999999994,4.099999999999994,-1.0
2023-08-05,NYC,87.0,86.4,86.4,85.0,-0.5999999999999943,-0.5999999999999943,-2.0
2023-08-06,NYC,87.0,86.8,86.8,87.0,-0.20000000000000284,-0.20000000000000284,0.0
2023-08-07,NYC,81.0,81.1,81.1,80.0,0.09999999999999432,0.09999999999999432,-1.0
2023-08-08,NYC,80.0,80.5,80.5,79.0,0.5,0.5,-1.0
2023-08-09,NYC,86.0,84.7,84.7,86.0,-1.2999999999999972,-1.2999999999999972,0.0
2023-08-10,NYC,81.0,77.9,77.9,80.0,-3.0999999999999943,-3.0999999999999943,-1.0
2023-08-11,NYC,85.0,83.5,83.5,84.0,-1.5,-1.5,-1.0
2023-08-12,NYC,85.0,81.6,81.6,85.0,-3.4000000000000057,-3.4000000000000057,0.0
2023-08-13,NYC,88.0,86.2,86.2,86.0,-1.7999999999999972,-1.7999999999999972,-2.0
2023-08-14,NYC,87.0,87.2,87.2,85.0,0.20000000000000284,0.20000000000000284,-2.0
2023-08-15,NYC,80.0,79.7,79.7,80.0,-0.29999999999999716,-0.29999999999999716,0.0
2023-08-16,NYC,82.0,79.8,79.8,81.0,-2.200000000000003,-2.200000000000003,-1.0
2023-08-17,NYC,79.0,77.9,77.9,78.8,-1.0999999999999943,-1.0999999999999943,-0.20000000000000284
2023-08-18,NYC,80.0,80.2,80.2,79.0,0.20000000000000284,0.20000000000000284,-1.0
2023-08-19,NYC,78.0,79.0,79.0,78.0,1.0,1.0,0.0
2023-08-20,NYC,85.0,85.3,85.3,84.0,0.29999999999999716,0.29999999999999716,-1.0
2023-08-21,NYC,88.0,87.3,87.3,87.0,-0.7000000000000028,-0.7000000000000028,-1.0
2023-08-22,NYC,79.0,78.4,78.4,78.8,-0.5999999999999943,-0.5999999999999943,-0.20000000000000284
2023-08-23,NYC,80.0,78.1,78.1,80.0,-1.9000000000000057,-1.9000000000000057,0.0
2023-08-24,NYC,73.0,75.5,75.5,73.4,2.5,2.5,0.4000000000000057
2023-08-25,NYC,78.0,81.9,81.9,78.0,3.9000000000000057,3.9000000000000057,0.0
2023-08-26,NYC,84.0,85.7,85.7,84.0,1.7000000000000028,1.7000000000000028,0.0
2023-08-27,NYC,84.0,82.1,82.1,83.0,-1.9000000000000057,-1.9000000000000057,-1.0
2023-08-28,NYC,76.0,77.1,77.1,75.0,1.0999999999999943,1.0999999999999943,-1.0
2023-08-29,NYC,80.0,80.9,80.9,79.0,0.9000000000000057,0.9000000000000057,-1.0
2023-08-30,NYC,83.0,84.4,84.4,83.0,1.4000000000000057,1.4000000000000057,0.0
2023-08-31,NYC,77.0,76.4,76.4,76.0,-0.5999999999999943,-0.5999999999999943,-1.0
2023-09-01,NYC,76.0,75.5,75.5,75.0,-0.5,-0.5,-1.0
2023-09-02,NYC,79.0,80.6,80.6,78.0,1.5999999999999943,1.5999999999999943,-1.0
2023-09-03,NYC,88.0,89.0,89.0,88.0,1.0,1.0,0.0
2023-09-04,NYC,89.0,91.3,91.3,87.0,2.299999999999997,2.299999999999997,-2.0
2023-09-05,NYC,92.0,93.2,93.2,90.0,1.2000000000000028,1.2000000000000028,-2.0
2023-09-06,NYC,93.0,94.2,94.2,93.0,1.2000000000000028,1.2000000000000028,0.0
2023-09-07,NYC,93.0,93.1,93.1,93.0,0.09999999999999432,0.09999999999999432,0.0
2023-09-08,NYC,90.0,87.5,87.5,89.0,-2.5,-2.5,-1.0
2023-09-09,NYC,84.0,83.4,83.4,84.0,-0.5999999999999943,-0.5999999999999943,0.0
2023-09-10,NYC,77.0,75.7,75.7,76.0,-1.2999999999999972,-1.2999999999999972,-1.0
2023-09-11,NYC,82.0,82.0,82.0,81.0,0.0,0.0,-1.0
2023-09-12,NYC,82.0,83.0,83.0,82.0,1.0,1.0,0.0
2023-09-13,NYC,79.0,79.3,79.3,78.0,0.29999999999999716,0.29999999999999716,-1.0
2023-09-14,NYC,77.0,76.7,76.7,76.0,-0.29999999999999716,-0.29999999999999716,-1.0
2023-09-15,NYC,69.0,70.2,70.2,68.0,1.2000000000000028,1.2000000000000028,-1.0
2023-09-16,NYC,75.0,75.6,75.6,74.0,0.5999999999999943,0.5999999999999943,-1.0
2023-09-17,NYC,77.0,75.3,75.3,76.0,-1.7000000000000028,-1.7000000000000028,-1.0
2023-09-18,NYC,68.0,70.1,70.1,68.0,2.0999999999999943,2.0999999999999943,0.0
2023-09-19,NYC,72.0,73.8,73.8,72.0,1.7999999999999972,1.7999999999999972,0.0
2023-09-20,NYC,74.0,74.0,74.0,72.0,0.0,0.0,-2.0
2023-09-21,NYC,71.0,72.8,72.8,71.0,1.7999999999999972,1.7999999999999972,0.0
2023-09-22,NYC,71.0,71.2,71.2,70.0,0.20000000000000284,0.20000000000000284,-1.0
2023-09-23,NYC,63.0,61.4,61.4,63.0,-1.6000000000000014,-1.6000000000000014,0.0
2023-09-24,NYC,66.0,66.1,66.1,66.0,0.09999999999999432,0.09999999999999432,0.0
2023-09-25,NYC,66.0,62.7,62.7,66.0,-3.299999999999997,-3.299999999999997,0.0
2023-09-26,NYC,60.0,62.9,62.9,60.8,2.8999999999999986,2.8999999999999986,0.7999999999999972
2023-09-27,NYC,64.0,63.7,63.7,63.0,-0.29999999999999716,-0.29999999999999716,-1.0
2023-09-28,NYC,65.0,64.8,64.8,64.0,-0.20000000000000284,-0.20000000000000284,-1.0
2023-09-29,NYC,63.0,62.2,62.2,63.0,-0.7999999999999972,-0.7999999999999972,0.0
2023-09-30,NYC,66.0,71.0,71.0,66.0,5.0,5.0,0.0
2023-10-01,NYC,76.0,76.7,76.7,76.0,0.7000000000000028,0.7000000000000028,0.0
2023-10-02,NYC,77.0,76.9,76.9,77.0,-0.09999999999999432,-0.09999999999999432,0.0
2023-10-03,NYC,80.0,80.7,80.7,80.0,0.7000000000000028,0.7000000000000028,0.0
2023-10-04,NYC,83.0,81.6,81.6,82.0,-1.4000000000000057,-1.4000000000000057,-1.0
2023-10-05,NYC,77.0,75.2,75.2,76.0,-1.7999999999999972,-1.7999999999999972,-1.0
2023-10-06,NYC,71.0,72.1,72.1,71.0,1.0999999999999943,1.0999999999999943,0.0
2023-10-07,NYC,69.0,69.3,69.3,69.0,0.29999999999999716,0.29999999999999716,0.0
2023-10-08,NYC,59.0,62.1,62.1,58.0,3.1000000000000014,3.1000000000000014,-1.0
2023-10-09,NYC,60.0,60.2,60.2,59.0,0.20000000000000284,0.20000000000000284,-1.0
2023-10-10,NYC,63.0,64.0,64.0,62.0,1.0,1.0,-1.0
2023-10-11,NYC,69.0,68.7,68.7,69.0,-0.29999999999999716,-0.29999999999999716,0.0
2023-10-12,NYC,69.0,69.1,69.1,68.0,0.09999999999999432,0.09999999999999432,-1.0
2023-10-13,NYC,63.0,63.4,63.4,62.0,0.3999999999999986,0.3999999999999986,-1.0
2023-10-14,NYC,56.0,52.5,52.5,56.0,-3.5,-3.5,0.0
2023-10-15,NYC,60.0,61.6,61.6,59.0,1.6000000000000014,1.6000000000000014,-1.0
2023-10-16,NYC,63.0,63.8,63.8,63.0,0.7999999999999972,0.7999999999999972,0.0
2023-10-17,NYC,61.0,62.4,62.4,61.0,1.3999999999999986,1.3999999999999986,0.0
2023-10-18,NYC,63.0,62.8,62.8,62.0,-0.20000000000000284,-0.20000000000000284,-1.0
2023-10-19,NYC,64.0,64.4,64.4,64.0,0.4000000000000057,0.4000000000000057,0.0
2023-10-20,NYC,63.0,62.4,62.4,63.0,-0.6000000000000014,-0.6000000000000014,0.0
2023-10-21,NYC,63.0,63.4,63.4,62.0,0.3999999999999986,0.3999999999999986,-1.0
2023-10-22,NYC,57.0,56.2,56.2,57.0,-0.7999999999999972,-0.7999999999999972,0.0
2023-10-23,NYC,60.0,61.2,61.2,59.0,1.2000000000000028,1.2000000000000028,-1.0
2023-10-24,NYC,65.0,63.6,63.6,64.0,-1.3999999999999986,-1.3999999999999986,-1.0
2023-10-25,NYC,72.0,71.2,71.2,71.0,-0.7999999999999972,-0.7999999999999972,-1.0
2023-10-26,NYC,77.0,78.5,78.5,77.0,1.5,1.5,0.0
2023-10-27,NYC,74.0,76.5,76.5,73.0,2.5,2.5,-1.0
2023-10-28,NYC,80.0,80.1,80.1,79.0,0.09999999999999432,0.09999999999999432,-1.0
2023-10-29,NYC,63.0,61.1,61.1,63.0,-1.8999999999999986,-1.8999999999999986,0.0
2023-10-30,NYC,60.0,65.1,65.1,60.0,5.099999999999994,5.099999999999994,0.0
2023-10-31,NYC,51.0,51.3,51.3,51.0,0.29999999999999716,0.29999999999999716,0.0
2023-11-01,NYC,49.0,49.2,49.2,48.0,0.20000000000000284,0.20000000000000284,-1.0
2023-11-02,NYC,48.0,49.4,49.4,48.0,1.3999999999999986,1.3999999999999986,0.0
2023-11-03,NYC,55.0,55.3,55.3,55.0,0.29999999999999716,0.29999999999999716,0.0
2023-11-04,NYC,61.0,58.8,58.8,60.8,-2.200000000000003,-2.200000000000003,-0.20000000000000284
2023-11-05,NYC,65.0,62.6,62.6,64.0,-2.3999999999999986,-2.3999999999999986,-1.0
2023-11-06,NYC,56.0,53.8,53.8,56.0,-2.200000000000003,-2.200000000000003,0.0
2023-11-07,NYC,64.0,68.3,68.3,63.0,4.299999999999997,4.299999999999997,-1.0
2023-11-08,NYC,54.0,51.7,51.7,53.0,-2.299999999999997,-2.299999999999997,-1.0
2023-11-09,NYC,57.0,58.8,58.8,57.0,1.7999999999999972,1.7999999999999972,0.0
2023-11-10,NYC,53.0,51.2,51.2,53.0,-1.7999999999999972,-1.7999999999999972,0.0
2023-11-11,NYC,55.0,53.5,53.5,54.0,-1.5,-1.5,-1.0
2023-11-12,NYC,44.0,44.9,44.9,44.0,0.8999999999999986,0.8999999999999986,0.0
2023-11-13,NYC,49.0,47.7,47.7,48.0,-1.2999999999999972,-1.2999999999999972,-1.0
2023-11-14,NYC,53.0,51.5,51.5,53.0,-1.5,-1.5,0.0
2023-11-15,NYC,53.0,51.0,51.0,53.0,-2.0,-2.0,0.0
2023-11-16,NYC,65.0,63.8,63.8,64.0,-1.2000000000000028,-1.2000000000000028,-1.0
2023-11-17,NYC,67.0,66.2,66.2,67.0,-0.7999999999999972,-0.7999999999999972,0.0
2023-11-18,NYC,63.0,56.0,56.0,62.0,-7.0,-7.0,-1.0
2023-11-19,NYC,55.0,54.0,54.0,55.0,-1.0,-1.0,0.0
2023-11-20,NYC,46.0,44.5,44.5,45.0,-1.5,-1.5,-1.0
2023-11-21,NYC,48.0,46.5,46.5,47.0,-1.5,-1.5,-1.0
2023-11-22,NYC,54.0,57.4,57.4,54.0,3.3999999999999986,3.3999999999999986,0.0
2023-11-23,NYC,52.0,51.8,51.8,52.0,-0.20000000000000284,-0.20000000000000284,0.0
2023-11-24,NYC,51.0,49.2,49.2,51.0,-1.7999999999999972,-1.7999999999999972,0.0
2023-11-25,NYC,40.0,39.3,39.3,39.0,-0.7000000000000028,-0.7000000000000028,-1.0
2023-11-26,NYC,56.0,50.7,50.7,55.0,-5.299999999999997,-5.299999999999997,-1.0
2023-11-27,NYC,56.0,55.2,55.2,55.0,-0.7999999999999972,-0.7999999999999972,-1.0
2023-11-28,NYC,41.0,38.4,38.4,40.0,-2.6000000000000014,-2.6000000000000014,-1.0
2023-11-29,NYC,38.0,36.5,36.5,37.0,-1.5,-1.5,-1.0
2023-11-30,NYC,51.0,48.8,48.8,50.0,-2.200000000000003,-2.200000000000003,-1.0
2023-12-01,NYC,51.0,45.9,45.9,50.0,-5.100000000000001,-5.100000000000001,-1.0
2023-12-02,NYC,60.0,61.3,61.3,59.0,1.2999999999999972,1.2999999999999972,-1.0
2023-12-03,NYC,53.0,49.9,49.9,53.6,-3.1000000000000014,-3.1000000000000014,0.6000000000000014
2023-12-04,NYC,54.0,51.3,51.3,52.0,-2.700000000000003,-2.700000000000003,-2.0
2023-12-05,NYC,43.0,43.9,43.9,43.0,0.8999999999999986,0.8999999999999986,0.0
2023-12-06,NYC,43.0,40.9,40.9,41.0,-2.1000000000000014,-2.1000000000000014,-2.0
2023-12-07,NYC,39.0,38.1,38.1,39.0,-0.8999999999999986,-0.8999999999999986,0.0
2023-12-08,NYC,51.0,48.5,48.5,50.0,-2.5,-2.5,-1.0
2023-12-09,NYC,59.0,56.3,56.3,58.0,-2.700000000000003,-2.700000000000003,-1.0
2023-12-10,NYC,61.0,61.8,61.8,61.0,0.7999999999999972,0.7999999999999972,0.0
2023-12-11,NYC,50.0,57.4,57.4,48.0,7.399999999999999,7.399999999999999,-2.0
2023-12-12,NYC,44.0,42.9,42.9,44.0,-1.1000000000000014,-1.1000000000000014,0.0
2023-12-13,NYC,47.0,45.0,45.0,47.0,-2.0,-2.0,0.0
2023-12-14,NYC,41.0,40.2,40.2,40.0,-0.7999999999999972,-0.7999999999999972,-1.0
2023-12-15,NYC,58.0,54.9,54.9,58.0,-3.1000000000000014,-3.1000000000000014,0.0
2023-12-16,NYC,54.0,52.7,52.7,54.0,-1.2999999999999972,-1.2999999999999972,0.0
2023-12-17,NYC,59.0,55.7,55.7,59.0,-3.299999999999997,-3.299999999999997,0.0
2023-12-18,NYC,62.0,60.2,60.2,62.0,-1.7999999999999972,-1.7999999999999972,0.0
2023-12-19,NYC,44.0,42.6,42.6,43.0,-1.3999999999999986,-1.3999999999999986,-1.0
2023-12-20,NYC,46.0,45.5,45.5,45.0,-0.5,-0.5,-1.0
2023-12-21,NYC,42.0,39.3,39.3,42.0,-2.700000000000003,-2.700000000000003,0.0
2023-12-22,NYC,37.0,37.0,37.0,37.0,0.0,0.0,0.0
2023-12-23,NYC,44.0,42.0,42.0,44.0,-2.0,-2.0,0.0
2023-12-24,NYC,49.0,46.9,46.9,48.0,-2.1000000000000014,-2.1000000000000014,-1.0
2023-12-25,NYC,49.0,51.6,51.6,49.0,2.6000000000000014,2.6000000000000014,0.0
2023-12-26,NYC,51.0,45.4,45.4,51.0,-5.600000000000001,-5.600000000000001,0.0
2023-12-27,NYC,50.0,47.0,47.0,50.0,-3.0,-3.0,0.0
2023-12-28,NYC,55.0,52.8,52.8,55.0,-2.200000000000003,-2.200000000000003,0.0
2023-12-29,NYC,55.0,55.5,55.5,55.0,0.5,0.5,0.0
2023-12-30,NYC,46.0,46.4,46.4,46.0,0.3999999999999986,0.3999999999999986,0.0
2023-12-31,NYC,43.0,43.4,43.4,43.0,0.3999999999999986,0.3999999999999986,0.0
2024-01-01,NYC,47.0,45.4,45.4,46.0,-1.6000000000000014,-1.6000000000000014,-1.0
2024-01-02,NYC,42.0,42.1,42.1,42.0,0.10000000000000142,0.10000000000000142,0.0
2024-01-03,NYC,43.0,46.4,46.4,43.0,3.3999999999999986,3.3999999999999986,0.0
2024-01-04,NYC,45.0,44.0,44.0,44.0,-1.0,-1.0,-1.0
2024-01-05,NYC,37.0,37.4,37.4,37.0,0.3999999999999986,0.3999999999999986,0.0
2024-01-06,NYC,38.0,36.9,36.9,38.0,-1.1000000000000014,-1.1000000000000014,0.0
2024-01-07,NYC,38.0,37.5,37.5,38.0,-0.5,-0.5,0.0
2024-01-08,NYC,45.0,43.1,43.1,44.6,-1.8999999999999986,-1.8999999999999986,-0.3999999999999986
2024-01-09,NYC,57.0,54.9,54.9,57.0,-2.1000000000000014,-2.1000000000000014,0.0
2024-01-10,NYC,57.0,56.8,56.8,57.0,-0.20000000000000284,-0.20000000000000284,0.0
2024-01-11,NYC,47.0,46.1,46.1,46.0,-0.8999999999999986,-0.8999999999999986,-1.0
2024-01-12,NYC,50.0,46.7,46.7,50.0,-3.299999999999997,-3.299999999999997,0.0
2024-01-13,NYC,60.0,58.0,58.0,60.0,-2.0,-2.0,0.0
2024-01-14,NYC,44.0,42.6,42.6,43.0,-1.3999999999999986,-1.3999999999999986,-1.0
2024-01-15,NYC,29.0,30.5,30.5,29.0,1.5,1.5,0.0
2024-01-16,NYC,32.0,30.6,30.6,31.0,-1.3999999999999986,-1.3999999999999986,-1.0
2024-01-17,NYC,24.0,24.4,24.4,24.0,0.3999999999999986,0.3999999999999986,0.0
2024-01-18,NYC,34.0,32.3,32.3,33.0,-1.7000000000000028,-1.7000000000000028,-1.0
2024-01-19,NYC,32.0,30.5,30.5,32.0,-1.5,-1.5,0.0
2024-01-20,NYC,26.0,25.7,25.7,25.0,-0.3000000000000007,-0.3000000000000007,-1.0
2024-01-21,NYC,31.0,29.8,29.8,31.0,-1.1999999999999993,-1.1999999999999993,0.0
2024-01-22,NYC,38.0,38.6,38.6,37.0,0.6000000000000014,0.6000000000000014,-1.0
2024-01-23,NYC,40.0,39.6,39.6,40.0,-0.3999999999999986,-0.3999999999999986,0.0
2024-01-24,NYC,48.0,41.3,41.3,47.0,-6.700000000000003,-6.700000000000003,-1.0
2024-01-25,NYC,59.0,51.0,51.0,58.0,-8.0,-8.0,-1.0
2024-01-26,NYC,46.0,46.3,46.3,46.0,0.29999999999999716,0.29999999999999716,0.0
2024-01-27,NYC,49.0,47.0,47.0,48.0,-2.0,-2.0,-1.0
2024-01-28,NYC,44.0,38.8,38.8,43.0,-5.200000000000003,-5.200000000000003,-1.0
2024-01-29,NYC,40.0,42.1,42.1,40.0,2.1000000000000014,2.1000000000000014,0.0
2024-01-30,NYC,38.0,39.5,39.5,38.0,1.5,1.5,0.0
2024-01-31,NYC,40.0,39.7,39.7,40.0,-0.29999999999999716,-0.29999999999999716,0.0
2024-02-01,NYC,46.0,47.7,47.7,46.0,1.7000000000000028,1.7000000000000028,0.0
2024-02-02,NYC,46.0,42.8,42.8,44.6,-3.200000000000003,-3.200000000000003,-1.3999999999999986
2024-02-03,NYC,43.0,42.3,42.3,43.0,-0.7000000000000028,-0.7000000000000028,0.0
2024-02-04,NYC,46.0,45.6,45.6,46.0,-0.3999999999999986,-0.3999999999999986,0.0
2024-02-05,NYC,45.0,44.2,44.2,44.0,-0.7999999999999972,-0.7999999999999972,-1.0
2024-02-06,NYC,42.0,41.9,41.9,41.0,-0.10000000000000142,-0.10000000000000142,-1.0
2024-02-07,NYC,48.0,46.5,46.5,47.0,-1.5,-1.5,-1.0
2024-02-08,NYC,53.0,49.8,49.8,52.0,-3.200000000000003,-3.200000000000003,-1.0
2024-02-09,NYC,55.0,52.1,52.1,54.0,-2.8999999999999986,-2.8999999999999986,-1.0
2024-02-10,NYC,60.0,60.3,60.3,59.0,0.29999999999999716,0.29999999999999716,-1.0
2024-02-11,NYC,56.0,48.0,48.0,56.0,-8.0,-8.0,0.0
2024-02-12,NYC,48.0,48.6,48.6,47.0,0.6000000000000014,0.6000000000000014,-1.0
2024-02-13,NYC,41.0,38.8,38.8,40.0,-2.200000000000003,-2.200000000000003,-1.0
2024-02-14,NYC,38.0,32.5,32.5,38.0,-5.5,-5.5,0.0
2024-02-15,NYC,39.0,35.0,35.0,39.0,-4.0,-4.0,0.0
2024-02-16,NYC,43.0,37.9,37.9,42.0,-5.100000000000001,-5.100000000000001,-1.0
2024-02-17,NYC,36.0,35.9,35.9,36.0,-0.10000000000000142,-0.10000000000000142,0.0
2024-02-18,NYC,40.0,38.5,38.5,40.0,-1.5,-1.5,0.0
2024-02-19,NYC,41.0,38.9,38.9,40.0,-2.1000000000000014,-2.1000000000000014,-1.0
2024-02-20,NYC,40.0,36.6,36.6,39.0,-3.3999999999999986,-3.3999999999999986,-1.0
2024-02-21,NYC,43.0,40.4,40.4,43.0,-2.6000000000000014,-2.6000000000000014,0.0
2024-02-22,NYC,45.0,44.0,44.0,45.0,-1.0,-1.0,0.0
2024-02-23,NYC,47.0,45.7,45.7,47.0,-1.2999999999999972,-1.2999999999999972,0.0
2024-02-24,NYC,44.0,42.0,42.0,44.0,-2.0,-2.0,0.0
2024-02-25,NYC,41.0,39.7,39.7,40.0,-1.2999999999999972,-1.2999999999999972,-1.0
2024-02-26,NYC,55.0,52.4,52.4,54.0,-2.6000000000000014,-2.6000000000000014,-1.0
2024-02-27,NYC,55.0,56.8,56.8,55.0,1.7999999999999972,1.7999999999999972,0.0
2024-02-28,NYC,62.0,62.5,62.5,61.0,0.5,0.5,-1.0
2024-02-29,NYC,43.0,43.1,43.1,41.0,0.10000000000000142,0.10000000000000142,-2.0
2024-03-01,NYC,48.0,42.7,42.7,47.0,-5.299999999999997,-5.299999999999997,-1.0
2024-03-02,NYC,55.0,50.5,50.5,55.4,-4.5,-4.5,0.3999999999999986
2024-03-03,NYC,68.0,65.3,65.3,67.0,-2.700000000000003,-2.700000000000003,-1.0
2024-03-04,NYC,59.0,58.0,58.0,59.0,-1.0,-1.0,0.0
2024-03-05,NYC,49.0,46.5,46.5,49.0,-2.5,-2.5,0.0
2024-03-06,NYC,53.0,49.7,49.7,53.0,-3.299999999999997,-3.299999999999997,0.0
2024-03-07,NYC,54.0,54.5,54.5,54.0,0.5,0.5,0.0
2024-03-08,NYC,57.0,54.5,54.5,56.0,-2.5,-2.5,-1.0
2024-03-09,NYC,49.0,45.7,45.7,49.0,-3.299999999999997,-3.299999999999997,0.0
2024-03-10,NYC,51.0,51.3,51.3,50.0,0.29999999999999716,0.29999999999999716,-1.0
2024-03-11,NYC,52.0,49.4,49.4,52.0,-2.6000000000000014,-2.6000000000000014,0.0
2024-03-12,NYC,66.0,62.9,62.9,66.0,-3.1000000000000014,-3.1000000000000014,0.0
2024-03-13,NYC,62.0,60.0,60.0,61.0,-2.0,-2.0,-1.0
2024-03-14,NYC,74.0,69.7,69.7,73.0,-4.299999999999997,-4.299999999999997,-1.0
2024-03-15,NYC,73.0,69.8,69.8,71.0,-3.200000000000003,-3.200000000000003,-2.0
2024-03-16,NYC,61.0,57.5,57.5,61.0,-3.5,-3.5,0.0
2024-03-17,NYC,63.0,59.6,59.6,62.0,-3.3999999999999986,-3.3999999999999986,-1.0
2024-03-18,NYC,51.0,47.9,47.9,49.0,-3.1000000000000014,-3.1000000000000014,-2.0
2024-03-19,NYC,48.0,45.0,45.0,48.0,-3.0,-3.0,0.0
2024-03-20,NYC,57.0,51.8,51.8,56.0,-5.200000000000003,-5.200000000000003,-1.0
2024-03-21,NYC,43.0,41.4,41.4,42.0,-1.6000000000000014,-1.6000000000000014,-1.0
2024-03-22,NYC,46.0,42.4,42.4,44.0,-3.6000000000000014,-3.6000000000000014,-2.0
2024-03-23,NYC,50.0,48.7,48.7,50.0,-1.2999999999999972,-1.2999999999999972,0.0
2024-03-24,NYC,48.0,47.0,47.0,48.0,-1.0,-1.0,0.0
2024-03-25,NYC,53.0,50.5,50.5,51.0,-2.5,-2.5,-2.0
2024-03-26,NYC,53.0,49.9,49.9,53.0,-3.1000000000000014,-3.1000000000000014,0.0
2024-03-27,NYC,52.0,50.6,50.6,52.0,-1.3999999999999986,-1.3999999999999986,0.0
2024-03-28,NYC,51.0,50.8,50.8,51.0,-0.20000000000000284,-0.20000000000000284,0.0
2024-03-29,NYC,56.0,54.5,54.5,56.0,-1.5,-1.5,0.0
2024-03-30,NYC,62.0,57.8,57.8,61.0,-4.200000000000003,-4.200000000000003,-1.0
2024-03-31,NYC,62.0,60.1,60.1,61.0,-1.8999999999999986,-1.8999999999999986,-1.0
2024-04-01,NYC,54.0,53.0,53.0,54.0,-1.0,-1.0,0.0
2024-04-02,NYC,51.0,48.1,48.1,51.0,-2.8999999999999986,-2.8999999999999986,0.0
2024-04-03,NYC,45.0,43.7,43.7,44.6,-1.2999999999999972,-1.2999999999999972,-0.3999999999999986
2024-04-04,NYC,53.0,47.8,47.8,52.0,-5.200000000000003,-5.200000000000003,-1.0
2024-04-05,NYC,50.0,48.7,48.7,49.0,-1.2999999999999972,-1.2999999999999972,-1.0
2024-04-06,NYC,54.0,52.2,52.2,53.0,-1.7999999999999972,-1.7999999999999972,-1.0
2024-04-07,NYC,60.0,57.2,57.2,59.0,-2.799999999999997,-2.799999999999997,-1.0
2024-04-08,NYC,69.0,63.8,63.8,67.0,-5.200000000000003,-5.200000000000003,-2.0
2024-04-09,NYC,80.0,74.5,74.5,78.0,-5.5,-5.5,-2.0
2024-04-10,NYC,67.0,60.9,60.9,66.0,-6.100000000000001,-6.100000000000001,-1.0
2024-04-11,NYC,61.0,63.0,63.0,61.0,2.0,2.0,0.0
2024-04-12,NYC,63.0,66.5,66.5,63.0,3.5,3.5,0.0
2024-04-13,NYC,56.0,53.9,53.9,56.0,-2.1000000000000014,-2.1000000000000014,0.0
2024-04-14,NYC,75.0,71.0,71.0,74.0,-4.0,-4.0,-1.0
2024-04-15,NYC,82.0,74.9,74.9,80.0,-7.099999999999994,-7.099999999999994,-2.0
2024-04-16,NYC,73.0,68.4,68.4,73.0,-4.599999999999994,-4.599999999999994,0.0
2024-04-17,NYC,62.0,61.2,61.2,61.0,-0.7999999999999972,-0.7999999999999972,-1.0
2024-04-18,NYC,50.0,48.5,48.5,50.0,-1.5,-1.5,0.0
2024-04-19,NYC,60.0,56.5,56.5,59.0,-3.5,-3.5,-1.0
2024-04-20,NYC,71.0,67.4,67.4,70.0,-3.5999999999999943,-3.5999999999999943,-1.0
2024-04-21,NYC,54.0,52.9,52.9,53.0,-1.1000000000000014,-1.1000000000000014,-1.0
2024-04-22,NYC,64.0,58.4,58.4,63.0,-5.600000000000001,-5.600000000000001,-1.0
2024-04-23,NYC,65.0,58.9,58.9,64.0,-6.100000000000001,-6.100000000000001,-1.0
2024-04-24,NYC,74.0,68.8,68.8,73.0,-5.200000000000003,-5.200000000000003,-1.0
2024-04-25,NYC,60.0,54.9,54.9,59.0,-5.100000000000001,-5.100000000000001,-1.0
2024-04-26,NYC,65.0,58.8,58.8,63.0,-6.200000000000003,-6.200000000000003,-2.0
2024-04-27,NYC,64.0,58.1,58.1,61.0,-5.899999999999999,-5.899999999999999,-3.0
2024-04-28,NYC,79.0,73.0,73.0,78.0,-6.0,-6.0,-1.0
2024-04-29,NYC,87.0,82.7,82.7,87.0,-4.299999999999997,-4.299999999999997,0.0
2024-04-30,NYC,66.0,71.4,71.4,66.0,5.400000000000006,5.400000000000006,0.0
2024-05-01,NYC,80.0,76.3,76.3,78.0,-3.700000000000003,-3.700000000000003,-2.0
2024-05-02,NYC,79.0,81.9,81.9,79.0,2.9000000000000057,2.9000000000000057,0.0
2024-05-03,NYC,65.0,63.1,63.1,65.0,-1.8999999999999986,-1.8999999999999986,0.0
2024-05-04,NYC,63.0,63.7,63.7,62.0,0.7000000000000028,0.7000000000000028,-1.0
2024-05-05,NYC,54.0,53.3,53.3,54.0,-0.7000000000000028,-0.7000000000000028,0.0
2024-05-06,NYC,74.0,72.3,72.3,73.0,-1.7000000000000028,-1.7000000000000028,-1.0
2024-05-07,NYC,80.0,78.3,78.3,80.0,-1.7000000000000028,-1.7000000000000028,0.0
2024-05-08,NYC,84.0,86.6,86.6,83.0,2.5999999999999943,2.5999999999999943,-1.0
2024-05-09,NYC,70.0,68.9,68.9,71.0,-1.0999999999999943,-1.0999999999999943,1.0
2024-05-10,NYC,56.0,58.8,58.8,57.0,2.799999999999997,2.799999999999997,1.0
2024-05-11,NYC,64.0,61.9,61.9,63.0,-2.1000000000000014,-2.1000000000000014,-1.0
2024-05-12,NYC,57.0,56.3,56.3,56.0,-0.7000000000000028,-0.7000000000000028,-1.0
2024-05-13,NYC,65.0,67.6,67.6,65.0,2.5999999999999943,2.5999999999999943,0.0
2024-05-14,NYC,72.0,72.0,72.0,72.0,0.0,0.0,0.0
2024-05-15,NYC,64.0,66.0,66.0,64.0,2.0,2.0,0.0
2024-05-16,NYC,64.0,65.6,65.6,64.0,1.5999999999999943,1.5999999999999943,0.0
2024-05-17,NYC,72.0,72.5,72.5,71.0,0.5,0.5,-1.0
2024-05-18,NYC,69.0,72.3,72.3,69.0,3.299999999999997,3.299999999999997,0.0
2024-05-19,NYC,75.0,73.8,73.8,74.0,-1.2000000000000028,-1.2000000000000028,-1.0
2024-05-20,NYC,74.0,76.6,76.6,74.0,2.5999999999999943,2.5999999999999943,0.0
2024-05-21,NYC,83.0,81.1,81.1,82.0,-1.9000000000000057,-1.9000000000000057,-1.0
2024-05-22,NYC,84.0,83.5,83.5,83.0,-0.5,-0.5,-1.0
2024-05-23,NYC,79.0,81.2,81.2,77.0,2.200000000000003,2.200000000000003,-2.0
2024-05-24,NYC,84.0,83.5,83.5,83.0,-0.5,-0.5,-1.0
2024-05-25,NYC,81.0,79.3,79.3,80.0,-1.7000000000000028,-1.7000000000000028,-1.0
2024-05-26,NYC,82.0,79.4,79.4,81.0,-2.5999999999999943,-2.5999999999999943,-1.0
2024-05-27,NYC,73.0,72.2,72.2,73.0,-0.7999999999999972,-0.7999999999999972,0.0
2024-05-28,NYC,79.0,80.2,80.2,79.0,1.2000000000000028,1.2000000000000028,0.0
2024-05-29,NYC,76.0,76.2,76.2,75.0,0.20000000000000284,0.20000000000000284,-1.0
2024-05-30,NYC,71.0,70.6,70.6,70.0,-0.4000000000000057,-0.4000000000000057,-1.0
2024-05-31,NYC,75.0,75.7,75.7,74.0,0.7000000000000028,0.7000000000000028,-1.0
2024-06-01,NYC,83.0,81.9,81.9,82.0,-1.0999999999999943,-1.0999999999999943,-1.0
2024-06-02,NYC,81.0,81.5,81.5,80.0,0.5,0.5,-1.0
2024-06-03,NYC,86.0,85.3,85.3,86.0,-0.7000000000000028,-0.7000000000000028,0.0
2024-06-04,NYC,79.0,78.8,78.8,79.0,-0.20000000000000284,-0.20000000000000284,0.0
2024-06-05,NYC,79.0,79.8,79.8,77.0,0.7999999999999972,0.7999999999999972,-2.0
2024-06-06,NYC,81.0,82.0,82.0,81.0,1.0,1.0,0.0
2024-06-07,NYC,82.0,83.2,83.2,81.0,1.2000000000000028,1.2000000000000028,-1.0
2024-06-08,NYC,76.0,77.3,77.3,76.0,1.2999999999999972,1.2999999999999972,0.0
2024-06-09,NYC,74.0,77.0,77.0,74.0,3.0,3.0,0.0
2024-06-10,NYC,75.0,75.6,75.6,73.0,0.5999999999999943,0.5999999999999943,-2.0
2024-06-11,NYC,73.0,73.8,73.8,72.0,0.7999999999999972,0.7999999999999972,-1.0
2024-06-12,NYC,76.0,77.4,77.4,75.0,1.4000000000000057,1.4000000000000057,-1.0
2024-06-13,NYC,84.0,84.4,84.4,83.0,0.4000000000000057,0.4000000000000057,-1.0
2024-06-14,NYC,85.0,85.0,85.0,85.0,0.0,0.0,0.0
2024-06-15,NYC,80.0,80.7,80.7,80.0,0.7000000000000028,0.7000000000000028,0.0
2024-06-16,NYC,78.0,75.8,75.8,76.0,-2.200000000000003,-2.200000000000003,-2.0
2024-06-17,NYC,83.0,85.6,85.6,83.0,2.5999999999999943,2.5999999999999943,0.0
2024-06-18,NYC,86.0,86.0,86.0,86.0,0.0,0.0,0.0
2024-06-19,NYC,89.0,88.2,88.2,87.0,-0.7999999999999972,-0.7999999999999972,-2.0
2024-06-20,NYC,91.0,92.2,92.2,90.0,1.2000000000000028,1.2000000000000028,-1.0
2024-06-21,NYC,94.0,95.4,95.4,93.0,1.4000000000000057,1.4000000000000057,-1.0
2024-06-22,NYC,93.0,93.1,93.1,92.0,0.09999999999999432,0.09999999999999432,-1.0
2024-06-23,NYC,92.0,95.9,95.9,92.0,3.9000000000000057,3.9000000000000057,0.0
2024-06-24,NYC,80.0,80.8,80.8,79.0,0.7999999999999972,0.7999999999999972,-1.0
2024-06-25,NYC,90.0,92.1,92.1,89.0,2.0999999999999943,2.0999999999999943,-1.0
2024-06-26,NYC,93.0,95.4,95.4,92.0,2.4000000000000057,2.4000000000000057,-1.0
2024-06-27,NYC,84.0,86.2,86.2,84.0,2.200000000000003,2.200000000000003,0.0
2024-06-28,NYC,79.0,78.2,78.2,79.0,-0.7999999999999972,-0.7999999999999972,0.0
2024-06-29,NYC,79.0,79.9,79.9,78.0,0.9000000000000057,0.9000000000000057,-1.0
2024-06-30,NYC,85.0,91.8,91.8,84.0,6.799999999999997,6.799999999999997,-1.0
2024-07-01,NYC,81.0,79.4,79.4,80.0,-1.5999999999999943,-1.5999999999999943,-1.0
2024-07-02,NYC,86.0,82.8,82.8,85.0,-3.200000000000003,-3.200000000000003,-1.0
2024-07-03,NYC,83.0,81.9,81.9,82.0,-1.0999999999999943,-1.0999999999999943,-1.0
2024-07-04,NYC,89.0,86.5,86.5,86.0,-2.5,-2.5,-3.0
2024-07-05,NYC,90.0,89.7,89.7,90.0,-0.29999999999999716,-0.29999999999999716,0.0
2024-07-06,NYC,92.0,90.7,90.7,90.0,-1.2999999999999972,-1.2999999999999972,-2.0
2024-07-07,NYC,93.0,90.1,90.1,92.0,-2.9000000000000057,-2.9000000000000057,-1.0
2024-07-08,NYC,95.0,90.9,90.9,93.0,-4.099999999999994,-4.099999999999994,-2.0
2024-07-09,NYC,89.0,88.8,88.8,88.0,-0.20000000000000284,-0.20000000000000284,-1.0
2024-07-10,NYC,91.0,88.9,88.9,90.0,-2.0999999999999943,-2.0999999999999943,-1.0
2024-07-11,NYC,89.0,93.6,93.6,89.0,4.599999999999994,4.599999999999994,0.0
2024-07-12,NYC,84.0,84.7,84.7,84.0,0.7000000000000028,0.7000000000000028,0.0
2024-07-13,NYC,87.0,86.6,86.6,87.0,-0.4000000000000057,-0.4000000000000057,0.0
2024-07-14,NYC,90.0,88.3,88.3,89.0,-1.7000000000000028,-1.7000000000000028,-1.0
2024-07-15,NYC,91.0,94.3,94.3,90.0,3.299999999999997,3.299999999999997,-1.0
2024-07-16,NYC,94.0,93.4,93.4,92.0,-0.5999999999999943,-0.5999999999999943,-2.0
2024-07-17,NYC,90.0,89.2,89.2,89.0,-0.7999999999999972,-0.7999999999999972,-1.0
2024-07-18,NYC,86.0,86.4,86.4,84.0,0.4000000000000057,0.4000000000000057,-2.0
2024-07-19,NYC,83.0,82.9,82.9,83.0,-0.09999999999999432,-0.09999999999999432,0.0
2024-07-20,NYC,83.0,82.8,82.8,83.0,-0.20000000000000284,-0.20000000000000284,0.0
2024-07-21,NYC,88.0,88.0,88.0,87.0,0.0,0.0,-1.0
2024-07-22,NYC,84.0,82.4,82.4,83.0,-1.5999999999999943,-1.5999999999999943,-1.0
2024-07-23,NYC,81.0,84.0,84.0,80.0,3.0,3.0,-1.0
2024-07-24,NYC,81.0,84.7,84.7,81.0,3.700000000000003,3.700000000000003,0.0
2024-07-25,NYC,83.0,86.3,86.3,82.0,3.299999999999997,3.299999999999997,-1.0
2024-07-26,NYC,84.0,83.9,83.9,83.0,-0.09999999999999432,-0.09999999999999432,-1.0
2024-07-27,NYC,87.0,85.6,85.6,87.0,-1.4000000000000057,-1.4000000000000057,0.0
2024-07-28,NYC,89.0,88.0,88.0,86.0,-1.0,-1.0,-3.0
2024-07-29,NYC,84.0,84.1,84.1,82.0,0.09999999999999432,0.09999999999999432,-2.0
2024-07-30,NYC,88.0,88.2,88.2,87.0,0.20000000000000284,0.20000000000000284,-1.0
2024-07-31,NYC,89.0,89.2,89.2,88.0,0.20000000000000284,0.20000000000000284,-1.0
2024-08-01,NYC,95.0,94.3,94.3,94.0,-0.7000000000000028,-0.7000000000000028,-1.0
2024-08-02,NYC,92.0,91.7,91.7,92.0,-0.29999999999999716,-0.29999999999999716,0.0
2024-08-03,NYC,93.0,91.8,91.8,90.0,-1.2000000000000028,-1.2000000000000028,-3.0
2024-08-04,NYC,83.0,82.9,82.9,82.0,-0.09999999999999432,-0.09999999999999432,-1.0
2024-08-05,NYC,90.0,89.3,89.3,89.0,-0.7000000000000028,-0.7000000000000028,-1.0
2024-08-06,NYC,90.0,89.6,89.6,89.0,-0.4000000000000057,-0.4000000000000057,-1.0
2024-08-07,NYC,72.0,72.0,72.0,72.0,0.0,0.0,0.0
2024-08-08,NYC,70.0,73.3,73.3,70.0,3.299999999999997,3.299999999999997,0.0
2024-08-09,NYC,80.0,82.8,82.8,80.6,2.799999999999997,2.799999999999997,0.5999999999999943
2024-08-10,NYC,85.0,84.5,84.5,85.0,-0.5,-0.5,0.0
2024-08-11,NYC,80.0,81.9,81.9,80.0,1.9000000000000057,1.9000000000000057,0.0
2024-08-12,NYC,81.0,79.0,79.0,78.0,-2.0,-2.0,-3.0
2024-08-13,NYC,81.0,81.0,81.0,80.0,0.0,0.0,-1.0
2024-08-14,NYC,85.0,82.8,82.8,84.0,-2.200000000000003,-2.200000000000003,-1.0
2024-08-15,NYC,86.0,85.9,85.9,85.0,-0.09999999999999432,-0.09999999999999432,-1.0
2024-08-16,NYC,87.0,86.0,86.0,87.0,-1.0,-1.0,0.0
2024-08-17,NYC,79.0,79.5,79.5,78.8,0.5,0.5,-0.20000000000000284
2024-08-18,NYC,81.0,78.0,78.0,80.0,-3.0,-3.0,-1.0
2024-08-19,NYC,84.0,82.8,82.8,80.0,-1.2000000000000028,-1.2000000000000028,-4.0
2024-08-20,NYC,72.0,72.2,72.2,71.0,0.20000000000000284,0.20000000000000284,-1.0
2024-08-21,NYC,73.0,72.7,72.7,72.0,-0.29999999999999716,-0.29999999999999716,-1.0
2024-08-22,NYC,76.0,75.8,75.8,75.0,-0.20000000000000284,-0.20000000000000284,-1.0
2024-08-23,NYC,80.0,80.7,80.7,80.0,0.7000000000000028,0.7000000000000028,0.0
2024-08-24,NYC,83.0,84.3,84.3,83.0,1.2999999999999972,1.2999999999999972,0.0
2024-08-25,NYC,85.0,85.8,85.8,85.0,0.7999999999999972,0.7999999999999972,0.0
2024-08-26,NYC,85.0,86.3,86.3,85.0,1.2999999999999972,1.2999999999999972,0.0
2024-08-27,NYC,86.0,86.4,86.4,84.0,0.4000000000000057,0.4000000000000057,-2.0
2024-08-28,NYC,91.0,92.0,92.0,90.0,1.0,1.0,-1.0
2024-08-29,NYC,82.0,78.5,78.5,81.0,-3.5,-3.5,-1.0
2024-08-30,NYC,74.0,75.7,75.7,73.0,1.7000000000000028,1.7000000000000028,-1.0
2024-08-31,NYC,77.0,77.8,77.8,77.0,0.7999999999999972,0.7999999999999972,0.0
2024-09-01,NYC,81.0,83.4,83.4,81.0,2.4000000000000057,2.4000000000000057,0.0
2024-09-02,NYC,79.0,78.3,78.3,78.0,-0.7000000000000028,-0.7000000000000028,-1.0
2024-09-03,NYC,74.0,72.7,72.7,72.0,-1.2999999999999972,-1.2999999999999972,-2.0
2024-09-04,NYC,77.0,77.0,77.0,76.0,0.0,0.0,-1.0
2024-09-05,NYC,77.0,77.4,77.4,77.0,0.4000000000000057,0.4000000000000057,0.0
2024-09-06,NYC,78.0,79.7,79.7,77.0,1.7000000000000028,1.7000000000000028,-1.0
2024-09-07,NYC,76.0,75.3,75.3,74.0,-0.7000000000000028,-0.7000000000000028,-2.0
2024-09-08,NYC,69.0,71.0,71.0,68.0,2.0,2.0,-1.0
2024-09-09,NYC,75.0,76.0,76.0,75.0,1.0,1.0,0.0
2024-09-10,NYC,78.0,78.1,78.1,77.0,0.09999999999999432,0.09999999999999432,-1.0
2024-09-11,NYC,79.0,77.6,77.6,79.0,-1.4000000000000057,-1.4000000000000057,0.0
2024-09-12,NYC,80.0,79.0,79.0,79.0,-1.0,-1.0,-1.0
2024-09-13,NYC,82.0,81.3,81.3,81.0,-0.7000000000000028,-0.7000000000000028,-1.0
2024-09-14,NYC,83.0,83.8,83.8,83.0,0.7999999999999972,0.7999999999999972,0.0
2024-09-15,NYC,80.0,81.6,81.6,79.0,1.5999999999999943,1.5999999999999943,-1.0
2024-09-16,NYC,77.0,77.6,77.6,76.0,0.5999999999999943,0.5999999999999943,-1.0
2024-09-17,NYC,79.0,80.3,80.3,78.0,1.2999999999999972,1.2999999999999972,-1.0
2024-09-18,NYC,75.0,74.3,74.3,75.0,-0.7000000000000028,-0.7000000000000028,0.0
2024-09-19,NYC,84.0,84.7,84.7,84.0,0.7000000000000028,0.7000000000000028,0.0
2024-09-20,NYC,81.0,81.1,81.1,80.0,0.09999999999999432,0.09999999999999432,-1.0
2024-09-21,NYC,79.0,79.5,79.5,78.0,0.5,0.5,-1.0
2024-09-22,NYC,74.0,76.2,76.2,73.0,2.200000000000003,2.200000000000003,-1.0
2024-09-23,NYC,67.0,68.7,68.7,66.0,1.7000000000000028,1.7000000000000028,-1.0
2024-09-24,NYC,68.0,67.3,67.3,67.0,-0.7000000000000028,-0.7000000000000028,-1.0
2024-09-25,NYC,68.0,68.8,68.8,68.0,0.7999999999999972,0.7999999999999972,0.0
2024-09-26,NYC,74.0,73.8,73.8,74.0,-0.20000000000000284,-0.20000000000000284,0.0
2024-09-27,NYC,74.0,71.8,71.8,73.0,-2.200000000000003,-2.200000000000003,-1.0
2024-09-28,NYC,68.0,67.9,67.9,67.0,-0.09999999999999432,-0.09999999999999432,-1.0
2024-09-29,NYC,63.0,64.6,64.6,62.0,1.5999999999999943,1.5999999999999943,-1.0
2024-09-30,NYC,72.0,71.9,71.9,70.0,-0.09999999999999432,-0.09999999999999432,-2.0
2024-10-01,NYC,69.0,70.2,70.2,68.0,1.2000000000000028,1.2000000000000028,-1.0
2024-10-02,NYC,68.0,69.0,69.0,68.0,1.0,1.0,0.0
2024-10-03,NYC,72.0,72.2,72.2,72.0,0.20000000000000284,0.20000000000000284,0.0
2024-10-04,NYC,73.0,74.4,74.4,72.0,1.4000000000000057,1.4000000000000057,-1.0
2024-10-05,NYC,75.0,74.6,74.6,74.0,-0.4000000000000057,-0.4000000000000057,-1.0
2024-10-06,NYC,71.0,71.6,71.6,70.0,0.5999999999999943,0.5999999999999943,-1.0
2024-10-07,NYC,75.0,73.7,73.7,75.0,-1.2999999999999972,-1.2999999999999972,0.0
2024-10-08,NYC,68.0,68.7,68.7,67.0,0.7000000000000028,0.7000000000000028,-1.0
2024-10-09,NYC,68.0,66.8,66.8,68.0,-1.2000000000000028,-1.2000000000000028,0.0
2024-10-10,NYC,62.0,64.0,64.0,61.0,2.0,2.0,-1.0
2024-10-11,NYC,68.0,69.3,69.3,68.0,1.2999999999999972,1.2999999999999972,0.0
2024-10-12,NYC,74.0,72.6,72.6,74.0,-1.4000000000000057,-1.4000000000000057,0.0
2024-10-13,NYC,69.0,73.4,73.4,68.0,4.400000000000006,4.400000000000006,-1.0
2024-10-14,NYC,66.0,66.0,66.0,66.0,0.0,0.0,0.0
2024-10-15,NYC,57.0,57.8,57.8,57.0,0.7999999999999972,0.7999999999999972,0.0
2024-10-16,NYC,59.0,59.3,59.3,57.0,0.29999999999999716,0.29999999999999716,-2.0
2024-10-17,NYC,58.0,58.6,58.6,58.0,0.6000000000000014,0.6000000000000014,0.0
2024-10-18,NYC,66.0,66.2,66.2,66.0,0.20000000000000284,0.20000000000000284,0.0
2024-10-19,NYC,71.0,70.3,70.3,70.0,-0.7000000000000028,-0.7000000000000028,-1.0
2024-10-20,NYC,73.0,74.8,74.8,72.0,1.7999999999999972,1.7999999999999972,-1.0
2024-10-21,NYC,79.0,80.8,80.8,78.0,1.7999999999999972,1.7999999999999972,-1.0
2024-10-22,NYC,81.0,81.1,81.1,80.0,0.09999999999999432,0.09999999999999432,-1.0
2024-10-23,NYC,75.0,76.7,76.7,74.0,1.7000000000000028,1.7000000000000028,-1.0
2024-10-24,NYC,69.0,68.4,68.4,68.0,-0.5999999999999943,-0.5999999999999943,-1.0
2024-10-25,NYC,62.0,64.2,64.2,62.0,2.200000000000003,2.200000000000003,0.0
2024-10-26,NYC,64.0,63.9,63.9,63.0,-0.10000000000000142,-0.10000000000000142,-1.0
2024-10-27,NYC,57.0,57.9,57.9,57.0,0.8999999999999986,0.8999999999999986,0.0
2024-10-28,NYC,61.0,61.0,61.0,60.0,0.0,0.0,-1.0
2024-10-29,NYC,63.0,63.2,63.2,62.0,0.20000000000000284,0.20000000000000284,-1.0
2024-10-30,NYC,76.0,78.3,78.3,75.0,2.299999999999997,2.299999999999997,-1.0
2024-10-31,NYC,81.0,81.7,81.7,81.0,0.7000000000000028,0.7000000000000028,0.0
2024-11-01,NYC,79.0,78.6,78.6,78.0,-0.4000000000000057,-0.4000000000000057,-1.0
2024-11-02,NYC,60.0,60.3,60.3,59.0,0.29999999999999716,0.29999999999999716,-1.0
2024-11-03,NYC,54.0,55.3,55.3,53.0,1.2999999999999972,1.2999999999999972,-1.0
2024-11-04,NYC,58.0,57.6,57.6,58.0,-0.3999999999999986,-0.3999999999999986,0.0
2024-11-05,NYC,73.0,72.2,72.2,72.0,-0.7999999999999972,-0.7999999999999972,-1.0
2024-11-06,NYC,80.0,79.9,79.9,80.0,-0.09999999999999432,-0.09999999999999432,0.0
2024-11-07,NYC,73.0,72.4,72.4,72.0,-0.5999999999999943,-0.5999999999999943,-1.0
2024-11-08,NYC,69.0,68.6,68.6,68.0,-0.4000000000000057,-0.4000000000000057,-1.0
2024-11-09,NYC,54.0,55.0,55.0,54.0,1.0,1.0,0.0
2024-11-10,NYC,58.0,58.0,58.0,58.0,0.0,0.0,0.0
2024-11-11,NYC,68.0,69.1,69.1,67.0,1.0999999999999943,1.0999999999999943,-1.0
2024-11-12,NYC,59.0,54.3,54.3,57.0,-4.700000000000003,-4.700000000000003,-2.0
2024-11-13,NYC,50.0,48.6,48.6,49.0,-1.3999999999999986,-1.3999999999999986,-1.0
2024-11-14,NYC,47.0,46.0,46.0,46.0,-1.0,-1.0,-1.0
2024-11-15,NYC,58.0,58.7,58.7,58.0,0.7000000000000028,0.7000000000000028,0.0
2024-11-16,NYC,62.0,61.6,61.6,62.0,-0.3999999999999986,-0.3999999999999986,0.0
2024-11-17,NYC,63.0,64.6,64.6,62.0,1.5999999999999943,1.5999999999999943,-1.0
2024-11-18,NYC,66.0,64.1,64.1,66.0,-1.9000000000000057,-1.9000000000000057,0.0
2024-11-19,NYC,60.0,58.4,58.4,59.0,-1.6000000000000014,-1.6000000000000014,-1.0
2024-11-20,NYC,60.0,60.3,60.3,59.0,0.29999999999999716,0.29999999999999716,-1.0
2024-11-21,NYC,54.0,53.4,53.4,54.0,-0.6000000000000014,-0.6000000000000014,0.0
2024-11-22,NYC,40.0,40.5,40.5,40.0,0.5,0.5,0.0
2024-11-23,NYC,49.0,47.8,47.8,49.0,-1.2000000000000028,-1.2000000000000028,0.0
2024-11-24,NYC,53.0,51.0,51.0,53.0,-2.0,-2.0,0.0
2024-11-25,NYC,54.0,51.3,51.3,54.0,-2.700000000000003,-2.700000000000003,0.0
2024-11-26,NYC,58.0,58.4,58.4,58.0,0.3999999999999986,0.3999999999999986,0.0
2024-11-27,NYC,52.0,50.5,50.5,51.0,-1.5,-1.5,-1.0
2024-11-28,NYC,49.0,51.8,51.8,49.0,2.799999999999997,2.799999999999997,0.0
2024-11-29,NYC,47.0,45.9,45.9,47.0,-1.1000000000000014,-1.1000000000000014,0.0
2024-11-30,NYC,39.0,38.3,38.3,39.0,-0.7000000000000028,-0.7000000000000028,0.0
2024-12-01,NYC,38.0,37.0,37.0,37.0,-1.0,-1.0,-1.0
2024-12-02,NYC,39.0,39.1,39.1,38.0,0.10000000000000142,0.10000000000000142,-1.0
2024-12-03,NYC,42.0,41.2,41.2,41.0,-0.7999999999999972,-0.7999999999999972,-1.0
2024-12-04,NYC,42.0,38.7,38.7,41.0,-3.299999999999997,-3.299999999999997,-1.0
2024-12-05,NYC,40.0,40.2,40.2,40.0,0.20000000000000284,0.20000000000000284,0.0
2024-12-06,NYC,34.0,32.0,32.0,34.0,-2.0,-2.0,0.0
2024-12-07,NYC,41.0,40.5,40.5,40.0,-0.5,-0.5,-1.0
2024-12-08,NYC,55.0,52.1,52.1,54.0,-2.8999999999999986,-2.8999999999999986,-1.0
2024-12-09,NYC,51.0,50.4,50.4,51.0,-0.6000000000000014,-0.6000000000000014,0.0
2024-12-10,NYC,50.0,51.1,51.1,50.0,1.1000000000000014,1.1000000000000014,0.0
2024-12-11,NYC,60.0,60.5,60.5,60.8,0.5,0.5,0.7999999999999972
2024-12-12,NYC,41.0,41.2,41.2,41.0,0.20000000000000284,0.20000000000000284,0.0
2024-12-13,NYC,33.0,32.3,32.3,32.0,-0.7000000000000028,-0.7000000000000028,-1.0
2024-12-14,NYC,34.0,33.3,33.3,33.0,-0.7000000000000028,-0.7000000000000028,-1.0
2024-12-15,NYC,41.0,37.4,37.4,41.0,-3.6000000000000014,-3.6000000000000014,0.0
2024-12-16,NYC,52.0,48.3,48.3,52.0,-3.700000000000003,-3.700000000000003,0.0
2024-12-17,NYC,59.0,58.2,58.2,58.0,-0.7999999999999972,-0.7999999999999972,-1.0
2024-12-18,NYC,53.0,49.9,49.9,53.0,-3.1000000000000014,-3.1000000000000014,0.0
2024-12-19,NYC,45.0,44.0,44.0,44.0,-1.0,-1.0,-1.0
2024-12-20,NYC,37.0,36.5,36.5,37.0,-0.5,-0.5,0.0
2024-12-21,NYC,33.0,32.6,32.6,32.0,-0.3999999999999986,-0.3999999999999986,-1.0
2024-12-22,NYC,21.0,19.6,19.6,20.0,-1.3999999999999986,-1.3999999999999986,-1.0
2024-12-23,NYC,31.0,24.2,24.2,31.0,-6.800000000000001,-6.800000000000001,0.0
2024-12-24,NYC,39.0,35.4,35.4,39.0,-3.6000000000000014,-3.6000000000000014,0.0
2024-12-25,NYC,35.0,32.0,32.0,35.0,-3.0,-3.0,0.0
2024-12-26,NYC,36.0,31.5,31.5,35.0,-4.5,-4.5,-1.0
2024-12-27,NYC,44.0,36.6,36.6,43.0,-7.399999999999999,-7.399999999999999,-1.0
2024-12-28,NYC,54.0,45.5,45.5,53.0,-8.5,-8.5,-1.0
2024-12-29,NYC,60.0,59.8,59.8,68.0,-0.20000000000000284,-0.20000000000000284,8.0
2024-12-30,NYC,58.0,55.4,55.4,57.0,-2.6000000000000014,-2.6000000000000014,-1.0
2024-12-31,NYC,53.0,49.5,49.5,52.0,-3.5,-3.5,-1.0
2025-01-01,NYC,51.0,51.7,51.7,50.0,0.7000000000000028,0.7000000000000028,-1.0
2025-01-02,NYC,43.0,41.6,41.6,42.0,-1.3999999999999986,-1.3999999999999986,-1.0
2025-01-03,NYC,39.0,37.8,37.8,38.0,-1.2000000000000028,-1.2000000000000028,-1.0
2025-01-04,NYC,33.0,31.8,31.8,32.0,-1.1999999999999993,-1.1999999999999993,-1.0
2025-01-05,NYC,33.0,32.5,32.5,33.0,-0.5,-0.5,0.0
2025-01-06,NYC,30.0,29.3,29.3,30.2,-0.6999999999999993,-0.6999999999999993,0.1999999999999993
2025-01-07,NYC,33.0,26.9,26.9,32.0,-6.100000000000001,-6.100000000000001,-1.0
2025-01-08,NYC,30.0,27.7,27.7,29.0,-2.3000000000000007,-2.3000000000000007,-1.0
2025-01-09,NYC,33.0,28.9,28.9,33.0,-4.100000000000001,-4.100000000000001,0.0
2025-01-10,NYC,39.0,37.9,37.9,39.0,-1.1000000000000014,-1.1000000000000014,0.0
2025-01-11,NYC,36.0,32.6,32.6,36.0,-3.3999999999999986,-3.3999999999999986,0.0
2025-01-12,NYC,42.0,40.3,40.3,41.0,-1.7000000000000028,-1.7000000000000028,-1.0
2025-01-13,NYC,42.0,43.4,43.4,42.0,1.3999999999999986,1.3999999999999986,0.0
2025-01-14,NYC,35.0,32.5,32.5,33.0,-2.5,-2.5,-2.0
2025-01-15,NYC,32.0,29.8,29.8,31.0,-2.1999999999999993,-2.1999999999999993,-1.0
2025-01-16,NYC,30.0,30.7,30.7,29.0,0.6999999999999993,0.6999999999999993,-1.0
2025-01-17,NYC,42.0,40.6,40.6,42.0,-1.3999999999999986,-1.3999999999999986,0.0
2025-01-18,NYC,46.0,43.6,43.6,46.0,-2.3999999999999986,-2.3999999999999986,0.0
2025-01-19,NYC,41.0,36.6,36.6,40.0,-4.399999999999999,-4.399999999999999,-1.0
2025-01-20,NYC,26.0,27.0,27.0,26.0,1.0,1.0,0.0
2025-01-21,NYC,19.0,17.2,17.2,19.0,-1.8000000000000007,-1.8000000000000007,0.0
2025-01-22,NYC,20.0,17.1,17.1,19.0,-2.8999999999999986,-2.8999999999999986,-1.0
2025-01-23,NYC,28.0,25.4,25.4,27.0,-2.6000000000000014,-2.6000000000000014,-1.0
2025-01-24,NYC,33.0,30.4,30.4,32.0,-2.6000000000000014,-2.6000000000000014,-1.0
2025-01-25,NYC,33.0,28.1,28.1,32.0,-4.899999999999999,-4.899999999999999,-1.0
2025-01-26,NYC,43.0,39.3,39.3,42.0,-3.700000000000003,-3.700000000000003,-1.0
2025-01-27,NYC,40.0,35.5,35.5,40.0,-4.5,-4.5,0.0
2025-01-28,NYC,42.0,39.4,39.4,42.0,-2.6000000000000014,-2.6000000000000014,0.0
2025-01-29,NYC,52.0,48.1,48.1,51.0,-3.8999999999999986,-3.8999999999999986,-1.0
2025-01-30,NYC,38.0,33.6,33.6,38.0,-4.399999999999999,-4.399999999999999,0.0
2025-01-31,NYC,48.0,41.9,41.9,48.0,-6.100000000000001,-6.100000000000001,0.0
2025-02-01,NYC,48.0,41.6,41.6,47.0,-6.399999999999999,-6.399999999999999,-1.0
2025-02-02,NYC,31.0,33.1,33.1,31.0,2.1000000000000014,2.1000000000000014,0.0
2025-02-03,NYC,49.0,42.3,42.3,48.0,-6.700000000000003,-6.700000000000003,-1.0
2025-02-04,NYC,47.0,42.9,42.9,47.0,-4.100000000000001,-4.100000000000001,0.0
2025-02-05,NYC,36.0,35.0,35.0,36.0,-1.0,-1.0,0.0
2025-02-06,NYC,38.0,37.4,37.4,38.0,-0.6000000000000014,-0.6000000000000014,0.0
2025-02-07,NYC,43.0,40.5,40.5,42.0,-2.5,-2.5,-1.0
2025-02-08,NYC,35.0,33.6,33.6,35.0,-1.3999999999999986,-1.3999999999999986,0.0
2025-02-09,NYC,36.0,34.2,34.2,35.0,-1.7999999999999972,-1.7999999999999972,-1.0
2025-02-10,NYC,37.0,32.5,32.5,37.0,-4.5,-4.5,0.0
2025-02-11,NYC,35.0,31.3,31.3,35.0,-3.6999999999999993,-3.6999999999999993,0.0
2025-02-12,NYC,36.0,33.0,33.0,36.0,-3.0,-3.0,0.0
2025-02-13,NYC,46.0,42.4,42.4,46.0,-3.6000000000000014,-3.6000000000000014,0.0
2025-02-14,NYC,36.0,32.5,32.5,35.0,-3.5,-3.5,-1.0
2025-02-15,NYC,35.0,34.7,34.7,35.0,-0.29999999999999716,-0.29999999999999716,0.0
2025-02-16,NYC,47.0,44.9,44.9,46.4,-2.1000000000000014,-2.1000000000000014,-0.6000000000000014
2025-02-17,NYC,36.0,34.5,34.5,35.0,-1.5,-1.5,-1.0
2025-02-18,NYC,27.0,26.3,26.3,27.0,-0.6999999999999993,-0.6999999999999993,0.0
2025-02-19,NYC,30.0,29.8,29.8,30.0,-0.1999999999999993,-0.1999999999999993,0.0
2025-02-20,NYC,29.0,29.8,29.8,28.0,0.8000000000000007,0.8000000000000007,-1.0
2025-02-21,NYC,35.0,31.1,31.1,32.0,-3.8999999999999986,-3.8999999999999986,-3.0
2025-02-22,NYC,40.0,38.3,38.3,39.2,-1.7000000000000028,-1.7000000000000028,-0.7999999999999972
2025-02-23,NYC,46.0,46.0,46.0,46.4,0.0,0.0,0.3999999999999986
2025-02-24,NYC,49.0,46.6,46.6,48.2,-2.3999999999999986,-2.3999999999999986,-0.7999999999999972
2025-02-25,NYC,57.0,54.3,54.3,57.2,-2.700000000000003,-2.700000000000003,0.20000000000000284
2025-02-26,NYC,56.0,55.1,55.1,55.4,-0.8999999999999986,-0.8999999999999986,-0.6000000000000014
2025-02-27,NYC,54.0,53.3,53.3,53.6,-0.7000000000000028,-0.7000000000000028,-0.3999999999999986
2025-02-28,NYC,51.0,48.7,48.7,50.0,-2.299999999999997,-2.299999999999997,-1.0
2025-03-01,NYC,64.0,59.9,59.9,64.4,-4.100000000000001,-4.100000000000001,0.4000000000000057
2025-03-02,NYC,33.0,32.5,32.5,33.8,-0.5,-0.5,0.7999999999999972
2025-03-03,NYC,39.0,38.1,38.1,38.0,-0.8999999999999986,-0.8999999999999986,-1.0
2025-03-04,NYC,52.0,54.5,54.5,52.0,2.5,2.5,0.0
2025-03-05,NYC,54.0,54.2,54.2,54.0,0.20000000000000284,0.20000000000000284,0.0
2025-03-06,NYC,55.0,53.5,53.5,55.0,-1.5,-1.5,0.0
2025-03-07,NYC,50.0,45.9,45.9,49.0,-4.100000000000001,-4.100000000000001,-1.0
2025-03-08,NYC,45.0,42.4,42.4,44.0,-2.6000000000000014,-2.6000000000000014,-1.0
2025-03-09,NYC,53.0,50.3,50.3,53.0,-2.700000000000003,-2.700000000000003,0.0
2025-03-10,NYC,66.0,62.9,62.9,66.0,-3.1000000000000014,-3.1000000000000014,0.0
2025-03-11,NYC,65.0,60.9,60.9,63.0,-4.100000000000001,-4.100000000000001,-2.0
2025-03-12,NYC,55.0,51.9,51.9,54.0,-3.1000000000000014,-3.1000000000000014,-1.0
2025-03-13,NYC,50.0,51.0,51.0,49.0,1.0,1.0,-1.0
2025-03-14,NYC,57.0,55.3,55.3,56.0,-1.7000000000000028,-1.7000000000000028,-1.0
2025-03-15,NYC,49.0,48.9,48.9,48.0,-0.10000000000000142,-0.10000000000000142,-1.0
2025-03-16,NYC,61.0,60.3,60.3,61.0,-0.7000000000000028,-0.7000000000000028,0.0
2025-03-17,NYC,59.0,58.7,58.7,58.0,-0.29999999999999716,-0.29999999999999716,-1.0
2025-03-18,NYC,61.0,57.4,57.4,61.0,-3.6000000000000014,-3.6000000000000014,0.0
2025-03-19,NYC,63.0,58.5,58.5,62.0,-4.5,-4.5,-1.0
2025-03-20,NYC,52.0,50.5,50.5,52.0,-1.5,-1.5,0.0
2025-03-21,NYC,51.0,48.6,48.6,50.0,-2.3999999999999986,-2.3999999999999986,-1.0
2025-03-22,NYC,64.0,60.6,60.6,63.0,-3.3999999999999986,-3.3999999999999986,-1.0
2025-03-23,NYC,48.0,46.5,46.5,48.0,-1.5,-1.5,0.0
2025-03-24,NYC,50.0,50.7,50.7,49.0,0.7000000000000028,0.7000000000000028,-1.0
2025-03-25,NYC,58.0,57.4,57.4,57.0,-0.6000000000000014,-0.6000000000000014,-1.0
2025-03-26,NYC,53.0,49.7,49.7,50.0,-3.299999999999997,-3.299999999999997,-3.0
2025-03-27,NYC,53.0,49.5,49.5,52.0,-3.5,-3.5,-1.0
2025-03-28,NYC,63.0,59.6,59.6,62.0,-3.3999999999999986,-3.3999999999999986,-1.0
2025-03-29,NYC,81.0,78.4,78.4,81.0,-2.5999999999999943,-2.5999999999999943,0.0
2025-03-30,NYC,48.0,57.0,57.0,48.0,9.0,9.0,0.0
2025-03-31,NYC,73.0,74.8,74.8,71.0,1.7999999999999972,1.7999999999999972,-2.0
2025-04-01,NYC,58.0,60.3,60.3,58.0,2.299999999999997,2.299999999999997,0.0
2025-04-02,NYC,49.0,47.3,47.3,47.0,-1.7000000000000028,-1.7000000000000028,-2.0
2025-04-03,NYC,73.0,70.8,70.8,73.0,-2.200000000000003,-2.200000000000003,0.0
2025-04-04,NYC,73.0,69.7,69.7,73.0,-3.299999999999997,-3.299999999999997,0.0
2025-04-05,NYC,59.0,54.4,54.4,60.0,-4.600000000000001,-4.600000000000001,1.0
2025-04-06,NYC,56.0,59.1,59.1,56.0,3.1000000000000014,3.1000000000000014,0.0
2025-04-07,NYC,50.0,48.3,48.3,50.0,-1.7000000000000028,-1.7000000000000028,0.0
2025-04-08,NYC,45.0,43.4,43.4,45.0,-1.6000000000000014,-1.6000000000000014,0.0
2025-04-09,NYC,49.0,46.7,46.7,48.0,-2.299999999999997,-2.299999999999997,-1.0
2025-04-10,NYC,51.0,48.9,48.9,49.0,-2.1000000000000014,-2.1000000000000014,-2.0
2025-04-11,NYC,46.0,44.8,44.8,46.0,-1.2000000000000028,-1.2000000000000028,0.0
2025-04-12,NYC,40.0,42.2,42.2,42.0,2.200000000000003,2.200000000000003,2.0
2025-04-13,NYC,58.0,56.9,56.9,57.0,-1.1000000000000014,-1.1000000000000014,-1.0
2025-04-14,NYC,66.0,61.1,61.1,65.0,-4.899999999999999,-4.899999999999999,-1.0
2025-04-15,NYC,69.0,65.3,65.3,69.0,-3.700000000000003,-3.700000000000003,0.0
2025-04-16,NYC,50.0,49.7,49.7,50.0,-0.29999999999999716,-0.29999999999999716,0.0
2025-04-17,NYC,64.0,59.4,59.4,63.0,-4.600000000000001,-4.600000000000001,-1.0
2025-04-18,NYC,68.0,64.0,64.0,68.0,-4.0,-4.0,0.0
2025-04-19,NYC,85.0,79.6,79.6,84.0,-5.400000000000006,-5.400000000000006,-1.0
2025-04-20,NYC,73.0,70.8,70.8,73.0,-2.200000000000003,-2.200000000000003,0.0
2025-04-21,NYC,57.0,56.2,56.2,57.0,-0.7999999999999972,-0.7999999999999972,0.0
2025-04-22,NYC,82.0,78.4,78.4,80.0,-3.5999999999999943,-3.5999999999999943,-2.0
2025-04-23,NYC,76.0,75.8,75.8,75.0,-0.20000000000000284,-0.20000000000000284,-1.0
2025-04-24,NYC,77.0,79.8,79.8,77.0,2.799999999999997,2.799999999999997,0.0
2025-04-25,NYC,77.0,77.4,77.4,76.0,0.4000000000000057,0.4000000000000057,-1.0
2025-04-26,NYC,74.0,70.5,70.5,71.0,-3.5,-3.5,-3.0
2025-04-27,NYC,59.0,57.2,57.2,58.0,-1.7999999999999972,-1.7999999999999972,-1.0
2025-04-28,NYC,76.0,72.4,72.4,75.0,-3.5999999999999943,-3.5999999999999943,-1.0
2025-04-29,NYC,79.0,81.1,81.1,77.0,2.0999999999999943,2.0999999999999943,-2.0
2025-04-30,NYC,73.0,72.9,72.9,73.0,-0.09999999999999432,-0.09999999999999432,0.0
2025-05-01,NYC,71.0,71.4,71.4,71.0,0.4000000000000057,0.4000000000000057,0.0
2025-05-02,NYC,84.0,86.1,86.1,83.0,2.0999999999999943,2.0999999999999943,-1.0
2025-05-03,NYC,85.0,83.9,83.9,84.0,-1.0999999999999943,-1.0999999999999943,-1.0
2025-05-04,NYC,69.0,69.6,69.6,69.0,0.5999999999999943,0.5999999999999943,0.0
2025-05-05,NYC,61.0,66.4,66.4,61.0,5.400000000000006,5.400000000000006,0.0
2025-05-06,NYC,64.0,65.7,65.7,63.0,1.7000000000000028,1.7000000000000028,-1.0
2025-05-07,NYC,74.0,71.8,71.8,73.0,-2.200000000000003,-2.200000000000003,-1.0
2025-05-08,NYC,78.0,73.9,73.9,77.0,-4.099999999999994,-4.099999999999994,-1.0
2025-05-09,NYC,60.0,60.7,60.7,60.0,0.7000000000000028,0.7000000000000028,0.0
2025-05-10,NYC,72.0,68.6,68.6,72.0,-3.4000000000000057,-3.4000000000000057,0.0
2025-05-11,NYC,77.0,73.5,73.5,77.0,-3.5,-3.5,0.0
2025-05-12,NYC,72.0,68.7,68.7,72.0,-3.299999999999997,-3.299999999999997,0.0
2025-05-13,NYC,69.0,67.6,67.6,68.0,-1.4000000000000057,-1.4000000000000057,-1.0
2025-05-14,NYC,62.0,67.4,67.4,62.0,5.400000000000006,5.400000000000006,0.0
2025-05-15,NYC,69.0,72.7,72.7,68.0,3.700000000000003,3.700000000000003,-1.0
2025-05-16,NYC,72.0,73.4,73.4,71.0,1.4000000000000057,1.4000000000000057,-1.0
2025-05-17,NYC,82.0,79.2,79.2,81.0,-2.799999999999997,-2.799999999999997,-1.0
2025-05-18,NYC,73.0,72.8,72.8,73.0,-0.20000000000000284,-0.20000000000000284,0.0
2025-05-19,NYC,69.0,67.1,67.1,69.0,-1.9000000000000057,-1.9000000000000057,0.0
2025-05-20,NYC,67.0,64.1,64.1,66.0,-2.9000000000000057,-2.9000000000000057,-1.0
2025-05-21,NYC,59.0,56.7,56.7,59.0,-2.299999999999997,-2.299999999999997,0.0
2025-05-22,NYC,51.0,54.5,54.5,51.0,3.5,3.5,0.0
2025-05-23,NYC,63.0,61.1,61.1,61.0,-1.8999999999999986,-1.8999999999999986,-2.0
2025-05-24,NYC,64.0,62.2,62.2,63.0,-1.7999999999999972,-1.7999999999999972,-1.0
2025-05-25,NYC,66.0,66.1,66.1,65.0,0.09999999999999432,0.09999999999999432,-1.0
2025-05-26,NYC,73.0,70.5,70.5,72.0,-2.5,-2.5,-1.0
2025-05-27,NYC,74.0,76.6,76.6,73.0,2.5999999999999943,2.5999999999999943,-1.0
2025-05-28,NYC,65.0,66.6,66.6,65.0,1.5999999999999943,1.5999999999999943,0.0
2025-05-29,NYC,67.0,70.3,70.3,66.0,3.299999999999997,3.299999999999997,-1.0
2025-05-30,NYC,75.0,73.7,73.7,75.0,-1.2999999999999972,-1.2999999999999972,0.0
2025-05-31,NYC,67.0,66.7,66.7,67.0,-0.29999999999999716,-0.29999999999999716,0.0
2025-06-01,NYC,66.0,65.3,65.3,65.0,-0.7000000000000028,-0.7000000000000028,-1.0
2025-06-02,NYC,71.0,70.0,70.0,70.0,-1.0,-1.0,-1.0
2025-06-03,NYC,79.0,79.2,79.2,78.0,0.20000000000000284,0.20000000000000284,-1.0
2025-06-04,NYC,83.0,85.0,85.0,82.0,2.0,2.0,-1.0
2025-06-05,NYC,87.0,94.1,94.1,86.0,7.099999999999994,7.099999999999994,-1.0
2025-06-06,NYC,84.0,88.6,88.6,83.0,4.599999999999994,4.599999999999994,-1.0
2025-06-07,NYC,76.0,80.0,80.0,75.0,4.0,4.0,-1.0
2025-06-08,NYC,76.0,75.0,75.0,76.0,-1.0,-1.0,0.0
2025-06-09,NYC,64.0,69.4,69.4,65.0,5.400000000000006,5.400000000000006,1.0
2025-06-10,NYC,73.0,77.4,77.4,73.0,4.400000000000006,4.400000000000006,0.0
2025-06-11,NYC,81.0,82.4,82.4,80.0,1.4000000000000057,1.4000000000000057,-1.0
2025-06-12,NYC,87.0,89.2,89.2,86.0,2.200000000000003,2.200000000000003,-1.0
2025-06-13,NYC,78.0,85.3,85.3,78.0,7.299999999999997,7.299999999999997,0.0
2025-06-14,NYC,68.0,69.5,69.5,67.0,1.5,1.5,-1.0
2025-06-15,NYC,64.0,66.8,66.8,64.0,2.799999999999997,2.799999999999997,0.0
2025-06-16,NYC,69.0,68.3,68.3,69.0,-0.7000000000000028,-0.7000000000000028,0.0
2025-06-17,NYC,67.0,70.5,70.5,67.0,3.5,3.5,0.0
2025-06-18,NYC,84.0,83.0,83.0,83.0,-1.0,-1.0,-1.0
2025-06-19,NYC,88.0,88.1,88.1,87.0,0.09999999999999432,0.09999999999999432,-1.0
2025-06-20,NYC,82.0,82.0,82.0,81.0,0.0,0.0,-1.0
2025-06-21,NYC,86.0,89.7,89.7,86.0,3.700000000000003,3.700000000000003,0.0
2025-06-22,NYC,88.0,91.7,91.7,87.0,3.700000000000003,3.700000000000003,-1.0
2025-06-23,NYC,96.0,102.5,102.5,95.0,6.5,6.5,-1.0
2025-06-24,NYC,99.0,102.7,102.7,98.0,3.700000000000003,3.700000000000003,-1.0
2025-06-25,NYC,96.0,99.1,99.1,95.0,3.0999999999999943,3.0999999999999943,-1.0
2025-06-26,NYC,85.0,86.5,86.5,84.0,1.5,1.5,-1.0
2025-06-27,NYC,72.0,72.8,72.8,71.0,0.7999999999999972,0.7999999999999972,-1.0
2025-06-28,NYC,83.0,86.2,86.2,82.0,3.200000000000003,3.200000000000003,-1.0
2025-06-29,NYC,89.0,88.6,88.6,88.0,-0.4000000000000057,-0.4000000000000057,-1.0
2025-06-30,NYC,90.0,94.4,94.4,89.0,4.400000000000006,4.400000000000006,-1.0
2025-07-01,NYC,89.0,90.1,90.1,87.0,1.0999999999999943,1.0999999999999943,-2.0
2025-07-02,NYC,84.0,85.2,85.2,82.0,1.2000000000000028,1.2000000000000028,-2.0
2025-07-03,NYC,88.0,87.5,87.5,87.0,-0.5,-0.5,-1.0
2025-07-04,NYC,83.0,82.2,82.2,83.0,-0.7999999999999972,-0.7999999999999972,0.0
2025-07-05,NYC,84.0,90.0,90.0,83.0,6.0,6.0,-1.0
2025-07-06,NYC,87.0,93.7,93.7,86.0,6.700000000000003,6.700000000000003,-1.0
2025-07-07,NYC,87.0,88.9,88.9,86.0,1.9000000000000057,1.9000000000000057,-1.0
2025-07-08,NYC,93.0,95.6,95.6,93.0,2.5999999999999943,2.5999999999999943,0.0
2025-07-09,NYC,90.0,88.5,88.5,90.0,-1.5,-1.5,0.0
2025-07-10,NYC,84.0,81.0,81.0,83.0,-3.0,-3.0,-1.0
2025-07-11,NYC,84.0,84.3,84.3,84.0,0.29999999999999716,0.29999999999999716,0.0
2025-07-12,NYC,83.0,86.8,86.8,82.4,3.799999999999997,3.799999999999997,-0.5999999999999943
2025-07-13,NYC,83.0,84.8,84.8,81.0,1.7999999999999972,1.7999999999999972,-2.0
2025-07-14,NYC,85.0,88.3,88.3,85.0,3.299999999999997,3.299999999999997,0.0
2025-07-15,NYC,86.0,84.7,84.7,86.0,-1.2999999999999972,-1.2999999999999972,0.0
2025-07-16,NYC,87.0,87.2,87.2,86.0,0.20000000000000284,0.20000000000000284,-1.0
2025-07-17,NYC,90.0,91.4,91.4,89.0,1.4000000000000057,1.4000000000000057,-1.0
2025-07-18,NYC,82.0,85.6,85.6,82.0,3.5999999999999943,3.5999999999999943,0.0
2025-07-19,NYC,81.0,83.9,83.9,80.0,2.9000000000000057,2.9000000000000057,-1.0
2025-07-20,NYC,88.0,92.3,92.3,87.0,4.299999999999997,4.299999999999997,-1.0
2025-07-21,NYC,85.0,88.2,88.2,85.0,3.200000000000003,3.200000000000003,0.0
2025-07-22,NYC,81.0,83.2,83.2,79.0,2.200000000000003,2.200000000000003,-2.0
2025-07-23,NYC,80.0,84.2,84.2,79.0,4.200000000000003,4.200000000000003,-1.0
2025-07-24,NYC,87.0,88.3,88.3,86.0,1.2999999999999972,1.2999999999999972,-1.0
2025-07-25,NYC,95.0,97.1,97.1,94.0,2.0999999999999943,2.0999999999999943,-1.0
2025-07-26,NYC,85.0,88.4,88.4,84.0,3.4000000000000057,3.4000000000000057,-1.0
2025-07-27,NYC,84.0,87.3,87.3,83.0,3.299999999999997,3.299999999999997,-1.0
2025-07-28,NYC,94.0,94.3,94.3,93.0,0.29999999999999716,0.29999999999999716,-1.0
2025-07-29,NYC,97.0,101.2,101.2,97.0,4.200000000000003,4.200000000000003,0.0
2025-07-30,NYC,95.0,99.8,99.8,95.0,4.799999999999997,4.799999999999997,0.0
2025-07-31,NYC,89.0,87.7,87.7,89.0,-1.2999999999999972,-1.2999999999999972,0.0
2025-08-01,NYC,73.0,73.3,73.3,73.0,0.29999999999999716,0.29999999999999716,0.0
2025-08-02,NYC,80.0,77.7,77.7,80.0,-2.299999999999997,-2.299999999999997,0.0
2025-08-03,NYC,84.0,82.7,82.7,83.0,-1.2999999999999972,-1.2999999999999972,-1.0
2025-08-04,NYC,89.0,92.0,92.0,88.0,3.0,3.0,-1.0
2025-08-05,NYC,86.0,86.6,86.6,85.0,0.5999999999999943,0.5999999999999943,-1.0
2025-08-06,NYC,79.0,83.6,83.6,78.0,4.599999999999994,4.599999999999994,-1.0
2025-08-07,NYC,81.0,83.0,83.0,78.0,2.0,2.0,-3.0
2025-08-08,NYC,82.0,83.1,83.1,81.0,1.0999999999999943,1.0999999999999943,-1.0
2025-08-09,NYC,85.0,86.9,86.9,85.0,1.9000000000000057,1.9000000000000057,0.0
2025-08-10,NYC,90.0,92.6,92.6,89.0,2.5999999999999943,2.5999999999999943,-1.0
2025-08-11,NYC,89.0,90.6,90.6,88.0,1.5999999999999943,1.5999999999999943,-1.0
2025-08-12,NYC,91.0,92.9,92.9,89.0,1.9000000000000057,1.9000000000000057,-2.0
2025-08-13,NYC,89.0,90.7,90.7,88.0,1.7000000000000028,1.7000000000000028,-1.0
2025-08-14,NYC,89.0,87.7,87.7,89.0,-1.2999999999999972,-1.2999999999999972,0.0
2025-08-15,NYC,89.0,90.7,90.7,88.0,1.7000000000000028,1.7000000000000028,-1.0
2025-08-16,NYC,84.0,87.4,87.4,83.0,3.4000000000000057,3.4000000000000057,-1.0
2025-08-17,NYC,91.0,95.6,95.6,89.0,4.599999999999994,4.599999999999994,-2.0
2025-08-18,NYC,75.0,75.4,75.4,76.0,0.4000000000000057,0.4000000000000057,1.0
2025-08-19,NYC,77.0,76.2,76.2,76.0,-0.7999999999999972,-0.7999999999999972,-1.0
2025-08-20,NYC,70.0,72.3,72.3,69.0,2.299999999999997,2.299999999999997,-1.0
2025-08-21,NYC,72.0,70.9,70.9,71.0,-1.0999999999999943,-1.0999999999999943,-1.0
2025-08-22,NYC,83.0,80.3,80.3,82.0,-2.700000000000003,-2.700000000000003,-1.0
2025-08-23,NYC,82.0,82.7,82.7,81.0,0.7000000000000028,0.7000000000000028,-1.0
2025-08-24,NYC,80.0,79.5,79.5,79.0,-0.5,-0.5,-1.0
2025-08-25,NYC,86.0,88.5,88.5,85.0,2.5,2.5,-1.0
2025-08-26,NYC,79.0,80.9,80.9,78.0,1.9000000000000057,1.9000000000000057,-1.0
2025-08-27,NYC,75.0,76.8,76.8,74.0,1.7999999999999972,1.7999999999999972,-1.0
2025-08-28,NYC,78.0,80.6,80.6,76.0,2.5999999999999943,2.5999999999999943,-2.0
2025-08-29,NYC,78.0,81.2,81.2,76.0,3.200000000000003,3.200000000000003,-2.0
2025-08-30,NYC,76.0,78.0,78.0,75.0,2.0,2.0,-1.0
2025-08-31,NYC,79.0,81.1,81.1,79.0,2.0999999999999943,2.0999999999999943,0.0
2025-09-01,NYC,78.0,78.8,78.8,77.0,0.7999999999999972,0.7999999999999972,-1.0
2025-09-02,NYC,79.0,80.4,80.4,77.0,1.4000000000000057,1.4000000000000057,-2.0
2025-09-03,NYC,79.0,80.6,80.6,78.0,1.5999999999999943,1.5999999999999943,-1.0
2025-09-04,NYC,77.0,77.8,77.8,77.0,0.7999999999999972,0.7999999999999972,0.0
2025-09-05,NYC,82.0,83.0,83.0,81.0,1.0,1.0,-1.0
2025-09-06,NYC,86.0,86.3,86.3,85.0,0.29999999999999716,0.29999999999999716,-1.0
2025-09-07,NYC,69.0,69.2,69.2,68.0,0.20000000000000284,0.20000000000000284,-1.0
2025-09-08,NYC,73.0,70.7,70.7,72.0,-2.299999999999997,-2.299999999999997,-1.0
2025-09-09,NYC,73.0,71.1,71.1,73.0,-1.9000000000000057,-1.9000000000000057,0.0
2025-09-10,NYC,73.0,69.1,69.1,73.0,-3.9000000000000057,-3.9000000000000057,0.0
2025-09-11,NYC,79.0,79.6,79.6,79.0,0.5999999999999943,0.5999999999999943,0.0
2025-09-12,NYC,78.0,80.3,80.3,78.0,2.299999999999997,2.299999999999997,0.0
2025-09-13,NYC,77.0,80.6,80.6,76.0,3.5999999999999943,3.5999999999999943,-1.0
2025-09-14,NYC,81.0,85.0,85.0,80.0,4.0,4.0,-1.0
2025-09-15,NYC,79.0,82.3,82.3,79.0,3.299999999999997,3.299999999999997,0.0
2025-09-16,NYC,74.0,75.7,75.7,73.0,1.7000000000000028,1.7000000000000028,-1.0
2025-09-17,NYC,70.0,70.7,70.7,70.0,0.7000000000000028,0.7000000000000028,0.0
2025-09-18,NYC,83.0,80.5,80.5,82.0,-2.5,-2.5,-1.0
2025-09-19,NYC,84.0,81.9,81.9,83.0,-2.0999999999999943,-2.0999999999999943,-1.0
2025-09-20,NYC,73.0,73.7,73.7,73.0,0.7000000000000028,0.7000000000000028,0.0
2025-09-21,NYC,71.0,72.1,72.1,70.0,1.0999999999999943,1.0999999999999943,-1.0
2025-09-22,NYC,73.0,72.9,72.9,72.0,-0.09999999999999432,-0.09999999999999432,-1.0
2025-09-23,NYC,83.0,84.5,84.5,82.0,1.5,1.5,-1.0
2025-09-24,NYC,80.0,79.1,79.1,79.0,-0.9000000000000057,-0.9000000000000057,-1.0
2025-09-25,NYC,77.0,74.9,74.9,77.0,-2.0999999999999943,-2.0999999999999943,0.0
2025-09-26,NYC,82.0,79.2,79.2,81.0,-2.799999999999997,-2.799999999999997,-1.0
2025-09-27,NYC,79.0,75.7,75.7,79.0,-3.299999999999997,-3.299999999999997,0.0
2025-09-28,NYC,83.0,82.2,82.2,82.0,-0.7999999999999972,-0.7999999999999972,-1.0
2025-09-29,NYC,78.0,75.0,75.0,77.0,-3.0,-3.0,-1.0
2025-09-30,NYC,81.0,77.7,77.7,80.0,-3.299999999999997,-3.299999999999997,-1.0
2025-10-01,NYC,69.0,68.5,68.5,69.0,-0.5,-0.5,0.0
2025-10-02,NYC,66.0,66.2,66.2,65.0,0.20000000000000284,0.20000000000000284,-1.0
2025-10-03,NYC,71.0,72.1,72.1,71.0,1.0999999999999943,1.0999999999999943,0.0
2025-10-04,NYC,82.0,81.6,81.6,81.0,-0.4000000000000057,-0.4000000000000057,-1.0
2025-10-05,NYC,84.0,85.3,85.3,84.0,1.2999999999999972,1.2999999999999972,0.0
2025-10-06,NYC,80.0,81.1,81.1,79.0,1.0999999999999943,1.0999999999999943,-1.0
2025-10-07,NYC,80.0,81.0,81.0,79.0,1.0,1.0,-1.0
2025-10-08,NYC,72.0,71.2,71.2,71.0,-0.7999999999999972,-0.7999999999999972,-1.0
2025-10-09,NYC,59.0,58.5,58.5,58.0,-0.5,-0.5,-1.0
2025-10-10,NYC,62.0,61.3,61.3,61.0,-0.7000000000000028,-0.7000000000000028,-1.0
2025-10-11,NYC,64.0,66.0,66.0,64.4,2.0,2.0,0.4000000000000057
2025-10-12,NYC,63.0,61.8,61.8,63.0,-1.2000000000000028,-1.2000000000000028,0.0
2025-10-13,NYC,58.0,58.3,58.3,57.2,0.29999999999999716,0.29999999999999716,-0.7999999999999972
2025-10-14,NYC,61.0,60.8,60.8,61.0,-0.20000000000000284,-0.20000000000000284,0.0
2025-10-15,NYC,68.0,67.6,67.6,68.0,-0.4000000000000057,-0.4000000000000057,0.0
2025-10-16,NYC,61.0,59.4,59.4,60.0,-1.6000000000000014,-1.6000000000000014,-1.0
2025-10-17,NYC,63.0,62.6,62.6,62.0,-0.3999999999999986,-0.3999999999999986,-1.0
2025-10-18,NYC,65.0,63.6,63.6,65.0,-1.3999999999999986,-1.3999999999999986,0.0
2025-10-19,NYC,70.0,69.4,69.4,69.0,-0.5999999999999943,-0.5999999999999943,-1.0
2025-10-20,NYC,68.0,67.8,67.8,68.0,-0.20000000000000284,-0.20000000000000284,0.0
2025-10-21,NYC,66.0,66.5,66.5,66.0,0.5,0.5,0.0
2025-10-22,NYC,62.0,61.9,61.9,62.0,-0.10000000000000142,-0.10000000000000142,0.0
2025-10-23,NYC,60.0,58.7,58.7,58.0,-1.2999999999999972,-1.2999999999999972,-2.0
2025-10-24,NYC,59.0,59.1,59.1,59.0,0.10000000000000142,0.10000000000000142,0.0
2025-10-25,NYC,58.0,57.9,57.9,58.0,-0.10000000000000142,-0.10000000000000142,0.0
2025-10-26,NYC,59.0,58.0,58.0,59.0,-1.0,-1.0,0.0
2025-10-27,NYC,55.0,55.2,55.2,54.0,0.20000000000000284,0.20000000000000284,-1.0
2025-10-28,NYC,54.0,54.8,54.8,54.0,0.7999999999999972,0.7999999999999972,0.0
2025-10-29,NYC,56.0,57.5,57.5,55.0,1.5,1.5,-1.0
2025-10-30,NYC,63.0,61.2,61.2,63.0,-1.7999999999999972,-1.7999999999999972,0.0
2025-10-31,NYC,58.0,58.9,58.9,58.0,0.8999999999999986,0.8999999999999986,0.0
2025-11-01,NYC,58.0,57.8,57.8,58.0,-0.20000000000000284,-0.20000000000000284,0.0
2025-11-02,NYC,59.0,58.5,58.5,59.0,-0.5,-0.5,0.0
2025-11-03,NYC,59.0,56.9,56.9,58.0,-2.1000000000000014,-2.1000000000000014,-1.0
2025-11-04,NYC,59.0,58.4,58.4,59.0,-0.6000000000000014,-0.6000000000000014,0.0
2025-11-05,NYC,66.0,64.0,64.0,66.0,-2.0,-2.0,0.0
2025-11-06,NYC,57.0,56.4,56.4,55.0,-0.6000000000000014,-0.6000000000000014,-2.0
2025-11-07,NYC,61.0,59.0,59.0,60.0,-2.0,-2.0,-1.0
2025-11-08,NYC,65.0,64.7,64.7,65.0,-0.29999999999999716,-0.29999999999999716,0.0
2025-11-09,NYC,63.0,61.2,61.2,62.0,-1.7999999999999972,-1.7999999999999972,-1.0
2025-11-10,NYC,59.0,56.5,56.5,59.0,-2.5,-2.5,0.0
2025-11-11,NYC,41.0,39.8,39.8,41.0,-1.2000000000000028,-1.2000000000000028,0.0
2025-11-12,NYC,50.0,48.1,48.1,49.0,-1.8999999999999986,-1.8999999999999986,-1.0
2025-11-13,NYC,51.0,50.6,50.6,51.0,-0.3999999999999986,-0.3999999999999986,0.0
2025-11-14,NYC,51.0,49.8,49.8,51.0,-1.2000000000000028,-1.2000000000000028,0.0
2025-11-15,NYC,50.0,47.2,47.2,50.0,-2.799999999999997,-2.799999999999997,0.0
2025-11-16,NYC,56.0,54.9,54.9,55.0,-1.1000000000000014,-1.1000000000000014,-1.0
2025-11-17,NYC,44.0,42.8,42.8,43.0,-1.2000000000000028,-1.2000000000000028,-1.0
2025-11-18,NYC,45.0,45.8,45.8,45.0,0.7999999999999972,0.7999999999999972,0.0
2025-11-19,NYC,47.0,46.8,46.8,47.0,-0.20000000000000284,-0.20000000000000284,0.0
2025-11-20,NYC,47.0,45.9,45.9,46.0,-1.1000000000000014,-1.1000000000000014,-1.0
2025-11-21,NYC,52.0,51.3,51.3,52.0,-0.7000000000000028,-0.7000000000000028,0.0
2025-11-22,NYC,52.0,51.4,51.4,51.0,-0.6000000000000014,-0.6000000000000014,-1.0
2025-11-23,NYC,49.0,45.4,45.4,48.0,-3.6000000000000014,-3.6000000000000014,-1.0
2025-11-24,NYC,52.0,52.2,52.2,52.0,0.20000000000000284,0.20000000000000284,0.0
2025-11-25,NYC,58.0,54.6,54.6,57.0,-3.3999999999999986,-3.3999999999999986,-1.0
2025-11-26,NYC,59.0,59.4,59.4,59.0,0.3999999999999986,0.3999999999999986,0.0
2025-11-27,NYC,49.0,50.5,50.5,46.0,1.5,1.5,-3.0
2025-11-28,NYC,43.0,42.1,42.1,43.0,-0.8999999999999986,-0.8999999999999986,0.0
2025-11-29,NYC,42.0,42.3,42.3,42.0,0.29999999999999716,0.29999999999999716,0.0
2025-11-30,NYC,47.0,40.7,40.7,46.0,-6.299999999999997,-6.299999999999997,-1.0
2025-12-01,NYC,43.0,42.9,42.9,42.0,-0.10000000000000142,-0.10000000000000142,-1.0
2025-12-02,NYC,40.0,37.3,37.3,40.0,-2.700000000000003,-2.700000000000003,0.0
2025-12-03,NYC,41.0,39.6,39.6,40.0,-1.3999999999999986,-1.3999999999999986,-1.0
2025-12-04,NYC,41.0,41.6,41.6,41.0,0.6000000000000014,0.6000000000000014,0.0
2025-12-05,NYC,32.0,30.0,30.0,32.0,-2.0,-2.0,0.0
2025-12-06,NYC,42.0,40.1,40.1,42.0,-1.8999999999999986,-1.8999999999999986,0.0
2025-12-07,NYC,43.0,40.8,40.8,42.0,-2.200000000000003,-2.200000000000003,-1.0
2025-12-08,NYC,38.0,35.4,35.4,38.0,-2.6000000000000014,-2.6000000000000014,0.0
2025-12-09,NYC,35.0,31.3,31.3,34.0,-3.6999999999999993,-3.6999999999999993,-1.0
2025-12-10,NYC,47.0,43.1,43.1,46.0,-3.8999999999999986,-3.8999999999999986,-1.0
2025-12-11,NYC,41.0,39.0,39.0,40.0,-2.0,-2.0,-1.0
2025-12-12,NYC,35.0,34.5,34.5,34.0,-0.5,-0.5,-1.0
2025-12-13,NYC,41.0,38.2,38.2,40.0,-2.799999999999997,-2.799999999999997,-1.0
2025-12-14,NYC,33.0,32.8,32.8,33.0,-0.20000000000000284,-0.20000000000000284,0.0
2025-12-15,NYC,29.0,26.8,26.8,29.0,-2.1999999999999993,-2.1999999999999993,0.0
2025-12-16,NYC,32.0,28.0,28.0,32.0,-4.0,-4.0,0.0
2025-12-17,NYC,47.0,40.3,40.3,47.0,-6.700000000000003,-6.700000000000003,0.0
2025-12-18,NYC,50.0,43.5,43.5,49.0,-6.5,-6.5,-1.0
2025-12-19,NYC,58.0,57.3,57.3,57.0,-0.7000000000000028,-0.7000000000000028,-1.0
2025-12-20,NYC,38.0,36.6,36.6,38.0,-1.3999999999999986,-1.3999999999999986,0.0
2025-12-21,NYC,46.0,45.8,45.8,45.0,-0.20000000000000284,-0.20000000000000284,-1.0
2025-12-22,NYC,39.0,37.4,37.4,38.0,-1.6000000000000014,-1.6000000000000014,-1.0
2025-12-23,NYC,40.0,36.8,36.8,40.0,-3.200000000000003,-3.200000000000003,0.0
2025-12-24,NYC,46.0,45.0,45.0,46.0,-1.0,-1.0,0.0
2025-12-25,NYC,49.0,46.6,46.6,49.0,-2.3999999999999986,-2.3999999999999986,0.0
2025-12-26,NYC,29.0,27.0,27.0,29.0,-2.0,-2.0,0.0
2025-12-27,NYC,31.0,30.6,30.6,31.0,-0.3999999999999986,-0.3999999999999986,0.0
2025-12-28,NYC,39.0,33.6,33.6,39.0,-5.399999999999999,-5.399999999999999,0.0
2025-12-29,NYC,49.0,45.0,45.0,48.0,-4.0,-4.0,-1.0
2025-12-30,NYC,33.0,31.5,31.5,33.0,-1.5,-1.5,0.0
2025-12-31,NYC,33.0,31.8,31.8,33.0,-1.1999999999999993,-1.1999999999999993,0.0
2026-01-01,NYC,36.0,33.1,33.1,36.0,-2.8999999999999986,-2.8999999999999986,0.0
2026-01-02,NYC,30.0,29.0,29.0,30.0,-1.0,-1.0,0.0
2026-01-03,NYC,30.0,30.6,30.6,30.0,0.6000000000000014,0.6000000000000014,0.0
2026-01-04,NYC,35.0,33.6,33.6,34.0,-1.3999999999999986,-1.3999999999999986,-1.0
2026-01-05,NYC,39.0,33.6,33.6,39.0,-5.399999999999999,-5.399999999999999,0.0
2026-01-06,NYC,42.0,38.7,38.7,42.0,-3.299999999999997,-3.299999999999997,0.0
2026-01-07,NYC,49.0,48.1,48.1,49.0,-0.8999999999999986,-0.8999999999999986,0.0
2026-01-08,NYC,50.0,49.8,49.8,49.0,-0.20000000000000284,-0.20000000000000284,-1.0
2026-01-09,NYC,54.0,51.1,51.1,53.0,-2.8999999999999986,-2.8999999999999986,-1.0
2026-01-10,NYC,52.0,47.8,47.8,52.0,-4.200000000000003,-4.200000000000003,0.0
2026-01-11,NYC,47.0,46.8,46.8,47.0,-0.20000000000000284,-0.20000000000000284,0.0
2026-01-12,NYC,41.0,40.4,40.4,40.0,-0.6000000000000014,-0.6000000000000014,-1.0
2026-01-13,NYC,48.0,45.0,45.0,47.0,-3.0,-3.0,-1.0
2026-01-14,NYC,52.0,48.7,48.7,52.0,-3.299999999999997,-3.299999999999997,0.0
2026-01-15,NYC,47.0,43.8,43.8,47.0,-3.200000000000003,-3.200000000000003,0.0
2026-01-16,NYC,34.0,32.1,32.1,34.0,-1.8999999999999986,-1.8999999999999986,0.0
2026-01-17,NYC,39.0,35.3,35.3,39.0,-3.700000000000003,-3.700000000000003,0.0
2026-01-18,NYC,36.0,33.1,33.1,35.0,-2.8999999999999986,-2.8999999999999986,-1.0
2026-01-19,NYC,32.0,29.5,29.5,31.0,-2.5,-2.5,-1.0
2026-01-20,NYC,26.0,23.9,23.9,24.0,-2.1000000000000014,-2.1000000000000014,-2.0
2026-01-21,NYC,40.0,33.9,33.9,39.0,-6.100000000000001,-6.100000000000001,-1.0
2026-01-22,NYC,47.0,43.7,43.7,47.0,-3.299999999999997,-3.299999999999997,0.0
2026-01-23,NYC,38.0,36.0,36.0,37.0,-2.0,-2.0,-1.0
2026-01-24,NYC,17.0,18.4,18.4,17.0,1.3999999999999986,1.3999999999999986,0.0
2026-01-25,NYC,22.0,22.7,22.7,22.0,0.6999999999999993,0.6999999999999993,0.0
2026-01-26,NYC,27.0,26.4,26.4,27.0,-0.6000000000000014,-0.6000000000000014,0.0
2026-01-27,NYC,22.0,18.8,18.8,22.0,-3.1999999999999993,-3.1999999999999993,0.0
2026-01-28,NYC,23.0,20.0,20.0,23.0,-3.0,-3.0,0.0
2026-01-29,NYC,23.0,18.0,18.0,23.0,-5.0,-5.0,0.0
2026-01-30,NYC,18.0,15.5,15.5,18.0,-2.5,-2.5,0.0
2026-01-31,NYC,24.0,19.8,19.8,24.0,-4.199999999999999,-4.199999999999999,0.0
2026-02-01,NYC,24.0,20.6,20.6,24.0,-3.3999999999999986,-3.3999999999999986,0.0
2026-02-02,NYC,35.0,30.6,30.6,35.0,-4.399999999999999,-4.399999999999999,0.0
2026-02-03,NYC,33.0,30.3,30.3,33.0,-2.6999999999999993,-2.6999999999999993,0.0
2026-02-04,NYC,33.0,30.3,30.3,33.0,-2.6999999999999993,-2.6999999999999993,0.0
2026-02-05,NYC,32.0,27.2,27.2,32.0,-4.800000000000001,-4.800000000000001,0.0
2026-02-06,NYC,33.0,27.7,27.7,32.0,-5.300000000000001,-5.300000000000001,-1.0
2026-02-07,NYC,27.0,25.4,25.4,27.0,-1.6000000000000014,-1.6000000000000014,0.0
2026-02-08,NYC,18.0,13.7,13.7,17.0,-4.300000000000001,-4.300000000000001,-1.0
2026-02-09,NYC,31.0,25.2,25.2,31.0,-5.800000000000001,-5.800000000000001,0.0
2026-02-10,NYC,37.0,31.4,31.4,36.0,-5.600000000000001,-5.600000000000001,-1.0
2026-02-11,NYC,41.0,37.8,37.8,41.0,-3.200000000000003,-3.200000000000003,0.0
2026-02-12,NYC,36.0,33.4,33.4,36.0,-2.6000000000000014,-2.6000000000000014,0.0
2026-02-13,NYC,38.0,33.6,33.6,38.0,-4.399999999999999,-4.399999999999999,0.0
2026-02-14,NYC,46.0,38.5,38.5,46.0,-7.5,-7.5,0.0
2026-02-15,NYC,40.0,36.3,36.3,40.0,-3.700000000000003,-3.700000000000003,0.0
2026-02-16,NYC,39.0,35.7,35.7,38.0,-3.299999999999997,-3.299999999999997,-1.0
2026-02-17,NYC,47.0,42.3,42.3,47.0,-4.700000000000003,-4.700000000000003,0.0
2026-02-18,NYC,41.0,38.1,38.1,40.0,-2.8999999999999986,-2.8999999999999986,-1.0
2026-02-19,NYC,42.0,37.8,37.8,41.0,-4.200000000000003,-4.200000000000003,-1.0
2026-02-20,NYC,37.0,38.3,38.3,36.0,1.2999999999999972,1.2999999999999972,-1.0
2026-02-21,NYC,46.0,46.4,46.4,46.0,0.3999999999999986,0.3999999999999986,0.0
2026-02-22,NYC,39.0,36.5,36.5,37.0,-2.5,-2.5,-2.0
2026-02-23,NYC,35.0,34.9,34.9,34.0,-0.10000000000000142,-0.10000000000000142,-1.0
2026-02-24,NYC,31.0,29.4,29.4,31.0,-1.6000000000000014,-1.6000000000000014,0.0
2026-02-25,NYC,44.0,36.5,36.5,44.0,-7.5,-7.5,0.0
2026-02-26,NYC,49.0,39.8,39.8,48.0,-9.200000000000003,-9.200000000000003,-1.0
2026-02-27,NYC,44.0,34.2,34.2,44.0,-9.799999999999997,-9.799999999999997,0.0
2026-02-28,NYC,54.0,37.3,37.3,54.0,-16.700000000000003,-16.700000000000003,0.0
2026-03-01,NYC,43.0,37.8,37.8,43.0,-5.200000000000003,-5.200000000000003,0.0
2026-03-02,NYC,33.0,28.3,28.3,33.0,-4.699999999999999,-4.699999999999999,0.0
2026-03-03,NYC,36.0,33.7,33.7,35.0,-2.299999999999997,-2.299999999999997,-1.0
2026-03-04,NYC,49.0,45.3,45.3,48.0,-3.700000000000003,-3.700000000000003,-1.0
2026-03-05,NYC,46.0,41.4,41.4,46.0,-4.600000000000001,-4.600000000000001,0.0
2026-03-06,NYC,41.0,42.3,42.3,41.0,1.2999999999999972,1.2999999999999972,0.0
2026-03-07,NYC,52.0,49.4,49.4,52.0,-2.6000000000000014,-2.6000000000000014,0.0
2026-03-08,NYC,69.0,68.4,68.4,69.0,-0.5999999999999943,-0.5999999999999943,0.0
2026-03-09,NYC,73.0,68.9,68.9,71.0,-4.099999999999994,-4.099999999999994,-2.0
2026-03-10,NYC,80.0,75.9,75.9,79.0,-4.099999999999994,-4.099999999999994,-1.0
2026-03-11,NYC,72.0,73.2,73.2,71.0,1.2000000000000028,1.2000000000000028,-1.0
2026-03-12,NYC,63.0,63.3,63.3,61.0,0.29999999999999716,0.29999999999999716,-2.0
2026-03-13,NYC,42.0,41.5,41.5,41.0,-0.5,-0.5,-1.0
2026-03-14,NYC,51.0,50.0,50.0,51.0,-1.0,-1.0,0.0
2026-03-15,NYC,48.0,44.5,44.5,48.0,-3.5,-3.5,0.0
2026-03-16,NYC,57.0,62.8,62.8,57.0,5.799999999999997,5.799999999999997,0.0
2026-03-17,NYC,48.0,56.2,56.2,51.0,8.200000000000003,8.200000000000003,3.0
2026-03-18,NYC,37.0,36.0,36.0,37.0,-1.0,-1.0,0.0
2026-03-19,NYC,44.0,40.7,40.7,43.0,-3.299999999999997,-3.299999999999997,-1.0
2026-03-20,NYC,57.0,54.1,54.1,56.0,-2.8999999999999986,-2.8999999999999986,-1.0
2026-03-21,NYC,59.0,56.8,56.8,57.0,-2.200000000000003,-2.200000000000003,-2.0
2026-03-22,NYC,63.0,61.2,61.2,62.0,-1.7999999999999972,-1.7999999999999972,-1.0
2026-03-23,NYC,50.0,50.0,50.0,50.0,0.0,0.0,0.0
2026-03-24,NYC,48.0,46.8,46.8,47.0,-1.2000000000000028,-1.2000000000000028,-1.0
2026-03-25,NYC,54.0,51.5,51.5,52.0,-2.5,-2.5,-2.0
2026-03-26,NYC,76.0,71.7,71.7,75.0,-4.299999999999997,-4.299999999999997,-1.0
2026-03-27,NYC,65.0,63.2,63.2,66.0,-1.7999999999999972,-1.7999999999999972,1.0
2026-03-28,NYC,44.0,42.3,42.3,43.0,-1.7000000000000028,-1.7000000000000028,-1.0
2026-03-29,NYC,54.0,53.9,53.9,54.0,-0.10000000000000142,-0.10000000000000142,0.0
2026-03-30,NYC,73.0,69.1,69.1,73.0,-3.9000000000000057,-3.9000000000000057,0.0
2026-03-31,NYC,81.0,78.9,78.9,80.0,-2.0999999999999943,-2.0999999999999943,-1.0
2026-04-01,NYC,80.0,77.4,77.4,79.0,-2.5999999999999943,-2.5999999999999943,-1.0
2026-04-02,NYC,51.0,53.7,53.7,53.0,2.700000000000003,2.700000000000003,2.0
2026-04-03,NYC,66.0,69.4,69.4,65.0,3.4000000000000057,3.4000000000000057,-1.0
2026-04-04,NYC,73.0,70.1,70.1,71.0,-2.9000000000000057,-2.9000000000000057,-2.0
2026-04-05,NYC,57.0,59.8,59.8,57.0,2.799999999999997,2.799999999999997,0.0
2026-04-06,NYC,56.0,54.5,54.5,55.0,-1.5,-1.5,-1.0
2026-04-07,NYC,56.0,52.3,52.3,54.0,-3.700000000000003,-3.700000000000003,-2.0
2026-04-08,NYC,51.0,48.7,48.7,50.0,-2.299999999999997,-2.299999999999997,-1.0
2026-04-09,NYC,51.0,49.9,49.9,50.0,-1.1000000000000014,-1.1000000000000014,-1.0
2026-04-10,NYC,63.0,63.4,63.4,63.0,0.3999999999999986,0.3999999999999986,0.0
2026-04-11,NYC,63.0,62.8,62.8,62.0,-0.20000000000000284,-0.20000000000000284,-1.0
2026-04-12,NYC,55.0,55.8,55.8,54.0,0.7999999999999972,0.7999999999999972,-1.0
2026-04-13,NYC,79.0,78.7,78.7,79.0,-0.29999999999999716,-0.29999999999999716,0.0
2026-04-14,NYC,87.0,87.1,87.1,86.0,0.09999999999999432,0.09999999999999432,-1.0
2026-04-15,NYC,90.0,89.6,89.6,88.0,-0.4000000000000057,-0.4000000000000057,-2.0
2026-04-16,NYC,89.0,89.9,89.9,88.0,0.9000000000000057,0.9000000000000057,-1.0
2026-04-17,NYC,81.0,79.0,79.0,80.0,-2.0,-2.0,-1.0
2026-04-18,NYC,66.0,68.2,68.2,65.0,2.200000000000003,2.200000000000003,-1.0
2026-04-19,NYC,53.0,52.7,52.7,53.0,-0.29999999999999716,-0.29999999999999716,0.0
2026-04-20,NYC,51.0,50.4,50.4,50.0,-0.6000000000000014,-0.6000000000000014,-1.0
2026-04-21,NYC,54.0,52.7,52.7,52.0,-1.2999999999999972,-1.2999999999999972,-2.0
2026-04-22,NYC,56.0,54.1,54.1,54.0,-1.8999999999999986,-1.8999999999999986,-2.0
2026-04-23,NYC,73.0,72.2,72.2,73.0,-0.7999999999999972,-0.7999999999999972,0.0
2026-04-24,NYC,68.0,69.6,69.6,68.0,1.5999999999999943,1.5999999999999943,0.0
2026-04-25,NYC,50.0,50.2,50.2,50.0,0.20000000000000284,0.20000000000000284,0.0
2026-04-26,NYC,57.0,55.8,55.8,56.0,-1.2000000000000028,-1.2000000000000028,-1.0
2026-04-27,NYC,68.0,66.9,66.9,67.0,-1.0999999999999943,-1.0999999999999943,-1.0
2026-04-28,NYC,65.0,64.4,64.4,64.0,-0.5999999999999943,-0.5999999999999943,-1.0
2026-04-29,NYC,62.0,62.9,62.9,61.0,0.8999999999999986,0.8999999999999986,-1.0
2026-04-30,NYC,60.0,59.8,59.8,60.0,-0.20000000000000284,-0.20000000000000284,0.0
2026-05-01,NYC,64.0,64.9,64.9,64.0,0.9000000000000057,0.9000000000000057,0.0
2026-05-02,NYC,61.0,59.3,59.3,60.0,-1.7000000000000028,-1.7000000000000028,-1.0
2026-05-03,NYC,59.0,57.7,57.7,59.0,-1.2999999999999972,-1.2999999999999972,0.0
2026-05-04,NYC,72.0,75.5,75.5,72.0,3.5,3.5,0.0
2026-05-05,NYC,81.0,84.4,84.4,80.0,3.4000000000000057,3.4000000000000057,-1.0
2026-05-06,NYC,71.0,72.7,72.7,71.0,1.7000000000000028,1.7000000000000028,0.0
2026-05-07,NYC,64.0,66.4,66.4,63.0,2.4000000000000057,2.4000000000000057,-1.0
2026-05-08,NYC,63.0,64.7,64.7,61.0,1.7000000000000028,1.7000000000000028,-2.0
2026-05-09,NYC,65.0,65.3,65.3,65.0,0.29999999999999716,0.29999999999999716,0.0
2026-05-10,NYC,73.0,74.8,74.8,72.0,1.7999999999999972,1.7999999999999972,-1.0
2026-05-11,NYC,61.0,62.7,62.7,60.0,1.7000000000000028,1.7000000000000028,-1.0
2026-05-12,NYC,66.0,68.2,68.2,65.0,2.200000000000003,2.200000000000003,-1.0
2026-05-13,NYC,72.0,76.5,76.5,72.0,4.5,4.5,0.0
2026-05-14,NYC,66.0,66.3,66.3,65.0,0.29999999999999716,0.29999999999999716,-1.0
2026-05-15,NYC,66.0,66.8,66.8,66.0,0.7999999999999972,0.7999999999999972,0.0
2026-05-16,NYC,80.0,82.9,82.9,78.0,2.9000000000000057,2.9000000000000057,-2.0
2026-05-17,NYC,87.0,90.5,90.5,86.0,3.5,3.5,-1.0
2026-05-18,NYC,88.0,90.2,90.2,88.0,2.200000000000003,2.200000000000003,0.0
2026-05-19,NYC,93.0,96.5,96.5,92.0,3.5,3.5,-1.0
2026-05-20,NYC,92.0,92.7,92.7,91.0,0.7000000000000028,0.7000000000000028,-1.0
2026-05-21,NYC,66.0,,,66.0,,,0.0
2026-05-22,NYC,68.0,,,68.0,,,0.0
2026-05-23,NYC,57.0,,,57.0,,,0.0
2026-05-24,NYC,56.0,,,,,,
2026-05-25,NYC,73.0,,,,,,
2026-05-26,NYC,79.0,,,,,,
2026-05-27,NYC,81.0,,,,,,
2026-05-28,NYC,75.0,,,,,,
2026-05-29,NYC,75.0,,,,,,
2026-05-30,NYC,69.0,,,,,,
2026-05-31,NYC,75.0,,,,,,
2026-06-01,NYC,71.0,,,,,,
2026-06-02,NYC,76.0,,,,,,
2026-06-03,NYC,83.0,,,,,,
