run_id,feature_set,feature_count,distribution,hyperparams_name,sigma_factor,split,nll,bucket_log_loss,bucket_brier,mean_sigma,median_sigma,nll_rank,brier_rank,log_loss_rank,rank_sum
plus_ndfd_metadata__skew_normal__control_120_lr005_depth2_leaf50_sub1_direct,plus_ndfd_metadata,38,skew_normal,control_120_lr005_depth2_leaf50_sub1_direct,0.9,validation,1.9367662074628724,1.158830628606271,0.12488148396588176,2.0755504279586114,2.1006234308450393,257.0,260.0,259.0,776.0
plus_ndfd_metadata__skew_normal__control_120_lr005_depth2_leaf50_sub1_direct,plus_ndfd_metadata,38,skew_normal,control_120_lr005_depth2_leaf50_sub1_direct,0.9,test,1.829448739562988,1.1189856448226345,0.11843339024200365,2.209681488562646,2.143481473990972,257.0,260.0,259.0,776.0
plus_ndfd_metadata__skew_normal__control_120_lr005_depth2_leaf50_sub1_direct,plus_ndfd_metadata,38,skew_normal,control_120_lr005_depth2_leaf50_sub1_direct,0.95,validation,1.9109183370799718,1.141373667729476,0.12345838975385189,2.190858785067423,2.2173247325586525,215.0,240.0,235.0,690.0
plus_ndfd_metadata__skew_normal__control_120_lr005_depth2_leaf50_sub1_direct,plus_ndfd_metadata,38,skew_normal,control_120_lr005_depth2_leaf50_sub1_direct,0.95,test,1.8200692942984464,1.1081435662054764,0.11753727006271801,2.332441571260571,2.262563778101582,215.0,240.0,235.0,690.0
plus_ndfd_metadata__skew_normal__control_120_lr005_depth2_leaf50_sub1_direct,plus_ndfd_metadata,38,skew_normal,control_120_lr005_depth2_leaf50_sub1_direct,1.0,validation,1.8947400028346697,1.1297065940039885,0.12239614154701169,2.3061671421762346,2.334026034272266,119.0,200.0,169.0,488.0
plus_ndfd_metadata__skew_normal__control_120_lr005_depth2_leaf50_sub1_direct,plus_ndfd_metadata,38,skew_normal,control_120_lr005_depth2_leaf50_sub1_direct,1.0,test,1.8180110878778897,1.1022788268207622,0.11698862218204853,2.455201653958496,2.3816460822121917,119.0,200.0,169.0,488.0
plus_ndfd_metadata__skew_normal__control_120_lr005_depth2_leaf50_sub1_direct,plus_ndfd_metadata,38,skew_normal,control_120_lr005_depth2_leaf50_sub1_direct,1.03,validation,1.888802914397293,1.1250149861115732,0.12191687982322999,2.375352156441522,2.404046815300434,82.0,153.0,113.0,348.0
plus_ndfd_metadata__skew_normal__control_120_lr005_depth2_leaf50_sub1_direct,plus_ndfd_metadata,38,skew_normal,control_120_lr005_depth2_leaf50_sub1_direct,1.03,test,1.8196011816348636,1.100737395973347,0.1168094506971836,2.5288577035772506,2.453095464678557,82.0,153.0,113.0,348.0
plus_ndfd_metadata__skew_normal__control_120_lr005_depth2_leaf50_sub1_direct,plus_ndfd_metadata,38,skew_normal,control_120_lr005_depth2_leaf50_sub1_direct,1.05,validation,1.886187456581144,1.1227236805860497,0.12165862249953882,2.4214754992850467,2.4507273359858797,70.0,129.0,91.0,290.0
plus_ndfd_metadata__skew_normal__control_120_lr005_depth2_leaf50_sub1_direct,plus_ndfd_metadata,38,skew_normal,control_120_lr005_depth2_leaf50_sub1_direct,1.05,test,1.8216584014456412,1.1004238468013265,0.11674752372842354,2.577961736656421,2.5007283863228014,70.0,129.0,91.0,290.0
plus_ndfd_metadata__skew_normal__control_120_lr005_depth2_leaf50_sub1_direct,plus_ndfd_metadata,38,skew_normal,control_120_lr005_depth2_leaf50_sub1_direct,1.08,validation,1.8840468263647694,1.1204121633377782,0.12135781739845164,2.4906605135503335,2.5207481170140476,57.0,90.0,66.0,213.0
plus_ndfd_metadata__skew_normal__control_120_lr005_depth2_leaf50_sub1_direct,plus_ndfd_metadata,38,skew_normal,control_120_lr005_depth2_leaf50_sub1_direct,1.08,test,1.8260580434379756,1.1009115215440406,0.11673530312096032,2.6516177862751755,2.5721777687891674,57.0,90.0,66.0,213.0
plus_ndfd_metadata__skew_normal__control_120_lr005_depth2_leaf50_sub1_direct,plus_ndfd_metadata,38,skew_normal,control_120_lr005_depth2_leaf50_sub1_direct,1.1,validation,1.8836890793850551,1.11955419890238,0.12121202603344727,2.5367838563938587,2.567428637699493,56.0,74.0,62.0,192.0
plus_ndfd_metadata__skew_normal__control_120_lr005_depth2_leaf50_sub1_direct,plus_ndfd_metadata,38,skew_normal,control_120_lr005_depth2_leaf50_sub1_direct,1.1,test,1.8297736137844194,1.1018164390588598,0.1167778197176926,2.700721819354346,2.619810690433411,56.0,74.0,62.0,192.0
plus_ndfd_metadata__skew_normal__control_120_lr005_depth2_leaf50_sub1_direct,plus_ndfd_metadata,38,skew_normal,control_120_lr005_depth2_leaf50_sub1_direct,1.12,validation,1.884101551583054,1.1191940177606339,0.12110773275379745,2.582907199237383,2.614109158384938,58.0,69.0,58.0,185.0
plus_ndfd_metadata__skew_normal__control_120_lr005_depth2_leaf50_sub1_direct,plus_ndfd_metadata,38,skew_normal,control_120_lr005_depth2_leaf50_sub1_direct,1.12,test,1.8340484071536463,1.1031426136894273,0.11685848203062328,2.7498258524335157,2.667443612077655,58.0,69.0,58.0,185.0
plus_ndfd_metadata__skew_normal__control_120_lr005_depth2_leaf50_sub1_direct,plus_ndfd_metadata,38,skew_normal,control_120_lr005_depth2_leaf50_sub1_direct,1.15,validation,1.8860227165942862,1.1195053174910052,0.12102496271269644,2.65209221350267,2.684129939413106,68.0,58.0,61.0,187.0
plus_ndfd_metadata__skew_normal__control_120_lr005_depth2_leaf50_sub1_direct,plus_ndfd_metadata,38,skew_normal,control_120_lr005_depth2_leaf50_sub1_direct,1.15,test,1.8413984420039642,1.1058501818153867,0.11704674105465598,2.8234819020522703,2.7388929945440204,68.0,58.0,61.0,187.0
plus_ndfd_metadata__skew_normal__control_120_lr005_depth2_leaf50_sub1_direct,plus_ndfd_metadata,38,skew_normal,control_120_lr005_depth2_leaf50_sub1_direct,1.18,validation,1.8893340487504435,1.120737714378068,0.12102515105958185,2.721277227767957,2.754150720441274,85.0,59.0,70.0,214.0
plus_ndfd_metadata__skew_normal__control_120_lr005_depth2_leaf50_sub1_direct,plus_ndfd_metadata,38,skew_normal,control_120_lr005_depth2_leaf50_sub1_direct,1.18,test,1.8497392493530163,1.1093315598583546,0.11731016066383551,2.8971379516710254,2.810342377010386,85.0,59.0,70.0,214.0
plus_ndfd_metadata__skew_normal__control_120_lr005_depth2_leaf50_sub1_direct,plus_ndfd_metadata,38,skew_normal,control_120_lr005_depth2_leaf50_sub1_direct,1.2,validation,1.8922284482837974,1.1220206363040874,0.121068465876459,2.767400570611482,2.800831241126719,98.0,67.0,82.0,247.0
plus_ndfd_metadata__skew_normal__control_120_lr005_depth2_leaf50_sub1_direct,plus_ndfd_metadata,38,skew_normal,control_120_lr005_depth2_leaf50_sub1_direct,1.2,test,1.855783787265499,1.1120383134473333,0.11752459166206974,2.9462419847501944,2.85797529865463,98.0,67.0,82.0,247.0
plus_ndfd_metadata__skew_normal__control_120_lr005_depth2_leaf50_sub1_direct,plus_ndfd_metadata,38,skew_normal,control_120_lr005_depth2_leaf50_sub1_direct,1.25,validation,1.9015455876987535,1.1266496184043795,0.1213159370427229,2.8827089277202935,2.9175325428403327,171.0,87.0,131.0,389.0
plus_ndfd_metadata__skew_normal__control_120_lr005_depth2_leaf50_sub1_direct,plus_ndfd_metadata,38,skew_normal,control_120_lr005_depth2_leaf50_sub1_direct,1.25,test,1.8723391232214923,1.1199870606881916,0.11818449023612294,3.0690020674481193,2.97705760276524,171.0,87.0,131.0,389.0
plus_ndfd_metadata__skew_normal__control_120_lr005_depth2_leaf50_sub1_direct,plus_ndfd_metadata,38,skew_normal,control_120_lr005_depth2_leaf50_sub1_direct,1.3,validation,1.9133665284772137,1.1330247470330141,0.12174305651693917,2.9980172848291056,3.034233844553946,224.0,134.0,197.0,555.0
plus_ndfd_metadata__skew_normal__control_120_lr005_depth2_leaf50_sub1_direct,plus_ndfd_metadata,38,skew_normal,control_120_lr005_depth2_leaf50_sub1_direct,1.3,test,1.890595464754356,1.1293756631601954,0.119002151607888,3.1917621501460447,3.096139906875849,224.0,134.0,197.0,555.0
plus_ndfd_metadata__skew_normal__quick_100_lr006_depth2_leaf50_sub1_direct,plus_ndfd_metadata,38,skew_normal,quick_100_lr006_depth2_leaf50_sub1_direct,0.9,validation,1.9273683936932593,1.1527984376571485,0.1242809511103677,2.0661027310323035,2.124143046926548,246.0,251.0,252.0,749.0
plus_ndfd_metadata__skew_normal__quick_100_lr006_depth2_leaf50_sub1_direct,plus_ndfd_metadata,38,skew_normal,quick_100_lr006_depth2_leaf50_sub1_direct,0.9,test,1.825436789183293,1.1127143972959437,0.11795858753730375,2.213813974952899,2.17152086581309,246.0,251.0,252.0,749.0
plus_ndfd_metadata__skew_normal__quick_100_lr006_depth2_leaf50_sub1_direct,plus_ndfd_metadata,38,skew_normal,quick_100_lr006_depth2_leaf50_sub1_direct,0.95,validation,1.9019240455017175,1.1354849340320317,0.12287577240333392,2.180886216089653,2.242150993978023,174.0,225.0,212.0,611.0
plus_ndfd_metadata__skew_normal__quick_100_lr006_depth2_leaf50_sub1_direct,plus_ndfd_metadata,38,skew_normal,quick_100_lr006_depth2_leaf50_sub1_direct,0.95,test,1.8168223553480376,1.1026286072964728,0.11711262501679406,2.336803640228059,2.292160913913817,174.0,225.0,212.0,611.0
plus_ndfd_metadata__skew_normal__quick_100_lr006_depth2_leaf50_sub1_direct,plus_ndfd_metadata,38,skew_normal,quick_100_lr006_depth2_leaf50_sub1_direct,1.0,validation,1.8860922094567556,1.1239320996380857,0.12182923836472248,2.2956697011470037,2.360158941029498,69.0,144.0,99.0,312.0
plus_ndfd_metadata__skew_normal__quick_100_lr006_depth2_leaf50_sub1_direct,plus_ndfd_metadata,38,skew_normal,quick_100_lr006_depth2_leaf50_sub1_direct,1.0,test,1.8154219972096217,1.0974213064711964,0.11661260102889788,2.459793305503221,2.4128009620145443,69.0,144.0,99.0,312.0
plus_ndfd_metadata__skew_normal__quick_100_lr006_depth2_leaf50_sub1_direct,plus_ndfd_metadata,38,skew_normal,quick_100_lr006_depth2_leaf50_sub1_direct,1.03,validation,1.8803398961985842,1.1192974885038687,0.12135825670074296,2.364539792181414,2.430963709260383,49.0,91.0,60.0,200.0
plus_ndfd_metadata__skew_normal__quick_100_lr006_depth2_leaf50_sub1_direct,plus_ndfd_metadata,38,skew_normal,quick_100_lr006_depth2_leaf50_sub1_direct,1.03,test,1.8173633153047979,1.0962339553967226,0.11646157948169074,2.5335871046683174,2.4851849908749806,49.0,91.0,60.0,200.0
plus_ndfd_metadata__skew_normal__quick_100_lr006_depth2_leaf50_sub1_direct,plus_ndfd_metadata,38,skew_normal,quick_100_lr006_depth2_leaf50_sub1_direct,1.05,validation,1.8778391211458425,1.1170400288643714,0.12110503504059907,2.410453186204354,2.478166888080973,36.0,68.0,46.0,150.0
plus_ndfd_metadata__skew_normal__quick_100_lr006_depth2_leaf50_sub1_direct,plus_ndfd_metadata,38,skew_normal,quick_100_lr006_depth2_leaf50_sub1_direct,1.05,test,1.8196386841239807,1.096141532578041,0.11641792254618064,2.582782970778382,2.5334410101152716,36.0,68.0,46.0,150.0
plus_ndfd_metadata__skew_normal__quick_100_lr006_depth2_leaf50_sub1_direct,plus_ndfd_metadata,38,skew_normal,quick_100_lr006_depth2_leaf50_sub1_direct,1.08,validation,1.8758589351371973,1.1147737281644485,0.12081106880040282,2.479323277238764,2.548971656311858,32.0,46.0,28.0,106.0
plus_ndfd_metadata__skew_normal__quick_100_lr006_depth2_leaf50_sub1_direct,plus_ndfd_metadata,38,skew_normal,quick_100_lr006_depth2_leaf50_sub1_direct,1.08,test,1.8243437302778724,1.0969404755939534,0.11643229864627624,2.6565767699434786,2.6058250389757083,32.0,46.0,28.0,106.0
plus_ndfd_metadata__skew_normal__quick_100_lr006_depth2_leaf50_sub1_direct,plus_ndfd_metadata,38,skew_normal,quick_100_lr006_depth2_leaf50_sub1_direct,1.1,validation,1.875601042464855,1.1139425565951635,0.12066937377146814,2.525236671261704,2.596174835132448,29.0,30.0,21.0,80.0
plus_ndfd_metadata__skew_normal__quick_100_lr006_depth2_leaf50_sub1_direct,plus_ndfd_metadata,38,skew_normal,quick_100_lr006_depth2_leaf50_sub1_direct,1.1,test,1.8282494939801812,1.0980403211255483,0.11649197841200591,2.705772636053543,2.654081058215999,29.0,30.0,21.0,80.0
plus_ndfd_metadata__skew_normal__quick_100_lr006_depth2_leaf50_sub1_direct,plus_ndfd_metadata,38,skew_normal,quick_100_lr006_depth2_leaf50_sub1_direct,1.12,validation,1.8761081261140122,1.1136067391484594,0.12056882101963948,2.571150065284644,2.643378013953038,33.0,22.0,17.0,72.0
plus_ndfd_metadata__skew_normal__quick_100_lr006_depth2_leaf50_sub1_direct,plus_ndfd_metadata,38,skew_normal,quick_100_lr006_depth2_leaf50_sub1_direct,1.12,test,1.8327045771590174,1.0995521051081072,0.11658933136576141,2.7549685021636074,2.70233707745629,33.0,22.0,17.0,72.0
plus_ndfd_metadata__skew_normal__quick_100_lr006_depth2_leaf50_sub1_direct,plus_ndfd_metadata,38,skew_normal,quick_100_lr006_depth2_leaf50_sub1_direct,1.15,validation,1.8781621273437707,1.1139504507949982,0.12049102764871382,2.6400201563190544,2.7141827821839226,39.0,12.0,22.0,73.0
plus_ndfd_metadata__skew_normal__quick_100_lr006_depth2_leaf50_sub1_direct,plus_ndfd_metadata,38,skew_normal,quick_100_lr006_depth2_leaf50_sub1_direct,1.15,test,1.8403078661085235,1.1025218795794827,0.11680171579742346,2.828762301328704,2.7747211063167256,39.0,12.0,22.0,73.0
plus_ndfd_metadata__skew_normal__quick_100_lr006_depth2_leaf50_sub1_direct,plus_ndfd_metadata,38,skew_normal,quick_100_lr006_depth2_leaf50_sub1_direct,1.18,validation,1.8815963266650781,1.1152108149294024,0.12049548247882036,2.708890247353464,2.7849875504148076,52.0,13.0,33.0,98.0
plus_ndfd_metadata__skew_normal__quick_100_lr006_depth2_leaf50_sub1_direct,plus_ndfd_metadata,38,skew_normal,quick_100_lr006_depth2_leaf50_sub1_direct,1.18,test,1.8488830278689423,1.1062475819661186,0.11708814587742766,2.9025561004938005,2.847105135177162,52.0,13.0,33.0,98.0
plus_ndfd_metadata__skew_normal__quick_100_lr006_depth2_leaf50_sub1_direct,plus_ndfd_metadata,38,skew_normal,quick_100_lr006_depth2_leaf50_sub1_direct,1.2,validation,1.884567565729891,1.1165101685297696,0.1205412772194564,2.7548036413764043,2.8321907292353976,61.0,19.0,43.0,123.0
plus_ndfd_metadata__skew_normal__quick_100_lr006_depth2_leaf50_sub1_direct,plus_ndfd_metadata,38,skew_normal,quick_100_lr006_depth2_leaf50_sub1_direct,1.2,test,1.8550741641060338,1.1091080719885338,0.11731729101527652,2.9517519666038647,2.8953611544174533,61.0,19.0,43.0,123.0
plus_ndfd_metadata__skew_normal__quick_100_lr006_depth2_leaf50_sub1_direct,plus_ndfd_metadata,38,skew_normal,quick_100_lr006_depth2_leaf50_sub1_direct,1.25,validation,1.8940608505787218,1.1211734553589683,0.12079380943956994,2.8695871264337542,2.9501986762868726,113.0,43.0,72.0,228.0
plus_ndfd_metadata__skew_normal__quick_100_lr006_depth2_leaf50_sub1_direct,plus_ndfd_metadata,38,skew_normal,quick_100_lr006_depth2_leaf50_sub1_direct,1.25,test,1.8719655820350651,1.117412187400054,0.11801178098268209,3.074741631879026,3.01600120251818,113.0,43.0,72.0,228.0
plus_ndfd_metadata__skew_normal__quick_100_lr006_depth2_leaf50_sub1_direct,plus_ndfd_metadata,38,skew_normal,quick_100_lr006_depth2_leaf50_sub1_direct,1.3,validation,1.9060378222712806,1.12757462956592,0.1212245952422895,2.984370611491105,3.0682066233383476,198.0,75.0,146.0,419.0
plus_ndfd_metadata__skew_normal__quick_100_lr006_depth2_leaf50_sub1_direct,plus_ndfd_metadata,38,skew_normal,quick_100_lr006_depth2_leaf50_sub1_direct,1.3,test,1.8905194936461651,1.1271192967080492,0.1188609397513494,3.1977312971541867,3.136641250618908,198.0,75.0,146.0,419.0
plus_ndfd_metadata__skew_normal__regularized_160_lr004_depth2_leaf75_sub1_direct,plus_ndfd_metadata,38,skew_normal,regularized_160_lr004_depth2_leaf75_sub1_direct,0.9,validation,1.9202239281351277,1.1490690937451438,0.12386097899833766,2.051776200502392,2.08068871195257,236.0,245.0,246.0,727.0
plus_ndfd_metadata__skew_normal__regularized_160_lr004_depth2_leaf75_sub1_direct,plus_ndfd_metadata,38,skew_normal,regularized_160_lr004_depth2_leaf75_sub1_direct,0.9,test,1.8118433596204737,1.1052346020127541,0.11719201368545291,2.204968234548152,2.161787857924652,236.0,245.0,246.0,727.0
plus_ndfd_metadata__skew_normal__regularized_160_lr004_depth2_leaf75_sub1_direct,plus_ndfd_metadata,38,skew_normal,regularized_160_lr004_depth2_leaf75_sub1_direct,0.95,validation,1.8948588215714917,1.1319851340733766,0.12249533636009713,2.1657637671969687,2.196282529283268,120.0,205.0,192.0,517.0
plus_ndfd_metadata__skew_normal__regularized_160_lr004_depth2_leaf75_sub1_direct,plus_ndfd_metadata,38,skew_normal,regularized_160_lr004_depth2_leaf75_sub1_direct,0.95,test,1.8043040519984013,1.0957356562253995,0.11638363878470488,2.3274664698008274,2.2818871833649106,120.0,205.0,192.0,517.0
plus_ndfd_metadata__skew_normal__regularized_160_lr004_depth2_leaf75_sub1_direct,plus_ndfd_metadata,38,skew_normal,regularized_160_lr004_depth2_leaf75_sub1_direct,1.0,validation,1.8790883116477153,1.120612843469385,0.1214825769537776,2.2797513338915456,2.3118763466139667,45.0,112.0,67.0,224.0
plus_ndfd_metadata__skew_normal__regularized_160_lr004_depth2_leaf75_sub1_direct,plus_ndfd_metadata,38,skew_normal,regularized_160_lr004_depth2_leaf75_sub1_direct,1.0,test,1.8038206993174424,1.0910228065238305,0.11591627830946291,2.4499647050535023,2.401986508805169,45.0,112.0,67.0,224.0
plus_ndfd_metadata__skew_normal__regularized_160_lr004_depth2_leaf75_sub1_direct,plus_ndfd_metadata,38,skew_normal,regularized_160_lr004_depth2_leaf75_sub1_direct,1.03,validation,1.8733654138220777,1.116066841915293,0.1210293368577386,2.3481438739082923,2.3812326370123857,19.0,61.0,37.0,117.0
plus_ndfd_metadata__skew_normal__regularized_160_lr004_depth2_leaf75_sub1_direct,plus_ndfd_metadata,38,skew_normal,regularized_160_lr004_depth2_leaf75_sub1_direct,1.03,test,1.8062485923259308,1.0900950271307706,0.11578276340514648,2.5234636462051077,2.4740461040693242,19.0,61.0,37.0,117.0
plus_ndfd_metadata__skew_normal__regularized_160_lr004_depth2_leaf75_sub1_direct,plus_ndfd_metadata,38,skew_normal,regularized_160_lr004_depth2_leaf75_sub1_direct,1.05,validation,1.8708815194782062,1.113861272800078,0.12078695976440731,2.3937389005861234,2.427470163944665,9.0,42.0,19.0,70.0
plus_ndfd_metadata__skew_normal__regularized_160_lr004_depth2_leaf75_sub1_direct,plus_ndfd_metadata,38,skew_normal,regularized_160_lr004_depth2_leaf75_sub1_direct,1.05,test,1.8088250943420476,1.0901621224800195,0.11574998427242149,2.572462940306177,2.5220858342454275,9.0,42.0,19.0,70.0
plus_ndfd_metadata__skew_normal__regularized_160_lr004_depth2_leaf75_sub1_direct,plus_ndfd_metadata,38,skew_normal,regularized_160_lr004_depth2_leaf75_sub1_direct,1.08,validation,1.8689229334973834,1.111663110758927,0.12050786025176126,2.46213144060287,2.496826454343084,5.0,16.0,7.0,28.0
plus_ndfd_metadata__skew_normal__regularized_160_lr004_depth2_leaf75_sub1_direct,plus_ndfd_metadata,38,skew_normal,regularized_160_lr004_depth2_leaf75_sub1_direct,1.08,test,1.813950315303168,1.0911820282437314,0.11577957396837835,2.6459618814577825,2.5941454295095827,5.0,16.0,7.0,28.0
plus_ndfd_metadata__skew_normal__regularized_160_lr004_depth2_leaf75_sub1_direct,plus_ndfd_metadata,38,skew_normal,regularized_160_lr004_depth2_leaf75_sub1_direct,1.1,validation,1.8686771611523052,1.110871465061042,0.12037518411186236,2.5077264672807007,2.5430639812753633,4.0,5.0,2.0,11.0
plus_ndfd_metadata__skew_normal__regularized_160_lr004_depth2_leaf75_sub1_direct,plus_ndfd_metadata,38,skew_normal,regularized_160_lr004_depth2_leaf75_sub1_direct,1.1,test,1.818116919785522,1.0924180009149074,0.11584870884504317,2.694961175558853,2.642185159685686,4.0,5.0,2.0,11.0
plus_ndfd_metadata__skew_normal__regularized_160_lr004_depth2_leaf75_sub1_direct,plus_ndfd_metadata,38,skew_normal,regularized_160_lr004_depth2_leaf75_sub1_direct,1.12,validation,1.869194690964394,1.110570864808927,0.12028296809016462,2.553321493958532,2.589301508207643,6.0,4.0,1.0,11.0
plus_ndfd_metadata__skew_normal__regularized_160_lr004_depth2_leaf75_sub1_direct,plus_ndfd_metadata,38,skew_normal,regularized_160_lr004_depth2_leaf75_sub1_direct,1.12,test,1.8228186812060934,1.0940577096075936,0.11595500396748093,2.743960469659923,2.6902248898617898,6.0,4.0,1.0,11.0
plus_ndfd_metadata__skew_normal__regularized_160_lr004_depth2_leaf75_sub1_direct,plus_ndfd_metadata,38,skew_normal,regularized_160_lr004_depth2_leaf75_sub1_direct,1.15,validation,1.871261481133936,1.1109600188445394,0.12021645818578874,2.6217140339752776,2.658657798606061,10.0,1.0,3.0,14.0
plus_ndfd_metadata__skew_normal__regularized_160_lr004_depth2_leaf75_sub1_direct,plus_ndfd_metadata,38,skew_normal,regularized_160_lr004_depth2_leaf75_sub1_direct,1.15,test,1.8307675447918021,1.097205237437108,0.11617990597621305,2.8174594108115274,2.762284485125944,10.0,1.0,3.0,14.0
plus_ndfd_metadata__skew_normal__regularized_160_lr004_depth2_leaf75_sub1_direct,plus_ndfd_metadata,38,skew_normal,regularized_160_lr004_depth2_leaf75_sub1_direct,1.18,validation,1.8747053403075586,1.1122578268080168,0.1202308074430086,2.6901065739920242,2.72801408900448,24.0,2.0,8.0,34.0
plus_ndfd_metadata__skew_normal__regularized_160_lr004_depth2_leaf75_sub1_direct,plus_ndfd_metadata,38,skew_normal,regularized_160_lr004_depth2_leaf75_sub1_direct,1.18,test,1.8396615507732121,1.1010932658138115,0.116477865482672,2.8909583519631328,2.834344080390099,24.0,2.0,8.0,34.0
plus_ndfd_metadata__skew_normal__regularized_160_lr004_depth2_leaf75_sub1_direct,plus_ndfd_metadata,38,skew_normal,regularized_160_lr004_depth2_leaf75_sub1_direct,1.2,validation,1.877681448434876,1.113578132061201,0.12028246878399555,2.735701600669855,2.77425161593676,35.0,3.0,16.0,54.0
plus_ndfd_metadata__skew_normal__regularized_160_lr004_depth2_leaf75_sub1_direct,plus_ndfd_metadata,38,skew_normal,regularized_160_lr004_depth2_leaf75_sub1_direct,1.2,test,1.8460516991683245,1.104054167917404,0.11671419392237073,2.9399576460642023,2.882383810566203,35.0,3.0,16.0,54.0
plus_ndfd_metadata__skew_normal__regularized_160_lr004_depth2_leaf75_sub1_direct,plus_ndfd_metadata,38,skew_normal,regularized_160_lr004_depth2_leaf75_sub1_direct,1.25,validation,1.8871820666557975,1.1182814249234847,0.12054729444917715,2.8496891673644322,2.889845433267458,74.0,21.0,52.0,147.0
plus_ndfd_metadata__skew_normal__regularized_160_lr004_depth2_leaf75_sub1_direct,plus_ndfd_metadata,38,skew_normal,regularized_160_lr004_depth2_leaf75_sub1_direct,1.25,test,1.8633981930928898,1.1125849223001272,0.11742507073691508,3.062455881316878,3.0024831360064614,74.0,21.0,52.0,147.0
plus_ndfd_metadata__skew_normal__regularized_160_lr004_depth2_leaf75_sub1_direct,plus_ndfd_metadata,38,skew_normal,regularized_160_lr004_depth2_leaf75_sub1_direct,1.3,validation,1.899160455430279,1.124707398239245,0.12098728876785865,2.96367673405901,3.0054392505981564,158.0,56.0,107.0,321.0
plus_ndfd_metadata__skew_normal__regularized_160_lr004_depth2_leaf75_sub1_direct,plus_ndfd_metadata,38,skew_normal,regularized_160_lr004_depth2_leaf75_sub1_direct,1.3,test,1.8823538706122773,1.1224881432933047,0.11828867122703543,3.1849541165695534,3.12258246144672,158.0,56.0,107.0,321.0
plus_ndfd_metadata__skew_normal__stump_160_lr004_depth1_leaf50_sub1_direct,plus_ndfd_metadata,38,skew_normal,stump_160_lr004_depth1_leaf50_sub1_direct,0.9,validation,2.013640260941667,1.214482192689399,0.1297004787210691,2.276414175407697,2.3544718485114737,350.0,359.0,351.0,1060.0
plus_ndfd_metadata__skew_normal__stump_160_lr004_depth1_leaf50_sub1_direct,plus_ndfd_metadata,38,skew_normal,stump_160_lr004_depth1_leaf50_sub1_direct,0.9,test,1.8900575569480254,1.1585832106504748,0.12231631536293881,2.423146929801717,2.4216212435859785,350.0,359.0,351.0,1060.0
plus_ndfd_metadata__skew_normal__stump_160_lr004_depth1_leaf50_sub1_direct,plus_ndfd_metadata,38,skew_normal,stump_160_lr004_depth1_leaf50_sub1_direct,0.95,validation,1.9950889078251708,1.2020549689119298,0.12869744240112033,2.402881629597014,2.4852758400954444,324.0,344.0,329.0,997.0
plus_ndfd_metadata__skew_normal__stump_160_lr004_depth1_leaf50_sub1_direct,plus_ndfd_metadata,38,skew_normal,stump_160_lr004_depth1_leaf50_sub1_direct,0.95,test,1.889498358386071,1.15427964906749,0.12190665282644786,2.55776620367959,2.5561557571185327,324.0,344.0,329.0,997.0
plus_ndfd_metadata__skew_normal__stump_160_lr004_depth1_leaf50_sub1_direct,plus_ndfd_metadata,38,skew_normal,stump_160_lr004_depth1_leaf50_sub1_direct,1.0,validation,1.9852218495302374,1.1951287023502937,0.12804292185743446,2.52934908378633,2.616079831679415,293.0,318.0,298.0,909.0
plus_ndfd_metadata__skew_normal__stump_160_lr004_depth1_leaf50_sub1_direct,plus_ndfd_metadata,38,skew_normal,stump_160_lr004_depth1_leaf50_sub1_direct,1.0,test,1.8950810463729115,1.1544684400574374,0.121835822744973,2.692385477557463,2.6906902706510873,293.0,318.0,298.0,909.0
plus_ndfd_metadata__skew_normal__stump_160_lr004_depth1_leaf50_sub1_direct,plus_ndfd_metadata,38,skew_normal,stump_160_lr004_depth1_leaf50_sub1_direct,1.03,validation,1.982671060093423,1.1931478496137757,0.12780008060635917,2.605229556299921,2.6945622266297975,288.0,301.0,288.0,877.0
plus_ndfd_metadata__skew_normal__stump_160_lr004_depth1_leaf50_sub1_direct,plus_ndfd_metadata,38,skew_normal,stump_160_lr004_depth1_leaf50_sub1_direct,1.03,test,1.9007768966383491,1.1563449478753434,0.12193613756431934,2.773157041884187,2.77141097877062,288.0,301.0,288.0,877.0
plus_ndfd_metadata__skew_normal__stump_160_lr004_depth1_leaf50_sub1_direct,plus_ndfd_metadata,38,skew_normal,stump_160_lr004_depth1_leaf50_sub1_direct,1.05,validation,1.9821655337662407,1.1926096805711495,0.12769553301662392,2.655816537975647,2.746883823263386,285.0,294.0,284.0,863.0
plus_ndfd_metadata__skew_normal__stump_160_lr004_depth1_leaf50_sub1_direct,plus_ndfd_metadata,38,skew_normal,stump_160_lr004_depth1_leaf50_sub1_direct,1.05,test,1.9053949753783728,1.1582261543812782,0.12205681556868778,2.8270047514353362,2.825224784183642,285.0,294.0,284.0,863.0
plus_ndfd_metadata__skew_normal__stump_160_lr004_depth1_leaf50_sub1_direct,plus_ndfd_metadata,38,skew_normal,stump_160_lr004_depth1_leaf50_sub1_direct,1.08,validation,1.9829882119038367,1.1928489142004286,0.1276190560783307,2.731697010489237,2.8253662182137687,289.0,290.0,287.0,866.0
plus_ndfd_metadata__skew_normal__stump_160_lr004_depth1_leaf50_sub1_direct,plus_ndfd_metadata,38,skew_normal,stump_160_lr004_depth1_leaf50_sub1_direct,1.08,test,1.913395247163719,1.1618860959964594,0.1223122775434321,2.9077763157620606,2.9059454923031747,289.0,290.0,287.0,866.0
plus_ndfd_metadata__skew_normal__stump_160_lr004_depth1_leaf50_sub1_direct,plus_ndfd_metadata,38,skew_normal,stump_160_lr004_depth1_leaf50_sub1_direct,1.1,validation,1.984481928973994,1.1936400601687918,0.1276185048943866,2.7822839921649636,2.877687814847357,291.0,289.0,291.0,871.0
plus_ndfd_metadata__skew_normal__stump_160_lr004_depth1_leaf50_sub1_direct,plus_ndfd_metadata,38,skew_normal,stump_160_lr004_depth1_leaf50_sub1_direct,1.1,test,1.9193631810060074,1.1648292140209855,0.12252880186339266,2.96162402531321,2.959759297716196,291.0,289.0,291.0,871.0
plus_ndfd_metadata__skew_normal__stump_160_lr004_depth1_leaf50_sub1_direct,plus_ndfd_metadata,38,skew_normal,stump_160_lr004_depth1_leaf50_sub1_direct,1.12,validation,1.9866540803901849,1.1948888852014314,0.12765591830364312,2.83287097384069,2.9300094114809454,299.0,292.0,296.0,887.0
plus_ndfd_metadata__skew_normal__stump_160_lr004_depth1_leaf50_sub1_direct,plus_ndfd_metadata,38,skew_normal,stump_160_lr004_depth1_leaf50_sub1_direct,1.12,test,1.925780852438895,1.168134759289709,0.12277972538872059,3.0154717348643594,3.013573103129218,299.0,292.0,296.0,887.0
plus_ndfd_metadata__skew_normal__stump_160_lr004_depth1_leaf50_sub1_direct,plus_ndfd_metadata,38,skew_normal,stump_160_lr004_depth1_leaf50_sub1_direct,1.15,validation,1.9910552599991005,1.1975404028461933,0.12777899231422402,2.9087514463542803,3.0084918064313273,311.0,299.0,312.0,922.0
plus_ndfd_metadata__skew_normal__stump_160_lr004_depth1_leaf50_sub1_direct,plus_ndfd_metadata,38,skew_normal,stump_160_lr004_depth1_leaf50_sub1_direct,1.15,test,1.9361549901070774,1.173705493564755,0.1232160867443037,3.096243299191082,3.0942938112487504,311.0,299.0,312.0,922.0
plus_ndfd_metadata__skew_normal__stump_160_lr004_depth1_leaf50_sub1_direct,plus_ndfd_metadata,38,skew_normal,stump_160_lr004_depth1_leaf50_sub1_direct,1.18,validation,1.9966707712147933,1.2010276863547005,0.12797691415211018,2.9846319188678696,3.0869742013817096,329.0,311.0,325.0,965.0
plus_ndfd_metadata__skew_normal__stump_160_lr004_depth1_leaf50_sub1_direct,plus_ndfd_metadata,38,skew_normal,stump_160_lr004_depth1_leaf50_sub1_direct,1.18,test,1.947310249147843,1.1799287205795914,0.1237186029956707,3.177014863517806,3.175014519368283,329.0,311.0,325.0,965.0
plus_ndfd_metadata__skew_normal__stump_160_lr004_depth1_leaf50_sub1_direct,plus_ndfd_metadata,38,skew_normal,stump_160_lr004_depth1_leaf50_sub1_direct,1.2,validation,2.0010114192251596,1.203767912528886,0.12814754987131158,3.035218900543596,3.139295798015298,335.0,326.0,335.0,996.0
plus_ndfd_metadata__skew_normal__stump_160_lr004_depth1_leaf50_sub1_direct,plus_ndfd_metadata,38,skew_normal,stump_160_lr004_depth1_leaf50_sub1_direct,1.2,test,1.9551239408168286,1.1843990121387402,0.12408733589674245,3.2308625730689564,3.2288283247813045,335.0,326.0,335.0,996.0
plus_ndfd_metadata__skew_normal__stump_160_lr004_depth1_leaf50_sub1_direct,plus_ndfd_metadata,38,skew_normal,stump_160_lr004_depth1_leaf50_sub1_direct,1.25,validation,2.0136597381340477,1.2118856275110688,0.1286977338847837,3.1616863547329133,3.2700997895992687,351.0,345.0,349.0,1045.0
plus_ndfd_metadata__skew_normal__stump_160_lr004_depth1_leaf50_sub1_direct,plus_ndfd_metadata,38,skew_normal,stump_160_lr004_depth1_leaf50_sub1_direct,1.25,test,1.9757629991286316,1.1965438027370008,0.12511499281825442,3.365481846946829,3.363362838313859,351.0,345.0,349.0,1045.0
plus_ndfd_metadata__skew_normal__stump_160_lr004_depth1_leaf50_sub1_direct,plus_ndfd_metadata,38,skew_normal,stump_160_lr004_depth1_leaf50_sub1_direct,1.3,validation,2.028450323372034,1.2215393872417648,0.1294057958666427,3.2881538089222295,3.40090378118324,361.0,355.0,360.0,1076.0
plus_ndfd_metadata__skew_normal__stump_160_lr004_depth1_leaf50_sub1_direct,plus_ndfd_metadata,38,skew_normal,stump_160_lr004_depth1_leaf50_sub1_direct,1.3,test,1.9976717991420565,1.2098443243889438,0.12627482429418835,3.500101120824702,3.497897351846414,361.0,355.0,360.0,1076.0
plus_day_cos_forecast_high__skew_normal__control_120_lr005_depth2_leaf50_sub1_direct,plus_day_cos_forecast_high,38,skew_normal,control_120_lr005_depth2_leaf50_sub1_direct,0.9,validation,1.9647642766089473,1.1771006670122859,0.126145241674097,2.0477566622004653,2.059619573099748,273.0,273.0,273.0,819.0
plus_day_cos_forecast_high__skew_normal__control_120_lr005_depth2_leaf50_sub1_direct,plus_day_cos_forecast_high,38,skew_normal,control_120_lr005_depth2_leaf50_sub1_direct,0.9,test,1.8348510611113737,1.1305282276250568,0.11984564969741988,2.1249607980207923,2.070332381727293,273.0,273.0,273.0,819.0
plus_day_cos_forecast_high__skew_normal__control_120_lr005_depth2_leaf50_sub1_direct,plus_day_cos_forecast_high,38,skew_normal,control_120_lr005_depth2_leaf50_sub1_direct,0.95,validation,1.933512230563408,1.1564372238622223,0.12457558673344964,2.1615209212116016,2.174042882716401,255.0,257.0,255.0,767.0
plus_day_cos_forecast_high__skew_normal__control_120_lr005_depth2_leaf50_sub1_direct,plus_day_cos_forecast_high,38,skew_normal,control_120_lr005_depth2_leaf50_sub1_direct,0.95,test,1.8196107625136542,1.1158934372841538,0.11864849657218604,2.243014175688614,2.1853508473788095,255.0,257.0,255.0,767.0
plus_day_cos_forecast_high__skew_normal__control_120_lr005_depth2_leaf50_sub1_direct,plus_day_cos_forecast_high,38,skew_normal,control_120_lr005_depth2_leaf50_sub1_direct,1.0,validation,1.912703690738212,1.1419471096276212,0.12336500579609415,2.275285180222739,2.2884661923330536,220.0,237.0,236.0,693.0
plus_day_cos_forecast_high__skew_normal__control_120_lr005_depth2_leaf50_sub1_direct,plus_day_cos_forecast_high,38,skew_normal,control_120_lr005_depth2_leaf50_sub1_direct,1.0,test,1.8125182206196606,1.106664806888969,0.11780800458113372,2.3610675533564356,2.3003693130303255,220.0,237.0,236.0,693.0
plus_day_cos_forecast_high__skew_normal__control_120_lr005_depth2_leaf50_sub1_direct,plus_day_cos_forecast_high,38,skew_normal,control_120_lr005_depth2_leaf50_sub1_direct,1.03,validation,1.9042994348541964,1.1357182897356666,0.12279674750393196,2.343543735629421,2.3571201781030453,189.0,219.0,214.0,622.0
plus_day_cos_forecast_high__skew_normal__control_120_lr005_depth2_leaf50_sub1_direct,plus_day_cos_forecast_high,38,skew_normal,control_120_lr005_depth2_leaf50_sub1_direct,1.03,test,1.811420749714913,1.1032823073618612,0.11745877129956035,2.431899579957129,2.3693803924212355,189.0,219.0,214.0,622.0
plus_day_cos_forecast_high__skew_normal__control_120_lr005_depth2_leaf50_sub1_direct,plus_day_cos_forecast_high,38,skew_normal,control_120_lr005_depth2_leaf50_sub1_direct,1.05,validation,1.9001527843908952,1.1324601380390638,0.12247939550052407,2.3890494392338764,2.4028895019497063,164.0,204.0,193.0,561.0
plus_day_cos_forecast_high__skew_normal__control_120_lr005_depth2_leaf50_sub1_direct,plus_day_cos_forecast_high,38,skew_normal,control_120_lr005_depth2_leaf50_sub1_direct,1.05,test,1.8118081860830362,1.1018075568024466,0.11728573235367552,2.4791209310242577,2.4153877786818416,164.0,204.0,193.0,561.0
plus_day_cos_forecast_high__skew_normal__control_120_lr005_depth2_leaf50_sub1_direct,plus_day_cos_forecast_high,38,skew_normal,control_120_lr005_depth2_leaf50_sub1_direct,1.08,validation,1.8958694233235271,1.1287777988363221,0.12209054756883478,2.4573079946405585,2.471543487719698,132.0,175.0,159.0,466.0
plus_day_cos_forecast_high__skew_normal__control_120_lr005_depth2_leaf50_sub1_direct,plus_day_cos_forecast_high,38,skew_normal,control_120_lr005_depth2_leaf50_sub1_direct,1.08,test,1.81386881503587,1.1006447186623325,0.11711039554164,2.5499529576249507,2.484398858072752,132.0,175.0,159.0,466.0
plus_day_cos_forecast_high__skew_normal__control_120_lr005_depth2_leaf50_sub1_direct,plus_day_cos_forecast_high,38,skew_normal,control_120_lr005_depth2_leaf50_sub1_direct,1.1,validation,1.8941774457182492,1.1270550190057285,0.12188658749778562,2.502813698245013,2.517312811566359,115.0,150.0,137.0,402.0
plus_day_cos_forecast_high__skew_normal__control_120_lr005_depth2_leaf50_sub1_direct,plus_day_cos_forecast_high,38,skew_normal,control_120_lr005_depth2_leaf50_sub1_direct,1.1,test,1.8161265544007608,1.1005059714570071,0.11704661477358938,2.5971743086920793,2.530406244333358,115.0,150.0,137.0,402.0
plus_day_cos_forecast_high__skew_normal__control_120_lr005_depth2_leaf50_sub1_direct,plus_day_cos_forecast_high,38,skew_normal,control_120_lr005_depth2_leaf50_sub1_direct,1.12,validation,1.8933250055257924,1.125866453780185,0.12172463779572411,2.548319401849468,2.5630821354130204,108.0,132.0,122.0,362.0
plus_day_cos_forecast_high__skew_normal__control_120_lr005_depth2_leaf50_sub1_direct,plus_day_cos_forecast_high,38,skew_normal,control_120_lr005_depth2_leaf50_sub1_direct,1.12,test,1.8190182836267073,1.1008307754211997,0.11702299175953179,2.6443956597592084,2.576413630593965,108.0,132.0,122.0,362.0
plus_day_cos_forecast_high__skew_normal__control_120_lr005_depth2_leaf50_sub1_direct,plus_day_cos_forecast_high,38,skew_normal,control_120_lr005_depth2_leaf50_sub1_direct,1.15,validation,1.8934685847830377,1.1249987398594177,0.12155649383781894,2.61657795725615,2.6317361211830113,110.0,118.0,112.0,340.0
plus_day_cos_forecast_high__skew_normal__control_120_lr005_depth2_leaf50_sub1_direct,plus_day_cos_forecast_high,38,skew_normal,control_120_lr005_depth2_leaf50_sub1_direct,1.15,test,1.8244231119723127,1.1021104222864813,0.11705868149441638,2.7152276863599005,2.6454247099848742,110.0,118.0,112.0,340.0
plus_day_cos_forecast_high__skew_normal__control_120_lr005_depth2_leaf50_sub1_direct,plus_day_cos_forecast_high,38,skew_normal,control_120_lr005_depth2_leaf50_sub1_direct,1.18,validation,1.8951335542289744,1.1251225378446323,0.12147282098405872,2.684836512662832,2.700390106953003,122.0,110.0,115.0,347.0
plus_day_cos_forecast_high__skew_normal__control_120_lr005_depth2_leaf50_sub1_direct,plus_day_cos_forecast_high,38,skew_normal,control_120_lr005_depth2_leaf50_sub1_direct,1.18,test,1.8309606970567458,1.1042464131863396,0.11717425964752219,2.786059712960594,2.7144357893757842,122.0,110.0,115.0,347.0
plus_day_cos_forecast_high__skew_normal__control_120_lr005_depth2_leaf50_sub1_direct,plus_day_cos_forecast_high,38,skew_normal,control_120_lr005_depth2_leaf50_sub1_direct,1.2,validation,1.8969970389258555,1.1257025753139533,0.12146115518805231,2.730342216267287,2.7461594307996644,142.0,107.0,121.0,370.0
plus_day_cos_forecast_high__skew_normal__control_120_lr005_depth2_leaf50_sub1_direct,plus_day_cos_forecast_high,38,skew_normal,control_120_lr005_depth2_leaf50_sub1_direct,1.2,test,1.8358753336279277,1.1060988479094047,0.1172927994507627,2.8332810640277226,2.7604431756363903,142.0,107.0,121.0,370.0
plus_day_cos_forecast_high__skew_normal__control_120_lr005_depth2_leaf50_sub1_direct,plus_day_cos_forecast_high,38,skew_normal,control_120_lr005_depth2_leaf50_sub1_direct,1.25,validation,1.9039463650306532,1.1286896802078508,0.12157472754360472,2.8441064752784238,2.860582740416317,185.0,119.0,157.0,461.0
plus_day_cos_forecast_high__skew_normal__control_120_lr005_depth2_leaf50_sub1_direct,plus_day_cos_forecast_high,38,skew_normal,control_120_lr005_depth2_leaf50_sub1_direct,1.25,test,1.8498333998943435,1.1120483133615349,0.11772244460931895,2.9513344416955447,2.875461641287907,185.0,119.0,157.0,461.0
plus_day_cos_forecast_high__skew_normal__control_120_lr005_depth2_leaf50_sub1_direct,plus_day_cos_forecast_high,38,skew_normal,control_120_lr005_depth2_leaf50_sub1_direct,1.3,validation,1.9136636059845888,1.1335708897754928,0.12187343096427825,2.957870734289561,2.97500605003297,225.0,147.0,204.0,576.0
plus_day_cos_forecast_high__skew_normal__control_120_lr005_depth2_leaf50_sub1_direct,plus_day_cos_forecast_high,38,skew_normal,control_120_lr005_depth2_leaf50_sub1_direct,1.3,test,1.865779962225942,1.1196137203425545,0.11832350188764611,3.0693878193633664,2.9904801069394233,225.0,147.0,204.0,576.0
plus_day_cos_forecast_high__skew_normal__quick_100_lr006_depth2_leaf50_sub1_direct,plus_day_cos_forecast_high,38,skew_normal,quick_100_lr006_depth2_leaf50_sub1_direct,0.9,validation,1.9640689687218547,1.175791977263213,0.12607190183207645,2.042901318057759,2.0669767495313742,272.0,272.0,272.0,816.0
plus_day_cos_forecast_high__skew_normal__quick_100_lr006_depth2_leaf50_sub1_direct,plus_day_cos_forecast_high,38,skew_normal,quick_100_lr006_depth2_leaf50_sub1_direct,0.9,test,1.8397469489605023,1.1323361618527474,0.11962603744356533,2.119085630129857,2.0929267134048954,272.0,272.0,272.0,816.0
plus_day_cos_forecast_high__skew_normal__quick_100_lr006_depth2_leaf50_sub1_direct,plus_day_cos_forecast_high,38,skew_normal,quick_100_lr006_depth2_leaf50_sub1_direct,0.95,validation,1.9326180941612146,1.1550512265367199,0.12449813939066685,2.1563958357276345,2.1818087911720054,254.0,256.0,254.0,764.0
plus_day_cos_forecast_high__skew_normal__quick_100_lr006_depth2_leaf50_sub1_direct,plus_day_cos_forecast_high,38,skew_normal,quick_100_lr006_depth2_leaf50_sub1_direct,0.95,test,1.8234776877722185,1.1171863696983977,0.11843348152447505,2.2368126095815155,2.209200419705167,254.0,256.0,254.0,764.0
plus_day_cos_forecast_high__skew_normal__quick_100_lr006_depth2_leaf50_sub1_direct,plus_day_cos_forecast_high,38,skew_normal,quick_100_lr006_depth2_leaf50_sub1_direct,1.0,validation,1.911636805596087,1.1404909610800982,0.12328296535213301,2.26989035339751,2.2966408328126375,216.0,235.0,231.0,682.0
plus_day_cos_forecast_high__skew_normal__quick_100_lr006_depth2_leaf50_sub1_direct,plus_day_cos_forecast_high,38,skew_normal,quick_100_lr006_depth2_leaf50_sub1_direct,1.0,test,1.8155014971502967,1.1075023832976743,0.11759404650345924,2.354539589033174,2.325474126005439,216.0,235.0,231.0,682.0
plus_day_cos_forecast_high__skew_normal__quick_100_lr006_depth2_leaf50_sub1_direct,plus_day_cos_forecast_high,38,skew_normal,quick_100_lr006_depth2_leaf50_sub1_direct,1.03,validation,1.9031394505709067,1.1342232863303403,0.12271179421543618,2.337987063999435,2.365540057797017,181.0,216.0,206.0,603.0
plus_day_cos_forecast_high__skew_normal__quick_100_lr006_depth2_leaf50_sub1_direct,plus_day_cos_forecast_high,38,skew_normal,quick_100_lr006_depth2_leaf50_sub1_direct,1.03,test,1.8139320836564443,1.1038712468911915,0.11724391517641722,2.42517577670417,2.3952383497856022,181.0,216.0,206.0,603.0
plus_day_cos_forecast_high__skew_normal__quick_100_lr006_depth2_leaf50_sub1_direct,plus_day_cos_forecast_high,38,skew_normal,quick_100_lr006_depth2_leaf50_sub1_direct,1.05,validation,1.8989346082068512,1.1309405032034943,0.12239245496070436,2.3833848710673857,2.4114728744532696,157.0,199.0,181.0,537.0
plus_day_cos_forecast_high__skew_normal__quick_100_lr006_depth2_leaf50_sub1_direct,plus_day_cos_forecast_high,38,skew_normal,quick_100_lr006_depth2_leaf50_sub1_direct,1.05,test,1.814026137059181,1.1022398978408827,0.11706970708748614,2.4722665684848333,2.441747832305711,157.0,199.0,181.0,537.0
plus_day_cos_forecast_high__skew_normal__quick_100_lr006_depth2_leaf50_sub1_direct,plus_day_cos_forecast_high,38,skew_normal,quick_100_lr006_depth2_leaf50_sub1_direct,1.08,validation,1.8945692358012904,1.1272230252067388,0.1220005794993134,2.451481581669311,2.480372099437649,118.0,162.0,141.0,421.0
plus_day_cos_forecast_high__skew_normal__quick_100_lr006_depth2_leaf50_sub1_direct,plus_day_cos_forecast_high,38,skew_normal,quick_100_lr006_depth2_leaf50_sub1_direct,1.08,test,1.8156754827098947,1.100854784271964,0.11689184992883295,2.5429027561558284,2.5115120560858744,118.0,162.0,141.0,421.0
plus_day_cos_forecast_high__skew_normal__quick_100_lr006_depth2_leaf50_sub1_direct,plus_day_cos_forecast_high,38,skew_normal,quick_100_lr006_depth2_leaf50_sub1_direct,1.1,validation,1.8928258241165372,1.1254779654627274,0.12179458164512594,2.4968793887372613,2.5263049160939017,104.0,140.0,120.0,364.0
plus_day_cos_forecast_high__skew_normal__quick_100_lr006_depth2_leaf50_sub1_direct,plus_day_cos_forecast_high,38,skew_normal,quick_100_lr006_depth2_leaf50_sub1_direct,1.1,test,1.817676639123059,1.1005756842619403,0.11682593095996116,2.5899935479364924,2.558021538605983,104.0,140.0,120.0,364.0
plus_day_cos_forecast_high__skew_normal__quick_100_lr006_depth2_leaf50_sub1_direct,plus_day_cos_forecast_high,38,skew_normal,quick_100_lr006_depth2_leaf50_sub1_direct,1.12,validation,1.8919243416393947,1.1242679890347,0.12163058750953248,2.542277195805212,2.572237732750154,94.0,124.0,102.0,320.0
plus_day_cos_forecast_high__skew_normal__quick_100_lr006_depth2_leaf50_sub1_direct,plus_day_cos_forecast_high,38,skew_normal,quick_100_lr006_depth2_leaf50_sub1_direct,1.12,test,1.8203247289936848,1.1007659751285124,0.11679984574933375,2.637084339717156,2.6045310211260917,94.0,124.0,102.0,320.0
plus_day_cos_forecast_high__skew_normal__quick_100_lr006_depth2_leaf50_sub1_direct,plus_day_cos_forecast_high,38,skew_normal,quick_100_lr006_depth2_leaf50_sub1_direct,1.15,validation,1.8919985062360716,1.1233696977616503,0.12145938032237764,2.6103739064071365,2.641136957734533,95.0,106.0,95.0,296.0
plus_day_cos_forecast_high__skew_normal__quick_100_lr006_depth2_leaf50_sub1_direct,plus_day_cos_forecast_high,38,skew_normal,quick_100_lr006_depth2_leaf50_sub1_direct,1.15,test,1.825386463127413,1.1018540822648397,0.1168313123613266,2.7077205273881506,2.6742952449062547,95.0,106.0,95.0,296.0
plus_day_cos_forecast_high__skew_normal__quick_100_lr006_depth2_leaf50_sub1_direct,plus_day_cos_forecast_high,38,skew_normal,quick_100_lr006_depth2_leaf50_sub1_direct,1.18,validation,1.8935986265345313,1.1234646458543776,0.12137266912616373,2.678470617009062,2.7100361827189126,111.0,94.0,96.0,301.0
plus_day_cos_forecast_high__skew_normal__quick_100_lr006_depth2_leaf50_sub1_direct,plus_day_cos_forecast_high,38,skew_normal,quick_100_lr006_depth2_leaf50_sub1_direct,1.18,test,1.831605459035572,1.103809914837852,0.11694213389280597,2.7783567150591453,2.7440594686864177,111.0,94.0,96.0,301.0
plus_day_cos_forecast_high__skew_normal__quick_100_lr006_depth2_leaf50_sub1_direct,plus_day_cos_forecast_high,38,skew_normal,quick_100_lr006_depth2_leaf50_sub1_direct,1.2,validation,1.8954212087933144,1.1240263453459671,0.12135900256219549,2.7238684240770117,2.755968999375165,125.0,92.0,101.0,318.0
plus_day_cos_forecast_high__skew_normal__quick_100_lr006_depth2_leaf50_sub1_direct,plus_day_cos_forecast_high,38,skew_normal,quick_100_lr006_depth2_leaf50_sub1_direct,1.2,test,1.8363201567119207,1.1055481154139113,0.11705726006464923,2.8254475068398093,2.790568951206527,125.0,92.0,101.0,318.0
plus_day_cos_forecast_high__skew_normal__quick_100_lr006_depth2_leaf50_sub1_direct,plus_day_cos_forecast_high,38,skew_normal,quick_100_lr006_depth2_leaf50_sub1_direct,1.25,validation,1.902275647890353,1.126970472872435,0.12146770413773636,2.8373629417468877,2.870801041015797,176.0,109.0,135.0,420.0
plus_day_cos_forecast_high__skew_normal__quick_100_lr006_depth2_leaf50_sub1_direct,plus_day_cos_forecast_high,38,skew_normal,quick_100_lr006_depth2_leaf50_sub1_direct,1.25,test,1.8498175486173747,1.1112307923309894,0.11747773771301465,2.9431744862914675,2.9068426575067985,176.0,109.0,135.0,420.0
plus_day_cos_forecast_high__skew_normal__quick_100_lr006_depth2_leaf50_sub1_direct,plus_day_cos_forecast_high,38,skew_normal,quick_100_lr006_depth2_leaf50_sub1_direct,1.3,validation,1.9119073698747515,1.1318123821998385,0.12176179196764111,2.9508574594167634,2.9856330826564292,217.0,136.0,189.0,542.0
plus_day_cos_forecast_high__skew_normal__quick_100_lr006_depth2_leaf50_sub1_direct,plus_day_cos_forecast_high,38,skew_normal,quick_100_lr006_depth2_leaf50_sub1_direct,1.3,test,1.865352910925641,1.1185536300001793,0.11806904861545284,3.0609014657431266,3.0231163638070706,217.0,136.0,189.0,542.0
plus_day_cos_forecast_high__skew_normal__regularized_160_lr004_depth2_leaf75_sub1_direct,plus_day_cos_forecast_high,38,skew_normal,regularized_160_lr004_depth2_leaf75_sub1_direct,0.9,validation,1.945299988802895,1.164131442803413,0.12493937609657471,2.0051356001916814,2.0310983999742724,262.0,262.0,262.0,786.0
plus_day_cos_forecast_high__skew_normal__regularized_160_lr004_depth2_leaf75_sub1_direct,plus_day_cos_forecast_high,38,skew_normal,regularized_160_lr004_depth2_leaf75_sub1_direct,0.9,test,1.8186384917061271,1.1182897834002672,0.11856407819461037,2.0904821510958747,2.0859781833639883,262.0,262.0,262.0,786.0
plus_day_cos_forecast_high__skew_normal__regularized_160_lr004_depth2_leaf75_sub1_direct,plus_day_cos_forecast_high,38,skew_normal,regularized_160_lr004_depth2_leaf75_sub1_direct,0.95,validation,1.9138297617315783,1.1437642928797718,0.12341782083906276,2.1165320224245523,2.143937199972843,226.0,239.0,240.0,705.0
plus_day_cos_forecast_high__skew_normal__regularized_160_lr004_depth2_leaf75_sub1_direct,plus_day_cos_forecast_high,38,skew_normal,regularized_160_lr004_depth2_leaf75_sub1_direct,0.95,test,1.803406139006276,1.1041897583385218,0.11741813527079792,2.2066200483789786,2.201865860217543,226.0,239.0,240.0,705.0
plus_day_cos_forecast_high__skew_normal__regularized_160_lr004_depth2_leaf75_sub1_direct,plus_day_cos_forecast_high,38,skew_normal,regularized_160_lr004_depth2_leaf75_sub1_direct,1.0,validation,1.8928199562817531,1.1294858347662957,0.12224648610050141,2.2279284446574237,2.2567759999714134,103.0,191.0,165.0,459.0
plus_day_cos_forecast_high__skew_normal__regularized_160_lr004_depth2_leaf75_sub1_direct,plus_day_cos_forecast_high,38,skew_normal,regularized_160_lr004_depth2_leaf75_sub1_direct,1.0,test,1.7963057020613138,1.0953803508379092,0.11662005135553861,2.3227579456620826,2.317753537071098,103.0,191.0,165.0,459.0
plus_day_cos_forecast_high__skew_normal__regularized_160_lr004_depth2_leaf75_sub1_direct,plus_day_cos_forecast_high,38,skew_normal,regularized_160_lr004_depth2_leaf75_sub1_direct,1.03,validation,1.8843015566458043,1.1233504709423414,0.12169785017175831,2.294766297997146,2.324479279970556,59.0,131.0,94.0,284.0
plus_day_cos_forecast_high__skew_normal__regularized_160_lr004_depth2_leaf75_sub1_direct,plus_day_cos_forecast_high,38,skew_normal,regularized_160_lr004_depth2_leaf75_sub1_direct,1.03,test,1.795196928413059,1.0922034035570398,0.11629244238682332,2.3924406840319454,2.387286143183231,59.0,131.0,94.0,284.0
plus_day_cos_forecast_high__skew_normal__regularized_160_lr004_depth2_leaf75_sub1_direct,plus_day_cos_forecast_high,38,skew_normal,regularized_160_lr004_depth2_leaf75_sub1_direct,1.05,validation,1.8800811972563265,1.1201425612910356,0.12139204422971035,2.3393248668902946,2.369614799969984,48.0,99.0,64.0,211.0
plus_day_cos_forecast_high__skew_normal__regularized_160_lr004_depth2_leaf75_sub1_direct,plus_day_cos_forecast_high,38,skew_normal,regularized_160_lr004_depth2_leaf75_sub1_direct,1.05,test,1.7955744045842974,1.0908490834972,0.11613235511375637,2.438895842945187,2.433641213924653,48.0,99.0,64.0,211.0
plus_day_cos_forecast_high__skew_normal__regularized_160_lr004_depth2_leaf75_sub1_direct,plus_day_cos_forecast_high,38,skew_normal,regularized_160_lr004_depth2_leaf75_sub1_direct,1.08,validation,1.8756905011189773,1.11651947385579,0.12101833058464942,2.4061627202300175,2.4373180799691267,31.0,57.0,44.0,132.0
plus_day_cos_forecast_high__skew_normal__regularized_160_lr004_depth2_leaf75_sub1_direct,plus_day_cos_forecast_high,38,skew_normal,regularized_160_lr004_depth2_leaf75_sub1_direct,1.08,test,1.7976168056743163,1.0898446309242313,0.11597439950164323,2.50857858131505,2.503173820036786,31.0,57.0,44.0,132.0
plus_day_cos_forecast_high__skew_normal__regularized_160_lr004_depth2_leaf75_sub1_direct,plus_day_cos_forecast_high,38,skew_normal,regularized_160_lr004_depth2_leaf75_sub1_direct,1.1,validation,1.873928947032736,1.114826489168444,0.12082307239384918,2.450721289123166,2.4824535999685553,20.0,47.0,29.0,96.0
plus_day_cos_forecast_high__skew_normal__regularized_160_lr004_depth2_leaf75_sub1_direct,plus_day_cos_forecast_high,38,skew_normal,regularized_160_lr004_depth2_leaf75_sub1_direct,1.1,test,1.7998603952650472,1.0897980154219689,0.11592092841612714,2.5550337402282914,2.549528890778208,20.0,47.0,29.0,96.0
plus_day_cos_forecast_high__skew_normal__regularized_160_lr004_depth2_leaf75_sub1_direct,plus_day_cos_forecast_high,38,skew_normal,regularized_160_lr004_depth2_leaf75_sub1_direct,1.12,validation,1.8730083973034541,1.1136607043751792,0.12066876954807446,2.4952798580163145,2.527589119967983,17.0,29.0,18.0,64.0
plus_day_cos_forecast_high__skew_normal__regularized_160_lr004_depth2_leaf75_sub1_direct,plus_day_cos_forecast_high,38,skew_normal,regularized_160_lr004_depth2_leaf75_sub1_direct,1.12,test,1.802736524047589,1.0902051852716745,0.11590666075420146,2.601488899141533,2.59588396151963,17.0,29.0,18.0,64.0
plus_day_cos_forecast_high__skew_normal__regularized_160_lr004_depth2_leaf75_sub1_direct,plus_day_cos_forecast_high,38,skew_normal,regularized_160_lr004_depth2_leaf75_sub1_direct,1.15,validation,1.873052378762368,1.1128152703763432,0.12051022099797089,2.562117711356037,2.595292399967125,18.0,17.0,11.0,46.0
plus_day_cos_forecast_high__skew_normal__regularized_160_lr004_depth2_leaf75_sub1_direct,plus_day_cos_forecast_high,38,skew_normal,regularized_160_lr004_depth2_leaf75_sub1_direct,1.15,test,1.8081154929905907,1.0915917537608903,0.11595471830016443,2.671171637511395,2.6654165676317625,18.0,17.0,11.0,46.0
plus_day_cos_forecast_high__skew_normal__regularized_160_lr004_depth2_leaf75_sub1_direct,plus_day_cos_forecast_high,38,skew_normal,regularized_160_lr004_depth2_leaf75_sub1_direct,1.18,validation,1.8746206186481758,1.112948634342888,0.1204340351657694,2.62895556469576,2.6629956799662677,23.0,9.0,12.0,44.0
plus_day_cos_forecast_high__skew_normal__regularized_160_lr004_depth2_leaf75_sub1_direct,plus_day_cos_forecast_high,38,skew_normal,regularized_160_lr004_depth2_leaf75_sub1_direct,1.18,test,1.8146246053306534,1.0938167879688456,0.1160808311308396,2.7408543758812574,2.7349491737438956,23.0,9.0,12.0,44.0
plus_day_cos_forecast_high__skew_normal__regularized_160_lr004_depth2_leaf75_sub1_direct,plus_day_cos_forecast_high,38,skew_normal,regularized_160_lr004_depth2_leaf75_sub1_direct,1.2,validation,1.876421111924476,1.1135287623822068,0.12042626768248962,2.6735141335889083,2.7081311999656963,34.0,8.0,15.0,57.0
plus_day_cos_forecast_high__skew_normal__regularized_160_lr004_depth2_leaf75_sub1_direct,plus_day_cos_forecast_high,38,skew_normal,regularized_160_lr004_depth2_leaf75_sub1_direct,1.2,test,1.819518983892399,1.095719688252332,0.11620546415127067,2.787309534794499,2.7813042444853173,34.0,8.0,15.0,57.0
plus_day_cos_forecast_high__skew_normal__regularized_160_lr004_depth2_leaf75_sub1_direct,plus_day_cos_forecast_high,38,skew_normal,regularized_160_lr004_depth2_leaf75_sub1_direct,1.25,validation,1.883217847507813,1.116497054344959,0.1205460991289418,2.7849105558217793,2.820969999964267,55.0,20.0,42.0,117.0
plus_day_cos_forecast_high__skew_normal__regularized_160_lr004_depth2_leaf75_sub1_direct,plus_day_cos_forecast_high,38,skew_normal,regularized_160_lr004_depth2_leaf75_sub1_direct,1.25,test,1.8334226424678532,1.1017681322908364,0.11664745432213905,2.9034474320776034,2.897191921338872,55.0,20.0,42.0,117.0
plus_day_cos_forecast_high__skew_normal__regularized_160_lr004_depth2_leaf75_sub1_direct,plus_day_cos_forecast_high,38,skew_normal,regularized_160_lr004_depth2_leaf75_sub1_direct,1.3,validation,1.8927890210426992,1.1213366045883237,0.12084664942061725,2.8963069780546506,2.9338087999628377,102.0,49.0,74.0,225.0
plus_day_cos_forecast_high__skew_normal__regularized_160_lr004_depth2_leaf75_sub1_direct,plus_day_cos_forecast_high,38,skew_normal,regularized_160_lr004_depth2_leaf75_sub1_direct,1.3,test,1.8493105057272972,1.109399485281357,0.11725731476976604,3.0195853293607073,3.0130795981924274,102.0,49.0,74.0,225.0
plus_day_cos_forecast_high__skew_normal__stump_160_lr004_depth1_leaf50_sub1_direct,plus_day_cos_forecast_high,38,skew_normal,stump_160_lr004_depth1_leaf50_sub1_direct,0.9,validation,2.026450180031293,1.2249574257154177,0.13045222065713286,2.2484277299746394,2.3287770541929773,359.0,364.0,362.0,1085.0
plus_day_cos_forecast_high__skew_normal__stump_160_lr004_depth1_leaf50_sub1_direct,plus_day_cos_forecast_high,38,skew_normal,stump_160_lr004_depth1_leaf50_sub1_direct,0.9,test,1.8966873653629093,1.1670570069788486,0.12316361572521879,2.3358199768319587,2.3311483965101503,359.0,364.0,362.0,1085.0
plus_day_cos_forecast_high__skew_normal__stump_160_lr004_depth1_leaf50_sub1_direct,plus_day_cos_forecast_high,38,skew_normal,stump_160_lr004_depth1_leaf50_sub1_direct,0.95,validation,2.0046841926713834,1.210245252984656,0.12934271953934587,2.373340381639897,2.458153557203698,341.0,352.0,346.0,1039.0
plus_day_cos_forecast_high__skew_normal__stump_160_lr004_depth1_leaf50_sub1_direct,plus_day_cos_forecast_high,38,skew_normal,stump_160_lr004_depth1_leaf50_sub1_direct,0.95,test,1.8905854012653878,1.1590192024153836,0.1224724680764967,2.465587753322623,2.460656640760714,341.0,352.0,346.0,1039.0
plus_day_cos_forecast_high__skew_normal__stump_160_lr004_depth1_leaf50_sub1_direct,plus_day_cos_forecast_high,38,skew_normal,stump_160_lr004_depth1_leaf50_sub1_direct,1.0,validation,1.9920657007450722,1.201321716135373,0.12858309734256065,2.4982530333051547,2.5875300602144193,317.0,339.0,326.0,982.0
plus_day_cos_forecast_high__skew_normal__stump_160_lr004_depth1_leaf50_sub1_direct,plus_day_cos_forecast_high,38,skew_normal,stump_160_lr004_depth1_leaf50_sub1_direct,1.0,test,1.8914140820140715,1.1559210468606425,0.12213434353727563,2.595355529813287,2.590164885011278,317.0,339.0,326.0,982.0
plus_day_cos_forecast_high__skew_normal__stump_160_lr004_depth1_leaf50_sub1_direct,plus_day_cos_forecast_high,38,skew_normal,stump_160_lr004_depth1_leaf50_sub1_direct,1.03,validation,1.988050314455152,1.198260371110499,0.12827796870223482,2.5732006243043095,2.665155962020852,302.0,331.0,316.0,949.0
plus_day_cos_forecast_high__skew_normal__stump_160_lr004_depth1_leaf50_sub1_direct,plus_day_cos_forecast_high,38,skew_normal,stump_160_lr004_depth1_leaf50_sub1_direct,1.03,test,1.8945754686093503,1.15601045689076,0.12208109227370985,2.6732161957076865,2.6678698315616165,302.0,331.0,316.0,949.0
plus_day_cos_forecast_high__skew_normal__stump_160_lr004_depth1_leaf50_sub1_direct,plus_day_cos_forecast_high,38,skew_normal,stump_160_lr004_depth1_leaf50_sub1_direct,1.05,validation,1.9866364565143702,1.1970455626333225,0.12813226536298453,2.6231656849704126,2.7169065632251406,298.0,325.0,307.0,930.0
plus_day_cos_forecast_high__skew_normal__stump_160_lr004_depth1_leaf50_sub1_direct,plus_day_cos_forecast_high,38,skew_normal,stump_160_lr004_depth1_leaf50_sub1_direct,1.05,test,1.8976203143708146,1.1567693454371573,0.12210223107850715,2.725123306303952,2.719673129261842,298.0,325.0,307.0,930.0
plus_day_cos_forecast_high__skew_normal__stump_160_lr004_depth1_leaf50_sub1_direct,plus_day_cos_forecast_high,38,skew_normal,stump_160_lr004_depth1_leaf50_sub1_direct,1.08,validation,1.9861889697235813,1.1963297517738378,0.12799467161326877,2.6981132759695674,2.794532465031573,296.0,313.0,303.0,912.0
plus_day_cos_forecast_high__skew_normal__stump_160_lr004_depth1_leaf50_sub1_direct,plus_day_cos_forecast_high,38,skew_normal,stump_160_lr004_depth1_leaf50_sub1_direct,1.08,test,1.9034188913560777,1.1588410382546301,0.12221263968837223,2.802983972198351,2.7973780758121807,296.0,313.0,303.0,912.0
plus_day_cos_forecast_high__skew_normal__stump_160_lr004_depth1_leaf50_sub1_direct,plus_day_cos_forecast_high,38,skew_normal,stump_160_lr004_depth1_leaf50_sub1_direct,1.1,validation,1.986892401724141,1.196521204653456,0.12795382586206236,2.7480783366356705,2.8462830662358614,300.0,309.0,304.0,913.0
plus_day_cos_forecast_high__skew_normal__stump_160_lr004_depth1_leaf50_sub1_direct,plus_day_cos_forecast_high,38,skew_normal,stump_160_lr004_depth1_leaf50_sub1_direct,1.1,test,1.9080159243183252,1.1607843894862158,0.12233529519101856,2.854891082794617,2.849181373512406,300.0,309.0,304.0,913.0
plus_day_cos_forecast_high__skew_normal__stump_160_lr004_depth1_leaf50_sub1_direct,plus_day_cos_forecast_high,38,skew_normal,stump_160_lr004_depth1_leaf50_sub1_direct,1.12,validation,1.9883158089711663,1.1971978008727038,0.12795133644444237,2.798043397301774,2.89803366744015,303.0,308.0,308.0,919.0
plus_day_cos_forecast_high__skew_normal__stump_160_lr004_depth1_leaf50_sub1_direct,plus_day_cos_forecast_high,38,skew_normal,stump_160_lr004_depth1_leaf50_sub1_direct,1.12,test,1.9131340453740608,1.1631341878731642,0.12249461129892433,2.9067981933908826,2.9009846712126315,303.0,308.0,308.0,919.0
plus_day_cos_forecast_high__skew_normal__stump_160_lr004_depth1_leaf50_sub1_direct,plus_day_cos_forecast_high,38,skew_normal,stump_160_lr004_depth1_leaf50_sub1_direct,1.15,validation,1.991665640816423,1.199038854088561,0.12801535043095347,2.8729909883009275,2.975659569246582,314.0,316.0,320.0,950.0
plus_day_cos_forecast_high__skew_normal__stump_160_lr004_depth1_leaf50_sub1_direct,plus_day_cos_forecast_high,38,skew_normal,stump_160_lr004_depth1_leaf50_sub1_direct,1.15,test,1.9216822956734851,1.1673483385008259,0.12279778506590355,2.9846588592852803,2.9786896177629694,314.0,316.0,320.0,950.0
plus_day_cos_forecast_high__skew_normal__stump_160_lr004_depth1_leaf50_sub1_direct,plus_day_cos_forecast_high,38,skew_normal,stump_160_lr004_depth1_leaf50_sub1_direct,1.18,validation,1.996308399988879,1.201768639440971,0.12815524542426798,2.947938579300082,3.0532854710530146,328.0,327.0,328.0,983.0
plus_day_cos_forecast_high__skew_normal__stump_160_lr004_depth1_leaf50_sub1_direct,plus_day_cos_forecast_high,38,skew_normal,stump_160_lr004_depth1_leaf50_sub1_direct,1.18,test,1.9311470593779823,1.1723005604572294,0.12317214868984552,3.0625195251796793,3.056394564313308,328.0,327.0,328.0,983.0
plus_day_cos_forecast_high__skew_normal__stump_160_lr004_depth1_leaf50_sub1_direct,plus_day_cos_forecast_high,38,skew_normal,stump_160_lr004_depth1_leaf50_sub1_direct,1.2,validation,2.0000404545597577,1.2040310318097176,0.128287813203874,2.997903639966186,3.105036072257303,332.0,332.0,336.0,1000.0
plus_day_cos_forecast_high__skew_normal__stump_160_lr004_depth1_leaf50_sub1_direct,plus_day_cos_forecast_high,38,skew_normal,stump_160_lr004_depth1_leaf50_sub1_direct,1.2,test,1.9379026092097191,1.175967581612152,0.12345821883691768,3.114426635775945,3.108197862013533,332.0,332.0,336.0,1000.0
plus_day_cos_forecast_high__skew_normal__stump_160_lr004_depth1_leaf50_sub1_direct,plus_day_cos_forecast_high,38,skew_normal,stump_160_lr004_depth1_leaf50_sub1_direct,1.25,validation,2.0112926090137555,1.211040495665701,0.12874515611403597,3.1228162916314437,3.234412575268024,347.0,346.0,347.0,1040.0
plus_day_cos_forecast_high__skew_normal__stump_160_lr004_depth1_leaf50_sub1_direct,plus_day_cos_forecast_high,38,skew_normal,stump_160_lr004_depth1_leaf50_sub1_direct,1.25,test,1.9561129454096537,1.1862448870299394,0.12428877522863666,3.244194412266609,3.2377061062640973,347.0,346.0,347.0,1040.0
plus_day_cos_forecast_high__skew_normal__stump_160_lr004_depth1_leaf50_sub1_direct,plus_day_cos_forecast_high,38,skew_normal,stump_160_lr004_depth1_leaf50_sub1_direct,1.3,validation,2.024844880428445,1.219696268258406,0.12936395536959894,3.247728943296701,3.3637890782787454,358.0,354.0,358.0,1070.0
plus_day_cos_forecast_high__skew_normal__stump_160_lr004_depth1_leaf50_sub1_direct,plus_day_cos_forecast_high,38,skew_normal,stump_160_lr004_depth1_leaf50_sub1_direct,1.3,test,1.9758665013574936,1.1978585226767424,0.12526483222101276,3.373962188757274,3.3672143505146614,358.0,354.0,358.0,1070.0
plus_ndfd_day_cos_forecast_high__skew_normal__control_120_lr005_depth2_leaf50_sub1_direct,plus_ndfd_day_cos_forecast_high,40,skew_normal,control_120_lr005_depth2_leaf50_sub1_direct,0.9,validation,1.9506240266461283,1.1675622807361241,0.12570879524677148,2.089384676792207,2.1141637683407506,265.0,269.0,267.0,801.0
plus_ndfd_day_cos_forecast_high__skew_normal__control_120_lr005_depth2_leaf50_sub1_direct,plus_ndfd_day_cos_forecast_high,40,skew_normal,control_120_lr005_depth2_leaf50_sub1_direct,0.9,test,1.825172593842826,1.118610561923831,0.11877144159939965,2.2237627177911583,2.1824372717258527,265.0,269.0,267.0,801.0
plus_ndfd_day_cos_forecast_high__skew_normal__control_120_lr005_depth2_leaf50_sub1_direct,plus_ndfd_day_cos_forecast_high,40,skew_normal,control_120_lr005_depth2_leaf50_sub1_direct,0.95,validation,1.9242401480096578,1.14980437290522,0.1242724950928146,2.2054616032806624,2.2316173110263477,242.0,250.0,247.0,739.0
plus_ndfd_day_cos_forecast_high__skew_normal__control_120_lr005_depth2_leaf50_sub1_direct,plus_ndfd_day_cos_forecast_high,40,skew_normal,control_120_lr005_depth2_leaf50_sub1_direct,0.95,test,1.8174163028061532,1.108470653737363,0.11788925556698034,2.347305091001778,2.303683786821733,242.0,250.0,247.0,739.0
plus_ndfd_day_cos_forecast_high__skew_normal__control_120_lr005_depth2_leaf50_sub1_direct,plus_ndfd_day_cos_forecast_high,40,skew_normal,control_120_lr005_depth2_leaf50_sub1_direct,1.0,validation,1.9076090331948976,1.1378992184342327,0.12320022594210936,2.321538529769119,2.3490708537119454,205.0,232.0,222.0,659.0
plus_ndfd_day_cos_forecast_high__skew_normal__control_120_lr005_depth2_leaf50_sub1_direct,plus_ndfd_day_cos_forecast_high,40,skew_normal,control_120_lr005_depth2_leaf50_sub1_direct,1.0,test,1.8167588024445431,1.1032560000626408,0.1173609263961362,2.4708474642123983,2.424930301917614,205.0,232.0,222.0,659.0
plus_ndfd_day_cos_forecast_high__skew_normal__control_120_lr005_depth2_leaf50_sub1_direct,plus_ndfd_day_cos_forecast_high,40,skew_normal,control_120_lr005_depth2_leaf50_sub1_direct,1.03,validation,1.9014333317745564,1.133089108309399,0.12271633836731351,2.3911846856621923,2.4195429793233036,170.0,217.0,199.0,586.0
plus_ndfd_day_cos_forecast_high__skew_normal__control_120_lr005_depth2_leaf50_sub1_direct,plus_ndfd_day_cos_forecast_high,40,skew_normal,control_120_lr005_depth2_leaf50_sub1_direct,1.03,test,1.8190998972622512,1.1020819340805847,0.11719634362210973,2.54497288813877,2.4976782109751423,170.0,217.0,199.0,586.0
plus_ndfd_day_cos_forecast_high__skew_normal__control_120_lr005_depth2_leaf50_sub1_direct,plus_ndfd_day_cos_forecast_high,40,skew_normal,control_120_lr005_depth2_leaf50_sub1_direct,1.05,validation,1.8986707707106691,1.1307274352393146,0.12245553147568225,2.437615456257575,2.466524396397543,154.0,201.0,179.0,534.0
plus_ndfd_day_cos_forecast_high__skew_normal__control_120_lr005_depth2_leaf50_sub1_direct,plus_ndfd_day_cos_forecast_high,40,skew_normal,control_120_lr005_depth2_leaf50_sub1_direct,1.05,test,1.8216251040727103,1.1020044797397859,0.11714495010052686,2.594389837423018,2.5461768170134946,154.0,201.0,179.0,534.0
plus_ndfd_day_cos_forecast_high__skew_normal__control_120_lr005_depth2_leaf50_sub1_direct,plus_ndfd_day_cos_forecast_high,40,skew_normal,control_120_lr005_depth2_leaf50_sub1_direct,1.08,validation,1.896325620522908,1.128321801788373,0.12215165248107929,2.5072616121506486,2.5369965220089012,138.0,184.0,154.0,476.0
plus_ndfd_day_cos_forecast_high__skew_normal__control_120_lr005_depth2_leaf50_sub1_direct,plus_ndfd_day_cos_forecast_high,40,skew_normal,control_120_lr005_depth2_leaf50_sub1_direct,1.08,test,1.826682381697462,1.1028337567547186,0.11714953504263721,2.6685152613493903,2.618924726071023,138.0,184.0,154.0,476.0
plus_ndfd_day_cos_forecast_high__skew_normal__control_120_lr005_depth2_leaf50_sub1_direct,plus_ndfd_day_cos_forecast_high,40,skew_normal,control_120_lr005_depth2_leaf50_sub1_direct,1.1,validation,1.8958413459618273,1.1274079428775547,0.1220042826816254,2.553692382746031,2.58397793908314,130.0,163.0,144.0,437.0
plus_ndfd_day_cos_forecast_high__skew_normal__control_120_lr005_depth2_leaf50_sub1_direct,plus_ndfd_day_cos_forecast_high,40,skew_normal,control_120_lr005_depth2_leaf50_sub1_direct,1.1,test,1.8308092323782816,1.1039584170730357,0.11720381563747113,2.7179322106336383,2.6674233321093754,130.0,163.0,144.0,437.0
plus_ndfd_day_cos_forecast_high__skew_normal__control_120_lr005_depth2_leaf50_sub1_direct,plus_ndfd_day_cos_forecast_high,40,skew_normal,control_120_lr005_depth2_leaf50_sub1_direct,1.12,validation,1.896134474386709,1.1269967967660286,0.12189876420406469,2.6001231533414133,2.630959356157379,136.0,152.0,136.0,424.0
plus_ndfd_day_cos_forecast_high__skew_normal__control_120_lr005_depth2_leaf50_sub1_direct,plus_ndfd_day_cos_forecast_high,40,skew_normal,control_120_lr005_depth2_leaf50_sub1_direct,1.12,test,1.835475334114486,1.1054982163592595,0.1172966093474137,2.7673491599178863,2.7159219381477278,136.0,152.0,136.0,424.0
plus_ndfd_day_cos_forecast_high__skew_normal__control_120_lr005_depth2_leaf50_sub1_direct,plus_ndfd_day_cos_forecast_high,40,skew_normal,control_120_lr005_depth2_leaf50_sub1_direct,1.15,validation,1.8978889767430023,1.1272399844807242,0.12181477505145584,2.6697693092344865,2.7014314817687373,148.0,143.0,142.0,433.0
plus_ndfd_day_cos_forecast_high__skew_normal__control_120_lr005_depth2_leaf50_sub1_direct,plus_ndfd_day_cos_forecast_high,40,skew_normal,control_120_lr005_depth2_leaf50_sub1_direct,1.15,test,1.8433777997529666,1.1085152320053142,0.11750361693901805,2.8414745838442577,2.788669847205256,148.0,143.0,142.0,433.0
plus_ndfd_day_cos_forecast_high__skew_normal__control_120_lr005_depth2_leaf50_sub1_direct,plus_ndfd_day_cos_forecast_high,40,skew_normal,control_120_lr005_depth2_leaf50_sub1_direct,1.18,validation,1.9010471066817132,1.1284131739177485,0.12181442730788598,2.73941546512756,2.7719036073800956,169.0,142.0,155.0,466.0
plus_ndfd_day_cos_forecast_high__skew_normal__control_120_lr005_depth2_leaf50_sub1_direct,plus_ndfd_day_cos_forecast_high,40,skew_normal,control_120_lr005_depth2_leaf50_sub1_direct,1.18,test,1.8522331792981253,1.112293489770638,0.11778627678683248,2.9156000077706294,2.8614177562627843,169.0,142.0,155.0,466.0
plus_ndfd_day_cos_forecast_high__skew_normal__control_120_lr005_depth2_leaf50_sub1_direct,plus_ndfd_day_cos_forecast_high,40,skew_normal,control_120_lr005_depth2_leaf50_sub1_direct,1.2,validation,1.9038461738066665,1.1296610321100802,0.12185773148727737,2.7858462357229428,2.8188850244543344,184.0,146.0,167.0,497.0
plus_ndfd_day_cos_forecast_high__skew_normal__control_120_lr005_depth2_leaf50_sub1_direct,plus_ndfd_day_cos_forecast_high,40,skew_normal,control_120_lr005_depth2_leaf50_sub1_direct,1.2,test,1.8586015164648149,1.115191504544629,0.11801372285971634,2.9650169570548783,2.9099163623011366,184.0,146.0,167.0,497.0
plus_ndfd_day_cos_forecast_high__skew_normal__control_120_lr005_depth2_leaf50_sub1_direct,plus_ndfd_day_cos_forecast_high,40,skew_normal,control_120_lr005_depth2_leaf50_sub1_direct,1.25,validation,1.9129462295377937,1.1342157650641298,0.12210624896771652,2.9019231622113986,2.9363385671399316,223.0,178.0,205.0,606.0
plus_ndfd_day_cos_forecast_high__skew_normal__control_120_lr005_depth2_leaf50_sub1_direct,plus_ndfd_day_cos_forecast_high,40,skew_normal,control_120_lr005_depth2_leaf50_sub1_direct,1.25,test,1.8759057844459688,1.1235964104005651,0.11870649683269534,3.0885593302654986,3.0311628773970174,223.0,178.0,205.0,606.0
plus_ndfd_day_cos_forecast_high__skew_normal__control_120_lr005_depth2_leaf50_sub1_direct,plus_ndfd_day_cos_forecast_high,40,skew_normal,control_120_lr005_depth2_leaf50_sub1_direct,1.3,validation,1.9245766952681314,1.1405328978713853,0.1225357126210463,3.0180000886998544,3.053792109825529,243.0,208.0,232.0,683.0
plus_ndfd_day_cos_forecast_high__skew_normal__control_120_lr005_depth2_leaf50_sub1_direct,plus_ndfd_day_cos_forecast_high,40,skew_normal,control_120_lr005_depth2_leaf50_sub1_direct,1.3,test,1.894834551177793,1.1334118169139784,0.11955705492180221,3.2121017034761175,3.152409392492898,243.0,208.0,232.0,683.0
plus_ndfd_day_cos_forecast_high__skew_normal__quick_100_lr006_depth2_leaf50_sub1_direct,plus_ndfd_day_cos_forecast_high,40,skew_normal,quick_100_lr006_depth2_leaf50_sub1_direct,0.9,validation,1.956740028479109,1.171288087846509,0.12591410542073828,2.0694555690423577,2.1154812539979297,269.0,271.0,270.0,810.0
plus_ndfd_day_cos_forecast_high__skew_normal__quick_100_lr006_depth2_leaf50_sub1_direct,plus_ndfd_day_cos_forecast_high,40,skew_normal,quick_100_lr006_depth2_leaf50_sub1_direct,0.9,test,1.8204120523933598,1.1177443429324765,0.11879967319614755,2.181719207757679,2.1567342591791454,269.0,271.0,270.0,810.0
plus_ndfd_day_cos_forecast_high__skew_normal__quick_100_lr006_depth2_leaf50_sub1_direct,plus_ndfd_day_cos_forecast_high,40,skew_normal,quick_100_lr006_depth2_leaf50_sub1_direct,0.95,validation,1.9284685367274386,1.1526080083738695,0.12445948937737787,2.1844253228780444,2.233007990331148,248.0,254.0,251.0,753.0
plus_ndfd_day_cos_forecast_high__skew_normal__quick_100_lr006_depth2_leaf50_sub1_direct,plus_ndfd_day_cos_forecast_high,40,skew_normal,quick_100_lr006_depth2_leaf50_sub1_direct,0.95,test,1.810601127733801,1.1064534257682543,0.11781581403365297,2.302925830410883,2.276552829133542,248.0,254.0,251.0,753.0
plus_ndfd_day_cos_forecast_high__skew_normal__quick_100_lr006_depth2_leaf50_sub1_direct,plus_ndfd_day_cos_forecast_high,40,skew_normal,quick_100_lr006_depth2_leaf50_sub1_direct,1.0,validation,1.9102184686791635,1.1398821285322573,0.12336219023158006,2.2993950767137306,2.350534726664366,212.0,236.0,229.0,677.0
plus_ndfd_day_cos_forecast_high__skew_normal__quick_100_lr006_depth2_leaf50_sub1_direct,plus_ndfd_day_cos_forecast_high,40,skew_normal,quick_100_lr006_depth2_leaf50_sub1_direct,1.0,test,1.8081720320255024,1.100200673250959,0.11718656256064167,2.4241324530640878,2.3963713990879394,212.0,236.0,229.0,677.0
plus_ndfd_day_cos_forecast_high__skew_normal__quick_100_lr006_depth2_leaf50_sub1_direct,plus_ndfd_day_cos_forecast_high,40,skew_normal,quick_100_lr006_depth2_leaf50_sub1_direct,1.03,validation,1.9031792038389097,1.1346212290515922,0.12286062266923348,2.3683769290151426,2.4210507684642972,182.0,224.0,208.0,614.0
plus_ndfd_day_cos_forecast_high__skew_normal__quick_100_lr006_depth2_leaf50_sub1_direct,plus_ndfd_day_cos_forecast_high,40,skew_normal,quick_100_lr006_depth2_leaf50_sub1_direct,1.03,test,1.8095642586426572,1.0984511618098272,0.11696232562797337,2.4968564266560103,2.468262541060578,182.0,224.0,208.0,614.0
plus_ndfd_day_cos_forecast_high__skew_normal__quick_100_lr006_depth2_leaf50_sub1_direct,plus_ndfd_day_cos_forecast_high,40,skew_normal,quick_100_lr006_depth2_leaf50_sub1_direct,1.05,validation,1.8998802749668178,1.1319745085357464,0.12258708839477375,2.4143648305494176,2.4680614629975843,161.0,211.0,191.0,563.0
plus_ndfd_day_cos_forecast_high__skew_normal__quick_100_lr006_depth2_leaf50_sub1_direct,plus_ndfd_day_cos_forecast_high,40,skew_normal,quick_100_lr006_depth2_leaf50_sub1_direct,1.05,test,1.8114986813831124,1.0980079922921466,0.11687168134051162,2.5453390757172922,2.516189969042337,161.0,211.0,191.0,563.0
plus_ndfd_day_cos_forecast_high__skew_normal__quick_100_lr006_depth2_leaf50_sub1_direct,plus_ndfd_day_cos_forecast_high,40,skew_normal,quick_100_lr006_depth2_leaf50_sub1_direct,1.08,validation,1.8967838898576086,1.129162595972598,0.12226289669724863,2.483346682850829,2.5385775047975154,140.0,193.0,163.0,496.0
plus_ndfd_day_cos_forecast_high__skew_normal__quick_100_lr006_depth2_leaf50_sub1_direct,plus_ndfd_day_cos_forecast_high,40,skew_normal,quick_100_lr006_depth2_leaf50_sub1_direct,1.08,test,1.8157266110499595,1.098313641111903,0.11681831494573587,2.6180630493092147,2.588081111014975,140.0,193.0,163.0,496.0
plus_ndfd_day_cos_forecast_high__skew_normal__quick_100_lr006_depth2_leaf50_sub1_direct,plus_ndfd_day_cos_forecast_high,40,skew_normal,quick_100_lr006_depth2_leaf50_sub1_direct,1.1,validation,1.8958313901148078,1.127991076814775,0.12210127523814529,2.529334584385104,2.585588199330803,129.0,177.0,151.0,457.0
plus_ndfd_day_cos_forecast_high__skew_normal__quick_100_lr006_depth2_leaf50_sub1_direct,plus_ndfd_day_cos_forecast_high,40,skew_normal,quick_100_lr006_depth2_leaf50_sub1_direct,1.1,test,1.8193354126920052,1.099104827485454,0.11683465294284534,2.6665456983704963,2.6360085389967334,129.0,177.0,151.0,457.0
plus_ndfd_day_cos_forecast_high__skew_normal__quick_100_lr006_depth2_leaf50_sub1_direct,plus_ndfd_day_cos_forecast_high,40,skew_normal,quick_100_lr006_depth2_leaf50_sub1_direct,1.12,validation,1.895680250403108,1.1273320990074056,0.12198101646513841,2.5753224859193784,2.6325988938640905,128.0,160.0,143.0,431.0
plus_ndfd_day_cos_forecast_high__skew_normal__quick_100_lr006_depth2_leaf50_sub1_direct,plus_ndfd_day_cos_forecast_high,40,skew_normal,quick_100_lr006_depth2_leaf50_sub1_direct,1.12,test,1.8235091574618112,1.1003228950241457,0.11689011036298033,2.7150283474317782,2.6839359669784923,128.0,160.0,143.0,431.0
plus_ndfd_day_cos_forecast_high__skew_normal__quick_100_lr006_depth2_leaf50_sub1_direct,plus_ndfd_day_cos_forecast_high,40,skew_normal,quick_100_lr006_depth2_leaf50_sub1_direct,1.15,validation,1.8968097219456639,1.1272207468843842,0.12187413996985122,2.64430433822079,2.7031149356640207,141.0,148.0,139.0,428.0
plus_ndfd_day_cos_forecast_high__skew_normal__quick_100_lr006_depth2_leaf50_sub1_direct,plus_ndfd_day_cos_forecast_high,40,skew_normal,quick_100_lr006_depth2_leaf50_sub1_direct,1.15,test,1.8307175971950655,1.102878053503282,0.11704233599664104,2.7877523210237007,2.75582710895113,141.0,148.0,139.0,428.0
plus_ndfd_day_cos_forecast_high__skew_normal__quick_100_lr006_depth2_leaf50_sub1_direct,plus_ndfd_day_cos_forecast_high,40,skew_normal,quick_100_lr006_depth2_leaf50_sub1_direct,1.18,validation,1.8993881121693656,1.128058537646733,0.12185015081140134,2.7132861905222017,2.773630977463952,159.0,145.0,152.0,456.0
plus_ndfd_day_cos_forecast_high__skew_normal__quick_100_lr006_depth2_leaf50_sub1_direct,plus_ndfd_day_cos_forecast_high,40,skew_normal,quick_100_lr006_depth2_leaf50_sub1_direct,1.18,test,1.8389278599491459,1.106217742650827,0.1172717807899724,2.860476294615623,2.8277182509237684,159.0,145.0,152.0,456.0
plus_ndfd_day_cos_forecast_high__skew_normal__quick_100_lr006_depth2_leaf50_sub1_direct,plus_ndfd_day_cos_forecast_high,40,skew_normal,quick_100_lr006_depth2_leaf50_sub1_direct,1.2,validation,1.9018236786247689,1.129092674223234,0.12187736703310922,2.7592740920564767,2.8206416719972394,173.0,149.0,162.0,484.0
plus_ndfd_day_cos_forecast_high__skew_normal__quick_100_lr006_depth2_leaf50_sub1_direct,plus_ndfd_day_cos_forecast_high,40,skew_normal,quick_100_lr006_depth2_leaf50_sub1_direct,1.2,test,1.8448910442172894,1.1088355019342808,0.11746466706219327,2.9089589436769048,2.875645678905527,173.0,149.0,162.0,484.0
plus_ndfd_day_cos_forecast_high__skew_normal__quick_100_lr006_depth2_leaf50_sub1_direct,plus_ndfd_day_cos_forecast_high,40,skew_normal,quick_100_lr006_depth2_leaf50_sub1_direct,1.25,validation,1.910087183187264,1.1331447614182535,0.12208488261057368,2.8742438458921633,2.9381684083304576,211.0,174.0,201.0,586.0
plus_ndfd_day_cos_forecast_high__skew_normal__quick_100_lr006_depth2_leaf50_sub1_direct,plus_ndfd_day_cos_forecast_high,40,skew_normal,quick_100_lr006_depth2_leaf50_sub1_direct,1.25,test,1.8612610758875452,1.1165790069157189,0.11807440600827426,3.0301655663301093,2.995464248859924,211.0,174.0,201.0,586.0
plus_ndfd_day_cos_forecast_high__skew_normal__quick_100_lr006_depth2_leaf50_sub1_direct,plus_ndfd_day_cos_forecast_high,40,skew_normal,quick_100_lr006_depth2_leaf50_sub1_direct,1.3,validation,1.9209720682079845,1.13900013621245,0.12247277331176995,2.98921359972785,3.055695144663676,238.0,203.0,225.0,666.0
plus_ndfd_day_cos_forecast_high__skew_normal__quick_100_lr006_depth2_leaf50_sub1_direct,plus_ndfd_day_cos_forecast_high,40,skew_normal,quick_100_lr006_depth2_leaf50_sub1_direct,1.3,test,1.8793552716509683,1.125784212341521,0.11884691682777278,3.1513721889833137,3.1152828188143213,238.0,203.0,225.0,666.0
plus_ndfd_day_cos_forecast_high__skew_normal__regularized_160_lr004_depth2_leaf75_sub1_direct,plus_ndfd_day_cos_forecast_high,40,skew_normal,regularized_160_lr004_depth2_leaf75_sub1_direct,0.9,validation,1.9340878755491797,1.1570780013480153,0.12447658368031586,2.033610552628594,2.0750983468054294,256.0,255.0,256.0,767.0
plus_ndfd_day_cos_forecast_high__skew_normal__regularized_160_lr004_depth2_leaf75_sub1_direct,plus_ndfd_day_cos_forecast_high,40,skew_normal,regularized_160_lr004_depth2_leaf75_sub1_direct,0.9,test,1.812705445362924,1.1102014295313867,0.11783676016014792,2.165773173623524,2.135492897672698,256.0,255.0,256.0,767.0
plus_ndfd_day_cos_forecast_high__skew_normal__regularized_160_lr004_depth2_leaf75_sub1_direct,plus_ndfd_day_cos_forecast_high,40,skew_normal,regularized_160_lr004_depth2_leaf75_sub1_direct,0.95,validation,1.9061695586812024,1.138556342095131,0.12304072474557692,2.1465889166635153,2.1903815882946196,199.0,228.0,223.0,650.0
plus_ndfd_day_cos_forecast_high__skew_normal__regularized_160_lr004_depth2_leaf75_sub1_direct,plus_ndfd_day_cos_forecast_high,40,skew_normal,regularized_160_lr004_depth2_leaf75_sub1_direct,0.95,test,1.8027124539812602,1.0990126887645517,0.11688857775115571,2.286093905491497,2.254131391987848,199.0,228.0,223.0,650.0
plus_ndfd_day_cos_forecast_high__skew_normal__regularized_160_lr004_depth2_leaf75_sub1_direct,plus_ndfd_day_cos_forecast_high,40,skew_normal,regularized_160_lr004_depth2_leaf75_sub1_direct,1.0,validation,1.8882096303692442,1.125925873632167,0.12195993575014843,2.2595672806984375,2.3056648297838107,78.0,155.0,124.0,357.0
plus_ndfd_day_cos_forecast_high__skew_normal__regularized_160_lr004_depth2_leaf75_sub1_direct,plus_ndfd_day_cos_forecast_high,40,skew_normal,regularized_160_lr004_depth2_leaf75_sub1_direct,1.0,test,1.8001168136559054,1.092799052714101,0.11628661124819631,2.4064146373594713,2.372769886302998,78.0,155.0,124.0,357.0
plus_ndfd_day_cos_forecast_high__skew_normal__regularized_160_lr004_depth2_leaf75_sub1_direct,plus_ndfd_day_cos_forecast_high,40,skew_normal,regularized_160_lr004_depth2_leaf75_sub1_direct,1.03,validation,1.8813193778458601,1.1206979458634758,0.12146714149534295,2.3273542991193907,2.374834774677325,51.0,108.0,69.0,228.0
plus_ndfd_day_cos_forecast_high__skew_normal__regularized_160_lr004_depth2_leaf75_sub1_direct,plus_ndfd_day_cos_forecast_high,40,skew_normal,regularized_160_lr004_depth2_leaf75_sub1_direct,1.03,test,1.801415169953772,1.091048964307891,0.11607508684718079,2.4786070764802552,2.443952982892088,51.0,108.0,69.0,228.0
plus_ndfd_day_cos_forecast_high__skew_normal__regularized_160_lr004_depth2_leaf75_sub1_direct,plus_ndfd_day_cos_forecast_high,40,skew_normal,regularized_160_lr004_depth2_leaf75_sub1_direct,1.05,validation,1.8781107220864568,1.1180646685651323,0.12119896479937516,2.37254564473336,2.420948071273001,38.0,73.0,50.0,161.0
plus_ndfd_day_cos_forecast_high__skew_normal__regularized_160_lr004_depth2_leaf75_sub1_direct,plus_ndfd_day_cos_forecast_high,40,skew_normal,regularized_160_lr004_depth2_leaf75_sub1_direct,1.05,test,1.8032891847468633,1.0905970492906472,0.11599150662318895,2.5267353692274446,2.491408380618148,38.0,73.0,50.0,161.0
plus_ndfd_day_cos_forecast_high__skew_normal__regularized_160_lr004_depth2_leaf75_sub1_direct,plus_ndfd_day_cos_forecast_high,40,skew_normal,regularized_160_lr004_depth2_leaf75_sub1_direct,1.08,validation,1.8751375582478003,1.1152617181255173,0.12088205301671169,2.440332663154313,2.4901180161665155,25.0,51.0,34.0,110.0
plus_ndfd_day_cos_forecast_high__skew_normal__regularized_160_lr004_depth2_leaf75_sub1_direct,plus_ndfd_day_cos_forecast_high,40,skew_normal,regularized_160_lr004_depth2_leaf75_sub1_direct,1.08,test,1.8074294176660866,1.0908787358401482,0.11594675263409679,2.5989278083482286,2.562591477207238,25.0,51.0,34.0,110.0
plus_ndfd_day_cos_forecast_high__skew_normal__regularized_160_lr004_depth2_leaf75_sub1_direct,plus_ndfd_day_cos_forecast_high,40,skew_normal,regularized_160_lr004_depth2_leaf75_sub1_direct,1.1,validation,1.8742598145659766,1.1140895310599188,0.12072477210692387,2.485524008768282,2.5362313127621916,22.0,38.0,23.0,83.0
plus_ndfd_day_cos_forecast_high__skew_normal__regularized_160_lr004_depth2_leaf75_sub1_direct,plus_ndfd_day_cos_forecast_high,40,skew_normal,regularized_160_lr004_depth2_leaf75_sub1_direct,1.1,test,1.8109815269049079,1.091647594362145,0.11596758606931859,2.647056101095419,2.610046874933298,22.0,38.0,23.0,83.0
plus_ndfd_day_cos_forecast_high__skew_normal__regularized_160_lr004_depth2_leaf75_sub1_direct,plus_ndfd_day_cos_forecast_high,40,skew_normal,regularized_160_lr004_depth2_leaf75_sub1_direct,1.12,validation,1.8741780475929348,1.113425162144351,0.1206084395452662,2.5307153543822505,2.582344609357868,21.0,26.0,14.0,61.0
plus_ndfd_day_cos_forecast_high__skew_normal__regularized_160_lr004_depth2_leaf75_sub1_direct,plus_ndfd_day_cos_forecast_high,40,skew_normal,regularized_160_lr004_depth2_leaf75_sub1_direct,1.12,test,1.8150998776679212,1.0928388797999489,0.11602660227347812,2.6951843938426077,2.6575022726593582,21.0,26.0,14.0,61.0
plus_ndfd_day_cos_forecast_high__skew_normal__regularized_160_lr004_depth2_leaf75_sub1_direct,plus_ndfd_day_cos_forecast_high,40,skew_normal,regularized_160_lr004_depth2_leaf75_sub1_direct,1.15,validation,1.8754023723227058,1.1132978472521808,0.12050667357869731,2.5985023728032033,2.651514554251382,28.0,15.0,13.0,56.0
plus_ndfd_day_cos_forecast_high__skew_normal__regularized_160_lr004_depth2_leaf75_sub1_direct,plus_ndfd_day_cos_forecast_high,40,skew_normal,regularized_160_lr004_depth2_leaf75_sub1_direct,1.15,test,1.8222274690686426,1.0953465558819944,0.11618252125325845,2.767376832963391,2.7286853692484474,28.0,15.0,13.0,56.0
plus_ndfd_day_cos_forecast_high__skew_normal__regularized_160_lr004_depth2_leaf75_sub1_direct,plus_ndfd_day_cos_forecast_high,40,skew_normal,regularized_160_lr004_depth2_leaf75_sub1_direct,1.18,validation,1.8780656593197158,1.1141114143796154,0.1204868660974241,2.6662893912241565,2.7206844991448964,37.0,11.0,24.0,72.0
plus_ndfd_day_cos_forecast_high__skew_normal__regularized_160_lr004_depth2_leaf75_sub1_direct,plus_ndfd_day_cos_forecast_high,40,skew_normal,regularized_160_lr004_depth2_leaf75_sub1_direct,1.18,test,1.830359348660677,1.0986312575503896,0.11641383587147006,2.839569272084175,2.7998684658375375,37.0,11.0,24.0,72.0
plus_ndfd_day_cos_forecast_high__skew_normal__regularized_160_lr004_depth2_leaf75_sub1_direct,plus_ndfd_day_cos_forecast_high,40,skew_normal,regularized_160_lr004_depth2_leaf75_sub1_direct,1.2,validation,1.880552835699108,1.1151253986206613,0.12051636176559796,2.711480736838125,2.7667977957405725,50.0,18.0,31.0,99.0
plus_ndfd_day_cos_forecast_high__skew_normal__regularized_160_lr004_depth2_leaf75_sub1_direct,plus_ndfd_day_cos_forecast_high,40,skew_normal,regularized_160_lr004_depth2_leaf75_sub1_direct,1.2,test,1.8362715391157893,1.1012088114207064,0.1166070375200832,2.8876975648313645,2.847323863563598,50.0,18.0,31.0,99.0
plus_ndfd_day_cos_forecast_high__skew_normal__regularized_160_lr004_depth2_leaf75_sub1_direct,plus_ndfd_day_cos_forecast_high,40,skew_normal,regularized_160_lr004_depth2_leaf75_sub1_direct,1.25,validation,1.8889299773828938,1.1191152908862891,0.12072785435356252,2.8244591008730473,2.882081037229763,84.0,39.0,57.0,180.0
plus_ndfd_day_cos_forecast_high__skew_normal__regularized_160_lr004_depth2_leaf75_sub1_direct,plus_ndfd_day_cos_forecast_high,40,skew_normal,regularized_160_lr004_depth2_leaf75_sub1_direct,1.25,test,1.8525181130997892,1.108841712692001,0.1172146532967843,3.0080182966993387,2.9659623578787473,84.0,39.0,57.0,180.0
plus_ndfd_day_cos_forecast_high__skew_normal__regularized_160_lr004_depth2_leaf75_sub1_direct,plus_ndfd_day_cos_forecast_high,40,skew_normal,regularized_160_lr004_depth2_leaf75_sub1_direct,1.3,validation,1.899909553041704,1.1248947553058057,0.12111740224426593,2.9374374649079686,2.997364278718954,162.0,70.0,110.0,342.0
plus_ndfd_day_cos_forecast_high__skew_normal__regularized_160_lr004_depth2_leaf75_sub1_direct,plus_ndfd_day_cos_forecast_high,40,skew_normal,regularized_160_lr004_depth2_leaf75_sub1_direct,1.3,test,1.8704940686365796,1.1179252227439131,0.11798145158556665,3.1283390285673125,3.0846008521938977,162.0,70.0,110.0,342.0
plus_ndfd_day_cos_forecast_high__skew_normal__stump_160_lr004_depth1_leaf50_sub1_direct,plus_ndfd_day_cos_forecast_high,40,skew_normal,stump_160_lr004_depth1_leaf50_sub1_direct,0.9,validation,2.016712422028378,1.2153114450199176,0.1295891556291942,2.2876848944225516,2.3764984105991585,352.0,358.0,353.0,1063.0
plus_ndfd_day_cos_forecast_high__skew_normal__stump_160_lr004_depth1_leaf50_sub1_direct,plus_ndfd_day_cos_forecast_high,40,skew_normal,stump_160_lr004_depth1_leaf50_sub1_direct,0.9,test,1.8936400521322896,1.1599124254875361,0.1224500008724539,2.4262851273968917,2.4439043092642314,352.0,358.0,353.0,1063.0
plus_ndfd_day_cos_forecast_high__skew_normal__stump_160_lr004_depth1_leaf50_sub1_direct,plus_ndfd_day_cos_forecast_high,40,skew_normal,stump_160_lr004_depth1_leaf50_sub1_direct,0.95,validation,1.9985003134152626,1.2029808852990964,0.1286258080152339,2.414778499668248,2.5085261000768893,331.0,342.0,333.0,1006.0
plus_ndfd_day_cos_forecast_high__skew_normal__stump_160_lr004_depth1_leaf50_sub1_direct,plus_ndfd_day_cos_forecast_high,40,skew_normal,stump_160_lr004_depth1_leaf50_sub1_direct,0.95,test,1.89318510429078,1.1557384765326981,0.12205651810472977,2.5610787455856077,2.5796767708900217,331.0,342.0,333.0,1006.0
plus_ndfd_day_cos_forecast_high__skew_normal__stump_160_lr004_depth1_leaf50_sub1_direct,plus_ndfd_day_cos_forecast_high,40,skew_normal,stump_160_lr004_depth1_leaf50_sub1_direct,1.0,validation,1.9889347289410482,1.1961670143299805,0.12800992984315507,2.541872104913946,2.6405537895546205,305.0,314.0,300.0,919.0
plus_ndfd_day_cos_forecast_high__skew_normal__stump_160_lr004_depth1_leaf50_sub1_direct,plus_ndfd_day_cos_forecast_high,40,skew_normal,stump_160_lr004_depth1_leaf50_sub1_direct,1.0,test,1.8988657495326284,1.1560641228747581,0.1220028515732565,2.695872363774324,2.7154492325158124,305.0,314.0,300.0,919.0
plus_ndfd_day_cos_forecast_high__skew_normal__stump_160_lr004_depth1_leaf50_sub1_direct,plus_ndfd_day_cos_forecast_high,40,skew_normal,stump_160_lr004_depth1_leaf50_sub1_direct,1.03,validation,1.9865492481611977,1.1942588848727425,0.12778946292418927,2.6181282680613647,2.719770403241259,297.0,300.0,294.0,891.0
plus_ndfd_day_cos_forecast_high__skew_normal__stump_160_lr004_depth1_leaf50_sub1_direct,plus_ndfd_day_cos_forecast_high,40,skew_normal,stump_160_lr004_depth1_leaf50_sub1_direct,1.03,test,1.9046176379001973,1.1580246758090784,0.12211356590506087,2.776748534687554,2.796912709491287,297.0,300.0,294.0,891.0
plus_ndfd_day_cos_forecast_high__skew_normal__stump_160_lr004_depth1_leaf50_sub1_direct,plus_ndfd_day_cos_forecast_high,40,skew_normal,stump_160_lr004_depth1_leaf50_sub1_direct,1.05,validation,1.9861481133164336,1.1937708125579976,0.12769942945033436,2.668965710159643,2.7725814790323517,295.0,295.0,292.0,882.0
plus_ndfd_day_cos_forecast_high__skew_normal__stump_160_lr004_depth1_leaf50_sub1_direct,plus_ndfd_day_cos_forecast_high,40,skew_normal,stump_160_lr004_depth1_leaf50_sub1_direct,1.05,test,1.909272003149414,1.1599623258188723,0.12224113025108614,2.83066598196304,2.851221694141603,295.0,295.0,292.0,882.0
plus_ndfd_day_cos_forecast_high__skew_normal__stump_160_lr004_depth1_leaf50_sub1_direct,plus_ndfd_day_cos_forecast_high,40,skew_normal,stump_160_lr004_depth1_leaf50_sub1_direct,1.08,validation,1.987119350802472,1.194087025568223,0.12764407164171288,2.7452218733070617,2.8517980927189903,301.0,291.0,293.0,885.0
plus_ndfd_day_cos_forecast_high__skew_normal__stump_160_lr004_depth1_leaf50_sub1_direct,plus_ndfd_day_cos_forecast_high,40,skew_normal,stump_160_lr004_depth1_leaf50_sub1_direct,1.08,test,1.9173251613804307,1.1637071701776787,0.1225067708909801,2.9115421528762697,2.9326851711170776,301.0,291.0,293.0,885.0
plus_ndfd_day_cos_forecast_high__skew_normal__stump_160_lr004_depth1_leaf50_sub1_direct,plus_ndfd_day_cos_forecast_high,40,skew_normal,stump_160_lr004_depth1_leaf50_sub1_direct,1.1,validation,1.9887071166965085,1.1949304163125947,0.12765714664547712,2.796059315405341,2.904609168510083,304.0,293.0,297.0,894.0
plus_ndfd_day_cos_forecast_high__skew_normal__stump_160_lr004_depth1_leaf50_sub1_direct,plus_ndfd_day_cos_forecast_high,40,skew_normal,stump_160_lr004_depth1_leaf50_sub1_direct,1.1,test,1.9233273566294424,1.166706857979928,0.12272994305322923,2.9654596001517564,2.986994155767394,304.0,293.0,297.0,894.0
plus_ndfd_day_cos_forecast_high__skew_normal__stump_160_lr004_depth1_leaf50_sub1_direct,plus_ndfd_day_cos_forecast_high,40,skew_normal,stump_160_lr004_depth1_leaf50_sub1_direct,1.12,validation,1.990969586289972,1.1962320166981237,0.12770781471188714,2.84689675750362,2.9574202443011752,310.0,296.0,301.0,907.0
plus_ndfd_day_cos_forecast_high__skew_normal__stump_160_lr004_depth1_leaf50_sub1_direct,plus_ndfd_day_cos_forecast_high,40,skew_normal,stump_160_lr004_depth1_leaf50_sub1_direct,1.12,test,1.9297785157233809,1.17006881566684,0.12298738028952509,3.019377047427243,3.04130314041771,310.0,296.0,301.0,907.0
plus_ndfd_day_cos_forecast_high__skew_normal__stump_160_lr004_depth1_leaf50_sub1_direct,plus_ndfd_day_cos_forecast_high,40,skew_normal,stump_160_lr004_depth1_leaf50_sub1_direct,1.15,validation,1.995499690510214,1.1989633517154243,0.12785006723495204,2.9231529206510376,3.0366368579878134,325.0,302.0,318.0,945.0
plus_ndfd_day_cos_forecast_high__skew_normal__stump_160_lr004_depth1_leaf50_sub1_direct,plus_ndfd_day_cos_forecast_high,40,skew_normal,stump_160_lr004_depth1_leaf50_sub1_direct,1.15,test,1.9402014731094208,1.1757236639266806,0.12343322709389024,3.100253218340472,3.122766617393184,325.0,302.0,318.0,945.0
plus_ndfd_day_cos_forecast_high__skew_normal__stump_160_lr004_depth1_leaf50_sub1_direct,plus_ndfd_day_cos_forecast_high,40,skew_normal,stump_160_lr004_depth1_leaf50_sub1_direct,1.18,validation,2.001236811968429,1.2025308336495244,0.12806632466149112,2.9994090837984566,3.115853471674452,336.0,319.0,331.0,986.0
plus_ndfd_day_cos_forecast_high__skew_normal__stump_160_lr004_depth1_leaf50_sub1_direct,plus_ndfd_day_cos_forecast_high,40,skew_normal,stump_160_lr004_depth1_leaf50_sub1_direct,1.18,test,1.9514039066330249,1.1820301561121802,0.12394485325829963,3.181129389253702,3.2042300943686586,336.0,319.0,331.0,986.0
plus_ndfd_day_cos_forecast_high__skew_normal__stump_160_lr004_depth1_leaf50_sub1_direct,plus_ndfd_day_cos_forecast_high,40,skew_normal,stump_160_lr004_depth1_leaf50_sub1_direct,1.2,validation,2.0056547467046304,1.205324543381066,0.1282487211444729,3.050246525896735,3.1686645474655446,342.0,330.0,339.0,1011.0
plus_ndfd_day_cos_forecast_high__skew_normal__stump_160_lr004_depth1_leaf50_sub1_direct,plus_ndfd_day_cos_forecast_high,40,skew_normal,stump_160_lr004_depth1_leaf50_sub1_direct,1.2,test,1.9592481591997448,1.186555372511933,0.12431943825518335,3.2350468365291887,3.2585390790189748,342.0,330.0,339.0,1011.0
plus_ndfd_day_cos_forecast_high__skew_normal__stump_160_lr004_depth1_leaf50_sub1_direct,plus_ndfd_day_cos_forecast_high,40,skew_normal,stump_160_lr004_depth1_leaf50_sub1_direct,1.25,validation,2.0184841029678857,1.2135753321896274,0.12882672904361964,3.1773401311424325,3.3006922369432754,353.0,347.0,350.0,1050.0
plus_ndfd_day_cos_forecast_high__skew_normal__stump_160_lr004_depth1_leaf50_sub1_direct,plus_ndfd_day_cos_forecast_high,40,skew_normal,stump_160_lr004_depth1_leaf50_sub1_direct,1.25,test,1.9799606121735829,1.198835032219402,0.12536092401330223,3.369840454717905,3.3943115406447655,353.0,347.0,350.0,1050.0
plus_ndfd_day_cos_forecast_high__skew_normal__stump_160_lr004_depth1_leaf50_sub1_direct,plus_ndfd_day_cos_forecast_high,40,skew_normal,stump_160_lr004_depth1_leaf50_sub1_direct,1.3,validation,2.033439942287629,1.223360308096841,0.12956045741852082,3.30443373638813,3.4327199264210067,362.0,356.0,361.0,1079.0
plus_ndfd_day_cos_forecast_high__skew_normal__stump_160_lr004_depth1_leaf50_sub1_direct,plus_ndfd_day_cos_forecast_high,40,skew_normal,stump_160_lr004_depth1_leaf50_sub1_direct,1.3,test,2.001938677624767,1.2122664230997777,0.12653343439202377,3.504634072906621,3.530084002270556,362.0,356.0,361.0,1079.0
plus_ndfd_temp_range__skew_normal__control_120_lr005_depth2_leaf50_sub1_direct,plus_ndfd_temp_range,39,skew_normal,control_120_lr005_depth2_leaf50_sub1_direct,0.9,validation,1.9404166814325454,1.1604888667384055,0.12491178065056505,2.086386223606778,2.125063475210177,261.0,261.0,261.0,783.0
plus_ndfd_temp_range__skew_normal__control_120_lr005_depth2_leaf50_sub1_direct,plus_ndfd_temp_range,39,skew_normal,control_120_lr005_depth2_leaf50_sub1_direct,0.9,test,1.8308198193320773,1.119550366178396,0.1185955210242565,2.219428656956225,2.1647617839423696,261.0,261.0,261.0,783.0
plus_ndfd_temp_range__skew_normal__control_120_lr005_depth2_leaf50_sub1_direct,plus_ndfd_temp_range,39,skew_normal,control_120_lr005_depth2_leaf50_sub1_direct,0.95,validation,1.9148385697675987,1.143335396069336,0.12352424048761393,2.2022965693627103,2.2431225571662976,229.0,241.0,239.0,709.0
plus_ndfd_temp_range__skew_normal__control_120_lr005_depth2_leaf50_sub1_direct,plus_ndfd_temp_range,39,skew_normal,control_120_lr005_depth2_leaf50_sub1_direct,0.95,test,1.8220248138174562,1.109104134463092,0.11772087056462648,2.3427302490093482,2.285026327494723,229.0,241.0,239.0,709.0
plus_ndfd_temp_range__skew_normal__control_120_lr005_depth2_leaf50_sub1_direct,plus_ndfd_temp_range,39,skew_normal,control_120_lr005_depth2_leaf50_sub1_direct,1.0,validation,1.898895828141852,1.131948484319275,0.12249877284839092,2.3182069151186426,2.361181639122419,156.0,206.0,190.0,552.0
plus_ndfd_temp_range__skew_normal__control_120_lr005_depth2_leaf50_sub1_direct,plus_ndfd_temp_range,39,skew_normal,control_120_lr005_depth2_leaf50_sub1_direct,1.0,test,1.8204709934155272,1.103600038013695,0.11719680358907858,2.466031841062472,2.405290871047077,156.0,206.0,190.0,552.0
plus_ndfd_temp_range__skew_normal__control_120_lr005_depth2_leaf50_sub1_direct,plus_ndfd_temp_range,39,skew_normal,control_120_lr005_depth2_leaf50_sub1_direct,1.03,validation,1.8930861514966388,1.1274146651310113,0.12204173686414883,2.387753122572202,2.4320170882960914,107.0,167.0,145.0,419.0
plus_ndfd_temp_range__skew_normal__control_120_lr005_depth2_leaf50_sub1_direct,plus_ndfd_temp_range,39,skew_normal,control_120_lr005_depth2_leaf50_sub1_direct,1.03,test,1.8223314995424105,1.1022601721930017,0.11703328060986458,2.5400127962943464,2.47744959717849,107.0,167.0,145.0,419.0
plus_ndfd_temp_range__skew_normal__control_120_lr005_depth2_leaf50_sub1_direct,plus_ndfd_temp_range,39,skew_normal,control_120_lr005_depth2_leaf50_sub1_direct,1.05,validation,1.8905504806225726,1.1252245172440285,0.12179824517245796,2.434117260874575,2.47924072107854,88.0,141.0,118.0,347.0
plus_ndfd_temp_range__skew_normal__control_120_lr005_depth2_leaf50_sub1_direct,plus_ndfd_temp_range,39,skew_normal,control_120_lr005_depth2_leaf50_sub1_direct,1.05,test,1.824557209637733,1.1020753851931715,0.11698199925721864,2.589333433115596,2.525555414599431,88.0,141.0,118.0,347.0
plus_ndfd_temp_range__skew_normal__control_120_lr005_depth2_leaf50_sub1_direct,plus_ndfd_temp_range,39,skew_normal,control_120_lr005_depth2_leaf50_sub1_direct,1.08,validation,1.8885224760703536,1.1230589736215288,0.12151939316017255,2.5036634683281345,2.5500761702522126,80.0,116.0,92.0,288.0
plus_ndfd_temp_range__skew_normal__control_120_lr005_depth2_leaf50_sub1_direct,plus_ndfd_temp_range,39,skew_normal,control_120_lr005_depth2_leaf50_sub1_direct,1.08,test,1.8291935862754025,1.1027483643635965,0.11698590167884988,2.6633143883474704,2.5977141407308437,80.0,116.0,92.0,288.0
plus_ndfd_temp_range__skew_normal__control_120_lr005_depth2_leaf50_sub1_direct,plus_ndfd_temp_range,39,skew_normal,control_120_lr005_depth2_leaf50_sub1_direct,1.1,validation,1.8882354628051035,1.1222946423884326,0.12138804780322546,2.550027606630507,2.597299803034661,79.0,98.0,85.0,262.0
plus_ndfd_temp_range__skew_normal__control_120_lr005_depth2_leaf50_sub1_direct,plus_ndfd_temp_range,39,skew_normal,control_120_lr005_depth2_leaf50_sub1_direct,1.1,test,1.8330571804259672,1.1037718978684268,0.11703918581153368,2.7126350251687197,2.645819958151785,79.0,98.0,85.0,262.0
plus_ndfd_temp_range__skew_normal__control_120_lr005_depth2_leaf50_sub1_direct,plus_ndfd_temp_range,39,skew_normal,control_120_lr005_depth2_leaf50_sub1_direct,1.12,validation,1.8887154449130494,1.1220252695078827,0.12129800833852566,2.59639174493288,2.6445234358171095,81.0,84.0,83.0,248.0
plus_ndfd_temp_range__skew_normal__control_120_lr005_depth2_leaf50_sub1_direct,plus_ndfd_temp_range,39,skew_normal,control_120_lr005_depth2_leaf50_sub1_direct,1.12,test,1.83747278343191,1.1052129748558916,0.11713057166153706,2.761955661989969,2.693925775572727,81.0,84.0,83.0,248.0
plus_ndfd_temp_range__skew_normal__control_120_lr005_depth2_leaf50_sub1_direct,plus_ndfd_temp_range,39,skew_normal,control_120_lr005_depth2_leaf50_sub1_direct,1.15,validation,1.890732262507929,1.1224676995376346,0.1212361952158012,2.6659379523864386,2.7153588849907813,89.0,76.0,89.0,254.0
plus_ndfd_temp_range__skew_normal__control_120_lr005_depth2_leaf50_sub1_direct,plus_ndfd_temp_range,39,skew_normal,control_120_lr005_depth2_leaf50_sub1_direct,1.15,test,1.8450215525258904,1.108086310641595,0.1173347388617501,2.8359366172218423,2.766084501704139,89.0,76.0,89.0,254.0
plus_ndfd_temp_range__skew_normal__control_120_lr005_depth2_leaf50_sub1_direct,plus_ndfd_temp_range,39,skew_normal,control_120_lr005_depth2_leaf50_sub1_direct,1.18,validation,1.8941330477837945,1.1238254068855082,0.12125676092295493,2.7354841598399977,2.7861943341644544,114.0,80.0,98.0,292.0
plus_ndfd_temp_range__skew_normal__control_120_lr005_depth2_leaf50_sub1_direct,plus_ndfd_temp_range,39,skew_normal,control_120_lr005_depth2_leaf50_sub1_direct,1.18,test,1.853547402680429,1.1117260224575836,0.11761374466098629,2.909917572453717,2.8382432278355507,114.0,80.0,98.0,292.0
plus_ndfd_temp_range__skew_normal__control_120_lr005_depth2_leaf50_sub1_direct,plus_ndfd_temp_range,39,skew_normal,control_120_lr005_depth2_leaf50_sub1_direct,1.2,validation,1.8970839075680743,1.1251887825517697,0.12131330726950737,2.781848298142371,2.833417966946903,143.0,85.0,116.0,344.0
plus_ndfd_temp_range__skew_normal__control_120_lr005_depth2_leaf50_sub1_direct,plus_ndfd_temp_range,39,skew_normal,control_120_lr005_depth2_leaf50_sub1_direct,1.2,test,1.8597083364172617,1.1145344390188767,0.11783833715031852,2.9592382092749663,2.886349045256493,143.0,85.0,116.0,344.0
plus_ndfd_temp_range__skew_normal__control_120_lr005_depth2_leaf50_sub1_direct,plus_ndfd_temp_range,39,skew_normal,control_120_lr005_depth2_leaf50_sub1_direct,1.25,validation,1.906532121786442,1.1300086953556683,0.12159252275055994,2.897758643898303,2.9514770489030235,201.0,120.0,173.0,494.0
plus_ndfd_temp_range__skew_normal__control_120_lr005_depth2_leaf50_sub1_direct,plus_ndfd_temp_range,39,skew_normal,control_120_lr005_depth2_leaf50_sub1_direct,1.25,test,1.876532724014153,1.1227246408726896,0.11852266875716304,3.0825398013280907,3.0066135888088468,201.0,120.0,173.0,494.0
plus_ndfd_temp_range__skew_normal__control_120_lr005_depth2_leaf50_sub1_direct,plus_ndfd_temp_range,39,skew_normal,control_120_lr005_depth2_leaf50_sub1_direct,1.3,validation,1.9184712883528818,1.1365611300458658,0.12204937756433838,3.013668989654235,3.0695361308591447,234.0,168.0,220.0,622.0
plus_ndfd_temp_range__skew_normal__control_120_lr005_depth2_leaf50_sub1_direct,plus_ndfd_temp_range,39,skew_normal,control_120_lr005_depth2_leaf50_sub1_direct,1.3,test,1.895030374348764,1.13233794299777,0.11936317706683933,3.2058413933812138,3.1268781323612007,234.0,168.0,220.0,622.0
plus_ndfd_temp_range__skew_normal__quick_100_lr006_depth2_leaf50_sub1_direct,plus_ndfd_temp_range,39,skew_normal,quick_100_lr006_depth2_leaf50_sub1_direct,0.9,validation,1.9396054592192904,1.1598034398220967,0.12500447464812098,2.084444460234167,2.1204705986781307,260.0,263.0,260.0,783.0
plus_ndfd_temp_range__skew_normal__quick_100_lr006_depth2_leaf50_sub1_direct,plus_ndfd_temp_range,39,skew_normal,quick_100_lr006_depth2_leaf50_sub1_direct,0.9,test,1.8312718996570212,1.1194873908859007,0.1185117582588799,2.219370665461998,2.168490658893084,260.0,263.0,260.0,783.0
plus_ndfd_temp_range__skew_normal__quick_100_lr006_depth2_leaf50_sub1_direct,plus_ndfd_temp_range,39,skew_normal,quick_100_lr006_depth2_leaf50_sub1_direct,0.95,validation,1.913960970023969,1.1426669427520062,0.1236211563968704,2.200246930247176,2.2382745208269155,227.0,243.0,237.0,707.0
plus_ndfd_temp_range__skew_normal__quick_100_lr006_depth2_leaf50_sub1_direct,plus_ndfd_temp_range,39,skew_normal,quick_100_lr006_depth2_leaf50_sub1_direct,0.95,test,1.8220581971652994,1.1088307984848496,0.11763003392606039,2.3426690357654425,2.2889623621649218,227.0,243.0,237.0,707.0
plus_ndfd_temp_range__skew_normal__quick_100_lr006_depth2_leaf50_sub1_direct,plus_ndfd_temp_range,39,skew_normal,quick_100_lr006_depth2_leaf50_sub1_direct,1.0,validation,1.8979566100831111,1.1312821450345631,0.12259534066160285,2.3160494002601855,2.3560784429757007,149.0,212.0,187.0,548.0
plus_ndfd_temp_range__skew_normal__quick_100_lr006_depth2_leaf50_sub1_direct,plus_ndfd_temp_range,39,skew_normal,quick_100_lr006_depth2_leaf50_sub1_direct,1.0,test,1.820143378084816,1.103130089037006,0.1170963573845264,2.465967406068887,2.40943406543676,149.0,212.0,187.0,548.0
plus_ndfd_temp_range__skew_normal__quick_100_lr006_depth2_leaf50_sub1_direct,plus_ndfd_temp_range,39,skew_normal,quick_100_lr006_depth2_leaf50_sub1_direct,1.03,validation,1.8921119185226472,1.1267438648542705,0.12213635377149556,2.3855308822679913,2.426760796264972,96.0,182.0,132.0,410.0
plus_ndfd_temp_range__skew_normal__quick_100_lr006_depth2_leaf50_sub1_direct,plus_ndfd_temp_range,39,skew_normal,quick_100_lr006_depth2_leaf50_sub1_direct,1.03,test,1.8218104896177285,1.1016781216227327,0.11692625267211747,2.5399464282509534,2.4817170873998626,96.0,182.0,132.0,410.0
plus_ndfd_temp_range__skew_normal__quick_100_lr006_depth2_leaf50_sub1_direct,plus_ndfd_temp_range,39,skew_normal,quick_100_lr006_depth2_leaf50_sub1_direct,1.05,validation,1.8895536355816185,1.1245487282706585,0.12189096756375326,2.431851870273195,2.473882365124486,86.0,151.0,106.0,343.0
plus_ndfd_temp_range__skew_normal__quick_100_lr006_depth2_leaf50_sub1_direct,plus_ndfd_temp_range,39,skew_normal,quick_100_lr006_depth2_leaf50_sub1_direct,1.05,test,1.8239157525096865,1.1014208547061137,0.11687035587352652,2.589265776372331,2.529905768708598,86.0,151.0,106.0,343.0
plus_ndfd_temp_range__skew_normal__quick_100_lr006_depth2_leaf50_sub1_direct,plus_ndfd_temp_range,39,skew_normal,quick_100_lr006_depth2_leaf50_sub1_direct,1.08,validation,1.8874927268346662,1.1223730627400974,0.12160852588824882,2.5013333522810006,2.5445647184137568,76.0,121.0,87.0,284.0
plus_ndfd_temp_range__skew_normal__quick_100_lr006_depth2_leaf50_sub1_direct,plus_ndfd_temp_range,39,skew_normal,quick_100_lr006_depth2_leaf50_sub1_direct,1.08,test,1.8283829708132286,1.1019883052772386,0.11686711096097395,2.663244798554398,2.602188790671701,76.0,121.0,87.0,284.0
plus_ndfd_temp_range__skew_normal__quick_100_lr006_depth2_leaf50_sub1_direct,plus_ndfd_temp_range,39,skew_normal,quick_100_lr006_depth2_leaf50_sub1_direct,1.1,validation,1.8871844115277725,1.1216004238418722,0.12147436504057421,2.5476543402862046,2.591686287273271,75.0,111.0,80.0,266.0
plus_ndfd_temp_range__skew_normal__quick_100_lr006_depth2_leaf50_sub1_direct,plus_ndfd_temp_range,39,skew_normal,quick_100_lr006_depth2_leaf50_sub1_direct,1.1,test,1.832140840939329,1.102943516563449,0.11691554129663673,2.712564146675776,2.650377471980436,75.0,111.0,80.0,266.0
plus_ndfd_temp_range__skew_normal__quick_100_lr006_depth2_leaf50_sub1_direct,plus_ndfd_temp_range,39,skew_normal,quick_100_lr006_depth2_leaf50_sub1_direct,1.12,validation,1.8876435693876346,1.121321639968575,0.12138122796107795,2.593975328291408,2.638807856132785,77.0,96.0,73.0,246.0
plus_ndfd_temp_range__skew_normal__quick_100_lr006_depth2_leaf50_sub1_direct,plus_ndfd_temp_range,39,skew_normal,quick_100_lr006_depth2_leaf50_sub1_direct,1.12,test,1.836455907222626,1.1043178260475273,0.11700204511315797,2.7618834947971536,2.698566153289171,77.0,96.0,73.0,246.0
plus_ndfd_temp_range__skew_normal__quick_100_lr006_depth2_leaf50_sub1_direct,plus_ndfd_temp_range,39,skew_normal,quick_100_lr006_depth2_leaf50_sub1_direct,1.15,validation,1.889629998310863,1.1217481277005779,0.12131433342835848,2.663456810299213,2.7094902094220554,87.0,86.0,81.0,254.0
plus_ndfd_temp_range__skew_normal__quick_100_lr006_depth2_leaf50_sub1_direct,plus_ndfd_temp_range,39,skew_normal,quick_100_lr006_depth2_leaf50_sub1_direct,1.15,test,1.8438628428631347,1.1070938104231596,0.11719890563975047,2.8358625169792195,2.7708491752522737,87.0,86.0,81.0,254.0
plus_ndfd_temp_range__skew_normal__quick_100_lr006_depth2_leaf50_sub1_direct,plus_ndfd_temp_range,39,skew_normal,quick_100_lr006_depth2_leaf50_sub1_direct,1.18,validation,1.8930013542856814,1.123088001187586,0.12132941067852165,2.7329382923070193,2.7801725627113267,105.0,89.0,93.0,287.0
plus_ndfd_temp_range__skew_normal__quick_100_lr006_depth2_leaf50_sub1_direct,plus_ndfd_temp_range,39,skew_normal,quick_100_lr006_depth2_leaf50_sub1_direct,1.18,test,1.852256699740486,1.1106393896720335,0.11747070511854148,2.909841539161287,2.8431321972153762,105.0,89.0,93.0,287.0
plus_ndfd_temp_range__skew_normal__quick_100_lr006_depth2_leaf50_sub1_direct,plus_ndfd_temp_range,39,skew_normal,quick_100_lr006_depth2_leaf50_sub1_direct,1.2,validation,1.895933099230732,1.1244385862864286,0.12138212839015725,2.7792592803122225,2.8272941315708406,134.0,97.0,105.0,336.0
plus_ndfd_temp_range__skew_normal__quick_100_lr006_depth2_leaf50_sub1_direct,plus_ndfd_temp_range,39,skew_normal,quick_100_lr006_depth2_leaf50_sub1_direct,1.2,test,1.85833464371969,1.1133867691088988,0.11769058651046563,2.959160887282664,2.8913208785241116,134.0,97.0,105.0,336.0
plus_ndfd_temp_range__skew_normal__quick_100_lr006_depth2_leaf50_sub1_direct,plus_ndfd_temp_range,39,skew_normal,quick_100_lr006_depth2_leaf50_sub1_direct,1.25,validation,1.9053351869307749,1.129223938384119,0.12165138671476565,2.895061750325232,2.945098053719626,195.0,128.0,164.0,487.0
plus_ndfd_temp_range__skew_normal__quick_100_lr006_depth2_leaf50_sub1_direct,plus_ndfd_temp_range,39,skew_normal,quick_100_lr006_depth2_leaf50_sub1_direct,1.25,test,1.8749673197972212,1.1214301197426628,0.11836359126865818,3.0824592575861085,3.01179258179595,195.0,128.0,164.0,487.0
plus_ndfd_temp_range__skew_normal__quick_100_lr006_depth2_leaf50_sub1_direct,plus_ndfd_temp_range,39,skew_normal,quick_100_lr006_depth2_leaf50_sub1_direct,1.3,validation,1.9172304454990796,1.135738955198092,0.12209802194585258,3.0108642203382416,3.062901975868411,231.0,176.0,215.0,622.0
plus_ndfd_temp_range__skew_normal__quick_100_lr006_depth2_leaf50_sub1_direct,plus_ndfd_temp_range,39,skew_normal,quick_100_lr006_depth2_leaf50_sub1_direct,1.3,test,1.893293192632037,1.130904363456567,0.11919356495514291,3.205757627889553,3.132264285067788,231.0,176.0,215.0,622.0
plus_ndfd_temp_range__skew_normal__regularized_160_lr004_depth2_leaf75_sub1_direct,plus_ndfd_temp_range,39,skew_normal,regularized_160_lr004_depth2_leaf75_sub1_direct,0.9,validation,1.9204952738811678,1.1504483462294397,0.12420851013410461,2.0396390032717053,2.061527529866213,237.0,249.0,249.0,735.0
plus_ndfd_temp_range__skew_normal__regularized_160_lr004_depth2_leaf75_sub1_direct,plus_ndfd_temp_range,39,skew_normal,regularized_160_lr004_depth2_leaf75_sub1_direct,0.9,test,1.8124097960962562,1.1085795696842486,0.11763192829355025,2.175271766406101,2.145464400872834,237.0,249.0,249.0,735.0
plus_ndfd_temp_range__skew_normal__regularized_160_lr004_depth2_leaf75_sub1_direct,plus_ndfd_temp_range,39,skew_normal,regularized_160_lr004_depth2_leaf75_sub1_direct,0.95,validation,1.8945360487383702,1.133155768617991,0.12281147954991975,2.152952281231244,2.1760568370810027,117.0,222.0,202.0,541.0
plus_ndfd_temp_range__skew_normal__regularized_160_lr004_depth2_leaf75_sub1_direct,plus_ndfd_temp_range,39,skew_normal,regularized_160_lr004_depth2_leaf75_sub1_direct,0.95,test,1.803131317349769,1.098002058677498,0.11673445472316986,2.2961201978731065,2.2646568675879912,117.0,222.0,202.0,541.0
plus_ndfd_temp_range__skew_normal__regularized_160_lr004_depth2_leaf75_sub1_direct,plus_ndfd_temp_range,39,skew_normal,regularized_160_lr004_depth2_leaf75_sub1_direct,1.0,validation,1.8782509556453464,1.1215920394872418,0.12176848900498445,2.266265559190783,2.2905861442957924,41.0,138.0,79.0,258.0
plus_ndfd_temp_range__skew_normal__regularized_160_lr004_depth2_leaf75_sub1_direct,plus_ndfd_temp_range,39,skew_normal,regularized_160_lr004_depth2_leaf75_sub1_direct,1.0,test,1.8011464580237846,1.092321843358423,0.11618083120741207,2.416968629340112,2.383849334303149,41.0,138.0,79.0,258.0
plus_ndfd_temp_range__skew_normal__regularized_160_lr004_depth2_leaf75_sub1_direct,plus_ndfd_temp_range,39,skew_normal,regularized_160_lr004_depth2_leaf75_sub1_direct,1.03,validation,1.8722512382291194,1.1169383850955168,0.12129778154746144,2.3342535259665067,2.359303728624666,13.0,83.0,45.0,141.0
plus_ndfd_temp_range__skew_normal__regularized_160_lr004_depth2_leaf75_sub1_direct,plus_ndfd_temp_range,39,skew_normal,regularized_160_lr004_depth2_leaf75_sub1_direct,1.03,test,1.8027693079367302,1.0908598854264722,0.115997082517865,2.4894776882203153,2.4553648143322437,13.0,83.0,45.0,141.0
plus_ndfd_temp_range__skew_normal__regularized_160_lr004_depth2_leaf75_sub1_direct,plus_ndfd_temp_range,39,skew_normal,regularized_160_lr004_depth2_leaf75_sub1_direct,1.05,validation,1.8695944589772613,1.1146637822664875,0.12104405760615147,2.379578837150323,2.405115451510582,8.0,62.0,27.0,97.0
plus_ndfd_temp_range__skew_normal__regularized_160_lr004_depth2_leaf75_sub1_direct,plus_ndfd_temp_range,39,skew_normal,regularized_160_lr004_depth2_leaf75_sub1_direct,1.05,test,1.804844240923066,1.0905882170071153,0.11593148650545988,2.537817060807118,2.5030418010183064,8.0,62.0,27.0,97.0
plus_ndfd_temp_range__skew_normal__regularized_160_lr004_depth2_leaf75_sub1_direct,plus_ndfd_temp_range,39,skew_normal,regularized_160_lr004_depth2_leaf75_sub1_direct,1.08,validation,1.8673923656279994,1.1123658974097927,0.12074839288076458,2.4475668039260454,2.473833035839456,3.0,40.0,9.0,52.0
plus_ndfd_temp_range__skew_normal__regularized_160_lr004_depth2_leaf75_sub1_direct,plus_ndfd_temp_range,39,skew_normal,regularized_160_lr004_depth2_leaf75_sub1_direct,1.08,test,1.8092648719647506,1.0911240272199254,0.11591289208299735,2.6103261196873215,2.574557281047401,3.0,40.0,9.0,52.0
plus_ndfd_temp_range__skew_normal__regularized_160_lr004_depth2_leaf75_sub1_direct,plus_ndfd_temp_range,39,skew_normal,regularized_160_lr004_depth2_leaf75_sub1_direct,1.1,validation,1.8669939384127954,1.111510178903469,0.12060497665422383,2.492892115109862,2.519644758725372,1.0,25.0,6.0,32.0
plus_ndfd_temp_range__skew_normal__regularized_160_lr004_depth2_leaf75_sub1_direct,plus_ndfd_temp_range,39,skew_normal,regularized_160_lr004_depth2_leaf75_sub1_direct,1.1,test,1.8129910391384942,1.0920522630317495,0.11595061300838469,2.6586654922741237,2.6222342677334636,1.0,25.0,6.0,32.0
plus_ndfd_temp_range__skew_normal__regularized_160_lr004_depth2_leaf75_sub1_direct,plus_ndfd_temp_range,39,skew_normal,regularized_160_lr004_depth2_leaf75_sub1_direct,1.12,validation,1.867365939726438,1.1111473293496932,0.12050226072010055,2.538217426293677,2.5654564816112875,2.0,14.0,4.0,20.0
plus_ndfd_temp_range__skew_normal__regularized_160_lr004_depth2_leaf75_sub1_direct,plus_ndfd_temp_range,39,skew_normal,regularized_160_lr004_depth2_leaf75_sub1_direct,1.12,test,1.817273953293929,1.0933954710313043,0.11602607017972859,2.707004864860926,2.669911254419527,2.0,14.0,4.0,20.0
plus_ndfd_temp_range__skew_normal__regularized_160_lr004_depth2_leaf75_sub1_direct,plus_ndfd_temp_range,39,skew_normal,regularized_160_lr004_depth2_leaf75_sub1_direct,1.15,validation,1.8692267639145392,1.1114463523811782,0.1204204425705175,2.6062053930694002,2.6341740659401607,7.0,7.0,5.0,19.0
plus_ndfd_temp_range__skew_normal__regularized_160_lr004_depth2_leaf75_sub1_direct,plus_ndfd_temp_range,39,skew_normal,regularized_160_lr004_depth2_leaf75_sub1_direct,1.15,test,1.8246319414193657,1.0961180269906587,0.11620580704772576,2.779513923741129,2.7414267344486207,7.0,7.0,5.0,19.0
plus_ndfd_temp_range__skew_normal__regularized_160_lr004_depth2_leaf75_sub1_direct,plus_ndfd_temp_range,39,skew_normal,regularized_160_lr004_depth2_leaf75_sub1_direct,1.18,validation,1.8724781815332003,1.112657700506187,0.12041999785016222,2.674193359845124,2.7028916502690348,15.0,6.0,10.0,31.0
plus_ndfd_temp_range__skew_normal__regularized_160_lr004_depth2_leaf75_sub1_direct,plus_ndfd_temp_range,39,skew_normal,regularized_160_lr004_depth2_leaf75_sub1_direct,1.18,test,1.8329761512611553,1.0996032110939482,0.11645992173907802,2.852022982621332,2.812942214477715,15.0,6.0,10.0,31.0
plus_ndfd_temp_range__skew_normal__regularized_160_lr004_depth2_leaf75_sub1_direct,plus_ndfd_temp_range,39,skew_normal,regularized_160_lr004_depth2_leaf75_sub1_direct,1.2,validation,1.8753328787315955,1.1139222930662165,0.1204620721472381,2.7195186710289394,2.7487033731549504,27.0,10.0,20.0,57.0
plus_ndfd_temp_range__skew_normal__regularized_160_lr004_depth2_leaf75_sub1_direct,plus_ndfd_temp_range,39,skew_normal,regularized_160_lr004_depth2_leaf75_sub1_direct,1.2,test,1.8390206960654638,1.1023070290100259,0.11666775654425865,2.9003623552081343,2.8606192011637788,27.0,10.0,20.0,57.0
plus_ndfd_temp_range__skew_normal__regularized_160_lr004_depth2_leaf75_sub1_direct,plus_ndfd_temp_range,39,skew_normal,regularized_160_lr004_depth2_leaf75_sub1_direct,1.25,validation,1.8845516649398946,1.1184926060096814,0.12070384662820292,2.832831948988479,2.86323268036974,60.0,36.0,54.0,150.0
plus_ndfd_temp_range__skew_normal__regularized_160_lr004_depth2_leaf75_sub1_direct,plus_ndfd_temp_range,39,skew_normal,regularized_160_lr004_depth2_leaf75_sub1_direct,1.25,test,1.8555691795112979,1.11023207091322,0.11730997375332222,3.0212107866751405,2.979811667878936,60.0,36.0,54.0,150.0
plus_ndfd_temp_range__skew_normal__regularized_160_lr004_depth2_leaf75_sub1_direct,plus_ndfd_temp_range,39,skew_normal,regularized_160_lr004_depth2_leaf75_sub1_direct,1.3,validation,1.8962756984338152,1.1247939203789565,0.12112201494838111,2.946145226948018,2.97776198758453,137.0,71.0,109.0,317.0
plus_ndfd_temp_range__skew_normal__regularized_160_lr004_depth2_leaf75_sub1_direct,plus_ndfd_temp_range,39,skew_normal,regularized_160_lr004_depth2_leaf75_sub1_direct,1.3,test,1.8738104318995015,1.1195776323177684,0.1181085647838603,3.1420592181421463,3.0990041345940935,137.0,71.0,109.0,317.0
plus_ndfd_temp_range__skew_normal__stump_160_lr004_depth1_leaf50_sub1_direct,plus_ndfd_temp_range,39,skew_normal,stump_160_lr004_depth1_leaf50_sub1_direct,0.9,validation,2.022239662841375,1.218979320368074,0.13000051996325868,2.2954723340770915,2.3719735774282604,356.0,363.0,357.0,1076.0
plus_ndfd_temp_range__skew_normal__stump_160_lr004_depth1_leaf50_sub1_direct,plus_ndfd_temp_range,39,skew_normal,stump_160_lr004_depth1_leaf50_sub1_direct,0.9,test,1.896861902059936,1.16209545910376,0.12265446551723627,2.4333859346658553,2.4283141261380843,356.0,363.0,357.0,1076.0
plus_ndfd_temp_range__skew_normal__stump_160_lr004_depth1_leaf50_sub1_direct,plus_ndfd_temp_range,39,skew_normal,stump_160_lr004_depth1_leaf50_sub1_direct,0.95,validation,2.003897029099286,1.20668319983195,0.12902524714532856,2.422998574859152,2.503749887285386,340.0,349.0,343.0,1032.0
plus_ndfd_temp_range__skew_normal__stump_160_lr004_depth1_leaf50_sub1_direct,plus_ndfd_temp_range,39,skew_normal,stump_160_lr004_depth1_leaf50_sub1_direct,0.95,test,1.8962557658574388,1.1577213407608222,0.12224294854505183,2.5685740421472913,2.563220466479089,340.0,349.0,343.0,1032.0
plus_ndfd_temp_range__skew_normal__stump_160_lr004_depth1_leaf50_sub1_direct,plus_ndfd_temp_range,39,skew_normal,stump_160_lr004_depth1_leaf50_sub1_direct,1.0,validation,1.9942140228367835,1.1998928208303548,0.12839725232363725,2.5505248156412135,2.6355261971425117,321.0,335.0,322.0,978.0
plus_ndfd_temp_range__skew_normal__stump_160_lr004_depth1_leaf50_sub1_direct,plus_ndfd_temp_range,39,skew_normal,stump_160_lr004_depth1_leaf50_sub1_direct,1.0,test,1.90180215018481,1.1578648948474106,0.1221713176992478,2.703762149628728,2.6981268068200936,321.0,335.0,322.0,978.0
plus_ndfd_temp_range__skew_normal__stump_160_lr004_depth1_leaf50_sub1_direct,plus_ndfd_temp_range,39,skew_normal,stump_160_lr004_depth1_leaf50_sub1_direct,1.03,validation,1.9917635667261802,1.1979945643341847,0.1281695136772893,2.62704056011045,2.714591983056787,315.0,328.0,315.0,958.0
plus_ndfd_temp_range__skew_normal__stump_160_lr004_depth1_leaf50_sub1_direct,plus_ndfd_temp_range,39,skew_normal,stump_160_lr004_depth1_leaf50_sub1_direct,1.03,test,1.9074804158195031,1.159723930467141,0.12227141853672738,2.7848750141175893,2.7790706110246965,315.0,328.0,315.0,958.0
plus_ndfd_temp_range__skew_normal__stump_160_lr004_depth1_leaf50_sub1_direct,plus_ndfd_temp_range,39,skew_normal,stump_160_lr004_depth1_leaf50_sub1_direct,1.05,validation,1.9913211829463728,1.1975115863507246,0.12807465488966857,2.6780510564232736,2.7673025069996373,312.0,321.0,311.0,944.0
plus_ndfd_temp_range__skew_normal__stump_160_lr004_depth1_leaf50_sub1_direct,plus_ndfd_temp_range,39,skew_normal,stump_160_lr004_depth1_leaf50_sub1_direct,1.05,test,1.9120882783510371,1.1615968641154388,0.12239201069569954,2.8389502571101644,2.8330331471610988,312.0,321.0,311.0,944.0
plus_ndfd_temp_range__skew_normal__stump_160_lr004_depth1_leaf50_sub1_direct,plus_ndfd_temp_range,39,skew_normal,stump_160_lr004_depth1_leaf50_sub1_direct,1.08,validation,1.9922334284476027,1.1978334849145735,0.12801211535623394,2.75456680089251,2.8463682929139127,318.0,315.0,314.0,947.0
plus_ndfd_temp_range__skew_normal__stump_160_lr004_depth1_leaf50_sub1_direct,plus_ndfd_temp_range,39,skew_normal,stump_160_lr004_depth1_leaf50_sub1_direct,1.08,test,1.9200752372553977,1.1652487958606366,0.1226473823893571,2.9200631215990267,2.9139769513657017,318.0,315.0,314.0,947.0
plus_ndfd_temp_range__skew_normal__stump_160_lr004_depth1_leaf50_sub1_direct,plus_ndfd_temp_range,39,skew_normal,stump_160_lr004_depth1_leaf50_sub1_direct,1.1,validation,1.99378367211923,1.1986795036327618,0.1280204510834026,2.8055772972053346,2.899078816856763,320.0,317.0,317.0,954.0
plus_ndfd_temp_range__skew_normal__stump_160_lr004_depth1_leaf50_sub1_direct,plus_ndfd_temp_range,39,skew_normal,stump_160_lr004_depth1_leaf50_sub1_direct,1.1,test,1.9260355075804303,1.1681891660522992,0.12286385160336466,2.974138364591601,2.9679394875021035,320.0,317.0,317.0,954.0
plus_ndfd_temp_range__skew_normal__stump_160_lr004_depth1_leaf50_sub1_direct,plus_ndfd_temp_range,39,skew_normal,stump_160_lr004_depth1_leaf50_sub1_direct,1.12,validation,1.99600998024036,1.1999829032364484,0.12806642626189707,2.856587793518159,2.951789340799613,327.0,320.0,323.0,970.0
plus_ndfd_temp_range__skew_normal__stump_160_lr004_depth1_leaf50_sub1_direct,plus_ndfd_temp_range,39,skew_normal,stump_160_lr004_depth1_leaf50_sub1_direct,1.12,test,1.9324463916721635,1.1714937937069565,0.12311471167891781,3.0282136075841755,3.0219020236385052,327.0,320.0,323.0,970.0
plus_ndfd_temp_range__skew_normal__stump_160_lr004_depth1_leaf50_sub1_direct,plus_ndfd_temp_range,39,skew_normal,stump_160_lr004_depth1_leaf50_sub1_direct,1.15,validation,2.0004882512434965,1.2027155507133802,0.12820173837574217,2.933103537987395,3.030855126713888,334.0,329.0,332.0,995.0
plus_ndfd_temp_range__skew_normal__stump_160_lr004_depth1_leaf50_sub1_direct,plus_ndfd_temp_range,39,skew_normal,stump_160_lr004_depth1_leaf50_sub1_direct,1.15,test,1.9428118351315957,1.1770661804525255,0.12355094602007832,3.1093264720730365,3.1028458278431077,334.0,329.0,332.0,995.0
plus_ndfd_temp_range__skew_normal__stump_160_lr004_depth1_leaf50_sub1_direct,plus_ndfd_temp_range,39,skew_normal,stump_160_lr004_depth1_leaf50_sub1_direct,1.18,validation,2.006176252331007,1.2062828848566107,0.12841118801146603,3.0096192824566317,3.1099209126281635,343.0,336.0,342.0,1021.0
plus_ndfd_temp_range__skew_normal__stump_160_lr004_depth1_leaf50_sub1_direct,plus_ndfd_temp_range,39,skew_normal,stump_160_lr004_depth1_leaf50_sub1_direct,1.18,test,1.953959992721274,1.1832942065196497,0.12405328276818137,3.190439336561899,3.1837896320477106,343.0,336.0,342.0,1021.0
plus_ndfd_temp_range__skew_normal__stump_160_lr004_depth1_leaf50_sub1_direct,plus_ndfd_temp_range,39,skew_normal,stump_160_lr004_depth1_leaf50_sub1_direct,1.2,validation,2.0105628568207723,1.2090757849025222,0.12858912625537955,3.0606297787694556,3.1626314365710138,346.0,340.0,345.0,1031.0
plus_ndfd_temp_range__skew_normal__stump_160_lr004_depth1_leaf50_sub1_direct,plus_ndfd_temp_range,39,skew_normal,stump_160_lr004_depth1_leaf50_sub1_direct,1.2,test,1.9617697397560325,1.1877692059224074,0.1244218625238706,3.2445145795544734,3.2377521681841124,346.0,340.0,345.0,1031.0
plus_ndfd_temp_range__skew_normal__stump_160_lr004_depth1_leaf50_sub1_direct,plus_ndfd_temp_range,39,skew_normal,stump_160_lr004_depth1_leaf50_sub1_direct,1.25,validation,2.0233184904131214,1.2173224356244599,0.12915629356039648,3.188156019551516,3.2944077464281394,357.0,351.0,355.0,1063.0
plus_ndfd_temp_range__skew_normal__stump_160_lr004_depth1_leaf50_sub1_direct,plus_ndfd_temp_range,39,skew_normal,stump_160_lr004_depth1_leaf50_sub1_direct,1.25,test,1.9824013385934551,1.199930151326608,0.12544901634526603,3.37970268703591,3.3726585085251175,357.0,351.0,355.0,1063.0
plus_ndfd_temp_range__skew_normal__stump_160_lr004_depth1_leaf50_sub1_direct,plus_ndfd_temp_range,39,skew_normal,stump_160_lr004_depth1_leaf50_sub1_direct,1.3,validation,2.0382066397485,1.227100793754919,0.12987965082623854,3.3156822603335776,3.4261840562852655,364.0,361.0,364.0,1089.0
plus_ndfd_temp_range__skew_normal__stump_160_lr004_depth1_leaf50_sub1_direct,plus_ndfd_temp_range,39,skew_normal,stump_160_lr004_depth1_leaf50_sub1_direct,1.3,test,2.0043055819117277,1.2132518128556131,0.12660818967095133,3.5148907945173464,3.507564848866122,364.0,361.0,364.0,1089.0
plus_ndfd_temp_day__skew_normal__control_120_lr005_depth2_leaf50_sub1_direct,plus_ndfd_temp_day,41,skew_normal,control_120_lr005_depth2_leaf50_sub1_direct,0.9,validation,1.950474934373199,1.1648395492927408,0.12555224396672782,2.1094836726457236,2.1414420477687477,264.0,268.0,263.0,795.0
plus_ndfd_temp_day__skew_normal__control_120_lr005_depth2_leaf50_sub1_direct,plus_ndfd_temp_day,41,skew_normal,control_120_lr005_depth2_leaf50_sub1_direct,0.9,test,1.830745081469607,1.1174511036665573,0.1183479392231674,2.280861138334961,2.1975516209008514,264.0,268.0,263.0,795.0
plus_ndfd_temp_day__skew_normal__control_120_lr005_depth2_leaf50_sub1_direct,plus_ndfd_temp_day,41,skew_normal,control_120_lr005_depth2_leaf50_sub1_direct,0.95,validation,1.9254421458668267,1.1479914237212874,0.12417388143928479,2.2266772100149304,2.260411050422567,245.0,247.0,243.0,735.0
plus_ndfd_temp_day__skew_normal__control_120_lr005_depth2_leaf50_sub1_direct,plus_ndfd_temp_day,41,skew_normal,control_120_lr005_depth2_leaf50_sub1_direct,0.95,test,1.825328441255606,1.1087057207641566,0.11762462862584191,2.4075756460202364,2.3196378220620097,245.0,247.0,243.0,735.0
plus_ndfd_temp_day__skew_normal__control_120_lr005_depth2_leaf50_sub1_direct,plus_ndfd_temp_day,41,skew_normal,control_120_lr005_depth2_leaf50_sub1_direct,1.0,validation,1.9099755192212298,1.1368966614802163,0.12315909737809856,2.343870747384137,2.3793800530763862,209.0,230.0,221.0,660.0
plus_ndfd_temp_day__skew_normal__control_120_lr005_depth2_leaf50_sub1_direct,plus_ndfd_temp_day,41,skew_normal,control_120_lr005_depth2_leaf50_sub1_direct,1.0,test,1.8266928811206622,1.1047504705593925,0.11724894222590285,2.534290153705512,2.441724023223168,209.0,230.0,221.0,660.0
plus_ndfd_temp_day__skew_normal__control_120_lr005_depth2_leaf50_sub1_direct,plus_ndfd_temp_day,41,skew_normal,control_120_lr005_depth2_leaf50_sub1_direct,1.03,validation,1.9044233403638102,1.1325319093344228,0.12270917139282574,2.4141868698056617,2.450761454668678,191.0,215.0,194.0,600.0
plus_ndfd_temp_day__skew_normal__control_120_lr005_depth2_leaf50_sub1_direct,plus_ndfd_temp_day,41,skew_normal,control_120_lr005_depth2_leaf50_sub1_direct,1.03,test,1.8301184828832395,1.104275006189473,0.11717251803880575,2.6103188583166776,2.5149757439198632,191.0,215.0,194.0,600.0
plus_ndfd_temp_day__skew_normal__control_120_lr005_depth2_leaf50_sub1_direct,plus_ndfd_temp_day,41,skew_normal,control_120_lr005_depth2_leaf50_sub1_direct,1.05,validation,1.9020489411219874,1.130451927112628,0.12247070451003425,2.4610642847533444,2.4983490557302055,175.0,202.0,175.0,552.0
plus_ndfd_temp_day__skew_normal__control_120_lr005_depth2_leaf50_sub1_direct,plus_ndfd_temp_day,41,skew_normal,control_120_lr005_depth2_leaf50_sub1_direct,1.05,test,1.8333193890415076,1.1046416461886566,0.11717835746515733,2.661004661390788,2.5638102243843264,175.0,202.0,175.0,552.0
plus_ndfd_temp_day__skew_normal__control_120_lr005_depth2_leaf50_sub1_direct,plus_ndfd_temp_day,41,skew_normal,control_120_lr005_depth2_leaf50_sub1_direct,1.08,validation,1.9002486379932189,1.1284478782256508,0.12219980523423332,2.5313804071748685,2.5697304573224975,165.0,188.0,156.0,509.0
plus_ndfd_temp_day__skew_normal__control_120_lr005_depth2_leaf50_sub1_direct,plus_ndfd_temp_day,41,skew_normal,control_120_lr005_depth2_leaf50_sub1_direct,1.08,test,1.83932570807353,1.1061068378802534,0.11726637623483085,2.7370333660019535,2.6370619450810215,165.0,188.0,156.0,509.0
plus_ndfd_temp_day__skew_normal__control_120_lr005_depth2_leaf50_sub1_direct,plus_ndfd_temp_day,41,skew_normal,control_120_lr005_depth2_leaf50_sub1_direct,1.1,validation,1.900104676135079,1.1277887480753894,0.12207402950030147,2.578257822122551,2.617318058384025,163.0,171.0,150.0,484.0
plus_ndfd_temp_day__skew_normal__control_120_lr005_depth2_leaf50_sub1_direct,plus_ndfd_temp_day,41,skew_normal,control_120_lr005_depth2_leaf50_sub1_direct,1.1,test,1.8440455944454595,1.1076364718780283,0.11737461853936078,2.787719169076064,2.685896425545485,163.0,171.0,150.0,484.0
plus_ndfd_temp_day__skew_normal__control_120_lr005_depth2_leaf50_sub1_direct,plus_ndfd_temp_day,41,skew_normal,control_120_lr005_depth2_leaf50_sub1_direct,1.12,validation,1.9007212325015481,1.1276226403834995,0.12198976460039364,2.6251352370702343,2.664905659445553,167.0,161.0,147.0,475.0
plus_ndfd_temp_day__skew_normal__control_120_lr005_depth2_leaf50_sub1_direct,plus_ndfd_temp_day,41,skew_normal,control_120_lr005_depth2_leaf50_sub1_direct,1.12,test,1.8492754216109868,1.1095669381235769,0.11752001292691898,2.838404972150174,2.7347309060099483,167.0,161.0,147.0,475.0
plus_ndfd_temp_day__skew_normal__control_120_lr005_depth2_leaf50_sub1_direct,plus_ndfd_temp_day,41,skew_normal,control_120_lr005_depth2_leaf50_sub1_direct,1.15,validation,1.902931646808118,1.1282164038578222,0.12193697609925916,2.6954513594917575,2.736287061037844,179.0,154.0,153.0,486.0
plus_ndfd_temp_day__skew_normal__control_120_lr005_depth2_leaf50_sub1_direct,plus_ndfd_temp_day,41,skew_normal,control_120_lr005_depth2_leaf50_sub1_direct,1.15,test,1.8579725755843977,1.1131446171447714,0.11780332475032926,2.9144336767613392,2.807982626706643,179.0,154.0,153.0,486.0
plus_ndfd_temp_day__skew_normal__control_120_lr005_depth2_leaf50_sub1_direct,plus_ndfd_temp_day,41,skew_normal,control_120_lr005_depth2_leaf50_sub1_direct,1.18,validation,1.9065135986678041,1.1297212592446415,0.1219669670296148,2.765767481913282,2.8076684626301356,200.0,156.0,170.0,526.0
plus_ndfd_temp_day__skew_normal__control_120_lr005_depth2_leaf50_sub1_direct,plus_ndfd_temp_day,41,skew_normal,control_120_lr005_depth2_leaf50_sub1_direct,1.18,test,1.8675665637385632,1.1174550046737668,0.11815913155342454,2.9904623813725046,2.881234347403338,200.0,156.0,170.0,526.0
plus_ndfd_temp_day__skew_normal__control_120_lr005_depth2_leaf50_sub1_direct,plus_ndfd_temp_day,41,skew_normal,control_120_lr005_depth2_leaf50_sub1_direct,1.2,validation,1.9095788760212629,1.1311804601306512,0.12202999750383273,2.8126448968609647,2.8552560636916633,208.0,166.0,185.0,559.0
plus_ndfd_temp_day__skew_normal__control_120_lr005_depth2_leaf50_sub1_direct,plus_ndfd_temp_day,41,skew_normal,control_120_lr005_depth2_leaf50_sub1_direct,1.2,test,1.8743986536123332,1.1206928759476,0.11843357596696832,3.041148184446614,2.9300688278678018,208.0,166.0,185.0,559.0
plus_ndfd_temp_day__skew_normal__control_120_lr005_depth2_leaf50_sub1_direct,plus_ndfd_temp_day,41,skew_normal,control_120_lr005_depth2_leaf50_sub1_direct,1.25,validation,1.919292972018499,1.1362322075168034,0.12232601763592621,2.929838434230172,2.9742250663454826,235.0,196.0,217.0,648.0
plus_ndfd_temp_day__skew_normal__control_120_lr005_depth2_leaf50_sub1_direct,plus_ndfd_temp_day,41,skew_normal,control_120_lr005_depth2_leaf50_sub1_direct,1.25,test,1.8927716240109584,1.1298990483354021,0.11923766506019293,3.16786269213189,3.05215502902896,235.0,196.0,217.0,648.0
plus_ndfd_temp_day__skew_normal__control_120_lr005_depth2_leaf50_sub1_direct,plus_ndfd_temp_day,41,skew_normal,control_120_lr005_depth2_leaf50_sub1_direct,1.3,validation,1.9314723343256845,1.1430058291195808,0.1228003248258817,3.0470319715993788,3.0931940689993023,252.0,220.0,238.0,710.0
plus_ndfd_temp_day__skew_normal__control_120_lr005_depth2_leaf50_sub1_direct,plus_ndfd_temp_day,41,skew_normal,control_120_lr005_depth2_leaf50_sub1_direct,1.3,test,1.9126538015411407,1.140452365422441,0.12019080632520118,3.2945771998171667,3.1742412301901184,252.0,220.0,238.0,710.0
plus_ndfd_temp_day__skew_normal__quick_100_lr006_depth2_leaf50_sub1_direct,plus_ndfd_temp_day,41,skew_normal,quick_100_lr006_depth2_leaf50_sub1_direct,0.9,validation,1.9545505181202856,1.1668129465244113,0.12554620891360355,2.120581060391889,2.1335282663261492,266.0,267.0,265.0,798.0
plus_ndfd_temp_day__skew_normal__quick_100_lr006_depth2_leaf50_sub1_direct,plus_ndfd_temp_day,41,skew_normal,quick_100_lr006_depth2_leaf50_sub1_direct,0.9,test,1.8249204204918377,1.1149100539652692,0.11827967143039209,2.278577238932665,2.1849697622585103,266.0,267.0,265.0,798.0
plus_ndfd_temp_day__skew_normal__quick_100_lr006_depth2_leaf50_sub1_direct,plus_ndfd_temp_day,41,skew_normal,quick_100_lr006_depth2_leaf50_sub1_direct,0.95,validation,1.929844968725126,1.1501790886398826,0.12420735174089763,2.2383911193025496,2.2520576144553797,249.0,248.0,248.0,745.0
plus_ndfd_temp_day__skew_normal__quick_100_lr006_depth2_leaf50_sub1_direct,plus_ndfd_temp_day,41,skew_normal,quick_100_lr006_depth2_leaf50_sub1_direct,0.95,test,1.8202575768377058,1.1065050384513406,0.1175593027124721,2.405164863317813,2.306356971272872,249.0,248.0,248.0,745.0
plus_ndfd_temp_day__skew_normal__quick_100_lr006_depth2_leaf50_sub1_direct,plus_ndfd_temp_day,41,skew_normal,quick_100_lr006_depth2_leaf50_sub1_direct,1.0,validation,1.9146598636659125,1.1392880789442925,0.12322994809816971,2.35620117821321,2.37058696258461,228.0,234.0,227.0,689.0
plus_ndfd_temp_day__skew_normal__quick_100_lr006_depth2_leaf50_sub1_direct,plus_ndfd_temp_day,41,skew_normal,quick_100_lr006_depth2_leaf50_sub1_direct,1.0,test,1.8222660738934018,1.1028521843431278,0.11718846406166605,2.5317524877029616,2.4277441802872337,228.0,234.0,227.0,689.0
plus_ndfd_temp_day__skew_normal__quick_100_lr006_depth2_leaf50_sub1_direct,plus_ndfd_temp_day,41,skew_normal,quick_100_lr006_depth2_leaf50_sub1_direct,1.03,validation,1.9092579619985395,1.1350403289116622,0.12280150808772852,2.4268872135596062,2.4417045714621484,207.0,221.0,209.0,637.0
plus_ndfd_temp_day__skew_normal__quick_100_lr006_depth2_leaf50_sub1_direct,plus_ndfd_temp_day,41,skew_normal,quick_100_lr006_depth2_leaf50_sub1_direct,1.03,test,1.826033972985029,1.1025422263616835,0.1171157426509912,2.6077050623340505,2.5005765056958507,207.0,221.0,209.0,637.0
plus_ndfd_temp_day__skew_normal__quick_100_lr006_depth2_leaf50_sub1_direct,plus_ndfd_temp_day,41,skew_normal,quick_100_lr006_depth2_leaf50_sub1_direct,1.05,validation,1.9069768681549935,1.1330361257381205,0.12257699352149962,2.474011237123871,2.4891163107138405,202.0,210.0,198.0,610.0
plus_ndfd_temp_day__skew_normal__quick_100_lr006_depth2_leaf50_sub1_direct,plus_ndfd_temp_day,41,skew_normal,quick_100_lr006_depth2_leaf50_sub1_direct,1.05,test,1.8294469526984476,1.1030131898979927,0.11712433815191552,2.6583401120881094,2.5491313893015954,202.0,210.0,198.0,610.0
plus_ndfd_temp_day__skew_normal__quick_100_lr006_depth2_leaf50_sub1_direct,plus_ndfd_temp_day,41,skew_normal,quick_100_lr006_depth2_leaf50_sub1_direct,1.08,validation,1.9053071197613267,1.1311423969512138,0.12232648506639421,2.5446972724702674,2.5602339195913792,194.0,197.0,183.0,574.0
plus_ndfd_temp_day__skew_normal__quick_100_lr006_depth2_leaf50_sub1_direct,plus_ndfd_temp_day,41,skew_normal,quick_100_lr006_depth2_leaf50_sub1_direct,1.08,test,1.8357495194913471,1.1046265022700235,0.1172168685131733,2.7342926867191983,2.6219637147102124,194.0,197.0,183.0,574.0
plus_ndfd_temp_day__skew_normal__quick_100_lr006_depth2_leaf50_sub1_direct,plus_ndfd_temp_day,41,skew_normal,quick_100_lr006_depth2_leaf50_sub1_direct,1.1,validation,1.9052444040994,1.1305545833516955,0.12221395395627366,2.591821296034531,2.6076456588430714,193.0,189.0,178.0,560.0
plus_ndfd_temp_day__skew_normal__quick_100_lr006_depth2_leaf50_sub1_direct,plus_ndfd_temp_day,41,skew_normal,quick_100_lr006_depth2_leaf50_sub1_direct,1.1,test,1.8406535363405145,1.1062496552078667,0.11732833882518187,2.7849277364732576,2.670518598315957,193.0,189.0,178.0,560.0
plus_ndfd_temp_day__skew_normal__quick_100_lr006_depth2_leaf50_sub1_direct,plus_ndfd_temp_day,41,skew_normal,quick_100_lr006_depth2_leaf50_sub1_direct,1.12,validation,1.905937922221019,1.1304580167973486,0.12214266000656944,2.638945319598796,2.6550573980947636,197.0,183.0,176.0,556.0
plus_ndfd_temp_day__skew_normal__quick_100_lr006_depth2_leaf50_sub1_direct,plus_ndfd_temp_day,41,skew_normal,quick_100_lr006_depth2_leaf50_sub1_direct,1.12,test,1.846057671327381,1.108269714547667,0.11747711277730222,2.8355627862273165,2.7190734819217015,197.0,183.0,176.0,556.0
plus_ndfd_temp_day__skew_normal__quick_100_lr006_depth2_leaf50_sub1_direct,plus_ndfd_temp_day,41,skew_normal,quick_100_lr006_depth2_leaf50_sub1_direct,1.15,validation,1.9082563335051705,1.1311527924867981,0.12210882255597828,2.709631354945192,2.7261750069723014,206.0,179.0,184.0,569.0
plus_ndfd_temp_day__skew_normal__quick_100_lr006_depth2_leaf50_sub1_direct,plus_ndfd_temp_day,41,skew_normal,quick_100_lr006_depth2_leaf50_sub1_direct,1.15,test,1.8549993322673743,1.1119748632851942,0.11776573343260628,2.911515360858405,2.791905807330318,206.0,179.0,184.0,569.0
plus_ndfd_temp_day__skew_normal__quick_100_lr006_depth2_leaf50_sub1_direct,plus_ndfd_temp_day,41,skew_normal,quick_100_lr006_depth2_leaf50_sub1_direct,1.18,validation,1.911938076130927,1.1327547565726563,0.12215716530530811,2.780317390291587,2.79729261584984,218.0,185.0,196.0,599.0
plus_ndfd_temp_day__skew_normal__quick_100_lr006_depth2_leaf50_sub1_direct,plus_ndfd_temp_day,41,skew_normal,quick_100_lr006_depth2_leaf50_sub1_direct,1.18,test,1.8648192820385388,1.1164049728512362,0.11812707807887053,2.987467935489494,2.8647381327389354,218.0,185.0,196.0,599.0
plus_ndfd_temp_day__skew_normal__quick_100_lr006_depth2_leaf50_sub1_direct,plus_ndfd_temp_day,41,skew_normal,quick_100_lr006_depth2_leaf50_sub1_direct,1.2,validation,1.9150656882645567,1.1342765664887233,0.12223209988558807,2.827441413855852,2.8447043551015323,230.0,190.0,207.0,627.0
plus_ndfd_temp_day__skew_normal__quick_100_lr006_depth2_leaf50_sub1_direct,plus_ndfd_temp_day,41,skew_normal,quick_100_lr006_depth2_leaf50_sub1_direct,1.2,test,1.8717926091880388,1.1197186394059044,0.11840531109499194,3.0381029852435537,2.9132930163446797,230.0,190.0,207.0,627.0
plus_ndfd_temp_day__skew_normal__quick_100_lr006_depth2_leaf50_sub1_direct,plus_ndfd_temp_day,41,skew_normal,quick_100_lr006_depth2_leaf50_sub1_direct,1.25,validation,1.9249223637615631,1.1394775843350022,0.12255672827150099,2.945251472766513,2.9632337032307627,244.0,209.0,228.0,681.0
plus_ndfd_temp_day__skew_normal__quick_100_lr006_depth2_leaf50_sub1_direct,plus_ndfd_temp_day,41,skew_normal,quick_100_lr006_depth2_leaf50_sub1_direct,1.25,test,1.8904891981268979,1.129101357708036,0.11921908884816523,3.1646906096287015,3.0346802253590415,244.0,209.0,228.0,681.0
plus_ndfd_temp_day__skew_normal__quick_100_lr006_depth2_leaf50_sub1_direct,plus_ndfd_temp_day,41,skew_normal,quick_100_lr006_depth2_leaf50_sub1_direct,1.3,validation,1.9372274787926882,1.1463905163691215,0.12305799877797678,3.063061531677173,3.081763051359993,258.0,229.0,242.0,729.0
plus_ndfd_temp_day__skew_normal__quick_100_lr006_depth2_leaf50_sub1_direct,plus_ndfd_temp_day,41,skew_normal,quick_100_lr006_depth2_leaf50_sub1_direct,1.3,test,1.9106579587239454,1.1398144554024339,0.1201820468152391,3.29127823401385,3.1560674343734036,258.0,229.0,242.0,729.0
plus_ndfd_temp_day__skew_normal__regularized_160_lr004_depth2_leaf75_sub1_direct,plus_ndfd_temp_day,41,skew_normal,regularized_160_lr004_depth2_leaf75_sub1_direct,0.9,validation,1.93785928730896,1.1585651935734567,0.12462308558247903,2.0409012984962387,2.0937949645914253,259.0,259.0,258.0,776.0
plus_ndfd_temp_day__skew_normal__regularized_160_lr004_depth2_leaf75_sub1_direct,plus_ndfd_temp_day,41,skew_normal,regularized_160_lr004_depth2_leaf75_sub1_direct,0.9,test,1.8131208473495275,1.111851020284561,0.11776942938975302,2.1690540911510774,2.161234232671512,259.0,259.0,258.0,776.0
plus_ndfd_temp_day__skew_normal__regularized_160_lr004_depth2_leaf75_sub1_direct,plus_ndfd_temp_day,41,skew_normal,regularized_160_lr004_depth2_leaf75_sub1_direct,0.95,validation,1.9100732806306513,1.140189820676067,0.1232019948953335,2.1542847039682513,2.210116907068726,210.0,233.0,230.0,673.0
plus_ndfd_temp_day__skew_normal__regularized_160_lr004_depth2_leaf75_sub1_direct,plus_ndfd_temp_day,41,skew_normal,regularized_160_lr004_depth2_leaf75_sub1_direct,0.95,test,1.8033575342686585,1.1006412046921867,0.11684983574576649,2.289557096215026,2.2813028011532626,210.0,233.0,230.0,673.0
plus_ndfd_temp_day__skew_normal__regularized_160_lr004_depth2_leaf75_sub1_direct,plus_ndfd_temp_day,41,skew_normal,regularized_160_lr004_depth2_leaf75_sub1_direct,1.0,validation,1.8922291703709544,1.1276899465489754,0.12213222828383882,2.2676681094402644,2.3264388495460278,99.0,181.0,148.0,428.0
plus_ndfd_temp_day__skew_normal__regularized_160_lr004_depth2_leaf75_sub1_direct,plus_ndfd_temp_day,41,skew_normal,regularized_160_lr004_depth2_leaf75_sub1_direct,1.0,test,1.8009591882958225,1.094419326422436,0.11627357869380732,2.410060101278975,2.4013713696350134,99.0,181.0,148.0,428.0
plus_ndfd_temp_day__skew_normal__regularized_160_lr004_depth2_leaf75_sub1_direct,plus_ndfd_temp_day,41,skew_normal,regularized_160_lr004_depth2_leaf75_sub1_direct,1.03,validation,1.8854014423735337,1.1225335486630155,0.12164459476659342,2.3356981527234733,2.3962320150324086,66.0,127.0,90.0,283.0
plus_ndfd_temp_day__skew_normal__regularized_160_lr004_depth2_leaf75_sub1_direct,plus_ndfd_temp_day,41,skew_normal,regularized_160_lr004_depth2_leaf75_sub1_direct,1.03,test,1.8023628183794398,1.09266895061147,0.11607619840427072,2.482361904317344,2.4734125107240637,66.0,127.0,90.0,283.0
plus_ndfd_temp_day__skew_normal__regularized_160_lr004_depth2_leaf75_sub1_direct,plus_ndfd_temp_day,41,skew_normal,regularized_160_lr004_depth2_leaf75_sub1_direct,1.05,validation,1.8822318293343319,1.119945323457659,0.12137935903651909,2.381051514912278,2.4427607920233294,53.0,95.0,63.0,211.0
plus_ndfd_temp_day__skew_normal__regularized_160_lr004_depth2_leaf75_sub1_direct,plus_ndfd_temp_day,41,skew_normal,regularized_160_lr004_depth2_leaf75_sub1_direct,1.05,test,1.8043022087218181,1.0922183885041519,0.11600155404513388,2.5305631063429237,2.5214399381167643,53.0,95.0,63.0,211.0
plus_ndfd_temp_day__skew_normal__regularized_160_lr004_depth2_leaf75_sub1_direct,plus_ndfd_temp_day,41,skew_normal,regularized_160_lr004_depth2_leaf75_sub1_direct,1.08,validation,1.8793135481494037,1.117206237006228,0.12106622723806322,2.4490815581954855,2.5125539575097102,46.0,66.0,47.0,159.0
plus_ndfd_temp_day__skew_normal__regularized_160_lr004_depth2_leaf75_sub1_direct,plus_ndfd_temp_day,41,skew_normal,regularized_160_lr004_depth2_leaf75_sub1_direct,1.08,test,1.8085339672251024,1.0925040201731973,0.11596951578533873,2.6028649093812932,2.5934810792058145,46.0,66.0,47.0,159.0
plus_ndfd_temp_day__skew_normal__regularized_160_lr004_depth2_leaf75_sub1_direct,plus_ndfd_temp_day,41,skew_normal,regularized_160_lr004_depth2_leaf75_sub1_direct,1.1,validation,1.878470087758291,1.1160742824924472,0.12091110900522253,2.4944349203842915,2.559082734500631,44.0,53.0,38.0,135.0
plus_ndfd_temp_day__skew_normal__regularized_160_lr004_depth2_leaf75_sub1_direct,plus_ndfd_temp_day,41,skew_normal,regularized_160_lr004_depth2_leaf75_sub1_direct,1.1,test,1.8121430854481275,1.0932765811789869,0.11599839842119172,2.6510661114068728,2.641508506598515,44.0,53.0,38.0,135.0
plus_ndfd_temp_day__skew_normal__regularized_160_lr004_depth2_leaf75_sub1_direct,plus_ndfd_temp_day,41,skew_normal,regularized_160_lr004_depth2_leaf75_sub1_direct,1.12,validation,1.8784208706296166,1.1154483734052423,0.1207967002055661,2.539788282573097,2.6056115114915515,43.0,45.0,36.0,124.0
plus_ndfd_temp_day__skew_normal__regularized_160_lr004_depth2_leaf75_sub1_direct,plus_ndfd_temp_day,41,skew_normal,regularized_160_lr004_depth2_leaf75_sub1_direct,1.12,test,1.8163154924603,1.0944722820627197,0.11606514567362344,2.6992673134324523,2.6895359339912153,43.0,45.0,36.0,124.0
plus_ndfd_temp_day__skew_normal__regularized_160_lr004_depth2_leaf75_sub1_direct,plus_ndfd_temp_day,41,skew_normal,regularized_160_lr004_depth2_leaf75_sub1_direct,1.15,validation,1.879690961479124,1.1153756073806456,0.12069745121511932,2.607818325856304,2.675404676977932,47.0,35.0,35.0,117.0
plus_ndfd_temp_day__skew_normal__regularized_160_lr004_depth2_leaf75_sub1_direct,plus_ndfd_temp_day,41,skew_normal,regularized_160_lr004_depth2_leaf75_sub1_direct,1.15,test,1.8235190586409291,1.0969876815860597,0.11623210831682758,2.771569116470821,2.7615770750802655,47.0,35.0,35.0,117.0
plus_ndfd_temp_day__skew_normal__regularized_160_lr004_depth2_leaf75_sub1_direct,plus_ndfd_temp_day,41,skew_normal,regularized_160_lr004_depth2_leaf75_sub1_direct,1.18,validation,1.8823965876726567,1.1162401940545568,0.12067981498505409,2.6758483691395125,2.7451978424643126,54.0,33.0,41.0,128.0
plus_ndfd_temp_day__skew_normal__regularized_160_lr004_depth2_leaf75_sub1_direct,plus_ndfd_temp_day,41,skew_normal,regularized_160_lr004_depth2_leaf75_sub1_direct,1.18,test,1.8317213080248238,1.1002811456294639,0.11647385953067772,2.8438709195091905,2.8336182161693158,54.0,33.0,41.0,128.0
plus_ndfd_temp_day__skew_normal__regularized_160_lr004_depth2_leaf75_sub1_direct,plus_ndfd_temp_day,41,skew_normal,regularized_160_lr004_depth2_leaf75_sub1_direct,1.2,validation,1.8849102120107426,1.1172863576092507,0.12071061318794911,2.721201731328317,2.7917266194552335,63.0,37.0,48.0,148.0
plus_ndfd_temp_day__skew_normal__regularized_160_lr004_depth2_leaf75_sub1_direct,plus_ndfd_temp_day,41,skew_normal,regularized_160_lr004_depth2_leaf75_sub1_direct,1.2,test,1.8376775613537324,1.102864983318518,0.11667371077117623,2.8920721215347704,2.881645643562016,63.0,37.0,48.0,148.0
plus_ndfd_temp_day__skew_normal__regularized_160_lr004_depth2_leaf75_sub1_direct,plus_ndfd_temp_day,41,skew_normal,regularized_160_lr004_depth2_leaf75_sub1_direct,1.25,validation,1.8933477519526196,1.121350801165249,0.12092502503341789,2.834585136800331,2.9080485619325347,109.0,54.0,75.0,238.0
plus_ndfd_temp_day__skew_normal__regularized_160_lr004_depth2_leaf75_sub1_direct,plus_ndfd_temp_day,41,skew_normal,regularized_160_lr004_depth2_leaf75_sub1_direct,1.25,test,1.8540253272649523,1.1105146571160813,0.11729698554448229,3.0125751265987186,3.0017142120437668,109.0,54.0,75.0,238.0
plus_ndfd_temp_day__skew_normal__regularized_160_lr004_depth2_leaf75_sub1_direct,plus_ndfd_temp_day,41,skew_normal,regularized_160_lr004_depth2_leaf75_sub1_direct,1.3,validation,1.9043803305316853,1.1271972182693966,0.12131723804727464,2.9479685422723443,3.0243705044098363,190.0,88.0,138.0,416.0
plus_ndfd_temp_day__skew_normal__regularized_160_lr004_depth2_leaf75_sub1_direct,plus_ndfd_temp_day,41,skew_normal,regularized_160_lr004_depth2_leaf75_sub1_direct,1.3,test,1.8720911631773136,1.1196158022511848,0.1180782306781033,3.1330781316626677,3.1217827805255176,190.0,88.0,138.0,416.0
plus_ndfd_temp_day__skew_normal__stump_160_lr004_depth1_leaf50_sub1_direct,plus_ndfd_temp_day,41,skew_normal,stump_160_lr004_depth1_leaf50_sub1_direct,0.9,validation,2.0203474760350257,1.2186734178569507,0.12991648655056753,2.28845518083781,2.381753787251749,354.0,362.0,356.0,1072.0
plus_ndfd_temp_day__skew_normal__stump_160_lr004_depth1_leaf50_sub1_direct,plus_ndfd_temp_day,41,skew_normal,stump_160_lr004_depth1_leaf50_sub1_direct,0.9,test,1.8955459805578208,1.1624876073630916,0.12269032641977536,2.4232343039394135,2.435064001286688,354.0,362.0,356.0,1072.0
plus_ndfd_temp_day__skew_normal__stump_160_lr004_depth1_leaf50_sub1_direct,plus_ndfd_temp_day,41,skew_normal,stump_160_lr004_depth1_leaf50_sub1_direct,0.95,validation,2.0018511371608345,1.2061903027166316,0.12893703947695165,2.415591579773243,2.514073442099068,338.0,348.0,341.0,1027.0
plus_ndfd_temp_day__skew_normal__stump_160_lr004_depth1_leaf50_sub1_direct,plus_ndfd_temp_day,41,skew_normal,stump_160_lr004_depth1_leaf50_sub1_direct,0.95,test,1.8946517406298051,1.1579664349353853,0.12226934324051628,2.5578584319360473,2.570345334691504,338.0,348.0,341.0,1027.0
plus_ndfd_temp_day__skew_normal__stump_160_lr004_depth1_leaf50_sub1_direct,plus_ndfd_temp_day,41,skew_normal,stump_160_lr004_depth1_leaf50_sub1_direct,1.0,validation,1.9920384024448583,1.1992395094323236,0.1283049068721656,2.542727978708677,2.6463930969463876,316.0,333.0,321.0,970.0
plus_ndfd_temp_day__skew_normal__stump_160_lr004_depth1_leaf50_sub1_direct,plus_ndfd_temp_day,41,skew_normal,stump_160_lr004_depth1_leaf50_sub1_direct,1.0,test,1.8999517401362116,1.1579836615878518,0.12218877983172723,2.6924825599326816,2.70562666809632,316.0,333.0,321.0,970.0
plus_ndfd_temp_day__skew_normal__stump_160_lr004_depth1_leaf50_sub1_direct,plus_ndfd_temp_day,41,skew_normal,stump_160_lr004_depth1_leaf50_sub1_direct,1.03,validation,1.9895195710999491,1.1972557537243291,0.128074733877282,2.6190098180699373,2.725784889854779,307.0,322.0,309.0,938.0
plus_ndfd_temp_day__skew_normal__stump_160_lr004_depth1_leaf50_sub1_direct,plus_ndfd_temp_day,41,skew_normal,stump_160_lr004_depth1_leaf50_sub1_direct,1.03,test,1.9054989570585201,1.159775314231449,0.12228375529328932,2.773257036730662,2.7867954681392098,307.0,322.0,309.0,938.0
plus_ndfd_temp_day__skew_normal__stump_160_lr004_depth1_leaf50_sub1_direct,plus_ndfd_temp_day,41,skew_normal,stump_160_lr004_depth1_leaf50_sub1_direct,1.05,validation,1.9890350101595915,1.1967197193271515,0.1279782816935057,2.669864377644111,2.778712751793707,306.0,312.0,305.0,923.0
plus_ndfd_temp_day__skew_normal__stump_160_lr004_depth1_leaf50_sub1_direct,plus_ndfd_temp_day,41,skew_normal,stump_160_lr004_depth1_leaf50_sub1_direct,1.05,test,1.9100255876595897,1.1616064194966325,0.12240102209220749,2.8271066879293163,2.8409080015011363,306.0,312.0,305.0,923.0
plus_ndfd_temp_day__skew_normal__stump_160_lr004_depth1_leaf50_sub1_direct,plus_ndfd_temp_day,41,skew_normal,stump_160_lr004_depth1_leaf50_sub1_direct,1.08,validation,1.9898885564005884,1.1969673960175573,0.12791340685609484,2.7461462170053714,2.8581045447020985,308.0,304.0,306.0,918.0
plus_ndfd_temp_day__skew_normal__stump_160_lr004_depth1_leaf50_sub1_direct,plus_ndfd_temp_day,41,skew_normal,stump_160_lr004_depth1_leaf50_sub1_direct,1.08,test,1.917899020085304,1.165199822251053,0.12265153733943217,2.907881164727297,2.922076801544026,308.0,304.0,306.0,918.0
plus_ndfd_temp_day__skew_normal__stump_160_lr004_depth1_leaf50_sub1_direct,plus_ndfd_temp_day,41,skew_normal,stump_160_lr004_depth1_leaf50_sub1_direct,1.1,validation,1.9914024325203088,1.197767221306871,0.12792022788452304,2.797000776579545,2.9110324066410262,313.0,305.0,313.0,931.0
plus_ndfd_temp_day__skew_normal__stump_160_lr004_depth1_leaf50_sub1_direct,plus_ndfd_temp_day,41,skew_normal,stump_160_lr004_depth1_leaf50_sub1_direct,1.1,test,1.9237886976011551,1.1681037589058045,0.12286485390358237,2.96173081592595,2.9761893349059525,313.0,305.0,313.0,931.0
plus_ndfd_temp_day__skew_normal__stump_160_lr004_depth1_leaf50_sub1_direct,plus_ndfd_temp_day,41,skew_normal,stump_160_lr004_depth1_leaf50_sub1_direct,1.12,validation,1.9935943857749692,1.1990268497146566,0.1279647261398307,2.847855336153718,2.963960268579954,319.0,310.0,319.0,948.0
plus_ndfd_temp_day__skew_normal__stump_160_lr004_depth1_leaf50_sub1_direct,plus_ndfd_temp_day,41,skew_normal,stump_160_lr004_depth1_leaf50_sub1_direct,1.12,test,1.9301327329933153,1.1713738593594412,0.12311262747091686,3.015580467124604,3.0303018682678786,319.0,310.0,319.0,948.0
plus_ndfd_temp_day__skew_normal__stump_160_lr004_depth1_leaf50_sub1_direct,plus_ndfd_temp_day,41,skew_normal,stump_160_lr004_depth1_leaf50_sub1_direct,1.15,validation,1.9980245672610726,1.2016980321645117,0.12809790007635238,2.9241371755149785,3.0433520614883456,330.0,324.0,327.0,981.0
plus_ndfd_temp_day__skew_normal__stump_160_lr004_depth1_leaf50_sub1_direct,plus_ndfd_temp_day,41,skew_normal,stump_160_lr004_depth1_leaf50_sub1_direct,1.15,test,1.9404043719445392,1.1768977554781284,0.1235443531633887,3.0963549439225835,3.111470668310768,330.0,324.0,327.0,981.0
plus_ndfd_temp_day__skew_normal__stump_160_lr004_depth1_leaf50_sub1_direct,plus_ndfd_temp_day,41,skew_normal,stump_160_lr004_depth1_leaf50_sub1_direct,1.18,validation,2.0036682075142465,1.2052084996417523,0.1283053110738665,3.000419014876239,3.122743854396737,339.0,334.0,338.0,1011.0
plus_ndfd_temp_day__skew_normal__stump_160_lr004_depth1_leaf50_sub1_direct,plus_ndfd_temp_day,41,skew_normal,stump_160_lr004_depth1_leaf50_sub1_direct,1.18,test,1.9514658087839978,1.1830809114054093,0.12404232311531518,3.177129420720564,3.1926394683536574,339.0,334.0,338.0,1011.0
plus_ndfd_temp_day__skew_normal__stump_160_lr004_depth1_leaf50_sub1_direct,plus_ndfd_temp_day,41,skew_normal,stump_160_lr004_depth1_leaf50_sub1_direct,1.2,validation,2.00802711093045,1.2079658270498512,0.12848194825848636,3.0512735744504123,3.175671716335665,344.0,337.0,344.0,1025.0
plus_ndfd_temp_day__skew_normal__stump_160_lr004_depth1_leaf50_sub1_direct,plus_ndfd_temp_day,41,skew_normal,stump_160_lr004_depth1_leaf50_sub1_direct,1.2,test,1.9592213387457458,1.1875278380278433,0.12440806870410151,3.2309790719192177,3.246752001715584,344.0,337.0,344.0,1025.0
plus_ndfd_temp_day__skew_normal__stump_160_lr004_depth1_leaf50_sub1_direct,plus_ndfd_temp_day,41,skew_normal,stump_160_lr004_depth1_leaf50_sub1_direct,1.25,validation,2.020719298935817,1.2161309014430812,0.1290460717046194,3.178409973385846,3.3079913711829843,355.0,350.0,354.0,1059.0
plus_ndfd_temp_day__skew_normal__stump_160_lr004_depth1_leaf50_sub1_direct,plus_ndfd_temp_day,41,skew_normal,stump_160_lr004_depth1_leaf50_sub1_direct,1.25,test,1.9797286890381276,1.1996243859354958,0.12542839922426013,3.365603199915852,3.3820333351204,355.0,350.0,354.0,1059.0
plus_ndfd_temp_day__skew_normal__stump_160_lr004_depth1_leaf50_sub1_direct,plus_ndfd_temp_day,41,skew_normal,stump_160_lr004_depth1_leaf50_sub1_direct,1.3,validation,2.035551215958139,1.2258369628878032,0.12976668145772874,3.3055463723212806,3.4403110260303036,363.0,360.0,363.0,1086.0
plus_ndfd_temp_day__skew_normal__stump_160_lr004_depth1_leaf50_sub1_direct,plus_ndfd_temp_day,41,skew_normal,stump_160_lr004_depth1_leaf50_sub1_direct,1.3,test,2.001522909342821,1.2128889360018933,0.12658111050901127,3.5002273279124863,3.5173146685252163,363.0,360.0,363.0,1086.0
plus_ndfd_interactions__skew_normal__control_120_lr005_depth2_leaf50_sub1_direct,plus_ndfd_interactions,40,skew_normal,control_120_lr005_depth2_leaf50_sub1_direct,0.9,validation,1.9558059899080615,1.1722093105343947,0.12584826140926295,2.0835155872955613,2.103536342802454,268.0,270.0,271.0,809.0
plus_ndfd_interactions__skew_normal__control_120_lr005_depth2_leaf50_sub1_direct,plus_ndfd_interactions,40,skew_normal,control_120_lr005_depth2_leaf50_sub1_direct,0.9,test,1.8373424900062523,1.1265515156956203,0.1196285652705272,2.177707950828344,2.114914675974263,268.0,270.0,271.0,809.0
plus_ndfd_interactions__skew_normal__control_120_lr005_depth2_leaf50_sub1_direct,plus_ndfd_interactions,40,skew_normal,control_120_lr005_depth2_leaf50_sub1_direct,0.95,validation,1.9283148093022104,1.1537239116094955,0.12442811483034526,2.199266453256426,2.220399472958146,247.0,253.0,253.0,753.0
plus_ndfd_interactions__skew_normal__control_120_lr005_depth2_leaf50_sub1_direct,plus_ndfd_interactions,40,skew_normal,control_120_lr005_depth2_leaf50_sub1_direct,0.95,test,1.825484199290559,1.1140213446209855,0.11856124025688701,2.298691725874363,2.232409935750611,247.0,253.0,253.0,753.0
plus_ndfd_interactions__skew_normal__control_120_lr005_depth2_leaf50_sub1_direct,plus_ndfd_interactions,40,skew_normal,control_120_lr005_depth2_leaf50_sub1_direct,1.0,validation,1.910737582447572,1.1411842566466093,0.12336643180189058,2.3150173192172905,2.337262603113838,214.0,238.0,233.0,685.0
plus_ndfd_interactions__skew_normal__control_120_lr005_depth2_leaf50_sub1_direct,plus_ndfd_interactions,40,skew_normal,control_120_lr005_depth2_leaf50_sub1_direct,1.0,test,1.8212996697775188,1.1066889378085272,0.11785346182031568,2.4196755009203823,2.3499051955269588,214.0,238.0,233.0,685.0
plus_ndfd_interactions__skew_normal__control_120_lr005_depth2_leaf50_sub1_direct,plus_ndfd_interactions,40,skew_normal,control_120_lr005_depth2_leaf50_sub1_direct,1.03,validation,1.9040589732369952,1.1360311466035513,0.12288620413311106,2.384467838793809,2.4073804812072526,186.0,226.0,216.0,628.0
plus_ndfd_interactions__skew_normal__control_120_lr005_depth2_leaf50_sub1_direct,plus_ndfd_interactions,40,skew_normal,control_120_lr005_depth2_leaf50_sub1_direct,1.03,test,1.8217561872596317,1.1043571171195647,0.11758447945104537,2.4922657659479936,2.4204023513927675,186.0,226.0,216.0,628.0
plus_ndfd_interactions__skew_normal__control_120_lr005_depth2_leaf50_sub1_direct,plus_ndfd_interactions,40,skew_normal,control_120_lr005_depth2_leaf50_sub1_direct,1.05,validation,1.9009847838665699,1.1334546684472855,0.12262674405279625,2.430768185178155,2.45412573326953,168.0,213.0,203.0,584.0
plus_ndfd_interactions__skew_normal__control_120_lr005_depth2_leaf50_sub1_direct,plus_ndfd_interactions,40,skew_normal,control_120_lr005_depth2_leaf50_sub1_direct,1.05,test,1.823109794061703,1.1035500330155716,0.11746497981629414,2.540659275966401,2.4674004553033067,168.0,213.0,203.0,584.0
plus_ndfd_interactions__skew_normal__control_120_lr005_depth2_leaf50_sub1_direct,plus_ndfd_interactions,40,skew_normal,control_120_lr005_depth2_leaf50_sub1_direct,1.08,validation,1.898204236633456,1.1307457219100174,0.12232330652116515,2.500218704754674,2.524243611362945,150.0,195.0,180.0,525.0
plus_ndfd_interactions__skew_normal__control_120_lr005_depth2_leaf50_sub1_direct,plus_ndfd_interactions,40,skew_normal,control_120_lr005_depth2_leaf50_sub1_direct,1.08,test,1.8265248417786093,1.1033431398099403,0.11736976876666885,2.613249540994013,2.5378976111691154,150.0,195.0,180.0,525.0
plus_ndfd_interactions__skew_normal__control_120_lr005_depth2_leaf50_sub1_direct,plus_ndfd_interactions,40,skew_normal,control_120_lr005_depth2_leaf50_sub1_direct,1.1,validation,1.897449287321637,1.1296412647277512,0.1221752231102508,2.54651905113902,2.570988863425222,144.0,187.0,166.0,497.0
plus_ndfd_interactions__skew_normal__control_120_lr005_depth2_leaf50_sub1_direct,plus_ndfd_interactions,40,skew_normal,control_120_lr005_depth2_leaf50_sub1_direct,1.1,test,1.8296274270796216,1.1038132227298267,0.11735915271135859,2.6616430510124207,2.5848957150796545,144.0,187.0,166.0,497.0
plus_ndfd_interactions__skew_normal__control_120_lr005_depth2_leaf50_sub1_direct,plus_ndfd_interactions,40,skew_normal,control_120_lr005_depth2_leaf50_sub1_direct,1.12,validation,1.8974861332255046,1.129048096589866,0.12206822535560809,2.5928193975233658,2.6177341154874987,145.0,170.0,161.0,476.0
plus_ndfd_interactions__skew_normal__control_120_lr005_depth2_leaf50_sub1_direct,plus_ndfd_interactions,40,skew_normal,control_120_lr005_depth2_leaf50_sub1_direct,1.12,test,1.8333212158537944,1.1047254734319165,0.11738839555196626,2.710036561030828,2.631893818990194,145.0,170.0,161.0,476.0
plus_ndfd_interactions__skew_normal__control_120_lr005_depth2_leaf50_sub1_direct,plus_ndfd_interactions,40,skew_normal,control_120_lr005_depth2_leaf50_sub1_direct,1.15,validation,1.8988810521297117,1.1290331370706976,0.12198066560363123,2.6622699170998834,2.687851993580913,155.0,159.0,160.0,474.0
plus_ndfd_interactions__skew_normal__control_120_lr005_depth2_leaf50_sub1_direct,plus_ndfd_interactions,40,skew_normal,control_120_lr005_depth2_leaf50_sub1_direct,1.15,test,1.8398550945157546,1.1068485590894563,0.11750265713537573,2.782626826058439,2.7023909748560024,155.0,159.0,160.0,474.0
plus_ndfd_interactions__skew_normal__control_120_lr005_depth2_leaf50_sub1_direct,plus_ndfd_interactions,40,skew_normal,control_120_lr005_depth2_leaf50_sub1_direct,1.18,validation,1.901706768857039,1.1299645721439706,0.12197524735878695,2.7317204366764027,2.7579698716743284,172.0,158.0,171.0,501.0
plus_ndfd_interactions__skew_normal__control_120_lr005_depth2_leaf50_sub1_direct,plus_ndfd_interactions,40,skew_normal,control_120_lr005_depth2_leaf50_sub1_direct,1.18,test,1.8474404857510727,1.1097856597271252,0.11769572662582994,2.8552170910860504,2.772888130721811,172.0,158.0,171.0,501.0
plus_ndfd_interactions__skew_normal__control_120_lr005_depth2_leaf50_sub1_direct,plus_ndfd_interactions,40,skew_normal,control_120_lr005_depth2_leaf50_sub1_direct,1.2,validation,1.9042980049998692,1.131059633794479,0.12201440810705648,2.7780207830607484,2.804715123736605,188.0,164.0,182.0,534.0
plus_ndfd_interactions__skew_normal__control_120_lr005_depth2_leaf50_sub1_direct,plus_ndfd_interactions,40,skew_normal,control_120_lr005_depth2_leaf50_sub1_direct,1.2,test,1.8530123175619226,1.112150146060913,0.11786522237213388,2.9036106011044587,2.8198862346323503,188.0,164.0,182.0,534.0
plus_ndfd_interactions__skew_normal__control_120_lr005_depth2_leaf50_sub1_direct,plus_ndfd_interactions,40,skew_normal,control_120_lr005_depth2_leaf50_sub1_direct,1.25,validation,1.9129216726805545,1.1352588729880357,0.12225020739335304,2.8937716490216134,2.9215782538922968,222.0,192.0,210.0,624.0
plus_ndfd_interactions__skew_normal__control_120_lr005_depth2_leaf50_sub1_direct,plus_ndfd_interactions,40,skew_normal,control_120_lr005_depth2_leaf50_sub1_direct,1.25,test,1.868483175041877,1.1193084986619164,0.11841939263435468,3.0245943761504783,2.9373814944086982,222.0,192.0,210.0,624.0
plus_ndfd_interactions__skew_normal__control_120_lr005_depth2_leaf50_sub1_direct,plus_ndfd_interactions,40,skew_normal,control_120_lr005_depth2_leaf50_sub1_direct,1.3,validation,1.9241300284146545,1.1412542200332505,0.12266410682605544,3.0095225149824776,3.038441384047989,241.0,214.0,234.0,689.0
plus_ndfd_interactions__skew_normal__control_120_lr005_depth2_leaf50_sub1_direct,plus_ndfd_interactions,40,skew_normal,control_120_lr005_depth2_leaf50_sub1_direct,1.3,test,1.8857779302805786,1.1279898402179576,0.11914031514284502,3.1455781511964966,3.054876754185046,241.0,214.0,234.0,689.0
plus_ndfd_interactions__skew_normal__quick_100_lr006_depth2_leaf50_sub1_direct,plus_ndfd_interactions,40,skew_normal,quick_100_lr006_depth2_leaf50_sub1_direct,0.9,validation,1.9500767010963944,1.1673613740742537,0.1252145287414626,2.0757621106139106,2.0699399674478838,263.0,265.0,266.0,794.0
plus_ndfd_interactions__skew_normal__quick_100_lr006_depth2_leaf50_sub1_direct,plus_ndfd_interactions,40,skew_normal,quick_100_lr006_depth2_leaf50_sub1_direct,0.9,test,1.8369596209534358,1.1241316912175023,0.11905689340410094,2.1799273747376815,2.102109711764287,263.0,265.0,266.0,794.0
plus_ndfd_interactions__skew_normal__quick_100_lr006_depth2_leaf50_sub1_direct,plus_ndfd_interactions,40,skew_normal,quick_100_lr006_depth2_leaf50_sub1_direct,0.95,validation,1.9225817298438665,1.1489324800817968,0.123819682413475,2.1910822278702384,2.1849366323060995,239.0,244.0,245.0,728.0
plus_ndfd_interactions__skew_normal__quick_100_lr006_depth2_leaf50_sub1_direct,plus_ndfd_interactions,40,skew_normal,quick_100_lr006_depth2_leaf50_sub1_direct,0.95,test,1.8251232427708322,1.1118389145924004,0.11806605865142124,2.3010344511119976,2.218893584640081,239.0,244.0,245.0,728.0
plus_ndfd_interactions__skew_normal__quick_100_lr006_depth2_leaf50_sub1_direct,plus_ndfd_interactions,40,skew_normal,quick_100_lr006_depth2_leaf50_sub1_direct,1.0,validation,1.904993694755639,1.1364246589173252,0.1227797569021825,2.3064023451265667,2.299933297164315,192.0,218.0,218.0,628.0
plus_ndfd_interactions__skew_normal__quick_100_lr006_depth2_leaf50_sub1_direct,plus_ndfd_interactions,40,skew_normal,quick_100_lr006_depth2_leaf50_sub1_direct,1.0,test,1.8209568026446765,1.1046944124841156,0.11742406978076987,2.422141527486313,2.3356774575158745,192.0,218.0,218.0,628.0
plus_ndfd_interactions__skew_normal__quick_100_lr006_depth2_leaf50_sub1_direct,plus_ndfd_interactions,40,skew_normal,quick_100_lr006_depth2_leaf50_sub1_direct,1.03,validation,1.898306161568824,1.1312815318339196,0.1223112194994876,2.3755944154803643,2.3689312960792446,151.0,194.0,186.0,531.0
plus_ndfd_interactions__skew_normal__quick_100_lr006_depth2_leaf50_sub1_direct,plus_ndfd_interactions,40,skew_normal,quick_100_lr006_depth2_leaf50_sub1_direct,1.03,test,1.8214222802222122,1.1024557576547311,0.11718979217285992,2.4948057733109024,2.4057477812413506,151.0,194.0,186.0,531.0
plus_ndfd_interactions__skew_normal__quick_100_lr006_depth2_leaf50_sub1_direct,plus_ndfd_interactions,40,skew_normal,quick_100_lr006_depth2_leaf50_sub1_direct,1.05,validation,1.8952252383434594,1.1287086067303538,0.12205906379652018,2.4217224623828955,2.414929962022531,123.0,169.0,158.0,450.0
plus_ndfd_interactions__skew_normal__quick_100_lr006_depth2_leaf50_sub1_direct,plus_ndfd_interactions,40,skew_normal,quick_100_lr006_depth2_leaf50_sub1_direct,1.05,test,1.8227810702420104,1.101703739067785,0.11709157032813264,2.543248603860629,2.4524613303916682,123.0,169.0,158.0,450.0
plus_ndfd_interactions__skew_normal__quick_100_lr006_depth2_leaf50_sub1_direct,plus_ndfd_interactions,40,skew_normal,quick_100_lr006_depth2_leaf50_sub1_direct,1.08,validation,1.892433637641652,1.126001024682442,0.12176592110022566,2.4909145327366926,2.4839279609374607,100.0,137.0,126.0,363.0
plus_ndfd_interactions__skew_normal__quick_100_lr006_depth2_leaf50_sub1_direct,plus_ndfd_interactions,40,skew_normal,quick_100_lr006_depth2_leaf50_sub1_direct,1.08,test,1.826202721010818,1.1015700170416436,0.11702564584386388,2.615912849685218,2.5225316541171448,100.0,137.0,126.0,363.0
plus_ndfd_interactions__skew_normal__quick_100_lr006_depth2_leaf50_sub1_direct,plus_ndfd_interactions,40,skew_normal,quick_100_lr006_depth2_leaf50_sub1_direct,1.1,validation,1.8916707951795408,1.1248951800750688,0.12162429350424549,2.537042579639224,2.529926626880747,91.0,122.0,111.0,324.0
plus_ndfd_interactions__skew_normal__quick_100_lr006_depth2_leaf50_sub1_direct,plus_ndfd_interactions,40,skew_normal,quick_100_lr006_depth2_leaf50_sub1_direct,1.1,test,1.8293089405335679,1.1020831873520407,0.11703289276030729,2.6643556802349444,2.569245203267462,91.0,122.0,111.0,324.0
plus_ndfd_interactions__skew_normal__quick_100_lr006_depth2_leaf50_sub1_direct,plus_ndfd_interactions,40,skew_normal,quick_100_lr006_depth2_leaf50_sub1_direct,1.12,validation,1.8916994052175802,1.1242990295251842,0.1215234478087776,2.5831706265417553,2.5759252928240333,92.0,117.0,104.0,313.0
plus_ndfd_interactions__skew_normal__quick_100_lr006_depth2_leaf50_sub1_direct,plus_ndfd_interactions,40,skew_normal,quick_100_lr006_depth2_leaf50_sub1_direct,1.12,test,1.833005763279992,1.1030343969484993,0.11707874217345453,2.7127985107846704,2.6159587524177796,92.0,117.0,104.0,313.0
plus_ndfd_interactions__skew_normal__quick_100_lr006_depth2_leaf50_sub1_direct,plus_ndfd_interactions,40,skew_normal,quick_100_lr006_depth2_leaf50_sub1_direct,1.15,validation,1.893081449806987,1.1242769988566523,0.12144458013982469,2.652362696895552,2.6449232917389622,106.0,103.0,103.0,312.0
plus_ndfd_interactions__skew_normal__quick_100_lr006_depth2_leaf50_sub1_direct,plus_ndfd_interactions,40,skew_normal,quick_100_lr006_depth2_leaf50_sub1_direct,1.15,test,1.8395430993082234,1.1052088931341748,0.11721569120313902,2.7854627566092596,2.6860290761432557,106.0,103.0,103.0,312.0
plus_ndfd_interactions__skew_normal__quick_100_lr006_depth2_leaf50_sub1_direct,plus_ndfd_interactions,40,skew_normal,quick_100_lr006_depth2_leaf50_sub1_direct,1.18,validation,1.8958938100653508,1.1251987121637548,0.12144724831874938,2.721554767249349,2.7139212906538916,133.0,104.0,117.0,354.0
plus_ndfd_interactions__skew_normal__quick_100_lr006_depth2_leaf50_sub1_direct,plus_ndfd_interactions,40,skew_normal,quick_100_lr006_depth2_leaf50_sub1_direct,1.18,test,1.847130685329383,1.1081898457893138,0.117428958724172,2.858127002433849,2.7560993998687318,133.0,104.0,117.0,354.0
plus_ndfd_interactions__skew_normal__quick_100_lr006_depth2_leaf50_sub1_direct,plus_ndfd_interactions,40,skew_normal,quick_100_lr006_depth2_leaf50_sub1_direct,1.2,validation,1.8984759413346424,1.1262860442693339,0.12149148081875771,2.76768281415188,2.759919956597178,153.0,113.0,129.0,395.0
plus_ndfd_interactions__skew_normal__quick_100_lr006_depth2_leaf50_sub1_direct,plus_ndfd_interactions,40,skew_normal,quick_100_lr006_depth2_leaf50_sub1_direct,1.2,test,1.8527033090895464,1.1105798029895506,0.11761063200352288,2.906569832983576,2.8028129490190494,153.0,113.0,129.0,395.0
plus_ndfd_interactions__skew_normal__quick_100_lr006_depth2_leaf50_sub1_direct,plus_ndfd_interactions,40,skew_normal,quick_100_lr006_depth2_leaf50_sub1_direct,1.25,validation,1.9070763838345546,1.1304624051214065,0.12173890390356863,2.883002931408208,2.874916621455394,203.0,133.0,177.0,513.0
plus_ndfd_interactions__skew_normal__quick_100_lr006_depth2_leaf50_sub1_direct,plus_ndfd_interactions,40,skew_normal,quick_100_lr006_depth2_leaf50_sub1_direct,1.25,test,1.868173939004406,1.1177903159807467,0.11819113401345602,3.027676909357891,2.919596821894843,203.0,133.0,177.0,513.0
plus_ndfd_interactions__skew_normal__quick_100_lr006_depth2_leaf50_sub1_direct,plus_ndfd_interactions,40,skew_normal,quick_100_lr006_depth2_leaf50_sub1_direct,1.3,validation,1.918261175504674,1.1364309276401663,0.12216300849383518,2.998323048664537,2.9899132863136098,233.0,186.0,219.0,638.0
plus_ndfd_interactions__skew_normal__quick_100_lr006_depth2_leaf50_sub1_direct,plus_ndfd_interactions,40,skew_normal,quick_100_lr006_depth2_leaf50_sub1_direct,1.3,test,1.8854655665472202,1.1265097933650423,0.11893314784885409,3.148783985732207,3.036380694770637,233.0,186.0,219.0,638.0
plus_ndfd_interactions__skew_normal__regularized_160_lr004_depth2_leaf75_sub1_direct,plus_ndfd_interactions,40,skew_normal,regularized_160_lr004_depth2_leaf75_sub1_direct,0.9,validation,1.930421180802771,1.1575120038877078,0.12438961655947103,2.033458397745555,2.0262512018204095,250.0,252.0,257.0,759.0
plus_ndfd_interactions__skew_normal__regularized_160_lr004_depth2_leaf75_sub1_direct,plus_ndfd_interactions,40,skew_normal,regularized_160_lr004_depth2_leaf75_sub1_direct,0.9,test,1.8187957502620222,1.1112242908521082,0.11799350837166407,2.154171038571145,2.097968999427191,250.0,252.0,257.0,759.0
plus_ndfd_interactions__skew_normal__regularized_160_lr004_depth2_leaf75_sub1_direct,plus_ndfd_interactions,40,skew_normal,regularized_160_lr004_depth2_leaf75_sub1_direct,0.95,validation,1.90281411492687,1.139147836960302,0.12300634581763821,2.1464283087314198,2.138820713032654,178.0,227.0,226.0,631.0
plus_ndfd_interactions__skew_normal__regularized_160_lr004_depth2_leaf75_sub1_direct,plus_ndfd_interactions,40,skew_normal,regularized_160_lr004_depth2_leaf75_sub1_direct,0.95,test,1.8076195630708491,1.0995994369399862,0.11702122996105044,2.273847207380652,2.2145228327287017,178.0,227.0,226.0,631.0
plus_ndfd_interactions__skew_normal__regularized_160_lr004_depth2_leaf75_sub1_direct,plus_ndfd_interactions,40,skew_normal,regularized_160_lr004_depth2_leaf75_sub1_direct,1.0,validation,1.8851176020389977,1.1266469502364458,0.12196871238464069,2.259398219717284,2.251390224244899,65.0,157.0,130.0,352.0
plus_ndfd_interactions__skew_normal__regularized_160_lr004_depth2_leaf75_sub1_direct,plus_ndfd_interactions,40,skew_normal,regularized_160_lr004_depth2_leaf75_sub1_direct,1.0,test,1.8040056218778755,1.0929921842009955,0.11639113149643292,2.3935233761901604,2.3310766660302122,65.0,157.0,130.0,352.0
plus_ndfd_interactions__skew_normal__regularized_160_lr004_depth2_leaf75_sub1_direct,plus_ndfd_interactions,40,skew_normal,regularized_160_lr004_depth2_leaf75_sub1_direct,1.03,validation,1.8783658854968746,1.1214855163655155,0.12149767961370664,2.327180166308802,2.318931930972246,42.0,114.0,77.0,233.0
plus_ndfd_interactions__skew_normal__regularized_160_lr004_depth2_leaf75_sub1_direct,plus_ndfd_interactions,40,skew_normal,regularized_160_lr004_depth2_leaf75_sub1_direct,1.03,test,1.8047591558076277,1.0910238329533675,0.11616138822805058,2.4653290774758654,2.4010089660111187,42.0,114.0,77.0,233.0
plus_ndfd_interactions__skew_normal__regularized_160_lr004_depth2_leaf75_sub1_direct,plus_ndfd_interactions,40,skew_normal,regularized_160_lr004_depth2_leaf75_sub1_direct,1.05,validation,1.8752423824637448,1.118892441216855,0.12124242354139499,2.3723681307031477,2.3639597354571444,26.0,78.0,55.0,159.0
plus_ndfd_interactions__skew_normal__regularized_160_lr004_depth2_leaf75_sub1_direct,plus_ndfd_interactions,40,skew_normal,regularized_160_lr004_depth2_leaf75_sub1_direct,1.05,test,1.8062940907992535,1.0904331833096732,0.11606526543598376,2.5131995449996687,2.447630499331723,26.0,78.0,55.0,159.0
plus_ndfd_interactions__skew_normal__regularized_160_lr004_depth2_leaf75_sub1_direct,plus_ndfd_interactions,40,skew_normal,regularized_160_lr004_depth2_leaf75_sub1_direct,1.08,validation,1.8723871022110559,1.116144177055629,0.12094267542540486,2.4401500772946667,2.4315014421844916,14.0,55.0,39.0,108.0
plus_ndfd_interactions__skew_normal__regularized_160_lr004_depth2_leaf75_sub1_direct,plus_ndfd_interactions,40,skew_normal,regularized_160_lr004_depth2_leaf75_sub1_direct,1.08,test,1.809958403127879,1.0905162014276684,0.11600126908490087,2.5850052462853736,2.5175627993126293,14.0,55.0,39.0,108.0
plus_ndfd_interactions__skew_normal__regularized_160_lr004_depth2_leaf75_sub1_direct,plus_ndfd_interactions,40,skew_normal,regularized_160_lr004_depth2_leaf75_sub1_direct,1.1,validation,1.8715818881829835,1.1150050002089769,0.1207954532061232,2.4853380416890127,2.476529246669389,12.0,44.0,30.0,86.0
plus_ndfd_interactions__skew_normal__regularized_160_lr004_depth2_leaf75_sub1_direct,plus_ndfd_interactions,40,skew_normal,regularized_160_lr004_depth2_leaf75_sub1_direct,1.1,test,1.8132132186210692,1.0911585171409823,0.11600907477711082,2.632875713809177,2.564184332633234,12.0,44.0,30.0,86.0
plus_ndfd_interactions__skew_normal__regularized_160_lr004_depth2_leaf75_sub1_direct,plus_ndfd_interactions,40,skew_normal,regularized_160_lr004_depth2_leaf75_sub1_direct,1.12,validation,1.8715681710443113,1.1143710984496806,0.12068814659756014,2.5305260060833583,2.521557051154287,11.0,34.0,26.0,71.0
plus_ndfd_interactions__skew_normal__regularized_160_lr004_depth2_leaf75_sub1_direct,plus_ndfd_interactions,40,skew_normal,regularized_160_lr004_depth2_leaf75_sub1_direct,1.12,test,1.817048959960446,1.0922276977146614,0.11605496541333135,2.68074618133298,2.610805865953838,11.0,34.0,26.0,71.0
plus_ndfd_interactions__skew_normal__regularized_160_lr004_depth2_leaf75_sub1_direct,plus_ndfd_interactions,40,skew_normal,regularized_160_lr004_depth2_leaf75_sub1_direct,1.15,validation,1.872886794702243,1.1142850772607622,0.12059811869734585,2.5983079526748756,2.589098757881634,16.0,24.0,25.0,65.0
plus_ndfd_interactions__skew_normal__regularized_160_lr004_depth2_leaf75_sub1_direct,plus_ndfd_interactions,40,skew_normal,regularized_160_lr004_depth2_leaf75_sub1_direct,1.15,test,1.8237779885627214,1.0945600507700401,0.11619111489319973,2.7525518826186848,2.680738165934744,16.0,24.0,25.0,65.0
plus_ndfd_interactions__skew_normal__regularized_160_lr004_depth2_leaf75_sub1_direct,plus_ndfd_interactions,40,skew_normal,regularized_160_lr004_depth2_leaf75_sub1_direct,1.18,validation,1.8756358262884416,1.115135096304532,0.12058806779619906,2.6660898992663946,2.656640464608981,30.0,23.0,32.0,85.0
plus_ndfd_interactions__skew_normal__regularized_160_lr004_depth2_leaf75_sub1_direct,plus_ndfd_interactions,40,skew_normal,regularized_160_lr004_depth2_leaf75_sub1_direct,1.18,test,1.8315390508469382,1.0976782193703143,0.11640268613452961,2.8243575839043893,2.7506704659156505,30.0,23.0,32.0,85.0
plus_ndfd_interactions__skew_normal__regularized_160_lr004_depth2_leaf75_sub1_direct,plus_ndfd_interactions,40,skew_normal,regularized_160_lr004_depth2_leaf75_sub1_direct,1.2,validation,1.8781758057921307,1.1161709165090647,0.12062306282503317,2.7112778636607406,2.701668269093879,40.0,27.0,40.0,107.0
plus_ndfd_interactions__skew_normal__regularized_160_lr004_depth2_leaf75_sub1_direct,plus_ndfd_interactions,40,skew_normal,regularized_160_lr004_depth2_leaf75_sub1_direct,1.2,test,1.837218111861443,1.100149323284681,0.11658280019163592,2.8722280514281926,2.7972919992362546,40.0,27.0,40.0,107.0
plus_ndfd_interactions__skew_normal__regularized_160_lr004_depth2_leaf75_sub1_direct,plus_ndfd_interactions,40,skew_normal,regularized_160_lr004_depth2_leaf75_sub1_direct,1.25,validation,1.8866712197151325,1.1202076388068607,0.12084518071031011,2.8242477746466053,2.814237780306124,71.0,48.0,65.0,184.0
plus_ndfd_interactions__skew_normal__regularized_160_lr004_depth2_leaf75_sub1_direct,plus_ndfd_interactions,40,skew_normal,regularized_160_lr004_depth2_leaf75_sub1_direct,1.25,test,1.8529260759274393,1.1075308820755454,0.11715817864778803,2.991904220237701,2.913845832537765,71.0,48.0,65.0,184.0
plus_ndfd_interactions__skew_normal__regularized_160_lr004_depth2_leaf75_sub1_direct,plus_ndfd_interactions,40,skew_normal,regularized_160_lr004_depth2_leaf75_sub1_direct,1.3,validation,1.8977517332179252,1.1260241500425427,0.12124151683871602,2.937217685632469,2.9268072915183687,147.0,77.0,127.0,351.0
plus_ndfd_interactions__skew_normal__regularized_160_lr004_depth2_leaf75_sub1_direct,plus_ndfd_interactions,40,skew_normal,regularized_160_lr004_depth2_leaf75_sub1_direct,1.3,test,1.8704191322071162,1.1163823169404892,0.11789373186379042,3.111580389047209,3.0303996658392762,147.0,77.0,127.0,351.0
plus_ndfd_interactions__skew_normal__stump_160_lr004_depth1_leaf50_sub1_direct,plus_ndfd_interactions,40,skew_normal,stump_160_lr004_depth1_leaf50_sub1_direct,0.9,validation,2.0131627980485005,1.215111379996891,0.12958554638930062,2.2736619336450725,2.371029176800344,349.0,357.0,352.0,1058.0
plus_ndfd_interactions__skew_normal__stump_160_lr004_depth1_leaf50_sub1_direct,plus_ndfd_interactions,40,skew_normal,stump_160_lr004_depth1_leaf50_sub1_direct,0.9,test,1.8910781358425417,1.1587124854387822,0.12244207309540674,2.3966000971138914,2.4283350741896914,349.0,357.0,352.0,1058.0
plus_ndfd_interactions__skew_normal__stump_160_lr004_depth1_leaf50_sub1_direct,plus_ndfd_interactions,40,skew_normal,stump_160_lr004_depth1_leaf50_sub1_direct,0.95,validation,1.9945422562561643,1.2024361190858956,0.12859392693848629,2.399976485514243,2.502753019955919,322.0,341.0,330.0,993.0
plus_ndfd_interactions__skew_normal__stump_160_lr004_depth1_leaf50_sub1_direct,plus_ndfd_interactions,40,skew_normal,stump_160_lr004_depth1_leaf50_sub1_direct,0.95,test,1.8892462077837318,1.1536501305992437,0.1219622752123423,2.529744546953552,2.563242578311341,322.0,341.0,330.0,993.0
plus_ndfd_interactions__skew_normal__stump_160_lr004_depth1_leaf50_sub1_direct,plus_ndfd_interactions,40,skew_normal,stump_160_lr004_depth1_leaf50_sub1_direct,1.0,validation,1.9846203132637528,1.195305513316482,0.12794967420616513,2.5262910373834138,2.6344768631114936,292.0,307.0,299.0,898.0
plus_ndfd_interactions__skew_normal__stump_160_lr004_depth1_leaf50_sub1_direct,plus_ndfd_interactions,40,skew_normal,stump_160_lr004_depth1_leaf50_sub1_direct,1.0,test,1.8937400398180124,1.1531776610419053,0.12182634385703114,2.662888996793213,2.6981500824329903,292.0,307.0,299.0,898.0
plus_ndfd_interactions__skew_normal__stump_160_lr004_depth1_leaf50_sub1_direct,plus_ndfd_interactions,40,skew_normal,stump_160_lr004_depth1_leaf50_sub1_direct,1.03,validation,1.9820420679394026,1.1932192840547546,0.12771233787033748,2.602079768504916,2.7135111690048386,284.0,298.0,289.0,871.0
plus_ndfd_interactions__skew_normal__stump_160_lr004_depth1_leaf50_sub1_direct,plus_ndfd_interactions,40,skew_normal,stump_160_lr004_depth1_leaf50_sub1_direct,1.03,test,1.8988565965839774,1.1546974052204675,0.12188983175895707,2.742775666697009,2.77909458490598,284.0,298.0,289.0,871.0
plus_ndfd_interactions__skew_normal__stump_160_lr004_depth1_leaf50_sub1_direct,plus_ndfd_interactions,40,skew_normal,stump_160_lr004_depth1_leaf50_sub1_direct,1.05,validation,1.9815201600802663,1.192617056313679,0.12761117277096462,2.652605589252585,2.7662007062670684,282.0,288.0,285.0,855.0
plus_ndfd_interactions__skew_normal__stump_160_lr004_depth1_leaf50_sub1_direct,plus_ndfd_interactions,40,skew_normal,stump_160_lr004_depth1_leaf50_sub1_direct,1.05,test,1.9031155466820897,1.1563555939725474,0.12198684208336699,2.796033446632874,2.8330575865546397,282.0,288.0,285.0,855.0
plus_ndfd_interactions__skew_normal__stump_160_lr004_depth1_leaf50_sub1_direct,plus_ndfd_interactions,40,skew_normal,stump_160_lr004_depth1_leaf50_sub1_direct,1.08,validation,1.9823207912426262,1.1927684886659886,0.12753933555423372,2.728394320374087,2.8452350121604133,286.0,285.0,286.0,857.0
plus_ndfd_interactions__skew_normal__stump_160_lr004_depth1_leaf50_sub1_direct,plus_ndfd_interactions,40,skew_normal,stump_160_lr004_depth1_leaf50_sub1_direct,1.08,test,1.910613857265745,1.1597013345055824,0.12220807989988225,2.87592011653667,2.9140020890276297,286.0,285.0,286.0,857.0
plus_ndfd_interactions__skew_normal__stump_160_lr004_depth1_leaf50_sub1_direct,plus_ndfd_interactions,40,skew_normal,stump_160_lr004_depth1_leaf50_sub1_direct,1.1,validation,1.9838013119006697,1.1935061088452885,0.12754159111532126,2.7789201411217554,2.897924549422643,290.0,286.0,290.0,866.0
plus_ndfd_interactions__skew_normal__stump_160_lr004_depth1_leaf50_sub1_direct,plus_ndfd_interactions,40,skew_normal,stump_160_lr004_depth1_leaf50_sub1_direct,1.1,test,1.9162696305208025,1.1624475330656743,0.12240261439164404,2.9291778964725346,2.9679650906762896,290.0,286.0,290.0,866.0
plus_ndfd_interactions__skew_normal__stump_160_lr004_depth1_leaf50_sub1_direct,plus_ndfd_interactions,40,skew_normal,stump_160_lr004_depth1_leaf50_sub1_direct,1.12,validation,1.9859613394210711,1.1947050447747563,0.12758158695583485,2.829445961869424,2.9506140866848733,294.0,287.0,295.0,876.0
plus_ndfd_interactions__skew_normal__stump_160_lr004_depth1_leaf50_sub1_direct,plus_ndfd_interactions,40,skew_normal,stump_160_lr004_depth1_leaf50_sub1_direct,1.12,test,1.9223916762854294,1.1655654667551048,0.12263219028033638,2.9824356764083984,3.0219280923249494,294.0,287.0,295.0,876.0
plus_ndfd_interactions__skew_normal__stump_160_lr004_depth1_leaf50_sub1_direct,plus_ndfd_interactions,40,skew_normal,stump_160_lr004_depth1_leaf50_sub1_direct,1.15,validation,1.990346133213977,1.1972879319113978,0.12770812669982484,2.905234692990925,3.0296483925782174,309.0,297.0,310.0,916.0
plus_ndfd_interactions__skew_normal__stump_160_lr004_depth1_leaf50_sub1_direct,plus_ndfd_interactions,40,skew_normal,stump_160_lr004_depth1_leaf50_sub1_direct,1.15,test,1.932350947883637,1.1708709982598349,0.1230377009685832,3.062322346312194,3.1028725947979385,309.0,297.0,310.0,916.0
plus_ndfd_interactions__skew_normal__stump_160_lr004_depth1_leaf50_sub1_direct,plus_ndfd_interactions,40,skew_normal,stump_160_lr004_depth1_leaf50_sub1_direct,1.18,validation,1.995947165222094,1.2007132774010267,0.12790904543465484,2.9810234241124283,3.1086826984715623,326.0,303.0,324.0,953.0
plus_ndfd_interactions__skew_normal__stump_160_lr004_depth1_leaf50_sub1_direct,plus_ndfd_interactions,40,skew_normal,stump_160_lr004_depth1_leaf50_sub1_direct,1.18,test,1.94312263704746,1.1768469417600624,0.12351072742514954,3.1422090162159915,3.1838170972709285,326.0,303.0,324.0,953.0
plus_ndfd_interactions__skew_normal__stump_160_lr004_depth1_leaf50_sub1_direct,plus_ndfd_interactions,40,skew_normal,stump_160_lr004_depth1_leaf50_sub1_direct,1.2,validation,2.000279096200701,1.2034155576630035,0.12808143121935883,3.0315492448600962,3.161372235733792,333.0,323.0,334.0,990.0
plus_ndfd_interactions__skew_normal__stump_160_lr004_depth1_leaf50_sub1_direct,plus_ndfd_interactions,40,skew_normal,stump_160_lr004_depth1_leaf50_sub1_direct,1.2,test,1.9506965087444579,1.1811615569706426,0.12386053250808544,3.1954667961518552,3.2377800989195884,333.0,323.0,334.0,990.0
plus_ndfd_interactions__skew_normal__stump_160_lr004_depth1_leaf50_sub1_direct,plus_ndfd_interactions,40,skew_normal,stump_160_lr004_depth1_leaf50_sub1_direct,1.25,validation,2.012908440757739,1.2114487128172338,0.12863518070380048,3.1578637967292673,3.2930960788893673,348.0,343.0,348.0,1039.0
plus_ndfd_interactions__skew_normal__stump_160_lr004_depth1_leaf50_sub1_direct,plus_ndfd_interactions,40,skew_normal,stump_160_lr004_depth1_leaf50_sub1_direct,1.25,test,1.9707859311823233,1.1929462799067212,0.12484332794549331,3.3286112459915156,3.372687603041238,348.0,343.0,348.0,1039.0
plus_ndfd_interactions__skew_normal__stump_160_lr004_depth1_leaf50_sub1_direct,plus_ndfd_interactions,40,skew_normal,stump_160_lr004_depth1_leaf50_sub1_direct,1.3,validation,2.027683428652973,1.2210305866773437,0.12934575020675995,3.284178348598438,3.424819922044942,360.0,353.0,359.0,1072.0
plus_ndfd_interactions__skew_normal__stump_160_lr004_depth1_leaf50_sub1_direct,plus_ndfd_interactions,40,skew_normal,stump_160_lr004_depth1_leaf50_sub1_direct,1.3,test,1.992207971190689,1.2059238437409185,0.12596163054168988,3.461755695831177,3.5075951071628872,360.0,353.0,359.0,1072.0
plus_compact_all__skew_normal__control_120_lr005_depth2_leaf50_sub1_direct,plus_compact_all,47,skew_normal,control_120_lr005_depth2_leaf50_sub1_direct,0.9,validation,1.9618805229869045,1.168095998425343,0.1250381432282635,2.039087487526032,2.079992272615991,271.0,264.0,268.0,803.0
plus_compact_all__skew_normal__control_120_lr005_depth2_leaf50_sub1_direct,plus_compact_all,47,skew_normal,control_120_lr005_depth2_leaf50_sub1_direct,0.9,test,1.8272626806875096,1.1175556127895057,0.11832634023478675,2.1335027362266654,2.10689210623549,271.0,264.0,268.0,803.0
plus_compact_all__skew_normal__control_120_lr005_depth2_leaf50_sub1_direct,plus_compact_all,47,skew_normal,control_120_lr005_depth2_leaf50_sub1_direct,0.95,validation,1.9310325698050652,1.148689139760671,0.12360582941935232,2.152370125721922,2.1955473988724346,251.0,242.0,244.0,737.0
plus_compact_all__skew_normal__control_120_lr005_depth2_leaf50_sub1_direct,plus_compact_all,47,skew_normal,control_120_lr005_depth2_leaf50_sub1_direct,0.95,test,1.8138797413253476,1.1045445027846177,0.11728113418975435,2.2520306660170353,2.2239416676930173,251.0,242.0,244.0,737.0
plus_compact_all__skew_normal__control_120_lr005_depth2_leaf50_sub1_direct,plus_compact_all,47,skew_normal,control_120_lr005_depth2_leaf50_sub1_direct,1.0,validation,1.9105723320800212,1.1353012094481962,0.12252461634856564,2.265652763917813,2.3111025251288786,213.0,207.0,211.0,631.0
plus_compact_all__skew_normal__control_120_lr005_depth2_leaf50_sub1_direct,plus_compact_all,47,skew_normal,control_120_lr005_depth2_leaf50_sub1_direct,1.0,test,1.8083903583763188,1.0967493796663843,0.1165834496411998,2.3705585958074056,2.3409912291505446,213.0,207.0,211.0,631.0
plus_compact_all__skew_normal__control_120_lr005_depth2_leaf50_sub1_direct,plus_compact_all,47,skew_normal,control_120_lr005_depth2_leaf50_sub1_direct,1.03,validation,1.9023541480193267,1.1296701499880222,0.1220299344761244,2.3336223468353476,2.380435600882745,177.0,165.0,168.0,510.0
plus_compact_all__skew_normal__control_120_lr005_depth2_leaf50_sub1_direct,plus_compact_all,47,skew_normal,control_120_lr005_depth2_leaf50_sub1_direct,1.03,test,1.8081522749480659,1.0941486997009797,0.11631558032192538,2.441675353681628,2.411220966025061,177.0,165.0,168.0,510.0
plus_compact_all__skew_normal__control_120_lr005_depth2_leaf50_sub1_direct,plus_compact_all,47,skew_normal,control_120_lr005_depth2_leaf50_sub1_direct,1.05,validation,1.8983230252128942,1.1267868737198605,0.12175991260544368,2.3789354021137035,2.4266576513853226,152.0,135.0,133.0,420.0
plus_compact_all__skew_normal__control_120_lr005_depth2_leaf50_sub1_direct,plus_compact_all,47,skew_normal,control_120_lr005_depth2_leaf50_sub1_direct,1.05,test,1.809075060103336,1.0931660381616826,0.11619500914429844,2.4890865255977763,2.458040790608072,152.0,135.0,133.0,420.0
plus_compact_all__skew_normal__control_120_lr005_depth2_leaf50_sub1_direct,plus_compact_all,47,skew_normal,control_120_lr005_depth2_leaf50_sub1_direct,1.08,validation,1.8942012296499142,1.1236343599823444,0.12143946655708934,2.4469049850312388,2.495990727139189,116.0,102.0,97.0,315.0
plus_compact_all__skew_normal__control_120_lr005_depth2_leaf50_sub1_direct,plus_compact_all,47,skew_normal,control_120_lr005_depth2_leaf50_sub1_direct,1.08,test,1.8118875860553807,1.0927012723233906,0.11609574835605582,2.5602032834719983,2.5282705274825883,116.0,102.0,97.0,315.0
plus_compact_all__skew_normal__control_120_lr005_depth2_leaf50_sub1_direct,plus_compact_all,47,skew_normal,control_120_lr005_depth2_leaf50_sub1_direct,1.1,validation,1.8926096948901905,1.1222446903490346,0.12127938365606214,2.4922180403095946,2.5422127776417667,101.0,82.0,84.0,267.0
plus_compact_all__skew_normal__control_120_lr005_depth2_leaf50_sub1_direct,plus_compact_all,47,skew_normal,control_120_lr005_depth2_leaf50_sub1_direct,1.1,test,1.814615216395695,1.09300309714403,0.11608095908184775,2.607614455388146,2.575090352065599,101.0,82.0,84.0,267.0
plus_compact_all__skew_normal__control_120_lr005_depth2_leaf50_sub1_direct,plus_compact_all,47,skew_normal,control_120_lr005_depth2_leaf50_sub1_direct,1.12,validation,1.8918522828966708,1.1213742801257922,0.12115994308489139,2.5375310955879513,2.588434828144344,93.0,72.0,76.0,241.0
plus_compact_all__skew_normal__control_120_lr005_depth2_leaf50_sub1_direct,plus_compact_all,47,skew_normal,control_120_lr005_depth2_leaf50_sub1_direct,1.12,test,1.817953690324451,1.0937500066500088,0.11610496886278823,2.655025627304295,2.62191017664861,93.0,72.0,76.0,241.0
plus_compact_all__skew_normal__control_120_lr005_depth2_leaf50_sub1_direct,plus_compact_all,47,skew_normal,control_120_lr005_depth2_leaf50_sub1_direct,1.15,validation,1.8921289275283053,1.120957671843605,0.12105303193643775,2.605500678505485,2.6577679038982103,97.0,64.0,71.0,232.0
plus_compact_all__skew_normal__control_120_lr005_depth2_leaf50_sub1_direct,plus_compact_all,47,skew_normal,control_120_lr005_depth2_leaf50_sub1_direct,1.15,test,1.8239885061146395,1.095630524119728,0.11620960623985252,2.7261423851785165,2.6921399135231256,97.0,64.0,71.0,232.0
plus_compact_all__skew_normal__control_120_lr005_depth2_leaf50_sub1_direct,plus_compact_all,47,skew_normal,control_120_lr005_depth2_leaf50_sub1_direct,1.18,validation,1.8939164299455356,1.1215036010772106,0.1210276165573351,2.6734702614230192,2.7271009796520764,112.0,60.0,78.0,250.0
plus_compact_all__skew_normal__control_120_lr005_depth2_leaf50_sub1_direct,plus_compact_all,47,skew_normal,control_120_lr005_depth2_leaf50_sub1_direct,1.18,test,1.831111942685416,1.0983315415094477,0.11639119951976809,2.7972591430527385,2.762369650397642,112.0,60.0,78.0,250.0
plus_compact_all__skew_normal__control_120_lr005_depth2_leaf50_sub1_direct,plus_compact_all,47,skew_normal,control_120_lr005_depth2_leaf50_sub1_direct,1.2,validation,1.8958561764541877,1.1223501612854894,0.12105317717086542,2.7187833167013755,2.7733230301546543,131.0,65.0,86.0,282.0
plus_compact_all__skew_normal__control_120_lr005_depth2_leaf50_sub1_direct,plus_compact_all,47,skew_normal,control_120_lr005_depth2_leaf50_sub1_direct,1.2,test,1.8363946335562558,1.1005422090352905,0.11655216198477751,2.8446703149688863,2.809189474980653,131.0,65.0,86.0,282.0
plus_compact_all__skew_normal__control_120_lr005_depth2_leaf50_sub1_direct,plus_compact_all,47,skew_normal,control_120_lr005_depth2_leaf50_sub1_direct,1.25,validation,1.9029788157334377,1.1259560711743763,0.1212543826255651,2.8320659548972666,2.8888781564110984,180.0,79.0,125.0,384.0
plus_compact_all__skew_normal__control_120_lr005_depth2_leaf50_sub1_direct,plus_compact_all,47,skew_normal,control_120_lr005_depth2_leaf50_sub1_direct,1.25,test,1.8512017174290532,1.10732833414806,0.11708250668528652,2.9631982447592575,2.9262390364381803,180.0,79.0,125.0,384.0
plus_compact_all__skew_normal__control_120_lr005_depth2_leaf50_sub1_direct,plus_compact_all,47,skew_normal,control_120_lr005_depth2_leaf50_sub1_direct,1.3,validation,1.9128470910514934,1.1313951721127509,0.12163335453418848,2.9453485930931573,3.0044332826675424,221.0,126.0,188.0,535.0
plus_compact_all__skew_normal__control_120_lr005_depth2_leaf50_sub1_direct,plus_compact_all,47,skew_normal,control_120_lr005_depth2_leaf50_sub1_direct,1.3,test,1.867907050005213,1.11565469271911,0.11777697757634234,3.0817261745496274,3.0432885978957076,221.0,126.0,188.0,535.0
plus_compact_all__skew_normal__quick_100_lr006_depth2_leaf50_sub1_direct,plus_compact_all,47,skew_normal,quick_100_lr006_depth2_leaf50_sub1_direct,0.9,validation,1.9614565578855983,1.1710856706179438,0.12528693085958226,2.059348267842661,2.0888585277832976,270.0,266.0,269.0,805.0
plus_compact_all__skew_normal__quick_100_lr006_depth2_leaf50_sub1_direct,plus_compact_all,47,skew_normal,quick_100_lr006_depth2_leaf50_sub1_direct,0.9,test,1.8299346516440083,1.1206670980651805,0.11886405360796434,2.146978987375902,2.1244117802068136,270.0,266.0,269.0,805.0
plus_compact_all__skew_normal__quick_100_lr006_depth2_leaf50_sub1_direct,plus_compact_all,47,skew_normal,quick_100_lr006_depth2_leaf50_sub1_direct,0.95,validation,1.931610503429624,1.1518615165845847,0.1238760397072717,2.1737565049450307,2.2049062237712587,253.0,246.0,250.0,749.0
plus_compact_all__skew_normal__quick_100_lr006_depth2_leaf50_sub1_direct,plus_compact_all,47,skew_normal,quick_100_lr006_depth2_leaf50_sub1_direct,0.95,test,1.816802619823248,1.1076355869710508,0.11779416200875961,2.266255597785674,2.24243465688497,253.0,246.0,250.0,749.0
plus_compact_all__skew_normal__quick_100_lr006_depth2_leaf50_sub1_direct,plus_compact_all,47,skew_normal,quick_100_lr006_depth2_leaf50_sub1_direct,1.0,validation,1.9120085036399017,1.138642820135189,0.12281927636698782,2.2881647420474005,2.3209539197592193,219.0,223.0,224.0,666.0
plus_compact_all__skew_normal__quick_100_lr006_depth2_leaf50_sub1_direct,plus_compact_all,47,skew_normal,quick_100_lr006_depth2_leaf50_sub1_direct,1.0,test,1.8115258295534287,1.0998271312223769,0.11707549518664198,2.3855322081954466,2.3604575335631264,219.0,223.0,224.0,666.0
plus_compact_all__skew_normal__quick_100_lr006_depth2_leaf50_sub1_direct,plus_compact_all,47,skew_normal,quick_100_lr006_depth2_leaf50_sub1_direct,1.03,validation,1.904247747629338,1.13310730930981,0.12234018195360566,2.356809684308823,2.390582537351996,187.0,198.0,200.0,585.0
plus_compact_all__skew_normal__quick_100_lr006_depth2_leaf50_sub1_direct,plus_compact_all,47,skew_normal,quick_100_lr006_depth2_leaf50_sub1_direct,1.03,test,1.8114000623655266,1.097221036817519,0.1167967572382452,2.45709817444131,2.4312712595700203,187.0,198.0,200.0,585.0
plus_compact_all__skew_normal__quick_100_lr006_depth2_leaf50_sub1_direct,plus_compact_all,47,skew_normal,quick_100_lr006_depth2_leaf50_sub1_direct,1.05,validation,1.900500624777822,1.1302853774784245,0.12208079049352216,2.4025729791497707,2.4370016157471808,166.0,172.0,174.0,512.0
plus_compact_all__skew_normal__quick_100_lr006_depth2_leaf50_sub1_direct,plus_compact_all,47,skew_normal,quick_100_lr006_depth2_leaf50_sub1_direct,1.05,test,1.81239220892983,1.0962356366031818,0.11666963194250687,2.5048088186052193,2.478480410241283,166.0,172.0,174.0,512.0
plus_compact_all__skew_normal__quick_100_lr006_depth2_leaf50_sub1_direct,plus_compact_all,47,skew_normal,quick_100_lr006_depth2_leaf50_sub1_direct,1.08,validation,1.8967764691544935,1.1272215101197947,0.12177650185419928,2.471217921411193,2.5066302333399575,139.0,139.0,140.0,418.0
plus_compact_all__skew_normal__quick_100_lr006_depth2_leaf50_sub1_direct,plus_compact_all,47,skew_normal,quick_100_lr006_depth2_leaf50_sub1_direct,1.08,test,1.8153013548285304,1.095767868132589,0.11656154031617741,2.5763747848510823,2.5492941362481765,139.0,139.0,140.0,418.0
plus_compact_all__skew_normal__quick_100_lr006_depth2_leaf50_sub1_direct,plus_compact_all,47,skew_normal,quick_100_lr006_depth2_leaf50_sub1_direct,1.1,validation,1.895432705378902,1.1258887820658172,0.12162725688288811,2.516981216252141,2.553049311735142,126.0,123.0,123.0,372.0
plus_compact_all__skew_normal__quick_100_lr006_depth2_leaf50_sub1_direct,plus_compact_all,47,skew_normal,quick_100_lr006_depth2_leaf50_sub1_direct,1.1,test,1.8180888911935575,1.096068328606058,0.11654150645496145,2.6240854290149915,2.596503286919439,126.0,123.0,123.0,372.0
plus_compact_all__skew_normal__quick_100_lr006_depth2_leaf50_sub1_direct,plus_compact_all,47,skew_normal,quick_100_lr006_depth2_leaf50_sub1_direct,1.12,validation,1.8949103451609548,1.1250736588769636,0.12151865435046938,2.5627445110930887,2.599468390130326,121.0,115.0,114.0,350.0
plus_compact_all__skew_normal__quick_100_lr006_depth2_leaf50_sub1_direct,plus_compact_all,47,skew_normal,quick_100_lr006_depth2_leaf50_sub1_direct,1.12,test,1.8214839825782057,1.0968143152304672,0.11656076474462704,2.6717960731789008,2.6437124375907017,121.0,115.0,114.0,350.0
plus_compact_all__skew_normal__quick_100_lr006_depth2_leaf50_sub1_direct,plus_compact_all,47,skew_normal,quick_100_lr006_depth2_leaf50_sub1_direct,1.15,validation,1.8955176192163135,1.1247370056558177,0.12142791442194681,2.631389453354511,2.669097007723102,127.0,101.0,108.0,336.0
plus_compact_all__skew_normal__quick_100_lr006_depth2_leaf50_sub1_direct,plus_compact_all,47,skew_normal,quick_100_lr006_depth2_leaf50_sub1_direct,1.15,test,1.827598088428068,1.0986941678444204,0.11665915724634517,2.7433620394247638,2.7145261635975952,127.0,101.0,108.0,336.0
plus_compact_all__skew_normal__quick_100_lr006_depth2_leaf50_sub1_direct,plus_compact_all,47,skew_normal,quick_100_lr006_depth2_leaf50_sub1_direct,1.18,validation,1.897611740279732,1.1253594864526406,0.12141846565586649,2.7000343956159325,2.7387256253158787,146.0,100.0,119.0,365.0
plus_compact_all__skew_normal__quick_100_lr006_depth2_leaf50_sub1_direct,plus_compact_all,47,skew_normal,quick_100_lr006_depth2_leaf50_sub1_direct,1.18,test,1.834794700817577,1.101395258554104,0.11683550362809662,2.814928005670627,2.785339889604489,146.0,100.0,119.0,365.0
plus_compact_all__skew_normal__quick_100_lr006_depth2_leaf50_sub1_direct,plus_compact_all,47,skew_normal,quick_100_lr006_depth2_leaf50_sub1_direct,1.2,validation,1.8997437165634858,1.126255279254656,0.12145450881821018,2.745797690456881,2.7851447037110635,160.0,105.0,128.0,393.0
plus_compact_all__skew_normal__quick_100_lr006_depth2_leaf50_sub1_direct,plus_compact_all,47,skew_normal,quick_100_lr006_depth2_leaf50_sub1_direct,1.2,test,1.8401231012357375,1.103606326534577,0.11699348753325615,2.862638649834536,2.8325490402757514,160.0,105.0,128.0,393.0
plus_compact_all__skew_normal__quick_100_lr006_depth2_leaf50_sub1_direct,plus_compact_all,47,skew_normal,quick_100_lr006_depth2_leaf50_sub1_direct,1.25,validation,1.9073086897215585,1.1299783324358916,0.12168118457357398,2.860205927559251,2.901192399699024,204.0,130.0,172.0,506.0
plus_compact_all__skew_normal__quick_100_lr006_depth2_leaf50_sub1_direct,plus_compact_all,47,skew_normal,quick_100_lr006_depth2_leaf50_sub1_direct,1.25,test,1.855034922850028,1.1103944781128061,0.11751804587957164,2.981915260244309,2.950571916953908,204.0,130.0,172.0,506.0
plus_compact_all__skew_normal__quick_100_lr006_depth2_leaf50_sub1_direct,plus_compact_all,47,skew_normal,quick_100_lr006_depth2_leaf50_sub1_direct,1.3,validation,1.9175711215888014,1.1355266820138206,0.12208435389131275,2.974614164661621,3.0172400956869856,232.0,173.0,213.0,618.0
plus_compact_all__skew_normal__quick_100_lr006_depth2_leaf50_sub1_direct,plus_compact_all,47,skew_normal,quick_100_lr006_depth2_leaf50_sub1_direct,1.3,test,1.871833158504691,1.1187240535424845,0.11820882867686211,3.101191870654081,3.0685947936320646,232.0,173.0,213.0,618.0
plus_compact_all__skew_normal__regularized_160_lr004_depth2_leaf75_sub1_direct,plus_compact_all,47,skew_normal,regularized_160_lr004_depth2_leaf75_sub1_direct,0.9,validation,1.95462535101499,1.1658718802272765,0.12461311732429711,2.027501358493916,2.0332318341772417,267.0,258.0,264.0,789.0
plus_compact_all__skew_normal__regularized_160_lr004_depth2_leaf75_sub1_direct,plus_compact_all,47,skew_normal,regularized_160_lr004_depth2_leaf75_sub1_direct,0.9,test,1.8234259092912692,1.117295419382097,0.11856618071872882,2.1193266942268814,2.083660328999163,267.0,258.0,264.0,789.0
plus_compact_all__skew_normal__regularized_160_lr004_depth2_leaf75_sub1_direct,plus_compact_all,47,skew_normal,regularized_160_lr004_depth2_leaf75_sub1_direct,0.95,validation,1.9238533468400119,1.146255352365592,0.12319290762435287,2.140140322854689,2.146189158298199,240.0,231.0,241.0,712.0
plus_compact_all__skew_normal__regularized_160_lr004_depth2_leaf75_sub1_direct,plus_compact_all,47,skew_normal,regularized_160_lr004_depth2_leaf75_sub1_direct,0.95,test,1.8097593486007337,1.104137194421458,0.11749222668403765,2.237067066128375,2.199419236165783,240.0,231.0,241.0,712.0
plus_compact_all__skew_normal__regularized_160_lr004_depth2_leaf75_sub1_direct,plus_compact_all,47,skew_normal,regularized_160_lr004_depth2_leaf75_sub1_direct,1.0,validation,1.9034515074207674,1.1326670756326045,0.12212224010517667,2.252779287215462,2.2591464824191574,183.0,180.0,195.0,558.0
plus_compact_all__skew_normal__regularized_160_lr004_depth2_leaf75_sub1_direct,plus_compact_all,47,skew_normal,regularized_160_lr004_depth2_leaf75_sub1_direct,1.0,test,1.8040176132795154,1.0961883478142462,0.11676522344542292,2.354807438029868,2.3151781433324032,183.0,180.0,195.0,558.0
plus_compact_all__skew_normal__regularized_160_lr004_depth2_leaf75_sub1_direct,plus_compact_all,47,skew_normal,regularized_160_lr004_depth2_leaf75_sub1_direct,1.03,validation,1.8952612276677683,1.1269200362296172,0.12163311878715502,2.320362665831926,2.326920876891732,124.0,125.0,134.0,383.0
plus_compact_all__skew_normal__regularized_160_lr004_depth2_leaf75_sub1_direct,plus_compact_all,47,skew_normal,regularized_160_lr004_depth2_leaf75_sub1_direct,1.03,test,1.8036405531599513,1.093493462659671,0.1164796902178927,2.425451661170764,2.3846334876323754,124.0,125.0,134.0,383.0
plus_compact_all__skew_normal__regularized_160_lr004_depth2_leaf75_sub1_direct,plus_compact_all,47,skew_normal,regularized_160_lr004_depth2_leaf75_sub1_direct,1.05,validation,1.8912460967261544,1.1239611389380095,0.12136647932783728,2.3654182515762354,2.3721038065401157,90.0,93.0,100.0,283.0
plus_compact_all__skew_normal__regularized_160_lr004_depth2_leaf75_sub1_direct,plus_compact_all,47,skew_normal,regularized_160_lr004_depth2_leaf75_sub1_direct,1.05,test,1.804475222105054,1.0924474983028492,0.11634736060192044,2.472547809931362,2.4309370504990238,90.0,93.0,100.0,283.0
plus_compact_all__skew_normal__regularized_160_lr004_depth2_leaf75_sub1_direct,plus_compact_all,47,skew_normal,regularized_160_lr004_depth2_leaf75_sub1_direct,1.08,validation,1.8871447599570974,1.1206976780615272,0.12105061527445204,2.4330016301926993,2.4398782010126903,73.0,63.0,68.0,204.0
plus_compact_all__skew_normal__regularized_160_lr004_depth2_leaf75_sub1_direct,plus_compact_all,47,skew_normal,regularized_160_lr004_depth2_leaf75_sub1_direct,1.08,test,1.8071617434100855,1.0918873589793792,0.11623053262275336,2.5431920330722573,2.500392394798996,73.0,63.0,68.0,204.0
plus_compact_all__skew_normal__regularized_160_lr004_depth2_leaf75_sub1_direct,plus_compact_all,47,skew_normal,regularized_160_lr004_depth2_leaf75_sub1_direct,1.1,validation,1.8855647189765898,1.1192356660756055,0.12089325752536277,2.478057215937009,2.485061130661073,67.0,52.0,59.0,178.0
plus_compact_all__skew_normal__regularized_160_lr004_depth2_leaf75_sub1_direct,plus_compact_all,47,skew_normal,regularized_160_lr004_depth2_leaf75_sub1_direct,1.1,test,1.8098091661846858,1.092125491945859,0.11620410009027986,2.590288181832855,2.546695957665644,67.0,52.0,59.0,178.0
plus_compact_all__skew_normal__regularized_160_lr004_depth2_leaf75_sub1_direct,plus_compact_all,47,skew_normal,regularized_160_lr004_depth2_leaf75_sub1_direct,1.12,validation,1.8848172377528694,1.1182941861850966,0.12077627794663497,2.5231128016813176,2.5302440603094567,62.0,41.0,53.0,156.0
plus_compact_all__skew_normal__regularized_160_lr004_depth2_leaf75_sub1_direct,plus_compact_all,47,skew_normal,regularized_160_lr004_depth2_leaf75_sub1_direct,1.12,test,1.8130702461520425,1.0928087433618245,0.11621653549502227,2.6373843305934526,2.5929995205322918,62.0,41.0,53.0,156.0
plus_compact_all__skew_normal__regularized_160_lr004_depth2_leaf75_sub1_direct,plus_compact_all,47,skew_normal,regularized_160_lr004_depth2_leaf75_sub1_direct,1.15,validation,1.8851061113448824,1.1177733151500377,0.12067256401130448,2.5906961802977815,2.5980184547820304,64.0,31.0,49.0,144.0
plus_compact_all__skew_normal__regularized_160_lr004_depth2_leaf75_sub1_direct,plus_compact_all,47,skew_normal,regularized_160_lr004_depth2_leaf75_sub1_direct,1.15,test,1.8189938837081272,1.09459403709928,0.11630396285213473,2.708028553734348,2.662454864832264,64.0,31.0,49.0,144.0
plus_compact_all__skew_normal__regularized_160_lr004_depth2_leaf75_sub1_direct,plus_compact_all,47,skew_normal,regularized_160_lr004_depth2_leaf75_sub1_direct,1.18,validation,1.8869029730685152,1.1182177332758485,0.12064975719183298,2.6582795589142454,2.6657928492546055,72.0,28.0,51.0,151.0
plus_compact_all__skew_normal__regularized_160_lr004_depth2_leaf75_sub1_direct,plus_compact_all,47,skew_normal,regularized_160_lr004_depth2_leaf75_sub1_direct,1.18,test,1.8260116026771038,1.0972003874137015,0.116468553854065,2.7786727768752444,2.731910209132236,72.0,28.0,51.0,151.0
plus_compact_all__skew_normal__regularized_160_lr004_depth2_leaf75_sub1_direct,plus_compact_all,47,skew_normal,regularized_160_lr004_depth2_leaf75_sub1_direct,1.2,validation,1.8888475331333936,1.1189981166298193,0.12067673406927577,2.703335144658555,2.7109757789029887,83.0,32.0,56.0,171.0
plus_compact_all__skew_normal__regularized_160_lr004_depth2_leaf75_sub1_direct,plus_compact_all,47,skew_normal,regularized_160_lr004_depth2_leaf75_sub1_direct,1.2,test,1.8312266370213086,1.0993483694627697,0.116618309113072,2.8257689256358414,2.7782137719988844,83.0,32.0,56.0,171.0
plus_compact_all__skew_normal__regularized_160_lr004_depth2_leaf75_sub1_direct,plus_compact_all,47,skew_normal,regularized_160_lr004_depth2_leaf75_sub1_direct,1.25,validation,1.895977870839346,1.1224436903198565,0.12088037902690316,2.815974109019328,2.8239331030239465,135.0,50.0,88.0,273.0
plus_compact_all__skew_normal__regularized_160_lr004_depth2_leaf75_sub1_direct,plus_compact_all,47,skew_normal,regularized_160_lr004_depth2_leaf75_sub1_direct,1.25,test,1.845873667255499,1.1059796966926403,0.11712112669635988,2.943509297537335,2.8939726791655045,135.0,50.0,88.0,273.0
plus_compact_all__skew_normal__regularized_160_lr004_depth2_leaf75_sub1_direct,plus_compact_all,47,skew_normal,regularized_160_lr004_depth2_leaf75_sub1_direct,1.3,validation,1.9058486324012913,1.1277295221917676,0.12126028459494793,2.928613073380101,2.936890427144905,196.0,81.0,149.0,426.0
plus_compact_all__skew_normal__regularized_160_lr004_depth2_leaf75_sub1_direct,plus_compact_all,47,skew_normal,regularized_160_lr004_depth2_leaf75_sub1_direct,1.3,test,1.862430791154992,1.1141545783961677,0.1177888335738757,3.0612496694388285,3.0097315863321246,196.0,81.0,149.0,426.0
plus_compact_all__skew_normal__stump_160_lr004_depth1_leaf50_sub1_direct,plus_compact_all,47,skew_normal,stump_160_lr004_depth1_leaf50_sub1_direct,0.9,validation,2.001672971020567,1.2040339373765903,0.1285090460408559,2.2548987439726607,2.4066080164624557,337.0,338.0,337.0,1012.0
plus_compact_all__skew_normal__stump_160_lr004_depth1_leaf50_sub1_direct,plus_compact_all,47,skew_normal,stump_160_lr004_depth1_leaf50_sub1_direct,0.9,test,1.8762609044248888,1.1511712370162677,0.1219144550691728,2.344729633097512,2.4774762661664766,337.0,338.0,337.0,1012.0
plus_compact_all__skew_normal__stump_160_lr004_depth1_leaf50_sub1_direct,plus_compact_all,47,skew_normal,stump_160_lr004_depth1_leaf50_sub1_direct,0.95,validation,1.9816284658167425,1.1906331595095905,0.12741599544091156,2.3801708964155863,2.540308461821481,283.0,284.0,283.0,850.0
plus_compact_all__skew_normal__stump_160_lr004_depth1_leaf50_sub1_direct,plus_compact_all,47,skew_normal,stump_160_lr004_depth1_leaf50_sub1_direct,0.95,test,1.8722254969899583,1.1445699784123218,0.12125778406206547,2.474992390491818,2.6151138365090585,283.0,284.0,283.0,850.0
plus_compact_all__skew_normal__stump_160_lr004_depth1_leaf50_sub1_direct,plus_compact_all,47,skew_normal,stump_160_lr004_depth1_leaf50_sub1_direct,1.0,validation,1.970484042561432,1.1828371511562614,0.12669361489511158,2.505443048858512,2.6740089071805064,279.0,282.0,279.0,840.0
plus_compact_all__skew_normal__stump_160_lr004_depth1_leaf50_sub1_direct,plus_compact_all,47,skew_normal,stump_160_lr004_depth1_leaf50_sub1_direct,1.0,test,1.874834714318066,1.1427065642594616,0.12096647737218813,2.605255147886124,2.7527514068516408,279.0,282.0,279.0,840.0
plus_compact_all__skew_normal__stump_160_lr004_depth1_leaf50_sub1_direct,plus_compact_all,47,skew_normal,stump_160_lr004_depth1_leaf50_sub1_direct,1.03,validation,1.9672537751807992,1.1803770897610126,0.12641909203052298,2.5806063403242674,2.7542291743959217,276.0,279.0,277.0,832.0
plus_compact_all__skew_normal__stump_160_lr004_depth1_leaf50_sub1_direct,plus_compact_all,47,skew_normal,stump_160_lr004_depth1_leaf50_sub1_direct,1.03,test,1.8789483853722146,1.1434545860772727,0.12094631932133644,2.6834128023227075,2.83533394905719,276.0,279.0,277.0,832.0
plus_compact_all__skew_normal__stump_160_lr004_depth1_leaf50_sub1_direct,plus_compact_all,47,skew_normal,stump_160_lr004_depth1_leaf50_sub1_direct,1.05,validation,1.9663271213169782,1.1795353397636092,0.1262967116122418,2.6307152013014377,2.807709352539532,274.0,277.0,275.0,826.0
plus_compact_all__skew_normal__stump_160_lr004_depth1_leaf50_sub1_direct,plus_compact_all,47,skew_normal,stump_160_lr004_depth1_leaf50_sub1_direct,1.05,test,1.8825854331086647,1.1446222572982698,0.12099130899302808,2.735517905280431,2.890388977194223,274.0,277.0,275.0,826.0
plus_compact_all__skew_normal__stump_160_lr004_depth1_leaf50_sub1_direct,plus_compact_all,47,skew_normal,stump_160_lr004_depth1_leaf50_sub1_direct,1.08,validation,1.9665614464609933,1.1793411401021434,0.12619789645775756,2.705878492767193,2.887929619754947,275.0,275.0,274.0,824.0
plus_compact_all__skew_normal__stump_160_lr004_depth1_leaf50_sub1_direct,plus_compact_all,47,skew_normal,stump_160_lr004_depth1_leaf50_sub1_direct,1.08,test,1.8892142193645507,1.1472658284024773,0.12113983726100534,2.813675559717014,2.9729715193997723,275.0,275.0,274.0,824.0
plus_compact_all__skew_normal__stump_160_lr004_depth1_leaf50_sub1_direct,plus_compact_all,47,skew_normal,stump_160_lr004_depth1_leaf50_sub1_direct,1.1,validation,1.9676895201977431,1.1798569759598974,0.12618511402186644,2.7559873537443633,2.941409797898557,277.0,274.0,276.0,827.0
plus_compact_all__skew_normal__stump_160_lr004_depth1_leaf50_sub1_direct,plus_compact_all,47,skew_normal,stump_160_lr004_depth1_leaf50_sub1_direct,1.1,test,1.8943290705848852,1.1495650754474485,0.1212892802229933,2.8657806626747364,3.028026547536805,277.0,274.0,276.0,827.0
plus_compact_all__skew_normal__stump_160_lr004_depth1_leaf50_sub1_direct,plus_compact_all,47,skew_normal,stump_160_lr004_depth1_leaf50_sub1_direct,1.12,validation,1.9695156452314952,1.1808407017459381,0.12621221874480715,2.806096214721534,2.9948899760421677,278.0,276.0,278.0,832.0
plus_compact_all__skew_normal__stump_160_lr004_depth1_leaf50_sub1_direct,plus_compact_all,47,skew_normal,stump_160_lr004_depth1_leaf50_sub1_direct,1.12,test,1.8999387174746682,1.1522520683155772,0.12147634155013934,2.9178857656324597,3.083081575673838,278.0,276.0,278.0,832.0
plus_compact_all__skew_normal__stump_160_lr004_depth1_leaf50_sub1_direct,plus_compact_all,47,skew_normal,stump_160_lr004_depth1_leaf50_sub1_direct,1.15,validation,1.97343179316686,1.1831125334490835,0.12632308396923655,2.881259506187289,3.075110243257582,280.0,278.0,280.0,838.0
plus_compact_all__skew_normal__stump_160_lr004_depth1_leaf50_sub1_direct,plus_compact_all,47,skew_normal,stump_160_lr004_depth1_leaf50_sub1_direct,1.15,test,1.9091787209987838,1.1569396256032118,0.1218226823212212,2.9960434200690425,3.1656641178793867,280.0,278.0,280.0,838.0
plus_compact_all__skew_normal__stump_160_lr004_depth1_leaf50_sub1_direct,plus_compact_all,47,skew_normal,stump_160_lr004_depth1_leaf50_sub1_direct,1.18,validation,1.978599671142659,1.186240228489412,0.1265122680291582,2.9564227976530444,3.1553305104729974,281.0,280.0,281.0,842.0
plus_compact_all__skew_normal__stump_160_lr004_depth1_leaf50_sub1_direct,plus_compact_all,47,skew_normal,stump_160_lr004_depth1_leaf50_sub1_direct,1.18,test,1.9192852488331666,1.162329715194281,0.1222417603602235,3.074201074505626,3.248246660084936,281.0,280.0,281.0,842.0
plus_compact_all__skew_normal__stump_160_lr004_depth1_leaf50_sub1_direct,plus_compact_all,47,skew_normal,stump_160_lr004_depth1_leaf50_sub1_direct,1.2,validation,1.9826609701382831,1.1887511628269325,0.12667878988862394,3.0065316586302147,3.2088106886166075,287.0,281.0,282.0,850.0
plus_compact_all__skew_normal__stump_160_lr004_depth1_leaf50_sub1_direct,plus_compact_all,47,skew_normal,stump_160_lr004_depth1_leaf50_sub1_direct,1.2,test,1.9264432045484956,1.1662705749209543,0.1225583411600681,3.126306177463349,3.303301688221969,287.0,281.0,282.0,850.0
plus_compact_all__skew_normal__stump_160_lr004_depth1_leaf50_sub1_direct,plus_compact_all,47,skew_normal,stump_160_lr004_depth1_leaf50_sub1_direct,1.25,validation,1.9946711457508555,1.1963293417516827,0.1272238520750129,3.13180381107314,3.3425111339756333,323.0,283.0,302.0,908.0
plus_compact_all__skew_normal__stump_160_lr004_depth1_leaf50_sub1_direct,plus_compact_all,47,skew_normal,stump_160_lr004_depth1_leaf50_sub1_direct,1.25,test,1.9455795055605072,1.177175657758337,0.12346701112366935,3.256568934857655,3.440939258564551,323.0,283.0,302.0,908.0
plus_compact_all__skew_normal__stump_160_lr004_depth1_leaf50_sub1_direct,plus_compact_all,47,skew_normal,stump_160_lr004_depth1_leaf50_sub1_direct,1.3,validation,2.008899965531278,1.2054874644571856,0.12793295631159757,3.257075963516066,3.4762115793346586,345.0,306.0,340.0,991.0
plus_compact_all__skew_normal__stump_160_lr004_depth1_leaf50_sub1_direct,plus_compact_all,47,skew_normal,stump_160_lr004_depth1_leaf50_sub1_direct,1.3,test,1.9661579909932991,1.1893454637565741,0.12452288510206085,3.386831692251961,3.578576828907133,345.0,306.0,340.0,991.0
