latitude,longitude,elevation,utc_offset_seconds,timezone,timezone_abbreviation
40.78858,-73.9661,33.0,-14400,America/New_York,GMT-4

time,temperature_2m_max (°F),sunrise (iso8601),sunset (iso8601),daylight_duration (s),sunshine_duration (s),precipitation_sum (inch),precipitation_hours (h),precipitation_probability_max (%),wind_gusts_10m_max (mp/h),wind_speed_10m_max (mp/h),wind_direction_10m_dominant (°),shortwave_radiation_sum (MJ/m²),weather_code (wmo code),temperature_2m_min (°F),cloud_cover_mean (%),dew_point_2m_mean (°F),relative_humidity_2m_mean (%),surface_pressure_mean (hPa),wind_speed_10m_mean (mp/h)
2022-01-01,54.3,2022-01-01T08:20,2022-01-01T17:38,33521.71,0.00,0.500,9.0,NaN,14.8,8.4,168,2.79,63,49.7,100,50.7,96,1005.0,3.8
2022-01-02,56.8,2022-01-02T08:20,2022-01-02T17:39,33566.34,0.00,0.016,1.0,NaN,25.9,13.1,295,1.74,51,36.8,99,47.0,88,1000.3,7.3
2022-01-03,36.7,2022-01-03T08:20,2022-01-03T17:40,33614.83,0.00,0.000,0.0,NaN,28.9,17.3,348,4.32,3,22.5,91,15.3,56,1014.9,10.6
2022-01-04,34.0,2022-01-04T08:20,2022-01-04T17:41,33667.68,30878.93,0.000,0.0,NaN,24.6,12.0,277,9.68,1,17.6,6,10.6,54,1023.7,5.6
2022-01-05,44.9,2022-01-05T08:20,2022-01-05T17:42,33724.80,0.00,0.185,4.0,NaN,26.8,9.1,203,2.70,63,27.3,80,32.0,85,1011.0,4.9
2022-01-06,38.9,2022-01-06T08:20,2022-01-06T17:43,33786.05,25200.00,0.000,0.0,NaN,26.8,13.5,263,9.54,3,32.2,68,21.9,59,1006.8,6.9
2022-01-07,33.4,2022-01-07T08:19,2022-01-07T17:44,33851.28,24071.85,0.472,8.0,NaN,31.1,16.6,302,9.47,75,25.0,56,20.0,70,1007.9,11.0
2022-01-08,29.6,2022-01-08T08:19,2022-01-08T17:45,33920.34,30904.34,0.000,0.0,NaN,31.8,19.6,288,10.34,1,20.5,3,7.8,48,1028.0,7.7
2022-01-09,39.0,2022-01-09T08:19,2022-01-09T17:46,33993.09,0.00,0.102,5.0,NaN,33.3,12.2,214,3.38,53,25.1,72,25.1,72,1019.6,6.9
2022-01-10,39.1,2022-01-10T08:19,2022-01-10T17:47,34069.39,30930.08,0.000,0.0,NaN,30.6,15.3,284,10.00,3,27.2,48,14.5,52,1014.9,12.0
2022-01-11,25.3,2022-01-11T08:19,2022-01-11T17:48,34149.10,30946.16,0.000,0.0,NaN,30.9,16.2,300,10.69,3,15.8,18,-0.3,43,1026.2,9.9
2022-01-12,39.8,2022-01-12T08:18,2022-01-12T17:49,34232.07,30964.35,0.000,0.0,NaN,32.9,13.4,216,9.70,3,16.3,19,13.2,53,1019.3,5.4
2022-01-13,46.6,2022-01-13T08:18,2022-01-13T17:50,34318.16,17978.94,0.000,0.0,NaN,8.9,5.0,36,8.88,3,30.6,59,26.1,65,1011.3,2.1
2022-01-14,42.1,2022-01-14T08:18,2022-01-14T17:51,34407.22,25857.29,0.000,0.0,NaN,37.8,20.1,344,9.68,3,25.4,77,28.4,73,1005.4,10.8
2022-01-15,24.1,2022-01-15T08:17,2022-01-15T17:52,34499.13,27431.48,0.000,0.0,NaN,31.5,15.0,340,10.50,3,11.1,27,-1.1,47,1019.4,9.9
2022-01-16,33.4,2022-01-16T08:17,2022-01-16T17:53,34593.73,16573.40,0.087,3.0,NaN,27.3,13.0,21,7.56,73,7.1,56,8.7,67,1021.4,7.4
2022-01-17,42.0,2022-01-17T08:16,2022-01-17T17:55,34690.90,0.00,1.394,8.0,NaN,53.2,19.8,189,2.75,65,33.6,100,31.9,80,986.7,14.6
2022-01-18,36.2,2022-01-18T08:16,2022-01-18T17:56,34790.50,28928.89,0.000,0.0,NaN,39.6,19.6,289,10.57,3,29.7,44,15.5,50,1005.8,13.2
2022-01-19,49.3,2022-01-19T08:15,2022-01-19T17:57,34892.38,18000.00,0.000,0.0,NaN,34.4,13.2,193,8.54,3,25.5,60,22.5,56,1013.9,6.9
2022-01-20,44.9,2022-01-20T08:15,2022-01-20T17:58,34996.42,10184.58,0.311,8.0,NaN,19.2,11.1,309,5.57,73,26.3,93,25.3,67,1015.9,7.9
2022-01-21,25.1,2022-01-21T08:14,2022-01-21T17:59,35102.50,10401.70,0.000,0.0,NaN,26.6,13.6,352,8.47,3,12.6,79,0.9,47,1028.9,10.3
2022-01-22,29.1,2022-01-22T08:14,2022-01-22T18:00,35210.48,31259.81,0.000,0.0,NaN,22.4,9.4,354,11.28,3,10.8,36,4.5,51,1023.7,5.5
2022-01-23,36.8,2022-01-23T08:13,2022-01-23T18:02,35320.62,30304.44,0.016,1.0,NaN,16.3,9.4,234,11.26,73,20.9,42,10.8,49,1009.2,5.5
2022-01-24,32.4,2022-01-24T08:12,2022-01-24T18:03,35434.04,18000.00,0.000,0.0,NaN,19.9,8.5,338,9.01,3,27.9,71,22.2,72,1007.4,4.2
2022-01-25,41.9,2022-01-25T08:11,2022-01-25T18:04,35550.64,29272.38,0.000,0.0,NaN,24.2,11.7,277,9.65,3,30.3,48,24.0,63,1009.9,5.5
2022-01-26,29.8,2022-01-26T08:11,2022-01-26T18:05,35670.23,31436.89,0.000,0.0,NaN,20.1,13.3,323,12.06,3,19.5,13,4.3,43,1022.4,8.3
2022-01-27,31.6,2022-01-27T08:10,2022-01-27T18:06,35792.62,31486.78,0.000,0.0,NaN,16.1,10.3,160,11.79,3,13.2,21,7.0,51,1025.3,4.4
2022-01-28,33.1,2022-01-28T08:09,2022-01-28T18:08,35917.62,0.00,0.063,4.0,NaN,21.5,8.9,311,3.77,73,28.8,98,22.2,71,1016.0,4.1
2022-01-29,28.7,2022-01-29T08:08,2022-01-29T18:09,36045.07,0.00,0.516,15.0,NaN,51.9,20.9,325,6.08,73,12.6,89,11.1,75,1002.6,15.9
2022-01-30,24.6,2022-01-30T08:07,2022-01-30T18:10,36174.78,31648.44,0.000,0.0,NaN,42.1,14.9,277,12.69,3,10.7,19,-0.2,47,1010.9,9.4
2022-01-31,30.6,2022-01-31T08:06,2022-01-31T18:11,36306.57,31822.07,0.000,0.0,NaN,8.5,4.8,22,12.10,3,13.6,31,7.1,53,1022.5,2.7
2022-02-01,35.5,2022-02-01T08:05,2022-02-01T18:13,36440.26,31765.30,0.000,0.0,NaN,14.1,8.1,29,12.50,3,19.1,36,16.9,65,1029.1,4.2
2022-02-02,45.3,2022-02-02T08:04,2022-02-02T18:14,36575.70,7200.00,0.000,0.0,NaN,11.0,5.2,69,7.32,3,31.5,100,33.8,86,1026.3,3.3
2022-02-03,46.6,2022-02-03T08:03,2022-02-03T18:15,36712.72,0.00,0.327,8.0,NaN,12.1,4.7,145,1.50,63,40.3,100,42.3,96,1019.5,2.9
2022-02-04,54.8,2022-02-04T08:02,2022-02-04T18:16,36851.16,0.00,1.476,17.0,NaN,25.7,13.3,321,1.03,67,27.4,100,36.9,92,1009.0,8.7
2022-02-05,27.4,2022-02-05T08:01,2022-02-05T18:18,36990.85,22746.33,0.000,0.0,NaN,26.6,16.6,305,11.82,3,18.9,59,13.9,65,1019.5,10.6
2022-02-06,30.7,2022-02-06T08:00,2022-02-06T18:19,37131.64,34317.98,0.000,0.0,NaN,14.3,6.5,74,12.79,3,15.3,16,10.9,60,1031.4,4.3
2022-02-07,37.2,2022-02-07T07:59,2022-02-07T18:20,37273.38,0.00,0.173,6.0,NaN,15.0,7.8,14,0.95,73,28.1,100,31.2,91,1021.5,3.9
2022-02-08,45.2,2022-02-08T07:58,2022-02-08T18:21,37415.91,32220.83,0.157,4.0,NaN,23.5,14.9,291,12.02,61,31.9,56,28.9,73,1010.0,8.2
2022-02-09,45.1,2022-02-09T07:56,2022-02-09T18:23,37559.09,35890.75,0.000,0.0,NaN,18.8,9.6,196,13.51,2,27.0,4,21.6,58,1013.2,5.5
2022-02-10,54.1,2022-02-10T07:55,2022-02-10T18:24,37702.79,31673.76,0.000,0.0,NaN,35.8,18.0,248,12.77,3,31.3,27,26.4,59,1007.9,7.3
2022-02-11,57.0,2022-02-11T07:54,2022-02-11T18:25,37846.85,36000.00,0.000,0.0,NaN,31.3,14.8,173,13.98,3,32.0,10,23.3,43,1010.6,6.6
2022-02-12,59.9,2022-02-12T07:53,2022-02-12T18:26,37991.57,23059.35,0.000,0.0,NaN,32.7,16.3,248,12.50,3,46.0,66,27.0,37,1009.8,9.3
2022-02-13,44.1,2022-02-13T07:52,2022-02-13T18:27,38138.22,0.00,0.295,11.0,NaN,17.0,10.7,359,5.23,73,26.5,96,25.3,77,1015.7,6.6
2022-02-14,25.7,2022-02-14T07:50,2022-02-14T18:29,38286.75,35317.06,0.000,0.0,NaN,26.4,16.3,303,14.66,3,15.7,21,2.1,44,1017.0,11.7
2022-02-15,30.8,2022-02-15T07:49,2022-02-15T18:30,38437.02,36000.00,0.000,0.0,NaN,17.9,8.4,272,15.15,0,14.3,2,2.3,42,1031.7,5.9
2022-02-16,43.4,2022-02-16T07:48,2022-02-16T18:31,38588.85,31928.61,0.000,0.0,NaN,20.6,11.7,169,13.91,3,22.3,41,23.5,66,1032.9,5.9
2022-02-17,66.1,2022-02-17T07:46,2022-02-17T18:32,38742.11,12229.58,0.000,0.0,NaN,42.1,14.4,185,10.58,3,42.6,94,43.3,66,1015.9,10.3
2022-02-18,61.8,2022-02-18T07:45,2022-02-18T18:33,38896.65,28800.00,0.409,4.0,NaN,45.2,21.1,262,13.84,63,27.8,55,30.8,59,1002.2,15.8
2022-02-19,40.7,2022-02-19T07:44,2022-02-19T18:35,39052.31,21600.00,0.000,0.0,NaN,38.7,21.9,262,11.10,3,22.6,20,12.0,48,1012.7,11.1
2022-02-20,36.2,2022-02-20T07:42,2022-02-20T18:36,39208.98,36000.00,0.000,0.0,NaN,35.6,20.7,247,15.47,3,19.6,14,7.7,43,1025.0,9.2
2022-02-21,54.7,2022-02-21T07:41,2022-02-21T18:37,39366.49,36000.00,0.000,0.0,NaN,25.3,8.1,189,15.31,3,28.4,17,23.6,55,1022.8,4.9
2022-02-22,56.6,2022-02-22T07:39,2022-02-22T18:38,39524.72,0.00,0.217,3.0,NaN,39.6,17.1,128,5.30,63,34.8,84,41.8,89,1019.3,7.3
2022-02-23,68.8,2022-02-23T07:38,2022-02-23T18:39,39683.53,21600.00,0.000,0.0,NaN,34.2,21.1,254,11.54,3,37.8,84,45.2,67,1011.1,11.1
2022-02-24,36.2,2022-02-24T07:36,2022-02-24T18:41,39842.79,13354.41,0.000,0.0,NaN,24.6,11.5,356,9.58,3,28.8,91,12.4,45,1025.8,7.5
2022-02-25,39.6,2022-02-25T07:35,2022-02-25T18:42,40002.38,10367.37,0.795,10.0,NaN,35.1,19.9,338,5.88,75,29.1,73,25.2,77,1016.4,9.7
2022-02-26,36.1,2022-02-26T07:33,2022-02-26T18:43,40162.16,21642.29,0.000,0.0,NaN,26.2,14.1,297,13.52,3,22.2,68,13.9,53,1024.4,8.1
2022-02-27,48.0,2022-02-27T07:32,2022-02-27T18:44,40322.00,36554.64,0.000,0.0,NaN,37.6,17.4,257,17.18,2,28.5,7,16.2,45,1013.0,12.2
2022-02-28,36.0,2022-02-28T07:30,2022-02-28T18:45,40481.79,36816.68,0.000,0.0,NaN,31.1,14.5,311,17.86,2,27.0,7,6.6,36,1019.1,9.3
2022-03-01,45.6,2022-03-01T07:29,2022-03-01T18:46,40641.39,18615.58,0.000,0.0,NaN,21.5,12.6,153,13.58,3,29.5,59,22.9,57,1016.9,5.5
2022-03-02,52.0,2022-03-02T07:27,2022-03-02T18:47,40800.69,36000.00,0.000,0.0,NaN,20.8,10.0,271,17.27,3,40.1,25,30.0,59,1010.6,6.7
2022-03-03,43.4,2022-03-03T07:26,2022-03-03T18:49,40959.57,36000.00,0.098,2.0,NaN,31.8,15.5,296,18.15,61,27.0,31,19.5,48,1012.9,12.0
2022-03-04,37.3,2022-03-04T07:24,2022-03-04T18:50,41118.31,37825.51,0.000,0.0,NaN,22.6,11.5,264,18.61,0,20.9,2,6.3,39,1028.1,6.5
2022-03-05,45.2,2022-03-05T07:23,2022-03-05T18:51,41278.09,28318.66,0.000,0.0,NaN,19.5,10.6,159,16.03,3,30.2,57,20.0,51,1027.5,4.6
2022-03-06,66.8,2022-03-06T07:21,2022-03-06T18:52,41438.91,0.00,0.000,0.0,NaN,32.9,13.6,200,6.88,3,42.2,99,45.8,78,1013.7,6.4
2022-03-07,74.1,2022-03-07T07:20,2022-03-07T18:53,41600.63,18000.00,0.283,2.0,NaN,44.7,21.1,212,11.83,63,57.6,92,51.7,63,1003.4,9.1
2022-03-08,59.1,2022-03-08T07:18,2022-03-08T18:54,41763.17,38203.00,0.000,0.0,NaN,41.2,23.4,298,18.87,3,38.2,41,20.8,40,1012.4,13.7
2022-03-09,38.7,2022-03-09T07:16,2022-03-09T18:55,41926.39,0.00,0.752,11.0,NaN,19.0,8.9,48,3.13,75,32.8,99,27.9,78,1013.7,5.3
2022-03-10,49.5,2022-03-10T07:15,2022-03-10T18:56,42090.20,21600.00,0.000,0.0,NaN,9.6,7.1,257,16.12,3,30.8,81,30.8,76,1016.5,3.0
2022-03-11,54.6,2022-03-11T07:13,2022-03-11T18:57,42254.47,38496.09,0.000,0.0,NaN,23.0,12.1,153,18.70,3,32.9,20,28.3,59,1013.6,5.1
2022-03-12,47.5,2022-03-12T07:11,2022-03-12T18:59,42419.11,0.00,0.484,8.0,NaN,39.4,22.5,300,4.26,75,23.1,94,30.8,80,994.8,11.8
2022-03-13,34.9,2022-03-13T07:10,2022-03-13T19:00,42583.98,38694.50,0.008,1.0,NaN,41.6,20.4,259,19.95,71,22.1,22,9.5,46,1015.2,13.7
2022-03-14,56.5,2022-03-14T07:08,2022-03-14T19:01,42749.01,38794.27,0.000,0.0,NaN,21.5,11.0,214,19.56,2,31.4,16,25.8,52,1023.4,6.0
2022-03-15,66.9,2022-03-15T07:07,2022-03-15T19:02,42914.07,37128.09,0.000,0.0,NaN,22.1,10.9,191,18.76,3,40.6,28,32.2,47,1018.8,5.7
2022-03-16,64.7,2022-03-16T07:05,2022-03-16T19:03,43079.05,38994.38,0.000,0.0,NaN,20.8,12.2,157,19.62,3,47.8,10,38.6,55,1017.7,5.7
2022-03-17,53.1,2022-03-17T07:03,2022-03-17T19:04,43243.86,0.00,0.102,5.0,NaN,17.4,10.1,40,1.43,53,43.8,95,46.5,95,1012.8,6.6
2022-03-18,71.7,2022-03-18T07:02,2022-03-18T19:05,43408.39,36000.00,0.000,0.0,NaN,20.6,10.5,189,18.87,45,49.6,63,50.2,80,1011.1,5.4
2022-03-19,67.5,2022-03-19T07:00,2022-03-19T19:06,43572.51,16477.25,0.055,2.0,NaN,17.2,9.7,128,13.10,53,48.3,79,52.4,85,1005.6,5.5
2022-03-20,59.9,2022-03-20T06:58,2022-03-20T19:07,43736.14,17793.71,0.000,0.0,NaN,33.6,20.0,275,9.84,3,46.5,50,40.8,60,1004.1,10.9
2022-03-21,63.0,2022-03-21T06:57,2022-03-21T19:08,43899.16,39492.70,0.000,0.0,NaN,36.7,17.3,294,21.32,3,41.4,16,25.7,37,1012.9,11.1
2022-03-22,58.2,2022-03-22T06:55,2022-03-22T19:09,44061.46,39835.91,0.000,0.0,NaN,28.4,15.0,305,21.94,3,44.1,40,14.8,25,1016.7,10.0
2022-03-23,47.5,2022-03-23T06:53,2022-03-23T19:10,44222.93,7200.00,0.000,0.0,NaN,26.8,11.0,60,12.20,3,37.8,71,21.0,43,1019.3,7.7
2022-03-24,45.3,2022-03-24T06:52,2022-03-24T19:11,44383.84,0.00,0.720,13.0,NaN,29.8,15.0,42,1.92,63,38.2,100,40.5,94,1009.3,11.3
2022-03-25,59.9,2022-03-25T06:50,2022-03-25T19:13,44545.29,29606.12,0.142,3.0,NaN,23.7,15.9,258,18.32,61,42.5,68,38.8,68,999.1,7.3
2022-03-26,52.6,2022-03-26T06:48,2022-03-26T19:14,44707.25,11535.80,0.000,0.0,NaN,30.4,16.3,252,10.91,3,45.1,58,31.8,52,994.7,8.9
2022-03-27,46.1,2022-03-27T06:47,2022-03-27T19:15,44869.65,19343.55,0.000,0.0,NaN,30.6,16.6,280,14.14,3,30.7,49,23.3,51,999.3,12.3
2022-03-28,32.0,2022-03-28T06:45,2022-03-28T19:16,45032.38,32400.00,0.000,0.0,NaN,33.3,19.2,290,20.52,3,20.0,49,1.9,34,1008.8,15.4
2022-03-29,36.9,2022-03-29T06:43,2022-03-29T19:17,45195.34,37590.05,0.000,0.0,NaN,30.4,17.0,300,22.37,3,23.7,26,8.2,40,1016.0,13.6
2022-03-30,45.8,2022-03-30T06:42,2022-03-30T19:18,45358.43,34011.24,0.000,0.0,NaN,17.7,9.9,237,20.53,3,28.9,30,13.6,39,1017.6,5.5
2022-03-31,68.0,2022-03-31T06:40,2022-03-31T19:19,45521.54,5882.05,0.016,1.0,NaN,37.8,18.9,159,6.66,51,41.5,100,49.0,82,1001.9,8.7
2022-04-01,61.9,2022-04-01T06:38,2022-04-01T19:20,45684.58,13723.69,0.126,2.0,NaN,33.3,18.8,273,12.09,63,44.6,84,39.5,63,998.4,12.6
2022-04-02,54.6,2022-04-02T06:37,2022-04-02T19:21,45847.44,41231.05,0.000,0.0,NaN,34.0,19.2,282,23.15,3,38.5,27,23.1,43,1012.3,10.4
2022-04-03,45.3,2022-04-03T06:35,2022-04-03T19:22,46010.02,0.00,0.083,3.0,NaN,27.5,12.8,255,4.11,53,39.8,83,36.8,80,1006.3,4.7
2022-04-04,54.9,2022-04-04T06:33,2022-04-04T19:23,46172.22,36969.91,0.000,0.0,NaN,34.0,13.9,289,22.52,3,37.2,31,28.6,52,1010.2,9.4
2022-04-05,55.5,2022-04-05T06:32,2022-04-05T19:24,46333.91,10927.60,0.000,0.0,NaN,16.3,11.9,125,13.41,3,40.9,66,31.1,53,1013.2,5.1
2022-04-06,52.4,2022-04-06T06:30,2022-04-06T19:25,46495.01,0.00,0.421,11.0,NaN,36.9,17.6,45,4.36,63,44.1,100,45.2,92,1006.3,10.7
2022-04-07,53.0,2022-04-07T06:29,2022-04-07T19:26,46655.40,0.00,0.382,7.0,NaN,43.6,19.5,88,2.29,63,44.5,100,45.4,90,1003.6,11.1
2022-04-08,65.4,2022-04-08T06:27,2022-04-08T19:27,46814.97,36601.19,0.016,1.0,NaN,25.1,12.5,242,22.73,51,48.6,60,39.5,61,998.0,8.4
2022-04-09,55.3,2022-04-09T06:25,2022-04-09T19:28,46973.60,20066.73,0.173,2.0,NaN,24.2,14.5,256,13.71,63,47.5,83,38.9,65,999.8,6.6
2022-04-10,49.4,2022-04-10T06:24,2022-04-10T19:29,47131.18,21600.00,0.000,0.0,NaN,29.8,17.2,295,15.39,3,43.2,57,28.4,51,1004.5,12.6
2022-04-11,60.2,2022-04-11T06:22,2022-04-11T19:30,47287.59,42994.37,0.000,0.0,NaN,27.5,13.6,240,25.46,3,38.6,26,28.2,46,1014.2,7.0
2022-04-12,72.4,2022-04-12T06:21,2022-04-12T19:32,47442.72,29192.07,0.016,1.0,NaN,23.0,9.7,263,17.74,51,48.7,46,41.2,56,1012.4,5.8
2022-04-13,69.2,2022-04-13T06:19,2022-04-13T19:33,47596.79,40076.53,0.000,0.0,NaN,18.8,12.0,117,23.34,3,49.2,27,47.8,66,1011.8,5.1
2022-04-14,80.2,2022-04-14T06:18,2022-04-14T19:34,47750.88,32400.00,0.043,2.0,NaN,25.5,23.3,43,22.00,53,55.8,65,54.3,70,1004.2,6.7
2022-04-15,69.7,2022-04-15T06:16,2022-04-15T19:35,47904.96,45507.71,0.000,0.0,NaN,35.3,14.8,221,26.05,3,48.4,13,28.3,33,1014.2,8.8
2022-04-16,70.4,2022-04-16T06:15,2022-04-16T19:36,48058.93,21600.00,0.043,2.0,NaN,33.1,14.2,196,20.24,53,44.2,80,37.4,48,1009.4,10.4
2022-04-17,50.6,2022-04-17T06:13,2022-04-17T19:37,48212.70,42087.93,0.000,0.0,NaN,26.4,17.9,304,25.29,3,39.2,31,26.6,52,1015.7,10.4
2022-04-18,53.8,2022-04-18T06:12,2022-04-18T19:38,48366.14,28666.33,0.197,1.0,NaN,31.3,15.3,79,22.01,63,34.3,55,27.6,55,1020.8,8.5
2022-04-19,48.9,2022-04-19T06:10,2022-04-19T19:39,48519.16,25247.29,1.472,5.0,NaN,45.0,17.6,275,17.68,65,39.5,66,33.4,68,1002.9,14.0
2022-04-20,60.0,2022-04-20T06:09,2022-04-20T19:40,48671.64,45955.06,0.000,0.0,NaN,34.0,14.8,275,26.88,3,40.0,8,26.3,43,1021.4,8.9
2022-04-21,59.8,2022-04-21T06:07,2022-04-21T19:41,48823.46,22984.66,0.000,0.0,NaN,26.6,17.5,158,21.54,3,40.8,48,38.1,63,1026.4,8.3
2022-04-22,70.1,2022-04-22T06:06,2022-04-22T19:42,48974.51,46129.99,0.000,0.0,NaN,28.0,15.1,299,27.07,3,47.7,8,33.6,43,1023.3,8.2
2022-04-23,63.8,2022-04-23T06:04,2022-04-23T19:43,49124.68,39431.84,0.000,0.0,NaN,18.6,10.6,118,24.09,3,47.2,35,32.8,42,1023.4,4.9
2022-04-24,61.8,2022-04-24T06:03,2022-04-24T19:44,49273.85,42701.55,0.000,0.0,NaN,15.9,13.1,95,24.56,3,48.2,20,35.2,48,1019.9,6.6
2022-04-25,56.5,2022-04-25T06:01,2022-04-25T19:45,49421.88,21616.59,0.000,0.0,NaN,18.3,8.2,95,17.39,3,43.7,62,34.5,55,1019.7,5.1
2022-04-26,56.5,2022-04-26T06:00,2022-04-26T19:46,49568.65,8356.42,0.031,2.0,NaN,21.5,8.4,59,7.75,51,50.6,96,48.6,85,1013.5,4.8
2022-04-27,56.1,2022-04-27T05:59,2022-04-27T19:47,49714.04,39214.62,0.000,0.0,NaN,33.8,18.9,295,23.54,3,41.2,41,30.7,49,1010.0,14.3
2022-04-28,57.4,2022-04-28T05:57,2022-04-28T19:48,49857.91,46631.56,0.000,0.0,NaN,34.4,20.6,306,28.76,3,38.5,12,16.8,33,1012.2,15.2
2022-04-29,63.2,2022-04-29T05:56,2022-04-29T19:49,50000.14,46710.78,0.000,0.0,NaN,30.4,17.3,305,29.16,0,37.7,0,11.3,22,1014.4,11.4
2022-04-30,67.8,2022-04-30T05:55,2022-04-30T19:50,50140.58,46788.48,0.000,0.0,NaN,27.3,11.1,298,28.70,0,40.7,0,20.5,28,1015.2,6.6
2022-05-01,68.4,2022-05-01T05:53,2022-05-01T19:51,50279.09,39809.88,0.000,0.0,NaN,17.7,11.2,146,27.05,3,41.6,33,34.0,46,1015.3,5.4
2022-05-02,55.1,2022-05-02T05:52,2022-05-02T19:53,50415.54,0.00,0.059,2.0,NaN,18.8,10.0,52,2.91,55,50.7,98,49.5,88,1013.5,5.6
2022-05-03,61.5,2022-05-03T05:51,2022-05-03T19:54,50550.11,19327.46,0.000,0.0,NaN,15.4,9.6,54,18.64,45,51.3,88,48.9,80,1016.5,6.5
2022-05-04,64.9,2022-05-04T05:50,2022-05-04T19:55,50683.81,7200.00,0.031,2.0,NaN,16.6,8.1,66,10.08,51,49.3,85,51.5,89,1011.7,4.1
2022-05-05,74.3,2022-05-05T05:49,2022-05-05T19:56,50816.61,43200.00,0.000,0.0,NaN,23.3,10.3,8,27.73,3,55.8,53,47.8,59,1013.4,5.4
2022-05-06,61.9,2022-05-06T05:47,2022-05-06T19:57,50948.40,0.00,0.272,9.0,NaN,17.9,7.4,105,5.57,61,49.5,100,49.3,80,1010.0,4.4
2022-05-07,50.4,2022-05-07T05:46,2022-05-07T19:58,51079.06,0.00,0.441,16.0,NaN,36.2,18.1,42,3.12,61,44.9,100,44.2,87,1006.9,11.9
2022-05-08,58.2,2022-05-08T05:45,2022-05-08T19:59,51208.48,15515.44,0.000,0.0,NaN,34.7,15.8,38,20.86,3,43.8,97,30.8,48,1014.5,11.5
2022-05-09,70.2,2022-05-09T05:44,2022-05-09T20:00,51336.52,46800.00,0.000,0.0,NaN,35.8,15.4,34,29.58,0,43.2,1,21.6,26,1018.9,11.6
2022-05-10,72.7,2022-05-10T05:43,2022-05-10T20:01,51463.08,46800.00,0.000,0.0,NaN,34.2,14.5,37,29.41,0,48.0,1,24.2,26,1022.5,10.2
2022-05-11,73.8,2022-05-11T05:42,2022-05-11T20:02,51588.01,34771.87,0.000,0.0,NaN,35.1,13.0,36,19.90,3,51.3,45,37.3,41,1020.7,7.2
2022-05-12,73.3,2022-05-12T05:41,2022-05-12T20:03,51711.20,35918.46,0.000,0.0,NaN,17.0,9.2,59,20.59,45,55.8,62,56.9,80,1021.2,5.2
2022-05-13,70.8,2022-05-13T05:40,2022-05-13T20:04,51832.52,23429.27,0.000,0.0,NaN,13.6,11.6,57,18.93,45,57.1,100,61.0,95,1020.0,5.9
2022-05-14,73.4,2022-05-14T05:39,2022-05-14T20:05,51951.82,4554.74,0.047,3.0,NaN,15.4,11.3,132,12.57,51,59.4,98,62.2,92,1014.3,4.0
2022-05-15,76.9,2022-05-15T05:38,2022-05-15T20:06,52068.97,22489.06,0.000,0.0,NaN,16.1,11.6,170,15.45,45,59.9,74,61.8,87,1007.7,5.0
2022-05-16,76.0,2022-05-16T05:37,2022-05-16T20:07,52183.85,35832.74,0.000,0.0,NaN,30.4,11.4,184,21.95,3,62.6,53,63.2,82,1001.2,5.8
2022-05-17,77.4,2022-05-17T05:36,2022-05-17T20:08,52296.29,39600.00,0.000,0.0,NaN,34.9,19.0,277,24.85,3,54.7,15,44.9,50,1003.9,11.7
2022-05-18,74.0,2022-05-18T05:35,2022-05-18T20:09,52406.18,46800.00,0.000,0.0,NaN,28.2,11.3,281,29.45,3,53.1,18,40.9,46,1009.8,7.4
2022-05-19,66.1,2022-05-19T05:34,2022-05-19T20:10,52513.34,3600.00,0.453,4.0,NaN,16.6,7.9,134,7.87,63,54.3,84,54.5,86,1004.8,3.8
2022-05-20,68.9,2022-05-20T05:33,2022-05-20T20:10,52617.65,13410.23,0.315,3.0,NaN,20.6,10.5,87,18.22,63,54.3,85,58.2,92,1009.4,5.0
2022-05-21,92.2,2022-05-21T05:33,2022-05-21T20:11,52718.95,32400.00,0.000,0.0,NaN,15.7,9.2,184,25.26,95,60.6,45,65.5,76,1011.3,4.2
2022-05-22,91.9,2022-05-22T05:32,2022-05-22T20:12,52817.09,36000.00,0.087,1.0,NaN,15.9,10.9,205,23.75,95,72.3,33,67.3,65,1011.8,5.8
2022-05-23,74.1,2022-05-23T05:31,2022-05-23T20:13,52912.20,36199.29,0.000,0.0,NaN,29.3,12.2,344,28.28,3,60.8,55,47.9,50,1017.1,8.7
2022-05-24,67.5,2022-05-24T05:30,2022-05-24T20:14,53005.05,34150.51,0.000,0.0,NaN,14.8,11.7,76,23.79,3,56.3,78,49.1,62,1021.3,6.1
2022-05-25,71.2,2022-05-25T05:30,2022-05-25T20:15,53095.61,46800.00,0.000,0.0,NaN,13.0,10.3,126,28.22,2,52.4,17,47.3,63,1024.1,4.8
2022-05-26,69.7,2022-05-26T05:29,2022-05-26T20:16,53183.79,33031.48,0.000,0.0,NaN,19.0,11.8,142,22.46,3,52.2,63,53.0,73,1020.6,6.7
2022-05-27,79.6,2022-05-27T05:29,2022-05-27T20:16,53269.50,12167.96,1.449,2.0,NaN,25.7,13.7,160,15.15,65,63.4,93,65.2,89,1009.3,6.9
2022-05-28,74.1,2022-05-28T05:28,2022-05-28T20:17,53352.64,14301.02,0.000,0.0,NaN,29.1,10.6,238,16.29,3,64.9,78,63.2,85,1003.5,5.3
2022-05-29,78.8,2022-05-29T05:28,2022-05-29T20:18,53433.11,46800.00,0.000,0.0,NaN,12.5,9.6,215,28.59,1,58.2,6,55.5,66,1013.0,3.2
2022-05-30,87.0,2022-05-30T05:27,2022-05-30T20:19,53510.83,46814.06,0.000,0.0,NaN,15.4,13.3,186,28.81,45,60.3,5,62.2,68,1014.7,5.0
2022-05-31,94.8,2022-05-31T05:27,2022-05-31T20:20,53585.69,47009.19,0.000,0.0,NaN,23.0,14.0,296,29.20,2,62.6,9,63.3,57,1010.5,7.6
2022-06-01,68.4,2022-06-01T05:26,2022-06-01T20:20,53657.59,3600.00,1.248,4.0,NaN,19.2,11.9,70,10.17,65,58.6,95,57.7,85,1010.1,6.9
2022-06-02,78.2,2022-06-02T05:26,2022-06-02T20:21,53726.45,20680.10,0.059,2.0,NaN,13.2,8.2,140,14.93,55,59.1,77,64.3,88,1003.3,4.5
2022-06-03,75.9,2022-06-03T05:25,2022-06-03T20:22,53792.16,28800.00,0.000,0.0,NaN,15.0,8.7,97,21.54,45,62.0,78,61.7,80,1003.9,5.5
2022-06-04,81.0,2022-06-04T05:25,2022-06-04T20:23,53854.63,44359.01,0.000,0.0,NaN,19.5,16.6,172,28.49,2,59.1,7,53.1,56,1007.2,5.0
2022-06-05,77.9,2022-06-05T05:25,2022-06-05T20:23,53913.76,48688.69,0.000,0.0,NaN,15.4,10.8,48,30.84,2,55.8,6,41.1,39,1011.3,4.8
2022-06-06,81.8,2022-06-06T05:24,2022-06-06T20:24,53969.45,47289.19,0.000,0.0,NaN,22.4,13.4,185,30.19,3,58.2,6,44.3,40,1013.1,5.4
2022-06-07,78.1,2022-06-07T05:24,2022-06-07T20:25,54021.61,31333.97,0.028,1.0,NaN,33.6,17.9,169,23.93,53,59.2,54,55.9,62,1012.9,10.4
2022-06-08,84.3,2022-06-08T05:24,2022-06-08T20:25,54070.13,39062.49,0.000,0.0,NaN,28.4,11.2,236,27.72,3,67.3,51,61.8,66,1007.7,7.4
2022-06-09,84.9,2022-06-09T05:24,2022-06-09T20:26,54114.95,38369.80,0.315,4.0,NaN,31.1,18.3,251,22.82,63,69.5,66,61.9,67,1000.5,10.7
2022-06-10,80.1,2022-06-10T05:24,2022-06-10T20:26,54155.93,49085.49,0.000,0.0,NaN,23.0,11.9,282,30.58,3,61.1,30,49.1,46,1006.2,6.9
2022-06-11,76.9,2022-06-11T05:23,2022-06-11T20:27,54193.02,15727.83,0.043,1.0,NaN,15.2,7.6,173,17.15,55,65.5,64,53.7,54,1009.5,4.3
2022-06-12,71.8,2022-06-12T05:23,2022-06-12T20:27,54226.20,16796.96,0.059,2.0,NaN,16.8,10.6,165,13.96,55,62.4,77,60.8,81,1010.9,5.9
2022-06-13,84.5,2022-06-13T05:23,2022-06-13T20:28,54255.76,40732.45,0.000,0.0,NaN,17.2,9.2,271,24.13,3,66.7,48,64.6,70,1008.8,4.0
2022-06-14,83.3,2022-06-14T05:23,2022-06-14T20:28,54281.72,40866.11,0.000,0.0,NaN,18.1,8.1,6,29.04,3,67.7,26,51.4,44,1009.2,5.0
2022-06-15,82.0,2022-06-15T05:23,2022-06-15T20:28,54304.06,48260.10,0.000,0.0,NaN,16.3,12.7,121,29.56,1,65.5,7,58.4,63,1014.5,6.4
2022-06-16,69.3,2022-06-16T05:23,2022-06-16T20:29,54322.78,0.00,0.157,2.0,NaN,28.6,16.4,162,8.00,63,63.1,83,61.2,82,1015.8,7.3
2022-06-17,91.2,2022-06-17T05:24,2022-06-17T20:29,54337.88,43512.02,0.000,0.0,NaN,31.1,18.0,253,26.43,3,67.2,54,63.0,64,1002.8,9.2
2022-06-18,76.0,2022-06-18T05:24,2022-06-18T20:29,54349.37,37177.28,0.000,0.0,NaN,32.4,18.7,302,24.41,3,58.3,25,48.6,51,1002.6,12.9
2022-06-19,73.7,2022-06-19T05:24,2022-06-19T20:30,54357.23,51111.52,0.000,0.0,NaN,30.4,16.9,310,31.71,1,54.0,5,40.5,44,1010.0,10.4
2022-06-20,80.1,2022-06-20T05:24,2022-06-20T20:30,54361.48,49784.63,0.000,0.0,NaN,21.9,9.7,294,31.44,3,56.3,27,41.9,39,1015.5,6.7
2022-06-21,79.4,2022-06-21T05:24,2022-06-21T20:30,54362.12,28735.30,0.000,0.0,NaN,11.9,6.8,40,23.30,3,60.6,69,51.5,54,1015.5,3.7
2022-06-22,66.6,2022-06-22T05:24,2022-06-22T20:30,54359.15,6719.10,0.000,0.0,NaN,19.7,11.6,107,6.60,3,61.2,99,60.9,89,1012.8,7.7
2022-06-23,73.1,2022-06-23T05:25,2022-06-23T20:31,54352.58,27326.60,0.201,2.0,NaN,17.0,10.8,91,17.56,63,60.1,96,60.8,81,1011.0,5.5
2022-06-24,81.4,2022-06-24T05:25,2022-06-24T20:31,54342.43,36756.88,0.000,0.0,NaN,17.7,14.4,164,25.82,3,63.2,52,64.2,79,1012.2,4.5
2022-06-25,91.0,2022-06-25T05:25,2022-06-25T20:31,54328.70,49006.73,0.000,0.0,NaN,12.3,9.6,220,30.30,1,67.4,8,61.9,60,1014.8,3.8
2022-06-26,89.4,2022-06-26T05:26,2022-06-26T20:31,54311.42,48829.03,0.000,0.0,NaN,27.3,14.6,177,29.53,2,68.0,13,62.9,60,1014.5,7.3
2022-06-27,78.2,2022-06-27T05:26,2022-06-27T20:31,54290.58,3600.00,0.114,2.0,NaN,30.6,12.6,206,11.23,61,70.1,60,66.4,77,1010.7,7.0
2022-06-28,79.0,2022-06-28T05:27,2022-06-28T20:31,54266.21,48997.28,0.000,0.0,NaN,17.7,7.8,339,30.07,3,64.8,22,53.9,55,1016.1,4.4
2022-06-29,85.3,2022-06-29T05:27,2022-06-29T20:31,54238.34,48271.00,0.000,0.0,NaN,16.1,13.1,186,30.50,3,62.4,20,57.1,58,1018.6,5.2
2022-06-30,87.5,2022-06-30T05:27,2022-06-30T20:31,54206.96,48091.65,0.000,0.0,NaN,16.6,9.4,274,29.99,1,67.0,4,59.3,57,1017.7,5.1
2022-07-01,93.1,2022-07-01T05:28,2022-07-01T20:31,54172.12,47049.76,0.000,0.0,NaN,27.7,13.1,206,28.59,3,70.9,15,66.1,59,1013.1,7.8
2022-07-02,89.0,2022-07-02T05:28,2022-07-02T20:31,54133.70,33337.18,0.000,0.0,NaN,31.1,11.1,228,22.23,3,77.8,55,67.8,61,1009.0,7.1
2022-07-03,90.7,2022-07-03T05:29,2022-07-03T20:30,54091.36,34807.54,0.000,0.0,NaN,16.8,11.0,328,26.59,3,73.2,51,56.6,48,1012.1,5.2
2022-07-04,85.7,2022-07-04T05:29,2022-07-04T20:30,54045.17,49861.03,0.000,0.0,NaN,11.6,7.6,274,30.57,3,64.0,11,49.2,39,1016.4,3.9
2022-07-05,86.5,2022-07-05T05:30,2022-07-05T20:30,53995.22,25080.95,0.016,1.0,NaN,25.5,12.8,181,21.07,51,71.4,46,60.7,58,1012.3,8.3
2022-07-06,85.8,2022-07-06T05:31,2022-07-06T20:30,53941.63,44358.44,0.000,0.0,NaN,24.8,12.5,279,26.48,3,73.3,52,66.6,67,1006.7,8.2
2022-07-07,82.2,2022-07-07T05:31,2022-07-07T20:29,53884.49,32909.29,0.000,0.0,NaN,21.0,9.9,75,17.95,3,69.3,48,63.2,67,1011.4,7.0
2022-07-08,84.1,2022-07-08T05:32,2022-07-08T20:29,53823.92,37228.71,0.311,1.0,NaN,13.9,9.7,164,22.84,65,65.3,54,66.6,80,1011.6,3.6
2022-07-09,84.9,2022-07-09T05:33,2022-07-09T20:29,53760.01,48568.59,0.000,0.0,NaN,15.2,9.8,24,28.43,3,69.9,44,60.1,60,1012.5,4.4
2022-07-10,82.8,2022-07-10T05:33,2022-07-10T20:28,53692.88,48266.59,0.000,0.0,NaN,18.6,10.3,79,30.08,3,63.0,19,54.0,52,1013.6,6.5
2022-07-11,83.9,2022-07-11T05:34,2022-07-11T20:28,53622.63,47607.60,0.000,0.0,NaN,22.6,14.2,179,29.08,2,62.9,9,58.9,61,1009.8,7.8
2022-07-12,91.7,2022-07-12T05:35,2022-07-12T20:27,53549.36,37241.01,0.000,0.0,NaN,28.6,13.9,194,24.70,3,67.6,46,66.1,65,1004.2,9.5
2022-07-13,91.2,2022-07-13T05:36,2022-07-13T20:27,53473.19,47900.72,0.000,0.0,NaN,22.6,10.6,247,29.07,3,73.4,15,64.1,57,1007.1,5.3
2022-07-14,86.4,2022-07-14T05:36,2022-07-14T20:26,53394.21,34921.92,0.000,0.0,NaN,15.4,9.1,345,19.87,3,71.1,45,63.1,60,1010.3,4.8
2022-07-15,84.9,2022-07-15T05:37,2022-07-15T20:26,53312.54,44040.91,0.000,0.0,NaN,21.7,9.6,97,24.44,3,68.6,18,59.5,58,1016.2,5.4
2022-07-16,82.8,2022-07-16T05:38,2022-07-16T20:25,53228.27,29052.49,0.000,0.0,NaN,11.9,10.7,79,17.61,3,70.8,60,68.5,82,1015.3,4.5
2022-07-17,84.1,2022-07-17T05:39,2022-07-17T20:24,53141.51,33364.98,0.000,0.0,NaN,18.8,10.2,181,19.15,3,70.8,78,68.9,76,1012.6,4.5
2022-07-18,81.8,2022-07-18T05:40,2022-07-18T20:24,53052.36,13981.13,2.012,1.0,NaN,28.6,12.9,140,14.18,81,73.9,90,72.8,86,1008.3,4.5
2022-07-19,92.1,2022-07-19T05:40,2022-07-19T20:23,52960.92,46855.36,0.000,0.0,NaN,22.1,12.1,252,28.61,3,71.7,17,66.4,62,1004.3,8.4
2022-07-20,94.4,2022-07-20T05:41,2022-07-20T20:22,52867.29,46800.00,0.000,0.0,NaN,18.6,11.3,214,26.29,1,75.7,6,67.3,54,1003.6,5.5
2022-07-21,93.4,2022-07-21T05:42,2022-07-21T20:22,52771.58,44477.57,0.000,0.0,NaN,23.0,15.3,191,25.69,95,77.6,16,70.5,66,1000.7,7.4
2022-07-22,96.1,2022-07-22T05:43,2022-07-22T20:21,52673.59,39600.00,0.370,1.0,NaN,18.8,12.7,245,26.48,65,76.9,17,63.6,51,1006.8,5.4
2022-07-23,97.6,2022-07-23T05:44,2022-07-23T20:20,52572.52,46800.00,0.000,0.0,NaN,15.0,11.4,230,28.72,0,76.5,0,64.6,52,1011.6,4.7
2022-07-24,98.6,2022-07-24T05:45,2022-07-24T20:19,52468.46,46800.00,0.000,0.0,NaN,24.2,14.8,216,27.61,3,77.3,12,65.1,49,1011.4,8.1
2022-07-25,89.7,2022-07-25T05:46,2022-07-25T20:18,52361.55,32400.00,0.000,0.0,NaN,28.6,12.9,214,20.85,95,80.5,47,72.7,69,1007.8,8.1
2022-07-26,82.7,2022-07-26T05:46,2022-07-26T20:17,52251.95,43582.99,0.000,0.0,NaN,19.9,11.0,290,26.65,3,70.3,64,59.6,56,1011.3,5.0
2022-07-27,86.0,2022-07-27T05:47,2022-07-27T20:16,52139.80,39600.00,0.000,0.0,NaN,14.1,11.3,164,25.71,3,67.0,43,60.3,57,1009.6,4.5
2022-07-28,88.2,2022-07-28T05:48,2022-07-28T20:15,52025.24,32400.00,0.071,1.0,NaN,16.3,12.2,179,21.30,61,73.2,49,70.9,73,1006.2,5.9
2022-07-29,88.5,2022-07-29T05:49,2022-07-29T20:14,51908.41,21600.00,0.000,0.0,NaN,17.4,10.0,253,18.40,3,73.2,64,66.0,60,1008.2,6.1
2022-07-30,88.1,2022-07-30T05:50,2022-07-30T20:13,51789.46,46800.00,0.000,0.0,NaN,21.5,13.6,302,28.30,3,73.0,19,59.1,50,1012.3,8.2
2022-07-31,87.1,2022-07-31T05:51,2022-07-31T20:12,51668.53,37240.49,0.000,0.0,NaN,15.2,10.0,165,24.25,3,68.2,42,60.7,56,1016.8,4.7
2022-08-01,75.7,2022-08-01T05:52,2022-08-01T20:11,51545.74,5418.23,0.453,6.0,NaN,17.7,7.0,280,6.26,65,67.9,88,67.0,86,1010.7,4.3
2022-08-02,91.9,2022-08-02T05:53,2022-08-02T20:10,51421.23,46754.95,0.000,0.0,NaN,14.3,8.9,240,23.10,3,69.2,25,67.9,69,1006.0,5.4
2022-08-03,91.8,2022-08-03T05:54,2022-08-03T20:09,51295.13,46800.00,0.000,0.0,NaN,17.7,12.1,209,27.28,2,73.5,6,64.8,59,1010.7,5.4
2022-08-04,94.1,2022-08-04T05:55,2022-08-04T20:08,51167.57,46245.83,0.000,0.0,NaN,19.7,14.5,173,26.04,3,73.8,19,69.1,63,1012.8,6.3
2022-08-05,91.2,2022-08-05T05:56,2022-08-05T20:07,51038.67,42020.41,0.000,0.0,NaN,17.0,10.1,209,22.69,3,78.3,47,69.0,62,1015.7,5.5
2022-08-06,94.0,2022-08-06T05:57,2022-08-06T20:05,50908.55,45484.13,0.000,0.0,NaN,18.8,14.8,199,22.41,2,76.7,25,69.6,62,1017.9,7.2
2022-08-07,91.1,2022-08-07T05:58,2022-08-07T20:04,50777.34,46302.52,0.000,0.0,NaN,26.8,12.1,204,22.09,3,78.9,43,71.8,67,1016.3,9.2
2022-08-08,94.5,2022-08-08T05:59,2022-08-08T20:03,50645.16,46001.48,0.000,0.0,NaN,22.4,12.5,206,20.01,3,78.9,17,72.2,64,1011.5,8.7
2022-08-09,96.9,2022-08-09T06:00,2022-08-09T20:02,50512.11,39302.31,0.000,0.0,NaN,27.7,13.1,244,21.20,3,81.3,27,73.2,64,1008.7,8.0
2022-08-10,85.2,2022-08-10T06:01,2022-08-10T20:00,50378.31,30069.53,0.000,0.0,NaN,16.1,9.4,352,18.27,3,73.4,49,66.2,64,1012.1,5.1
2022-08-11,90.0,2022-08-11T06:02,2022-08-11T19:59,50243.54,28800.00,0.000,0.0,NaN,17.7,9.1,253,23.43,3,72.2,50,65.2,64,1008.1,4.0
2022-08-12,84.4,2022-08-12T06:03,2022-08-12T19:58,50106.80,43652.76,0.000,0.0,NaN,25.3,12.4,357,26.33,3,70.4,51,51.5,42,1010.8,8.4
2022-08-13,79.3,2022-08-13T06:04,2022-08-13T19:57,49968.17,46271.44,0.000,0.0,NaN,22.1,10.5,355,26.32,2,63.4,7,49.2,46,1014.4,6.5
2022-08-14,81.7,2022-08-14T06:05,2022-08-14T19:55,49827.77,46213.28,0.000,0.0,NaN,15.2,11.8,175,25.91,2,62.5,20,53.5,51,1013.7,5.4
2022-08-15,82.7,2022-08-15T06:06,2022-08-15T19:54,49685.73,46154.95,0.000,0.0,NaN,14.3,10.8,152,24.69,2,65.0,14,56.2,54,1011.8,4.6
2022-08-16,83.4,2022-08-16T06:07,2022-08-16T19:52,49542.20,42496.47,0.000,0.0,NaN,21.0,12.8,64,25.77,3,64.8,16,56.3,57,1012.1,6.2
2022-08-17,79.5,2022-08-17T06:08,2022-08-17T19:51,49397.29,37493.69,0.000,0.0,NaN,17.7,6.7,341,16.46,3,65.4,48,57.3,59,1011.6,4.0
2022-08-18,86.9,2022-08-18T06:09,2022-08-18T19:50,49251.11,39762.40,0.000,0.0,NaN,14.3,11.2,274,23.88,3,63.2,20,56.6,56,1008.8,4.7
2022-08-19,89.4,2022-08-19T06:10,2022-08-19T19:48,49103.82,45920.41,0.000,0.0,NaN,19.9,14.4,189,24.95,2,67.5,10,58.5,52,1013.4,5.3
2022-08-20,89.8,2022-08-20T06:11,2022-08-20T19:47,48955.51,44370.70,0.000,0.0,NaN,18.6,11.7,162,24.25,3,72.5,34,63.7,58,1016.7,5.8
2022-08-21,82.4,2022-08-21T06:12,2022-08-21T19:45,48806.30,42202.77,0.000,0.0,NaN,13.9,11.9,145,23.62,3,69.8,42,67.1,74,1015.3,5.7
2022-08-22,78.1,2022-08-22T06:13,2022-08-22T19:44,48656.32,3600.00,0.500,5.0,NaN,11.0,9.3,79,5.85,81,72.1,95,70.1,87,1009.0,4.3
2022-08-23,86.3,2022-08-23T06:14,2022-08-23T19:42,48505.68,33862.90,0.000,0.0,NaN,17.2,11.1,260,18.58,3,71.7,50,68.7,75,1005.8,5.3
2022-08-24,90.9,2022-08-24T06:15,2022-08-24T19:41,48354.48,45626.32,0.000,0.0,NaN,15.4,8.8,265,24.30,1,70.5,5,60.8,55,1009.9,6.0
2022-08-25,91.4,2022-08-25T06:16,2022-08-25T19:39,48202.82,44124.94,0.000,0.0,NaN,17.9,10.4,229,22.80,3,71.0,23,60.4,51,1012.3,4.6
2022-08-26,85.8,2022-08-26T06:17,2022-08-26T19:37,48050.83,34258.07,0.240,1.0,NaN,18.3,13.1,173,18.86,81,71.7,39,66.8,66,1009.3,5.2
2022-08-27,87.6,2022-08-27T06:18,2022-08-27T19:36,47898.60,39073.81,0.000,0.0,NaN,13.4,9.3,19,20.21,3,72.0,22,65.9,64,1011.2,4.1
2022-08-28,79.7,2022-08-28T06:19,2022-08-28T19:34,47746.23,18628.35,0.000,0.0,NaN,20.8,9.5,76,13.40,3,72.5,81,68.5,80,1016.4,6.8
2022-08-29,86.8,2022-08-29T06:20,2022-08-29T19:33,47593.83,31381.61,0.000,0.0,NaN,21.0,12.9,155,19.29,3,72.9,58,71.1,79,1015.0,6.2
2022-08-30,88.3,2022-08-30T06:21,2022-08-30T19:31,47441.50,33318.62,0.000,0.0,NaN,25.7,16.3,173,21.52,3,72.9,42,71.3,77,1007.8,8.5
2022-08-31,84.0,2022-08-31T06:22,2022-08-31T19:30,47288.98,44583.20,0.000,0.0,NaN,24.6,13.4,281,19.05,3,68.6,36,59.3,62,1004.7,7.6
2022-09-01,86.2,2022-09-01T06:23,2022-09-01T19:28,47135.29,43596.85,0.000,0.0,NaN,21.7,12.3,282,23.68,0,66.8,1,50.4,43,1009.0,7.6
2022-09-02,77.9,2022-09-02T06:24,2022-09-02T19:26,46980.45,42218.90,0.000,0.0,NaN,17.9,8.1,63,22.63,2,59.9,9,53.2,58,1019.1,5.3
2022-09-03,81.9,2022-09-03T06:25,2022-09-03T19:25,46824.56,40530.10,0.000,0.0,NaN,15.0,10.1,137,21.10,2,62.4,16,61.1,70,1020.2,3.8
2022-09-04,88.9,2022-09-04T06:26,2022-09-04T19:23,46667.73,33201.43,0.016,1.0,NaN,11.6,6.7,181,15.06,51,69.7,55,66.8,71,1015.7,3.7
2022-09-05,85.5,2022-09-05T06:26,2022-09-05T19:22,46510.08,7218.95,0.028,1.0,NaN,20.8,11.1,156,12.59,53,73.4,88,68.6,74,1014.2,4.7
2022-09-06,74.2,2022-09-06T06:27,2022-09-06T19:20,46351.70,0.00,0.484,11.0,NaN,22.4,8.5,88,3.99,63,67.5,100,68.4,91,1011.9,4.7
2022-09-07,72.6,2022-09-07T06:28,2022-09-07T19:18,46192.70,4489.71,0.000,0.0,NaN,23.5,11.2,27,7.11,3,64.8,97,61.7,80,1011.5,8.2
2022-09-08,77.3,2022-09-08T06:29,2022-09-08T19:17,46033.18,37780.74,0.000,0.0,NaN,17.7,8.8,29,17.67,3,63.4,54,58.9,68,1009.1,5.0
2022-09-09,79.8,2022-09-09T06:30,2022-09-09T19:15,45873.24,39765.91,0.000,0.0,NaN,13.4,8.9,54,22.42,0,59.7,1,55.4,65,1013.7,5.0
2022-09-10,85.8,2022-09-10T06:31,2022-09-10T19:13,45712.98,39600.00,0.000,0.0,NaN,14.3,8.9,195,21.65,3,61.7,26,56.8,61,1019.0,3.8
2022-09-11,76.6,2022-09-11T06:32,2022-09-11T19:11,45552.48,6639.01,0.071,3.0,NaN,14.8,5.9,85,9.58,53,66.9,94,64.1,79,1016.0,3.0
2022-09-12,80.0,2022-09-12T06:33,2022-09-12T19:10,45391.86,18036.63,0.059,2.0,NaN,13.0,5.2,40,12.23,55,67.8,94,68.1,86,1006.8,2.9
2022-09-13,83.2,2022-09-13T06:34,2022-09-13T19:08,45231.21,23279.06,0.126,1.0,NaN,23.7,13.3,214,12.95,63,70.6,70,66.0,76,1003.5,5.7
2022-09-14,81.2,2022-09-14T06:35,2022-09-14T19:06,45070.62,39600.00,0.000,0.0,NaN,19.9,12.4,278,20.93,1,60.9,4,55.8,59,1009.4,7.2
2022-09-15,75.0,2022-09-15T06:36,2022-09-15T19:05,44910.18,39600.00,0.000,0.0,NaN,24.4,11.9,310,20.91,3,63.3,6,48.6,50,1015.9,7.3
2022-09-16,76.9,2022-09-16T06:37,2022-09-16T19:03,44749.98,39600.00,0.000,0.0,NaN,13.2,7.6,323,20.16,0,54.0,2,44.0,49,1017.9,3.1
2022-09-17,75.0,2022-09-17T06:38,2022-09-17T19:01,44590.13,37698.09,0.000,0.0,NaN,17.7,8.4,83,17.85,3,62.4,33,56.1,66,1019.8,5.4
2022-09-18,84.6,2022-09-18T06:39,2022-09-18T19:00,44430.71,39600.00,0.000,0.0,NaN,21.5,11.4,219,18.21,2,63.9,11,60.9,66,1014.0,7.3
2022-09-19,85.9,2022-09-19T06:40,2022-09-19T18:58,44271.82,32400.00,0.016,1.0,NaN,25.7,16.9,226,16.86,51,69.3,23,61.7,64,1009.0,7.1
2022-09-20,78.4,2022-09-20T06:41,2022-09-20T18:56,44113.20,36123.95,0.000,0.0,NaN,21.7,13.0,284,18.45,3,65.8,16,60.5,69,1007.9,7.2
2022-09-21,81.8,2022-09-21T06:42,2022-09-21T18:55,43953.82,39600.00,0.000,0.0,NaN,17.2,9.5,225,19.14,3,60.9,22,59.1,68,1009.0,4.8
2022-09-22,75.9,2022-09-22T06:43,2022-09-22T18:53,43793.68,6403.03,0.791,4.0,NaN,32.2,17.2,264,6.54,65,58.3,46,57.1,70,1000.1,8.9
2022-09-23,64.1,2022-09-23T06:44,2022-09-23T18:51,43632.90,39600.00,0.000,0.0,NaN,31.3,18.4,304,20.34,3,50.9,27,36.9,49,1008.2,13.3
2022-09-24,71.1,2022-09-24T06:45,2022-09-24T18:50,43471.59,36000.00,0.000,0.0,NaN,31.1,10.8,278,19.13,3,46.3,8,39.4,51,1011.0,7.1
2022-09-25,72.8,2022-09-25T06:46,2022-09-25T18:48,43309.82,13048.43,0.071,2.0,NaN,21.9,9.9,199,12.70,61,56.8,68,52.1,66,1003.5,6.3
2022-09-26,76.6,2022-09-26T06:47,2022-09-26T18:46,43147.73,33040.66,0.000,0.0,NaN,27.3,13.9,223,15.04,3,56.8,20,51.8,65,1001.5,8.1
2022-09-27,69.7,2022-09-27T06:48,2022-09-27T18:44,42985.39,34025.82,0.000,0.0,NaN,18.3,11.7,242,18.45,3,58.4,39,46.4,54,1007.0,6.5
2022-09-28,69.6,2022-09-28T06:49,2022-09-28T18:43,42822.92,39600.00,0.000,0.0,NaN,20.6,9.9,287,18.18,3,50.7,27,48.0,63,1014.8,6.5
2022-09-29,66.7,2022-09-29T06:50,2022-09-29T18:41,42660.42,39600.00,0.000,0.0,NaN,28.6,11.2,357,18.63,3,51.8,41,45.4,61,1022.6,7.1
2022-09-30,62.2,2022-09-30T06:51,2022-09-30T18:39,42497.98,24157.02,0.000,0.0,NaN,20.1,9.5,31,16.83,3,50.5,94,44.7,64,1021.3,6.8
2022-10-01,60.1,2022-10-01T06:52,2022-10-01T18:38,42335.71,0.00,0.354,5.0,NaN,30.0,13.5,24,4.60,63,52.0,100,52.3,85,1012.9,9.8
2022-10-02,58.8,2022-10-02T06:53,2022-10-02T18:36,42173.71,0.00,0.016,1.0,NaN,34.0,18.1,25,5.01,51,50.0,99,42.4,61,1014.2,12.5
2022-10-03,52.0,2022-10-03T06:54,2022-10-03T18:34,42012.09,0.00,0.217,8.0,NaN,33.3,13.9,17,7.21,55,47.4,100,38.9,67,1018.6,11.3
2022-10-04,53.9,2022-10-04T06:55,2022-10-04T18:33,41850.94,0.00,1.102,9.0,NaN,34.9,12.6,5,1.40,63,45.3,100,46.7,90,1011.5,10.2
2022-10-05,58.9,2022-10-05T06:56,2022-10-05T18:31,41690.38,0.00,0.354,3.0,NaN,29.1,11.0,354,4.92,63,53.7,88,53.1,91,1008.5,7.5
2022-10-06,76.2,2022-10-06T06:57,2022-10-06T18:29,41530.50,39476.11,0.000,0.0,NaN,15.2,6.5,318,17.01,3,51.8,35,48.6,63,1010.0,3.6
2022-10-07,78.5,2022-10-07T06:58,2022-10-07T18:28,41371.42,35813.38,0.000,0.0,NaN,21.5,12.6,272,16.33,3,55.7,24,50.1,56,1010.3,6.4
2022-10-08,59.9,2022-10-08T06:59,2022-10-08T18:26,41213.25,34869.49,0.000,0.0,NaN,26.8,11.4,303,15.74,3,46.4,45,38.4,57,1016.4,7.7
2022-10-09,63.2,2022-10-09T07:00,2022-10-09T18:25,41056.08,37432.81,0.000,0.0,NaN,17.9,11.5,246,16.54,3,40.9,21,36.3,57,1016.7,5.8
2022-10-10,69.1,2022-10-10T07:02,2022-10-10T18:23,40899.66,31232.28,0.000,0.0,NaN,18.1,9.7,230,15.54,3,47.2,15,38.6,51,1018.2,4.7
2022-10-11,72.0,2022-10-11T07:03,2022-10-11T18:22,40742.84,35559.43,0.000,0.0,NaN,14.8,8.3,222,16.03,0,48.5,2,45.5,61,1021.3,3.7
2022-10-12,70.7,2022-10-12T07:04,2022-10-12T18:20,40585.65,35760.00,0.000,0.0,NaN,22.1,12.1,172,15.94,3,50.8,18,47.2,62,1018.4,5.1
2022-10-13,71.2,2022-10-13T07:05,2022-10-13T18:18,40428.20,7200.00,0.839,4.0,NaN,31.3,15.7,148,7.27,65,55.7,74,60.7,88,1007.8,8.2
2022-10-14,66.2,2022-10-14T07:06,2022-10-14T18:17,40270.61,29741.50,0.157,2.0,NaN,28.9,9.2,304,14.52,61,52.2,45,45.9,69,1007.8,5.9
2022-10-15,70.5,2022-10-15T07:07,2022-10-15T18:15,40112.99,35299.02,0.000,0.0,NaN,22.8,12.5,166,15.49,1,47.5,3,45.3,66,1012.2,5.4
2022-10-16,66.0,2022-10-16T07:08,2022-10-16T18:14,39955.47,35232.91,0.000,0.0,NaN,12.8,8.1,284,15.01,3,50.4,23,44.2,64,1009.9,3.6
2022-10-17,66.8,2022-10-17T07:09,2022-10-17T18:12,39798.17,10800.00,0.043,2.0,NaN,27.1,16.6,202,6.48,53,53.2,88,50.8,77,1001.9,5.2
2022-10-18,57.3,2022-10-18T07:10,2022-10-18T18:11,39641.22,28800.00,0.000,0.0,NaN,21.0,9.9,263,13.82,3,44.3,49,34.8,55,1000.4,6.8
2022-10-19,54.8,2022-10-19T07:11,2022-10-19T18:09,39484.73,31637.16,0.000,0.0,NaN,25.1,12.7,228,14.19,3,37.8,20,31.3,58,1006.0,7.3
2022-10-20,60.0,2022-10-20T07:12,2022-10-20T18:08,39328.84,34965.01,0.000,0.0,NaN,31.3,14.7,208,14.95,3,40.9,10,31.3,51,1010.5,8.9
2022-10-21,64.8,2022-10-21T07:14,2022-10-21T18:06,39173.67,34897.25,0.000,0.0,NaN,11.9,6.9,190,14.66,0,42.5,0,34.6,55,1015.5,3.1
2022-10-22,67.8,2022-10-22T07:15,2022-10-22T18:05,39019.36,34829.23,0.000,0.0,NaN,12.5,8.5,165,14.38,3,41.7,27,40.1,63,1020.3,3.1
2022-10-23,62.0,2022-10-23T07:16,2022-10-23T18:03,38866.04,2588.00,0.000,0.0,NaN,28.2,11.5,25,6.43,3,50.9,99,47.2,71,1020.7,6.6
2022-10-24,60.3,2022-10-24T07:17,2022-10-24T18:02,38713.83,0.00,0.327,2.0,NaN,25.9,9.6,30,3.33,63,54.5,100,54.8,92,1017.2,7.7
2022-10-25,69.1,2022-10-25T07:18,2022-10-25T18:01,38562.89,14400.00,0.000,0.0,NaN,16.3,8.1,71,6.42,45,60.0,93,62.9,95,1014.0,4.9
2022-10-26,72.0,2022-10-26T07:19,2022-10-26T17:59,38413.37,10531.40,0.157,1.0,NaN,19.2,8.1,184,6.88,63,61.2,86,62.7,92,1005.9,3.8
2022-10-27,67.3,2022-10-27T07:20,2022-10-27T17:58,38265.38,34485.91,0.000,0.0,NaN,25.1,13.8,321,13.33,2,52.0,6,42.5,57,1014.3,8.6
2022-10-28,56.7,2022-10-28T07:22,2022-10-28T17:57,38119.09,32400.00,0.000,0.0,NaN,26.4,10.6,23,13.07,3,43.9,61,32.7,52,1028.0,7.0
2022-10-29,60.1,2022-10-29T07:23,2022-10-29T17:55,37974.65,34324.79,0.000,0.0,NaN,14.5,6.8,20,13.27,2,40.6,10,36.0,63,1026.9,3.7
2022-10-30,65.5,2022-10-30T07:24,2022-10-30T17:54,37831.78,33720.45,0.000,0.0,NaN,8.3,3.5,254,13.44,3,40.6,24,36.6,62,1020.0,2.0
2022-10-31,65.3,2022-10-31T07:25,2022-10-31T17:53,37689.25,18691.10,0.000,0.0,NaN,14.5,9.3,209,9.87,3,48.6,74,50.1,77,1013.9,3.7
2022-11-01,68.1,2022-11-01T07:26,2022-11-01T17:52,37547.08,12803.84,0.016,1.0,NaN,14.8,9.1,246,5.77,51,59.0,72,57.0,84,1012.4,5.6
2022-11-02,72.5,2022-11-02T07:27,2022-11-02T17:51,37405.42,33516.82,0.000,0.0,NaN,22.1,11.0,336,12.52,0,53.3,0,46.3,61,1020.4,4.4
2022-11-03,69.1,2022-11-03T07:28,2022-11-03T17:49,37264.41,31300.28,0.000,0.0,NaN,10.1,7.8,150,12.29,0,47.0,3,45.3,68,1024.1,3.2
2022-11-04,71.3,2022-11-04T07:30,2022-11-04T17:48,37124.18,21600.00,0.000,0.0,NaN,18.1,8.7,175,10.25,45,50.2,59,54.3,85,1023.3,3.4
2022-11-05,76.5,2022-11-05T07:31,2022-11-05T17:47,36984.91,32264.91,0.000,0.0,NaN,29.1,12.6,165,10.86,3,60.0,44,60.3,80,1019.6,7.2
2022-11-06,74.1,2022-11-06T07:32,2022-11-06T17:46,36846.71,12479.79,0.000,0.0,NaN,23.9,9.9,164,6.85,3,64.6,72,62.1,81,1018.3,6.0
2022-11-07,78.8,2022-11-07T07:33,2022-11-07T17:45,36709.77,28800.00,0.000,0.0,NaN,29.1,13.0,264,11.28,3,59.9,10,48.2,54,1017.7,8.5
2022-11-08,58.5,2022-11-08T07:34,2022-11-08T17:44,36574.22,32400.00,0.000,0.0,NaN,27.7,12.4,342,12.11,3,46.0,9,25.6,37,1028.3,9.1
2022-11-09,54.0,2022-11-09T07:36,2022-11-09T17:43,36440.24,32400.00,0.000,0.0,NaN,26.4,9.7,26,11.58,3,37.8,21,28.2,52,1032.2,5.2
2022-11-10,67.2,2022-11-10T07:37,2022-11-10T17:42,36307.97,32400.00,0.000,0.0,NaN,19.7,8.4,195,10.77,3,41.4,20,44.9,74,1024.1,3.7
2022-11-11,67.5,2022-11-11T07:38,2022-11-11T17:41,36177.60,9145.35,0.217,6.0,NaN,41.2,17.4,139,5.00,61,56.0,86,59.0,88,1011.4,7.1
2022-11-12,69.5,2022-11-12T07:39,2022-11-12T17:40,36049.29,32400.00,0.028,1.0,NaN,45.2,18.8,228,9.48,53,60.7,67,56.9,71,998.5,10.2
2022-11-13,60.1,2022-11-13T07:40,2022-11-13T17:39,35923.20,18000.00,0.055,1.0,NaN,25.9,14.5,299,6.84,61,42.2,65,39.3,66,1007.4,9.6
2022-11-14,46.2,2022-11-14T07:42,2022-11-14T17:38,35799.51,32400.00,0.000,0.0,NaN,25.3,12.1,296,11.08,3,36.0,16,23.5,51,1021.2,8.2
2022-11-15,44.2,2022-11-15T07:43,2022-11-15T17:37,35678.41,10774.96,0.197,4.0,NaN,27.5,12.6,23,6.61,63,32.6,72,26.0,62,1024.9,6.5
2022-11-16,48.3,2022-11-16T07:44,2022-11-16T17:36,35560.08,3600.00,0.528,6.0,NaN,32.7,13.5,312,4.18,65,38.5,95,36.2,77,1009.1,11.0
2022-11-17,46.1,2022-11-17T07:45,2022-11-17T17:36,35444.69,25200.00,0.000,0.0,NaN,25.7,16.1,253,10.53,3,35.8,47,24.7,55,1009.7,9.8
2022-11-18,43.7,2022-11-18T07:46,2022-11-18T17:35,35332.44,32400.00,0.000,0.0,NaN,32.2,16.1,237,10.75,3,31.5,20,20.6,52,1015.0,9.9
2022-11-19,40.2,2022-11-19T07:47,2022-11-19T17:34,35223.11,32400.00,0.000,0.0,NaN,21.9,12.2,236,10.60,3,26.6,11,15.8,47,1017.6,7.3
2022-11-20,36.7,2022-11-20T07:48,2022-11-20T17:34,35115.56,32400.00,0.000,0.0,NaN,32.4,18.8,270,10.75,2,28.3,15,10.1,39,1015.6,11.4
2022-11-21,41.0,2022-11-21T07:50,2022-11-21T17:33,35009.83,32400.00,0.000,0.0,NaN,35.1,13.8,215,10.48,3,23.4,13,11.4,42,1024.5,7.7
2022-11-22,51.1,2022-11-22T07:51,2022-11-22T17:32,34906.04,32400.00,0.000,0.0,NaN,28.6,8.4,228,10.18,3,32.7,13,21.6,46,1021.6,5.5
2022-11-23,55.8,2022-11-23T07:52,2022-11-23T17:32,34804.32,32400.00,0.000,0.0,NaN,17.4,9.1,281,9.99,0,35.7,0,22.5,41,1019.0,4.7
2022-11-24,53.1,2022-11-24T07:53,2022-11-24T17:31,34704.84,32400.00,0.000,0.0,NaN,13.2,6.1,153,9.78,1,34.7,3,32.4,67,1023.3,3.0
2022-11-25,54.3,2022-11-25T07:54,2022-11-25T17:31,34607.71,8870.38,0.000,0.0,NaN,37.4,19.9,263,3.47,3,40.5,63,37.7,73,1009.6,8.3
2022-11-26,56.8,2022-11-26T07:55,2022-11-26T17:30,34513.08,32373.57,0.000,0.0,NaN,30.6,10.8,273,9.84,3,41.7,10,25.7,42,1011.2,8.0
2022-11-27,58.7,2022-11-27T07:56,2022-11-27T17:30,34421.11,7200.00,1.390,4.0,NaN,39.1,15.4,191,4.47,65,43.2,77,38.0,67,1002.7,6.6
2022-11-28,54.4,2022-11-28T07:57,2022-11-28T17:29,34331.92,20214.62,0.000,0.0,NaN,38.9,15.0,277,7.80,3,42.3,41,38.6,65,1001.1,11.8
2022-11-29,42.9,2022-11-29T07:58,2022-11-29T17:29,34245.67,19017.33,0.000,0.0,NaN,18.8,5.8,303,5.70,3,32.8,63,28.6,68,1019.7,3.0
2022-11-30,57.1,2022-11-30T07:59,2022-11-30T17:29,34162.51,0.00,0.598,5.0,NaN,55.3,22.2,197,1.81,63,36.6,90,40.4,80,1010.3,9.9
2022-12-01,43.3,2022-12-01T08:01,2022-12-01T17:29,34082.58,24104.81,0.000,0.0,NaN,34.4,17.7,268,7.87,3,34.1,25,17.7,43,1018.1,11.7
2022-12-02,42.9,2022-12-02T08:02,2022-12-02T17:28,34006.04,31985.10,0.000,0.0,NaN,15.0,7.7,210,9.30,3,26.5,27,22.0,57,1028.2,3.8
2022-12-03,56.6,2022-12-03T08:03,2022-12-03T17:28,33933.04,0.00,0.469,5.0,NaN,38.9,16.1,209,0.82,63,39.2,76,43.4,78,1016.6,9.9
2022-12-04,45.6,2022-12-04T08:04,2022-12-04T17:28,33863.72,28265.14,0.000,0.0,NaN,30.6,12.2,290,9.15,3,34.7,33,21.8,48,1017.9,6.6
2022-12-05,46.9,2022-12-05T08:04,2022-12-05T17:28,33798.24,31807.54,0.000,0.0,NaN,9.8,7.8,197,9.60,3,24.9,17,21.8,57,1020.5,3.7
2022-12-06,56.2,2022-12-06T08:05,2022-12-06T17:28,33736.75,0.00,0.520,6.0,NaN,32.0,10.4,123,1.93,63,36.7,94,43.9,85,1021.6,6.2
2022-12-07,58.2,2022-12-07T08:06,2022-12-07T17:28,33679.40,0.00,0.311,6.0,NaN,35.3,14.5,185,0.95,63,54.6,100,55.1,95,1017.1,6.2
2022-12-08,54.0,2022-12-08T08:07,2022-12-08T17:28,33626.34,19230.50,0.000,0.0,NaN,28.9,11.3,311,8.13,3,44.5,57,39.1,67,1018.2,7.9
2022-12-09,45.9,2022-12-09T08:08,2022-12-09T17:28,33577.50,31595.84,0.000,0.0,NaN,27.7,11.0,347,9.37,3,32.8,22,23.6,57,1020.8,7.6
2022-12-10,39.1,2022-12-10T08:09,2022-12-10T17:28,33532.29,24346.82,0.000,0.0,NaN,20.8,11.5,23,7.39,3,28.2,44,20.5,58,1023.8,5.9
2022-12-11,38.5,2022-12-11T08:10,2022-12-11T17:28,33490.67,0.00,0.346,11.0,NaN,20.6,9.5,34,1.21,73,33.1,100,32.4,86,1019.5,7.5
2022-12-12,36.9,2022-12-12T08:10,2022-12-12T17:28,33452.70,22860.27,0.016,1.0,NaN,24.6,11.6,343,7.75,73,30.0,64,27.6,81,1017.1,8.3
2022-12-13,40.3,2022-12-13T08:11,2022-12-13T17:28,33418.41,31405.77,0.000,0.0,NaN,22.1,9.0,312,9.21,0,24.0,2,19.2,62,1020.4,7.5
2022-12-14,40.5,2022-12-14T08:12,2022-12-14T17:28,33387.85,31361.12,0.000,0.0,NaN,30.4,12.2,309,9.18,0,30.3,2,18.3,55,1016.2,9.2
2022-12-15,40.5,2022-12-15T08:13,2022-12-15T17:29,33361.04,0.00,0.394,7.0,NaN,37.4,14.1,37,4.46,63,29.9,89,29.6,79,1017.0,8.5
2022-12-16,43.3,2022-12-16T08:13,2022-12-16T17:29,33338.03,0.00,1.020,16.0,NaN,41.4,17.9,20,0.32,63,37.5,100,38.6,91,1000.7,13.1
2022-12-17,44.1,2022-12-17T08:14,2022-12-17T17:29,33318.83,29406.29,0.000,0.0,NaN,27.5,12.5,263,8.47,3,35.2,40,28.0,66,1002.4,9.5
2022-12-18,39.1,2022-12-18T08:14,2022-12-18T17:30,33303.50,23114.43,0.000,0.0,NaN,21.9,12.4,267,8.09,3,31.5,20,21.2,59,1009.1,7.4
2022-12-19,37.8,2022-12-19T08:15,2022-12-19T17:30,33292.05,31160.75,0.000,0.0,NaN,25.5,15.1,267,8.95,0,30.5,3,20.6,61,1018.3,9.4
2022-12-20,38.7,2022-12-20T08:16,2022-12-20T17:30,33284.50,31126.01,0.000,0.0,NaN,23.5,12.5,304,9.07,2,31.2,5,20.7,59,1024.6,7.4
2022-12-21,39.9,2022-12-21T08:16,2022-12-21T17:31,33280.91,30570.81,0.000,0.0,NaN,8.7,5.4,330,8.94,3,28.0,23,22.1,66,1027.5,3.0
2022-12-22,44.5,2022-12-22T08:17,2022-12-22T17:31,33281.26,0.00,0.075,3.0,NaN,37.6,17.4,46,4.92,55,31.1,97,33.5,85,1021.8,8.2
2022-12-23,57.2,2022-12-23T08:17,2022-12-23T17:32,33285.61,2786.51,0.598,7.0,NaN,49.9,24.4,199,2.46,65,8.5,86,32.8,78,989.5,18.1
2022-12-24,14.3,2022-12-24T08:18,2022-12-24T17:33,33293.95,24540.23,0.000,0.0,NaN,34.4,17.6,244,8.66,3,5.9,48,-5.6,48,1004.5,14.7
2022-12-25,27.0,2022-12-25T08:18,2022-12-25T17:33,33306.32,30984.85,0.000,0.0,NaN,29.1,13.7,234,9.20,2,12.6,11,4.1,51,1009.1,11.3
2022-12-26,28.2,2022-12-26T08:18,2022-12-26T17:34,33322.72,27363.85,0.000,0.0,NaN,24.8,9.7,252,9.05,3,16.6,31,7.7,52,1018.0,7.4
2022-12-27,34.9,2022-12-27T08:19,2022-12-27T17:34,33343.17,30945.50,0.000,0.0,NaN,21.9,8.3,238,9.05,3,26.9,32,13.4,49,1020.4,5.5
2022-12-28,47.4,2022-12-28T08:19,2022-12-28T17:35,33367.68,30929.89,0.000,0.0,NaN,25.5,11.9,206,8.77,3,30.6,16,21.7,54,1021.6,5.4
2022-12-29,50.6,2022-12-29T08:19,2022-12-29T17:36,33396.37,30279.97,0.000,0.0,NaN,17.4,8.8,196,9.00,3,32.5,40,25.0,54,1021.5,4.0
2022-12-30,59.5,2022-12-30T08:19,2022-12-30T17:36,33429.49,30906.22,0.000,0.0,NaN,18.8,6.7,188,8.50,3,39.9,8,32.5,57,1020.2,3.6
2022-12-31,51.2,2022-12-31T08:19,2022-12-31T17:37,33466.97,0.00,0.083,3.0,NaN,9.2,5.0,116,1.91,53,45.0,96,47.2,96,1012.0,2.0
2023-01-01,54.5,2023-01-01T08:20,2023-01-01T17:38,33508.70,30890.84,0.000,0.0,NaN,23.3,11.8,261,8.88,3,44.8,28,39.9,70,1008.0,5.8
2023-01-02,55.8,2023-01-02T08:20,2023-01-02T17:39,33554.56,21600.00,0.000,0.0,NaN,11.9,5.5,221,6.82,3,41.9,53,39.7,72,1015.3,2.9
2023-01-03,53.1,2023-01-03T08:20,2023-01-03T17:40,33604.44,0.00,0.016,1.0,NaN,17.2,7.5,136,2.15,51,46.2,97,48.3,94,1011.0,2.9
2023-01-04,65.5,2023-01-04T08:20,2023-01-04T17:41,33658.22,23726.86,0.000,0.0,NaN,14.3,8.9,177,8.37,45,50.3,85,53.1,89,1006.0,5.1
2023-01-05,48.6,2023-01-05T08:20,2023-01-05T17:42,33715.79,0.00,0.000,0.0,NaN,11.4,8.1,54,3.62,45,45.5,100,45.6,95,1009.1,5.4
2023-01-06,47.3,2023-01-06T08:20,2023-01-06T17:43,33777.04,7083.73,0.098,4.0,NaN,25.1,10.9,306,4.68,53,39.4,86,39.2,85,1011.6,5.6
2023-01-07,44.3,2023-01-07T08:19,2023-01-07T17:44,33841.84,25200.00,0.000,0.0,NaN,22.1,11.8,275,8.74,3,34.3,39,29.1,69,1016.4,7.4
2023-01-08,41.4,2023-01-08T08:19,2023-01-08T17:45,33910.07,28905.19,0.000,0.0,NaN,18.6,6.9,269,9.89,3,30.9,41,22.3,61,1020.5,4.4
2023-01-09,44.7,2023-01-09T08:19,2023-01-09T17:46,33981.62,25200.00,0.000,0.0,NaN,18.1,12.6,279,8.57,3,32.7,51,27.0,65,1010.6,5.8
2023-01-10,41.5,2023-01-10T08:19,2023-01-10T17:47,34056.38,0.00,0.000,0.0,NaN,14.3,6.7,271,4.20,3,34.2,80,25.6,60,1012.4,5.3
2023-01-11,39.0,2023-01-11T08:19,2023-01-11T17:48,34134.21,17894.76,0.000,0.0,NaN,17.2,8.1,41,6.84,3,32.0,66,21.8,57,1019.0,5.3
2023-01-12,54.7,2023-01-12T08:18,2023-01-12T17:49,34215.02,0.00,0.157,3.0,NaN,29.5,13.7,79,1.00,63,33.9,92,38.5,86,1014.2,6.9
2023-01-13,55.6,2023-01-13T08:18,2023-01-13T17:50,34298.68,0.00,0.283,1.0,NaN,34.9,14.7,226,2.29,63,37.8,99,43.1,80,998.2,10.2
2023-01-14,37.4,2023-01-14T08:18,2023-01-14T17:51,34385.08,0.00,0.000,0.0,NaN,32.7,16.4,338,4.00,3,30.6,95,24.3,70,1005.0,13.0
2023-01-15,39.9,2023-01-15T08:17,2023-01-15T17:52,34474.10,27421.36,0.000,0.0,NaN,37.6,18.9,336,9.51,3,28.7,41,19.2,58,1011.0,15.3
2023-01-16,47.7,2023-01-16T08:17,2023-01-16T17:53,34565.62,29079.26,0.000,0.0,NaN,34.4,13.1,313,10.50,3,25.8,19,12.1,39,1008.2,9.9
2023-01-17,45.9,2023-01-17T08:17,2023-01-17T17:54,34659.55,10800.00,0.000,0.0,NaN,12.8,6.5,232,7.08,3,31.9,51,16.4,40,1002.3,3.8
2023-01-18,53.3,2023-01-18T08:16,2023-01-18T17:55,34756.12,24073.07,0.000,0.0,NaN,29.1,18.6,274,9.32,3,40.7,35,33.6,62,1004.3,9.4
2023-01-19,44.4,2023-01-19T08:15,2023-01-19T17:57,34856.32,0.00,0.768,14.0,NaN,17.9,10.4,30,1.54,63,38.8,80,35.4,83,1008.9,5.5
2023-01-20,48.2,2023-01-20T08:15,2023-01-20T17:58,34960.05,27573.51,0.130,2.0,NaN,28.9,15.9,269,9.42,63,40.3,73,35.6,76,1000.8,8.5
2023-01-21,41.7,2023-01-21T08:14,2023-01-21T17:59,35067.13,16312.16,0.000,0.0,NaN,23.9,11.8,303,7.98,3,36.2,80,26.5,62,1015.1,7.3
2023-01-22,41.4,2023-01-22T08:14,2023-01-22T18:00,35177.37,7200.00,0.409,6.0,NaN,16.3,8.3,174,6.38,63,35.2,99,27.9,68,1015.4,5.0
2023-01-23,37.9,2023-01-23T08:13,2023-01-23T18:01,35290.57,0.00,1.067,12.0,NaN,30.2,15.7,312,2.48,71,33.9,100,33.5,88,999.8,10.5
2023-01-24,45.7,2023-01-24T08:12,2023-01-24T18:02,35406.58,23702.85,0.000,0.0,NaN,28.9,16.5,270,10.09,3,33.3,46,23.9,58,1015.3,9.8
2023-01-25,52.0,2023-01-25T08:11,2023-01-25T18:04,35525.19,3600.00,0.646,8.0,NaN,45.6,18.1,98,5.52,71,30.7,87,29.4,73,1016.5,7.2
2023-01-26,55.3,2023-01-26T08:11,2023-01-26T18:05,35646.24,24230.38,0.185,4.0,NaN,50.1,20.9,237,8.68,61,39.3,78,34.7,67,998.3,13.9
2023-01-27,42.1,2023-01-27T08:10,2023-01-27T18:06,35769.55,24280.08,0.000,0.0,NaN,25.7,11.1,236,8.14,3,31.5,39,23.2,58,1013.9,6.3
2023-01-28,53.1,2023-01-28T08:09,2023-01-28T18:07,35894.96,24331.56,0.000,0.0,NaN,25.7,15.5,217,10.90,3,30.9,30,22.9,49,1019.5,7.3
2023-01-29,54.2,2023-01-29T08:08,2023-01-29T18:09,36022.29,7502.77,0.000,0.0,NaN,24.4,11.0,193,8.46,3,35.4,75,29.2,54,1019.0,5.5
2023-01-30,54.7,2023-01-30T08:07,2023-01-30T18:10,36151.38,25470.76,0.000,0.0,NaN,14.3,7.8,199,10.92,3,39.3,54,34.9,65,1016.3,4.4
2023-01-31,47.7,2023-01-31T08:06,2023-01-31T18:11,36282.08,16135.36,0.083,3.0,NaN,17.2,10.8,329,8.33,73,31.0,74,26.6,65,1017.3,6.5
2023-02-01,38.5,2023-02-01T08:05,2023-02-01T18:12,36414.21,26325.02,0.016,1.0,NaN,17.4,9.3,327,11.71,73,24.1,40,14.3,53,1019.7,6.3
2023-02-02,39.8,2023-02-02T08:04,2023-02-02T18:14,36547.63,33608.64,0.000,0.0,NaN,22.6,11.2,220,12.80,3,25.6,45,10.7,41,1016.2,6.1
2023-02-03,33.5,2023-02-03T08:03,2023-02-03T18:15,36682.19,33253.54,0.000,0.0,NaN,44.7,23.2,285,13.07,3,10.6,40,2.0,39,1011.7,16.6
2023-02-04,23.4,2023-02-04T08:02,2023-02-04T18:16,36817.73,34703.04,0.000,0.0,NaN,49.9,20.3,281,13.30,1,2.9,6,-7.9,38,1029.4,10.6
2023-02-05,46.9,2023-02-05T08:01,2023-02-05T18:17,36954.11,28993.89,0.000,0.0,NaN,28.6,10.6,190,11.39,3,24.0,73,19.4,52,1018.5,5.8
2023-02-06,51.3,2023-02-06T08:00,2023-02-06T18:19,37091.19,24364.14,0.000,0.0,NaN,28.0,17.3,340,11.10,3,33.3,46,28.1,61,1012.4,8.1
2023-02-07,41.8,2023-02-07T07:59,2023-02-07T18:20,37229.26,28529.11,0.000,0.0,NaN,22.8,9.5,146,11.58,3,24.8,51,22.1,60,1021.2,6.3
2023-02-08,53.4,2023-02-08T07:58,2023-02-08T18:21,37369.58,35796.88,0.000,0.0,NaN,23.5,14.3,274,13.58,3,34.7,33,29.0,59,1017.7,6.4
2023-02-09,51.9,2023-02-09T07:57,2023-02-09T18:22,37512.09,0.00,0.000,0.0,NaN,24.2,9.7,122,4.90,3,34.1,71,33.3,68,1017.4,4.1
2023-02-10,59.5,2023-02-10T07:56,2023-02-10T18:23,37656.62,35938.42,0.000,0.0,NaN,29.1,17.3,267,13.67,3,46.5,27,36.5,58,1007.5,10.0
2023-02-11,46.4,2023-02-11T07:54,2023-02-11T18:25,37803.02,36000.00,0.000,0.0,NaN,31.8,17.1,294,14.29,3,36.0,10,19.5,42,1018.8,10.2
2023-02-12,48.9,2023-02-12T07:53,2023-02-12T18:26,37951.11,15104.38,0.000,0.0,NaN,23.0,10.3,51,11.45,3,29.1,86,19.6,46,1014.2,3.3
2023-02-13,57.9,2023-02-13T07:52,2023-02-13T18:27,38100.74,32400.00,0.016,1.0,NaN,25.9,10.9,317,14.31,51,40.0,52,17.0,31,999.1,8.1
2023-02-14,54.9,2023-02-14T07:51,2023-02-14T18:28,38251.75,36000.00,0.000,0.0,NaN,37.8,17.2,282,14.64,3,40.0,8,22.1,38,1010.9,9.0
2023-02-15,65.9,2023-02-15T07:49,2023-02-15T18:29,38403.99,25676.97,0.000,0.0,NaN,30.9,14.2,180,13.15,3,42.3,59,34.6,51,1013.2,7.9
2023-02-16,69.1,2023-02-16T07:48,2023-02-16T18:31,38557.32,21227.90,0.016,1.0,NaN,15.4,10.0,206,11.71,51,53.2,65,43.1,59,1010.5,4.4
2023-02-17,61.2,2023-02-17T07:47,2023-02-17T18:32,38711.57,3491.74,0.110,3.0,NaN,32.9,16.5,267,6.00,61,31.6,90,44.6,81,1001.4,9.8
2023-02-18,43.3,2023-02-18T07:45,2023-02-18T18:33,38866.62,36000.00,0.000,0.0,NaN,31.1,17.7,278,15.47,3,27.2,22,13.3,43,1020.2,10.1
2023-02-19,48.0,2023-02-19T07:44,2023-02-19T18:34,39022.32,11010.03,0.000,0.0,NaN,29.1,15.7,165,10.53,3,29.9,93,25.7,58,1020.3,7.2
2023-02-20,61.3,2023-02-20T07:42,2023-02-20T18:36,39178.52,21600.00,0.000,0.0,NaN,23.7,12.5,236,12.61,3,41.2,68,36.6,66,1003.4,5.6
2023-02-21,50.4,2023-02-21T07:41,2023-02-21T18:37,39335.10,0.00,0.217,4.0,NaN,22.1,11.9,7,4.07,63,36.1,78,34.6,78,1000.4,5.9
2023-02-22,44.5,2023-02-22T07:40,2023-02-22T18:38,39491.92,11157.02,0.130,3.0,NaN,17.0,9.1,354,9.13,73,32.9,58,28.0,69,1013.8,4.5
2023-02-23,41.0,2023-02-23T07:38,2023-02-23T18:39,39648.86,0.00,0.000,0.0,NaN,21.9,10.1,60,3.90,3,37.3,100,36.6,92,1009.0,7.1
2023-02-24,44.1,2023-02-24T07:37,2023-02-24T18:40,39805.76,26892.52,0.000,0.0,NaN,34.2,20.5,304,13.28,45,25.8,45,24.6,59,1017.5,12.5
2023-02-25,32.9,2023-02-25T07:35,2023-02-25T18:41,39962.52,8831.66,0.028,1.0,NaN,21.0,11.9,12,9.76,73,21.8,57,12.5,55,1025.5,5.1
2023-02-26,50.8,2023-02-26T07:34,2023-02-26T18:43,40119.00,10800.00,0.000,0.0,NaN,29.3,14.1,223,7.11,3,24.5,34,23.3,64,1009.4,6.1
2023-02-27,44.4,2023-02-27T07:32,2023-02-27T18:44,40275.49,28800.00,0.224,2.0,NaN,23.3,13.6,71,15.28,75,31.3,43,20.6,52,1009.3,6.4
2023-02-28,35.2,2023-02-28T07:31,2023-02-28T18:45,40433.21,0.00,0.402,7.0,NaN,36.0,14.3,25,3.63,75,31.2,88,31.2,93,1003.3,7.5
2023-03-01,42.9,2023-03-01T07:29,2023-03-01T18:46,40592.13,18785.06,0.000,0.0,NaN,20.1,11.1,115,12.47,3,29.6,59,29.8,76,1014.6,5.2
2023-03-02,53.8,2023-03-02T07:28,2023-03-02T18:47,40752.15,14400.00,0.000,0.0,NaN,34.0,16.7,325,10.21,45,38.7,92,36.2,79,1003.0,8.2
2023-03-03,45.3,2023-03-03T07:26,2023-03-03T18:48,40913.12,25348.20,0.059,2.0,NaN,32.7,18.2,50,15.92,55,32.4,67,25.4,58,1011.3,7.2
2023-03-04,43.3,2023-03-04T07:25,2023-03-04T18:49,41074.94,0.00,1.150,6.0,NaN,46.8,22.3,6,3.69,63,38.2,100,36.1,83,997.6,11.1
2023-03-05,53.9,2023-03-05T07:23,2023-03-05T18:51,41237.48,32729.22,0.000,0.0,NaN,30.0,19.3,292,15.90,3,34.6,28,28.5,57,1015.1,10.2
2023-03-06,52.8,2023-03-06T07:22,2023-03-06T18:52,41400.63,37990.88,0.000,0.0,NaN,25.9,14.6,292,18.04,3,37.5,20,20.9,39,1014.6,8.7
2023-03-07,47.2,2023-03-07T07:20,2023-03-07T18:53,41564.27,32400.00,0.177,4.0,NaN,36.7,21.7,305,18.34,75,32.4,47,20.0,51,1006.4,13.5
2023-03-08,47.2,2023-03-08T07:18,2023-03-08T18:54,41728.28,38184.98,0.000,0.0,NaN,33.3,16.8,319,17.98,3,30.0,11,22.5,55,1015.7,12.6
2023-03-09,50.5,2023-03-09T07:17,2023-03-09T18:55,41892.56,38282.84,0.000,0.0,NaN,26.2,14.0,326,18.61,3,31.8,9,26.2,59,1017.2,9.9
2023-03-10,44.4,2023-03-10T07:15,2023-03-10T18:56,42056.99,7200.00,0.169,3.0,NaN,17.7,6.8,49,11.00,63,31.7,79,30.6,74,1011.2,5.2
2023-03-11,42.5,2023-03-11T07:13,2023-03-11T18:57,42221.46,7200.00,0.386,11.0,NaN,28.2,13.5,0,7.60,73,35.3,79,33.6,82,1003.5,9.3
2023-03-12,47.1,2023-03-12T07:12,2023-03-12T18:58,42385.86,30514.17,0.000,0.0,NaN,21.9,9.1,10,18.22,3,31.2,46,26.8,63,1012.1,5.7
2023-03-13,42.9,2023-03-13T07:10,2023-03-13T18:59,42550.07,0.00,0.547,12.0,NaN,24.4,12.5,51,0.95,63,38.1,100,37.4,89,1008.1,7.7
2023-03-14,39.2,2023-03-14T07:08,2023-03-14T19:00,42714.00,0.00,0.547,13.0,NaN,40.9,19.9,278,7.88,73,32.6,100,30.5,84,996.9,15.7
2023-03-15,45.0,2023-03-15T07:07,2023-03-15T19:02,42877.52,32255.69,0.000,0.0,NaN,46.1,23.0,292,18.70,3,32.5,38,20.8,52,1004.8,18.0
2023-03-16,59.0,2023-03-16T07:05,2023-03-16T19:03,43040.54,38170.19,0.000,0.0,NaN,28.2,11.1,269,19.87,3,32.0,10,14.7,30,1011.9,7.3
2023-03-17,60.0,2023-03-17T07:04,2023-03-17T19:04,43202.93,21600.00,0.000,0.0,NaN,23.3,9.3,176,14.81,3,42.0,69,28.4,42,1002.8,4.7
2023-03-18,56.2,2023-03-18T07:02,2023-03-18T19:05,43364.59,34652.21,0.016,1.0,NaN,30.2,15.5,281,20.33,51,42.2,48,26.0,43,1001.6,10.8
2023-03-19,41.8,2023-03-19T07:00,2023-03-19T19:06,43525.78,38842.70,0.000,0.0,NaN,32.4,16.5,271,20.80,3,29.1,21,8.4,32,1011.7,13.0
2023-03-20,51.0,2023-03-20T06:59,2023-03-20T19:07,43687.62,39361.73,0.000,0.0,NaN,17.0,11.3,207,21.61,0,26.0,0,15.9,40,1020.5,6.6
2023-03-21,62.8,2023-03-21T06:57,2023-03-21T19:08,43850.11,39460.00,0.000,0.0,NaN,22.6,12.0,223,21.47,3,33.1,17,16.5,31,1023.0,6.5
2023-03-22,60.4,2023-03-22T06:55,2023-03-22T19:09,44013.14,32400.00,0.000,0.0,NaN,26.6,13.6,167,19.88,3,41.4,56,29.0,46,1022.2,7.1
2023-03-23,57.9,2023-03-23T06:54,2023-03-23T19:10,44176.62,5414.12,0.169,1.0,NaN,25.9,8.8,200,7.25,63,45.7,91,48.8,88,1009.5,5.9
2023-03-24,57.2,2023-03-24T06:52,2023-03-24T19:11,44340.44,13855.18,0.000,0.0,NaN,31.5,12.5,313,17.10,3,43.6,92,31.9,52,1009.7,6.5
2023-03-25,45.2,2023-03-25T06:50,2023-03-25T19:12,44504.50,0.00,0.091,5.0,NaN,36.0,15.0,62,1.60,53,40.8,87,35.0,77,1009.7,8.9
2023-03-26,62.9,2023-03-26T06:49,2023-03-26T19:13,44668.70,39870.26,0.000,0.0,NaN,33.6,15.1,256,22.54,45,42.3,25,30.8,53,1007.3,8.6
2023-03-27,59.5,2023-03-27T06:47,2023-03-27T19:14,44832.94,25953.51,0.083,2.0,NaN,20.4,10.9,51,18.91,61,40.9,40,28.3,49,1012.0,5.8
2023-03-28,51.1,2023-03-28T06:45,2023-03-28T19:15,44997.12,7200.00,0.000,0.0,NaN,14.3,10.2,342,9.29,3,41.5,78,33.3,66,1013.7,5.9
2023-03-29,55.5,2023-03-29T06:44,2023-03-29T19:17,45161.13,40997.82,0.000,0.0,NaN,25.1,13.2,200,23.26,3,35.2,23,23.6,46,1015.3,5.9
2023-03-30,45.0,2023-03-30T06:42,2023-03-30T19:18,45324.87,41338.61,0.016,1.0,NaN,34.4,15.8,294,23.77,51,30.0,13,15.3,42,1019.9,10.9
2023-03-31,51.3,2023-03-31T06:40,2023-03-31T19:19,45488.24,28895.47,0.000,0.0,NaN,24.8,14.3,151,17.72,3,31.9,49,27.9,56,1018.9,5.8
2023-04-01,69.2,2023-04-01T06:39,2023-04-01T19:20,45651.14,15582.44,0.709,2.0,NaN,36.0,14.9,199,10.22,65,51.2,83,49.2,73,996.6,8.8
2023-04-02,52.9,2023-04-02T06:37,2023-04-02T19:21,45813.45,42468.11,0.000,0.0,NaN,43.8,23.8,298,24.12,3,39.6,13,19.1,36,1007.0,14.8
2023-04-03,57.4,2023-04-03T06:35,2023-04-03T19:22,45975.07,40846.15,0.000,0.0,NaN,25.5,13.7,153,22.92,2,33.3,4,26.3,46,1015.0,7.0
2023-04-04,72.1,2023-04-04T06:34,2023-04-04T19:23,46135.89,29339.19,0.000,0.0,NaN,17.4,9.5,126,19.60,3,44.1,27,49.8,78,1012.6,4.2
2023-04-05,56.0,2023-04-05T06:32,2023-04-05T19:24,46295.79,0.00,0.000,0.0,NaN,27.3,13.9,50,3.32,45,45.1,97,47.6,92,1018.4,8.7
2023-04-06,77.6,2023-04-06T06:31,2023-04-06T19:25,46454.68,19828.09,0.016,1.0,NaN,21.7,10.4,291,15.72,51,45.0,80,50.8,80,1015.8,5.3
2023-04-07,59.0,2023-04-07T06:29,2023-04-07T19:26,46612.41,28049.21,0.000,0.0,NaN,26.4,14.5,301,19.36,3,43.2,69,21.3,30,1022.2,10.6
2023-04-08,53.2,2023-04-08T06:27,2023-04-08T19:27,46769.26,36512.86,0.000,0.0,NaN,24.2,11.4,305,24.11,3,34.2,75,20.0,39,1027.6,5.3
2023-04-09,54.7,2023-04-09T06:26,2023-04-09T19:28,46926.29,44174.66,0.000,0.0,NaN,17.2,12.2,110,25.02,3,35.5,13,25.4,48,1028.2,6.7
2023-04-10,66.0,2023-04-10T06:24,2023-04-10T19:29,47083.47,44130.00,0.000,0.0,NaN,20.1,12.5,202,24.85,1,36.4,5,30.6,50,1025.7,5.5
2023-04-11,75.0,2023-04-11T06:23,2023-04-11T19:30,47240.71,45006.59,0.000,0.0,NaN,24.6,15.8,233,24.70,3,47.7,22,26.6,28,1015.6,7.8
2023-04-12,84.4,2023-04-12T06:21,2023-04-12T19:31,47397.93,42614.66,0.000,0.0,NaN,27.5,14.6,268,23.88,3,64.3,21,36.4,26,1006.5,9.3
2023-04-13,89.4,2023-04-13T06:20,2023-04-13T19:32,47554.98,44111.84,0.000,0.0,NaN,21.5,12.6,245,24.40,0,62.8,0,43.5,31,1006.6,7.1
2023-04-14,88.8,2023-04-14T06:18,2023-04-14T19:33,47711.79,40661.20,0.000,0.0,NaN,19.9,12.8,193,24.61,3,65.9,31,44.3,31,1007.1,5.7
2023-04-15,72.7,2023-04-15T06:16,2023-04-15T19:34,47868.24,14778.80,0.028,1.0,NaN,16.8,9.6,126,14.81,53,58.2,81,58.6,79,1008.1,5.9
2023-04-16,69.7,2023-04-16T06:15,2023-04-16T19:35,48024.23,17682.69,0.000,0.0,NaN,12.5,8.2,82,12.65,45,55.9,89,57.6,88,1005.8,3.9
2023-04-17,67.6,2023-04-17T06:13,2023-04-17T19:37,48179.62,17631.13,0.000,0.0,NaN,33.6,16.1,264,10.86,45,51.7,73,47.1,75,999.3,8.0
2023-04-18,56.3,2023-04-18T06:12,2023-04-18T19:38,48334.33,31360.52,0.000,0.0,NaN,35.8,18.1,254,16.84,3,45.5,24,30.0,43,1003.9,13.4
2023-04-19,64.7,2023-04-19T06:10,2023-04-19T19:39,48488.23,38091.77,0.000,0.0,NaN,31.1,13.2,275,24.96,3,41.6,21,31.3,48,1012.8,7.3
2023-04-20,64.9,2023-04-20T06:09,2023-04-20T19:40,48641.20,45875.15,0.000,0.0,NaN,15.4,8.2,91,25.38,1,43.2,3,35.7,53,1017.9,4.7
2023-04-21,69.3,2023-04-21T06:07,2023-04-21T19:41,48793.12,42427.94,0.000,0.0,NaN,18.3,11.4,84,24.32,3,47.8,42,47.9,71,1014.5,6.4
2023-04-22,69.2,2023-04-22T06:06,2023-04-22T19:42,48943.86,31612.20,0.059,2.0,NaN,26.2,13.6,60,22.53,55,49.5,96,53.1,89,1010.0,10.1
2023-04-23,65.3,2023-04-23T06:05,2023-04-23T19:43,49093.32,10874.29,1.417,9.0,NaN,20.1,11.6,339,10.84,65,52.6,79,49.1,76,1007.1,5.8
2023-04-24,62.2,2023-04-24T06:03,2023-04-24T19:44,49241.34,36430.30,0.000,0.0,NaN,23.0,13.5,290,24.51,3,41.8,38,32.8,52,1012.8,5.5
2023-04-25,59.4,2023-04-25T06:02,2023-04-25T19:45,49387.80,27969.82,0.000,0.0,NaN,14.3,8.6,318,17.00,3,43.7,49,32.2,48,1016.8,4.2
2023-04-26,57.6,2023-04-26T06:00,2023-04-26T19:46,49532.58,32975.93,0.000,0.0,NaN,14.8,10.8,141,19.72,3,42.2,43,37.5,61,1019.1,5.4
2023-04-27,55.9,2023-04-27T05:59,2023-04-27T19:47,49675.52,6516.56,0.000,0.0,NaN,13.2,7.3,115,8.78,3,47.7,77,45.7,81,1018.7,4.0
2023-04-28,56.9,2023-04-28T05:58,2023-04-28T19:48,49816.85,0.00,0.098,4.0,NaN,28.4,12.7,68,18.77,53,47.0,96,43.4,76,1017.0,7.7
2023-04-29,51.5,2023-04-29T05:56,2023-04-29T19:49,49957.59,0.00,1.591,19.0,NaN,32.4,13.6,54,1.15,65,46.7,100,47.8,94,1008.7,10.1
2023-04-30,59.2,2023-04-30T05:55,2023-04-30T19:50,50097.71,0.00,0.823,10.0,NaN,25.9,13.9,47,2.79,63,49.9,100,52.4,97,995.6,8.1
2023-05-01,61.5,2023-05-01T05:54,2023-05-01T19:51,50237.11,34947.15,0.469,2.0,NaN,40.7,18.4,232,23.06,65,47.4,38,40.3,60,987.9,11.6
2023-05-02,55.1,2023-05-02T05:53,2023-05-02T19:52,50375.66,23815.21,0.000,0.0,NaN,21.7,14.1,225,17.54,3,46.8,68,39.7,68,992.0,8.1
2023-05-03,55.6,2023-05-03T05:51,2023-05-03T19:53,50513.25,17400.56,0.000,0.0,NaN,17.7,8.9,250,13.12,3,44.4,68,38.7,67,995.2,5.1
2023-05-04,54.9,2023-05-04T05:50,2023-05-04T19:54,50649.78,13874.02,0.016,1.0,NaN,18.3,8.5,337,12.53,51,45.9,84,44.8,82,1006.6,5.3
2023-05-05,63.0,2023-05-05T05:49,2023-05-05T19:55,50785.09,36822.87,0.000,0.0,NaN,10.7,7.6,323,19.27,3,45.0,40,43.6,71,1017.6,4.0
2023-05-06,74.2,2023-05-06T05:48,2023-05-06T19:56,50919.09,44690.00,0.000,0.0,NaN,12.1,7.4,295,27.06,2,45.0,11,43.1,58,1018.5,4.3
2023-05-07,77.4,2023-05-07T05:46,2023-05-07T19:57,51051.63,43200.00,0.000,0.0,NaN,19.7,11.1,236,27.77,3,50.9,31,44.0,49,1011.2,5.5
2023-05-08,78.0,2023-05-08T05:45,2023-05-08T19:58,51182.60,46800.00,0.000,0.0,NaN,18.1,12.0,307,28.00,3,57.2,22,48.5,55,1004.6,6.9
2023-05-09,69.3,2023-05-09T05:44,2023-05-09T19:59,51311.85,43313.93,0.000,0.0,NaN,19.2,11.8,85,26.95,3,52.2,41,34.0,39,1010.4,4.9
2023-05-10,73.8,2023-05-10T05:43,2023-05-10T20:01,51439.25,46800.00,0.000,0.0,NaN,15.7,13.2,237,29.12,0,47.4,1,39.7,51,1016.0,4.4
2023-05-11,81.0,2023-05-11T05:42,2023-05-11T20:02,51564.66,46800.00,0.000,0.0,NaN,19.5,9.0,250,28.79,0,53.0,0,38.9,36,1014.7,5.3
2023-05-12,87.8,2023-05-12T05:41,2023-05-12T20:03,51687.95,43200.00,0.000,0.0,NaN,19.0,12.9,244,27.43,3,61.6,18,46.3,37,1013.2,5.6
2023-05-13,81.8,2023-05-13T05:40,2023-05-13T20:04,51808.96,29595.15,0.000,0.0,NaN,16.8,9.9,294,22.84,3,68.4,63,47.9,39,1011.8,5.1
2023-05-14,74.6,2023-05-14T05:39,2023-05-14T20:05,51927.56,46800.00,0.000,0.0,NaN,18.3,11.6,353,29.30,3,56.0,36,34.8,32,1017.2,6.8
2023-05-15,75.5,2023-05-15T05:38,2023-05-15T20:05,52043.60,46800.00,0.000,0.0,NaN,20.1,11.6,261,30.17,0,49.8,0,33.0,32,1017.5,7.4
2023-05-16,80.1,2023-05-16T05:37,2023-05-16T20:06,52156.92,43200.00,0.000,0.0,NaN,26.2,14.5,237,29.53,3,55.6,35,39.6,37,1003.1,8.5
2023-05-17,67.5,2023-05-17T05:36,2023-05-17T20:07,52267.38,46800.00,0.000,0.0,NaN,26.2,14.7,325,30.34,3,49.8,23,33.6,39,1003.9,10.5
2023-05-18,60.9,2023-05-18T05:35,2023-05-18T20:08,52375.11,46800.00,0.000,0.0,NaN,24.4,12.3,125,30.01,1,40.5,2,32.4,49,1021.2,6.6
2023-05-19,69.5,2023-05-19T05:34,2023-05-19T20:09,52480.98,46800.00,0.000,0.0,NaN,21.7,16.1,147,27.52,3,48.1,30,47.8,68,1022.2,8.1
2023-05-20,64.9,2023-05-20T05:34,2023-05-20T20:10,52584.96,0.00,0.724,10.0,NaN,25.1,8.1,88,3.77,63,54.5,90,58.2,95,1013.3,4.7
2023-05-21,70.4,2023-05-21T05:33,2023-05-21T20:11,52686.94,35751.77,0.000,0.0,NaN,29.3,13.2,300,25.58,3,53.4,58,50.7,66,1009.8,8.4
2023-05-22,75.6,2023-05-22T05:32,2023-05-22T20:12,52786.82,46809.13,0.000,0.0,NaN,15.0,11.1,88,27.61,1,54.9,4,51.1,65,1017.3,5.7
2023-05-23,69.5,2023-05-23T05:31,2023-05-23T20:13,52884.49,43210.73,0.000,0.0,NaN,13.0,11.4,108,27.71,3,54.6,30,49.0,68,1022.3,5.2
2023-05-24,78.0,2023-05-24T05:31,2023-05-24T20:14,52979.85,43200.00,0.016,1.0,NaN,23.5,11.7,180,28.29,51,50.3,28,45.7,57,1014.1,4.5
2023-05-25,67.9,2023-05-25T05:30,2023-05-25T20:15,53072.77,47090.30,0.000,0.0,NaN,32.7,13.8,354,31.05,3,47.7,7,39.4,52,1016.0,9.7
2023-05-26,73.2,2023-05-26T05:29,2023-05-26T20:16,53163.16,47073.23,0.000,0.0,NaN,13.9,9.3,1,30.60,0,49.3,1,37.8,42,1020.3,4.1
2023-05-27,78.5,2023-05-27T05:29,2023-05-27T20:16,53250.90,48844.88,0.000,0.0,NaN,15.9,10.9,145,30.37,3,53.1,6,40.6,41,1021.6,4.7
2023-05-28,79.2,2023-05-28T05:28,2023-05-28T20:17,53335.88,47041.64,0.000,0.0,NaN,13.2,9.6,184,29.97,1,54.0,9,41.4,40,1016.1,5.3
2023-05-29,79.2,2023-05-29T05:28,2023-05-29T20:18,53417.98,46800.00,0.000,0.0,NaN,26.2,16.5,69,29.78,0,57.8,1,47.4,49,1012.9,7.9
2023-05-30,70.4,2023-05-30T05:27,2023-05-30T20:19,53497.09,46818.21,0.000,0.0,NaN,17.2,11.1,60,30.08,2,52.0,12,48.1,63,1018.4,6.6
2023-05-31,75.7,2023-05-31T05:27,2023-05-31T20:20,53573.09,40674.07,0.000,0.0,NaN,10.3,8.5,104,25.69,3,49.9,18,50.5,69,1018.2,3.7
2023-06-01,86.9,2023-06-01T05:26,2023-06-01T20:20,53645.87,48086.36,0.000,0.0,NaN,13.0,11.7,140,30.70,3,57.0,11,55.1,62,1014.5,3.4
2023-06-02,90.1,2023-06-02T05:26,2023-06-02T20:21,53715.32,41310.44,0.016,1.0,NaN,13.4,7.9,125,27.23,51,62.4,23,58.4,60,1008.8,3.8
2023-06-03,68.6,2023-06-03T05:25,2023-06-03T20:22,53781.31,11285.61,0.000,0.0,NaN,21.0,12.8,55,12.84,3,55.9,74,56.5,77,1011.2,8.7
2023-06-04,67.6,2023-06-04T05:25,2023-06-04T20:22,53843.73,36848.87,0.000,0.0,NaN,20.8,11.6,9,23.99,3,47.4,32,44.9,63,1012.6,6.7
2023-06-05,75.8,2023-06-05T05:25,2023-06-05T20:23,53902.46,40787.22,0.000,0.0,NaN,23.7,13.4,329,26.70,3,52.4,30,45.3,51,1007.8,6.0
2023-06-06,78.9,2023-06-06T05:24,2023-06-06T20:24,53957.40,34238.07,0.000,0.0,NaN,21.7,11.2,302,24.97,3,58.3,24,44.8,44,1001.1,7.1
2023-06-07,70.4,2023-06-07T05:24,2023-06-07T20:24,54008.57,28800.00,0.000,0.0,NaN,18.6,13.9,291,21.78,45,56.4,15,42.7,48,999.6,7.6
2023-06-08,71.7,2023-06-08T05:24,2023-06-08T20:25,54056.42,43200.00,0.000,0.0,NaN,15.7,10.1,308,25.06,3,51.5,29,45.2,56,1001.8,4.0
2023-06-09,71.1,2023-06-09T05:24,2023-06-09T20:25,54100.93,25208.39,0.157,1.0,NaN,14.8,6.9,298,15.70,63,56.3,40,48.6,59,1003.0,4.2
2023-06-10,78.3,2023-06-10T05:24,2023-06-10T20:26,54142.09,43670.11,0.000,0.0,NaN,26.2,13.1,290,26.67,3,55.2,15,51.4,59,1004.6,6.6
2023-06-11,81.6,2023-06-11T05:23,2023-06-11T20:27,54179.85,40463.92,0.000,0.0,NaN,21.9,10.1,134,27.91,3,63.5,41,59.4,66,1007.1,4.9
2023-06-12,78.0,2023-06-12T05:23,2023-06-12T20:27,54214.17,21600.00,0.016,1.0,NaN,20.4,14.4,134,20.92,51,67.3,85,64.5,80,1003.4,8.2
2023-06-13,80.1,2023-06-13T05:23,2023-06-13T20:27,54245.04,33695.50,0.000,0.0,NaN,23.9,12.0,263,22.44,3,63.1,56,55.7,62,1000.7,8.5
2023-06-14,74.9,2023-06-14T05:23,2023-06-14T20:28,54272.42,29150.64,0.071,2.0,NaN,26.4,16.0,215,18.38,80,59.8,40,54.4,63,997.3,8.3
2023-06-15,78.6,2023-06-15T05:23,2023-06-15T20:28,54296.28,46800.00,0.000,0.0,NaN,21.0,12.6,271,25.01,3,60.3,32,53.9,59,999.1,8.1
2023-06-16,79.4,2023-06-16T05:23,2023-06-16T20:29,54316.60,32240.51,0.154,2.0,NaN,15.2,10.6,172,22.57,63,63.0,54,56.4,67,1002.4,3.7
2023-06-17,78.0,2023-06-17T05:24,2023-06-17T20:29,54333.35,46800.00,0.000,0.0,NaN,27.1,16.4,304,26.65,3,60.1,52,54.9,66,1001.1,7.9
2023-06-18,80.5,2023-06-18T05:24,2023-06-18T20:29,54346.52,46869.77,0.000,0.0,NaN,23.3,11.5,288,27.24,2,62.3,16,53.3,53,1006.4,7.4
2023-06-19,79.3,2023-06-19T05:24,2023-06-19T20:30,54356.06,46933.47,0.000,0.0,NaN,14.8,8.4,69,27.86,3,64.3,20,58.6,66,1013.2,5.7
2023-06-20,76.0,2023-06-20T05:24,2023-06-20T20:30,54361.98,23928.69,0.000,0.0,NaN,17.2,8.6,68,20.44,3,63.7,84,58.7,72,1018.4,6.9
2023-06-21,71.9,2023-06-21T05:24,2023-06-21T20:30,54364.25,25200.00,0.000,0.0,NaN,21.5,14.6,48,23.62,3,60.1,82,56.0,72,1020.3,10.0
2023-06-22,69.9,2023-06-22T05:24,2023-06-22T20:30,54362.84,5461.01,0.000,0.0,NaN,25.9,14.0,43,9.93,3,59.1,98,56.3,76,1016.8,9.2
2023-06-23,69.9,2023-06-23T05:25,2023-06-23T20:31,54357.76,0.00,0.087,2.0,NaN,14.3,8.1,95,6.75,61,63.8,99,64.3,92,1013.0,4.6
2023-06-24,78.3,2023-06-24T05:25,2023-06-24T20:31,54348.99,9478.36,0.031,2.0,NaN,16.8,10.7,157,13.35,51,66.6,81,68.7,90,1007.1,5.4
2023-06-25,83.7,2023-06-25T05:25,2023-06-25T20:31,54336.51,37292.74,0.000,0.0,NaN,13.6,10.1,159,22.77,3,68.0,39,69.2,82,1005.8,3.9
2023-06-26,79.9,2023-06-26T05:26,2023-06-26T20:31,54320.32,29156.11,0.016,1.0,NaN,23.3,12.4,102,20.24,51,68.4,84,68.9,87,1004.0,5.7
2023-06-27,78.2,2023-06-27T05:26,2023-06-27T20:31,54300.33,17048.49,0.185,2.0,NaN,16.6,11.3,153,17.06,63,65.1,81,66.6,88,1002.0,5.1
2023-06-28,81.9,2023-06-28T05:26,2023-06-28T20:31,54276.37,26407.04,0.000,0.0,NaN,24.4,11.2,273,16.24,3,65.7,66,64.7,76,1005.2,4.9
2023-06-29,83.1,2023-06-29T05:27,2023-06-29T20:31,54248.48,40010.14,0.000,0.0,NaN,18.1,8.5,285,22.66,3,63.4,45,61.1,67,1011.5,4.2
2023-06-30,85.1,2023-06-30T05:27,2023-06-30T20:31,54216.75,43948.69,0.000,0.0,NaN,16.6,11.0,143,24.64,3,67.5,34,64.2,71,1013.2,4.9
2023-07-01,82.8,2023-07-01T05:28,2023-07-01T20:31,54181.25,46800.00,0.000,0.0,NaN,16.8,13.0,155,28.84,3,64.8,22,61.4,66,1013.0,6.3
2023-07-02,87.8,2023-07-02T05:28,2023-07-02T20:31,54142.07,25047.70,0.000,0.0,NaN,17.7,9.9,163,19.86,3,70.3,88,70.4,82,1007.5,6.2
2023-07-03,89.4,2023-07-03T05:29,2023-07-03T20:30,54099.29,42564.92,0.000,0.0,NaN,18.3,9.4,206,26.97,3,71.7,43,71.0,75,1006.2,5.0
2023-07-04,84.6,2023-07-04T05:29,2023-07-04T20:30,54053.00,23057.93,0.681,1.0,NaN,7.6,5.9,197,16.02,81,73.2,69,71.8,84,1008.4,2.5
2023-07-05,94.4,2023-07-05T05:30,2023-07-05T20:30,54003.27,47944.80,0.000,0.0,NaN,13.0,8.8,159,28.85,3,70.7,13,68.2,68,1010.7,3.2
2023-07-06,91.4,2023-07-06T05:31,2023-07-06T20:30,53950.18,48879.58,0.000,0.0,NaN,13.6,11.4,150,27.97,3,74.3,14,69.8,68,1009.7,5.7
2023-07-07,86.4,2023-07-07T05:31,2023-07-07T20:29,53893.84,36080.98,0.000,0.0,NaN,12.5,9.4,142,23.26,3,71.7,66,71.0,77,1007.4,4.1
2023-07-08,87.8,2023-07-08T05:32,2023-07-08T20:29,53834.33,28429.48,0.000,0.0,NaN,11.2,9.2,147,19.02,3,73.8,81,72.7,82,1006.9,3.9
2023-07-09,83.0,2023-07-09T05:33,2023-07-09T20:29,53771.71,12383.12,0.102,2.0,NaN,18.3,11.5,136,16.63,61,72.3,89,72.4,86,1006.1,5.3
2023-07-10,86.0,2023-07-10T05:33,2023-07-10T20:28,53706.11,28861.49,0.016,1.0,NaN,16.8,11.3,311,19.75,51,71.5,61,67.2,73,1004.3,6.8
2023-07-11,91.0,2023-07-11T05:34,2023-07-11T20:28,53637.58,48227.77,0.000,0.0,NaN,16.6,8.7,270,29.46,2,67.1,10,58.3,49,1007.9,4.6
2023-07-12,93.0,2023-07-12T05:35,2023-07-12T20:27,53566.23,45235.42,0.000,0.0,NaN,12.8,10.6,242,28.88,3,73.8,18,62.0,50,1008.9,4.3
2023-07-13,88.5,2023-07-13T05:35,2023-07-13T20:27,53492.13,47506.39,0.000,0.0,NaN,25.9,14.8,170,27.40,95,74.7,24,69.3,64,1006.9,8.1
2023-07-14,82.8,2023-07-14T05:36,2023-07-14T20:26,53415.38,31722.86,0.000,0.0,NaN,22.6,9.6,59,17.96,3,71.4,82,70.9,80,1008.1,6.3
2023-07-15,89.1,2023-07-15T05:37,2023-07-15T20:26,53336.06,39578.46,0.000,0.0,NaN,19.2,12.0,149,23.56,3,70.9,65,72.8,83,1009.7,4.3
2023-07-16,79.2,2023-07-16T05:38,2023-07-16T20:25,53254.25,1021.95,2.732,4.0,NaN,23.9,10.6,175,8.56,81,74.3,95,75.1,93,1006.3,5.3
2023-07-17,91.3,2023-07-17T05:38,2023-07-17T20:25,53169.80,43823.73,0.000,0.0,NaN,16.8,10.4,200,27.22,45,72.9,20,70.6,74,1009.0,4.0
2023-07-18,84.8,2023-07-18T05:39,2023-07-18T20:24,53081.98,40894.13,0.283,1.0,NaN,17.4,9.9,176,21.94,63,71.9,37,71.4,81,1010.3,5.0
2023-07-19,81.9,2023-07-19T05:40,2023-07-19T20:23,52990.89,13724.42,0.000,0.0,NaN,10.1,6.8,206,14.15,3,70.3,59,67.1,75,1012.1,3.7
2023-07-20,87.2,2023-07-20T05:41,2023-07-20T20:23,52896.67,37818.23,0.000,0.0,NaN,13.4,9.0,115,25.15,2,70.2,21,64.6,66,1011.0,4.5
2023-07-21,87.0,2023-07-21T05:42,2023-07-21T20:22,52799.45,28800.00,0.000,0.0,NaN,19.0,11.2,225,21.80,3,70.9,49,66.8,70,1004.4,5.8
2023-07-22,85.5,2023-07-22T05:43,2023-07-22T20:21,52699.39,43200.00,0.000,0.0,NaN,22.8,10.1,314,27.82,3,68.6,28,57.9,53,1005.1,6.4
2023-07-23,86.4,2023-07-23T05:44,2023-07-23T20:20,52596.62,42201.49,0.000,0.0,NaN,20.4,10.0,209,23.78,3,67.3,20,59.0,53,1010.3,4.1
2023-07-24,87.1,2023-07-24T05:44,2023-07-24T20:19,52491.29,46995.60,0.000,0.0,NaN,17.2,10.7,174,26.40,3,71.8,36,63.7,60,1014.7,6.3
2023-07-25,86.8,2023-07-25T05:45,2023-07-25T20:18,52383.52,32400.00,0.142,2.0,NaN,18.1,13.2,205,20.23,63,69.0,37,67.6,77,1014.4,4.8
2023-07-26,90.0,2023-07-26T05:46,2023-07-26T20:17,52273.46,46800.00,0.000,0.0,NaN,18.1,11.2,200,27.40,3,65.8,17,65.8,69,1014.4,5.1
2023-07-27,93.7,2023-07-27T05:47,2023-07-27T20:17,52161.25,35091.81,0.213,1.0,NaN,29.1,16.1,217,24.00,81,72.8,38,72.0,69,1010.3,9.9
2023-07-28,94.3,2023-07-28T05:48,2023-07-28T20:16,52047.00,43200.00,0.000,0.0,NaN,16.6,11.3,250,26.51,3,74.7,18,70.7,67,1010.9,4.3
2023-07-29,90.9,2023-07-29T05:49,2023-07-29T20:15,51930.85,43200.00,0.000,0.0,NaN,28.4,15.4,236,24.93,3,73.3,51,70.7,68,1005.1,9.0
2023-07-30,80.5,2023-07-30T05:50,2023-07-30T20:14,51812.93,43200.00,0.000,0.0,NaN,30.0,12.3,316,27.70,3,65.7,21,54.8,55,1009.1,7.7
2023-07-31,83.6,2023-07-31T05:51,2023-07-31T20:12,51693.37,42040.36,0.000,0.0,NaN,12.8,9.7,273,22.64,3,63.0,39,52.3,46,1011.1,4.4
2023-08-01,80.8,2023-08-01T05:52,2023-08-01T20:11,51572.28,46800.00,0.000,0.0,NaN,16.6,9.7,348,26.61,3,67.4,27,51.0,46,1015.6,6.0
2023-08-02,82.1,2023-08-02T05:53,2023-08-02T20:10,51449.79,46800.00,0.000,0.0,NaN,15.0,8.6,34,28.03,2,61.2,10,49.7,47,1018.4,4.7
2023-08-03,80.3,2023-08-03T05:54,2023-08-03T20:09,51326.00,46800.00,0.000,0.0,NaN,22.8,14.6,172,23.47,3,62.1,30,56.7,59,1015.2,8.1
2023-08-04,78.6,2023-08-04T05:55,2023-08-04T20:08,51201.05,16498.09,0.000,0.0,NaN,23.5,10.9,193,11.36,3,69.9,82,64.8,74,1010.7,8.0
2023-08-05,85.6,2023-08-05T05:56,2023-08-05T20:07,51075.05,34042.97,0.000,0.0,NaN,15.2,7.4,336,25.37,3,70.2,59,62.8,63,1010.6,4.5
2023-08-06,85.9,2023-08-06T05:57,2023-08-06T20:06,50947.76,45701.61,0.000,0.0,NaN,20.8,10.7,163,23.39,3,68.9,17,59.5,55,1012.0,5.1
2023-08-07,80.3,2023-08-07T05:58,2023-08-07T20:05,50818.25,15491.71,0.512,6.0,NaN,34.9,16.9,162,13.29,65,68.4,91,69.8,85,1007.7,8.5
2023-08-08,80.7,2023-08-08T05:59,2023-08-08T20:03,50686.56,14393.78,0.000,0.0,NaN,34.9,17.5,251,12.50,3,70.2,61,65.2,76,1000.4,9.5
2023-08-09,87.3,2023-08-09T06:00,2023-08-09T20:02,50552.84,46334.67,0.000,0.0,NaN,31.5,14.0,277,26.07,3,68.9,18,57.6,52,1002.7,10.4
2023-08-10,80.7,2023-08-10T06:01,2023-08-10T20:01,50417.24,11311.98,0.272,2.0,NaN,15.9,8.0,196,13.93,63,70.1,66,64.5,74,1001.8,3.3
2023-08-11,86.3,2023-08-11T06:02,2023-08-11T20:00,50279.89,42804.30,0.000,0.0,NaN,21.3,12.7,267,25.09,1,65.7,10,61.3,64,1003.9,6.5
2023-08-12,84.4,2023-08-12T06:03,2023-08-12T19:58,50140.92,39145.89,0.000,0.0,NaN,23.7,13.4,165,19.52,3,67.6,21,65.1,68,1008.0,5.9
2023-08-13,88.8,2023-08-13T06:04,2023-08-13T19:57,50000.46,45143.96,2.634,2.0,NaN,16.6,11.8,262,24.03,65,69.9,46,66.3,68,1007.8,6.2
2023-08-14,88.5,2023-08-14T06:05,2023-08-14T19:55,49858.66,35428.54,0.000,0.0,NaN,16.8,11.4,204,21.25,3,69.9,38,63.6,60,1010.2,4.5
2023-08-15,78.2,2023-08-15T06:06,2023-08-15T19:54,49715.62,13685.00,0.043,2.0,NaN,22.6,12.7,36,12.56,53,69.9,96,69.3,88,1004.6,6.3
2023-08-16,79.5,2023-08-16T06:07,2023-08-16T19:53,49571.48,24082.13,1.957,1.0,NaN,14.3,8.5,77,17.57,65,68.7,79,69.2,87,1008.5,4.8
2023-08-17,78.0,2023-08-17T06:08,2023-08-17T19:51,49426.36,14333.65,0.000,0.0,NaN,16.1,11.2,96,13.99,3,70.4,97,70.2,90,1009.5,6.5
2023-08-18,78.5,2023-08-18T06:09,2023-08-18T19:50,49280.36,39048.50,0.028,1.0,NaN,21.7,11.9,266,24.03,53,67.4,47,62.5,71,1003.6,7.4
2023-08-19,79.3,2023-08-19T06:10,2023-08-19T19:48,49133.62,45933.75,0.000,0.0,NaN,21.7,11.2,263,24.39,2,59.9,11,53.2,58,1010.6,7.6
2023-08-20,86.7,2023-08-20T06:11,2023-08-20T19:47,48986.25,41620.11,0.000,0.0,NaN,13.4,8.8,250,23.83,1,63.0,2,55.6,54,1014.5,4.6
2023-08-21,87.1,2023-08-21T06:12,2023-08-21T19:45,48838.35,43987.37,0.000,0.0,NaN,14.5,10.5,282,21.54,3,69.0,30,65.3,66,1013.1,4.8
2023-08-22,79.5,2023-08-22T06:13,2023-08-22T19:44,48690.03,44103.31,0.000,0.0,NaN,30.0,12.4,351,24.95,3,66.0,39,56.4,58,1014.2,8.8
2023-08-23,79.5,2023-08-23T06:14,2023-08-23T19:42,48541.41,45698.48,0.000,0.0,NaN,15.2,9.3,64,24.88,0,62.9,0,52.7,55,1015.7,4.9
2023-08-24,72.8,2023-08-24T06:15,2023-08-24T19:41,48392.59,2694.27,0.283,2.0,NaN,21.9,10.5,144,5.59,63,66.7,78,62.7,79,1013.2,5.2
2023-08-25,77.1,2023-08-25T06:15,2023-08-25T19:39,48243.66,4222.49,2.016,2.0,NaN,26.2,10.6,168,10.60,65,69.5,82,69.7,90,1007.9,5.9
2023-08-26,82.5,2023-08-26T06:16,2023-08-26T19:38,48094.40,18127.53,0.055,2.0,NaN,11.9,6.0,338,13.40,53,72.6,44,68.0,77,1006.2,3.3
2023-08-27,82.7,2023-08-27T06:17,2023-08-27T19:36,47943.79,43461.19,0.000,0.0,NaN,16.8,8.5,358,23.27,3,67.4,14,62.3,66,1009.1,4.4
2023-08-28,76.0,2023-08-28T06:18,2023-08-28T19:35,47791.88,8634.48,0.000,0.0,NaN,11.4,8.7,105,10.33,3,68.1,86,65.7,83,1013.0,4.7
2023-08-29,78.0,2023-08-29T06:19,2023-08-29T19:33,47638.77,12428.72,0.000,0.0,NaN,12.1,8.3,64,13.07,3,66.0,84,67.3,86,1009.9,4.7
2023-08-30,84.0,2023-08-30T06:20,2023-08-30T19:32,47484.59,29581.85,1.689,4.0,NaN,27.1,12.5,279,18.00,65,68.3,68,65.5,74,1002.5,6.0
2023-08-31,76.5,2023-08-31T06:21,2023-08-31T19:30,47329.44,41350.45,0.000,0.0,NaN,25.9,13.9,349,24.26,3,63.1,35,51.9,57,1009.2,8.6
2023-09-01,75.6,2023-09-01T06:22,2023-09-01T19:28,47173.42,41549.64,0.000,0.0,NaN,15.7,9.0,46,23.44,0,57.4,2,49.2,55,1019.9,5.6
2023-09-02,79.9,2023-09-02T06:23,2023-09-02T19:27,47016.65,40255.59,0.000,0.0,NaN,17.4,11.9,188,22.70,3,57.9,10,56.3,67,1017.5,5.6
2023-09-03,89.8,2023-09-03T06:24,2023-09-03T19:25,46859.24,40151.64,0.000,0.0,NaN,16.6,8.0,253,22.24,3,65.4,16,63.1,63,1009.9,5.3
2023-09-04,87.8,2023-09-04T06:25,2023-09-04T19:24,46701.28,33251.72,0.000,0.0,NaN,13.2,7.6,332,20.49,95,72.9,26,68.8,68,1007.4,3.1
2023-09-05,91.3,2023-09-05T06:26,2023-09-05T19:22,46542.88,39600.00,0.000,0.0,NaN,9.8,7.6,347,21.23,3,74.3,21,70.7,68,1008.9,4.1
2023-09-06,93.9,2023-09-06T06:27,2023-09-06T19:20,46384.13,39800.11,0.000,0.0,NaN,8.7,6.6,313,21.09,1,75.7,8,70.2,65,1006.6,3.4
2023-09-07,95.1,2023-09-07T06:28,2023-09-07T19:19,46225.14,36703.47,0.000,0.0,NaN,21.5,12.7,197,21.15,3,76.6,33,69.0,61,1005.3,4.5
2023-09-08,89.3,2023-09-08T06:29,2023-09-08T19:17,46066.02,28361.56,0.075,3.0,NaN,13.4,9.7,26,16.58,95,72.5,58,70.6,81,1009.6,3.6
2023-09-09,84.6,2023-09-09T06:30,2023-09-09T19:15,45906.83,14564.63,0.000,0.0,NaN,10.1,5.2,348,12.79,95,73.2,88,72.7,89,1014.1,2.6
2023-09-10,75.6,2023-09-10T06:31,2023-09-10T19:13,45747.69,5148.84,0.740,3.0,NaN,13.6,7.7,5,8.51,65,67.6,67,69.4,90,1014.8,3.7
2023-09-11,80.9,2023-09-11T06:32,2023-09-11T19:12,45588.70,21296.10,2.717,4.0,NaN,11.9,8.5,35,13.96,81,70.2,87,70.6,91,1011.8,3.8
2023-09-12,81.3,2023-09-12T06:33,2023-09-12T19:10,45429.93,27567.12,0.000,0.0,NaN,11.2,6.0,235,18.13,3,67.7,34,66.6,82,1011.3,3.1
2023-09-13,78.3,2023-09-13T06:34,2023-09-13T19:08,45271.50,15059.66,0.000,0.0,NaN,18.3,7.8,220,12.21,3,70.7,74,67.3,80,1008.9,4.2
2023-09-14,78.5,2023-09-14T06:35,2023-09-14T19:07,45113.48,39600.00,0.000,0.0,NaN,25.1,9.7,329,21.41,3,63.3,13,54.8,61,1012.3,7.4
2023-09-15,70.2,2023-09-15T06:36,2023-09-15T19:05,44955.63,30718.75,0.000,0.0,NaN,27.7,13.9,346,19.48,3,55.3,41,50.1,65,1012.8,9.5
2023-09-16,76.5,2023-09-16T06:37,2023-09-16T19:04,44796.93,26606.32,0.000,0.0,NaN,28.9,13.0,294,18.94,3,57.4,48,48.0,53,1008.6,8.7
2023-09-17,77.0,2023-09-17T06:38,2023-09-17T19:02,44637.41,36000.00,0.000,0.0,NaN,12.5,8.5,214,20.12,3,54.9,35,53.1,64,1009.5,4.1
2023-09-18,68.3,2023-09-18T06:39,2023-09-18T19:00,44477.15,0.00,1.390,12.0,NaN,22.6,12.6,347,1.42,65,61.4,88,63.5,94,1004.6,5.2
2023-09-19,72.4,2023-09-19T06:40,2023-09-19T18:58,44316.27,39600.00,0.000,0.0,NaN,20.8,11.8,273,20.20,0,57.4,1,52.1,66,1009.2,7.4
2023-09-20,75.9,2023-09-20T06:41,2023-09-20T18:57,44154.85,39600.00,0.000,0.0,NaN,14.3,8.8,289,19.85,2,55.1,7,48.9,57,1016.0,4.2
2023-09-21,73.3,2023-09-21T06:42,2023-09-21T18:55,43993.01,39600.00,0.000,0.0,NaN,15.0,9.1,353,20.08,3,55.7,18,50.8,62,1020.0,4.3
2023-09-22,69.5,2023-09-22T06:43,2023-09-22T18:53,43830.84,30887.18,0.000,0.0,NaN,20.8,15.2,49,15.89,3,56.7,68,54.2,74,1022.7,6.9
2023-09-23,59.9,2023-09-23T06:44,2023-09-23T18:52,43668.43,0.00,0.657,13.0,NaN,37.1,15.8,33,1.96,63,56.7,100,54.3,86,1016.3,12.8
2023-09-24,63.2,2023-09-24T06:45,2023-09-24T18:50,43505.89,0.00,0.748,13.0,NaN,36.5,16.8,45,1.52,63,61.0,100,60.5,94,1011.5,13.1
2023-09-25,62.8,2023-09-25T06:46,2023-09-25T18:48,43343.32,0.00,0.543,13.0,NaN,33.1,17.2,30,1.24,63,56.9,100,57.2,92,1013.7,11.4
2023-09-26,60.3,2023-09-26T06:47,2023-09-26T18:46,43180.82,2964.88,0.000,0.0,NaN,29.1,10.6,23,4.01,3,55.1,92,53.0,84,1021.9,7.7
2023-09-27,64.2,2023-09-27T06:48,2023-09-27T18:45,43018.47,39600.00,0.000,0.0,NaN,20.1,10.8,33,18.53,2,47.9,12,46.6,69,1022.3,6.7
2023-09-28,63.0,2023-09-28T06:49,2023-09-28T18:43,42856.38,0.00,0.043,2.0,NaN,21.7,11.8,28,5.55,53,54.3,88,53.7,86,1020.2,7.0
2023-09-29,60.0,2023-09-29T06:50,2023-09-29T18:41,42694.65,0.00,2.429,17.0,NaN,26.6,14.1,24,3.17,65,56.9,100,57.1,94,1017.0,9.9
2023-09-30,65.2,2023-09-30T06:51,2023-09-30T18:40,42533.38,7200.00,0.028,1.0,NaN,23.3,9.6,358,5.55,53,55.8,83,56.7,89,1017.1,6.6
2023-10-01,76.5,2023-10-01T06:52,2023-10-01T18:38,42372.65,39600.00,0.000,0.0,NaN,20.6,13.0,338,17.73,1,56.8,4,57.1,75,1017.3,5.6
2023-10-02,79.1,2023-10-02T06:53,2023-10-02T18:36,42212.59,36000.00,0.000,0.0,NaN,15.2,7.4,2,17.06,3,61.4,13,57.8,70,1017.8,3.9
2023-10-03,83.5,2023-10-03T06:54,2023-10-03T18:35,42053.28,39600.00,0.000,0.0,NaN,9.8,4.7,216,17.31,2,59.3,5,57.6,68,1017.2,2.1
2023-10-04,85.3,2023-10-04T06:55,2023-10-04T18:33,41894.84,39600.00,0.000,0.0,NaN,11.0,8.4,152,16.88,2,63.2,6,62.9,75,1017.6,2.8
2023-10-05,78.1,2023-10-05T06:56,2023-10-05T18:32,41736.98,39545.49,0.000,0.0,NaN,13.6,8.9,136,16.88,3,60.4,14,59.9,75,1018.4,4.1
2023-10-06,70.0,2023-10-06T06:57,2023-10-06T18:30,41578.61,0.00,0.240,3.0,NaN,16.8,7.4,75,5.16,63,65.5,100,66.2,95,1012.4,4.9
2023-10-07,68.7,2023-10-07T06:58,2023-10-07T18:28,41419.74,4215.67,0.287,5.0,NaN,30.9,18.1,320,2.30,63,51.7,89,59.3,88,1002.3,7.5
2023-10-08,59.8,2023-10-08T06:59,2023-10-08T18:27,41260.50,29027.94,0.000,0.0,NaN,26.8,13.3,243,14.06,3,47.7,46,42.5,67,1000.4,10.6
2023-10-09,61.6,2023-10-09T07:00,2023-10-09T18:25,41100.98,35703.06,0.000,0.0,NaN,23.3,13.3,223,15.50,3,44.8,36,38.6,59,1004.3,6.8
2023-10-10,64.8,2023-10-10T07:01,2023-10-10T18:24,40941.30,34016.71,0.000,0.0,NaN,22.1,11.1,218,15.24,3,50.3,42,45.1,65,1005.6,4.8
2023-10-11,71.4,2023-10-11T07:02,2023-10-11T18:22,40781.59,33645.12,0.000,0.0,NaN,17.4,11.1,218,16.12,3,52.5,6,45.2,60,1006.7,3.9
2023-10-12,71.8,2023-10-12T07:03,2023-10-12T18:20,40621.95,36373.76,0.000,0.0,NaN,10.5,6.3,262,15.71,1,50.3,3,46.3,64,1007.6,2.8
2023-10-13,64.2,2023-10-13T07:04,2023-10-13T18:19,40462.48,36407.74,0.000,0.0,NaN,13.6,10.7,318,16.18,3,50.4,8,42.3,59,1010.2,4.8
2023-10-14,54.4,2023-10-14T07:06,2023-10-14T18:17,40303.33,0.00,0.543,10.0,NaN,19.9,9.5,15,1.57,63,48.8,91,46.2,83,1005.3,4.4
2023-10-15,59.9,2023-10-15T07:07,2023-10-15T18:16,40144.60,28390.29,0.000,0.0,NaN,30.6,14.2,319,13.66,3,49.1,41,42.4,68,995.9,9.9
2023-10-16,64.4,2023-10-16T07:08,2023-10-16T18:14,39986.41,28800.00,0.000,0.0,NaN,20.6,9.7,299,12.63,3,45.3,19,44.0,70,999.3,5.9
2023-10-17,62.7,2023-10-17T07:09,2023-10-17T18:13,39828.89,25614.71,0.000,0.0,NaN,11.4,6.4,330,10.42,3,49.3,46,45.2,69,1008.3,3.9
2023-10-18,63.5,2023-10-18T07:10,2023-10-18T18:11,39672.16,29577.76,0.000,0.0,NaN,9.6,4.8,80,10.15,3,51.5,40,47.7,72,1015.6,2.6
2023-10-19,65.3,2023-10-19T07:11,2023-10-19T18:10,39516.35,35048.93,0.000,0.0,NaN,19.9,10.7,176,14.10,3,48.5,35,47.6,72,1015.1,5.1
2023-10-20,65.1,2023-10-20T07:12,2023-10-20T18:08,39361.57,6612.47,1.020,5.0,NaN,29.5,12.2,130,5.44,65,57.4,95,58.0,90,1002.8,7.4
2023-10-21,61.6,2023-10-21T07:13,2023-10-21T18:07,39207.98,7200.00,0.130,5.0,NaN,31.3,16.4,281,7.23,61,55.7,71,52.9,81,988.9,8.6
2023-10-22,56.8,2023-10-22T07:14,2023-10-22T18:05,39055.70,29264.47,0.000,0.0,NaN,35.6,16.4,277,11.68,3,48.0,46,38.9,59,999.5,12.3
2023-10-23,61.5,2023-10-23T07:16,2023-10-23T18:04,38904.86,34779.48,0.000,0.0,NaN,29.8,14.0,301,14.08,3,45.2,18,38.4,60,1015.0,8.2
2023-10-24,66.6,2023-10-24T07:17,2023-10-24T18:02,38755.59,34711.61,0.000,0.0,NaN,14.1,8.7,179,13.38,3,44.1,9,42.9,67,1023.1,3.6
2023-10-25,74.9,2023-10-25T07:18,2023-10-25T18:01,38607.64,34643.52,0.000,0.0,NaN,19.0,8.8,204,13.13,2,47.7,9,45.2,60,1020.8,5.1
2023-10-26,80.5,2023-10-26T07:19,2023-10-26T18:00,38459.77,34574.88,0.000,0.0,NaN,15.7,9.0,190,13.24,3,55.0,18,48.6,52,1018.3,3.4
2023-10-27,76.9,2023-10-27T07:20,2023-10-27T17:58,38312.00,15058.51,0.000,0.0,NaN,15.4,6.8,210,9.32,3,59.5,36,52.5,60,1015.0,4.0
2023-10-28,82.3,2023-10-28T07:21,2023-10-28T17:57,38164.49,33950.86,0.000,0.0,NaN,21.3,9.7,268,12.55,3,62.2,12,57.8,64,1012.1,6.1
2023-10-29,64.8,2023-10-29T07:22,2023-10-29T17:56,38017.36,0.00,0.126,2.0,NaN,21.5,11.5,29,2.03,61,50.6,94,47.8,79,1014.4,8.9
2023-10-30,58.5,2023-10-30T07:24,2023-10-30T17:55,37870.75,0.00,0.354,4.0,NaN,24.8,13.1,332,2.69,63,48.8,94,51.0,90,1005.7,6.8
2023-10-31,51.5,2023-10-31T07:25,2023-10-31T17:53,37724.80,28800.00,0.000,0.0,NaN,22.8,10.0,5,10.90,3,43.9,74,33.9,59,1013.2,5.8
2023-11-01,49.0,2023-11-01T07:26,2023-11-01T17:52,37579.66,14619.61,0.031,2.0,NaN,23.0,15.6,317,7.93,51,38.7,59,30.4,60,1013.4,8.2
2023-11-02,50.5,2023-11-02T07:27,2023-11-02T17:51,37435.46,33183.84,0.000,0.0,NaN,13.6,6.9,261,12.49,0,31.5,5,24.3,55,1026.0,4.3
2023-11-03,56.7,2023-11-03T07:28,2023-11-03T17:50,37292.38,32572.30,0.000,0.0,NaN,19.5,11.3,191,12.32,2,35.0,4,29.4,54,1026.3,6.0
2023-11-04,60.9,2023-11-04T07:29,2023-11-04T17:49,37150.54,28800.00,0.000,0.0,NaN,13.4,5.4,202,11.66,3,41.7,42,35.2,57,1018.8,3.7
2023-11-05,65.4,2023-11-05T07:31,2023-11-05T17:47,37010.12,25200.00,0.000,0.0,NaN,18.1,8.4,306,10.04,3,47.7,21,36.8,51,1013.0,3.7
2023-11-06,55.8,2023-11-06T07:32,2023-11-06T17:46,36871.27,32400.00,0.000,0.0,NaN,15.2,7.0,45,11.55,3,42.1,23,35.8,61,1015.5,3.7
2023-11-07,66.0,2023-11-07T07:33,2023-11-07T17:45,36734.15,14400.00,0.000,0.0,NaN,28.9,12.4,234,7.45,3,51.1,67,47.9,71,1005.2,7.3
2023-11-08,55.0,2023-11-08T07:34,2023-11-08T17:44,36598.92,28834.46,0.000,0.0,NaN,28.9,12.8,317,11.44,3,42.3,41,28.1,47,1012.8,8.0
2023-11-09,57.6,2023-11-09T07:35,2023-11-09T17:43,36465.77,7200.00,0.000,0.0,NaN,14.3,5.1,14,3.90,3,40.5,52,36.3,64,1008.8,3.1
2023-11-10,54.1,2023-11-10T07:37,2023-11-10T17:42,36334.84,0.00,0.000,0.0,NaN,19.2,10.0,244,5.73,3,44.1,51,32.8,54,1014.5,5.9
2023-11-11,55.1,2023-11-11T07:38,2023-11-11T17:41,36206.33,32400.00,0.000,0.0,NaN,19.9,11.0,305,11.32,3,38.7,12,31.6,58,1021.3,6.7
2023-11-12,45.2,2023-11-12T07:39,2023-11-12T17:40,36080.40,18850.46,0.000,0.0,NaN,18.3,8.6,7,8.68,3,34.4,67,25.3,57,1027.2,4.6
2023-11-13,48.6,2023-11-13T07:40,2023-11-13T17:39,35957.25,32400.00,0.000,0.0,NaN,13.2,8.5,185,10.75,3,30.0,30,26.4,60,1022.1,3.7
2023-11-14,53.7,2023-11-14T07:41,2023-11-14T17:38,35836.64,32400.00,0.000,0.0,NaN,23.9,15.0,295,10.97,3,39.0,18,30.2,55,1020.2,7.9
2023-11-15,52.9,2023-11-15T07:42,2023-11-15T17:38,35717.34,25200.00,0.000,0.0,NaN,19.5,8.3,202,10.02,3,34.8,44,31.4,61,1024.3,4.0
2023-11-16,67.0,2023-11-16T07:43,2023-11-16T17:37,35599.43,32400.00,0.000,0.0,NaN,13.4,5.8,206,10.64,3,41.4,6,36.8,59,1018.8,3.1
2023-11-17,67.3,2023-11-17T07:45,2023-11-17T17:36,35483.00,27311.10,0.000,0.0,NaN,23.9,13.2,181,10.11,3,42.8,56,45.0,69,1012.1,6.3
2023-11-18,59.9,2023-11-18T07:46,2023-11-18T17:35,35368.24,18000.00,0.000,0.0,NaN,22.6,15.1,303,6.47,3,40.3,50,39.0,63,1003.3,8.7
2023-11-19,55.5,2023-11-19T07:47,2023-11-19T17:35,35255.27,32400.00,0.000,0.0,NaN,26.6,14.4,252,10.39,1,35.3,2,27.2,51,1009.0,6.0
2023-11-20,45.0,2023-11-20T07:48,2023-11-20T17:34,35144.25,32400.00,0.000,0.0,NaN,24.2,10.3,343,10.77,3,33.8,39,19.5,46,1022.5,6.2
2023-11-21,45.2,2023-11-21T07:49,2023-11-21T17:33,35035.33,5998.77,0.283,6.0,NaN,34.9,13.2,69,4.97,61,31.5,78,28.5,67,1025.7,9.0
2023-11-22,53.1,2023-11-22T07:50,2023-11-22T17:33,34928.67,5401.08,1.449,8.0,NaN,38.0,17.2,3,4.78,65,45.2,96,46.5,87,1002.9,8.4
2023-11-23,52.7,2023-11-23T07:52,2023-11-23T17:32,34824.42,28922.88,0.000,0.0,NaN,32.4,15.2,292,9.91,3,43.0,31,34.3,62,1005.9,8.8
2023-11-24,50.9,2023-11-24T07:53,2023-11-24T17:31,34722.73,25543.38,0.000,0.0,NaN,25.5,14.4,304,9.01,3,33.5,62,26.8,50,1015.5,8.8
2023-11-25,40.4,2023-11-25T07:54,2023-11-25T17:31,34623.78,32400.00,0.000,0.0,NaN,21.5,8.1,322,10.04,3,29.0,22,17.4,52,1024.6,3.0
2023-11-26,51.3,2023-11-26T07:55,2023-11-26T17:30,34527.72,561.65,0.469,4.0,NaN,42.7,17.1,73,3.79,65,31.1,83,32.8,75,1016.6,5.6
2023-11-27,53.3,2023-11-27T07:56,2023-11-27T17:30,34434.71,21516.10,0.043,1.0,NaN,40.7,17.6,254,7.92,55,39.2,53,35.4,67,1001.9,11.2
2023-11-28,39.5,2023-11-28T07:57,2023-11-28T17:30,34344.93,26176.84,0.000,0.0,NaN,30.2,17.5,268,8.57,3,30.3,22,14.5,44,1007.2,12.3
2023-11-29,37.8,2023-11-29T07:58,2023-11-29T17:29,34258.55,25006.88,0.000,0.0,NaN,26.6,11.1,235,9.24,3,24.3,31,11.9,46,1014.3,8.4
2023-11-30,51.8,2023-11-30T07:59,2023-11-30T17:29,34175.72,32123.00,0.000,0.0,NaN,23.9,9.9,214,9.52,3,29.8,12,20.1,44,1015.5,6.6
2023-12-01,47.8,2023-12-01T08:00,2023-12-01T17:29,34096.63,10568.08,0.299,5.0,NaN,14.1,6.9,189,5.97,63,35.9,60,34.7,74,1015.9,3.8
2023-12-02,58.4,2023-12-02T08:01,2023-12-02T17:28,34021.44,14400.00,0.000,0.0,NaN,15.7,6.2,217,5.85,3,45.9,85,45.8,89,1011.9,3.5
2023-12-03,49.3,2023-12-03T08:02,2023-12-03T17:28,33950.32,0.00,0.622,15.0,NaN,25.7,12.2,55,0.36,61,47.0,100,46.6,94,1005.6,7.4
2023-12-04,51.3,2023-12-04T08:03,2023-12-04T17:28,33883.16,24686.04,0.000,0.0,NaN,21.0,13.6,250,8.93,3,41.9,55,37.3,72,1003.6,7.6
2023-12-05,42.3,2023-12-05T08:04,2023-12-05T17:28,33819.17,20684.46,0.000,0.0,NaN,25.9,7.2,297,7.26,3,37.1,66,26.6,60,1011.3,5.1
2023-12-06,40.6,2023-12-06T08:05,2023-12-06T17:28,33758.35,17374.27,0.000,0.0,NaN,23.9,13.0,322,6.96,3,33.0,48,23.9,62,1011.4,7.1
2023-12-07,37.7,2023-12-07T08:06,2023-12-07T17:28,33700.78,4664.76,0.004,1.0,NaN,21.5,10.5,256,4.05,51,29.7,62,23.1,66,1012.2,6.8
2023-12-08,50.4,2023-12-08T08:07,2023-12-08T17:28,33646.53,24465.35,0.000,0.0,NaN,13.6,7.6,198,7.32,3,33.7,24,29.1,63,1016.4,3.6
2023-12-09,58.2,2023-12-09T08:08,2023-12-09T17:28,33595.67,18079.32,0.000,0.0,NaN,15.0,6.0,89,7.08,3,37.7,54,40.0,78,1017.9,2.9
2023-12-10,59.8,2023-12-10T08:09,2023-12-10T17:28,33548.29,798.96,0.709,6.0,NaN,40.0,17.1,163,1.65,65,45.0,86,50.2,89,1008.4,6.1
2023-12-11,55.2,2023-12-11T08:09,2023-12-11T17:28,33504.44,10800.00,0.850,9.0,NaN,31.5,18.8,296,5.40,65,35.9,68,33.4,74,1005.1,13.6
2023-12-12,43.6,2023-12-12T08:10,2023-12-12T17:28,33464.20,31460.16,0.000,0.0,NaN,21.3,10.4,233,9.12,3,32.3,19,22.4,54,1023.0,7.3
2023-12-13,47.2,2023-12-13T08:11,2023-12-13T17:28,33427.65,31412.23,0.000,0.0,NaN,27.5,12.6,269,9.01,1,33.8,2,21.5,51,1026.6,8.3
2023-12-14,41.3,2023-12-14T08:12,2023-12-14T17:28,33394.84,21528.94,0.000,0.0,NaN,23.3,10.6,279,8.19,3,30.4,28,15.8,45,1031.7,6.4
2023-12-15,59.4,2023-12-15T08:12,2023-12-15T17:29,33365.86,31321.28,0.000,0.0,NaN,25.5,10.7,241,8.90,2,31.8,4,23.1,46,1023.7,7.5
2023-12-16,55.3,2023-12-16T08:13,2023-12-16T17:29,33340.76,31278.50,0.000,0.0,NaN,21.7,9.3,38,8.70,3,41.4,20,31.6,55,1026.4,4.9
2023-12-17,54.4,2023-12-17T08:14,2023-12-17T17:29,33319.61,0.00,0.217,5.0,NaN,21.9,9.5,58,1.23,61,46.5,100,45.8,87,1018.8,7.0
2023-12-18,60.8,2023-12-18T08:14,2023-12-18T17:30,33302.47,3600.00,2.823,11.0,NaN,70.5,26.4,185,1.90,65,41.8,87,47.9,82,988.1,15.6
2023-12-19,41.4,2023-12-19T08:15,2023-12-19T17:30,33289.41,31162.43,0.000,0.0,NaN,26.2,14.8,275,8.84,3,31.6,60,25.3,62,1009.1,10.3
2023-12-20,43.6,2023-12-20T08:16,2023-12-20T17:30,33280.48,31128.22,0.000,0.0,NaN,23.0,10.6,306,8.95,45,29.1,48,21.1,57,1022.9,7.7
2023-12-21,40.6,2023-12-21T08:16,2023-12-21T17:31,33275.73,31096.46,0.000,0.0,NaN,24.2,11.8,335,9.03,45,30.2,32,20.9,57,1024.8,7.8
2023-12-22,37.5,2023-12-22T08:17,2023-12-22T17:31,33275.24,26262.71,0.000,0.0,NaN,18.3,8.5,347,8.45,3,26.3,52,11.7,46,1027.0,4.3
2023-12-23,42.0,2023-12-23T08:17,2023-12-23T17:32,33279.04,31040.71,0.000,0.0,NaN,10.1,4.7,37,8.02,3,30.6,53,23.5,62,1027.3,2.6
2023-12-24,48.2,2023-12-24T08:17,2023-12-24T17:32,33287.20,28800.00,0.016,1.0,NaN,7.6,4.7,347,7.87,51,38.3,60,37.8,83,1025.0,2.2
2023-12-25,47.9,2023-12-25T08:18,2023-12-25T17:33,33299.77,2440.06,0.000,0.0,NaN,9.8,5.2,33,3.45,45,42.1,81,42.2,90,1025.2,2.9
2023-12-26,47.4,2023-12-26T08:18,2023-12-26T17:33,33316.66,0.00,0.000,0.0,NaN,8.5,5.3,70,2.55,45,43.2,92,43.0,94,1021.6,2.7
2023-12-27,47.1,2023-12-27T08:18,2023-12-27T17:34,33337.81,0.00,0.169,3.0,NaN,23.3,10.9,54,1.92,63,43.1,100,43.3,95,1014.1,5.9
2023-12-28,52.9,2023-12-28T08:19,2023-12-28T17:35,33363.13,0.00,2.154,9.0,NaN,32.9,17.5,37,0.97,65,47.7,100,48.1,94,1001.6,9.4
2023-12-29,54.0,2023-12-29T08:19,2023-12-29T17:36,33392.57,11252.95,0.000,0.0,NaN,17.9,8.6,243,5.44,3,45.8,89,44.3,85,1000.4,4.9
2023-12-30,46.1,2023-12-30T08:19,2023-12-30T17:36,33426.02,7200.00,0.000,0.0,NaN,20.8,12.2,263,3.90,3,38.2,64,31.8,68,999.8,8.1
2023-12-31,42.7,2023-12-31T08:19,2023-12-31T17:37,33463.41,7200.00,0.000,0.0,NaN,20.1,11.6,285,6.62,3,36.5,73,25.8,57,1009.7,6.4
2024-01-01,46.0,2024-01-01T08:20,2024-01-01T17:38,33504.66,14400.00,0.000,0.0,NaN,16.1,7.2,282,6.34,3,36.0,73,30.1,66,1012.3,3.9
2024-01-02,42.9,2024-01-02T08:20,2024-01-02T17:39,33549.68,30887.23,0.000,0.0,NaN,17.7,9.0,305,9.32,45,28.8,22,22.0,61,1013.4,5.6
2024-01-03,43.1,2024-01-03T08:20,2024-01-03T17:40,33598.39,13326.02,0.000,0.0,NaN,15.7,9.3,287,6.58,3,30.7,68,24.2,61,1011.5,5.4
2024-01-04,43.5,2024-01-04T08:20,2024-01-04T17:41,33650.71,21600.00,0.000,0.0,NaN,28.2,15.8,294,7.61,3,29.4,70,23.3,57,1011.3,8.4
2024-01-05,38.0,2024-01-05T08:20,2024-01-05T17:42,33706.54,30881.20,0.000,0.0,NaN,24.2,14.6,287,9.48,45,26.1,31,15.4,53,1020.0,8.4
2024-01-06,37.5,2024-01-06T08:20,2024-01-06T17:42,33765.79,3063.50,0.382,7.0,NaN,37.4,15.5,54,5.79,75,26.2,80,24.6,75,1014.2,6.9
2024-01-07,36.4,2024-01-07T08:20,2024-01-07T17:43,33828.39,0.00,0.370,8.0,NaN,38.5,15.8,352,2.98,75,34.0,93,31.7,88,1000.4,10.0
2024-01-08,44.2,2024-01-08T08:19,2024-01-08T17:44,33894.23,21282.54,0.000,0.0,NaN,32.7,13.6,308,7.40,3,32.5,41,24.2,60,1020.7,7.0
2024-01-09,54.7,2024-01-09T08:19,2024-01-09T17:45,33963.24,1755.13,0.909,9.0,NaN,67.8,21.8,100,3.78,63,28.8,84,33.6,80,1015.1,9.3
2024-01-10,56.4,2024-01-10T08:19,2024-01-10T17:46,34035.32,20116.90,1.205,2.0,NaN,56.8,23.5,229,8.14,65,44.4,78,36.1,61,987.7,16.0
2024-01-11,46.9,2024-01-11T08:19,2024-01-11T17:47,34110.38,27331.24,0.000,0.0,NaN,31.3,14.0,236,8.17,3,39.6,27,24.2,48,1005.6,9.9
2024-01-12,50.4,2024-01-12T08:19,2024-01-12T17:48,34188.34,27348.07,0.000,0.0,NaN,30.9,12.6,122,9.91,3,34.5,42,27.3,55,1014.2,6.8
2024-01-13,59.1,2024-01-13T08:18,2024-01-13T17:50,34269.41,18000.00,1.260,8.0,NaN,50.3,22.6,206,7.19,65,34.3,68,38.0,70,991.4,16.9
2024-01-14,41.1,2024-01-14T08:18,2024-01-14T17:51,34354.43,20189.22,0.000,0.0,NaN,44.3,25.0,237,7.22,3,27.9,41,13.6,45,1007.4,14.0
2024-01-15,29.5,2024-01-15T08:18,2024-01-15T17:52,34443.30,31013.41,0.000,0.0,NaN,21.5,10.4,255,9.47,3,23.4,69,5.7,41,1018.8,7.0
2024-01-16,30.6,2024-01-16T08:17,2024-01-16T17:53,34535.85,0.00,0.421,15.0,NaN,31.8,12.8,331,1.38,75,23.4,98,22.7,86,1007.8,7.7
2024-01-17,24.2,2024-01-17T08:17,2024-01-17T17:54,34631.89,31068.73,0.000,0.0,NaN,33.8,14.7,262,11.20,3,16.8,13,4.9,51,1010.3,11.3
2024-01-18,31.6,2024-01-18T08:16,2024-01-18T17:55,34731.24,15545.06,0.000,0.0,NaN,27.3,10.2,231,7.79,3,19.8,84,7.9,48,1015.8,6.9
2024-01-19,30.7,2024-01-19T08:16,2024-01-19T17:56,34833.74,2674.32,0.031,2.0,NaN,22.8,9.4,1,6.14,73,22.6,96,20.7,74,1007.2,5.9
2024-01-20,24.7,2024-01-20T08:15,2024-01-20T17:57,34939.20,25078.61,0.000,0.0,NaN,30.0,16.6,294,10.55,3,15.5,51,6.1,54,1011.2,12.2
2024-01-21,29.1,2024-01-21T08:14,2024-01-21T17:59,35047.46,31205.36,0.000,0.0,NaN,29.5,16.5,302,11.33,3,17.4,22,7.8,51,1022.0,11.0
2024-01-22,37.7,2024-01-22T08:14,2024-01-22T18:00,35158.35,24044.58,0.000,0.0,NaN,21.0,10.9,230,10.35,45,20.4,49,14.9,56,1029.0,6.8
2024-01-23,40.3,2024-01-23T08:13,2024-01-23T18:01,35271.69,3600.00,0.016,1.0,NaN,24.4,8.9,245,4.11,51,30.9,59,26.8,73,1027.7,5.1
2024-01-24,43.6,2024-01-24T08:12,2024-01-24T18:02,35387.34,0.00,0.075,3.0,NaN,15.2,5.9,73,1.75,55,33.6,99,36.5,91,1027.2,3.7
2024-01-25,56.0,2024-01-25T08:12,2024-01-25T18:03,35505.11,0.00,0.272,7.0,NaN,15.7,9.5,252,2.83,61,40.9,100,47.9,94,1016.7,4.0
2024-01-26,48.8,2024-01-26T08:11,2024-01-26T18:05,35624.87,0.00,0.244,6.0,NaN,22.1,11.0,59,1.93,63,40.4,100,41.7,96,1014.2,6.8
2024-01-27,46.1,2024-01-27T08:10,2024-01-27T18:06,35746.44,7831.23,0.000,0.0,NaN,12.5,6.5,13,5.41,45,41.0,97,40.0,89,1017.6,4.0
2024-01-28,41.5,2024-01-28T08:09,2024-01-28T18:07,35869.68,0.00,0.949,8.0,NaN,34.2,16.1,40,0.90,73,35.9,100,36.6,94,1007.5,9.3
2024-01-29,38.5,2024-01-29T08:08,2024-01-29T18:08,35994.44,7302.14,0.031,2.0,NaN,34.2,15.4,346,6.86,51,32.4,88,31.8,84,1006.2,9.5
2024-01-30,36.9,2024-01-30T08:08,2024-01-30T18:10,36120.57,3600.00,0.000,0.0,NaN,17.0,6.8,55,5.18,3,32.8,95,28.5,78,1018.0,4.2
2024-01-31,38.4,2024-01-31T08:07,2024-01-31T18:11,36247.92,0.00,0.000,0.0,NaN,16.6,6.9,124,3.43,3,33.1,94,30.4,82,1016.0,4.5
2024-02-01,44.0,2024-02-01T08:06,2024-02-01T18:12,36376.35,0.00,0.000,0.0,NaN,17.0,7.1,211,3.18,3,33.1,92,33.9,84,1011.8,4.4
2024-02-02,42.5,2024-02-02T08:05,2024-02-02T18:13,36506.15,0.00,0.311,9.0,NaN,25.1,11.6,338,2.76,61,36.8,78,36.1,84,1007.7,6.1
2024-02-03,42.6,2024-02-03T08:04,2024-02-03T18:14,36638.55,34314.42,0.000,0.0,NaN,28.2,13.3,346,12.63,3,31.5,22,21.7,58,1012.7,8.9
2024-02-04,46.5,2024-02-04T08:03,2024-02-04T18:16,36773.48,34968.07,0.000,0.0,NaN,17.4,8.1,331,13.01,1,26.5,2,18.3,50,1011.2,5.0
2024-02-05,44.3,2024-02-05T08:02,2024-02-05T18:17,36910.76,35577.41,0.000,0.0,NaN,31.8,11.8,345,13.17,0,29.9,0,15.7,46,1009.5,7.6
2024-02-06,42.7,2024-02-06T08:01,2024-02-06T18:18,37050.22,35643.47,0.000,0.0,NaN,24.2,10.2,357,13.19,0,24.7,1,13.6,44,1016.5,7.1
2024-02-07,47.4,2024-02-07T07:59,2024-02-07T18:19,37191.67,35711.37,0.000,0.0,NaN,12.3,6.9,353,13.23,0,27.7,1,19.6,51,1020.8,4.6
2024-02-08,52.9,2024-02-08T07:58,2024-02-08T18:21,37334.96,35104.22,0.000,0.0,NaN,13.9,7.6,151,13.09,3,31.6,8,24.9,55,1021.2,3.3
2024-02-09,53.0,2024-02-09T07:57,2024-02-09T18:22,37479.91,26646.35,0.000,0.0,NaN,17.2,10.2,153,11.83,3,38.9,55,36.4,74,1015.0,5.3
2024-02-10,60.6,2024-02-10T07:56,2024-02-10T18:23,37626.36,21916.99,0.000,0.0,NaN,20.1,7.6,213,11.38,3,38.7,90,39.4,71,1006.6,4.2
2024-02-11,51.2,2024-02-11T07:55,2024-02-11T18:24,37774.16,18425.82,0.000,0.0,NaN,25.9,11.4,307,11.61,3,42.2,79,33.5,60,1008.1,5.8
2024-02-12,47.7,2024-02-12T07:53,2024-02-12T18:26,37923.15,27745.73,0.000,0.0,NaN,14.3,6.2,347,13.05,3,33.9,70,29.5,65,1007.8,3.6
2024-02-13,40.3,2024-02-13T07:52,2024-02-13T18:27,38073.18,10800.00,1.102,10.0,NaN,31.5,13.7,346,8.94,75,31.6,72,28.4,78,999.0,9.6
2024-02-14,35.9,2024-02-14T07:51,2024-02-14T18:28,38224.09,36000.00,0.000,0.0,NaN,36.9,18.9,289,15.00,3,27.8,9,12.9,46,1010.8,14.3
2024-02-15,37.1,2024-02-15T07:50,2024-02-15T18:29,38375.73,25200.00,0.000,0.0,NaN,31.3,12.1,240,13.72,3,23.2,41,15.3,53,1014.0,6.5
2024-02-16,43.2,2024-02-16T07:48,2024-02-16T18:30,38527.98,36000.00,0.000,0.0,NaN,37.1,21.2,281,15.13,3,34.2,32,16.2,43,1006.4,11.7
2024-02-17,35.0,2024-02-17T07:47,2024-02-17T18:32,38680.67,7200.00,0.268,7.0,NaN,24.8,15.7,304,8.01,73,28.7,78,21.5,69,1005.2,7.0
2024-02-18,40.2,2024-02-18T07:46,2024-02-18T18:33,38833.68,36000.00,0.000,0.0,NaN,34.0,19.1,230,15.21,0,23.4,2,12.2,46,1007.3,10.6
2024-02-19,41.0,2024-02-19T07:44,2024-02-19T18:34,38986.87,36000.00,0.000,0.0,NaN,23.3,15.6,290,15.87,3,28.1,44,12.2,40,1015.3,7.8
2024-02-20,39.1,2024-02-20T07:43,2024-02-20T18:35,39140.09,36000.00,0.000,0.0,NaN,17.9,9.6,35,15.98,45,26.1,31,10.7,43,1026.8,5.4
2024-02-21,40.5,2024-02-21T07:41,2024-02-21T18:36,39293.23,7095.21,0.000,0.0,NaN,12.3,8.1,86,8.26,3,25.1,74,22.2,65,1026.0,5.0
2024-02-22,43.8,2024-02-22T07:40,2024-02-22T18:38,39446.56,21159.88,0.000,0.0,NaN,24.6,10.6,158,12.60,3,31.7,91,29.2,72,1012.1,6.3
2024-02-23,46.2,2024-02-23T07:39,2024-02-23T18:39,39601.35,903.86,0.130,5.0,NaN,12.3,6.8,341,5.16,61,39.5,98,39.1,88,995.5,3.8
2024-02-24,44.1,2024-02-24T07:37,2024-02-24T18:40,39757.56,21600.00,0.000,0.0,NaN,23.9,13.5,310,14.63,3,29.6,40,21.5,53,1000.4,9.6
2024-02-25,40.0,2024-02-25T07:36,2024-02-25T18:41,39915.05,36054.41,0.000,0.0,NaN,17.2,10.4,226,16.89,3,22.0,24,10.9,45,1015.1,5.3
2024-02-26,53.6,2024-02-26T07:34,2024-02-26T18:42,40073.69,23100.56,0.000,0.0,NaN,19.9,11.0,188,13.42,3,31.1,37,28.6,64,1013.2,5.5
2024-02-27,54.0,2024-02-27T07:33,2024-02-27T18:43,40233.35,18000.00,0.283,3.0,NaN,29.8,9.8,96,11.09,63,36.3,74,39.6,84,1011.2,5.5
2024-02-28,57.0,2024-02-28T07:31,2024-02-28T18:45,40393.91,951.35,0.146,6.0,NaN,43.6,22.9,175,4.55,55,50.0,100,49.3,87,1001.1,9.5
2024-02-29,45.1,2024-02-29T07:30,2024-02-29T18:46,40555.23,22316.04,0.000,0.0,NaN,45.4,24.1,285,15.80,3,30.3,45,13.3,40,1017.8,14.4
2024-03-01,45.0,2024-03-01T07:28,2024-03-01T18:47,40717.20,37055.72,0.000,0.0,NaN,20.6,12.4,177,17.33,3,25.1,25,16.9,48,1030.4,6.1
2024-03-02,51.3,2024-03-02T07:27,2024-03-02T18:48,40879.70,0.00,1.193,10.0,NaN,29.8,11.9,78,2.56,65,37.1,100,41.1,89,1022.1,6.2
2024-03-03,66.0,2024-03-03T07:25,2024-03-03T18:49,41042.59,36000.00,0.000,0.0,NaN,19.0,8.1,309,17.06,3,46.4,60,47.1,76,1016.4,5.0
2024-03-04,56.3,2024-03-04T07:23,2024-03-04T18:50,41205.76,11281.05,0.000,0.0,NaN,18.3,11.0,69,10.02,3,45.1,56,44.8,82,1022.9,6.6
2024-03-05,45.0,2024-03-05T07:22,2024-03-05T18:51,41369.10,0.00,0.449,10.0,NaN,26.2,14.7,46,1.09,63,40.8,100,41.4,95,1016.9,8.9
2024-03-06,49.7,2024-03-06T07:20,2024-03-06T18:53,41532.49,0.00,1.035,10.0,NaN,24.8,14.7,64,4.10,63,45.0,100,45.9,94,1011.4,5.6
2024-03-07,52.1,2024-03-07T07:19,2024-03-07T18:54,41695.80,0.00,0.146,5.0,NaN,32.7,16.1,349,3.52,55,45.0,92,42.9,82,1006.8,12.0
2024-03-08,57.1,2024-03-08T07:17,2024-03-08T18:55,41858.94,38263.78,0.000,0.0,NaN,32.4,14.3,33,18.96,3,37.5,26,29.5,57,1020.1,7.5
2024-03-09,44.7,2024-03-09T07:15,2024-03-09T18:56,42021.77,0.00,0.898,6.0,NaN,43.0,15.3,98,2.13,65,40.5,100,37.1,82,1014.0,10.1
2024-03-10,49.4,2024-03-10T07:14,2024-03-10T18:57,42184.20,13240.12,1.173,2.0,NaN,35.6,20.8,274,12.05,65,35.9,74,35.1,74,992.3,13.9
2024-03-11,52.6,2024-03-11T07:12,2024-03-11T18:58,42346.10,38553.22,0.000,0.0,NaN,51.7,28.9,286,19.81,3,33.6,28,17.8,41,999.6,20.3
2024-03-12,66.0,2024-03-12T07:11,2024-03-12T18:59,42507.36,38649.17,0.000,0.0,NaN,36.9,16.8,272,19.47,2,40.8,6,23.7,33,1005.2,10.4
2024-03-13,63.5,2024-03-13T07:09,2024-03-13T19:00,42668.25,38744.87,0.000,0.0,NaN,17.7,10.4,144,18.80,3,44.3,14,32.3,48,1008.5,4.5
2024-03-14,73.7,2024-03-14T07:07,2024-03-14T19:01,42829.91,38841.41,0.000,0.0,NaN,21.9,10.4,141,19.21,45,42.5,11,39.9,62,1011.3,4.3
2024-03-15,71.5,2024-03-15T07:06,2024-03-15T19:02,42992.34,29188.42,0.000,0.0,NaN,29.8,16.2,279,15.63,3,51.5,78,44.0,57,1002.9,9.2
2024-03-16,60.3,2024-03-16T07:04,2024-03-16T19:03,43155.43,39037.24,0.000,0.0,NaN,19.5,14.8,203,19.27,3,45.2,32,37.7,60,1004.7,6.4
2024-03-17,62.7,2024-03-17T07:02,2024-03-17T19:05,43319.08,33572.12,0.000,0.0,NaN,34.9,16.9,252,19.28,3,48.1,61,33.3,48,998.0,10.0
2024-03-18,49.8,2024-03-18T07:01,2024-03-18T19:06,43483.18,21235.95,0.000,0.0,NaN,24.2,15.9,291,15.12,3,38.7,67,22.6,41,1001.7,11.2
2024-03-19,46.3,2024-03-19T06:59,2024-03-19T19:07,43647.63,28536.11,0.000,0.0,NaN,27.7,17.5,269,18.63,3,33.8,61,20.2,47,1003.1,12.2
2024-03-20,56.4,2024-03-20T06:57,2024-03-20T19:08,43812.33,9821.62,0.000,0.0,NaN,39.8,19.2,257,12.97,3,35.2,51,28.2,56,1000.8,9.1
2024-03-21,42.3,2024-03-21T06:56,2024-03-21T19:09,43977.18,39537.48,0.000,0.0,NaN,33.8,17.9,288,21.95,2,28.0,16,9.3,34,1013.9,14.1
2024-03-22,43.5,2024-03-22T06:54,2024-03-22T19:10,44142.07,39600.00,0.000,0.0,NaN,21.3,10.1,177,20.90,3,24.2,45,15.4,46,1022.9,5.7
2024-03-23,48.0,2024-03-23T06:52,2024-03-23T19:11,44306.91,0.00,3.461,14.0,NaN,41.2,21.5,4,1.74,65,36.0,100,37.9,88,1007.9,11.3
2024-03-24,47.0,2024-03-24T06:51,2024-03-24T19:12,44471.59,39940.50,0.000,0.0,NaN,36.5,15.8,345,22.51,3,30.0,5,17.3,46,1018.4,10.6
2024-03-25,52.6,2024-03-25T06:49,2024-03-25T19:13,44636.00,39883.30,0.000,0.0,NaN,25.7,14.7,35,22.22,0,32.3,1,22.9,50,1025.4,8.3
2024-03-26,50.2,2024-03-26T06:47,2024-03-26T19:14,44800.05,7444.62,0.000,0.0,NaN,25.1,11.2,43,10.26,45,36.9,92,30.6,61,1018.3,6.4
2024-03-27,52.2,2024-03-27T06:46,2024-03-27T19:15,44963.62,9159.48,0.000,0.0,NaN,16.1,8.8,55,10.76,3,40.9,98,40.6,83,1014.8,3.3
2024-03-28,49.1,2024-03-28T06:44,2024-03-28T19:16,45126.62,0.00,0.362,9.0,NaN,23.3,9.8,322,5.49,61,44.4,100,45.1,92,1009.7,5.4
2024-03-29,55.8,2024-03-29T06:42,2024-03-29T19:17,45288.93,41149.67,0.000,0.0,NaN,38.3,22.1,302,23.19,3,39.5,42,23.7,43,1002.9,15.3
2024-03-30,61.3,2024-03-30T06:41,2024-03-30T19:18,45450.46,32400.00,0.000,0.0,NaN,33.3,15.5,274,22.10,3,39.1,41,26.3,44,1003.6,12.5
2024-03-31,62.1,2024-03-31T06:39,2024-03-31T19:19,45611.08,39600.00,0.000,0.0,NaN,24.4,13.5,279,22.93,3,44.4,47,35.5,54,1006.8,7.7
2024-04-01,53.1,2024-04-01T06:38,2024-04-01T19:20,45770.68,7200.00,0.000,0.0,NaN,17.2,8.8,23,13.12,3,46.8,76,35.7,59,1010.0,4.1
2024-04-02,46.3,2024-04-02T06:36,2024-04-02T19:22,45929.53,0.00,0.748,12.0,NaN,27.5,11.5,57,2.81,63,43.7,96,41.8,89,1009.0,6.8
2024-04-03,43.4,2024-04-03T06:34,2024-04-03T19:23,46088.69,0.00,0.969,15.0,NaN,46.8,20.5,58,2.13,63,39.7,100,38.9,91,1000.3,14.5
2024-04-04,47.7,2024-04-04T06:33,2024-04-04T19:24,46248.15,21600.00,0.102,4.0,NaN,46.5,21.3,347,14.36,55,36.9,90,34.1,76,991.3,10.4
2024-04-05,49.3,2024-04-05T06:31,2024-04-05T19:25,46407.82,18719.72,0.000,0.0,NaN,25.7,16.4,285,13.83,3,36.7,61,28.6,59,999.0,10.4
2024-04-06,53.5,2024-04-06T06:29,2024-04-06T19:26,46567.59,9467.75,0.000,0.0,NaN,32.2,16.5,326,12.14,3,40.5,49,28.3,51,1004.3,12.4
2024-04-07,58.2,2024-04-07T06:28,2024-04-07T19:27,46727.37,43620.77,0.000,0.0,NaN,28.6,14.2,351,23.52,3,39.2,20,29.7,49,1012.6,8.6
2024-04-08,65.7,2024-04-08T06:26,2024-04-08T19:28,46887.05,32410.25,0.000,0.0,NaN,12.5,9.6,232,20.63,3,38.1,30,30.6,47,1016.1,4.1
2024-04-09,78.6,2024-04-09T06:25,2024-04-09T19:29,47046.51,43274.25,0.000,0.0,NaN,23.9,12.0,172,24.32,3,49.4,29,38.3,42,1012.8,4.2
2024-04-10,61.1,2024-04-10T06:23,2024-04-10T19:30,47205.67,26327.24,0.000,0.0,NaN,17.4,10.0,64,16.86,3,48.7,57,46.2,74,1012.5,6.5
2024-04-11,59.9,2024-04-11T06:21,2024-04-11T19:31,47364.41,5132.73,0.311,1.0,NaN,40.9,15.7,95,8.56,65,47.7,99,51.2,92,1008.8,8.6
2024-04-12,61.0,2024-04-12T06:20,2024-04-12T19:32,47522.62,9793.60,0.394,5.0,NaN,46.8,19.6,176,12.08,63,55.5,80,51.3,80,992.9,14.7
2024-04-13,54.0,2024-04-13T06:18,2024-04-13T19:33,47680.20,0.00,0.000,0.0,NaN,39.8,21.3,254,8.42,3,47.7,55,36.0,57,999.2,16.4
2024-04-14,74.2,2024-04-14T06:17,2024-04-14T19:34,47837.02,36548.72,0.098,1.0,NaN,29.3,15.0,217,22.78,63,44.1,32,37.2,47,1005.6,9.7
2024-04-15,81.4,2024-04-15T06:15,2024-04-15T19:35,47992.98,40582.50,0.000,0.0,NaN,32.4,15.7,267,24.11,3,56.9,39,47.6,52,1004.9,8.3
2024-04-16,72.7,2024-04-16T06:14,2024-04-16T19:36,48147.95,45653.64,0.000,0.0,NaN,27.5,12.0,302,26.31,0,51.2,0,34.2,37,1015.1,7.4
2024-04-17,60.0,2024-04-17T06:12,2024-04-17T19:37,48301.82,22206.03,0.000,0.0,NaN,17.9,11.0,70,14.82,3,48.8,56,40.9,64,1016.0,6.4
2024-04-18,48.6,2024-04-18T06:11,2024-04-18T19:38,48454.46,0.00,0.091,5.0,NaN,26.4,15.0,41,3.25,53,44.2,100,43.0,89,1014.1,10.6
2024-04-19,55.0,2024-04-19T06:09,2024-04-19T19:39,48605.75,2035.47,0.000,0.0,NaN,15.0,9.0,97,11.50,3,43.3,97,42.1,78,1015.8,5.7
2024-04-20,69.4,2024-04-20T06:08,2024-04-20T19:40,48755.56,28800.00,0.114,2.0,NaN,30.0,16.3,264,16.97,61,47.8,62,41.9,67,1009.4,8.2
2024-04-21,53.1,2024-04-21T06:06,2024-04-21T19:41,48903.76,24504.29,0.000,0.0,NaN,24.6,11.4,293,21.16,3,38.8,60,26.0,45,1011.4,7.0
2024-04-22,62.2,2024-04-22T06:05,2024-04-22T19:43,49050.58,46176.86,0.000,0.0,NaN,22.1,11.1,279,27.39,3,37.5,9,27.1,44,1013.1,5.9
2024-04-23,62.1,2024-04-23T06:04,2024-04-23T19:44,49197.05,46259.94,0.000,0.0,NaN,26.4,16.5,163,27.17,3,40.5,14,30.6,46,1015.2,8.4
2024-04-24,70.0,2024-04-24T06:02,2024-04-24T19:45,49343.16,33967.54,0.000,0.0,NaN,23.9,14.8,276,20.66,3,48.2,63,38.6,50,1008.3,8.0
2024-04-25,56.2,2024-04-25T06:01,2024-04-25T19:46,49488.80,42824.41,0.000,0.0,NaN,25.5,12.0,50,24.38,3,40.7,21,28.4,50,1021.4,7.6
2024-04-26,60.3,2024-04-26T05:59,2024-04-26T19:47,49633.86,46505.67,0.000,0.0,NaN,16.3,12.0,141,25.82,3,38.4,15,33.5,58,1026.5,5.4
2024-04-27,61.2,2024-04-27T05:58,2024-04-27T19:48,49778.22,34916.12,0.000,0.0,NaN,23.9,15.9,161,25.01,3,38.3,55,31.6,51,1027.3,7.7
2024-04-28,76.8,2024-04-28T05:57,2024-04-28T19:49,49921.76,25200.00,0.000,0.0,NaN,17.7,7.4,176,20.05,3,50.7,64,50.7,69,1016.8,4.0
2024-04-29,85.8,2024-04-29T05:55,2024-04-29T19:50,50064.37,46505.64,0.000,0.0,NaN,25.5,14.7,143,23.37,45,62.1,43,60.9,72,1011.2,5.0
2024-04-30,61.2,2024-04-30T05:54,2024-04-30T19:51,50205.92,14600.55,0.000,0.0,NaN,21.7,13.1,50,12.58,45,50.4,88,52.8,90,1009.1,8.3
2024-05-01,76.7,2024-05-01T05:53,2024-05-01T19:52,50346.29,36000.00,0.000,0.0,NaN,18.8,13.0,133,23.99,45,50.4,62,52.6,79,1008.6,5.2
2024-05-02,78.0,2024-05-02T05:52,2024-05-02T19:53,50485.36,33730.98,0.000,0.0,NaN,19.5,13.9,128,22.66,45,52.1,56,55.0,79,1009.6,6.8
2024-05-03,63.0,2024-05-03T05:50,2024-05-03T19:54,50622.98,21600.00,0.000,0.0,NaN,21.9,10.5,77,18.02,3,49.9,58,48.1,75,1016.4,6.7
2024-05-04,62.9,2024-05-04T05:49,2024-05-04T19:55,50759.04,22886.85,0.000,0.0,NaN,17.4,11.0,109,21.96,3,46.8,60,45.8,75,1021.3,5.8
2024-05-05,52.1,2024-05-05T05:48,2024-05-05T19:56,50893.39,0.00,0.130,4.0,NaN,17.2,9.4,103,2.66,61,48.0,100,47.5,91,1019.6,6.7
2024-05-06,73.0,2024-05-06T05:47,2024-05-06T19:57,51025.89,3600.00,0.000,0.0,NaN,10.5,6.3,148,10.55,45,52.2,82,57.2,87,1010.8,3.2
2024-05-07,82.0,2024-05-07T05:46,2024-05-07T19:58,51156.42,46800.00,0.000,0.0,NaN,18.3,12.6,0,28.37,3,58.6,17,50.6,55,1004.1,4.7
2024-05-08,86.2,2024-05-08T05:44,2024-05-08T19:59,51284.81,38601.10,0.016,1.0,NaN,35.3,15.3,219,22.78,51,64.1,35,58.2,63,998.3,8.3
2024-05-09,73.1,2024-05-09T05:43,2024-05-09T20:00,51410.93,29108.41,0.000,0.0,NaN,20.6,11.5,338,23.03,3,58.8,71,47.8,54,1002.0,5.8
2024-05-10,57.2,2024-05-10T05:42,2024-05-10T20:01,51534.62,0.00,0.276,8.0,NaN,23.3,11.4,70,5.04,63,49.2,100,46.5,84,1004.0,7.9
2024-05-11,62.8,2024-05-11T05:41,2024-05-11T20:02,51655.74,43200.00,0.000,0.0,NaN,18.1,12.7,121,26.72,3,46.2,47,43.3,72,1006.6,6.9
2024-05-12,55.1,2024-05-12T05:40,2024-05-12T20:03,51774.45,9203.37,0.098,3.0,NaN,14.1,7.5,172,12.15,61,47.8,84,44.9,81,1008.9,4.5
2024-05-13,66.6,2024-05-13T05:39,2024-05-13T20:04,51891.67,31064.10,0.000,0.0,NaN,13.6,10.4,204,19.00,3,46.4,48,48.8,79,1013.2,5.9
2024-05-14,73.5,2024-05-14T05:38,2024-05-14T20:05,52007.38,28235.59,0.000,0.0,NaN,19.0,8.9,165,21.45,3,51.8,58,55.0,75,1011.4,5.0
2024-05-15,64.3,2024-05-15T05:37,2024-05-15T20:06,52121.47,0.00,0.390,8.0,NaN,33.6,14.3,53,7.03,63,58.9,100,58.1,92,1005.5,7.5
2024-05-16,64.5,2024-05-16T05:36,2024-05-16T20:07,52233.81,0.00,0.134,5.0,NaN,34.0,14.6,7,3.16,61,59.1,100,56.4,84,1001.6,11.9
2024-05-17,72.9,2024-05-17T05:36,2024-05-17T20:08,52344.31,23755.94,0.000,0.0,NaN,27.1,11.1,35,20.61,3,59.0,78,54.1,69,1009.2,6.5
2024-05-18,70.8,2024-05-18T05:35,2024-05-18T20:09,52452.83,29610.46,0.000,0.0,NaN,14.1,8.5,43,22.46,3,58.6,85,54.7,75,1010.6,4.3
2024-05-19,74.8,2024-05-19T05:34,2024-05-19T20:10,52559.27,21600.00,0.000,0.0,NaN,18.3,9.5,43,16.72,3,57.6,72,56.4,75,1011.3,6.2
2024-05-20,74.1,2024-05-20T05:33,2024-05-20T20:11,52663.50,45453.84,0.000,0.0,NaN,14.3,9.7,138,28.38,3,53.7,11,55.7,78,1012.7,4.7
2024-05-21,84.9,2024-05-21T05:32,2024-05-21T20:12,52765.41,46800.00,0.000,0.0,NaN,15.4,11.0,164,28.70,45,57.2,23,60.1,73,1011.0,5.7
2024-05-22,86.1,2024-05-22T05:32,2024-05-22T20:13,52864.86,46800.00,0.000,0.0,NaN,18.1,13.3,177,29.14,45,64.7,6,60.1,61,1009.5,7.5
2024-05-23,79.9,2024-05-23T05:31,2024-05-23T20:14,52961.74,14825.04,0.000,0.0,NaN,29.3,16.3,208,18.84,45,67.9,57,63.0,73,1006.8,4.9
2024-05-24,86.8,2024-05-24T05:30,2024-05-24T20:14,53055.91,46800.00,0.000,0.0,NaN,17.7,10.4,283,29.89,2,66.1,9,53.6,51,1005.9,4.9
2024-05-25,81.1,2024-05-25T05:30,2024-05-25T20:15,53147.25,46800.00,0.000,0.0,NaN,12.3,10.1,108,29.57,3,63.9,20,52.4,51,1007.2,4.8
2024-05-26,81.9,2024-05-26T05:29,2024-05-26T20:16,53235.64,39000.69,0.000,0.0,NaN,18.6,10.8,135,26.60,3,65.1,64,64.4,78,1008.4,5.6
2024-05-27,75.1,2024-05-27T05:28,2024-05-27T20:17,53320.93,6419.85,2.126,4.0,NaN,34.2,16.3,144,9.72,65,65.7,100,65.8,91,1005.9,8.7
2024-05-28,81.4,2024-05-28T05:28,2024-05-28T20:18,53403.00,46800.00,0.000,0.0,NaN,24.6,16.1,259,29.81,3,65.4,32,59.0,66,1002.7,9.1
2024-05-29,77.1,2024-05-29T05:27,2024-05-29T20:19,53481.72,43414.79,0.252,2.0,NaN,17.7,9.7,271,25.56,63,59.2,32,55.5,67,1008.1,4.7
2024-05-30,70.2,2024-05-30T05:27,2024-05-30T20:19,53556.96,32381.85,0.469,5.0,NaN,21.3,12.0,345,24.42,65,56.8,67,51.4,68,1010.1,6.3
2024-05-31,77.4,2024-05-31T05:26,2024-05-31T20:20,53628.57,46989.45,0.000,0.0,NaN,20.6,11.8,317,30.04,3,57.1,18,43.5,45,1015.5,7.7
2024-06-01,86.8,2024-06-01T05:26,2024-06-01T20:21,53696.64,47926.82,0.000,0.0,NaN,18.3,10.3,285,30.74,0,55.8,0,43.1,39,1016.1,5.8
2024-06-02,84.1,2024-06-02T05:25,2024-06-02T20:21,53761.74,42946.70,0.016,1.0,NaN,14.3,11.6,206,28.93,51,62.1,49,52.1,47,1012.6,4.7
2024-06-03,88.2,2024-06-03T05:25,2024-06-03T20:22,53823.84,40130.48,0.000,0.0,NaN,11.2,7.6,11,27.29,3,70.6,47,57.6,50,1008.8,3.8
2024-06-04,81.6,2024-06-04T05:25,2024-06-04T20:23,53882.89,48019.58,0.000,0.0,NaN,11.4,9.6,116,29.21,2,64.9,15,61.9,71,1011.6,5.1
2024-06-05,80.6,2024-06-05T05:24,2024-06-05T20:23,53938.84,21768.89,0.000,0.0,NaN,20.4,12.4,144,18.36,3,63.4,77,65.6,85,1008.5,6.0
2024-06-06,79.4,2024-06-06T05:24,2024-06-06T20:24,53991.62,10405.27,1.772,9.0,NaN,18.1,12.1,173,15.48,81,69.3,90,69.8,88,997.3,4.7
2024-06-07,82.6,2024-06-07T05:24,2024-06-07T20:25,54041.17,20515.45,0.000,0.0,NaN,23.7,14.8,262,16.39,3,65.7,37,58.8,64,998.2,5.5
2024-06-08,78.1,2024-06-08T05:24,2024-06-08T20:25,54087.45,42532.68,0.000,0.0,NaN,24.8,14.5,267,25.48,3,60.1,18,51.7,54,1003.4,8.6
2024-06-09,74.6,2024-06-09T05:24,2024-06-09T20:26,54130.38,31312.71,0.169,2.0,NaN,32.2,14.6,258,21.57,63,65.8,38,53.1,57,999.1,8.0
2024-06-10,74.4,2024-06-10T05:24,2024-06-10T20:26,54169.93,44884.68,0.000,0.0,NaN,22.4,10.9,291,27.50,3,59.7,26,50.7,56,1000.5,7.1
2024-06-11,72.5,2024-06-11T05:23,2024-06-11T20:27,54206.02,30211.74,0.000,0.0,NaN,12.5,5.1,325,21.27,3,58.2,49,53.8,66,1008.6,3.1
2024-06-12,76.4,2024-06-12T05:23,2024-06-12T20:27,54238.62,47323.62,0.000,0.0,NaN,13.6,6.9,270,25.14,3,61.6,34,55.5,63,1012.2,3.8
2024-06-13,85.1,2024-06-13T05:23,2024-06-13T20:28,54267.66,48000.87,0.000,0.0,NaN,25.3,14.7,171,29.83,3,61.5,15,59.2,63,1011.3,6.1
2024-06-14,85.3,2024-06-14T05:23,2024-06-14T20:28,54293.11,25669.41,0.016,1.0,NaN,25.3,11.0,187,18.45,51,67.3,46,63.9,71,1007.7,5.4
2024-06-15,81.2,2024-06-15T05:23,2024-06-15T20:29,54314.91,48477.69,0.000,0.0,NaN,25.1,12.9,334,29.71,3,64.5,16,54.5,57,1010.8,6.8
2024-06-16,76.8,2024-06-16T05:24,2024-06-16T20:29,54333.01,49560.60,0.000,0.0,NaN,16.8,10.6,89,30.85,0,59.1,1,52.8,60,1018.8,6.6
2024-06-17,85.3,2024-06-17T05:24,2024-06-17T20:29,54347.36,45259.34,0.000,0.0,NaN,21.3,13.8,166,26.58,3,62.9,23,63.3,72,1017.7,6.9
2024-06-18,87.1,2024-06-18T05:24,2024-06-18T20:30,54357.93,48273.93,0.000,0.0,NaN,19.0,12.6,170,29.03,3,69.3,15,66.4,69,1019.4,7.4
2024-06-19,89.6,2024-06-19T05:24,2024-06-19T20:30,54364.67,48986.86,0.000,0.0,NaN,17.9,12.7,165,29.31,3,68.7,20,64.9,64,1022.5,6.5
2024-06-20,92.7,2024-06-20T05:24,2024-06-20T20:30,54367.54,48980.25,0.000,0.0,NaN,15.4,12.0,183,29.22,45,70.0,16,65.9,61,1021.1,6.5
2024-06-21,95.9,2024-06-21T05:24,2024-06-21T20:30,54366.50,46947.04,0.000,0.0,NaN,19.5,16.8,185,28.11,45,74.3,21,67.9,60,1016.5,5.8
2024-06-22,92.0,2024-06-22T05:25,2024-06-22T20:31,54361.52,46800.00,0.000,0.0,NaN,11.2,8.7,141,27.15,95,74.7,50,71.4,72,1011.9,3.3
2024-06-23,92.8,2024-06-23T05:25,2024-06-23T20:31,54352.64,29968.66,0.000,0.0,NaN,28.4,15.7,190,22.57,3,72.3,66,69.4,68,1002.8,7.9
2024-06-24,80.2,2024-06-24T05:25,2024-06-24T20:31,54339.92,49567.34,0.000,0.0,NaN,40.3,22.2,284,28.37,3,72.1,46,60.0,57,999.8,14.5
2024-06-25,90.6,2024-06-25T05:25,2024-06-25T20:31,54323.39,49528.49,0.000,0.0,NaN,22.8,12.4,271,30.74,0,67.5,0,52.1,40,1007.3,9.0
2024-06-26,93.6,2024-06-26T05:26,2024-06-26T20:31,54303.13,43200.00,0.000,0.0,NaN,27.5,10.5,207,28.58,3,72.9,43,63.9,55,1003.2,7.3
2024-06-27,85.5,2024-06-27T05:26,2024-06-27T20:31,54279.18,38477.04,0.213,2.0,NaN,21.0,12.5,295,28.02,63,68.1,51,61.1,65,1004.1,8.3
2024-06-28,79.6,2024-06-28T05:27,2024-06-28T20:31,54251.60,49569.61,0.000,0.0,NaN,25.5,13.6,101,30.96,0,61.1,2,46.1,44,1015.6,6.0
2024-06-29,81.0,2024-06-29T05:27,2024-06-29T20:31,54220.45,18229.34,0.043,1.0,NaN,28.6,17.9,153,16.48,55,63.7,70,64.4,76,1016.3,10.2
2024-06-30,86.0,2024-06-30T05:28,2024-06-30T20:31,54185.78,12172.70,8.138,2.0,NaN,25.1,15.1,207,13.44,65,70.8,92,72.5,87,1008.6,7.2
2024-07-01,80.0,2024-07-01T05:28,2024-07-01T20:31,54147.66,50001.03,0.000,0.0,NaN,25.3,15.6,334,29.56,3,61.1,13,55.7,59,1012.0,10.3
2024-07-02,85.0,2024-07-02T05:29,2024-07-02T20:30,54106.15,47071.70,0.000,0.0,NaN,16.3,9.6,86,30.52,3,63.0,20,51.6,47,1018.8,5.2
2024-07-03,83.4,2024-07-03T05:29,2024-07-03T20:30,54061.31,48585.85,0.000,0.0,NaN,22.6,14.1,166,29.94,2,65.0,9,54.2,50,1017.5,6.8
2024-07-04,88.6,2024-07-04T05:30,2024-07-04T20:30,54013.21,43421.64,0.000,0.0,NaN,21.0,9.5,162,27.08,3,68.5,39,65.4,68,1009.8,6.3
2024-07-05,89.4,2024-07-05T05:30,2024-07-05T20:30,53961.90,21168.08,0.425,1.0,NaN,15.0,11.1,149,17.83,65,72.9,58,73.0,82,1005.0,4.8
2024-07-06,93.8,2024-07-06T05:31,2024-07-06T20:30,53907.46,35481.62,0.087,1.0,NaN,16.1,12.0,148,25.77,80,72.9,55,74.0,79,1006.1,4.3
2024-07-07,91.8,2024-07-07T05:32,2024-07-07T20:29,53849.95,43446.74,0.000,0.0,NaN,17.4,9.8,38,25.65,3,77.6,22,69.6,62,1010.6,4.5
2024-07-08,93.1,2024-07-08T05:32,2024-07-08T20:29,53789.45,47806.00,0.000,0.0,NaN,12.3,9.7,121,27.29,3,76.0,31,71.7,70,1012.4,4.5
2024-07-09,89.0,2024-07-09T05:33,2024-07-09T20:28,53726.00,41651.80,0.000,0.0,NaN,18.3,13.7,158,26.71,45,73.9,42,74.3,80,1010.5,6.3
2024-07-10,90.3,2024-07-10T05:34,2024-07-10T20:28,53659.68,43538.44,0.000,0.0,NaN,27.7,17.4,155,26.73,3,77.6,33,74.3,75,1006.7,9.7
2024-07-11,89.5,2024-07-11T05:34,2024-07-11T20:28,53590.35,46522.62,0.016,1.0,NaN,25.5,15.2,215,27.84,51,75.2,52,68.3,66,1008.6,8.6
2024-07-12,84.1,2024-07-12T05:35,2024-07-12T20:27,53517.40,10800.00,0.016,1.0,NaN,13.4,9.1,180,15.51,51,72.9,61,68.9,73,1016.7,4.2
2024-07-13,89.7,2024-07-13T05:36,2024-07-13T20:27,53440.92,28501.29,0.142,1.0,NaN,16.3,9.6,165,20.69,63,73.4,62,72.3,80,1016.1,4.4
2024-07-14,92.3,2024-07-14T05:37,2024-07-14T20:26,53361.04,47351.64,0.000,0.0,NaN,14.1,11.4,174,27.09,3,74.3,17,70.5,70,1012.3,5.0
2024-07-15,94.5,2024-07-15T05:37,2024-07-15T20:25,53277.90,36773.75,0.000,0.0,NaN,21.0,12.5,178,22.38,95,75.7,25,72.3,69,1007.3,5.9
2024-07-16,95.7,2024-07-16T05:38,2024-07-16T20:25,53191.64,43200.00,0.000,0.0,NaN,27.5,17.8,194,26.42,3,79.5,21,69.6,55,1004.8,8.2
2024-07-17,90.7,2024-07-17T05:39,2024-07-17T20:24,53102.37,27677.19,0.016,1.0,NaN,25.7,11.7,193,19.75,51,73.3,38,71.5,71,1005.6,6.4
2024-07-18,87.5,2024-07-18T05:40,2024-07-18T20:23,53010.24,37035.20,0.043,1.0,NaN,18.1,9.7,310,23.95,55,72.0,62,66.5,71,1007.7,5.3
2024-07-19,85.8,2024-07-19T05:41,2024-07-19T20:23,52915.38,47077.90,0.000,0.0,NaN,17.7,8.0,331,29.34,1,63.9,2,57.1,56,1014.4,4.7
2024-07-20,84.1,2024-07-20T05:42,2024-07-20T20:22,52817.91,21284.93,0.000,0.0,NaN,20.1,13.0,192,18.78,3,68.0,59,62.2,61,1014.8,6.2
2024-07-21,89.1,2024-07-21T05:43,2024-07-21T20:21,52717.97,46925.11,0.000,0.0,NaN,13.9,8.1,175,24.03,3,72.0,26,66.5,65,1012.6,4.2
2024-07-22,84.0,2024-07-22T05:43,2024-07-22T20:20,52615.69,29288.17,0.000,0.0,NaN,17.7,14.1,154,18.51,3,72.4,68,69.8,78,1013.6,5.4
2024-07-23,79.3,2024-07-23T05:44,2024-07-23T20:19,52511.18,11059.53,0.795,3.0,NaN,10.7,8.4,42,7.46,81,70.6,84,70.0,89,1012.5,4.1
2024-07-24,79.9,2024-07-24T05:45,2024-07-24T20:19,52404.57,1117.65,0.000,0.0,NaN,14.5,9.2,60,7.20,3,71.9,90,71.1,89,1015.1,5.4
2024-07-25,85.1,2024-07-25T05:46,2024-07-25T20:18,52295.99,13603.25,0.000,0.0,NaN,18.1,11.3,291,18.93,3,72.2,66,66.1,71,1013.0,6.2
2024-07-26,84.0,2024-07-26T05:47,2024-07-26T20:17,52185.55,46452.72,0.000,0.0,NaN,25.9,11.9,339,27.60,3,64.7,20,54.9,51,1014.6,7.7
2024-07-27,87.3,2024-07-27T05:48,2024-07-27T20:16,52073.37,46394.98,0.000,0.0,NaN,9.4,7.8,24,23.62,3,65.6,28,56.9,51,1016.0,3.6
2024-07-28,86.6,2024-07-28T05:49,2024-07-28T20:15,51959.56,36000.00,0.000,0.0,NaN,12.5,9.2,62,26.38,3,68.0,36,59.0,54,1015.3,4.7
2024-07-29,83.1,2024-07-29T05:50,2024-07-29T20:14,51844.25,31587.91,0.028,1.0,NaN,17.0,9.2,124,18.36,53,68.4,62,68.2,76,1011.1,5.4
2024-07-30,87.5,2024-07-30T05:51,2024-07-30T20:13,51727.54,36748.36,0.000,0.0,NaN,25.1,15.3,161,23.93,3,73.2,32,71.1,76,1009.9,8.7
2024-07-31,91.8,2024-07-31T05:52,2024-07-31T20:12,51609.21,24382.27,0.398,3.0,NaN,23.9,11.6,200,15.11,81,75.8,90,71.3,74,1007.9,8.4
2024-08-01,94.3,2024-08-01T05:53,2024-08-01T20:11,51488.37,39600.00,0.000,0.0,NaN,20.1,12.9,225,21.51,3,74.3,17,69.6,64,1009.2,4.3
2024-08-02,92.9,2024-08-02T05:54,2024-08-02T20:10,51365.07,39600.00,0.000,0.0,NaN,23.7,12.6,155,21.73,3,76.4,48,73.3,71,1007.5,5.1
2024-08-03,91.7,2024-08-03T05:55,2024-08-03T20:08,51239.46,44264.43,0.114,1.0,NaN,20.6,14.8,194,24.06,95,74.0,57,73.9,82,1006.0,5.0
2024-08-04,82.3,2024-08-04T05:56,2024-08-04T20:07,51111.70,2581.08,2.126,2.0,NaN,17.2,10.2,211,9.59,81,73.0,77,71.6,88,1009.0,5.9
2024-08-05,92.8,2024-08-05T05:56,2024-08-05T20:06,50981.91,44341.68,0.000,0.0,NaN,17.2,12.2,187,26.05,3,71.7,16,68.7,68,1011.6,4.6
2024-08-06,91.1,2024-08-06T05:57,2024-08-06T20:05,50850.25,34576.30,0.598,4.0,NaN,16.6,11.7,194,18.00,63,70.7,55,72.5,79,1009.5,5.9
2024-08-07,72.1,2024-08-07T05:58,2024-08-07T20:04,50716.84,0.00,0.102,5.0,NaN,19.7,10.6,48,2.91,53,63.1,100,65.7,95,1010.6,7.3
2024-08-08,68.8,2024-08-08T05:59,2024-08-08T20:02,50581.84,0.00,0.268,8.0,NaN,20.6,9.1,50,2.36,61,65.2,100,64.9,93,1013.9,6.9
2024-08-09,81.4,2024-08-09T06:00,2024-08-09T20:01,50445.35,10800.00,0.260,4.0,NaN,46.5,21.9,149,12.23,63,69.3,100,73.6,90,1008.1,13.0
2024-08-10,87.6,2024-08-10T06:01,2024-08-10T20:00,50307.51,45470.25,0.000,0.0,NaN,20.6,11.6,263,25.46,3,72.0,29,64.5,64,1008.6,7.1
2024-08-11,84.0,2024-08-11T06:02,2024-08-11T19:58,50168.45,34207.29,0.000,0.0,NaN,23.5,9.4,247,21.59,3,69.0,50,56.9,53,1011.3,4.8
2024-08-12,81.9,2024-08-12T06:03,2024-08-12T19:57,50028.30,39233.45,0.016,1.0,NaN,24.6,17.1,278,21.13,51,65.3,24,57.0,58,1011.0,5.8
2024-08-13,82.3,2024-08-13T06:04,2024-08-13T19:56,49887.17,46241.58,0.000,0.0,NaN,18.3,9.5,313,26.13,1,64.3,8,56.1,55,1012.1,6.6
2024-08-14,86.8,2024-08-14T06:05,2024-08-14T19:54,49745.19,46182.66,0.000,0.0,NaN,13.9,9.5,343,23.41,2,66.5,20,60.1,59,1013.0,5.1
2024-08-15,88.2,2024-08-15T06:06,2024-08-15T19:53,49602.46,46123.77,0.000,0.0,NaN,10.3,6.0,319,24.37,1,67.0,4,59.8,56,1013.1,3.3
2024-08-16,87.9,2024-08-16T06:07,2024-08-16T19:52,49459.11,40087.81,0.000,0.0,NaN,13.9,9.9,91,21.14,3,70.5,13,66.3,70,1012.7,4.6
2024-08-17,81.4,2024-08-17T06:08,2024-08-17T19:50,49315.23,16833.18,0.240,1.0,NaN,17.2,11.9,127,13.84,63,70.6,78,68.1,82,1011.4,6.8
2024-08-18,80.9,2024-08-18T06:09,2024-08-18T19:49,49170.96,21361.20,0.213,3.0,NaN,26.2,13.0,129,14.54,81,69.0,90,70.2,88,1006.4,7.6
2024-08-19,86.4,2024-08-19T06:10,2024-08-19T19:47,49026.38,26865.00,0.016,1.0,NaN,23.0,11.7,282,15.16,51,68.7,67,67.5,80,1001.7,5.3
2024-08-20,74.0,2024-08-20T06:11,2024-08-20T19:46,48881.27,39600.00,0.000,0.0,NaN,25.1,13.9,304,25.01,3,62.1,54,51.1,56,1007.5,10.2
2024-08-21,74.5,2024-08-21T06:12,2024-08-21T19:44,48734.61,45773.04,0.000,0.0,NaN,22.4,12.5,292,24.51,1,56.5,12,49.0,56,1012.7,8.5
2024-08-22,77.8,2024-08-22T06:13,2024-08-22T19:43,48586.46,45714.76,0.000,0.0,NaN,16.8,11.9,285,22.11,2,56.8,12,50.7,55,1016.7,6.3
2024-08-23,83.0,2024-08-23T06:14,2024-08-23T19:41,48436.95,45656.43,0.000,0.0,NaN,12.3,9.3,259,24.54,1,60.1,2,53.2,53,1020.6,4.3
2024-08-24,84.6,2024-08-24T06:15,2024-08-24T19:40,48286.17,34487.71,0.000,0.0,NaN,15.9,8.1,242,20.76,2,63.7,11,55.9,54,1020.0,3.6
2024-08-25,87.4,2024-08-25T06:16,2024-08-25T19:38,48134.25,38324.77,0.000,0.0,NaN,17.0,10.9,195,20.87,3,66.1,23,60.1,59,1018.8,4.5
2024-08-26,86.5,2024-08-26T06:17,2024-08-26T19:37,47981.32,40315.20,0.000,0.0,NaN,17.9,9.1,186,22.16,3,68.6,19,63.7,66,1016.4,3.9
2024-08-27,87.3,2024-08-27T06:18,2024-08-27T19:35,47827.47,43416.82,0.000,0.0,NaN,16.1,10.3,173,22.77,1,66.2,6,64.1,68,1014.8,3.9
2024-08-28,93.4,2024-08-28T06:19,2024-08-28T19:34,47672.83,42783.13,0.000,0.0,NaN,23.7,8.5,250,22.40,3,73.1,20,68.4,63,1010.8,6.4
2024-08-29,82.8,2024-08-29T06:20,2024-08-29T19:32,47517.51,21254.20,0.000,0.0,NaN,24.8,11.3,57,13.98,3,69.9,74,63.6,68,1018.1,8.4
2024-08-30,73.7,2024-08-30T06:21,2024-08-30T19:30,47361.60,25978.04,0.043,2.0,NaN,17.7,11.7,71,17.22,53,63.3,82,60.1,73,1020.2,7.2
2024-08-31,78.8,2024-08-31T06:22,2024-08-31T19:29,47205.21,9545.41,0.000,0.0,NaN,15.7,8.9,131,9.24,3,67.3,82,65.2,78,1014.3,5.3
2024-09-01,82.2,2024-09-01T06:23,2024-09-01T19:27,47048.46,11442.53,0.031,2.0,NaN,13.9,8.4,201,9.87,51,72.1,58,69.3,80,1008.0,4.8
2024-09-02,80.1,2024-09-02T06:24,2024-09-02T19:25,46891.43,32758.31,0.000,0.0,NaN,26.2,13.5,315,21.53,3,65.1,32,54.2,55,1011.7,8.5
2024-09-03,75.1,2024-09-03T06:25,2024-09-03T19:24,46734.23,42070.29,0.000,0.0,NaN,24.8,10.5,0,23.57,3,54.9,10,43.7,47,1022.0,5.0
2024-09-04,78.7,2024-09-04T06:26,2024-09-04T19:22,46576.95,39639.21,0.000,0.0,NaN,11.2,10.2,158,22.51,0,55.8,0,48.2,53,1025.8,3.9
2024-09-05,76.0,2024-09-05T06:27,2024-09-05T19:21,46419.70,39600.00,0.000,0.0,NaN,14.5,10.8,47,22.21,0,57.6,3,54.1,63,1023.8,5.2
2024-09-06,77.3,2024-09-06T06:28,2024-09-06T19:19,46262.58,21387.09,0.000,0.0,NaN,13.2,7.9,49,12.97,3,61.7,68,61.4,77,1015.3,5.0
2024-09-07,76.5,2024-09-07T06:29,2024-09-07T19:17,46105.67,14389.69,0.157,1.0,NaN,26.8,12.2,148,10.19,63,59.2,74,62.4,85,1007.3,6.0
2024-09-08,71.3,2024-09-08T06:30,2024-09-08T19:16,45949.07,40056.70,0.000,0.0,NaN,23.7,13.4,276,22.56,1,53.1,4,46.0,59,1011.0,8.0
2024-09-09,77.1,2024-09-09T06:31,2024-09-09T19:14,45792.53,39600.00,0.000,0.0,NaN,15.9,11.5,253,21.29,1,52.2,7,45.3,49,1014.4,6.1
2024-09-10,79.4,2024-09-10T06:32,2024-09-10T19:12,45635.05,39600.00,0.000,0.0,NaN,13.2,9.5,302,21.70,2,60.7,7,50.5,51,1014.2,5.5
2024-09-11,80.0,2024-09-11T06:33,2024-09-11T19:11,45476.64,39600.00,0.000,0.0,NaN,11.4,7.8,63,21.47,3,57.8,21,48.2,51,1018.0,4.0
2024-09-12,82.5,2024-09-12T06:34,2024-09-12T19:09,45317.41,32400.00,0.000,0.0,NaN,12.5,10.2,113,19.37,3,59.5,17,58.2,71,1019.4,3.3
2024-09-13,82.3,2024-09-13T06:35,2024-09-13T19:07,45157.45,32400.00,0.000,0.0,NaN,10.1,9.1,88,18.61,3,60.3,19,59.8,72,1019.5,3.1
2024-09-14,83.2,2024-09-14T06:36,2024-09-14T19:06,44996.87,39600.00,0.000,0.0,NaN,13.0,10.4,55,19.93,3,63.8,17,62.6,72,1019.7,4.4
2024-09-15,80.1,2024-09-15T06:37,2024-09-15T19:04,44835.77,34144.90,0.000,0.0,NaN,14.3,11.6,49,18.53,3,63.1,24,58.8,67,1022.9,5.7
2024-09-16,77.6,2024-09-16T06:38,2024-09-16T19:02,44674.25,38631.28,0.000,0.0,NaN,11.4,8.2,48,18.33,3,57.0,23,53.8,66,1022.3,5.1
2024-09-17,78.1,2024-09-17T06:39,2024-09-17T19:00,44512.39,25135.24,0.000,0.0,NaN,11.2,7.2,35,14.79,3,61.6,60,61.2,75,1018.9,4.4
2024-09-18,75.2,2024-09-18T06:40,2024-09-18T18:59,44350.31,7370.15,0.000,0.0,NaN,15.7,10.3,29,13.17,3,65.3,71,61.8,77,1014.0,6.2
2024-09-19,84.6,2024-09-19T06:41,2024-09-19T18:57,44188.10,39600.00,0.000,0.0,NaN,18.6,9.3,1,19.43,1,65.6,13,58.8,60,1008.3,5.9
2024-09-20,79.9,2024-09-20T06:42,2024-09-20T18:55,44025.85,39600.00,0.000,0.0,NaN,19.7,11.2,26,17.88,3,66.6,25,60.9,68,1009.6,7.4
2024-09-21,77.3,2024-09-21T06:43,2024-09-21T18:54,43863.67,39600.00,0.000,0.0,NaN,20.6,10.8,29,18.33,1,62.7,8,56.9,66,1011.4,7.6
2024-09-22,73.8,2024-09-22T06:44,2024-09-22T18:52,43701.63,33018.58,0.000,0.0,NaN,17.2,9.9,43,18.56,3,60.5,37,53.7,64,1012.2,7.1
2024-09-23,66.1,2024-09-23T06:45,2024-09-23T18:50,43539.85,15076.95,0.000,0.0,NaN,19.5,11.2,49,11.85,3,59.0,80,52.4,69,1013.8,7.0
2024-09-24,67.1,2024-09-24T06:46,2024-09-24T18:49,43378.41,8191.36,0.000,0.0,NaN,18.6,10.0,56,8.30,3,58.7,90,53.2,71,1016.1,6.8
2024-09-25,67.3,2024-09-25T06:47,2024-09-25T18:47,43217.41,0.00,0.000,0.0,NaN,19.9,10.1,84,3.08,3,60.7,84,54.6,72,1016.9,7.4
2024-09-26,74.7,2024-09-26T06:48,2024-09-26T18:45,43056.95,0.00,0.028,1.0,NaN,16.1,9.2,123,4.84,53,63.4,100,66.0,89,1013.9,4.7
2024-09-27,74.8,2024-09-27T06:49,2024-09-27T18:43,42897.12,3600.00,0.016,1.0,NaN,20.8,13.2,50,8.45,51,64.7,100,62.2,79,1011.9,5.1
2024-09-28,68.2,2024-09-28T06:50,2024-09-28T18:42,42738.03,0.00,0.130,5.0,NaN,25.1,13.0,50,3.43,55,60.3,100,60.8,89,1010.3,8.6
2024-09-29,62.2,2024-09-29T06:51,2024-09-29T18:40,42579.40,0.00,0.031,2.0,NaN,21.7,8.1,42,2.04,51,60.1,100,59.1,92,1012.2,5.5
2024-09-30,71.7,2024-09-30T06:52,2024-09-30T18:39,42420.17,22225.34,0.000,0.0,NaN,14.3,10.4,38,15.16,3,58.5,87,56.8,77,1013.1,5.3
2024-10-01,68.1,2024-10-01T06:53,2024-10-01T18:37,42260.34,23819.54,0.000,0.0,NaN,15.9,11.6,44,11.61,3,58.3,69,56.3,79,1013.5,6.4
2024-10-02,68.2,2024-10-02T06:54,2024-10-02T18:35,42100.04,12889.54,0.000,0.0,NaN,19.7,8.6,50,10.60,3,56.2,66,52.8,73,1012.2,5.3
2024-10-03,73.0,2024-10-03T06:55,2024-10-03T18:34,41939.37,23448.69,0.000,0.0,NaN,11.2,7.0,178,10.93,3,60.1,65,54.7,69,1015.8,2.8
2024-10-04,74.2,2024-10-04T06:56,2024-10-04T18:32,41778.43,18487.10,0.000,0.0,NaN,13.6,8.7,174,12.14,3,56.2,56,56.6,75,1018.0,4.0
2024-10-05,75.6,2024-10-05T06:57,2024-10-05T18:30,41617.32,35514.32,0.000,0.0,NaN,19.0,12.3,2,16.77,3,60.4,20,51.5,59,1016.3,5.9
2024-10-06,72.4,2024-10-06T06:58,2024-10-06T18:29,41456.17,37833.83,0.000,0.0,NaN,21.3,8.1,143,16.45,3,52.5,16,49.5,63,1014.3,4.5
2024-10-07,76.0,2024-10-07T06:59,2024-10-07T18:27,41295.08,25200.00,0.000,0.0,0,23.5,15.3,269,12.07,3,60.1,63,51.9,60,1006.5,8.3
2024-10-08,68.8,2024-10-08T07:00,2024-10-08T18:25,41134.15,35717.97,0.000,0.0,0,16.6,8.1,282,16.46,3,51.9,23,41.7,52,1008.4,5.7
2024-10-09,68.8,2024-10-09T07:01,2024-10-09T18:24,40973.51,33863.10,0.000,0.0,2,21.5,12.3,285,14.71,3,52.9,25,39.2,46,1008.5,5.1
2024-10-10,62.7,2024-10-10T07:02,2024-10-10T18:22,40813.25,37328.78,0.000,0.0,2,30.2,12.7,307,16.61,3,47.5,6,36.8,52,1012.9,9.7
2024-10-11,69.8,2024-10-11T07:03,2024-10-11T18:21,40653.50,35525.88,0.000,0.0,0,17.7,10.1,264,15.86,3,43.2,10,37.2,51,1013.3,6.0
2024-10-12,75.1,2024-10-12T07:04,2024-10-12T18:19,40494.37,37039.88,0.000,0.0,0,26.8,14.3,273,16.13,0,56.7,0,38.8,40,1009.0,8.5
2024-10-13,69.9,2024-10-13T07:05,2024-10-13T18:17,40335.98,28800.00,0.000,0.0,5,16.1,10.1,44,13.56,1,53.7,8,45.8,59,1006.6,5.3
2024-10-14,66.9,2024-10-14T07:06,2024-10-14T18:16,40178.44,25200.00,0.016,1.0,10,31.8,20.0,295,12.43,51,47.7,55,44.2,67,1000.8,10.1
2024-10-15,57.5,2024-10-15T07:07,2024-10-15T18:14,40021.87,35265.68,0.000,0.0,3,22.8,12.0,283,14.81,3,42.6,31,34.1,56,1007.7,7.8
2024-10-16,58.9,2024-10-16T07:09,2024-10-16T18:13,39866.40,35199.93,0.000,0.0,0,22.8,12.5,296,14.88,3,42.8,28,33.0,52,1012.6,8.7
2024-10-17,60.0,2024-10-17T07:10,2024-10-17T18:11,39712.14,35133.93,0.000,0.0,0,20.8,11.9,349,15.38,3,41.2,22,31.6,50,1019.0,6.7
2024-10-18,67.5,2024-10-18T07:11,2024-10-18T18:10,39559.24,35067.66,0.000,0.0,0,21.0,12.1,342,14.87,0,44.4,0,32.6,44,1024.6,6.5
2024-10-19,72.5,2024-10-19T07:12,2024-10-19T18:09,39407.40,35001.10,0.000,0.0,0,10.3,5.4,214,14.53,0,44.9,0,37.5,50,1027.7,2.4
2024-10-20,75.3,2024-10-20T07:13,2024-10-20T18:07,39255.44,34934.00,0.000,0.0,0,10.7,7.6,227,14.73,0,45.2,0,39.5,54,1022.0,2.9
2024-10-21,80.9,2024-10-21T07:14,2024-10-21T18:06,39103.38,34866.35,0.000,0.0,0,13.9,8.6,221,13.87,0,46.6,0,39.2,43,1018.1,3.3
2024-10-22,82.2,2024-10-22T07:15,2024-10-22T18:04,38951.34,34798.18,0.000,0.0,0,14.1,8.9,173,13.43,1,58.8,3,48.3,49,1019.0,3.8
2024-10-23,75.8,2024-10-23T07:16,2024-10-23T18:03,38799.46,34729.54,0.000,0.0,1,23.0,10.7,172,13.42,1,53.5,2,52.8,65,1013.4,5.1
2024-10-24,69.8,2024-10-24T07:17,2024-10-24T18:02,38647.87,28800.00,0.000,0.0,11,23.0,14.5,325,13.34,3,55.4,20,45.2,54,1009.5,8.5
2024-10-25,63.9,2024-10-25T07:19,2024-10-25T18:00,38496.70,34590.97,0.000,0.0,0,25.3,9.6,289,13.75,3,44.8,8,36.4,53,1015.0,4.8
2024-10-26,65.2,2024-10-26T07:20,2024-10-26T17:59,38346.09,34521.12,0.000,0.0,0,29.5,16.1,296,13.66,2,51.1,4,33.7,42,1015.5,8.0
2024-10-27,58.8,2024-10-27T07:21,2024-10-27T17:57,38196.19,32658.30,0.000,0.0,0,27.3,10.8,286,13.78,3,43.8,12,28.5,46,1023.9,5.4
2024-10-28,62.3,2024-10-28T07:22,2024-10-28T17:56,38047.12,33661.58,0.000,0.0,1,14.3,7.9,84,12.83,2,41.1,13,31.0,48,1025.7,3.7
2024-10-29,64.1,2024-10-29T07:23,2024-10-29T17:55,37899.05,9903.83,0.000,0.0,11,18.8,12.1,115,5.93,3,47.0,85,48.1,74,1026.5,6.1
2024-10-30,77.8,2024-10-30T07:24,2024-10-30T17:54,37752.10,30747.52,0.000,0.0,3,16.1,8.3,203,11.83,3,55.9,40,54.4,70,1021.7,4.4
2024-10-31,82.3,2024-10-31T07:26,2024-10-31T17:52,37606.44,31563.71,0.000,0.0,0,19.5,10.1,205,12.07,3,57.1,24,53.8,61,1015.1,6.0
2024-11-01,80.1,2024-11-01T07:27,2024-11-01T17:51,37462.21,25200.00,0.000,0.0,14,29.3,15.8,244,10.74,3,60.3,42,49.3,49,1010.1,10.9
2024-11-02,60.7,2024-11-02T07:28,2024-11-02T17:50,37319.58,33214.87,0.000,0.0,0,23.9,12.0,315,12.48,0,48.6,2,34.9,47,1020.5,7.6
2024-11-03,55.2,2024-11-03T07:29,2024-11-03T17:49,37178.70,32928.05,0.000,0.0,0,19.7,9.3,356,12.61,3,39.6,38,25.4,46,1026.7,5.4
2024-11-04,57.5,2024-11-04T07:30,2024-11-04T17:48,37039.73,21600.00,0.000,0.0,1,14.3,10.6,103,8.34,3,37.8,42,36.8,64,1027.1,4.6
2024-11-05,73.5,2024-11-05T07:31,2024-11-05T17:46,36902.84,21600.00,0.000,0.0,1,22.6,11.7,204,8.36,3,51.1,38,53.0,75,1018.8,5.9
2024-11-06,80.1,2024-11-06T07:33,2024-11-06T17:45,36768.20,32400.00,0.000,0.0,1,29.3,11.8,211,10.69,3,64.8,15,57.2,62,1012.5,8.7
2024-11-07,74.7,2024-11-07T07:34,2024-11-07T17:44,36635.98,30810.69,0.000,0.0,1,28.2,14.1,293,10.95,3,56.4,35,50.2,54,1013.0,7.5
2024-11-08,69.7,2024-11-08T07:35,2024-11-08T17:43,36505.93,32400.00,0.000,0.0,0,34.0,21.2,274,11.65,3,46.1,5,35.2,46,1010.7,8.8
2024-11-09,55.8,2024-11-09T07:36,2024-11-09T17:42,36376.81,31946.73,0.000,0.0,0,36.0,19.6,310,11.80,3,42.3,9,21.3,34,1020.7,8.1
2024-11-10,57.6,2024-11-10T07:37,2024-11-10T17:41,36248.64,21074.33,0.071,1.0,41,27.1,10.4,191,9.18,61,38.0,64,30.2,47,1019.7,5.1
2024-11-11,68.9,2024-11-11T07:39,2024-11-11T17:40,36121.59,25200.00,0.130,3.0,79,31.1,15.6,240,9.64,63,54.2,58,49.5,69,1003.4,9.7
2024-11-12,58.5,2024-11-12T07:40,2024-11-12T17:40,35995.79,32400.00,0.000,0.0,0,38.7,19.9,308,11.37,3,42.5,18,31.3,47,1011.7,13.3
2024-11-13,50.6,2024-11-13T07:41,2024-11-13T17:39,35871.39,32400.00,0.000,0.0,0,24.2,11.2,359,11.39,3,34.4,17,19.7,42,1026.6,6.4
2024-11-14,46.5,2024-11-14T07:42,2024-11-14T17:38,35748.55,24930.54,0.000,0.0,1,13.6,9.5,27,10.07,3,34.0,69,23.4,50,1021.0,5.1
2024-11-15,59.8,2024-11-15T07:43,2024-11-15T17:37,35627.43,28800.00,0.000,0.0,0,30.9,11.7,307,10.75,3,39.6,23,24.5,40,1008.0,6.2
2024-11-16,63.4,2024-11-16T07:44,2024-11-16T17:36,35508.18,32400.00,0.000,0.0,0,31.5,15.7,302,10.70,3,44.0,4,25.7,36,1006.8,11.3
2024-11-17,64.1,2024-11-17T07:46,2024-11-17T17:35,35390.95,32400.00,0.000,0.0,0,27.1,10.0,286,10.76,3,41.6,31,25.6,36,1012.0,5.7
2024-11-18,67.3,2024-11-18T07:47,2024-11-18T17:35,35275.93,32400.00,0.000,0.0,1,28.2,13.4,284,10.19,3,47.9,31,33.3,42,1007.4,7.1
2024-11-19,60.3,2024-11-19T07:48,2024-11-19T17:34,35163.27,32400.00,0.000,0.0,8,15.4,7.9,308,10.16,3,43.6,21,32.2,48,1008.7,3.6
2024-11-20,58.4,2024-11-20T07:49,2024-11-20T17:33,35053.13,7728.26,0.000,0.0,15,17.9,12.4,73,4.30,3,51.5,82,39.1,55,1004.1,4.2
2024-11-21,54.7,2024-11-21T07:50,2024-11-21T17:33,34945.70,0.00,1.862,16.0,100,28.2,13.6,359,0.36,65,39.6,100,44.4,90,995.9,9.4
2024-11-22,39.7,2024-11-22T07:51,2024-11-22T17:32,34841.15,0.00,1.016,21.0,96,36.0,18.4,218,2.61,75,36.0,100,35.1,89,989.9,11.6
2024-11-23,48.3,2024-11-23T07:53,2024-11-23T17:31,34739.65,25200.00,0.016,1.0,54,36.2,21.8,288,8.23,51,36.7,57,34.6,75,995.9,11.7
2024-11-24,53.4,2024-11-24T07:54,2024-11-24T17:31,34641.39,32400.00,0.000,0.0,1,36.9,19.8,274,9.60,3,43.4,46,31.3,53,1007.0,13.5
2024-11-25,54.8,2024-11-25T07:55,2024-11-25T17:30,34546.54,32399.34,0.000,0.0,1,23.0,7.6,259,9.57,3,39.9,27,28.2,49,1012.7,5.0
2024-11-26,57.6,2024-11-26T07:56,2024-11-26T17:30,34455.28,3600.00,0.256,2.0,89,24.6,12.4,260,3.06,63,46.8,64,41.4,68,1007.4,6.3
2024-11-27,52.3,2024-11-27T07:57,2024-11-27T17:30,34367.80,29072.65,0.000,0.0,1,18.6,9.0,242,9.56,3,39.3,22,28.7,53,1012.0,5.1
2024-11-28,48.2,2024-11-28T07:58,2024-11-28T17:29,34283.96,0.00,0.543,8.0,100,36.9,14.5,307,1.07,63,40.5,96,37.0,76,1001.1,7.2
2024-11-29,45.6,2024-11-29T07:59,2024-11-29T17:29,34202.79,19086.09,0.000,0.0,6,30.0,11.6,251,7.81,3,34.2,56,29.0,65,1007.1,7.5
2024-11-30,39.8,2024-11-30T08:00,2024-11-30T17:29,34124.30,28485.66,0.000,0.0,0,22.4,12.2,262,9.14,3,29.8,30,17.8,53,1011.2,8.5
2024-12-01,37.8,2024-12-01T08:01,2024-12-01T17:28,34048.62,28424.53,0.000,0.0,0,29.5,14.4,247,9.20,3,26.5,31,12.9,47,1014.6,8.3
2024-12-02,39.5,2024-12-02T08:02,2024-12-02T17:28,33975.84,31963.95,0.000,0.0,0,20.6,11.0,292,9.46,1,28.7,6,17.3,53,1016.2,6.9
2024-12-03,41.2,2024-12-03T08:03,2024-12-03T17:28,33906.07,21104.04,0.000,0.0,2,23.7,12.7,282,7.64,3,30.1,36,20.7,57,1019.3,6.6
2024-12-04,40.5,2024-12-04T08:04,2024-12-04T17:28,33839.40,17444.96,0.000,0.0,13,32.2,16.0,200,7.35,3,24.1,50,18.7,55,1016.4,7.9
2024-12-05,41.1,2024-12-05T08:05,2024-12-05T17:28,33775.95,21238.41,0.102,3.0,87,36.5,22.5,244,8.00,73,32.0,57,25.4,67,1000.0,13.5
2024-12-06,34.8,2024-12-06T08:06,2024-12-06T17:28,33715.81,23097.26,0.000,0.0,0,31.3,15.4,284,8.27,3,28.2,58,11.3,44,1013.1,11.6
2024-12-07,41.2,2024-12-07T08:07,2024-12-07T17:28,33659.09,31673.89,0.000,0.0,4,25.1,11.2,249,9.15,3,28.7,37,16.0,47,1015.0,8.4
2024-12-08,54.5,2024-12-08T08:08,2024-12-08T17:28,33605.90,28800.00,0.000,0.0,8,37.6,16.3,232,8.73,3,36.5,55,22.0,40,1006.5,9.1
2024-12-09,49.9,2024-12-09T08:08,2024-12-09T17:28,33556.33,9258.15,0.173,4.0,100,17.0,9.5,53,4.33,61,37.7,73,37.6,78,1010.7,3.7
2024-12-10,48.2,2024-12-10T08:09,2024-12-10T17:28,33510.49,0.00,0.102,4.0,69,16.8,8.6,56,1.24,55,43.5,100,44.4,96,1013.1,6.4
2024-12-11,60.8,2024-12-11T08:10,2024-12-11T17:28,33468.48,0.00,0.591,11.0,100,37.1,17.2,165,1.93,63,42.7,100,51.8,92,1000.7,10.2
2024-12-12,41.2,2024-12-12T08:11,2024-12-12T17:28,33430.39,27817.33,0.000,0.0,23,35.8,19.2,254,8.97,3,29.1,28,17.3,49,1014.1,13.4
2024-12-13,34.4,2024-12-13T08:12,2024-12-13T17:28,33396.34,31371.48,0.000,0.0,0,19.0,11.7,291,9.32,3,24.0,7,4.9,37,1032.5,6.8
2024-12-14,34.5,2024-12-14T08:12,2024-12-14T17:28,33366.41,31327.75,0.000,0.0,0,14.3,9.1,7,9.23,3,23.8,26,12.8,52,1041.7,4.4
2024-12-15,37.8,2024-12-15T08:13,2024-12-15T17:29,33340.71,20486.26,0.000,0.0,16,12.5,8.6,34,6.61,3,25.2,62,22.9,69,1037.7,5.1
2024-12-16,49.5,2024-12-16T08:14,2024-12-16T17:29,33319.32,0.00,0.736,14.0,97,19.2,9.2,64,0.99,63,36.7,100,40.7,94,1025.4,5.9
2024-12-17,58.0,2024-12-17T08:14,2024-12-17T17:29,33302.34,18000.00,0.016,1.0,71,27.1,11.3,223,6.77,51,47.8,56,44.0,77,1015.7,8.3
2024-12-18,54.0,2024-12-18T08:15,2024-12-18T17:30,33289.80,31176.37,0.496,5.0,78,14.8,8.9,188,8.64,63,38.9,33,33.4,63,1016.9,4.8
2024-12-19,44.5,2024-12-19T08:15,2024-12-19T17:30,33281.46,25930.81,0.047,3.0,91,31.8,14.6,312,8.33,51,34.7,64,29.2,64,1018.0,8.8
2024-12-20,35.7,2024-12-20T08:16,2024-12-20T17:31,33277.31,0.00,0.130,3.0,64,23.3,13.2,21,2.06,75,32.7,88,27.5,78,1013.8,8.3
2024-12-21,33.4,2024-12-21T08:16,2024-12-21T17:31,33277.30,25200.00,0.169,7.0,60,32.9,19.4,309,8.83,73,21.4,53,19.1,70,1012.6,12.0
2024-12-22,22.2,2024-12-22T08:17,2024-12-22T17:32,33281.39,31055.34,0.000,0.0,0,27.3,15.2,308,9.50,3,13.4,14,2.5,50,1026.0,10.8
2024-12-23,27.3,2024-12-23T08:17,2024-12-23T17:32,33289.56,31029.23,0.000,0.0,2,16.8,8.4,349,9.09,3,10.0,31,4.5,54,1031.8,4.0
2024-12-24,39.7,2024-12-24T08:18,2024-12-24T17:33,33301.75,14873.36,0.055,1.0,67,20.1,8.9,249,6.62,73,26.6,80,22.6,68,1021.8,5.2
2024-12-25,34.9,2024-12-25T08:18,2024-12-25T17:33,33317.93,21480.93,0.000,0.0,0,13.9,8.2,343,6.88,3,27.9,47,22.1,69,1024.0,4.8
2024-12-26,37.7,2024-12-26T08:18,2024-12-26T17:34,33338.07,23762.02,0.000,0.0,0,12.5,6.7,351,7.06,45,22.9,34,17.7,62,1026.7,4.1
2024-12-27,43.2,2024-12-27T08:19,2024-12-27T17:35,33362.10,25580.77,0.000,0.0,1,13.0,5.9,182,6.76,3,27.5,22,24.4,68,1026.0,2.5
2024-12-28,47.2,2024-12-28T08:19,2024-12-28T17:35,33389.98,0.00,0.386,12.0,84,8.9,4.0,107,0.68,61,35.9,97,40.1,93,1020.7,1.8
2024-12-29,60.7,2024-12-29T08:19,2024-12-29T17:36,33421.67,8589.19,0.000,0.0,55,44.1,15.4,150,5.36,3,46.2,86,48.6,90,1013.8,5.9
2024-12-30,56.4,2024-12-30T08:19,2024-12-30T17:37,33457.11,21600.00,0.850,3.0,93,45.9,18.7,208,8.60,65,48.8,53,42.0,67,1000.9,12.2
2024-12-31,53.8,2024-12-31T08:20,2024-12-31T17:38,33496.25,23691.18,0.043,1.0,94,22.8,10.9,137,8.76,55,39.9,28,33.8,62,1006.2,6.1
2025-01-01,50.5,2025-01-01T08:20,2025-01-01T17:39,33539.05,14921.69,0.496,1.0,99,38.5,18.5,267,5.81,65,38.5,80,38.0,79,996.9,11.4
2025-01-02,42.3,2025-01-02T08:20,2025-01-02T17:40,33585.44,12878.79,0.000,0.0,1,37.4,19.7,257,6.31,3,33.3,30,20.9,51,1008.1,15.2
2025-01-03,38.9,2025-01-03T08:20,2025-01-03T17:40,33635.37,26550.51,0.000,0.0,2,30.0,13.5,254,8.37,3,30.4,28,17.1,50,1007.9,10.4
2025-01-04,33.2,2025-01-04T08:20,2025-01-04T17:41,33688.79,30876.28,0.000,0.0,0,34.7,21.2,279,9.68,3,27.3,29,10.6,44,1006.8,15.0
2025-01-05,33.2,2025-01-05T08:20,2025-01-05T17:42,33745.63,26312.29,0.000,0.0,0,30.6,15.2,265,8.73,3,25.7,30,11.8,48,1012.1,11.5
2025-01-06,30.8,2025-01-06T08:20,2025-01-06T17:43,33805.85,0.00,0.063,4.0,60,26.8,14.0,319,3.96,73,23.9,84,19.1,69,1006.6,6.1
2025-01-07,32.8,2025-01-07T08:20,2025-01-07T17:44,33869.61,30892.07,0.000,0.0,3,45.0,23.1,296,9.87,3,19.4,34,10.0,52,1005.1,18.0
2025-01-08,30.1,2025-01-08T08:19,2025-01-08T17:45,33937.59,27302.40,0.000,0.0,0,40.5,20.7,290,9.69,3,22.8,40,7.6,45,1008.4,17.4
2025-01-09,32.7,2025-01-09T08:19,2025-01-09T17:46,34009.69,19966.61,0.000,0.0,2,44.3,23.4,292,8.77,3,22.3,54,10.7,51,1003.5,20.0
2025-01-10,40.4,2025-01-10T08:19,2025-01-10T17:47,34085.74,30929.99,0.000,0.0,1,38.5,17.9,297,10.09,3,26.4,65,15.9,51,1007.9,10.5
2025-01-11,35.1,2025-01-11T08:19,2025-01-11T17:48,34165.57,6953.00,0.043,1.0,41,30.4,14.0,293,5.99,73,26.8,88,20.7,66,998.0,7.4
2025-01-12,43.2,2025-01-12T08:18,2025-01-12T17:49,34249.04,30966.61,0.000,0.0,2,31.5,11.1,301,9.92,3,28.5,51,20.7,57,1009.9,5.7
2025-01-13,42.7,2025-01-13T08:18,2025-01-13T17:50,34335.96,27388.20,0.000,0.0,2,25.7,13.1,233,8.68,3,26.1,34,19.3,51,1010.4,6.7
2025-01-14,33.7,2025-01-14T08:18,2025-01-14T17:51,34426.20,31011.93,0.000,0.0,0,29.5,16.0,277,10.53,3,26.3,41,9.3,42,1011.4,10.9
2025-01-15,32.1,2025-01-15T08:17,2025-01-15T17:53,34519.57,27437.77,0.000,0.0,0,31.3,17.4,293,9.89,3,22.7,43,8.7,47,1015.6,12.5
2025-01-16,29.7,2025-01-16T08:17,2025-01-16T17:54,34615.93,15326.01,0.000,0.0,6,18.3,10.1,228,7.19,3,21.6,61,12.8,57,1011.3,6.1
2025-01-17,43.1,2025-01-17T08:16,2025-01-17T17:55,34715.13,23895.62,0.000,0.0,2,20.6,8.2,255,9.14,3,25.7,45,21.2,63,1012.1,5.8
2025-01-18,45.1,2025-01-18T08:16,2025-01-18T17:56,34817.00,4178.83,0.031,2.0,68,28.6,12.5,171,3.71,51,31.1,72,32.4,79,1009.6,5.2
2025-01-19,41.8,2025-01-19T08:15,2025-01-19T17:57,34921.39,2361.47,0.343,9.0,96,30.2,12.9,330,3.40,75,28.0,63,31.4,87,1003.8,7.3
2025-01-20,27.0,2025-01-20T08:15,2025-01-20T17:58,35028.15,21396.35,0.016,1.0,9,29.1,13.0,282,10.39,73,15.5,58,8.4,60,1016.8,10.4
2025-01-21,19.0,2025-01-21T08:14,2025-01-21T18:00,35137.14,10842.04,0.000,0.0,1,17.9,9.8,261,8.68,3,7.9,63,-2.5,47,1028.7,5.9
2025-01-22,21.1,2025-01-22T08:13,2025-01-22T18:01,35248.20,31274.69,0.000,0.0,0,18.3,10.9,307,11.65,3,6.8,27,-3.2,46,1028.1,4.6
2025-01-23,30.2,2025-01-23T08:13,2025-01-23T18:02,35361.19,30445.48,0.000,0.0,1,18.6,9.6,227,11.09,3,12.3,54,2.0,44,1021.2,4.2
2025-01-24,34.6,2025-01-24T08:12,2025-01-24T18:03,35475.98,31359.47,0.000,0.0,0,25.1,11.4,278,11.53,1,18.7,6,8.1,46,1017.2,6.4
2025-01-25,32.2,2025-01-25T08:11,2025-01-25T18:04,35592.41,31404.56,0.000,0.0,1,23.3,11.4,239,11.43,3,20.0,26,9.2,48,1021.6,6.0
2025-01-26,43.5,2025-01-26T08:10,2025-01-26T18:06,35710.36,20518.18,0.000,0.0,1,32.7,14.8,252,10.20,3,28.8,61,17.2,49,1016.4,7.8
2025-01-27,41.4,2025-01-27T08:10,2025-01-27T18:07,35830.10,31500.14,0.000,0.0,0,29.3,14.6,228,11.91,3,30.5,22,12.5,40,1010.1,8.9
2025-01-28,43.1,2025-01-28T08:09,2025-01-28T18:08,35952.80,24351.18,0.000,0.0,2,42.1,21.9,258,10.43,3,31.2,42,13.5,38,998.9,12.8
2025-01-29,52.2,2025-01-29T08:08,2025-01-29T18:09,36078.38,29414.41,0.000,0.0,2,42.3,23.1,253,11.13,3,31.8,43,20.6,43,996.0,13.6
2025-01-30,36.8,2025-01-30T08:07,2025-01-30T18:10,36206.66,31660.01,0.000,0.0,1,36.9,19.1,288,12.19,3,23.8,25,9.1,40,1016.8,10.2
2025-01-31,45.5,2025-01-31T08:06,2025-01-31T18:12,36337.45,0.00,0.102,4.0,91,16.1,5.7,189,1.50,55,32.4,99,36.6,87,1008.7,3.5
2025-02-01,46.6,2025-02-01T08:05,2025-02-01T18:13,36470.57,19279.50,0.000,0.0,77,27.5,15.0,323,9.01,3,25.2,76,23.2,62,1011.9,10.6
2025-02-02,28.1,2025-02-02T08:04,2025-02-02T18:14,36605.84,25200.00,0.028,1.0,69,18.3,11.2,28,10.58,73,15.7,76,13.3,68,1027.8,7.1
2025-02-03,47.3,2025-02-03T08:03,2025-02-03T18:15,36743.09,25623.52,0.000,0.0,57,15.4,8.3,194,10.23,3,28.4,42,31.1,79,1014.2,3.6
2025-02-04,46.4,2025-02-04T08:02,2025-02-04T18:17,36882.15,28366.62,0.000,0.0,2,41.8,21.0,299,11.58,3,31.8,37,25.3,53,1009.9,12.3
2025-02-05,36.2,2025-02-05T08:01,2025-02-05T18:18,37022.86,35282.59,0.000,0.0,0,19.2,12.1,319,13.14,3,24.5,41,8.7,41,1023.4,6.8
2025-02-06,37.8,2025-02-06T08:00,2025-02-06T18:19,37165.05,0.00,0.303,9.0,97,22.6,9.9,118,1.16,73,28.9,100,28.2,83,1012.6,5.9
2025-02-07,41.8,2025-02-07T07:58,2025-02-07T18:20,37308.55,32532.57,0.000,0.0,1,35.6,19.5,274,12.66,45,27.9,40,20.5,55,1009.7,12.4
2025-02-08,35.1,2025-02-08T07:57,2025-02-08T18:22,37453.21,16824.06,0.197,2.0,100,18.6,9.0,234,9.72,75,24.5,65,13.0,51,1019.4,5.2
2025-02-09,34.3,2025-02-09T07:56,2025-02-09T18:23,37598.89,13188.73,0.315,5.0,100,21.7,13.0,312,8.92,75,29.0,82,26.4,81,1011.7,6.5
2025-02-10,37.8,2025-02-10T07:55,2025-02-10T18:24,37745.43,35985.50,0.000,0.0,0,22.1,11.6,296,13.27,3,28.3,41,15.7,50,1023.4,6.9
2025-02-11,35.9,2025-02-11T07:54,2025-02-11T18:25,37892.68,20802.17,0.016,1.0,37,13.0,8.3,208,11.73,73,21.6,75,14.0,53,1024.4,3.3
2025-02-12,34.8,2025-02-12T07:52,2025-02-12T18:27,38040.49,0.00,0.091,5.0,53,26.6,12.4,44,5.30,73,29.9,100,27.1,82,1019.8,7.3
2025-02-13,44.5,2025-02-13T07:51,2025-02-13T18:28,38188.72,0.00,0.299,8.0,75,36.9,23.1,309,2.57,71,33.9,85,33.3,84,1009.2,9.9
2025-02-14,37.2,2025-02-14T07:50,2025-02-14T18:29,38337.23,36000.00,0.000,0.0,0,32.4,18.3,288,14.93,3,27.2,19,10.3,40,1026.4,12.2
2025-02-15,36.0,2025-02-15T07:49,2025-02-15T18:30,38485.90,3718.02,0.240,7.0,96,17.9,10.8,100,8.02,73,27.1,88,17.5,60,1024.6,5.9
2025-02-16,43.5,2025-02-16T07:47,2025-02-16T18:31,38635.00,0.00,0.772,16.0,100,45.6,24.6,16,1.20,71,32.2,100,33.4,91,993.9,11.5
2025-02-17,36.4,2025-02-17T07:46,2025-02-17T18:33,38785.81,36000.00,0.000,0.0,0,46.1,25.4,270,14.87,3,27.2,46,10.8,41,1002.7,19.4
2025-02-18,28.0,2025-02-18T07:45,2025-02-18T18:34,38938.28,36000.00,0.000,0.0,0,37.8,17.9,286,15.90,2,19.1,24,-0.6,34,1016.1,14.9
2025-02-19,30.9,2025-02-19T07:43,2025-02-19T18:35,39092.27,27307.38,0.000,0.0,0,27.1,13.9,286,14.70,3,17.0,56,4.4,44,1020.4,10.8
2025-02-20,29.5,2025-02-20T07:42,2025-02-20T18:36,39247.65,25200.00,0.012,2.0,18,32.4,15.1,309,13.72,71,18.3,62,10.9,60,1011.2,9.8
2025-02-21,35.1,2025-02-21T07:40,2025-02-21T18:37,39404.25,36000.00,0.000,0.0,4,35.3,18.7,298,16.06,3,21.6,37,10.4,50,1016.5,16.1
2025-02-22,41.9,2025-02-22T07:39,2025-02-22T18:38,39561.94,36000.00,0.000,0.0,0,30.0,15.7,257,16.16,3,20.5,19,12.0,48,1022.1,8.1
2025-02-23,47.7,2025-02-23T07:38,2025-02-23T18:40,39720.60,36000.00,0.000,0.0,0,19.5,10.3,256,15.72,3,30.6,37,17.8,44,1015.0,6.9
2025-02-24,50.1,2025-02-24T07:36,2025-02-24T18:41,39880.07,35064.25,0.000,0.0,1,30.0,13.4,148,15.98,3,32.0,35,22.3,47,1013.4,7.2
2025-02-25,56.2,2025-02-25T07:35,2025-02-25T18:42,40040.25,28053.80,0.000,0.0,2,27.7,11.2,195,14.79,3,39.5,46,27.7,46,1005.1,5.2
2025-02-26,57.3,2025-02-26T07:33,2025-02-26T18:43,40200.99,36280.57,0.000,0.0,6,23.9,13.8,280,16.66,3,40.5,18,31.0,53,1007.6,7.8
2025-02-27,54.0,2025-02-27T07:32,2025-02-27T18:44,40362.16,0.00,0.000,0.0,39,23.7,12.2,186,8.59,3,42.9,93,37.1,65,1003.5,6.8
2025-02-28,51.5,2025-02-28T07:30,2025-02-28T18:45,40523.64,36494.75,0.000,0.0,5,26.8,16.3,266,17.13,3,40.5,29,25.1,46,1001.2,9.8
2025-03-01,64.4,2025-03-01T07:28,2025-03-01T18:47,40685.31,25200.00,0.000,0.0,3,40.7,22.0,255,13.29,3,30.1,44,25.7,45,997.5,13.2
2025-03-02,33.5,2025-03-02T07:27,2025-03-02T18:48,40847.04,37323.30,0.000,0.0,0,27.7,17.1,303,18.22,1,20.2,14,3.1,37,1013.3,13.7
2025-03-03,39.5,2025-03-03T07:25,2025-03-03T18:49,41008.71,36461.28,0.000,0.0,0,23.5,11.4,276,17.61,2,21.7,18,8.6,42,1019.8,5.9
2025-03-04,53.4,2025-03-04T07:24,2025-03-04T18:50,41170.21,36916.44,0.000,0.0,1,21.3,10.1,171,16.70,1,29.5,8,25.8,56,1017.5,6.1
2025-03-05,55.9,2025-03-05T07:22,2025-03-05T18:51,41331.41,3600.00,1.858,6.0,100,55.9,21.2,152,5.41,65,38.4,78,41.9,79,1003.5,10.6
2025-03-06,53.3,2025-03-06T07:21,2025-03-06T18:52,41492.19,9823.51,0.098,1.0,76,38.9,22.2,269,9.93,63,33.7,76,39.0,72,988.3,12.6
2025-03-07,50.8,2025-03-07T07:19,2025-03-07T18:53,41652.43,38140.25,0.000,0.0,2,49.2,22.1,280,18.81,2,32.7,19,13.7,35,998.8,17.5
2025-03-08,45.6,2025-03-08T07:18,2025-03-08T18:54,41812.43,32282.56,0.000,0.0,3,36.9,20.8,287,17.56,3,37.2,30,11.5,30,1000.7,12.4
2025-03-09,54.3,2025-03-09T07:16,2025-03-09T18:56,41973.34,31128.67,0.000,0.0,0,35.6,15.4,255,16.08,3,27.9,13,15.4,35,1008.0,9.6
2025-03-10,66.4,2025-03-10T07:14,2025-03-10T18:57,42135.14,38424.52,0.000,0.0,1,21.0,16.1,216,18.93,1,41.9,3,27.3,39,1006.5,6.6
2025-03-11,64.7,2025-03-11T07:13,2025-03-11T18:58,42297.74,38521.37,0.000,0.0,0,19.5,13.6,163,19.08,0,39.9,0,30.6,46,1004.0,5.6
2025-03-12,54.0,2025-03-12T07:11,2025-03-12T18:59,42461.02,35019.11,0.000,0.0,2,24.2,12.4,10,17.40,3,41.7,11,23.4,38,1009.6,6.7
2025-03-13,48.6,2025-03-13T07:09,2025-03-13T19:00,42624.88,38717.62,0.000,0.0,2,24.2,11.7,56,17.32,3,37.3,21,31.0,64,1014.2,8.0
2025-03-14,55.2,2025-03-14T07:08,2025-03-14T19:01,42789.21,25200.00,0.000,0.0,0,16.6,8.8,92,14.75,45,39.2,70,35.4,69,1016.3,5.7
2025-03-15,47.4,2025-03-15T07:06,2025-03-15T19:02,42953.90,0.00,0.016,1.0,1,19.2,8.8,137,4.44,51,40.9,100,41.9,93,1015.3,6.5
2025-03-16,63.8,2025-03-16T07:04,2025-03-16T19:03,43118.86,16538.20,0.016,1.0,62,47.2,19.2,155,12.53,51,46.3,99,51.0,89,1009.8,10.3
2025-03-17,57.6,2025-03-17T07:03,2025-03-17T19:04,43283.96,4939.84,0.949,6.0,99,28.9,14.8,320,6.17,65,38.6,92,46.2,82,1006.2,8.0
2025-03-18,61.7,2025-03-18T07:01,2025-03-18T19:05,43449.12,39217.90,0.000,0.0,0,34.9,15.4,333,21.18,0,32.4,1,19.7,41,1012.8,8.4
2025-03-19,63.2,2025-03-19T06:59,2025-03-19T19:06,43614.21,39318.71,0.000,0.0,0,21.5,9.2,120,20.76,3,37.8,28,27.3,44,1013.4,4.8
2025-03-20,49.5,2025-03-20T06:58,2025-03-20T19:08,43779.16,557.08,0.567,3.0,94,28.4,10.4,110,8.18,65,41.8,100,44.0,93,1004.1,7.7
2025-03-21,51.0,2025-03-21T06:56,2025-03-21T19:09,43943.83,39520.17,0.413,2.0,99,39.8,22.8,300,21.85,65,37.4,41,24.7,51,1000.2,15.3
2025-03-22,63.1,2025-03-22T06:54,2025-03-22T19:10,44108.14,28902.36,0.000,0.0,7,41.4,22.5,244,19.77,3,37.6,48,23.7,38,1003.7,10.4
2025-03-23,49.1,2025-03-23T06:53,2025-03-23T19:11,44271.96,39600.00,0.000,0.0,0,28.9,16.0,291,22.29,3,29.8,26,17.4,43,1014.5,9.2
2025-03-24,48.2,2025-03-24T06:51,2025-03-24T19:12,44435.21,0.00,0.362,10.0,99,29.5,12.6,149,3.99,63,38.6,94,39.6,87,1007.9,6.5
2025-03-25,58.9,2025-03-25T06:49,2025-03-25T19:13,44597.77,39600.00,0.000,0.0,5,32.2,17.1,246,21.77,3,44.2,53,27.4,44,1007.1,9.5
2025-03-26,51.7,2025-03-26T06:48,2025-03-26T19:14,44759.53,24049.66,0.000,0.0,18,23.3,14.6,297,14.45,3,38.1,53,24.8,46,1012.4,8.2
2025-03-27,52.7,2025-03-27T06:46,2025-03-27T19:15,44920.38,40012.11,0.000,0.0,0,25.1,14.0,279,22.94,1,31.5,2,15.1,36,1018.3,9.1
2025-03-28,63.3,2025-03-28T06:45,2025-03-28T19:16,45080.58,28800.00,0.000,0.0,26,28.6,11.8,218,18.55,3,42.5,66,28.2,40,1016.6,6.8
2025-03-29,81.8,2025-03-29T06:43,2025-03-29T19:17,45241.21,32288.92,0.000,0.0,33,38.9,20.6,253,18.08,3,45.0,49,44.6,61,1011.5,9.9
2025-03-30,46.5,2025-03-30T06:41,2025-03-30T19:18,45402.26,0.00,0.028,1.0,34,17.0,9.9,57,6.40,53,41.9,96,41.3,91,1015.8,6.9
2025-03-31,72.9,2025-03-31T06:40,2025-03-31T19:19,45563.65,10800.00,0.043,1.0,100,24.2,12.1,136,10.71,55,44.1,90,51.9,87,1002.5,5.8
2025-04-01,57.2,2025-04-01T06:38,2025-04-01T19:20,45725.25,38525.74,0.059,2.0,100,35.8,17.3,309,23.20,55,41.2,39,31.5,54,1008.3,11.8
2025-04-02,48.6,2025-04-02T06:36,2025-04-02T19:21,45887.00,30207.43,0.000,0.0,24,23.0,13.5,90,21.44,3,34.3,43,23.3,50,1025.8,8.5
2025-04-03,70.6,2025-04-03T06:35,2025-04-03T19:22,46048.77,9873.99,0.031,2.0,41,29.5,11.2,175,10.52,51,44.0,95,51.9,85,1014.9,7.1
2025-04-04,70.5,2025-04-04T06:33,2025-04-04T19:23,46210.46,25230.40,0.339,2.0,59,24.2,13.0,288,20.09,63,59.6,97,44.0,48,1015.9,7.8
2025-04-05,58.7,2025-04-05T06:31,2025-04-05T19:24,46371.98,0.00,0.059,2.0,47,30.6,14.9,79,3.10,55,42.0,89,36.5,64,1018.9,9.3
2025-04-06,56.3,2025-04-06T06:30,2025-04-06T19:25,46533.22,10800.00,0.055,2.0,74,18.6,9.5,336,8.86,53,42.8,97,40.7,78,1006.5,4.9
2025-04-07,49.1,2025-04-07T06:28,2025-04-07T19:27,46694.07,0.00,0.272,7.0,65,20.1,10.5,27,2.44,61,38.9,98,36.9,84,1004.6,6.7
2025-04-08,45.8,2025-04-08T06:27,2025-04-08T19:28,46854.44,39600.00,0.000,0.0,3,36.7,21.5,285,24.72,3,36.7,50,23.7,55,1002.8,13.2
2025-04-09,49.2,2025-04-09T06:25,2025-04-09T19:29,47014.20,43778.48,0.000,0.0,0,25.7,13.6,263,25.47,0,30.1,2,14.4,38,1018.9,9.4
2025-04-10,50.6,2025-04-10T06:23,2025-04-10T19:30,47173.26,25307.92,0.000,0.0,20,18.8,14.7,131,19.02,3,37.3,65,30.2,62,1022.4,6.7
2025-04-11,45.9,2025-04-11T06:22,2025-04-11T19:31,47331.50,3600.00,0.303,9.0,96,27.7,11.0,44,8.51,61,40.6,99,37.1,82,1016.8,8.8
2025-04-12,41.4,2025-04-12T06:20,2025-04-12T19:32,47488.79,0.00,1.083,11.0,100,30.2,13.3,5,1.54,75,34.8,100,35.6,90,1010.1,10.7
2025-04-13,57.6,2025-04-13T06:19,2025-04-13T19:33,47645.04,26853.41,0.000,0.0,8,25.5,13.5,328,16.28,3,38.7,80,36.8,68,1007.9,8.2
2025-04-14,66.2,2025-04-14T06:17,2025-04-14T19:34,47800.12,34073.14,0.000,0.0,15,13.9,10.0,224,21.64,3,43.3,52,35.5,52,1006.3,4.4
2025-04-15,69.6,2025-04-15T06:16,2025-04-15T19:35,47953.91,15002.62,0.043,1.0,37,37.4,22.4,267,16.85,55,49.4,76,42.1,62,995.7,8.4
2025-04-16,51.3,2025-04-16T06:14,2025-04-16T19:36,48106.29,12988.42,0.000,0.0,1,36.5,18.8,278,14.59,3,43.4,54,27.9,47,1003.3,15.1
2025-04-17,63.8,2025-04-17T06:13,2025-04-17T19:37,48257.49,45718.61,0.000,0.0,0,28.2,14.9,291,26.60,3,41.7,20,25.5,39,1014.8,9.7
2025-04-18,67.3,2025-04-18T06:11,2025-04-18T19:38,48408.55,35492.12,0.000,0.0,1,27.3,15.9,163,24.69,3,42.8,34,32.8,44,1018.0,7.3
2025-04-19,85.5,2025-04-19T06:10,2025-04-19T19:39,48559.48,25200.00,0.000,0.0,4,34.2,17.3,221,20.05,3,53.2,77,51.9,54,1010.7,10.1
2025-04-20,75.0,2025-04-20T06:08,2025-04-20T19:40,48710.16,37414.77,0.000,0.0,4,33.6,19.2,313,25.51,3,54.6,56,36.2,37,1018.1,12.3
2025-04-21,58.9,2025-04-21T06:07,2025-04-21T19:41,48860.47,18200.18,0.000,0.0,11,23.9,11.6,117,15.75,3,47.5,68,31.9,46,1020.3,7.1
2025-04-22,81.9,2025-04-22T06:05,2025-04-22T19:42,49010.31,28800.00,0.000,0.0,13,21.7,14.1,234,23.08,3,52.6,78,47.3,58,1010.6,6.3
2025-04-23,75.4,2025-04-23T06:04,2025-04-23T19:43,49159.57,46237.77,0.000,0.0,0,28.4,11.5,296,26.38,3,53.2,28,38.0,39,1017.6,5.5
2025-04-24,75.6,2025-04-24T06:02,2025-04-24T19:44,49308.13,46322.26,0.000,0.0,0,19.5,11.6,147,25.40,3,52.8,15,40.6,41,1020.3,5.9
2025-04-25,76.1,2025-04-25T06:01,2025-04-25T19:45,49455.87,31330.68,0.000,0.0,9,26.4,12.8,175,23.47,3,56.9,73,47.9,52,1017.8,8.5
2025-04-26,72.1,2025-04-26T06:00,2025-04-26T19:47,49602.66,3678.98,0.091,4.0,81,30.9,15.9,206,8.73,55,54.7,92,58.4,82,1006.3,9.5
2025-04-27,59.3,2025-04-27T05:58,2025-04-27T19:48,49748.41,25906.02,0.000,0.0,0,36.9,20.6,295,18.80,3,46.1,40,35.0,49,1010.2,14.4
2025-04-28,77.2,2025-04-28T05:57,2025-04-28T19:49,49892.96,46651.32,0.000,0.0,0,19.0,11.5,276,27.86,0,50.4,0,30.9,31,1019.9,6.2
2025-04-29,79.5,2025-04-29T05:56,2025-04-29T19:50,50036.20,46730.93,0.000,0.0,2,31.3,13.9,185,26.73,3,50.5,13,42.8,44,1014.9,9.2
2025-04-30,75.1,2025-04-30T05:54,2025-04-30T19:51,50177.98,36058.77,0.000,0.0,5,25.3,15.0,291,26.72,3,61.5,29,40.7,38,1010.4,9.8
2025-05-01,70.7,2025-05-01T05:53,2025-05-01T19:52,50318.19,43200.00,0.000,0.0,7,21.0,11.7,108,25.88,3,49.3,27,35.1,39,1015.3,6.3
2025-05-02,83.4,2025-05-02T05:52,2025-05-02T19:53,50456.69,28800.00,0.000,0.0,16,22.4,12.8,166,22.56,3,56.4,55,56.4,68,1007.7,6.1
2025-05-03,83.9,2025-05-03T05:51,2025-05-03T19:54,50593.32,36000.00,0.000,0.0,31,27.5,15.2,189,21.09,3,62.1,34,59.1,64,1007.2,6.8
2025-05-04,69.7,2025-05-04T05:49,2025-05-04T19:55,50727.96,6439.67,1.567,8.0,71,23.9,11.3,141,10.59,65,60.3,98,60.5,89,1009.2,6.0
2025-05-05,60.8,2025-05-05T05:48,2025-05-05T19:56,50860.44,0.00,2.193,10.0,88,19.5,10.9,61,1.82,65,57.4,100,58.1,97,1014.2,6.2
2025-05-06,64.8,2025-05-06T05:47,2025-05-06T19:57,50990.64,0.00,0.098,4.0,59,23.7,12.1,110,7.36,53,56.7,92,58.2,94,1013.1,6.7
2025-05-07,76.0,2025-05-07T05:46,2025-05-07T19:58,51118.73,38025.25,0.000,0.0,6,16.8,12.9,189,23.95,3,54.0,42,50.1,63,1010.8,4.7
2025-05-08,76.6,2025-05-08T05:45,2025-05-08T19:59,51245.68,20534.60,0.000,0.0,25,17.0,13.5,50,16.34,3,58.8,61,54.0,66,1011.4,5.2
2025-05-09,59.7,2025-05-09T05:44,2025-05-09T20:00,51371.48,0.00,0.626,9.0,93,21.3,10.9,1,1.57,63,53.1,100,54.1,92,1008.3,7.5
2025-05-10,75.0,2025-05-10T05:43,2025-05-10T20:01,51495.99,46800.00,0.000,0.0,2,31.5,17.3,293,28.58,3,49.0,32,40.2,53,1009.6,11.5
2025-05-11,80.8,2025-05-11T05:42,2025-05-11T20:02,51619.12,46800.00,0.000,0.0,0,16.1,10.4,319,28.43,2,52.8,12,37.7,35,1018.2,5.2
2025-05-12,74.4,2025-05-12T05:41,2025-05-12T20:03,51740.74,46800.00,0.000,0.0,0,15.9,10.2,138,28.68,3,50.6,21,40.3,45,1021.1,5.4
2025-05-13,67.4,2025-05-13T05:40,2025-05-13T20:04,51860.73,6368.62,0.016,1.0,36,17.9,10.6,75,9.39,51,58.9,90,57.5,82,1017.5,5.1
2025-05-14,62.4,2025-05-14T05:39,2025-05-14T20:05,51978.97,0.00,1.024,8.0,89,27.1,12.7,55,3.64,65,56.3,100,57.3,93,1013.9,8.3
2025-05-15,68.3,2025-05-15T05:38,2025-05-15T20:06,52095.33,6391.22,0.000,0.0,11,11.4,8.8,52,11.90,45,59.5,100,61.3,94,1008.2,5.2
2025-05-16,72.6,2025-05-16T05:37,2025-05-16T20:07,52209.69,10206.34,0.425,1.0,57,16.8,9.8,154,13.18,65,61.7,96,63.1,93,1004.0,3.7
2025-05-17,84.3,2025-05-17T05:36,2025-05-17T20:08,52321.91,40095.20,0.000,0.0,14,31.1,15.4,206,25.65,45,61.5,64,61.2,73,997.3,7.5
2025-05-18,74.2,2025-05-18T05:35,2025-05-18T20:09,52431.88,43200.00,0.000,0.0,8,27.7,17.7,275,25.30,3,60.0,28,49.7,52,998.6,12.8
2025-05-19,70.9,2025-05-19T05:34,2025-05-19T20:10,52539.44,43200.00,0.000,0.0,1,37.1,17.7,300,28.47,3,54.9,19,42.7,50,1003.9,15.1
2025-05-20,67.5,2025-05-20T05:33,2025-05-20T20:11,52644.46,46840.39,0.000,0.0,0,21.9,12.8,348,29.01,1,47.7,15,40.6,54,1009.6,7.4
2025-05-21,57.6,2025-05-21T05:32,2025-05-21T20:12,52746.82,0.00,0.031,2.0,39,23.9,12.2,83,3.99,51,48.5,96,46.2,78,1011.2,8.4
2025-05-22,50.9,2025-05-22T05:32,2025-05-22T20:13,52846.36,0.00,0.795,13.0,100,28.2,14.7,42,3.53,63,47.7,99,47.0,92,1006.1,9.3
2025-05-23,62.1,2025-05-23T05:31,2025-05-23T20:13,52942.96,7200.00,0.000,0.0,37,23.9,11.2,272,10.83,3,47.5,86,47.0,81,1005.4,4.2
2025-05-24,64.7,2025-05-24T05:30,2025-05-24T20:14,53036.46,30750.38,0.000,0.0,12,23.9,15.7,269,19.43,3,47.5,35,43.8,64,1009.7,10.1
2025-05-25,67.9,2025-05-25T05:30,2025-05-25T20:15,53126.73,30040.03,0.000,0.0,4,23.3,12.9,287,21.57,3,51.3,29,45.4,59,1014.6,9.4
2025-05-26,75.0,2025-05-26T05:29,2025-05-26T20:16,53213.62,39600.00,0.000,0.0,3,13.4,7.5,322,26.21,3,51.0,18,45.9,55,1018.4,5.4
2025-05-27,76.5,2025-05-27T05:28,2025-05-27T20:17,53297.22,38742.45,0.000,0.0,1,15.0,11.1,162,27.19,3,54.0,67,47.7,53,1022.4,4.6
2025-05-28,69.2,2025-05-28T05:28,2025-05-28T20:18,53378.24,3651.91,0.177,6.0,100,15.2,11.0,124,12.58,61,53.8,99,47.9,65,1021.1,4.8
2025-05-29,66.5,2025-05-29T05:27,2025-05-29T20:18,53456.64,7866.48,0.114,2.0,70,17.7,9.2,42,10.50,61,54.4,98,57.0,90,1012.5,5.6
2025-05-30,75.3,2025-05-30T05:27,2025-05-30T20:19,53532.34,21600.00,0.028,1.0,25,15.7,12.1,154,21.65,53,59.3,65,60.6,85,1000.9,5.6
2025-05-31,67.5,2025-05-31T05:26,2025-05-31T20:20,53605.28,15417.55,0.114,4.0,94,34.7,18.3,284,17.74,55,53.7,81,53.2,75,987.9,12.8
2025-06-01,68.1,2025-06-01T05:26,2025-06-01T20:21,53675.37,47669.59,0.000,0.0,2,27.1,14.6,259,29.19,3,49.1,15,41.2,54,1001.3,10.4
2025-06-02,74.3,2025-06-02T05:26,2025-06-02T20:21,53742.52,47119.16,0.000,0.0,9,15.7,11.2,255,30.48,1,51.5,5,44.3,52,1010.6,4.9
2025-06-03,82.3,2025-06-03T05:25,2025-06-03T20:22,53806.66,46962.36,0.000,0.0,0,16.8,12.2,173,29.86,0,53.5,0,45.0,47,1016.1,4.7
2025-06-04,85.5,2025-06-04T05:25,2025-06-04T20:23,53867.70,47318.05,0.000,0.0,0,18.8,12.4,172,29.31,0,57.4,1,55.1,55,1017.5,6.0
2025-06-05,90.5,2025-06-05T05:25,2025-06-05T20:23,53925.57,46800.00,0.000,0.0,3,17.7,13.7,192,28.05,3,69.2,36,63.2,57,1012.4,6.0
2025-06-06,86.0,2025-06-06T05:24,2025-06-06T20:24,53980.19,41714.62,0.000,0.0,29,20.4,11.3,189,25.91,3,71.7,36,66.3,66,1008.4,5.5
2025-06-07,75.6,2025-06-07T05:24,2025-06-07T20:25,54031.48,3600.00,1.358,4.0,67,19.2,9.6,153,11.98,81,67.1,77,67.0,84,1003.7,4.5
2025-06-08,76.1,2025-06-08T05:24,2025-06-08T20:25,54079.35,31864.90,0.016,1.0,24,22.6,12.1,70,22.71,51,62.1,76,61.0,79,1006.3,7.1
2025-06-09,63.9,2025-06-09T05:24,2025-06-09T20:26,54123.74,0.00,0.016,1.0,19,19.7,9.0,58,5.67,51,61.2,100,59.5,91,1008.1,6.6
2025-06-10,74.9,2025-06-10T05:24,2025-06-10T20:26,54164.57,7200.00,0.000,0.0,53,17.2,7.6,72,10.56,45,61.5,83,63.3,91,1007.4,4.0
2025-06-11,84.6,2025-06-11T05:23,2025-06-11T20:27,54201.75,47150.86,0.000,0.0,0,18.1,13.4,253,29.17,1,64.0,5,57.3,57,1012.8,6.2
2025-06-12,90.8,2025-06-12T05:23,2025-06-12T20:27,54235.22,47058.02,0.000,0.0,11,18.8,12.4,249,29.39,3,70.2,8,58.7,48,1012.1,7.5
2025-06-13,80.3,2025-06-13T05:23,2025-06-13T20:28,54264.91,32524.36,0.000,0.0,10,17.9,8.6,50,27.49,3,68.6,44,51.1,44,1015.1,5.5
2025-06-14,68.4,2025-06-14T05:23,2025-06-14T20:28,54290.73,0.00,0.016,1.0,72,21.3,11.5,44,6.16,51,59.4,97,57.3,83,1014.5,8.4
2025-06-15,64.2,2025-06-15T05:23,2025-06-15T20:29,54312.64,8.17,0.000,0.0,16,17.0,6.9,56,5.91,3,58.2,100,55.9,85,1017.1,4.9
2025-06-16,67.8,2025-06-16T05:23,2025-06-16T20:29,54330.59,0.00,0.000,0.0,18,15.4,9.4,47,6.04,3,59.8,98,59.0,87,1016.1,6.0
2025-06-17,67.6,2025-06-17T05:23,2025-06-17T20:29,54344.74,0.00,0.283,1.0,56,11.9,6.8,80,9.13,63,61.8,100,63.3,96,1013.2,3.7
2025-06-18,85.7,2025-06-18T05:24,2025-06-18T20:30,54355.12,14620.94,0.000,0.0,38,11.4,8.2,155,16.64,45,64.3,79,67.8,87,1009.2,3.1
2025-06-19,90.9,2025-06-19T05:24,2025-06-19T20:30,54361.74,46932.03,0.031,2.0,71,27.5,12.8,199,26.25,95,69.5,44,71.5,82,1004.8,5.8
2025-06-20,84.4,2025-06-20T05:24,2025-06-20T20:30,54364.63,48624.38,0.000,0.0,5,35.1,16.8,263,26.38,3,66.4,25,59.0,57,1007.3,11.9
2025-06-21,89.3,2025-06-21T05:24,2025-06-21T20:30,54363.81,44654.56,0.000,0.0,9,17.2,14.3,196,26.23,3,72.6,30,61.6,53,1014.4,5.2
2025-06-22,89.3,2025-06-22T05:24,2025-06-22T20:30,54359.30,22139.91,0.000,0.0,49,26.6,15.0,242,22.71,95,74.5,42,69.2,67,1013.2,8.2
2025-06-23,98.1,2025-06-23T05:25,2025-06-23T20:31,54351.13,47931.89,0.000,0.0,11,12.8,10.8,163,27.78,95,80.1,23,76.2,69,1013.9,4.3
2025-06-24,102.2,2025-06-24T05:25,2025-06-24T20:31,54339.33,49891.20,0.000,0.0,1,18.6,11.1,295,30.05,95,79.2,2,68.1,49,1013.8,5.3
2025-06-25,98.3,2025-06-25T05:25,2025-06-25T20:31,54323.92,48277.71,0.000,0.0,17,13.9,9.7,323,28.35,3,81.9,17,69.3,51,1012.2,5.4
2025-06-26,87.1,2025-06-26T05:26,2025-06-26T20:31,54304.95,3593.65,0.000,0.0,21,29.3,17.9,44,8.50,3,67.1,83,62.6,67,1013.9,11.0
2025-06-27,74.3,2025-06-27T05:26,2025-06-27T20:31,54282.43,16265.95,0.000,0.0,14,17.4,11.2,82,15.53,3,63.0,90,52.7,60,1018.9,8.4
2025-06-28,85.5,2025-06-28T05:27,2025-06-28T20:31,54256.42,15648.38,0.016,1.0,21,16.1,9.2,180,15.53,51,63.1,76,66.1,82,1014.0,4.8
2025-06-29,91.4,2025-06-29T05:27,2025-06-29T20:31,54226.94,48456.11,0.000,0.0,14,17.4,10.0,291,29.71,2,76.3,14,67.4,61,1010.7,5.3
2025-06-30,91.8,2025-06-30T05:28,2025-06-30T20:31,54194.02,43634.18,0.043,1.0,33,17.7,12.5,124,28.22,55,71.4,36,66.3,62,1011.1,4.6
2025-07-01,92.4,2025-07-01T05:28,2025-07-01T20:31,54157.72,38708.20,0.071,2.0,82,19.5,12.8,207,22.94,61,72.3,76,73.6,82,1006.5,6.5
2025-07-02,84.6,2025-07-02T05:29,2025-07-02T20:31,54118.07,26754.61,0.000,0.0,34,13.2,8.7,170,21.55,3,72.2,65,70.8,82,1006.9,3.5
2025-07-03,92.3,2025-07-03T05:29,2025-07-03T20:30,54075.11,43570.40,0.000,0.0,55,21.0,12.5,272,27.56,3,69.4,26,63.3,62,1007.0,6.1
2025-07-04,85.5,2025-07-04T05:30,2025-07-04T20:30,54028.88,49337.20,0.000,0.0,0,17.0,8.9,305,30.65,1,64.3,2,55.7,54,1013.4,6.3
2025-07-05,88.0,2025-07-05T05:30,2025-07-05T20:30,53979.42,48131.61,0.000,0.0,0,16.8,13.0,169,29.62,2,64.7,10,57.1,51,1016.3,4.9
2025-07-06,90.8,2025-07-06T05:31,2025-07-06T20:30,53926.61,47960.06,0.000,0.0,0,24.2,11.9,188,29.26,3,71.5,17,63.9,56,1013.5,8.5
2025-07-07,86.4,2025-07-07T05:31,2025-07-07T20:29,53870.00,28715.17,0.000,0.0,32,19.5,12.9,161,19.41,3,75.6,78,73.8,81,1011.1,7.2
2025-07-08,97.0,2025-07-08T05:32,2025-07-08T20:29,53809.64,41714.61,0.016,1.0,61,17.7,9.6,235,26.83,51,75.2,44,73.6,73,1010.4,4.5
2025-07-09,93.0,2025-07-09T05:33,2025-07-09T20:29,53745.66,39600.00,0.000,0.0,39,17.2,10.4,220,22.84,3,73.7,59,70.1,69,1010.9,5.1
2025-07-10,85.2,2025-07-10T05:33,2025-07-10T20:28,53678.18,10916.98,0.087,1.0,80,11.6,7.0,149,15.31,61,71.2,83,68.8,76,1010.5,3.5
2025-07-11,84.9,2025-07-11T05:34,2025-07-11T20:28,53607.32,36679.12,0.000,0.0,4,14.3,11.7,133,22.91,3,72.6,63,70.4,78,1012.5,5.2
2025-07-12,85.8,2025-07-12T05:35,2025-07-12T20:27,53533.20,34879.99,0.000,0.0,2,13.6,11.6,129,21.72,3,72.0,79,70.1,76,1014.3,4.8
2025-07-13,83.1,2025-07-13T05:36,2025-07-13T20:27,53455.95,18760.55,0.000,0.0,1,14.3,9.3,115,17.10,3,70.5,86,69.7,80,1014.4,5.5
2025-07-14,88.5,2025-07-14T05:37,2025-07-14T20:26,53375.68,17838.31,0.457,5.0,93,16.3,13.9,165,14.22,81,73.1,90,72.9,82,1013.7,5.9
2025-07-15,86.5,2025-07-15T05:37,2025-07-15T20:25,53292.50,39442.34,0.000,0.0,42,12.1,8.1,146,20.38,3,72.3,54,72.2,82,1013.9,3.3
2025-07-16,91.8,2025-07-16T05:38,2025-07-16T20:25,53206.55,46997.16,0.000,0.0,32,20.4,12.0,179,26.09,3,74.9,32,73.8,74,1012.1,5.6
2025-07-17,93.2,2025-07-17T05:39,2025-07-17T20:24,53117.93,31782.98,0.016,1.0,39,29.5,15.3,227,18.05,51,76.1,57,72.1,68,1006.8,10.0
2025-07-18,85.9,2025-07-18T05:40,2025-07-18T20:24,53026.77,46214.83,0.000,0.0,0,26.2,12.7,311,27.68,3,75.0,23,59.3,50,1012.2,7.9
2025-07-19,82.8,2025-07-19T05:41,2025-07-19T20:23,52933.18,29453.77,0.000,0.0,12,13.2,10.9,136,19.73,3,67.0,49,62.5,63,1014.0,5.9
2025-07-20,89.9,2025-07-20T05:42,2025-07-20T20:22,52837.27,33811.54,0.000,0.0,21,25.5,10.8,214,20.65,3,75.2,63,71.3,72,1005.9,5.4
2025-07-21,86.7,2025-07-21T05:42,2025-07-21T20:21,52739.15,46800.00,0.000,0.0,6,24.4,11.1,326,26.16,3,71.3,20,59.3,51,1008.2,6.5
2025-07-22,80.5,2025-07-22T05:43,2025-07-22T20:21,52638.95,39242.82,0.000,0.0,1,17.4,12.1,69,21.24,3,66.3,31,54.4,52,1015.9,6.8
2025-07-23,82.2,2025-07-23T05:44,2025-07-23T20:20,52536.76,44210.96,0.000,0.0,1,18.6,12.2,167,21.24,3,66.3,30,59.8,61,1019.6,5.7
2025-07-24,86.6,2025-07-24T05:45,2025-07-24T20:19,52432.70,47459.52,0.000,0.0,0,18.3,12.9,182,25.95,1,68.4,16,64.0,61,1017.0,7.9
2025-07-25,96.4,2025-07-25T05:46,2025-07-25T20:18,52326.88,36917.36,0.000,0.0,51,26.6,10.6,235,23.28,3,75.2,36,70.0,63,1010.3,7.4
2025-07-26,86.5,2025-07-26T05:47,2025-07-26T20:17,52219.09,36807.77,0.000,0.0,1,19.7,10.7,69,25.44,3,74.8,35,62.3,55,1014.6,7.1
2025-07-27,86.1,2025-07-27T05:48,2025-07-27T20:16,52108.47,11151.82,0.000,0.0,53,19.5,8.6,195,12.23,3,72.9,71,68.7,72,1012.3,5.4
2025-07-28,94.9,2025-07-28T05:49,2025-07-28T20:15,51995.11,46800.00,0.000,0.0,0,11.6,8.5,336,25.36,1,74.5,7,69.6,60,1011.2,4.4
2025-07-29,99.1,2025-07-29T05:50,2025-07-29T20:14,51879.15,46800.00,0.000,0.0,3,15.2,9.9,218,26.63,95,76.5,3,70.0,57,1011.4,3.9
2025-07-30,98.0,2025-07-30T05:50,2025-07-30T20:13,51760.74,43200.00,0.000,0.0,23,13.9,10.8,179,26.09,3,79.7,18,69.3,57,1011.0,5.0
2025-07-31,87.9,2025-07-31T05:51,2025-07-31T20:12,51640.03,25200.00,0.413,4.0,70,25.5,12.6,32,14.18,63,66.8,52,70.5,79,1011.3,6.7
2025-08-01,73.5,2025-08-01T05:52,2025-08-01T20:11,51517.15,8769.94,0.000,0.0,46,25.3,11.4,15,9.57,3,63.0,80,60.1,79,1017.0,7.2
2025-08-02,81.0,2025-08-02T05:53,2025-08-02T20:10,51392.25,25825.98,0.000,0.0,0,11.0,8.1,24,22.33,3,61.2,32,56.2,63,1019.2,3.8
2025-08-03,85.3,2025-08-03T05:54,2025-08-03T20:09,51265.48,46800.00,0.000,0.0,0,13.2,9.4,89,27.80,1,62.9,2,53.4,51,1017.0,4.2
2025-08-04,90.7,2025-08-04T05:55,2025-08-04T20:08,51136.95,45315.29,0.000,0.0,0,8.3,6.8,217,26.64,2,64.2,2,55.4,48,1016.6,3.3
2025-08-05,85.8,2025-08-05T05:56,2025-08-05T20:06,51006.80,23034.56,0.000,0.0,2,11.0,9.8,84,21.56,3,67.5,72,63.3,64,1021.1,4.7
2025-08-06,79.1,2025-08-06T05:57,2025-08-06T20:05,50875.17,15730.38,0.000,0.0,19,11.9,10.1,74,20.53,3,68.8,89,62.9,69,1025.1,5.5
2025-08-07,80.4,2025-08-07T05:58,2025-08-07T20:04,50742.18,43004.50,0.000,0.0,22,14.5,8.6,79,22.07,3,64.7,37,59.2,66,1023.4,5.1
2025-08-08,83.8,2025-08-08T05:59,2025-08-08T20:03,50607.95,46546.05,0.000,0.0,0,12.8,10.8,116,26.96,0,59.8,2,53.8,56,1020.7,4.6
2025-08-09,85.5,2025-08-09T06:00,2025-08-09T20:01,50472.62,46487.54,0.000,0.0,0,10.3,9.3,122,26.86,1,59.9,2,53.1,53,1019.7,3.9
2025-08-10,90.9,2025-08-10T06:01,2025-08-10T20:00,50336.29,46429.01,0.000,0.0,0,16.3,11.7,203,26.05,0,63.8,0,55.0,47,1019.5,4.6
2025-08-11,89.4,2025-08-11T06:02,2025-08-11T19:59,50199.09,46370.51,0.000,0.0,0,15.4,10.8,193,26.28,0,69.1,0,58.7,51,1018.3,5.3
2025-08-12,92.5,2025-08-12T06:03,2025-08-12T19:57,50061.13,46312.09,0.000,0.0,0,17.2,13.5,172,25.70,3,68.1,10,66.3,66,1013.9,5.5
2025-08-13,90.3,2025-08-13T06:04,2025-08-13T19:56,49922.52,28269.01,0.071,1.0,68,19.5,12.1,185,21.14,80,72.8,45,71.2,76,1008.6,6.1
2025-08-14,90.0,2025-08-14T06:05,2025-08-14T19:55,49783.37,31095.16,0.000,0.0,13,9.4,4.0,275,19.17,3,72.6,46,70.8,75,1008.9,2.6
2025-08-15,89.6,2025-08-15T06:06,2025-08-15T19:53,49643.46,38937.71,0.000,0.0,0,15.9,10.5,64,23.40,1,73.6,6,64.9,62,1015.5,6.7
2025-08-16,84.2,2025-08-16T06:07,2025-08-16T19:52,49501.78,33495.45,0.000,0.0,11,18.6,10.6,146,20.20,45,73.4,57,69.1,75,1015.8,6.1
2025-08-17,91.4,2025-08-17T06:08,2025-08-17T19:51,49358.39,35297.12,0.000,0.0,45,18.1,10.5,195,20.64,3,71.5,42,70.5,74,1009.0,6.1
2025-08-18,76.2,2025-08-18T06:09,2025-08-18T19:49,49213.42,21600.00,0.000,0.0,3,29.8,11.9,33,14.57,3,66.1,65,59.0,68,1015.0,7.4
2025-08-19,77.9,2025-08-19T06:10,2025-08-19T19:48,49066.99,42802.63,0.000,0.0,0,14.3,10.0,93,23.46,2,62.8,15,52.6,55,1018.4,6.8
2025-08-20,69.1,2025-08-20T06:11,2025-08-20T19:46,48919.23,0.00,0.217,7.0,60,25.1,15.4,54,2.48,55,58.9,80,59.6,83,1014.1,8.1
2025-08-21,73.3,2025-08-21T06:12,2025-08-21T19:45,48770.26,11291.53,0.055,2.0,40,27.5,14.6,24,13.19,53,58.5,88,56.9,78,1010.6,11.5
2025-08-22,84.3,2025-08-22T06:13,2025-08-22T19:43,48620.20,45728.70,0.000,0.0,0,19.5,8.5,349,25.47,0,57.1,0,49.6,48,1011.7,5.3
2025-08-23,83.2,2025-08-23T06:14,2025-08-23T19:42,48469.18,43159.05,0.000,0.0,0,25.3,14.8,181,24.51,0,64.0,2,54.5,53,1014.0,8.4
2025-08-24,79.8,2025-08-24T06:15,2025-08-24T19:40,48317.29,38606.12,0.000,0.0,0,20.1,13.6,158,18.77,3,63.9,39,63.2,73,1010.5,7.7
2025-08-25,87.3,2025-08-25T06:16,2025-08-25T19:39,48164.67,37439.63,0.000,0.0,9,23.5,13.5,252,22.84,3,68.9,50,58.7,58,1006.1,7.1
2025-08-26,80.3,2025-08-26T06:17,2025-08-26T19:37,48011.41,43495.47,0.000,0.0,1,19.2,10.2,277,21.73,3,62.4,26,50.2,47,1011.7,6.3
2025-08-27,75.5,2025-08-27T06:18,2025-08-27T19:35,47857.62,45435.10,0.000,0.0,0,22.8,13.4,296,22.64,2,60.0,14,49.4,52,1013.6,8.4
2025-08-28,78.9,2025-08-28T06:19,2025-08-28T19:34,47703.42,34685.67,0.000,0.0,3,25.7,15.1,194,19.95,3,56.3,30,50.1,53,1015.6,6.4
2025-08-29,77.8,2025-08-29T06:20,2025-08-29T19:32,47548.90,26109.84,0.000,0.0,9,22.1,11.0,266,14.25,3,63.9,56,53.9,56,1010.7,5.6
2025-08-30,76.1,2025-08-30T06:21,2025-08-30T19:31,47394.18,44631.07,0.000,0.0,2,21.5,8.7,309,24.13,2,55.8,5,44.6,47,1013.3,6.2
2025-08-31,79.2,2025-08-31T06:22,2025-08-31T19:29,47239.34,44008.16,0.000,0.0,0,13.2,9.2,355,23.24,3,55.6,17,48.7,51,1018.2,4.7
2025-09-01,77.2,2025-09-01T06:23,2025-09-01T19:28,47084.50,41557.38,0.016,1.0,0,18.3,11.4,49,22.34,51,61.9,33,53.6,58,1019.9,5.4
2025-09-02,78.3,2025-09-02T06:24,2025-09-02T19:26,46929.74,37627.84,0.000,0.0,1,14.3,8.9,76,22.55,3,60.3,22,55.8,65,1016.4,5.2
2025-09-03,78.7,2025-09-03T06:25,2025-09-03T19:24,46775.17,41972.29,0.000,0.0,0,13.0,10.2,132,21.73,3,59.9,22,56.4,68,1010.5,4.1
2025-09-04,78.3,2025-09-04T06:26,2025-09-04T19:23,46620.54,40606.09,0.043,2.0,34,28.2,18.4,157,21.91,53,60.3,31,60.5,74,1007.6,8.9
2025-09-05,83.3,2025-09-05T06:27,2025-09-05T19:21,46464.84,39600.00,0.016,1.0,62,25.3,12.5,171,20.89,51,66.6,36,65.1,75,1008.7,6.9
2025-09-06,86.2,2025-09-06T06:28,2025-09-06T19:19,46308.10,25716.15,0.118,3.0,53,22.6,12.5,169,13.50,80,66.1,46,68.1,82,1010.0,6.0
2025-09-07,68.5,2025-09-07T06:29,2025-09-07T19:18,46150.42,1896.27,0.370,7.0,85,13.4,5.4,338,7.15,63,59.7,84,59.4,86,1013.1,2.9
2025-09-08,74.2,2025-09-08T06:30,2025-09-08T19:16,45991.90,39746.09,0.000,0.0,0,13.6,6.9,343,22.85,3,54.0,18,47.3,58,1020.5,4.1
2025-09-09,72.6,2025-09-09T06:31,2025-09-09T19:14,45832.66,39600.00,0.000,0.0,0,16.3,12.1,42,21.14,3,55.0,19,51.9,66,1021.9,5.8
2025-09-10,73.7,2025-09-10T06:32,2025-09-10T19:13,45672.78,7200.00,0.000,0.0,13,22.4,10.6,22,8.91,3,60.2,75,55.0,70,1017.9,6.4
2025-09-11,80.1,2025-09-11T06:33,2025-09-11T19:11,45512.38,39600.00,0.000,0.0,0,13.4,9.6,349,21.88,1,60.0,5,52.1,56,1015.5,4.3
2025-09-12,78.8,2025-09-12T06:34,2025-09-12T19:09,45351.55,37718.46,0.000,0.0,0,13.6,9.1,51,18.64,3,61.2,17,54.2,60,1018.0,4.0
2025-09-13,78.0,2025-09-13T06:35,2025-09-13T19:08,45190.39,32400.00,0.000,0.0,6,19.5,11.3,160,17.27,3,61.9,36,59.5,72,1015.8,4.9
2025-09-14,82.4,2025-09-14T06:36,2025-09-14T19:06,45029.00,39600.00,0.000,0.0,2,13.2,8.8,132,20.07,3,62.4,13,59.0,65,1013.3,4.2
2025-09-15,80.1,2025-09-15T06:37,2025-09-15T19:04,44867.47,32870.84,0.000,0.0,1,14.3,9.7,59,19.79,3,64.1,41,59.8,69,1018.6,5.4
2025-09-16,73.2,2025-09-16T06:38,2025-09-16T19:03,44705.91,8428.42,0.000,0.0,1,23.0,13.2,45,14.70,3,64.2,89,54.8,63,1019.1,7.9
2025-09-17,69.1,2025-09-17T06:39,2025-09-17T19:01,44544.40,14403.41,0.000,0.0,24,23.3,12.5,37,10.28,3,60.9,84,58.2,75,1014.9,8.4
2025-09-18,86.0,2025-09-18T06:39,2025-09-18T18:59,44383.04,39600.00,0.000,0.0,9,10.1,7.6,288,19.31,3,64.9,33,60.8,69,1010.4,3.1
2025-09-19,84.2,2025-09-19T06:40,2025-09-19T18:57,44221.92,39600.00,0.000,0.0,0,15.4,9.3,301,19.93,2,65.6,2,54.4,50,1011.0,5.5
2025-09-20,73.6,2025-09-20T06:41,2025-09-20T18:56,44061.14,39600.00,0.000,0.0,0,21.3,11.2,48,19.90,3,59.9,6,47.3,50,1019.1,7.1
2025-09-21,70.6,2025-09-21T06:42,2025-09-21T18:54,43900.79,39427.94,0.000,0.0,0,12.1,8.4,81,18.50,3,55.8,26,49.9,64,1021.6,5.1
2025-09-22,72.0,2025-09-22T06:43,2025-09-22T18:52,43740.97,20396.69,0.000,0.0,1,11.9,7.2,167,14.41,3,53.5,28,54.4,73,1016.2,3.5
2025-09-23,83.7,2025-09-23T06:44,2025-09-23T18:51,43581.77,31617.60,0.000,0.0,21,22.8,10.0,197,16.48,3,62.6,38,63.6,74,1011.9,5.1
2025-09-24,78.7,2025-09-24T06:45,2025-09-24T18:49,43422.93,7961.83,0.228,1.0,31,13.4,7.6,105,10.65,63,69.8,68,67.5,81,1012.7,3.6
2025-09-25,76.5,2025-09-25T06:46,2025-09-25T18:47,43263.40,1185.04,0.535,5.0,71,21.0,10.6,157,6.01,81,70.2,96,70.4,91,1007.3,7.4
2025-09-26,81.8,2025-09-26T06:47,2025-09-26T18:46,43103.20,34526.77,0.000,0.0,3,13.4,6.3,274,17.56,3,66.3,21,62.7,72,1005.6,4.1
2025-09-27,79.8,2025-09-27T06:48,2025-09-27T18:44,42942.44,30079.17,0.000,0.0,16,11.6,4.7,161,15.87,3,64.8,61,60.4,70,1010.8,2.4
2025-09-28,85.1,2025-09-28T06:49,2025-09-28T18:42,42781.22,39600.00,0.016,1.0,28,12.1,6.5,203,17.65,51,65.1,32,63.5,75,1013.4,3.5
2025-09-29,77.3,2025-09-29T06:50,2025-09-29T18:41,42619.64,22165.62,0.000,0.0,0,17.9,8.2,17,15.60,3,64.0,71,54.9,60,1018.4,4.2
2025-09-30,80.7,2025-09-30T06:51,2025-09-30T18:39,42457.80,32488.93,0.000,0.0,1,23.9,8.6,9,16.91,3,62.6,78,53.6,57,1014.8,4.9
2025-10-01,70.1,2025-10-01T06:52,2025-10-01T18:37,42295.80,39600.00,0.000,0.0,2,28.4,11.7,6,18.45,3,54.0,6,40.6,45,1017.6,8.7
2025-10-02,66.1,2025-10-02T06:54,2025-10-02T18:36,42133.75,36000.00,0.000,0.0,0,14.1,9.3,49,17.68,3,50.2,19,41.1,55,1026.3,5.1
2025-10-03,73.0,2025-10-03T06:55,2025-10-03T18:34,41971.76,39600.00,0.000,0.0,0,15.2,9.7,205,17.42,1,48.7,6,46.9,63,1023.5,4.2
2025-10-04,83.2,2025-10-04T06:56,2025-10-04T18:32,41809.93,39340.23,0.000,0.0,0,12.5,9.0,217,17.24,1,53.7,2,52.9,62,1018.8,3.4
2025-10-05,85.3,2025-10-05T06:57,2025-10-05T18:31,41648.35,39102.87,0.000,0.0,0,14.1,7.6,194,16.79,0,59.3,1,57.9,65,1020.8,3.1
2025-10-06,80.2,2025-10-06T06:58,2025-10-06T18:29,41487.15,38168.23,0.000,0.0,0,19.5,11.0,180,16.97,3,59.2,7,58.1,69,1020.8,4.8
2025-10-07,79.6,2025-10-07T06:59,2025-10-07T18:27,41326.42,29760.91,0.000,0.0,3,29.8,12.3,184,11.54,3,63.0,31,61.7,75,1016.2,8.3
2025-10-08,70.7,2025-10-08T07:00,2025-10-08T18:26,41166.28,11794.29,0.102,2.0,90,30.6,13.0,280,6.55,61,59.5,64,53.7,66,1012.4,9.5
2025-10-09,59.0,2025-10-09T07:01,2025-10-09T18:24,41006.82,39268.39,0.000,0.0,0,22.6,13.3,351,17.40,3,47.4,13,34.0,48,1025.2,7.9
2025-10-10,62.6,2025-10-10T07:02,2025-10-10T18:23,40848.17,33729.85,0.000,0.0,3,14.1,9.9,114,13.34,3,42.2,42,37.2,55,1026.9,4.8
2025-10-11,64.3,2025-10-11T07:03,2025-10-11T18:21,40690.43,4143.46,0.114,2.0,19,23.9,11.5,60,4.55,63,55.1,83,52.9,79,1019.0,5.3
2025-10-12,61.6,2025-10-12T07:04,2025-10-12T18:19,40533.73,0.00,0.504,10.0,72,38.0,17.4,27,5.39,63,55.2,100,51.3,78,1013.6,14.4
2025-10-13,57.0,2025-10-13T07:05,2025-10-13T18:18,40378.16,0.00,0.390,10.0,95,41.8,18.1,21,1.18,61,52.5,100,52.5,91,1009.3,15.7
2025-10-14,60.6,2025-10-14T07:06,2025-10-14T18:16,40223.47,11906.41,0.000,0.0,15,33.1,13.7,359,8.36,45,52.9,100,52.0,85,1012.3,10.2
2025-10-15,68.5,2025-10-15T07:07,2025-10-15T18:15,40068.49,28081.58,0.000,0.0,1,24.6,12.3,331,14.17,3,53.1,33,50.6,73,1010.6,6.4
2025-10-16,61.8,2025-10-16T07:08,2025-10-16T18:13,39913.24,31615.70,0.000,0.0,0,28.0,16.5,322,15.62,3,44.4,13,30.0,46,1009.9,9.6
2025-10-17,65.1,2025-10-17T07:09,2025-10-17T18:12,39757.85,35149.33,0.000,0.0,0,29.8,10.6,326,15.39,0,45.2,0,30.2,41,1010.8,6.7
2025-10-18,65.8,2025-10-18T07:11,2025-10-18T18:10,39602.43,35082.51,0.000,0.0,2,11.2,6.4,213,13.64,3,45.9,13,37.7,52,1012.3,2.9
2025-10-19,71.4,2025-10-19T07:12,2025-10-19T18:09,39447.11,33206.98,0.000,0.0,0,37.6,16.7,150,12.02,3,49.5,34,54.2,78,1009.8,8.8
2025-10-20,67.8,2025-10-20T07:13,2025-10-20T18:08,39292.02,22838.82,0.000,0.0,36,41.2,18.0,225,9.56,3,54.9,56,50.6,71,1004.6,13.4
2025-10-21,67.8,2025-10-21T07:14,2025-10-21T18:06,39137.29,34879.57,0.000,0.0,5,25.1,12.8,200,14.34,3,47.7,16,42.6,58,1007.9,8.3
2025-10-22,63.0,2025-10-22T07:15,2025-10-22T18:05,38983.05,32400.00,0.169,3.0,91,29.3,17.4,238,13.78,61,54.0,44,45.0,65,1003.8,8.7
2025-10-23,60.4,2025-10-23T07:16,2025-10-23T18:03,38829.42,34742.47,0.000,0.0,1,24.4,12.7,240,13.81,3,47.0,17,37.4,56,1009.1,8.5
2025-10-24,60.3,2025-10-24T07:17,2025-10-24T18:02,38676.55,31073.47,0.000,0.0,1,15.2,8.3,268,12.41,3,43.9,44,37.1,58,1015.3,6.0
2025-10-25,59.5,2025-10-25T07:18,2025-10-25T18:00,38524.57,23804.21,0.000,0.0,0,14.1,8.4,310,11.32,3,43.1,46,36.3,58,1022.9,4.6
2025-10-26,59.2,2025-10-26T07:20,2025-10-26T17:59,38373.63,25200.00,0.000,0.0,0,12.5,6.8,358,11.50,3,45.6,19,33.9,50,1024.4,3.9
2025-10-27,55.9,2025-10-27T07:21,2025-10-27T17:58,38223.86,34465.02,0.000,0.0,0,14.3,8.6,1,13.59,3,39.6,8,32.1,56,1024.2,4.8
2025-10-28,53.9,2025-10-28T07:22,2025-10-28T17:56,38075.41,30267.42,0.000,0.0,1,25.1,14.7,30,10.24,3,40.7,53,36.9,66,1021.4,8.6
2025-10-29,54.8,2025-10-29T07:23,2025-10-29T17:55,37928.42,21677.64,0.000,0.0,3,28.9,13.1,29,9.94,3,46.3,76,41.2,69,1016.3,9.5
2025-10-30,63.0,2025-10-30T07:24,2025-10-30T17:54,37783.06,0.00,1.406,9.0,98,46.1,18.4,73,0.77,65,50.4,100,53.7,91,1002.3,10.9
2025-10-31,59.3,2025-10-31T07:25,2025-10-31T17:53,37639.47,21733.70,0.000,0.0,27,42.1,20.2,250,10.21,3,50.1,37,40.2,62,991.3,14.5
2025-11-01,59.2,2025-11-01T07:26,2025-11-01T17:51,37497.81,33489.92,0.000,0.0,0,39.1,20.8,278,12.78,2,46.8,10,29.7,42,1008.0,11.9
2025-11-02,61.2,2025-11-02T07:28,2025-11-02T17:50,37358.24,33204.21,0.000,0.0,0,15.7,8.7,216,12.52,3,40.6,25,36.2,60,1019.8,3.4
2025-11-03,59.5,2025-11-03T07:29,2025-11-03T17:49,37220.49,10800.00,0.071,1.0,21,34.7,11.4,204,7.68,61,46.5,65,42.2,68,1014.3,4.7
2025-11-04,60.3,2025-11-04T07:30,2025-11-04T17:48,37083.32,32955.34,0.000,0.0,6,37.1,18.0,277,12.56,0,47.5,1,28.3,40,1012.9,11.7
2025-11-05,65.3,2025-11-05T07:31,2025-11-05T17:47,36946.77,25513.06,0.114,1.0,6,35.3,14.0,200,11.56,63,41.9,29,29.6,39,1009.1,7.2
2025-11-06,59.3,2025-11-06T07:32,2025-11-06T17:46,36810.96,32400.00,0.000,0.0,32,42.7,23.5,296,11.30,3,42.6,40,29.8,46,1011.0,13.9
2025-11-07,59.6,2025-11-07T07:34,2025-11-07T17:45,36676.05,23801.61,0.000,0.0,11,30.9,17.5,178,10.67,3,36.0,55,31.3,51,1010.8,7.6
2025-11-08,67.1,2025-11-08T07:35,2025-11-08T17:44,36542.19,28800.00,0.102,2.0,54,26.8,10.5,255,11.22,61,54.2,52,44.8,63,1003.4,5.7
2025-11-09,63.6,2025-11-09T07:36,2025-11-09T17:43,36409.52,18000.00,0.016,1.0,36,21.3,11.4,114,7.25,51,51.6,69,52.2,83,1005.6,4.4
2025-11-10,59.0,2025-11-10T07:37,2025-11-10T17:42,36278.21,5280.92,0.043,2.0,85,25.5,15.2,286,4.00,53,35.6,96,45.4,83,1000.5,8.5
2025-11-11,40.2,2025-11-11T07:38,2025-11-11T17:41,36148.41,7200.00,0.000,0.0,7,42.7,20.2,262,7.47,3,31.6,43,21.2,55,1003.2,14.3
2025-11-12,49.7,2025-11-12T07:39,2025-11-12T17:40,36020.29,21600.00,0.000,0.0,4,32.9,14.8,234,8.27,3,38.0,56,23.7,45,1005.5,9.9
2025-11-13,51.0,2025-11-13T07:41,2025-11-13T17:39,35894.00,21600.00,0.000,0.0,12,30.0,15.7,266,8.52,3,42.6,24,30.6,53,1008.0,10.3
2025-11-14,51.3,2025-11-14T07:42,2025-11-14T17:38,35769.71,25200.00,0.000,0.0,9,26.2,13.3,277,9.25,3,38.3,38,28.7,54,1012.5,8.1
2025-11-15,49.8,2025-11-15T07:43,2025-11-15T17:37,35647.59,28800.00,0.114,2.0,74,24.2,11.5,222,10.36,61,35.4,45,29.9,58,1003.6,4.2
2025-11-16,56.1,2025-11-16T07:44,2025-11-16T17:36,35527.82,27673.66,0.016,1.0,63,43.8,23.4,274,9.26,51,41.5,49,32.3,55,988.6,14.3
2025-11-17,44.9,2025-11-17T07:45,2025-11-17T17:36,35410.56,25200.00,0.000,0.0,7,34.7,19.7,279,9.47,3,36.6,24,17.8,40,1002.8,15.8
2025-11-18,46.8,2025-11-18T07:47,2025-11-18T17:35,35296.01,28800.00,0.000,0.0,2,27.5,15.3,279,10.47,3,36.4,46,19.1,40,1015.5,7.9
2025-11-19,46.1,2025-11-19T07:48,2025-11-19T17:34,35184.33,12996.42,0.173,5.0,75,11.9,7.2,34,5.44,61,38.5,73,30.7,67,1017.9,3.4
2025-11-20,48.5,2025-11-20T07:49,2025-11-20T17:33,35075.71,25200.00,0.000,0.0,0,10.5,4.6,23,9.74,3,33.5,40,24.9,57,1019.2,2.7
2025-11-21,53.0,2025-11-21T07:50,2025-11-21T17:33,34970.36,0.00,0.000,0.0,1,17.7,9.2,226,3.20,3,38.2,87,36.9,68,1013.4,4.5
2025-11-22,50.7,2025-11-22T07:51,2025-11-22T17:32,34868.43,1503.66,0.043,2.0,86,21.3,10.3,320,3.02,53,39.9,73,39.1,74,1008.6,5.1
2025-11-23,49.4,2025-11-23T07:52,2025-11-23T17:32,34769.75,21600.00,0.000,0.0,3,28.6,12.1,235,7.02,3,31.7,25,27.2,57,1011.4,5.0
2025-11-24,53.3,2025-11-24T07:53,2025-11-24T17:31,34673.26,32400.00,0.000,0.0,0,21.0,13.1,283,10.20,3,42.0,10,26.7,46,1017.5,7.0
2025-11-25,55.0,2025-11-25T07:54,2025-11-25T17:31,34578.97,9182.30,0.244,5.0,100,25.1,11.1,163,5.95,61,38.6,87,38.1,70,1017.8,5.0
2025-11-26,58.6,2025-11-26T07:55,2025-11-26T17:30,34487.02,0.00,0.213,2.0,90,31.5,12.8,217,2.44,63,53.7,85,53.0,88,1004.9,7.0
2025-11-27,50.0,2025-11-27T07:56,2025-11-27T17:30,34397.52,32291.19,0.000,0.0,1,33.6,18.2,258,9.71,3,36.9,40,22.0,44,1007.9,12.7
2025-11-28,43.1,2025-11-28T07:58,2025-11-28T17:29,34310.59,25200.00,0.000,0.0,0,31.5,19.3,246,9.41,3,31.5,23,18.6,49,1010.0,12.8
2025-11-29,43.2,2025-11-29T07:59,2025-11-29T17:29,34226.38,32161.50,0.000,0.0,0,27.7,11.8,283,9.87,3,31.2,17,16.2,44,1024.7,7.8
2025-11-30,44.1,2025-11-30T08:00,2025-11-30T17:29,34145.00,0.00,0.138,3.0,83,23.7,9.3,204,1.32,61,34.4,97,30.6,73,1020.7,5.1
2025-12-01,43.8,2025-12-01T08:01,2025-12-01T17:28,34066.58,32034.50,0.000,0.0,0,30.9,13.4,291,9.84,3,29.7,46,20.0,50,1020.4,7.9
2025-12-02,39.1,2025-12-02T08:02,2025-12-02T17:28,33991.25,0.00,0.567,8.0,100,25.5,10.3,355,1.52,63,26.5,95,28.6,79,1009.1,6.1
2025-12-03,41.1,2025-12-03T08:03,2025-12-03T17:28,33919.15,31911.26,0.000,0.0,0,33.3,15.7,295,9.40,3,31.1,43,22.6,62,1010.7,7.4
2025-12-04,42.6,2025-12-04T08:04,2025-12-04T17:28,33850.40,25842.67,0.000,0.0,5,34.7,17.3,275,8.72,3,25.0,24,19.1,56,1013.8,9.7
2025-12-05,30.7,2025-12-05T08:05,2025-12-05T17:28,33785.13,20136.56,0.000,0.0,1,20.6,8.8,28,7.23,3,19.3,68,10.8,54,1019.4,5.7
2025-12-06,42.3,2025-12-06T08:06,2025-12-06T17:28,33723.48,10748.89,0.000,0.0,4,18.8,8.1,266,5.95,3,30.5,64,27.3,75,1009.2,4.5
2025-12-07,42.2,2025-12-07T08:07,2025-12-07T17:28,33665.57,21658.77,0.000,0.0,1,24.6,8.8,246,6.05,3,27.9,44,23.0,61,1013.5,4.7
2025-12-08,37.4,2025-12-08T08:07,2025-12-08T17:28,33611.54,27505.14,0.000,0.0,0,30.2,14.7,334,9.04,3,21.9,57,4.7,36,1018.9,9.4
2025-12-09,33.3,2025-12-09T08:08,2025-12-09T17:28,33561.52,27894.41,0.000,0.0,1,31.8,10.1,205,9.18,3,15.6,33,4.8,42,1017.7,6.0
2025-12-10,46.8,2025-12-10T08:09,2025-12-10T17:28,33515.63,512.12,0.083,2.0,86,34.4,12.1,196,5.08,61,30.6,87,28.1,69,999.7,9.0
2025-12-11,39.7,2025-12-11T08:10,2025-12-11T17:28,33474.01,31185.54,0.000,0.0,4,35.6,19.4,273,9.33,3,27.0,27,17.9,54,999.0,14.0
2025-12-12,35.5,2025-12-12T08:11,2025-12-12T17:28,33436.77,31431.38,0.000,0.0,0,31.1,14.9,272,9.39,3,24.0,19,10.1,46,1012.2,10.4
2025-12-13,41.3,2025-12-13T08:11,2025-12-13T17:28,33403.90,7200.00,0.031,2.0,15,25.3,10.1,222,5.46,73,23.8,71,19.2,58,1014.8,4.9
2025-12-14,34.5,2025-12-14T08:12,2025-12-14T17:28,33374.95,14400.00,0.461,12.0,96,31.3,16.0,302,6.51,73,20.7,67,22.7,80,1011.4,8.2
2025-12-15,29.6,2025-12-15T08:13,2025-12-15T17:29,33349.91,27365.41,0.000,0.0,3,38.0,16.2,284,8.37,3,19.1,58,10.5,57,1018.4,10.7
2025-12-16,32.3,2025-12-16T08:13,2025-12-16T17:29,33328.78,28800.00,0.000,0.0,0,25.9,10.1,226,8.87,3,23.9,11,13.0,55,1018.1,5.2
2025-12-17,47.6,2025-12-17T08:14,2025-12-17T17:29,33311.56,28800.00,0.000,0.0,0,27.3,9.0,225,8.11,3,25.1,41,21.1,57,1011.9,5.5
2025-12-18,50.7,2025-12-18T08:15,2025-12-18T17:30,33298.26,31190.38,0.000,0.0,1,21.9,11.9,111,8.66,3,31.4,28,32.5,73,1019.2,5.7
2025-12-19,56.7,2025-12-19T08:15,2025-12-19T17:30,33288.89,0.00,1.126,9.0,100,46.8,25.9,210,0.82,65,32.1,76,41.5,78,998.1,15.7
2025-12-20,38.3,2025-12-20T08:16,2025-12-20T17:30,33283.44,29816.57,0.000,0.0,0,32.7,16.7,250,8.36,3,29.9,47,17.1,52,1014.7,8.8
2025-12-21,47.5,2025-12-21T08:16,2025-12-21T17:31,33281.91,22095.25,0.000,0.0,3,34.0,18.8,264,8.74,3,29.3,38,20.0,51,1014.2,10.8
2025-12-22,39.7,2025-12-22T08:17,2025-12-22T17:32,33284.31,31060.14,0.000,0.0,1,23.9,11.8,254,9.00,3,24.7,19,13.3,47,1026.8,7.8
2025-12-23,38.0,2025-12-23T08:17,2025-12-23T17:32,33290.62,0.00,0.319,9.0,87,16.6,7.0,213,2.70,73,33.3,98,28.4,78,1018.2,4.6
2025-12-24,46.2,2025-12-24T08:18,2025-12-24T17:33,33300.83,31006.38,0.000,0.0,0,38.3,22.5,298,9.24,3,33.2,20,25.8,60,1014.7,10.7
2025-12-25,49.5,2025-12-25T08:18,2025-12-25T17:33,33314.95,30982.66,0.000,0.0,5,36.7,17.6,282,8.80,3,29.4,28,19.8,51,1013.2,9.1
2025-12-26,28.8,2025-12-26T08:18,2025-12-26T17:34,33332.95,12961.17,0.429,6.0,98,21.0,11.0,1,5.95,75,20.3,58,9.0,54,1017.0,7.1
2025-12-27,29.7,2025-12-27T08:19,2025-12-27T17:35,33354.83,0.00,0.343,7.0,90,24.2,11.7,5,3.04,75,23.4,93,23.1,86,1013.5,7.5
2025-12-28,34.2,2025-12-28T08:19,2025-12-28T17:35,33380.57,3131.89,0.016,1.0,25,20.8,6.0,252,5.52,51,19.2,74,21.8,82,1016.1,4.0
2025-12-29,46.4,2025-12-29T08:19,2025-12-29T17:36,33410.16,0.00,0.071,3.0,76,44.3,21.0,243,0.92,53,30.7,84,30.7,76,994.5,8.6
2025-12-30,33.3,2025-12-30T08:19,2025-12-30T17:37,33443.57,4763.00,0.000,0.0,0,43.8,20.6,265,7.44,3,26.1,72,8.6,40,1000.1,17.1
2025-12-31,32.9,2025-12-31T08:20,2025-12-31T17:38,33480.80,15399.90,0.000,0.0,6,28.4,13.6,240,7.53,3,25.5,61,10.7,48,1005.0,10.0
2026-01-01,33.2,2026-01-01T08:20,2026-01-01T17:38,33521.80,30883.78,0.114,1.0,57,33.8,21.5,274,9.82,75,20.3,49,9.5,48,1002.6,12.9
2026-01-02,30.2,2026-01-02T08:20,2026-01-02T17:39,33566.75,16480.17,0.000,0.0,3,30.9,12.0,257,7.51,3,20.7,69,11.3,56,1005.2,8.6
2026-01-03,30.6,2026-01-03T08:20,2026-01-03T17:40,33616.07,20357.66,0.000,0.0,1,24.6,10.7,284,8.73,3,23.3,51,7.8,44,1009.9,6.4
2026-01-04,34.9,2026-01-04T08:20,2026-01-04T17:41,33669.69,30635.76,0.000,0.0,5,20.6,11.7,299,8.92,3,26.3,70,16.7,59,1013.8,5.7
2026-01-05,36.4,2026-01-05T08:20,2026-01-05T17:42,33727.46,3600.00,0.000,0.0,14,25.3,9.6,195,5.88,3,25.4,69,17.9,58,1017.0,5.6
2026-01-06,41.2,2026-01-06T08:20,2026-01-06T17:43,33789.25,3600.00,0.000,0.0,3,19.0,8.4,60,5.81,3,32.1,93,28.2,71,1009.0,4.5
2026-01-07,49.1,2026-01-07T08:19,2026-01-07T17:44,33854.93,19762.03,0.055,1.0,29,29.8,15.0,299,7.30,61,36.0,89,35.3,79,1003.5,8.5
2026-01-08,51.6,2026-01-08T08:19,2026-01-08T17:45,33924.34,28800.00,0.000,0.0,0,23.5,10.1,300,9.34,3,37.2,32,31.0,59,1017.1,5.8
2026-01-09,51.9,2026-01-09T08:19,2026-01-09T17:46,33997.34,18067.23,0.000,0.0,30,23.7,12.4,158,7.01,3,33.7,72,38.7,85,1018.5,6.0
2026-01-10,51.8,2026-01-10T08:19,2026-01-10T17:47,34073.80,3007.19,0.469,9.0,100,19.5,9.8,17,4.32,63,38.7,98,37.4,80,1015.0,6.5
2026-01-11,47.0,2026-01-11T08:19,2026-01-11T17:48,34153.58,25936.67,0.043,2.0,36,37.1,17.0,278,9.37,71,33.7,58,31.0,70,1005.2,10.1
2026-01-12,42.0,2026-01-12T08:18,2026-01-12T17:49,34236.55,30964.38,0.000,0.0,3,40.7,18.1,256,10.19,3,30.6,28,17.2,48,1015.6,11.8
2026-01-13,47.6,2026-01-13T08:18,2026-01-13T17:50,34322.55,30984.54,0.000,0.0,1,30.4,12.1,202,10.16,3,30.9,29,22.6,53,1011.8,7.4
2026-01-14,51.3,2026-01-14T08:18,2026-01-14T17:51,34411.46,2421.76,0.000,0.0,11,24.2,9.0,163,4.20,3,40.6,95,29.7,55,999.0,4.4
2026-01-15,44.8,2026-01-15T08:17,2026-01-15T17:52,34503.14,25879.51,0.000,0.0,10,30.2,17.0,248,10.23,3,24.0,49,22.7,56,992.6,11.2
2026-01-16,33.5,2026-01-16T08:17,2026-01-16T17:54,34597.45,27528.93,0.000,0.0,2,34.0,17.3,263,10.12,3,21.6,25,6.4,42,1006.1,12.6
2026-01-17,38.0,2026-01-17T08:16,2026-01-17T17:55,34694.27,954.35,0.209,3.0,94,16.3,7.9,198,3.45,75,30.0,77,23.0,70,1014.1,4.8
2026-01-18,33.3,2026-01-18T08:16,2026-01-18T17:56,34793.45,0.00,0.268,10.0,92,23.3,8.4,347,3.39,73,30.6,91,30.6,94,1011.5,4.5
2026-01-19,30.8,2026-01-19T08:15,2026-01-19T17:57,34894.88,27549.38,0.000,0.0,4,31.5,14.5,247,10.45,3,23.4,50,18.4,69,1009.4,9.2
2026-01-20,25.6,2026-01-20T08:15,2026-01-20T17:58,34998.43,31184.10,0.000,0.0,0,30.9,15.9,259,11.37,1,16.1,12,0.8,43,1021.3,11.8
2026-01-21,35.2,2026-01-21T08:14,2026-01-21T17:59,35103.95,29259.05,0.000,0.0,18,27.7,14.5,198,10.34,3,12.5,46,7.1,49,1026.1,6.8
2026-01-22,48.9,2026-01-22T08:14,2026-01-22T18:00,35211.72,31259.79,0.000,0.0,20,37.4,18.2,230,10.61,3,35.7,65,18.0,40,1012.7,9.3
2026-01-23,39.6,2026-01-23T08:13,2026-01-23T18:02,35322.83,12648.34,0.000,0.0,0,35.6,18.4,267,8.66,3,18.6,65,2.8,29,1016.9,13.5
2026-01-24,18.6,2026-01-24T08:12,2026-01-24T18:03,35437.18,28800.00,0.000,0.0,0,27.5,17.5,315,11.72,3,8.9,40,-8.5,36,1031.7,10.5
2026-01-25,20.7,2026-01-25T08:11,2026-01-25T18:04,35554.57,0.00,1.618,17.0,100,33.3,15.4,22,6.23,75,9.8,93,6.5,74,1022.7,10.4
2026-01-26,26.5,2026-01-26T08:11,2026-01-26T18:05,35674.83,21600.00,0.055,1.0,63,33.6,18.0,314,10.17,73,16.7,84,14.5,78,1004.7,9.1
2026-01-27,20.3,2026-01-27T08:10,2026-01-27T18:06,35797.77,25461.12,0.000,0.0,4,40.3,20.1,254,11.34,3,11.5,42,1.5,52,1012.8,10.5
2026-01-28,23.6,2026-01-28T08:09,2026-01-28T18:08,35923.21,31541.34,0.000,0.0,0,31.5,9.8,256,12.17,3,11.6,37,0.8,50,1014.6,7.3
2026-01-29,22.9,2026-01-29T08:08,2026-01-29T18:09,36050.96,31595.46,0.000,0.0,0,23.9,11.0,278,12.58,2,8.1,18,-0.9,50,1014.5,7.9
2026-01-30,18.8,2026-01-30T08:07,2026-01-30T18:10,36180.87,32119.88,0.000,0.0,0,30.6,13.5,287,12.95,3,6.9,33,-4.5,46,1017.1,10.8
2026-01-31,23.4,2026-01-31T08:06,2026-01-31T18:11,36312.75,31322.69,0.000,0.0,0,28.4,12.4,318,11.76,3,5.9,45,-0.8,51,1016.4,6.0
2026-02-01,23.1,2026-02-01T08:05,2026-02-01T18:13,36446.43,25200.00,0.000,0.0,0,39.6,19.7,331,12.50,3,7.2,54,0.5,54,1007.4,13.3
2026-02-02,33.7,2026-02-02T08:04,2026-02-02T18:14,36581.75,33595.07,0.000,0.0,0,29.3,13.0,293,13.00,2,10.8,3,2.3,43,1011.5,8.3
2026-02-03,32.6,2026-02-03T08:03,2026-02-03T18:15,36718.56,25311.04,0.000,0.0,0,16.8,7.5,268,11.91,3,15.9,28,8.3,49,1016.8,5.1
2026-02-04,32.7,2026-02-04T08:02,2026-02-04T18:16,36856.68,35398.93,0.000,0.0,0,16.8,10.4,285,13.35,3,22.3,34,8.6,44,1018.0,6.3
2026-02-05,32.0,2026-02-05T08:01,2026-02-05T18:18,36995.96,35300.30,0.000,0.0,0,10.1,5.9,315,13.16,3,13.9,30,7.1,50,1013.7,3.8
2026-02-06,31.5,2026-02-06T08:00,2026-02-06T18:19,37136.25,10853.66,0.000,0.0,11,16.3,7.8,301,11.85,3,15.3,63,8.7,53,1002.9,4.1
2026-02-07,25.5,2026-02-07T07:59,2026-02-07T18:20,37277.41,22240.77,0.000,0.0,5,40.3,24.3,296,12.32,3,5.4,82,2.0,57,1002.5,17.3
2026-02-08,18.5,2026-02-08T07:58,2026-02-08T18:21,37419.28,35822.85,0.000,0.0,0,38.0,18.1,304,14.34,1,2.3,8,-7.4,46,1016.7,15.5
2026-02-09,29.9,2026-02-09T07:56,2026-02-09T18:23,37561.72,35892.46,0.000,0.0,0,25.1,8.5,294,14.14,45,5.8,37,0.6,47,1019.9,6.0
2026-02-10,35.1,2026-02-10T07:55,2026-02-10T18:24,37704.59,11996.59,0.000,0.0,4,18.6,6.4,194,9.45,3,23.8,66,11.2,47,1014.0,3.7
2026-02-11,41.0,2026-02-11T07:54,2026-02-11T18:25,37848.19,29334.64,0.000,0.0,16,32.4,15.5,275,12.90,3,30.6,40,23.4,62,1003.5,8.9
2026-02-12,37.2,2026-02-12T07:53,2026-02-12T18:26,37993.78,26433.21,0.000,0.0,1,30.6,16.6,298,11.29,3,27.6,48,16.5,51,1010.2,12.4
2026-02-13,39.5,2026-02-13T07:52,2026-02-13T18:27,38141.31,36000.00,0.000,0.0,0,25.7,10.2,287,14.57,3,20.8,36,12.1,49,1016.1,6.7
2026-02-14,46.9,2026-02-14T07:50,2026-02-14T18:29,38290.62,25781.75,0.000,0.0,8,18.3,9.9,245,10.83,3,27.0,48,19.3,52,1014.9,5.0
2026-02-15,38.9,2026-02-15T07:49,2026-02-15T18:30,38441.57,23133.35,0.016,1.0,28,17.9,9.2,53,11.75,73,27.9,67,24.7,68,1014.4,5.0
2026-02-16,39.1,2026-02-16T07:48,2026-02-16T18:31,38593.98,14719.49,0.130,6.0,46,22.8,11.0,35,9.46,73,29.1,76,25.9,75,1016.0,7.3
2026-02-17,46.6,2026-02-17T07:46,2026-02-17T18:32,38747.73,14434.54,0.000,0.0,2,16.8,8.0,204,7.37,45,31.2,75,32.9,82,1015.9,5.5
2026-02-18,38.8,2026-02-18T07:45,2026-02-18T18:33,38902.64,0.00,0.063,4.0,47,13.6,5.6,102,3.94,51,34.2,97,35.3,95,1008.3,3.7
2026-02-19,39.8,2026-02-19T07:44,2026-02-19T18:35,39058.61,502.89,0.000,0.0,19,17.7,8.1,46,7.34,45,33.4,100,29.1,73,1012.2,5.5
2026-02-20,35.9,2026-02-20T07:42,2026-02-20T18:36,39215.45,0.00,0.386,7.0,97,27.5,14.1,42,1.19,61,32.4,93,31.8,90,1005.2,9.6
2026-02-21,45.6,2026-02-21T07:41,2026-02-21T18:37,39373.06,10800.00,0.000,0.0,2,13.9,10.6,301,8.20,3,34.7,80,31.5,73,1009.2,5.0
2026-02-22,40.2,2026-02-22T07:39,2026-02-22T18:38,39531.29,0.00,0.744,15.0,96,35.6,15.7,35,3.02,75,30.1,90,30.7,90,1012.1,9.9
2026-02-23,34.1,2026-02-23T07:38,2026-02-23T18:39,39690.00,0.00,1.110,16.0,100,51.5,21.1,326,9.11,75,28.3,94,26.3,85,997.9,17.7
2026-02-24,30.1,2026-02-24T07:36,2026-02-24T18:41,39849.06,36000.00,0.000,0.0,0,35.1,16.7,287,16.70,3,20.1,31,11.8,54,1007.6,10.8
2026-02-25,40.1,2026-02-25T07:35,2026-02-25T18:42,40008.35,21600.00,0.079,2.0,50,26.6,9.1,189,13.10,75,19.6,59,22.1,68,1002.9,5.9
2026-02-26,43.5,2026-02-26T07:33,2026-02-26T18:43,40167.73,25658.54,0.000,0.0,4,19.5,10.0,256,15.74,3,30.8,45,20.6,51,1006.5,4.6
2026-02-27,41.2,2026-02-27T07:32,2026-02-27T18:44,40327.09,36242.95,0.000,0.0,0,16.1,9.0,140,17.07,2,24.5,4,22.4,65,1014.7,3.9
2026-02-28,52.7,2026-02-28T07:30,2026-02-28T18:45,40486.29,29215.52,0.000,0.0,1,16.6,9.4,154,14.88,45,31.4,41,34.1,81,1014.9,3.4
2026-03-01,42.8,2026-03-01T07:29,2026-03-01T18:46,40645.20,21829.41,0.043,2.0,35,28.2,10.1,345,11.19,73,32.3,42,24.2,64,1017.7,6.3
2026-03-02,35.4,2026-03-02T07:27,2026-03-02T18:47,40803.72,37337.18,0.000,0.0,0,16.1,9.8,21,17.62,3,22.1,36,8.3,42,1032.4,6.2
2026-03-03,33.6,2026-03-03T07:26,2026-03-03T18:49,40962.12,0.00,0.335,10.0,85,12.1,7.1,58,3.36,73,26.9,87,27.0,84,1028.0,4.2
2026-03-04,49.0,2026-03-04T07:24,2026-03-04T18:50,41121.60,24252.40,0.087,2.0,71,12.5,5.1,253,14.39,55,33.8,84,36.5,84,1019.9,3.0
2026-03-05,44.1,2026-03-05T07:23,2026-03-05T18:51,41282.15,0.00,0.598,9.0,100,24.6,11.4,55,1.03,63,38.3,100,39.1,93,1019.8,5.4
2026-03-06,40.3,2026-03-06T07:21,2026-03-06T18:52,41443.65,6941.61,0.752,3.0,100,28.9,13.6,39,7.45,65,36.8,100,35.6,90,1023.3,7.8
2026-03-07,46.5,2026-03-07T07:20,2026-03-07T18:53,41605.98,0.00,0.000,0.0,4,18.3,7.7,151,4.38,45,35.7,100,39.1,95,1017.5,4.4
2026-03-08,68.2,2026-03-08T07:18,2026-03-08T18:54,41769.02,10800.00,0.000,0.0,14,24.8,10.2,227,9.57,3,47.2,92,47.4,75,1005.3,7.2
2026-03-09,73.4,2026-03-09T07:16,2026-03-09T18:55,41932.67,38304.69,0.000,0.0,0,23.5,12.4,202,18.64,0,45.4,1,34.7,42,1011.5,5.9
2026-03-10,79.2,2026-03-10T07:15,2026-03-10T18:56,42096.82,38402.71,0.000,0.0,0,17.0,10.6,182,18.09,0,46.8,2,43.5,53,1011.7,4.9
2026-03-11,72.3,2026-03-11T07:13,2026-03-11T18:58,42261.34,22920.83,0.016,1.0,48,24.4,12.6,140,12.73,51,51.7,48,46.9,62,1007.0,5.5
2026-03-12,56.7,2026-03-12T07:11,2026-03-12T18:59,42426.14,2173.34,0.240,7.0,78,32.2,19.9,295,4.15,73,34.9,86,39.2,82,1003.1,8.9
2026-03-13,42.0,2026-03-13T07:10,2026-03-13T19:00,42591.09,20583.60,0.000,0.0,3,34.7,17.9,188,14.28,3,30.3,50,21.5,54,1012.4,10.7
2026-03-14,52.2,2026-03-14T07:08,2026-03-14T19:01,42756.11,38799.62,0.000,0.0,13,39.1,21.2,274,20.08,3,36.8,11,22.4,47,1011.1,11.6
2026-03-15,44.7,2026-03-15T07:06,2026-03-15T19:02,42921.06,10580.30,0.000,0.0,10,30.6,13.0,86,10.92,3,34.8,66,24.4,55,1024.8,7.4
2026-03-16,59.0,2026-03-16T07:05,2026-03-16T19:03,43085.86,3600.00,0.102,4.0,95,45.6,19.6,146,5.53,55,45.8,100,50.4,92,1001.9,13.1
2026-03-17,54.1,2026-03-17T07:03,2026-03-17T19:04,43250.38,35499.22,0.016,1.0,65,53.0,25.7,258,19.91,51,31.2,58,20.2,51,1004.4,16.2
2026-03-18,37.3,2026-03-18T07:01,2026-03-18T19:05,43414.52,34452.84,0.000,0.0,1,20.6,11.8,279,19.92,3,26.0,21,10.6,44,1023.6,7.9
2026-03-19,40.7,2026-03-19T07:00,2026-03-19T19:06,43578.18,24605.12,0.000,0.0,1,11.6,9.0,159,16.01,3,27.7,30,22.0,61,1021.0,4.3
2026-03-20,56.9,2026-03-20T06:58,2026-03-20T19:07,43741.23,35797.08,0.031,2.0,65,25.5,14.2,164,19.29,51,33.4,48,33.7,66,1011.6,7.1
2026-03-21,58.4,2026-03-21T06:57,2026-03-21T19:08,43903.59,34912.93,0.000,0.0,34,24.6,13.3,332,17.40,3,45.1,53,40.5,70,1007.2,6.3
2026-03-22,58.9,2026-03-22T06:55,2026-03-22T19:09,44065.12,10800.00,0.114,1.0,84,23.0,11.1,100,9.73,63,41.4,80,40.7,75,1005.8,6.3
2026-03-23,49.6,2026-03-23T06:53,2026-03-23T19:10,44226.09,0.00,0.614,5.0,100,30.6,16.0,334,2.72,63,33.2,92,37.4,86,1007.6,9.1
2026-03-24,49.2,2026-03-24T06:52,2026-03-24T19:12,44387.62,39600.00,0.000,0.0,0,27.1,13.2,269,22.25,1,30.9,4,20.5,50,1023.2,7.8
2026-03-25,53.5,2026-03-25T06:50,2026-03-25T19:13,44549.69,30110.02,0.000,0.0,10,29.1,15.6,170,19.23,3,33.2,53,26.5,53,1022.6,7.3
2026-03-26,76.0,2026-03-26T06:48,2026-03-26T19:14,44712.19,28800.00,0.000,0.0,16,36.0,16.3,193,19.09,3,43.8,52,41.8,57,1008.3,9.1
2026-03-27,67.4,2026-03-27T06:47,2026-03-27T19:15,44875.04,13077.10,0.087,1.0,85,30.2,14.2,334,14.57,61,40.8,84,37.0,56,1009.3,9.0
2026-03-28,43.7,2026-03-28T06:45,2026-03-28T19:16,45038.13,36000.00,0.000,0.0,0,27.5,14.3,319,22.38,3,30.5,25,12.6,38,1024.3,9.3
2026-03-29,54.0,2026-03-29T06:43,2026-03-29T19:17,45201.37,39706.13,0.000,0.0,0,28.6,14.4,174,22.27,3,30.1,18,21.3,44,1028.7,7.0
2026-03-30,72.9,2026-03-30T06:42,2026-03-30T19:18,45364.65,36000.00,0.000,0.0,14,29.1,15.4,210,21.03,3,44.0,25,40.1,53,1017.7,10.5
2026-03-31,80.6,2026-03-31T06:40,2026-03-31T19:19,45527.88,36423.36,0.000,0.0,18,25.9,15.8,210,20.90,3,61.2,52,52.2,54,1011.2,10.3
2026-04-01,79.9,2026-04-01T06:38,2026-04-01T19:20,45690.94,12169.80,0.016,1.0,21,22.4,12.8,262,11.61,51,56.7,76,53.9,60,1012.6,8.9
2026-04-02,54.8,2026-04-02T06:37,2026-04-02T19:21,45853.75,0.00,0.114,1.0,79,28.2,13.6,55,4.40,63,41.0,100,41.5,89,1025.2,10.6
2026-04-03,66.6,2026-04-03T06:35,2026-04-03T19:22,46016.20,12376.68,0.016,1.0,5,22.4,11.3,176,13.10,51,40.3,81,46.7,87,1020.6,5.5
2026-04-04,70.5,2026-04-04T06:33,2026-04-04T19:23,46178.17,32400.00,0.016,1.0,15,27.5,14.1,85,19.39,51,43.3,49,50.4,75,1017.8,7.6
2026-04-05,56.0,2026-04-05T06:32,2026-04-05T19:24,46339.57,0.00,0.075,3.0,98,25.3,12.7,308,3.54,55,41.9,98,45.3,90,1008.7,7.1
2026-04-06,55.3,2026-04-06T06:30,2026-04-06T19:25,46500.29,32400.00,0.000,0.0,3,35.1,15.1,292,22.41,3,39.3,28,25.9,43,1012.4,10.6
2026-04-07,55.6,2026-04-07T06:28,2026-04-07T19:26,46660.21,43200.00,0.000,0.0,14,28.4,19.1,290,23.84,3,34.2,37,24.2,43,1018.6,11.4
2026-04-08,49.9,2026-04-08T06:27,2026-04-08T19:27,46819.24,43285.57,0.000,0.0,0,22.4,10.3,41,25.48,0,29.2,1,18.2,47,1031.4,7.3
2026-04-09,50.0,2026-04-09T06:25,2026-04-09T19:28,46977.24,39600.00,0.000,0.0,0,16.3,11.4,147,23.71,3,30.8,19,32.9,73,1030.7,6.2
2026-04-10,62.1,2026-04-10T06:24,2026-04-10T19:29,47134.12,36847.20,0.000,0.0,4,21.7,12.6,169,22.84,45,39.6,39,40.4,74,1021.8,6.4
2026-04-11,63.3,2026-04-11T06:22,2026-04-11T19:30,47289.75,44069.59,0.000,0.0,9,29.8,15.0,309,25.20,3,52.0,14,33.8,44,1019.0,10.4
2026-04-12,55.6,2026-04-12T06:21,2026-04-12T19:31,47444.36,40118.64,0.000,0.0,1,22.8,13.6,129,24.62,3,39.7,11,31.0,52,1026.9,8.0
2026-04-13,80.9,2026-04-13T06:19,2026-04-13T19:33,47599.03,20915.14,0.000,0.0,13,31.5,17.2,208,13.15,45,46.2,54,49.6,63,1014.5,8.1
2026-04-14,86.9,2026-04-14T06:18,2026-04-14T19:34,47753.73,43949.72,0.000,0.0,20,25.7,15.0,221,23.79,3,60.2,18,55.4,51,1009.8,7.5
2026-04-15,89.8,2026-04-15T06:16,2026-04-15T19:35,47908.36,43218.09,0.000,0.0,23,21.5,13.3,225,23.39,3,66.3,39,59.7,54,1008.3,7.3
2026-04-16,88.9,2026-04-16T06:15,2026-04-16T19:36,48062.82,43116.66,0.000,0.0,3,27.3,13.2,178,23.94,45,72.4,41,58.3,49,1006.3,7.2
2026-04-17,78.8,2026-04-17T06:13,2026-04-17T19:37,48217.00,23837.84,0.000,0.0,35,30.0,16.0,319,13.46,45,60.5,45,57.7,63,1006.8,6.3
2026-04-18,64.4,2026-04-18T06:12,2026-04-18T19:38,48370.79,31633.49,0.000,0.0,0,18.1,13.5,93,18.33,45,49.4,73,52.0,83,1012.7,6.4
2026-04-19,51.1,2026-04-19T06:10,2026-04-19T19:39,48524.08,10800.00,0.083,3.0,73,29.8,16.0,308,6.58,53,41.1,79,41.6,82,1008.2,7.4
2026-04-20,51.1,2026-04-20T06:09,2026-04-20T19:40,48676.75,9960.58,0.000,0.0,3,21.5,14.4,299,14.72,3,35.4,41,26.1,54,1017.6,7.6
2026-04-21,53.3,2026-04-21T06:07,2026-04-21T19:41,48828.70,46048.55,0.000,0.0,12,21.9,12.1,200,26.88,1,31.6,5,19.6,41,1022.8,6.1
2026-04-22,53.0,2026-04-22T06:06,2026-04-22T19:42,48979.80,596.03,0.031,2.0,54,21.5,10.5,129,7.42,51,43.7,89,40.8,76,1015.2,6.9
2026-04-23,74.4,2026-04-23T06:04,2026-04-23T19:43,49129.93,43200.00,0.000,0.0,8,30.9,13.8,310,26.39,3,42.4,32,39.1,56,1008.9,6.4
2026-04-24,68.6,2026-04-24T06:03,2026-04-24T19:44,49278.98,43200.00,0.000,0.0,3,18.8,11.5,71,26.28,3,49.2,36,35.9,46,1006.1,5.9
2026-04-25,49.0,2026-04-25T06:01,2026-04-25T19:45,49426.81,6791.35,0.827,12.0,100,19.0,10.6,93,6.80,63,41.1,76,39.3,82,1012.6,7.9
2026-04-26,58.1,2026-04-26T06:00,2026-04-26T19:46,49573.30,25200.00,0.142,3.0,92,19.2,10.4,45,17.81,61,41.4,54,40.0,77,1015.5,7.2
2026-04-27,68.8,2026-04-27T05:59,2026-04-27T19:47,49718.32,46555.97,0.000,0.0,0,14.1,10.4,102,27.31,0,41.9,0,39.2,61,1019.6,5.2
2026-04-28,65.7,2026-04-28T05:57,2026-04-28T19:48,49861.73,25036.24,0.000,0.0,6,14.3,9.0,184,21.80,3,44.5,43,36.5,50,1016.9,4.9
2026-04-29,63.0,2026-04-29T05:56,2026-04-29T19:49,50003.40,39515.02,0.016,1.0,63,18.3,13.5,148,25.56,51,48.6,69,42.1,64,1010.6,6.4
2026-04-30,59.9,2026-04-30T05:55,2026-04-30T19:50,50143.18,1355.74,0.102,3.0,91,17.9,9.0,250,7.94,61,46.8,85,45.9,81,1004.0,4.2
2026-05-01,65.5,2026-05-01T05:53,2026-05-01T19:51,50280.95,46800.00,0.000,0.0,3,26.2,14.7,244,28.14,3,43.5,12,35.6,52,1007.7,7.5
2026-05-02,61.6,2026-05-02T05:52,2026-05-02T19:52,50416.89,16746.11,0.000,0.0,15,19.0,8.1,298,15.44,3,50.3,80,37.3,55,1007.4,5.0
2026-05-03,60.7,2026-05-03T05:51,2026-05-03T19:54,50552.02,32400.00,0.000,0.0,0,30.4,16.6,299,23.78,3,44.9,33,24.6,34,1007.2,11.0
2026-05-04,74.6,2026-05-04T05:50,2026-05-04T19:55,50686.32,46800.00,0.000,0.0,0,27.1,14.1,209,27.90,1,46.4,3,36.3,42,1008.0,9.5
2026-05-05,84.8,2026-05-05T05:49,2026-05-05T19:56,50819.65,39937.53,0.000,0.0,10,36.5,18.9,184,26.72,3,54.9,8,48.8,51,1006.0,10.1
2026-05-06,69.7,2026-05-06T05:47,2026-05-06T19:57,50951.93,9073.09,0.016,1.0,43,34.4,12.5,189,10.59,51,58.7,69,55.8,76,1004.7,9.1
2026-05-07,65.2,2026-05-07T05:46,2026-05-07T19:58,51083.01,32554.91,0.185,4.0,67,28.0,10.5,315,25.59,61,49.6,46,38.2,55,1005.2,7.5
2026-05-08,62.4,2026-05-08T05:45,2026-05-08T19:59,51212.78,32400.00,0.000,0.0,23,31.5,16.2,278,21.74,3,46.6,61,37.5,52,1007.7,7.2
2026-05-09,64.4,2026-05-09T05:44,2026-05-09T20:00,51341.12,1966.90,0.016,1.0,63,19.5,8.1,109,15.52,51,51.3,71,49.3,78,1007.9,3.7
2026-05-10,73.8,2026-05-10T05:43,2026-05-10T20:01,51467.89,13178.75,0.000,0.0,26,16.1,8.0,183,16.20,45,51.4,86,54.3,83,1008.9,4.0
2026-05-11,62.0,2026-05-11T05:42,2026-05-11T20:02,51592.98,19932.08,0.000,0.0,9,27.7,14.9,350,23.39,3,52.7,72,29.9,36,1014.6,5.8
2026-05-12,67.8,2026-05-12T05:41,2026-05-12T20:03,51716.25,46800.00,0.000,0.0,2,24.4,14.2,267,29.78,1,43.6,3,33.3,45,1016.6,7.7
2026-05-13,73.4,2026-05-13T05:40,2026-05-13T20:04,51837.57,25200.00,0.016,1.0,11,36.5,21.3,167,21.88,51,49.9,62,46.0,60,1010.0,9.7
2026-05-14,66.5,2026-05-14T05:39,2026-05-14T20:05,51956.79,15935.74,0.016,1.0,46,22.8,13.2,268,15.05,51,54.7,88,48.1,69,1003.6,6.3
2026-05-15,66.6,2026-05-15T05:38,2026-05-15T20:06,52073.77,39615.00,0.000,0.0,1,20.6,12.3,298,21.85,3,49.6,43,45.0,62,1007.4,7.8
2026-05-16,79.9,2026-05-16T05:37,2026-05-16T20:07,52188.39,46800.00,0.000,0.0,1,26.8,13.9,206,28.66,0,51.3,0,47.5,52,1012.5,6.9
2026-05-17,89.7,2026-05-17T05:36,2026-05-17T20:08,52300.50,46800.00,0.000,0.0,1,18.1,11.4,213,28.86,2,64.5,4,56.0,50,1012.2,6.7
2026-05-18,87.6,2026-05-18T05:35,2026-05-18T20:09,52409.94,46800.00,0.000,0.0,1,23.0,15.3,154,27.85,45,69.0,5,63.5,61,1016.0,6.1
2026-05-19,94.4,2026-05-19T05:34,2026-05-19T20:10,52516.57,46800.00,0.000,0.0,4,27.5,14.0,217,26.74,2,71.0,6,63.7,53,1013.2,8.8
2026-05-20,93.1,2026-05-20T05:33,2026-05-20T20:10,52620.25,39600.00,0.256,2.0,73,24.2,16.1,263,26.04,81,68.7,34,64.7,57,1010.6,8.9
