run_id,feature_set,feature_count,distribution,hyperparams_name,sigma_factor,split,nll,bucket_log_loss,bucket_brier,mean_sigma,median_sigma,nll_rank,brier_rank,log_loss_rank,rank_sum
current36__normal__fast_120_lr005_depth2_leaf50_sub1_direct,current36,36,normal,fast_120_lr005_depth2_leaf50_sub1_direct,0.6,validation,2.5506047622448937,1.4107724138498758,0.1393727865555646,1.04364796257566,1.0615957393136433,340.0,314.0,322.0,976.0
current36__normal__fast_120_lr005_depth2_leaf50_sub1_direct,current36,36,normal,fast_120_lr005_depth2_leaf50_sub1_direct,0.6,test,2.264892821631871,1.3332012128882307,0.12909257228213472,1.1005180227684563,1.096225718489174,340.0,314.0,322.0,976.0
current36__normal__fast_120_lr005_depth2_leaf50_sub1_direct,current36,36,normal,fast_120_lr005_depth2_leaf50_sub1_direct,0.65,validation,2.3740572767045305,1.3424933512717963,0.13618821454453114,1.1306186261236317,1.1500620509231134,322.0,296.0,305.0,923.0
current36__normal__fast_120_lr005_depth2_leaf50_sub1_direct,current36,36,normal,fast_120_lr005_depth2_leaf50_sub1_direct,0.65,test,2.1353326828125474,1.2733452753314867,0.1268036910380779,1.1922278579991612,1.187577861696605,322.0,296.0,305.0,923.0
current36__normal__fast_120_lr005_depth2_leaf50_sub1_direct,current36,36,normal,fast_120_lr005_depth2_leaf50_sub1_direct,0.7,validation,2.244568785344857,1.2910986672285334,0.13358585586872396,1.2175892896716034,1.2385283625325838,306.0,278.0,287.0,871.0
current36__normal__fast_120_lr005_depth2_leaf50_sub1_direct,current36,36,normal,fast_120_lr005_depth2_leaf50_sub1_direct,0.7,test,2.043127212687853,1.2293744338754902,0.1249960613346535,1.2839376932298656,1.2789300049040362,306.0,278.0,287.0,871.0
current36__normal__fast_120_lr005_depth2_leaf50_sub1_direct,current36,36,normal,fast_120_lr005_depth2_leaf50_sub1_direct,0.75,validation,2.1493104193537587,1.2527000808435222,0.13146943945739173,1.3045599532195753,1.3269946741420542,286.0,258.0,267.0,811.0
current36__normal__fast_120_lr005_depth2_leaf50_sub1_direct,current36,36,normal,fast_120_lr005_depth2_leaf50_sub1_direct,0.75,test,1.977946885721056,1.1973293589975476,0.12358630308580243,1.3756475284605703,1.3702821481114675,286.0,258.0,267.0,811.0
current36__normal__fast_120_lr005_depth2_leaf50_sub1_direct,current36,36,normal,fast_120_lr005_depth2_leaf50_sub1_direct,0.8,validation,2.0794213382665676,1.2243140462124402,0.12976475722584427,1.391530616767547,1.4154609857515243,266.0,243.0,247.0,756.0
current36__normal__fast_120_lr005_depth2_leaf50_sub1_direct,current36,36,normal,fast_120_lr005_depth2_leaf50_sub1_direct,0.8,test,1.932674475581018,1.1743942776741478,0.12251217711853793,1.4673573636912751,1.4616342913188984,266.0,243.0,247.0,756.0
current36__normal__fast_120_lr005_depth2_leaf50_sub1_direct,current36,36,normal,fast_120_lr005_depth2_leaf50_sub1_direct,0.85,validation,2.0286356524014697,1.2037155465023361,0.12841339487927483,1.4785012803155184,1.5039272973609945,244.0,226.0,229.0,699.0
current36__normal__fast_120_lr005_depth2_leaf50_sub1_direct,current36,36,normal,fast_120_lr005_depth2_leaf50_sub1_direct,0.85,test,1.9022904843004274,1.1585201886683543,0.12172589615292213,1.5590671989219798,1.5529864345263298,244.0,226.0,229.0,699.0
current36__normal__fast_120_lr005_depth2_leaf50_sub1_direct,current36,36,normal,fast_120_lr005_depth2_leaf50_sub1_direct,0.9,validation,1.9924311447275262,1.1892499694432335,0.1273682038554456,1.56547194386349,1.592393608970465,220.0,208.0,206.0,634.0
current36__normal__fast_120_lr005_depth2_leaf50_sub1_direct,current36,36,normal,fast_120_lr005_depth2_leaf50_sub1_direct,0.9,test,1.8831827951335158,1.1481865686012553,0.12118948855243299,1.6507770341526848,1.644338577733761,220.0,208.0,206.0,634.0
current36__normal__fast_120_lr005_depth2_leaf50_sub1_direct,current36,36,normal,fast_120_lr005_depth2_leaf50_sub1_direct,0.95,validation,1.96748532921521,1.1796657226691982,0.1265901747278084,1.6524426074114618,1.680859920579935,187.0,192.0,180.0,559.0
current36__normal__fast_120_lr005_depth2_leaf50_sub1_direct,current36,36,normal,fast_120_lr005_depth2_leaf50_sub1_direct,0.95,test,1.8727060164471352,1.1422457711551504,0.12087173250955699,1.7424868693833893,1.735690720941192,187.0,192.0,180.0,559.0
current36__normal__fast_120_lr005_depth2_leaf50_sub1_direct,current36,36,normal,fast_120_lr005_depth2_leaf50_sub1_direct,1.0,validation,1.9513185740902712,1.1740018950433995,0.12604632235379487,1.7394132709594334,1.7693262321894054,154.0,174.0,161.0,489.0
current36__normal__fast_120_lr005_depth2_leaf50_sub1_direct,current36,36,normal,fast_120_lr005_depth2_leaf50_sub1_direct,1.0,test,1.8688926903311511,1.1398186131813663,0.12074618289128503,1.8341967046140941,1.8270428641486232,154.0,174.0,161.0,489.0
current36__normal__fast_120_lr005_depth2_leaf50_sub1_direct,current36,36,normal,fast_120_lr005_depth2_leaf50_sub1_direct,1.05,validation,1.9420544215648756,1.1715110270140663,0.12570826152282427,1.826383934507405,1.8577925437988758,128.0,159.0,150.0,437.0
current36__normal__fast_120_lr005_depth2_leaf50_sub1_direct,current36,36,normal,fast_120_lr005_depth2_leaf50_sub1_direct,1.05,test,1.8702595688402066,1.1402226443495012,0.12078991709954376,1.9259065398447985,1.9183950073560543,128.0,159.0,150.0,437.0
current36__normal__fast_120_lr005_depth2_leaf50_sub1_direct,current36,36,normal,fast_120_lr005_depth2_leaf50_sub1_direct,1.1,validation,1.9382552350655695,1.171604890518757,0.12555123944957386,1.913354598055377,1.9462588554083462,119.0,154.0,151.0,424.0
current36__normal__fast_120_lr005_depth2_leaf50_sub1_direct,current36,36,normal,fast_120_lr005_depth2_leaf50_sub1_direct,1.1,test,1.8756749426005543,1.1429218542628377,0.12098273726934108,2.017616375075504,2.0097471505634856,119.0,154.0,151.0,424.0
current36__normal__fast_120_lr005_depth2_leaf50_sub1_direct,current36,36,normal,fast_120_lr005_depth2_leaf50_sub1_direct,1.15,validation,1.9388073815835976,1.1738157149357757,0.1255534656451053,2.000325261603349,2.034725167017816,121.0,155.0,160.0,436.0
current36__normal__fast_120_lr005_depth2_leaf50_sub1_direct,current36,36,normal,fast_120_lr005_depth2_leaf50_sub1_direct,1.15,test,1.8842660810011524,1.1474907737706233,0.12130665507905772,2.109326210306208,2.1010992937709165,121.0,155.0,160.0,436.0
current36__normal__fast_120_lr005_depth2_leaf50_sub1_direct,current36,36,normal,fast_120_lr005_depth2_leaf50_sub1_direct,1.2,validation,1.9428396632103706,1.1777680045256114,0.12569563421199637,2.08729592515132,2.1231914786272865,133.0,158.0,175.0,466.0
current36__normal__fast_120_lr005_depth2_leaf50_sub1_direct,current36,36,normal,fast_120_lr005_depth2_leaf50_sub1_direct,1.2,test,1.8953535704730144,1.1535884414645168,0.12174554870094392,2.2010360455369127,2.192451436978348,133.0,158.0,175.0,466.0
current36__normal__fast_120_lr005_depth2_leaf50_sub1_direct,current36,36,normal,fast_120_lr005_depth2_leaf50_sub1_direct,1.25,validation,1.949664483490557,1.1831577566059974,0.12596057094806767,2.174266588699292,2.2116577902367567,150.0,169.0,191.0,510.0
current36__normal__fast_120_lr005_depth2_leaf50_sub1_direct,current36,36,normal,fast_120_lr005_depth2_leaf50_sub1_direct,1.25,test,1.9084040262443518,1.1609392543686452,0.12228492350050732,2.2927458807676175,2.283803580185779,150.0,169.0,191.0,510.0
current36__normal__fast_120_lr005_depth2_leaf50_sub1_direct,current36,36,normal,fast_120_lr005_depth2_leaf50_sub1_direct,1.3,validation,1.9587348225804326,1.189736937889934,0.12633296221705867,2.2612372522472635,2.300124101846227,169.0,187.0,207.0,563.0
current36__normal__fast_120_lr005_depth2_leaf50_sub1_direct,current36,36,normal,fast_120_lr005_depth2_leaf50_sub1_direct,1.3,test,1.922995566523336,1.1693186998176326,0.12291173494905483,2.3844557159983224,2.37515572339321,169.0,187.0,207.0,563.0
current36__normal__fast_120_lr005_depth2_leaf50_sub1_direct,current36,36,normal,fast_120_lr005_depth2_leaf50_sub1_direct,1.4,validation,1.9819436788558056,1.2056836792031718,0.12734689428211105,2.435178579343207,2.4770567250651676,208.0,206.0,233.0,647.0
current36__normal__fast_120_lr005_depth2_leaf50_sub1_direct,current36,36,normal,fast_120_lr005_depth2_leaf50_sub1_direct,1.4,test,1.955525178107454,1.1884589010772233,0.12438192458693417,2.5678753864597312,2.5578600098080724,208.0,206.0,233.0,647.0
current36__normal__fast_120_lr005_depth2_leaf50_sub1_direct,current36,36,normal,fast_120_lr005_depth2_leaf50_sub1_direct,1.5,validation,2.0098737409732443,1.2243612107180641,0.12864475052278226,2.6091199064391506,2.6539893482841084,237.0,228.0,248.0,713.0
current36__normal__fast_120_lr005_depth2_leaf50_sub1_direct,current36,36,normal,fast_120_lr005_depth2_leaf50_sub1_direct,1.5,test,1.9909747499809685,1.2098847086805302,0.1260759577235631,2.7512950569211405,2.740564296222935,237.0,228.0,248.0,713.0
current36__normal__mid_300_lr002_depth3_leaf50_sub08_direct,current36,36,normal,mid_300_lr002_depth3_leaf50_sub08_direct,0.6,validation,2.6656277193396263,1.4369813593476084,0.14025377503357053,1.0017093449847478,1.0121000364983015,348.0,320.0,330.0,998.0
current36__normal__mid_300_lr002_depth3_leaf50_sub08_direct,current36,36,normal,mid_300_lr002_depth3_leaf50_sub08_direct,0.6,test,2.4040981840793942,1.3928255985476015,0.12971459486058767,1.061472467108794,1.042564997374356,348.0,320.0,330.0,998.0
current36__normal__mid_300_lr002_depth3_leaf50_sub08_direct,current36,36,normal,mid_300_lr002_depth3_leaf50_sub08_direct,0.65,validation,2.462085717471503,1.3620164709461364,0.136957117037093,1.0851851237334769,1.0964417062064933,330.0,303.0,313.0,946.0
current36__normal__mid_300_lr002_depth3_leaf50_sub08_direct,current36,36,normal,mid_300_lr002_depth3_leaf50_sub08_direct,0.65,test,2.2444468348460154,1.3229949437592363,0.1272724217702047,1.1499285060345272,1.1294454138222192,330.0,303.0,313.0,946.0
current36__normal__mid_300_lr002_depth3_leaf50_sub08_direct,current36,36,normal,mid_300_lr002_depth3_leaf50_sub08_direct,0.7,validation,2.3111779037684963,1.3049449144628167,0.13423873795043492,1.1686609024822057,1.180783375914685,313.0,282.0,291.0,886.0
current36__normal__mid_300_lr002_depth3_leaf50_sub08_direct,current36,36,normal,mid_300_lr002_depth3_leaf50_sub08_direct,0.7,test,2.128364910417271,1.26965650660248,0.12533174230723257,1.2383845449602597,1.2163258302700821,313.0,282.0,291.0,886.0
current36__normal__mid_300_lr002_depth3_leaf50_sub08_direct,current36,36,normal,mid_300_lr002_depth3_leaf50_sub08_direct,0.75,validation,2.1986395215132535,1.2616280946059995,0.13200293902358196,1.2521366812309347,1.2651250456228769,294.0,265.0,271.0,830.0
current36__normal__mid_300_lr002_depth3_leaf50_sub08_direct,current36,36,normal,mid_300_lr002_depth3_leaf50_sub08_direct,0.75,test,2.0439222785049354,1.2297316184047569,0.12380292916069584,1.3268405838859927,1.303206246717945,294.0,265.0,271.0,830.0
current36__normal__mid_300_lr002_depth3_leaf50_sub08_direct,current36,36,normal,mid_300_lr002_depth3_leaf50_sub08_direct,0.8,validation,2.1146080133219494,1.2289154045134152,0.13017495100669704,1.335612459979664,1.3494667153310687,272.0,247.0,249.0,768.0
current36__normal__mid_300_lr002_depth3_leaf50_sub08_direct,current36,36,normal,mid_300_lr002_depth3_leaf50_sub08_direct,0.8,test,1.982885083228974,1.2000803924117454,0.12261785953972386,1.4152966228117256,1.3900866631658082,272.0,247.0,249.0,768.0
current36__normal__mid_300_lr002_depth3_leaf50_sub08_direct,current36,36,normal,mid_300_lr002_depth3_leaf50_sub08_direct,0.85,validation,2.052101429895958,1.2044608298175665,0.12869554680639425,1.4190882387283927,1.4338083850392604,254.0,230.0,230.0,714.0
current36__normal__mid_300_lr002_depth3_leaf50_sub08_direct,current36,36,normal,mid_300_lr002_depth3_leaf50_sub08_direct,0.85,test,1.9394356237449868,1.178399180380798,0.12172393216140928,1.5037526617374588,1.4769670796136711,254.0,230.0,230.0,714.0
current36__normal__mid_300_lr002_depth3_leaf50_sub08_direct,current36,36,normal,mid_300_lr002_depth3_leaf50_sub08_direct,0.9,validation,2.006074696058003,1.1865213144559594,0.12751694938078495,1.5025640174771218,1.5181500547474522,233.0,212.0,203.0,648.0
current36__normal__mid_300_lr002_depth3_leaf50_sub08_direct,current36,36,normal,mid_300_lr002_depth3_leaf50_sub08_direct,0.9,test,1.9093789451371443,1.16298077909447,0.12107966518957844,1.5922087006631913,1.5638474960615343,233.0,212.0,203.0,648.0
current36__normal__mid_300_lr002_depth3_leaf50_sub08_direct,current36,36,normal,mid_300_lr002_depth3_leaf50_sub08_direct,0.95,validation,1.9728163309317754,1.1737790908937673,0.1265998758396069,1.5860397962258506,1.602491724455644,199.0,194.0,159.0,552.0
current36__normal__mid_300_lr002_depth3_leaf50_sub08_direct,current36,36,normal,mid_300_lr002_depth3_leaf50_sub08_direct,0.95,test,1.8896360371201841,1.1525381055351518,0.12065157902154564,1.6806647395889238,1.6507279125093972,199.0,194.0,159.0,552.0
current36__normal__mid_300_lr002_depth3_leaf50_sub08_direct,current36,36,normal,mid_300_lr002_depth3_leaf50_sub08_direct,1.0,validation,1.9495524557445816,1.1652226808150565,0.1259114503376123,1.6695155749745798,1.6868333941638358,149.0,165.0,138.0,452.0
current36__normal__mid_300_lr002_depth3_leaf50_sub08_direct,current36,36,normal,mid_300_lr002_depth3_leaf50_sub08_direct,1.0,test,1.877911440043308,1.1460861416027526,0.12041203110535008,1.7691207785146572,1.7376083289572604,149.0,165.0,138.0,452.0
current36__normal__mid_300_lr002_depth3_leaf50_sub08_direct,current36,36,normal,mid_300_lr002_depth3_leaf50_sub08_direct,1.05,validation,1.9341807112637555,1.1600652583878637,0.12542373769418105,1.7529913537233086,1.7711750638720276,109.0,147.0,125.0,381.0
current36__normal__mid_300_lr002_depth3_leaf50_sub08_direct,current36,36,normal,mid_300_lr002_depth3_leaf50_sub08_direct,1.05,test,1.8724700900802334,1.1428609749835923,0.12033772336750878,1.85757681744039,1.8244887454051235,109.0,147.0,125.0,381.0
current36__normal__mid_300_lr002_depth3_leaf50_sub08_direct,current36,36,normal,mid_300_lr002_depth3_leaf50_sub08_direct,1.1,validation,1.9250877038798793,1.1576874524311414,0.12511270485709025,1.8364671324720376,1.8555167335802194,88.0,138.0,120.0,346.0
current36__normal__mid_300_lr002_depth3_leaf50_sub08_direct,current36,36,normal,mid_300_lr002_depth3_leaf50_sub08_direct,1.1,test,1.8719843587347234,1.1422631101503726,0.12040867254004817,1.9460328563661229,1.9113691618529864,88.0,138.0,120.0,346.0
current36__normal__mid_300_lr002_depth3_leaf50_sub08_direct,current36,36,normal,mid_300_lr002_depth3_leaf50_sub08_direct,1.15,validation,1.9210214006922635,1.1575965148451275,0.12495747244023556,1.9199429112207664,1.9398584032884112,77.0,134.0,119.0,330.0
current36__normal__mid_300_lr002_depth3_leaf50_sub08_direct,current36,36,normal,mid_300_lr002_depth3_leaf50_sub08_direct,1.15,test,1.8754272388671656,1.1438170417312807,0.12060749456296345,2.0344888952918554,1.9982495783008491,77.0,134.0,119.0,330.0
current36__normal__mid_300_lr002_depth3_leaf50_sub08_direct,current36,36,normal,mid_300_lr002_depth3_leaf50_sub08_direct,1.2,validation,1.9210004225233581,1.1593966813258725,0.12493976248865775,2.0034186899694957,2.024200072996603,76.0,130.0,124.0,330.0
current36__normal__mid_300_lr002_depth3_leaf50_sub08_direct,current36,36,normal,mid_300_lr002_depth3_leaf50_sub08_direct,1.2,test,1.8819964961212803,1.1471419556403715,0.12091890067590069,2.122944934217588,2.085129994748712,76.0,130.0,124.0,330.0
current36__normal__mid_300_lr002_depth3_leaf50_sub08_direct,current36,36,normal,mid_300_lr002_depth3_leaf50_sub08_direct,1.25,validation,1.9242485773681812,1.1627673318222052,0.12504348021176093,2.0868944687182247,2.1085417427047948,84.0,136.0,131.0,351.0
current36__normal__mid_300_lr002_depth3_leaf50_sub08_direct,current36,36,normal,mid_300_lr002_depth3_leaf50_sub08_direct,1.25,test,1.8910599868775972,1.1519301869886134,0.12132933599371365,2.2114009731433213,2.1720104111965757,84.0,136.0,131.0,351.0
current36__normal__mid_300_lr002_depth3_leaf50_sub08_direct,current36,36,normal,mid_300_lr002_depth3_leaf50_sub08_direct,1.3,validation,1.9301469528114796,1.1674466801976948,0.12525438885386536,2.1703702474669537,2.1928834124129866,100.0,144.0,141.0,385.0
current36__normal__mid_300_lr002_depth3_leaf50_sub08_direct,current36,36,normal,mid_300_lr002_depth3_leaf50_sub08_direct,1.3,test,1.902115689568088,1.1579311747102081,0.12182671422884721,2.2998570120690545,2.2588908276444384,100.0,144.0,141.0,385.0
current36__normal__mid_300_lr002_depth3_leaf50_sub08_direct,current36,36,normal,mid_300_lr002_depth3_leaf50_sub08_direct,1.4,validation,1.9480009785010195,1.179907425254638,0.1259486178209443,2.3373218049644113,2.36156675182937,146.0,168.0,181.0,495.0
current36__normal__mid_300_lr002_depth3_leaf50_sub08_direct,current36,36,normal,mid_300_lr002_depth3_leaf50_sub08_direct,1.4,test,1.9286761875761935,1.1727850190785571,0.1230401417446219,2.4767690899205195,2.4326516605401642,146.0,168.0,181.0,495.0
current36__normal__mid_300_lr002_depth3_leaf50_sub08_direct,current36,36,normal,mid_300_lr002_depth3_leaf50_sub08_direct,1.5,validation,1.9716110365524222,1.1954596063537481,0.1269370024312222,2.5042733624618694,2.5302500912457537,197.0,200.0,216.0,613.0
current36__normal__mid_300_lr002_depth3_leaf50_sub08_direct,current36,36,normal,mid_300_lr002_depth3_leaf50_sub08_direct,1.5,test,1.959310183213323,1.19044773264253,0.12448527435632002,2.6536811677719854,2.60641249343589,197.0,200.0,216.0,613.0
current36__normal__prod_500_lr001_depth3_leaf50_sub08_direct,current36,36,normal,prod_500_lr001_depth3_leaf50_sub08_direct,0.6,validation,2.61935747450046,1.4405723778968142,0.1420799188995822,1.0369082877468212,1.0608475105608943,345.0,330.0,331.0,1006.0
current36__normal__prod_500_lr001_depth3_leaf50_sub08_direct,current36,36,normal,prod_500_lr001_depth3_leaf50_sub08_direct,0.6,test,2.3503269124084345,1.3955091861350715,0.13231132010438845,1.0978834797332566,1.0837542626219163,345.0,330.0,331.0,1006.0
current36__normal__prod_500_lr001_depth3_leaf50_sub08_direct,current36,36,normal,prod_500_lr001_depth3_leaf50_sub08_direct,0.65,validation,2.429538470994097,1.3669149921843984,0.13860022809103917,1.1233173117257231,1.1492514697743024,329.0,311.0,314.0,954.0
current36__normal__prod_500_lr001_depth3_leaf50_sub08_direct,current36,36,normal,prod_500_lr001_depth3_leaf50_sub08_direct,0.65,test,2.2050124396297677,1.326934725778685,0.1296818845240617,1.189373769711028,1.1740671178404096,329.0,311.0,314.0,954.0
current36__normal__prod_500_lr001_depth3_leaf50_sub08_direct,current36,36,normal,prod_500_lr001_depth3_leaf50_sub08_direct,0.7,validation,2.289519436399361,1.3110893511979562,0.13573273139889425,1.2097263357046246,1.23765542898771,311.0,291.0,295.0,897.0
current36__normal__prod_500_lr001_depth3_leaf50_sub08_direct,current36,36,normal,prod_500_lr001_depth3_leaf50_sub08_direct,0.7,test,2.1003063877838635,1.2752653674582668,0.1275773608720138,1.2808640596887995,1.2643799730589025,311.0,291.0,295.0,897.0
current36__normal__prod_500_lr001_depth3_leaf50_sub08_direct,current36,36,normal,prod_500_lr001_depth3_leaf50_sub08_direct,0.75,validation,2.185765565487268,1.2689254222791708,0.13337674106822583,1.2961353596835266,1.3260593882011182,292.0,276.0,274.0,842.0
current36__normal__prod_500_lr001_depth3_leaf50_sub08_direct,current36,36,normal,prod_500_lr001_depth3_leaf50_sub08_direct,0.75,test,2.0250412293741618,1.2367659043814212,0.12590577285060925,1.3723543496665707,1.3546928282773956,292.0,276.0,274.0,842.0
current36__normal__prod_500_lr001_depth3_leaf50_sub08_direct,current36,36,normal,prod_500_lr001_depth3_leaf50_sub08_direct,0.8,validation,2.1089235361376897,1.2372519791879961,0.1314535351514186,1.3825443836624285,1.414463347414526,271.0,257.0,259.0,787.0
current36__normal__prod_500_lr001_depth3_leaf50_sub08_direct,current36,36,normal,prod_500_lr001_depth3_leaf50_sub08_direct,0.8,test,1.9715151236728237,1.208339153859278,0.12459752238573218,1.4638446396443423,1.4450056834958886,271.0,257.0,259.0,787.0
current36__normal__prod_500_lr001_depth3_leaf50_sub08_direct,current36,36,normal,prod_500_lr001_depth3_leaf50_sub08_direct,0.85,validation,2.052375416870624,1.213755138480797,0.12990063519179645,1.46895340764133,1.5028673066279339,255.0,244.0,240.0,739.0
current36__normal__prod_500_lr001_depth3_leaf50_sub08_direct,current36,36,normal,prod_500_lr001_depth3_leaf50_sub08_direct,0.85,test,1.9342906714543322,1.1877318664829162,0.12359887551277823,1.5553349296221137,1.5353185387143815,255.0,244.0,240.0,739.0
current36__normal__prod_500_lr001_depth3_leaf50_sub08_direct,current36,36,normal,prod_500_lr001_depth3_leaf50_sub08_direct,0.9,validation,2.0113419339552263,1.1967122389393015,0.12866750543417665,1.555362431620232,1.5912712658413417,239.0,229.0,217.0,685.0
current36__normal__prod_500_lr001_depth3_leaf50_sub08_direct,current36,36,normal,prod_500_lr001_depth3_leaf50_sub08_direct,0.9,test,1.9094506094849903,1.1732719716852944,0.12286726553276735,1.6468252195998854,1.6256313939328748,239.0,229.0,217.0,685.0
current36__normal__prod_500_lr001_depth3_leaf50_sub08_direct,current36,36,normal,prod_500_lr001_depth3_leaf50_sub08_direct,0.95,validation,1.9823093568871621,1.1848183651556086,0.12771246674835918,1.6417714555991336,1.6796752250547495,211.0,216.0,198.0,625.0
current36__normal__prod_500_lr001_depth3_leaf50_sub08_direct,current36,36,normal,prod_500_lr001_depth3_leaf50_sub08_direct,0.95,test,1.8941225239227573,1.1636972706630069,0.12236804491106908,1.7383155095776563,1.7159442491513677,211.0,216.0,198.0,625.0
current36__normal__prod_500_lr001_depth3_leaf50_sub08_direct,current36,36,normal,prod_500_lr001_depth3_leaf50_sub08_direct,1.0,validation,1.962653391017736,1.1770700672915242,0.127000526998226,1.7281804795780353,1.7680791842681574,175.0,201.0,171.0,547.0
current36__normal__prod_500_lr001_depth3_leaf50_sub08_direct,current36,36,normal,prod_500_lr001_depth3_leaf50_sub08_direct,1.0,test,1.8861672306660122,1.1580406136036436,0.12207228897777025,1.8298057995554278,1.8062571043698608,175.0,201.0,171.0,547.0
current36__normal__prod_500_lr001_depth3_leaf50_sub08_direct,current36,36,normal,prod_500_lr001_depth3_leaf50_sub08_direct,1.05,validation,1.9503865169254364,1.1726855004912466,0.12650186115993078,1.8145895035569375,1.8564831434815654,152.0,191.0,155.0,498.0
current36__normal__prod_500_lr001_depth3_leaf50_sub08_direct,current36,36,normal,prod_500_lr001_depth3_leaf50_sub08_direct,1.05,test,1.8839696428892132,1.1555510773209043,0.12195532481606979,1.921296089533199,1.8965699595883538,152.0,191.0,155.0,498.0
current36__normal__prod_500_lr001_depth3_leaf50_sub08_direct,current36,36,normal,prod_500_lr001_depth3_leaf50_sub08_direct,1.1,validation,1.9439846892776351,1.1710483875480313,0.12619073721623802,1.9009985275358394,1.9448871026949734,137.0,181.0,148.0,466.0
current36__normal__prod_500_lr001_depth3_leaf50_sub08_direct,current36,36,normal,prod_500_lr001_depth3_leaf50_sub08_direct,1.1,test,1.8862954772363028,1.155638721103243,0.12199574478845039,2.012786379510971,1.986882814806847,137.0,181.0,148.0,466.0
current36__normal__prod_500_lr001_depth3_leaf50_sub08_direct,current36,36,normal,prod_500_lr001_depth3_leaf50_sub08_direct,1.15,validation,1.9422662324812972,1.1716679403130572,0.12604474330831356,1.9874075515147405,2.033291061908381,129.0,173.0,152.0,454.0
current36__normal__prod_500_lr001_depth3_leaf50_sub08_direct,current36,36,normal,prod_500_lr001_depth3_leaf50_sub08_direct,1.15,test,1.8921912312057185,1.1578351555913644,0.12217473780028458,2.104276669488742,2.07719567002534,129.0,173.0,152.0,454.0
current36__normal__prod_500_lr001_depth3_leaf50_sub08_direct,current36,36,normal,prod_500_lr001_depth3_leaf50_sub08_direct,1.2,validation,1.9443057793783174,1.174149702077051,0.12604421805857563,2.0738165754936424,2.1216950211217886,138.0,172.0,162.0,472.0
current36__normal__prod_500_lr001_depth3_leaf50_sub08_direct,current36,36,normal,prod_500_lr001_depth3_leaf50_sub08_direct,1.2,test,1.900913188075708,1.1617649398465557,0.12247562666016279,2.1957669594665132,2.1675085252438326,138.0,172.0,162.0,472.0
current36__normal__prod_500_lr001_depth3_leaf50_sub08_direct,current36,36,normal,prod_500_lr001_depth3_leaf50_sub08_direct,1.25,validation,1.9493721766140806,1.1781740094466706,0.12617181909273198,2.160225599472544,2.210098980335197,148.0,179.0,176.0,503.0
current36__normal__prod_500_lr001_depth3_leaf50_sub08_direct,current36,36,normal,prod_500_lr001_depth3_leaf50_sub08_direct,1.25,test,1.911876257614768,1.167124530887464,0.12288353861125256,2.2872572494442847,2.257821380462326,148.0,179.0,176.0,503.0
current36__normal__prod_500_lr001_depth3_leaf50_sub08_direct,current36,36,normal,prod_500_lr001_depth3_leaf50_sub08_direct,1.3,validation,1.956883059256879,1.1834798647787583,0.12641218720572472,2.2466346234514463,2.2985029395486047,167.0,190.0,193.0,550.0
current36__normal__prod_500_lr001_depth3_leaf50_sub08_direct,current36,36,normal,prod_500_lr001_depth3_leaf50_sub08_direct,1.3,test,1.9246166006361936,1.1736665880337769,0.12338516212017367,2.378747539422056,2.3481342356808192,167.0,190.0,193.0,550.0
current36__normal__prod_500_lr001_depth3_leaf50_sub08_direct,current36,36,normal,prod_500_lr001_depth3_leaf50_sub08_direct,1.4,validation,1.9774592797234862,1.1971150736905887,0.12717814473453945,2.4194526714092492,2.47531085797542,204.0,205.0,218.0,627.0
current36__normal__prod_500_lr001_depth3_leaf50_sub08_direct,current36,36,normal,prod_500_lr001_depth3_leaf50_sub08_direct,1.4,test,1.954021066790009,1.1895215021033765,0.12462302000372794,2.561728119377599,2.528759946117805,204.0,205.0,218.0,627.0
current36__normal__prod_500_lr001_depth3_leaf50_sub08_direct,current36,36,normal,prod_500_lr001_depth3_leaf50_sub08_direct,1.5,validation,2.0032654656106765,1.2137419112309795,0.12824983308259075,2.592270719367053,2.6521187764022365,230.0,223.0,239.0,692.0
current36__normal__prod_500_lr001_depth3_leaf50_sub08_direct,current36,36,normal,prod_500_lr001_depth3_leaf50_sub08_direct,1.5,test,1.9869494308027975,1.208089530540772,0.12610767421540447,2.7447086993331413,2.709385656554791,230.0,223.0,239.0,692.0
current36__laplace__fast_120_lr005_depth2_leaf50_sub1_direct,current36,36,laplace,fast_120_lr005_depth2_leaf50_sub1_direct,0.6,validation,2.1850661443983066,1.3032260605499706,0.1381343709395767,0.8316685219647852,0.8404983516750795,290.0,309.0,290.0,889.0
current36__laplace__fast_120_lr005_depth2_leaf50_sub1_direct,current36,36,laplace,fast_120_lr005_depth2_leaf50_sub1_direct,0.6,test,1.980175235116165,1.2143199930563355,0.1275876404103414,0.8845512985685584,0.8752866018596448,290.0,309.0,290.0,889.0
current36__laplace__fast_120_lr005_depth2_leaf50_sub1_direct,current36,36,laplace,fast_120_lr005_depth2_leaf50_sub1_direct,0.65,validation,2.124688207262275,1.2688545185421178,0.1353457170235543,0.9009742321285172,0.9105398809813362,276.0,289.0,273.0,838.0
current36__laplace__fast_120_lr005_depth2_leaf50_sub1_direct,current36,36,laplace,fast_120_lr005_depth2_leaf50_sub1_direct,0.65,test,1.9382396583349022,1.186767184681367,0.12541534279808236,0.958263906782605,0.9482271520146153,276.0,289.0,273.0,838.0
current36__laplace__fast_120_lr005_depth2_leaf50_sub1_direct,current36,36,laplace,fast_120_lr005_depth2_leaf50_sub1_direct,0.7,validation,2.078435626722081,1.2421578046332373,0.13302484800696232,0.9702799422922493,0.9805814102875927,265.0,273.0,263.0,801.0
current36__laplace__fast_120_lr005_depth2_leaf50_sub1_direct,current36,36,laplace,fast_120_lr005_depth2_leaf50_sub1_direct,0.7,test,1.9077948152416533,1.1659887275728638,0.12365790201868902,1.0319765149966516,1.0211677021695857,265.0,273.0,263.0,801.0
current36__laplace__fast_120_lr005_depth2_leaf50_sub1_direct,current36,36,laplace,fast_120_lr005_depth2_leaf50_sub1_direct,0.75,validation,2.0431160192076394,1.2215148758569125,0.13110097036342355,1.0395856524559817,1.0506229395938496,249.0,256.0,245.0,750.0
current36__laplace__fast_120_lr005_depth2_leaf50_sub1_direct,current36,36,laplace,fast_120_lr005_depth2_leaf50_sub1_direct,0.75,test,1.886175246847897,1.1505382273571598,0.12225037930439109,1.1056891232106982,1.094108252324556,249.0,256.0,245.0,750.0
current36__laplace__fast_120_lr005_depth2_leaf50_sub1_direct,current36,36,laplace,fast_120_lr005_depth2_leaf50_sub1_direct,0.8,validation,2.0163811212189917,1.2057127061576023,0.12951580520829942,1.1088913626197137,1.1206644689001062,241.0,240.0,234.0,715.0
current36__laplace__fast_120_lr005_depth2_leaf50_sub1_direct,current36,36,laplace,fast_120_lr005_depth2_leaf50_sub1_direct,0.8,test,1.8714278830898485,1.1393341812647462,0.12113977447099444,1.1794017314247447,1.1670488024795265,241.0,240.0,234.0,715.0
current36__laplace__fast_120_lr005_depth2_leaf50_sub1_direct,current36,36,laplace,fast_120_lr005_depth2_leaf50_sub1_direct,0.85,validation,1.9964703732181739,1.1938266101908077,0.1282211810208047,1.1781970727834457,1.1907059982063628,223.0,222.0,214.0,659.0
current36__laplace__fast_120_lr005_depth2_leaf50_sub1_direct,current36,36,laplace,fast_120_lr005_depth2_leaf50_sub1_direct,0.85,test,1.8620943711748543,1.1315528920129996,0.12028258072788325,1.2531143396387912,1.2399893526344967,223.0,222.0,214.0,659.0
current36__laplace__fast_120_lr005_depth2_leaf50_sub1_direct,current36,36,laplace,fast_120_lr005_depth2_leaf50_sub1_direct,0.9,validation,1.9820417916650095,1.1851402690323984,0.12717703767520946,1.2475027829471776,1.2607475275126192,210.0,204.0,200.0,614.0
current36__laplace__fast_120_lr005_depth2_leaf50_sub1_direct,current36,36,laplace,fast_120_lr005_depth2_leaf50_sub1_direct,0.9,test,1.8570677772535327,1.1265569198795797,0.11964281402496173,1.3268269478528378,1.3129299027894672,210.0,204.0,200.0,614.0
current36__laplace__fast_120_lr005_depth2_leaf50_sub1_direct,current36,36,laplace,fast_120_lr005_depth2_leaf50_sub1_direct,0.95,validation,1.9720574907414474,1.1790909065816326,0.12634982740875428,1.3168084931109099,1.3307890568188758,198.0,188.0,179.0,565.0
current36__laplace__fast_120_lr005_depth2_leaf50_sub1_direct,current36,36,laplace,fast_120_lr005_depth2_leaf50_sub1_direct,0.95,test,1.8554957810531987,1.1238460414833764,0.11919046781173455,1.400539556066884,1.3858704529444377,198.0,188.0,179.0,565.0
current36__laplace__fast_120_lr005_depth2_leaf50_sub1_direct,current36,36,laplace,fast_120_lr005_depth2_leaf50_sub1_direct,1.0,validation,1.9657044151545437,1.1752308558627358,0.12571125375394382,1.386114203274642,1.4008305861251324,182.0,160.0,164.0,506.0
current36__laplace__fast_120_lr005_depth2_leaf50_sub1_direct,current36,36,laplace,fast_120_lr005_depth2_leaf50_sub1_direct,1.0,test,1.8567137797171998,1.123022872293698,0.11890031539898745,1.4742521642809308,1.4588110030994081,182.0,160.0,164.0,506.0
current36__laplace__fast_120_lr005_depth2_leaf50_sub1_direct,current36,36,laplace,fast_120_lr005_depth2_leaf50_sub1_direct,1.05,validation,1.962338339823279,1.1732000754358864,0.1252372824944597,1.4554199134383743,1.4708721154313893,173.0,142.0,157.0,472.0
current36__laplace__fast_120_lr005_depth2_leaf50_sub1_direct,current36,36,laplace,fast_120_lr005_depth2_leaf50_sub1_direct,1.05,test,1.8601977239462781,1.1237682846129788,0.1187509842209179,1.5479647724949777,1.5317515532543786,173.0,142.0,157.0,472.0
current36__laplace__fast_120_lr005_depth2_leaf50_sub1_direct,current36,36,laplace,fast_120_lr005_depth2_leaf50_sub1_direct,1.1,validation,1.9614435922757205,1.1727061451630572,0.12490736560480646,1.5247256236021063,1.540913644737646,172.0,128.0,156.0,456.0
current36__laplace__fast_120_lr005_depth2_leaf50_sub1_direct,current36,36,laplace,fast_120_lr005_depth2_leaf50_sub1_direct,1.1,test,1.865530266908122,1.1258235158045966,0.11872423829354051,1.621677380709024,1.604692103409349,172.0,128.0,156.0,456.0
current36__laplace__fast_120_lr005_depth2_leaf50_sub1_direct,current36,36,laplace,fast_120_lr005_depth2_leaf50_sub1_direct,1.15,validation,1.9626036145495334,1.1735094727282136,0.12470382978056253,1.5940313337658383,1.6109551740439023,174.0,121.0,158.0,453.0
current36__laplace__fast_120_lr005_depth2_leaf50_sub1_direct,current36,36,laplace,fast_120_lr005_depth2_leaf50_sub1_direct,1.15,test,1.8723760761687804,1.1289769374997463,0.11880441861142774,1.6953899889230704,1.6776326535643191,174.0,121.0,158.0,453.0
current36__laplace__fast_120_lr005_depth2_leaf50_sub1_direct,current36,36,laplace,fast_120_lr005_depth2_leaf50_sub1_direct,1.2,validation,1.9654791336960598,1.1754121956404107,0.12461139155917551,1.6633370439295705,1.680996703350159,181.0,117.0,165.0,463.0
current36__laplace__fast_120_lr005_depth2_leaf50_sub1_direct,current36,36,laplace,fast_120_lr005_depth2_leaf50_sub1_direct,1.2,test,1.8804635667199157,1.1330541305359527,0.1189780031019351,1.7691025971371168,1.7505732037192896,181.0,117.0,165.0,463.0
current36__laplace__fast_120_lr005_depth2_leaf50_sub1_direct,current36,36,laplace,fast_120_lr005_depth2_leaf50_sub1_direct,1.25,validation,1.969791760565827,1.1782497466776893,0.1246167698429939,1.7326427540933025,1.7510382326564158,192.0,118.0,177.0,487.0
current36__laplace__fast_120_lr005_depth2_leaf50_sub1_direct,current36,36,laplace,fast_120_lr005_depth2_leaf50_sub1_direct,1.25,test,1.8895712072819228,1.1379103426149537,0.1192332573075892,1.8428152053511637,1.82351375387426,192.0,118.0,177.0,487.0
current36__laplace__fast_120_lr005_depth2_leaf50_sub1_direct,current36,36,laplace,fast_120_lr005_depth2_leaf50_sub1_direct,1.3,validation,1.9753115189648125,1.1818843673037391,0.12470837364477916,1.8019484642570345,1.8210797619626724,201.0,122.0,188.0,511.0
current36__laplace__fast_120_lr005_depth2_leaf50_sub1_direct,current36,36,laplace,fast_120_lr005_depth2_leaf50_sub1_direct,1.3,test,1.8995171321660527,1.1434246887787225,0.119559954302018,1.91652781356521,1.8964543040292305,201.0,122.0,188.0,511.0
current36__laplace__fast_120_lr005_depth2_leaf50_sub1_direct,current36,36,laplace,fast_120_lr005_depth2_leaf50_sub1_direct,1.4,validation,1.9892392147715765,1.191098654028815,0.12511086722119358,1.9405598845844987,1.9611628205751854,219.0,137.0,211.0,567.0
current36__laplace__fast_120_lr005_depth2_leaf50_sub1_direct,current36,36,laplace,fast_120_lr005_depth2_leaf50_sub1_direct,1.4,test,1.9213486966962892,1.1560375043238074,0.12039298681329506,2.063953029993303,2.0423354043391715,219.0,137.0,211.0,567.0
current36__laplace__fast_120_lr005_depth2_leaf50_sub1_direct,current36,36,laplace,fast_120_lr005_depth2_leaf50_sub1_direct,1.5,validation,2.0060758467578315,1.2023226065219745,0.12575136973477247,2.0791713049119633,2.101245879187699,234.0,161.0,226.0,621.0
current36__laplace__fast_120_lr005_depth2_leaf50_sub1_direct,current36,36,laplace,fast_120_lr005_depth2_leaf50_sub1_direct,1.5,test,1.9450353482428866,1.1702539873129427,0.12141777875955925,2.2113782464213965,2.188216504649112,234.0,161.0,226.0,621.0
current36__laplace__mid_300_lr002_depth3_leaf50_sub08_direct,current36,36,laplace,mid_300_lr002_depth3_leaf50_sub08_direct,0.6,validation,2.198973175448512,1.350597309523862,0.14212805145085888,0.8052449885278087,0.8212509231887016,295.0,331.0,309.0,935.0
current36__laplace__mid_300_lr002_depth3_leaf50_sub08_direct,current36,36,laplace,mid_300_lr002_depth3_leaf50_sub08_direct,0.6,test,2.007268923155392,1.2657155040313204,0.13104704718831325,0.8750129503065992,0.8672086206813375,295.0,331.0,309.0,935.0
current36__laplace__mid_300_lr002_depth3_leaf50_sub08_direct,current36,36,laplace,mid_300_lr002_depth3_leaf50_sub08_direct,0.65,validation,2.132064882402489,1.309594349898025,0.1390523652773225,0.8723487375717927,0.8896885001210936,283.0,313.0,293.0,889.0
current36__laplace__mid_300_lr002_depth3_leaf50_sub08_direct,current36,36,laplace,mid_300_lr002_depth3_leaf50_sub08_direct,0.65,test,1.9582890963055697,1.2316149436751782,0.1285821050370976,0.9479306961654828,0.9394760057381157,283.0,313.0,293.0,889.0
current36__laplace__mid_300_lr002_depth3_leaf50_sub08_direct,current36,36,laplace,mid_300_lr002_depth3_leaf50_sub08_direct,0.7,validation,2.080214853939446,1.2770655144187597,0.13644354361870914,0.9394524866157766,0.9581260770534853,267.0,298.0,276.0,841.0
current36__laplace__mid_300_lr002_depth3_leaf50_sub08_direct,current36,36,laplace,mid_300_lr002_depth3_leaf50_sub08_direct,0.7,test,1.9218063245821266,1.2050773597413762,0.12654281148927396,1.0208484420243658,1.0117433907948938,267.0,298.0,276.0,841.0
current36__laplace__mid_300_lr002_depth3_leaf50_sub08_direct,current36,36,laplace,mid_300_lr002_depth3_leaf50_sub08_direct,0.75,validation,2.040044124891868,1.2512373488545023,0.13423420203063025,1.0065562356597606,1.0265636539858771,248.0,281.0,266.0,795.0
current36__laplace__mid_300_lr002_depth3_leaf50_sub08_direct,current36,36,laplace,mid_300_lr002_depth3_leaf50_sub08_direct,0.75,test,1.8949538847088687,1.1845055584352375,0.12486414203028133,1.0937661878832492,1.084010775851672,248.0,281.0,266.0,795.0
current36__laplace__mid_300_lr002_depth3_leaf50_sub08_direct,current36,36,laplace,mid_300_lr002_depth3_leaf50_sub08_direct,0.8,validation,2.0090644955617254,1.230782280248343,0.13236833700678427,1.073659984703745,1.095001230918269,235.0,267.0,251.0,753.0
current36__laplace__mid_300_lr002_depth3_leaf50_sub08_direct,current36,36,laplace,mid_300_lr002_depth3_leaf50_sub08_direct,0.8,test,1.8756277584062566,1.1687048867584913,0.12349286525987291,1.1666839337421324,1.15627816090845,235.0,267.0,251.0,753.0
current36__laplace__mid_300_lr002_depth3_leaf50_sub08_direct,current36,36,laplace,mid_300_lr002_depth3_leaf50_sub08_direct,0.85,validation,1.985408396377237,1.2146878312974012,0.13079927669327984,1.1407637337477288,1.1634388078506608,215.0,253.0,241.0,709.0
current36__laplace__mid_300_lr002_depth3_leaf50_sub08_direct,current36,36,laplace,mid_300_lr002_depth3_leaf50_sub08_direct,0.85,test,1.8622541618931179,1.1567650382383283,0.12238515903332392,1.2396016796010156,1.2285455459652281,215.0,253.0,241.0,709.0
current36__laplace__mid_300_lr002_depth3_leaf50_sub08_direct,current36,36,laplace,mid_300_lr002_depth3_leaf50_sub08_direct,0.9,validation,1.96765061377192,1.20216921065966,0.12948793024442576,1.2078674827917126,1.2318763847830525,188.0,239.0,225.0,652.0
current36__laplace__mid_300_lr002_depth3_leaf50_sub08_direct,current36,36,laplace,mid_300_lr002_depth3_leaf50_sub08_direct,0.9,test,1.8536363816623342,1.1479810851416954,0.1215046842491562,1.312519425459899,1.3008129310220062,188.0,239.0,225.0,652.0
current36__laplace__mid_300_lr002_depth3_leaf50_sub08_direct,current36,36,laplace,mid_300_lr002_depth3_leaf50_sub08_direct,0.95,validation,1.9546875540122215,1.1926093904313222,0.1284013551314014,1.2749712318356972,1.3003139617154442,164.0,225.0,212.0,601.0
current36__laplace__mid_300_lr002_depth3_leaf50_sub08_direct,current36,36,laplace,mid_300_lr002_depth3_leaf50_sub08_direct,0.95,test,1.8488512187640602,1.1417993618637117,0.12082106770356378,1.385437171318782,1.3730803160787843,164.0,225.0,212.0,601.0
current36__laplace__mid_300_lr002_depth3_leaf50_sub08_direct,current36,36,laplace,mid_300_lr002_depth3_leaf50_sub08_direct,1.0,validation,1.9456535954727951,1.1855171009366083,0.12751160841868164,1.3420749808796812,1.3687515386478362,140.0,211.0,202.0,553.0
current36__laplace__mid_300_lr002_depth3_leaf50_sub08_direct,current36,36,laplace,mid_300_lr002_depth3_leaf50_sub08_direct,1.0,test,1.8471773673999161,1.1377795422248498,0.1203087202448468,1.4583549171776655,1.4453477011355624,140.0,211.0,202.0,553.0
current36__laplace__mid_300_lr002_depth3_leaf50_sub08_direct,current36,36,laplace,mid_300_lr002_depth3_leaf50_sub08_direct,1.05,validation,1.939861959374962,1.1804967981820262,0.12679483368722783,1.4091787299236653,1.437189115580228,127.0,197.0,184.0,508.0
current36__laplace__mid_300_lr002_depth3_leaf50_sub08_direct,current36,36,laplace,mid_300_lr002_depth3_leaf50_sub08_direct,1.05,test,1.8480448758892434,1.1355675341541092,0.11994591866731201,1.5312726630365487,1.5176150861923408,127.0,197.0,184.0,508.0
current36__laplace__mid_300_lr002_depth3_leaf50_sub08_direct,current36,36,laplace,mid_300_lr002_depth3_leaf50_sub08_direct,1.1,validation,1.936762156585069,1.1772268096205276,0.1262305366351277,1.4762824789676492,1.5056266925126198,114.0,183.0,173.0,470.0
current36__laplace__mid_300_lr002_depth3_leaf50_sub08_direct,current36,36,laplace,mid_300_lr002_depth3_leaf50_sub08_direct,1.1,test,1.850998840905859,1.1348757610761395,0.11971409088541954,1.6041904088954322,1.589882471249119,114.0,183.0,173.0,470.0
current36__laplace__mid_300_lr002_depth3_leaf50_sub08_direct,current36,36,laplace,mid_300_lr002_depth3_leaf50_sub08_direct,1.15,validation,1.935908867550663,1.1754431773105367,0.12580100908653247,1.543386228011633,1.5740642694450115,111.0,162.0,166.0,439.0
current36__laplace__mid_300_lr002_depth3_leaf50_sub08_direct,current36,36,laplace,mid_300_lr002_depth3_leaf50_sub08_direct,1.15,test,1.855672905086092,1.1354685876493715,0.11959725637793026,1.6771081547543152,1.6621498563058967,111.0,162.0,166.0,439.0
current36__laplace__mid_300_lr002_depth3_leaf50_sub08_direct,current36,36,laplace,mid_300_lr002_depth3_leaf50_sub08_direct,1.2,validation,1.9369388513313224,1.174927541015014,0.12549086881537655,1.6104899770556174,1.6425018463774033,116.0,152.0,163.0,431.0
current36__laplace__mid_300_lr002_depth3_leaf50_sub08_direct,current36,36,laplace,mid_300_lr002_depth3_leaf50_sub08_direct,1.2,test,1.8617696293135044,1.137151392312387,0.11958158495290064,1.7500259006131984,1.734417241362675,116.0,152.0,163.0,431.0
current36__laplace__mid_300_lr002_depth3_leaf50_sub08_direct,current36,36,laplace,mid_300_lr002_depth3_leaf50_sub08_direct,1.25,validation,1.9395535856644923,1.1754979322338845,0.12528668956800929,1.6775937260996014,1.7109394233097952,125.0,146.0,167.0,438.0
current36__laplace__mid_300_lr002_depth3_leaf50_sub08_direct,current36,36,laplace,mid_300_lr002_depth3_leaf50_sub08_direct,1.25,test,1.8690457648576861,1.1397622669058283,0.11965504584807893,1.8229436464720816,1.8066846264194532,125.0,146.0,167.0,438.0
current36__laplace__mid_300_lr002_depth3_leaf50_sub08_direct,current36,36,laplace,mid_300_lr002_depth3_leaf50_sub08_direct,1.3,validation,1.9435060586450796,1.1770016964881846,0.12517670145565646,1.7446974751435853,1.7793770002421871,136.0,139.0,170.0,445.0
current36__laplace__mid_300_lr002_depth3_leaf50_sub08_direct,current36,36,laplace,mid_300_lr002_depth3_leaf50_sub08_direct,1.3,test,1.8773010697253611,1.143165636658642,0.11980712612426107,1.8958613923309655,1.8789520114762315,136.0,139.0,170.0,445.0
current36__laplace__mid_300_lr002_depth3_leaf50_sub08_direct,current36,36,laplace,mid_300_lr002_depth3_leaf50_sub08_direct,1.4,validation,1.9546350304904188,1.1823134741689223,0.12519907745919798,1.8789049732315533,1.9162521541069706,163.0,140.0,189.0,492.0
current36__laplace__mid_300_lr002_depth3_leaf50_sub08_direct,current36,36,laplace,mid_300_lr002_depth3_leaf50_sub08_direct,1.4,test,1.8961136699405006,1.1519105523270792,0.12031135517717814,2.0416968840487315,2.0234867815897877,163.0,140.0,189.0,492.0
current36__laplace__mid_300_lr002_depth3_leaf50_sub08_direct,current36,36,laplace,mid_300_lr002_depth3_leaf50_sub08_direct,1.5,validation,1.9690461017101055,1.1900462484789562,0.12548869082488506,2.013112471319521,2.0531273079717542,189.0,151.0,209.0,549.0
current36__laplace__mid_300_lr002_depth3_leaf50_sub08_direct,current36,36,laplace,mid_300_lr002_depth3_leaf50_sub08_direct,1.5,test,1.9171838857473473,1.1626645105034736,0.12103282833138682,2.1875323757664984,2.168021551703344,189.0,151.0,209.0,549.0
current36__laplace__prod_500_lr001_depth3_leaf50_sub08_direct,current36,36,laplace,prod_500_lr001_depth3_leaf50_sub08_direct,0.6,validation,2.192710137752601,1.3607615019594834,0.14365380434086172,0.8192492097018002,0.8394027124986521,293.0,334.0,312.0,939.0
current36__laplace__prod_500_lr001_depth3_leaf50_sub08_direct,current36,36,laplace,prod_500_lr001_depth3_leaf50_sub08_direct,0.6,test,2.0071661460223105,1.2772769405229993,0.1329293710778622,0.8847570130586369,0.8862747265717621,293.0,334.0,312.0,939.0
current36__laplace__prod_500_lr001_depth3_leaf50_sub08_direct,current36,36,laplace,prod_500_lr001_depth3_leaf50_sub08_direct,0.65,validation,2.127988641443956,1.3193484843237853,0.1404640944876206,0.8875199771769502,0.9093529385402065,279.0,321.0,296.0,896.0
current36__laplace__prod_500_lr001_depth3_leaf50_sub08_direct,current36,36,laplace,prod_500_lr001_depth3_leaf50_sub08_direct,0.65,test,1.9595031861952075,1.2427075023887992,0.1303381628427197,0.9584867641468566,0.9601309537860756,279.0,321.0,296.0,896.0
current36__laplace__prod_500_lr001_depth3_leaf50_sub08_direct,current36,36,laplace,prod_500_lr001_depth3_leaf50_sub08_direct,0.7,validation,2.0780130101843794,1.2864796614646234,0.13775709395796015,0.9557907446521,0.9793031645817607,263.0,304.0,286.0,853.0
current36__laplace__prod_500_lr001_depth3_leaf50_sub08_direct,current36,36,laplace,prod_500_lr001_depth3_leaf50_sub08_direct,0.7,test,1.924149157634095,1.2157678646127237,0.128189634544209,1.0322165152350762,1.033987181000389,263.0,304.0,286.0,853.0
current36__laplace__prod_500_lr001_depth3_leaf50_sub08_direct,current36,36,laplace,prod_500_lr001_depth3_leaf50_sub08_direct,0.75,validation,2.039466758713139,1.2603688090489862,0.1354628430304007,1.02406151212725,1.0492533906233152,247.0,290.0,270.0,807.0
current36__laplace__prod_500_lr001_depth3_leaf50_sub08_direct,current36,36,laplace,prod_500_lr001_depth3_leaf50_sub08_direct,0.75,test,1.898274961834857,1.194848811453576,0.12641597047340175,1.1059462663232957,1.1078434082147026,247.0,290.0,270.0,807.0
current36__laplace__prod_500_lr001_depth3_leaf50_sub08_direct,current36,36,laplace,prod_500_lr001_depth3_leaf50_sub08_direct,0.8,validation,2.0099085472622926,1.239678390577729,0.1335233180338217,1.0923322796024002,1.1192036166648696,238.0,277.0,260.0,775.0
current36__laplace__prod_500_lr001_depth3_leaf50_sub08_direct,current36,36,laplace,prod_500_lr001_depth3_leaf50_sub08_direct,0.8,test,1.8798047990970126,1.178746375552357,0.12496171940296101,1.179676017411516,1.1816996354290161,238.0,277.0,260.0,775.0
current36__laplace__prod_500_lr001_depth3_leaf50_sub08_direct,current36,36,laplace,prod_500_lr001_depth3_leaf50_sub08_direct,0.85,validation,1.9875066403242405,1.2233880223339004,0.13189023356346202,1.1606030470775501,1.1891538427064239,216.0,264.0,246.0,726.0
current36__laplace__prod_500_lr001_depth3_leaf50_sub08_direct,current36,36,laplace,prod_500_lr001_depth3_leaf50_sub08_direct,0.85,test,1.8671864645527865,1.1665429054983587,0.12378127170624295,1.2534057684997353,1.2555558626433296,216.0,264.0,246.0,726.0
current36__laplace__prod_500_lr001_depth3_leaf50_sub08_direct,current36,36,laplace,prod_500_lr001_depth3_leaf50_sub08_direct,0.9,validation,1.9708636952713128,1.2107065501374217,0.13052318711358765,1.2288738145527003,1.2591040687479782,195.0,251.0,237.0,683.0
current36__laplace__prod_500_lr001_depth3_leaf50_sub08_direct,current36,36,laplace,prod_500_lr001_depth3_leaf50_sub08_direct,0.9,test,1.8592400282943695,1.1575275950729436,0.12283683111642159,1.3271355195879553,1.3294120898576431,195.0,251.0,237.0,683.0
current36__laplace__prod_500_lr001_depth3_leaf50_sub08_direct,current36,36,laplace,prod_500_lr001_depth3_leaf50_sub08_direct,0.95,validation,1.9588981217426986,1.2010117650394017,0.1293881523079828,1.29714458202785,1.3290542947895325,170.0,237.0,223.0,630.0
current36__laplace__prod_500_lr001_depth3_leaf50_sub08_direct,current36,36,laplace,prod_500_lr001_depth3_leaf50_sub08_direct,0.95,test,1.8550555415818974,1.1511420140009745,0.12209682260203054,1.4008652706761748,1.4032683170719567,170.0,237.0,223.0,630.0
current36__laplace__prod_500_lr001_depth3_leaf50_sub08_direct,current36,36,laplace,prod_500_lr001_depth3_leaf50_sub08_direct,1.0,validation,1.9507619008112485,1.1938081369189184,0.1284562774035205,1.3654153495030001,1.3990045208310868,153.0,227.0,213.0,593.0
current36__laplace__prod_500_lr001_depth3_leaf50_sub08_direct,current36,36,laplace,prod_500_lr001_depth3_leaf50_sub08_direct,1.0,test,1.853922298784975,1.1469419318629543,0.1215346551008544,1.4745950217643946,1.4771245442862702,153.0,227.0,213.0,593.0
current36__laplace__prod_500_lr001_depth3_leaf50_sub08_direct,current36,36,laplace,prod_500_lr001_depth3_leaf50_sub08_direct,1.05,validation,1.9457825035015845,1.188696589201409,0.12770293422492715,1.43368611697815,1.4689547468726412,142.0,215.0,205.0,562.0
current36__laplace__prod_500_lr001_depth3_leaf50_sub08_direct,current36,36,laplace,prod_500_lr001_depth3_leaf50_sub08_direct,1.05,test,1.855278929311312,1.1445700268063383,0.12112776209181626,1.5483247728526148,1.5509807715005837,142.0,215.0,205.0,562.0
current36__laplace__prod_500_lr001_depth3_leaf50_sub08_direct,current36,36,laplace,prod_500_lr001_depth3_leaf50_sub08_direct,1.1,validation,1.9434210996100265,1.1853524996089722,0.1271069660563891,1.5019568844533002,1.5389049729141957,135.0,203.0,201.0,539.0
current36__laplace__prod_500_lr001_depth3_leaf50_sub08_direct,current36,36,laplace,prod_500_lr001_depth3_leaf50_sub08_direct,1.1,test,1.8586775507252098,1.1437360279036617,0.12085685562907131,1.6220545239408342,1.6248369987148974,135.0,203.0,201.0,539.0
current36__laplace__prod_500_lr001_depth3_leaf50_sub08_direct,current36,36,laplace,prod_500_lr001_depth3_leaf50_sub08_direct,1.15,validation,1.9432420008741007,1.1835094323139397,0.12665009112428266,1.57022765192845,1.6088551989557498,134.0,195.0,196.0,525.0
current36__laplace__prod_500_lr001_depth3_leaf50_sub08_direct,current36,36,laplace,prod_500_lr001_depth3_leaf50_sub08_direct,1.15,test,1.863757605529048,1.1442020352741622,0.12070534303706233,1.6957842750290537,1.6986932259292105,134.0,195.0,196.0,525.0
current36__laplace__prod_500_lr001_depth3_leaf50_sub08_direct,current36,36,laplace,prod_500_lr001_depth3_leaf50_sub08_direct,1.2,validation,1.9448899924283671,1.182946934763522,0.12631642695169504,1.6384984194036003,1.6788054249973041,139.0,185.0,190.0,514.0
current36__laplace__prod_500_lr001_depth3_leaf50_sub08_direct,current36,36,laplace,prod_500_lr001_depth3_leaf50_sub08_direct,1.2,test,1.8702264878280979,1.1457715112591422,0.12065886733099003,1.7695140261172737,1.7725494531435242,139.0,185.0,190.0,514.0
current36__laplace__prod_500_lr001_depth3_leaf50_sub08_direct,current36,36,laplace,prod_500_lr001_depth3_leaf50_sub08_direct,1.25,validation,1.9480732939132552,1.1834812637587127,0.1260921085071715,1.7067691868787505,1.7487556510388584,147.0,176.0,194.0,517.0
current36__laplace__prod_500_lr001_depth3_leaf50_sub08_direct,current36,36,laplace,prod_500_lr001_depth3_leaf50_sub08_direct,1.25,test,1.8778450087981868,1.1482809165690326,0.12070494196056776,1.8432437772054935,1.8464056803578377,147.0,176.0,194.0,517.0
current36__laplace__prod_500_lr001_depth3_leaf50_sub08_direct,current36,36,laplace,prod_500_lr001_depth3_leaf50_sub08_direct,1.3,validation,1.9525505981108129,1.1849582535878784,0.1259649793098181,1.7750399543539004,1.818705877080413,157.0,171.0,199.0,527.0
current36__laplace__prod_500_lr001_depth3_leaf50_sub08_direct,current36,36,laplace,prod_500_lr001_depth3_leaf50_sub08_direct,1.3,test,1.8864163617513143,1.1515932802055366,0.12083265781987591,1.9169735282937133,1.9202619075721512,157.0,171.0,199.0,527.0
current36__laplace__prod_500_lr001_depth3_leaf50_sub08_direct,current36,36,laplace,prod_500_lr001_depth3_leaf50_sub08_direct,1.4,validation,1.964616768557886,1.1902393648509177,0.1259607390317845,1.9115814893042,1.9586063291635214,178.0,170.0,210.0,558.0
current36__laplace__prod_500_lr001_depth3_leaf50_sub08_direct,current36,36,laplace,prod_500_lr001_depth3_leaf50_sub08_direct,1.4,test,1.9057933335476196,1.1601829313072862,0.12129588388687003,2.0644330304701524,2.067974362000778,178.0,170.0,210.0,558.0
current36__laplace__prod_500_lr001_depth3_leaf50_sub08_direct,current36,36,laplace,prod_500_lr001_depth3_leaf50_sub08_direct,1.5,validation,1.9798400785657413,1.1979653569846944,0.12623210213267555,2.0481230242545,2.0985067812466305,206.0,184.0,220.0,610.0
current36__laplace__prod_500_lr001_depth3_leaf50_sub08_direct,current36,36,laplace,prod_500_lr001_depth3_leaf50_sub08_direct,1.5,test,1.9273526713914761,1.1708110308154416,0.12198481723924262,2.2118925326465915,2.2156868164294052,206.0,184.0,220.0,610.0
current36__skew_normal__fast_120_lr005_depth2_leaf50_sub1_direct,current36,36,skew_normal,fast_120_lr005_depth2_leaf50_sub1_direct,0.6,validation,2.595994765217579,1.542238414033443,0.14456109123763283,1.3720458619428837,1.3857778195998436,344.0,339.0,346.0,1029.0
current36__skew_normal__fast_120_lr005_depth2_leaf50_sub1_direct,current36,36,skew_normal,fast_120_lr005_depth2_leaf50_sub1_direct,0.6,test,2.322425744840888,1.4490062567854287,0.13689987548427446,1.4245767269803435,1.40662896698365,344.0,339.0,346.0,1029.0
current36__skew_normal__fast_120_lr005_depth2_leaf50_sub1_direct,current36,36,skew_normal,fast_120_lr005_depth2_leaf50_sub1_direct,0.65,validation,2.394118808942848,1.4315367228425648,0.140116909452787,1.486383017104791,1.5012593045664973,325.0,319.0,328.0,972.0
current36__skew_normal__fast_120_lr005_depth2_leaf50_sub1_direct,current36,36,skew_normal,fast_120_lr005_depth2_leaf50_sub1_direct,0.65,test,2.1637624602408327,1.3525897243415899,0.13254987777292823,1.5432914542287053,1.5238480475656209,325.0,319.0,328.0,972.0
current36__skew_normal__fast_120_lr005_depth2_leaf50_sub1_direct,current36,36,skew_normal,fast_120_lr005_depth2_leaf50_sub1_direct,0.7,validation,2.245406169289942,1.347527618660378,0.13625667442088352,1.6007201722666977,1.616740789533151,307.0,297.0,308.0,912.0
current36__skew_normal__fast_120_lr005_depth2_leaf50_sub1_direct,current36,36,skew_normal,fast_120_lr005_depth2_leaf50_sub1_direct,0.7,test,2.0494961765137547,1.2800044934677584,0.12888858695754096,1.662006181477067,1.6410671281475917,307.0,297.0,308.0,912.0
current36__skew_normal__fast_120_lr005_depth2_leaf50_sub1_direct,current36,36,skew_normal,fast_120_lr005_depth2_leaf50_sub1_direct,0.75,validation,2.1355087146255203,1.2836017805668178,0.1329417761250525,1.7150573274286047,1.7322222744998044,284.0,272.0,283.0,839.0
current36__skew_normal__fast_120_lr005_depth2_leaf50_sub1_direct,current36,36,skew_normal,fast_120_lr005_depth2_leaf50_sub1_direct,0.75,test,1.9675163981452064,1.225458294356012,0.12584303496237892,1.7807209087254294,1.7582862087295625,284.0,272.0,283.0,839.0
current36__skew_normal__fast_120_lr005_depth2_leaf50_sub1_direct,current36,36,skew_normal,fast_120_lr005_depth2_leaf50_sub1_direct,0.8,validation,2.0544952498882383,1.235063747190266,0.13013399091179348,1.8293944825905117,1.8477037594664583,257.0,246.0,256.0,759.0
current36__skew_normal__fast_120_lr005_depth2_leaf50_sub1_direct,current36,36,skew_normal,fast_120_lr005_depth2_leaf50_sub1_direct,0.8,test,1.9094547105117832,1.1847349908118336,0.12334855869900978,1.8994356359737914,1.8755052893115334,257.0,246.0,256.0,759.0
current36__skew_normal__fast_120_lr005_depth2_leaf50_sub1_direct,current36,36,skew_normal,fast_120_lr005_depth2_leaf50_sub1_direct,0.85,validation,1.9953256681511928,1.1984965433616959,0.12779470421743558,1.9437316377524185,1.9631852444331117,221.0,218.0,221.0,660.0
current36__skew_normal__fast_120_lr005_depth2_leaf50_sub1_direct,current36,36,skew_normal,fast_120_lr005_depth2_leaf50_sub1_direct,0.85,test,1.8693898781644707,1.1547635096473987,0.12134711283762294,2.018150363222153,1.9927243698935042,221.0,218.0,221.0,660.0
current36__skew_normal__fast_120_lr005_depth2_leaf50_sub1_direct,current36,36,skew_normal,fast_120_lr005_depth2_leaf50_sub1_direct,0.9,validation,1.952904568493678,1.1713619356002836,0.12588538396805743,2.0580687929143258,2.0786667293997656,159.0,164.0,149.0,472.0
current36__skew_normal__fast_120_lr005_depth2_leaf50_sub1_direct,current36,36,skew_normal,fast_120_lr005_depth2_leaf50_sub1_direct,0.9,test,1.8430451474551903,1.1332603846845963,0.11978645222354749,2.1368650904705153,2.109943450475475,159.0,164.0,149.0,472.0
current36__skew_normal__fast_120_lr005_depth2_leaf50_sub1_direct,current36,36,skew_normal,fast_120_lr005_depth2_leaf50_sub1_direct,0.95,validation,1.9234763137102022,1.1517407676027849,0.12436831010933722,2.1724059480762326,2.194148214366419,82.0,110.0,106.0,298.0
current36__skew_normal__fast_120_lr005_depth2_leaf50_sub1_direct,current36,36,skew_normal,fast_120_lr005_depth2_leaf50_sub1_direct,0.95,test,1.8272754494488674,1.1184973942414227,0.11861953514714743,2.255579817718877,2.227162531057446,82.0,110.0,106.0,298.0
current36__skew_normal__fast_120_lr005_depth2_leaf50_sub1_direct,current36,36,skew_normal,fast_120_lr005_depth2_leaf50_sub1_direct,1.0,validation,1.904227970668672,1.1381594939368604,0.12320719544998218,2.28674310323814,2.3096296993330725,39.0,67.0,62.0,168.0
current36__skew_normal__fast_120_lr005_depth2_leaf50_sub1_direct,current36,36,skew_normal,fast_120_lr005_depth2_leaf50_sub1_direct,1.0,test,1.819731037348548,1.1091462716550267,0.11780396503577387,2.3742945449672392,2.3443816116394167,39.0,67.0,62.0,168.0
current36__skew_normal__fast_120_lr005_depth2_leaf50_sub1_direct,current36,36,skew_normal,fast_120_lr005_depth2_leaf50_sub1_direct,1.05,validation,1.8930225145506085,1.1294714011932638,0.12236761094892679,2.401080258400047,2.4251111842997264,12.0,34.0,29.0,75.0
current36__skew_normal__fast_120_lr005_depth2_leaf50_sub1_direct,current36,36,skew_normal,fast_120_lr005_depth2_leaf50_sub1_direct,1.05,test,1.8186316373000992,1.104172350131983,0.11730145721822549,2.4930092722156014,2.4616006922213876,12.0,34.0,29.0,75.0
current36__skew_normal__fast_120_lr005_depth2_leaf50_sub1_direct,current36,36,skew_normal,fast_120_lr005_depth2_leaf50_sub1_direct,1.1,validation,1.8882157691091066,1.124773484697677,0.1218172322050465,2.5154174135619534,2.5405926692663803,6.0,18.0,10.0,34.0
current36__skew_normal__fast_120_lr005_depth2_leaf50_sub1_direct,current36,36,skew_normal,fast_120_lr005_depth2_leaf50_sub1_direct,1.1,test,1.8226116076684764,1.1027601201978678,0.11707735587559558,2.6117239994639636,2.5788197728033584,6.0,18.0,10.0,34.0
current36__skew_normal__fast_120_lr005_depth2_leaf50_sub1_direct,current36,36,skew_normal,fast_120_lr005_depth2_leaf50_sub1_direct,1.15,validation,1.8885284148624681,1.1233471469887228,0.12152595130133667,2.62975456872386,2.6560741542330337,7.0,10.0,8.0,25.0
current36__skew_normal__fast_120_lr005_depth2_leaf50_sub1_direct,current36,36,skew_normal,fast_120_lr005_depth2_leaf50_sub1_direct,1.15,test,1.83061177275507,1.1042601052314018,0.11710021971053827,2.730438726712325,2.6960388533853292,7.0,10.0,8.0,25.0
current36__skew_normal__fast_120_lr005_depth2_leaf50_sub1_direct,current36,36,skew_normal,fast_120_lr005_depth2_leaf50_sub1_direct,1.2,validation,1.8929549621972586,1.1246151629109538,0.1214658966882465,2.7440917238857674,2.771555639199687,11.0,9.0,9.0,29.0
current36__skew_normal__fast_120_lr005_depth2_leaf50_sub1_direct,current36,36,skew_normal,fast_120_lr005_depth2_leaf50_sub1_direct,1.2,test,1.8418025696737392,1.1081502885757593,0.11734147986768662,2.849153453960687,2.8132579339673,11.0,9.0,9.0,29.0
current36__skew_normal__fast_120_lr005_depth2_leaf50_sub1_direct,current36,36,skew_normal,fast_120_lr005_depth2_leaf50_sub1_direct,1.25,validation,1.900698002671524,1.1281099703788604,0.12161139405564829,2.858428879047675,2.887037124166341,27.0,14.0,21.0,62.0
current36__skew_normal__fast_120_lr005_depth2_leaf50_sub1_direct,current36,36,skew_normal,fast_120_lr005_depth2_leaf50_sub1_direct,1.25,test,1.8555285953287806,1.1140076681285649,0.1177751624925413,2.9678681812090493,2.930477014549271,27.0,14.0,21.0,62.0
current36__skew_normal__fast_120_lr005_depth2_leaf50_sub1_direct,current36,36,skew_normal,fast_120_lr005_depth2_leaf50_sub1_direct,1.3,validation,1.9111200417720202,1.1334499843945063,0.12193889107844558,2.972766034209582,3.0025186091329945,54.0,23.0,46.0,123.0
current36__skew_normal__fast_120_lr005_depth2_leaf50_sub1_direct,current36,36,skew_normal,fast_120_lr005_depth2_leaf50_sub1_direct,1.3,test,1.871268027593863,1.1214869836747956,0.11837766304087005,3.0865829084574106,3.0476960951312417,54.0,23.0,46.0,123.0
current36__skew_normal__fast_120_lr005_depth2_leaf50_sub1_direct,current36,36,skew_normal,fast_120_lr005_depth2_leaf50_sub1_direct,1.4,validation,1.9380451197888648,1.1484659073489623,0.12305569427945881,3.2014403445333954,3.233481579066302,117.0,60.0,99.0,276.0
current36__skew_normal__fast_120_lr005_depth2_leaf50_sub1_direct,current36,36,skew_normal,fast_120_lr005_depth2_leaf50_sub1_direct,1.4,test,1.9071947696484923,1.140226188347479,0.12000544668271114,3.324012362954134,3.2821342562951834,117.0,60.0,99.0,276.0
current36__skew_normal__fast_120_lr005_depth2_leaf50_sub1_direct,current36,36,skew_normal,fast_120_lr005_depth2_leaf50_sub1_direct,1.5,validation,1.9706738057440636,1.1677458750412257,0.12466641224465894,3.4301146548572095,3.4644445489996087,194.0,119.0,143.0,456.0
current36__skew_normal__fast_120_lr005_depth2_leaf50_sub1_direct,current36,36,skew_normal,fast_120_lr005_depth2_leaf50_sub1_direct,1.5,test,1.9471088657477236,1.1626350247084682,0.12207683394067652,3.561441817450859,3.516572417459125,194.0,119.0,143.0,456.0
current36__skew_normal__mid_300_lr002_depth3_leaf50_sub08_direct,current36,36,skew_normal,mid_300_lr002_depth3_leaf50_sub08_direct,0.6,validation,2.76587118847104,1.6353479294980713,0.14855734467480952,1.350861219221665,1.3278655052157669,355.0,349.0,354.0,1058.0
current36__skew_normal__mid_300_lr002_depth3_leaf50_sub08_direct,current36,36,skew_normal,mid_300_lr002_depth3_leaf50_sub08_direct,0.6,test,2.495101231877445,1.5491758176692074,0.1410087397439414,1.4143978299433557,1.3285375712414724,355.0,349.0,354.0,1058.0
current36__skew_normal__mid_300_lr002_depth3_leaf50_sub08_direct,current36,36,skew_normal,mid_300_lr002_depth3_leaf50_sub08_direct,0.65,validation,2.5318084662738536,1.5088267028400562,0.1436924973986292,1.463432987490137,1.4385209639837475,337.0,335.0,340.0,1012.0
current36__skew_normal__mid_300_lr002_depth3_leaf50_sub08_direct,current36,36,skew_normal,mid_300_lr002_depth3_leaf50_sub08_direct,0.65,test,2.3058209102475717,1.4386035232134096,0.13628953207834496,1.5322643157719684,1.4392490355115952,337.0,335.0,340.0,1012.0
current36__skew_normal__mid_300_lr002_depth3_leaf50_sub08_direct,current36,36,skew_normal,mid_300_lr002_depth3_leaf50_sub08_direct,0.7,validation,2.3574432068838527,1.411864526330159,0.1394893482962975,1.576004755758609,1.549176422751728,319.0,315.0,323.0,957.0
current36__skew_normal__mid_300_lr002_depth3_leaf50_sub08_direct,current36,36,skew_normal,mid_300_lr002_depth3_leaf50_sub08_direct,0.7,test,2.167131040183851,1.354366259934007,0.13231308891808352,1.6501308016005816,1.5499604997817178,319.0,315.0,323.0,957.0
current36__skew_normal__mid_300_lr002_depth3_leaf50_sub08_direct,current36,36,skew_normal,mid_300_lr002_depth3_leaf50_sub08_direct,0.75,validation,2.226755202325329,1.3371405698224792,0.13587966627866574,1.6885765240270811,1.6598318815197086,301.0,293.0,302.0,896.0
current36__skew_normal__mid_300_lr002_depth3_leaf50_sub08_direct,current36,36,skew_normal,mid_300_lr002_depth3_leaf50_sub08_direct,0.75,test,2.0653462919270607,1.2896821923192214,0.12899079596248453,1.7679972874291945,1.6606719640518406,301.0,293.0,302.0,896.0
current36__skew_normal__mid_300_lr002_depth3_leaf50_sub08_direct,current36,36,skew_normal,mid_300_lr002_depth3_leaf50_sub08_direct,0.8,validation,2.128645725088268,1.279463008737038,0.13280585596208688,1.8011482922955533,1.7704873402876893,280.0,269.0,280.0,829.0
current36__skew_normal__mid_300_lr002_depth3_leaf50_sub08_direct,current36,36,skew_normal,mid_300_lr002_depth3_leaf50_sub08_direct,0.8,test,1.990996361967074,1.24007577251811,0.12624679184397333,1.8858637732578074,1.7713834283219634,280.0,269.0,280.0,829.0
current36__skew_normal__mid_300_lr002_depth3_leaf50_sub08_direct,current36,36,skew_normal,mid_300_lr002_depth3_leaf50_sub08_direct,0.85,validation,2.0552394797964157,1.2350594245859141,0.1302172798070044,1.9137200605640254,1.8811427990556697,258.0,248.0,255.0,761.0
current36__skew_normal__mid_300_lr002_depth3_leaf50_sub08_direct,current36,36,skew_normal,mid_300_lr002_depth3_leaf50_sub08_direct,0.85,test,1.9373698075384609,1.2025371448340143,0.12401516668324583,2.0037302590864203,1.882094892592086,258.0,248.0,255.0,761.0
current36__skew_normal__mid_300_lr002_depth3_leaf50_sub08_direct,current36,36,skew_normal,mid_300_lr002_depth3_leaf50_sub08_direct,0.9,validation,2.000830830748923,1.2011309819291998,0.12806827900441867,2.0262918288324974,1.9917982578236504,227.0,219.0,224.0,670.0
current36__skew_normal__mid_300_lr002_depth3_leaf50_sub08_direct,current36,36,skew_normal,mid_300_lr002_depth3_leaf50_sub08_direct,0.9,test,1.899610891120488,1.1743938622703949,0.12223812570367824,2.1215967449150335,1.9928063568622087,227.0,219.0,224.0,670.0
current36__skew_normal__mid_300_lr002_depth3_leaf50_sub08_direct,current36,36,skew_normal,mid_300_lr002_depth3_leaf50_sub08_direct,0.95,validation,1.9612098234564885,1.1755633666901184,0.12631711359553627,2.1388635971009693,2.102453716591631,171.0,186.0,168.0,525.0
current36__skew_normal__mid_300_lr002_depth3_leaf50_sub08_direct,current36,36,skew_normal,mid_300_lr002_depth3_leaf50_sub08_direct,0.95,test,1.8741422537402037,1.1534226443371725,0.12086466334001238,2.239463230743646,2.103517821132331,171.0,186.0,168.0,525.0
current36__skew_normal__mid_300_lr002_depth3_leaf50_sub08_direct,current36,36,skew_normal,mid_300_lr002_depth3_leaf50_sub08_direct,1.0,validation,1.9332195595965027,1.15673409288775,0.12492538693171988,2.2514353653694417,2.2131091753596115,105.0,129.0,117.0,351.0
current36__skew_normal__mid_300_lr002_depth3_leaf50_sub08_direct,current36,36,skew_normal,mid_300_lr002_depth3_leaf50_sub08_direct,1.0,test,1.8582859619085965,1.13856664031921,0.11984954176275882,2.3573297165722598,2.214229285402454,105.0,129.0,117.0,351.0
current36__skew_normal__mid_300_lr002_depth3_leaf50_sub08_direct,current36,36,skew_normal,mid_300_lr002_depth3_leaf50_sub08_direct,1.05,validation,1.9144586226942593,1.143380851553381,0.12385771439799442,2.3640071336379136,2.323764634127592,62.0,94.0,83.0,239.0
current36__skew_normal__mid_300_lr002_depth3_leaf50_sub08_direct,current36,36,skew_normal,mid_300_lr002_depth3_leaf50_sub08_direct,1.05,test,1.8500088617430954,1.1287296481168532,0.11915247601639625,2.4751962024008725,2.324940749672577,62.0,94.0,83.0,239.0
current36__skew_normal__mid_300_lr002_depth3_leaf50_sub08_direct,current36,36,skew_normal,mid_300_lr002_depth3_leaf50_sub08_direct,1.1,validation,1.903076796556355,1.1345095749198055,0.12308150722205383,2.476578901906386,2.4344200928955733,35.0,61.0,50.0,146.0
current36__skew_normal__mid_300_lr002_depth3_leaf50_sub08_direct,current36,36,skew_normal,mid_300_lr002_depth3_leaf50_sub08_direct,1.1,test,1.8477478445930544,1.1229915633678824,0.1187374729098434,2.5930626882294856,2.4356522139426997,35.0,61.0,50.0,146.0
current36__skew_normal__mid_300_lr002_depth3_leaf50_sub08_direct,current36,36,skew_normal,mid_300_lr002_depth3_leaf50_sub08_direct,1.15,validation,1.8976321694712421,1.1293289708442216,0.12256680510125981,2.5891506701748574,2.545075551663553,18.0,44.0,27.0,89.0
current36__skew_normal__mid_300_lr002_depth3_leaf50_sub08_direct,current36,36,skew_normal,mid_300_lr002_depth3_leaf50_sub08_direct,1.15,test,1.8502876709866691,1.1206201329638206,0.11857228961624448,2.710929174058098,2.546363678212822,18.0,44.0,27.0,89.0
current36__skew_normal__mid_300_lr002_depth3_leaf50_sub08_direct,current36,36,skew_normal,mid_300_lr002_depth3_leaf50_sub08_direct,1.2,validation,1.8969894651832673,1.127203087675465,0.12228612620494628,2.70172243844333,2.6557310104315337,16.0,30.0,19.0,65.0
current36__skew_normal__mid_300_lr002_depth3_leaf50_sub08_direct,current36,36,skew_normal,mid_300_lr002_depth3_leaf50_sub08_direct,1.2,test,1.8566740801187438,1.1210270242312779,0.11862798678562463,2.8287956598867114,2.657075142482945,16.0,30.0,19.0,65.0
current36__skew_normal__mid_300_lr002_depth3_leaf50_sub08_direct,current36,36,skew_normal,mid_300_lr002_depth3_leaf50_sub08_direct,1.25,validation,1.900246579648135,1.1276164041564711,0.12221432151403325,2.814294206711802,2.7663864691995146,25.0,28.0,20.0,73.0
current36__skew_normal__mid_300_lr002_depth3_leaf50_sub08_direct,current36,36,skew_normal,mid_300_lr002_depth3_leaf50_sub08_direct,1.25,test,1.8661510332609954,1.1237354897265817,0.1188785562400565,2.9466621457153246,2.7677866067530674,25.0,28.0,20.0,73.0
current36__skew_normal__mid_300_lr002_depth3_leaf50_sub08_direct,current36,36,skew_normal,mid_300_lr002_depth3_leaf50_sub08_direct,1.3,validation,1.9066807434654305,1.1301477753349296,0.12232842952454795,2.926865974980274,2.877041927967495,44.0,32.0,31.0,107.0
current36__skew_normal__mid_300_lr002_depth3_leaf50_sub08_direct,current36,36,skew_normal,mid_300_lr002_depth3_leaf50_sub08_direct,1.3,test,1.8781147455336453,1.1283562342861537,0.11930060727294615,3.064528631543937,2.8784980710231904,44.0,32.0,31.0,107.0
current36__skew_normal__mid_300_lr002_depth3_leaf50_sub08_direct,current36,36,skew_normal,mid_300_lr002_depth3_leaf50_sub08_direct,1.4,validation,1.926855938732701,1.140238471736481,0.1230326076096998,3.152009511517218,3.098352845503456,94.0,58.0,72.0,224.0
current36__skew_normal__mid_300_lr002_depth3_leaf50_sub08_direct,current36,36,skew_normal,mid_300_lr002_depth3_leaf50_sub08_direct,1.4,test,1.907652431284248,1.1421095024453825,0.12057710813083036,3.300261603201163,3.0999209995634356,94.0,58.0,72.0,224.0
current36__skew_normal__mid_300_lr002_depth3_leaf50_sub08_direct,current36,36,skew_normal,mid_300_lr002_depth3_leaf50_sub08_direct,1.5,validation,1.954028293275555,1.155351847145991,0.12425327150947112,3.3771530480541623,3.3196637630394172,160.0,106.0,114.0,380.0
current36__skew_normal__mid_300_lr002_depth3_leaf50_sub08_direct,current36,36,skew_normal,mid_300_lr002_depth3_leaf50_sub08_direct,1.5,test,1.9424003975565984,1.1603271500479717,0.12231338236264566,3.535994574858389,3.321343928103681,160.0,106.0,114.0,380.0
current36__skew_normal__prod_500_lr001_depth3_leaf50_sub08_direct,current36,36,skew_normal,prod_500_lr001_depth3_leaf50_sub08_direct,0.6,validation,2.7161519548382436,1.6258487060571256,0.1519607069474931,1.3976245388305195,1.384927929771132,352.0,354.0,351.0,1057.0
current36__skew_normal__prod_500_lr001_depth3_leaf50_sub08_direct,current36,36,skew_normal,prod_500_lr001_depth3_leaf50_sub08_direct,0.6,test,2.4339643291424755,1.5270919323848444,0.1436470172647476,1.4609279649397668,1.3825041761734704,352.0,354.0,351.0,1057.0
current36__skew_normal__prod_500_lr001_depth3_leaf50_sub08_direct,current36,36,skew_normal,prod_500_lr001_depth3_leaf50_sub08_direct,0.65,validation,2.4948961638633693,1.5017693352292896,0.14654068044364657,1.5140932503997293,1.5003385905853932,333.0,344.0,336.0,1013.0
current36__skew_normal__prod_500_lr001_depth3_leaf50_sub08_direct,current36,36,skew_normal,prod_500_lr001_depth3_leaf50_sub08_direct,0.65,test,2.258698338053472,1.4200960455957101,0.13853907877083113,1.5826719620180807,1.49771285752126,333.0,344.0,336.0,1013.0
current36__skew_normal__prod_500_lr001_depth3_leaf50_sub08_direct,current36,36,skew_normal,prod_500_lr001_depth3_leaf50_sub08_direct,0.7,validation,2.3307326819249683,1.4069089216972008,0.1418668892880636,1.6305619619689389,1.615749251399654,315.0,327.0,319.0,961.0
current36__skew_normal__prod_500_lr001_depth3_leaf50_sub08_direct,current36,36,skew_normal,prod_500_lr001_depth3_leaf50_sub08_direct,0.7,test,2.1311797236274743,1.338797864546906,0.134230877292107,1.7044159590963945,1.612921538869049,315.0,327.0,319.0,961.0
current36__skew_normal__prod_500_lr001_depth3_leaf50_sub08_direct,current36,36,skew_normal,prod_500_lr001_depth3_leaf50_sub08_direct,0.75,validation,2.2083165100507642,1.3340432026353848,0.13786569259670192,1.7470306735381493,1.7311599122139152,298.0,306.0,300.0,904.0
current36__skew_normal__prod_500_lr001_depth3_leaf50_sub08_direct,current36,36,skew_normal,prod_500_lr001_depth3_leaf50_sub08_direct,0.75,test,2.0384582243876506,1.276944618295727,0.13063205148381066,1.8261599561747086,1.7281302202168383,298.0,306.0,300.0,904.0
current36__skew_normal__prod_500_lr001_depth3_leaf50_sub08_direct,current36,36,skew_normal,prod_500_lr001_depth3_leaf50_sub08_direct,0.8,validation,2.1170195071304256,1.2780425279875287,0.13447216881692234,1.8634993851073591,1.8465705730281763,274.0,285.0,278.0,837.0
current36__skew_normal__prod_500_lr001_depth3_leaf50_sub08_direct,current36,36,skew_normal,prod_500_lr001_depth3_leaf50_sub08_direct,0.8,test,1.9715759797298684,1.2296294644571362,0.1276629107153699,1.9479039532530227,1.8433389015646275,274.0,285.0,278.0,837.0
current36__skew_normal__prod_500_lr001_depth3_leaf50_sub08_direct,current36,36,skew_normal,prod_500_lr001_depth3_leaf50_sub08_direct,0.85,validation,2.049302088229993,1.235175626421268,0.13162762621101326,1.9799680966765687,1.9619812338424372,251.0,261.0,257.0,769.0
current36__skew_normal__prod_500_lr001_depth3_leaf50_sub08_direct,current36,36,skew_normal,prod_500_lr001_depth3_leaf50_sub08_direct,0.85,test,1.9241872869540593,1.1939010555031568,0.12525265504456798,2.0696479503313365,1.9585475829124168,251.0,261.0,257.0,769.0
current36__skew_normal__prod_500_lr001_depth3_leaf50_sub08_direct,current36,36,skew_normal,prod_500_lr001_depth3_leaf50_sub08_direct,0.9,validation,1.999703011153496,1.2026718057989962,0.12927835132439988,2.096436808245779,2.0773918946566985,226.0,236.0,227.0,689.0
current36__skew_normal__prod_500_lr001_depth3_leaf50_sub08_direct,current36,36,skew_normal,prod_500_lr001_depth3_leaf50_sub08_direct,0.9,test,1.8917028323391585,1.1675342988352908,0.12333819973380233,2.19139194740965,2.073756264260206,226.0,236.0,227.0,689.0
current36__skew_normal__prod_500_lr001_depth3_leaf50_sub08_direct,current36,36,skew_normal,prod_500_lr001_depth3_leaf50_sub08_direct,0.95,validation,1.9641934382562427,1.1784366862603035,0.1273749685751971,2.2129055198149885,2.1928025554709594,176.0,209.0,178.0,563.0
current36__skew_normal__prod_500_lr001_depth3_leaf50_sub08_direct,current36,36,skew_normal,prod_500_lr001_depth3_leaf50_sub08_direct,0.95,test,1.8707428548672862,1.148625343409192,0.12186326364858553,2.3131359444879642,2.188964945607995,176.0,209.0,178.0,563.0
current36__skew_normal__prod_500_lr001_depth3_leaf50_sub08_direct,current36,36,skew_normal,prod_500_lr001_depth3_leaf50_sub08_direct,1.0,validation,1.9397528453248338,1.1608623658546786,0.12587207784272508,2.329374231384199,2.3082132162852202,126.0,163.0,126.0,415.0
current36__skew_normal__prod_500_lr001_depth3_leaf50_sub08_direct,current36,36,skew_normal,prod_500_lr001_depth3_leaf50_sub08_direct,1.0,test,1.8587783422441795,1.1357121961744474,0.1207775919711026,2.434879941566278,2.3041736269557846,126.0,163.0,126.0,415.0
current36__skew_normal__prod_500_lr001_depth3_leaf50_sub08_direct,current36,36,skew_normal,prod_500_lr001_depth3_leaf50_sub08_direct,1.05,validation,1.9240839853175593,1.1486974889017918,0.12472800517001396,2.445842942953409,2.423623877099481,83.0,123.0,101.0,307.0
current36__skew_normal__prod_500_lr001_depth3_leaf50_sub08_direct,current36,36,skew_normal,prod_500_lr001_depth3_leaf50_sub08_direct,1.05,test,1.8538900151423778,1.1276569172016344,0.12003627104002608,2.5566239386445924,2.4193823083035735,83.0,123.0,101.0,307.0
current36__skew_normal__prod_500_lr001_depth3_leaf50_sub08_direct,current36,36,skew_normal,prod_500_lr001_depth3_leaf50_sub08_direct,1.1,validation,1.915417263735418,1.140956371262578,0.12390459154326869,2.5623116545226186,2.5390345379137425,63.0,95.0,75.0,233.0
current36__skew_normal__prod_500_lr001_depth3_leaf50_sub08_direct,current36,36,skew_normal,prod_500_lr001_depth3_leaf50_sub08_direct,1.1,test,1.854603003769846,1.1235631651657016,0.11959912326980962,2.6783679357229064,2.534590989651363,63.0,95.0,75.0,233.0
current36__skew_normal__prod_500_lr001_depth3_leaf50_sub08_direct,current36,36,skew_normal,prod_500_lr001_depth3_leaf50_sub08_direct,1.15,validation,1.9123739286070314,1.1368542191696474,0.12336698973288543,2.678780366091828,2.654445198728003,56.0,78.0,55.0,189.0
current36__skew_normal__prod_500_lr001_depth3_leaf50_sub08_direct,current36,36,skew_normal,prod_500_lr001_depth3_leaf50_sub08_direct,1.15,test,1.8597712872315957,1.1227173849072254,0.11943017708000654,2.8001119328012196,2.649799670999152,56.0,78.0,55.0,189.0
current36__skew_normal__prod_500_lr001_depth3_leaf50_sub08_direct,current36,36,skew_normal,prod_500_lr001_depth3_leaf50_sub08_direct,1.2,validation,1.9138687482617158,1.1357601612852877,0.12308346007594635,2.795249077661039,2.769855859542264,60.0,62.0,54.0,176.0
current36__skew_normal__prod_500_lr001_depth3_leaf50_sub08_direct,current36,36,skew_normal,prod_500_lr001_depth3_leaf50_sub08_direct,1.2,test,1.8684955273909638,1.12454614577163,0.11949720611271823,2.9218559298795337,2.765008352346941,60.0,62.0,54.0,176.0
current36__skew_normal__prod_500_lr001_depth3_leaf50_sub08_direct,current36,36,skew_normal,prod_500_lr001_depth3_leaf50_sub08_direct,1.25,validation,1.9190396968271897,1.1371626761713651,0.12302516474171925,2.9117177892302486,2.885266520356525,73.0,57.0,59.0,189.0
current36__skew_normal__prod_500_lr001_depth3_leaf50_sub08_direct,current36,36,skew_normal,prod_500_lr001_depth3_leaf50_sub08_direct,1.25,test,1.8800637339472348,1.1285847233448774,0.11977133008090168,3.0435999269578473,2.8802170336947306,73.0,57.0,59.0,189.0
current36__skew_normal__prod_500_lr001_depth3_leaf50_sub08_direct,current36,36,skew_normal,prod_500_lr001_depth3_leaf50_sub08_direct,1.3,validation,1.9271964264124706,1.1406437933439988,0.12316596291475217,3.0281865007994586,3.0006771811707864,96.0,65.0,73.0,234.0
current36__skew_normal__prod_500_lr001_depth3_leaf50_sub08_direct,current36,36,skew_normal,prod_500_lr001_depth3_leaf50_sub08_direct,1.3,test,1.89390780600303,1.134453641639258,0.12022666848527101,3.1653439240361614,2.99542571504252,96.0,65.0,73.0,234.0
current36__skew_normal__prod_500_lr001_depth3_leaf50_sub08_direct,current36,36,skew_normal,prod_500_lr001_depth3_leaf50_sub08_direct,1.4,validation,1.950344204074953,1.1525253424822983,0.12395256165621826,3.2611239239378778,3.231498502799308,151.0,97.0,108.0,356.0
current36__skew_normal__prod_500_lr001_depth3_leaf50_sub08_direct,current36,36,skew_normal,prod_500_lr001_depth3_leaf50_sub08_direct,1.4,test,1.9266851533687348,1.1504885989381382,0.12159068905736992,3.408831918192789,3.225843077738098,151.0,97.0,108.0,356.0
current36__skew_normal__prod_500_lr001_depth3_leaf50_sub08_direct,current36,36,skew_normal,prod_500_lr001_depth3_leaf50_sub08_direct,1.5,validation,1.9799868592041552,1.169296905748952,0.12528060039598196,3.4940613470762987,3.4623198244278304,207.0,145.0,146.0,498.0
current36__skew_normal__prod_500_lr001_depth3_leaf50_sub08_direct,current36,36,skew_normal,prod_500_lr001_depth3_leaf50_sub08_direct,1.5,test,1.9641191292386806,1.170742105915828,0.12343159524947551,3.652319912349417,3.4562604404336765,207.0,145.0,146.0,498.0
plus_forecast_high_day_cos__skew_normal__fast_120_lr005_depth2_leaf50_sub1_direct,plus_forecast_high_day_cos,38,skew_normal,fast_120_lr005_depth2_leaf50_sub1_direct,0.6,validation,2.6300035646325157,1.5596803722505794,0.1451505204801567,1.3651711081336435,1.3730797153998322,346.0,343.0,347.0,1036.0
plus_forecast_high_day_cos__skew_normal__fast_120_lr005_depth2_leaf50_sub1_direct,plus_forecast_high_day_cos,38,skew_normal,fast_120_lr005_depth2_leaf50_sub1_direct,0.6,test,2.3076469508991932,1.4451111226580917,0.1371773593271732,1.4166405320138613,1.3802215878181952,346.0,343.0,347.0,1036.0
plus_forecast_high_day_cos__skew_normal__fast_120_lr005_depth2_leaf50_sub1_direct,plus_forecast_high_day_cos,38,skew_normal,fast_120_lr005_depth2_leaf50_sub1_direct,0.65,validation,2.4222326158771277,1.4459834483856773,0.14065687810327682,1.4789353671447805,1.487503025016485,327.0,325.0,332.0,984.0
plus_forecast_high_day_cos__skew_normal__fast_120_lr005_depth2_leaf50_sub1_direct,plus_forecast_high_day_cos,38,skew_normal,fast_120_lr005_depth2_leaf50_sub1_direct,0.65,test,2.1507623090370744,1.3490569851623992,0.13280128754257356,1.5346939096816832,1.4952400534697117,327.0,325.0,332.0,984.0
plus_forecast_high_day_cos__skew_normal__fast_120_lr005_depth2_leaf50_sub1_direct,plus_forecast_high_day_cos,38,skew_normal,fast_120_lr005_depth2_leaf50_sub1_direct,0.7,validation,2.268843568559519,1.3595478866408786,0.13674276288874215,1.592699626155917,1.6019263346331374,309.0,300.0,311.0,920.0
plus_forecast_high_day_cos__skew_normal__fast_120_lr005_depth2_leaf50_sub1_direct,plus_forecast_high_day_cos,38,skew_normal,fast_120_lr005_depth2_leaf50_sub1_direct,0.7,test,2.037894843818825,1.276674099131623,0.1291044045545831,1.652747287349505,1.6102585191212277,309.0,300.0,311.0,920.0
plus_forecast_high_day_cos__skew_normal__fast_120_lr005_depth2_leaf50_sub1_direct,plus_forecast_high_day_cos,38,skew_normal,fast_120_lr005_depth2_leaf50_sub1_direct,0.75,validation,2.1551729223098275,1.2936246536811389,0.13337124712313417,1.7064638851670544,1.71634964424979,287.0,275.0,288.0,850.0
plus_forecast_high_day_cos__skew_normal__fast_120_lr005_depth2_leaf50_sub1_direct,plus_forecast_high_day_cos,38,skew_normal,fast_120_lr005_depth2_leaf50_sub1_direct,0.75,test,1.957034710714565,1.222298161417649,0.12601828204694415,1.770800665017327,1.7252769847727443,287.0,275.0,288.0,850.0
plus_forecast_high_day_cos__skew_normal__fast_120_lr005_depth2_leaf50_sub1_direct,plus_forecast_high_day_cos,38,skew_normal,fast_120_lr005_depth2_leaf50_sub1_direct,0.8,validation,2.0710696086885827,1.243418920088135,0.13050592688041265,1.8202281441781913,1.830772953866443,262.0,250.0,264.0,776.0
plus_forecast_high_day_cos__skew_normal__fast_120_lr005_depth2_leaf50_sub1_direct,plus_forecast_high_day_cos,38,skew_normal,fast_120_lr005_depth2_leaf50_sub1_direct,0.8,test,1.8998833273273403,1.1817271039384214,0.12348234158608684,1.8888540426851488,1.8402954504242603,262.0,250.0,264.0,776.0
plus_forecast_high_day_cos__skew_normal__fast_120_lr005_depth2_leaf50_sub1_direct,plus_forecast_high_day_cos,38,skew_normal,fast_120_lr005_depth2_leaf50_sub1_direct,0.85,validation,2.0093366153251373,1.2054414790577286,0.12810971873344354,1.9339924031893283,1.9451962634830955,236.0,220.0,232.0,688.0
plus_forecast_high_day_cos__skew_normal__fast_120_lr005_depth2_leaf50_sub1_direct,plus_forecast_high_day_cos,38,skew_normal,fast_120_lr005_depth2_leaf50_sub1_direct,0.85,test,1.860569052531157,1.151897147080838,0.12144157450508508,2.00690742035297,1.9553139160757766,236.0,220.0,232.0,688.0
plus_forecast_high_day_cos__skew_normal__fast_120_lr005_depth2_leaf50_sub1_direct,plus_forecast_high_day_cos,38,skew_normal,fast_120_lr005_depth2_leaf50_sub1_direct,0.9,validation,1.9647642766089473,1.1771006670122859,0.126145241674097,2.0477566622004653,2.059619573099748,179.0,178.0,172.0,529.0
plus_forecast_high_day_cos__skew_normal__fast_120_lr005_depth2_leaf50_sub1_direct,plus_forecast_high_day_cos,38,skew_normal,fast_120_lr005_depth2_leaf50_sub1_direct,0.9,test,1.8348510611113737,1.1305282276250568,0.11984564969741988,2.1249607980207923,2.070332381727293,179.0,178.0,172.0,529.0
plus_forecast_high_day_cos__skew_normal__fast_120_lr005_depth2_leaf50_sub1_direct,plus_forecast_high_day_cos,38,skew_normal,fast_120_lr005_depth2_leaf50_sub1_direct,0.95,validation,1.933512230563408,1.1564372238622223,0.12457558673344964,2.1615209212116016,2.174042882716401,107.0,114.0,116.0,337.0
plus_forecast_high_day_cos__skew_normal__fast_120_lr005_depth2_leaf50_sub1_direct,plus_forecast_high_day_cos,38,skew_normal,fast_120_lr005_depth2_leaf50_sub1_direct,0.95,test,1.8196107625136542,1.1158934372841538,0.11864849657218604,2.243014175688614,2.1853508473788095,107.0,114.0,116.0,337.0
plus_forecast_high_day_cos__skew_normal__fast_120_lr005_depth2_leaf50_sub1_direct,plus_forecast_high_day_cos,38,skew_normal,fast_120_lr005_depth2_leaf50_sub1_direct,1.0,validation,1.912703690738212,1.1419471096276212,0.12336500579609415,2.275285180222739,2.2884661923330536,57.0,77.0,80.0,214.0
plus_forecast_high_day_cos__skew_normal__fast_120_lr005_depth2_leaf50_sub1_direct,plus_forecast_high_day_cos,38,skew_normal,fast_120_lr005_depth2_leaf50_sub1_direct,1.0,test,1.8125182206196606,1.106664806888969,0.11780800458113372,2.3610675533564356,2.3003693130303255,57.0,77.0,80.0,214.0
plus_forecast_high_day_cos__skew_normal__fast_120_lr005_depth2_leaf50_sub1_direct,plus_forecast_high_day_cos,38,skew_normal,fast_120_lr005_depth2_leaf50_sub1_direct,1.05,validation,1.9001527843908952,1.1324601380390638,0.12247939550052407,2.3890494392338764,2.4028895019497063,23.0,38.0,40.0,101.0
plus_forecast_high_day_cos__skew_normal__fast_120_lr005_depth2_leaf50_sub1_direct,plus_forecast_high_day_cos,38,skew_normal,fast_120_lr005_depth2_leaf50_sub1_direct,1.05,test,1.8118081860830362,1.1018075568024466,0.11728573235367552,2.4791209310242577,2.4153877786818416,23.0,38.0,40.0,101.0
plus_forecast_high_day_cos__skew_normal__fast_120_lr005_depth2_leaf50_sub1_direct,plus_forecast_high_day_cos,38,skew_normal,fast_120_lr005_depth2_leaf50_sub1_direct,1.1,validation,1.8941774457182492,1.1270550190057285,0.12188658749778562,2.502813698245013,2.517312811566359,14.0,20.0,17.0,51.0
plus_forecast_high_day_cos__skew_normal__fast_120_lr005_depth2_leaf50_sub1_direct,plus_forecast_high_day_cos,38,skew_normal,fast_120_lr005_depth2_leaf50_sub1_direct,1.1,test,1.8161265544007608,1.1005059714570071,0.11704661477358938,2.5971743086920793,2.530406244333358,14.0,20.0,17.0,51.0
plus_forecast_high_day_cos__skew_normal__fast_120_lr005_depth2_leaf50_sub1_direct,plus_forecast_high_day_cos,38,skew_normal,fast_120_lr005_depth2_leaf50_sub1_direct,1.15,validation,1.8934685847830377,1.1249987398594177,0.12155649383781894,2.61657795725615,2.6317361211830113,13.0,12.0,11.0,36.0
plus_forecast_high_day_cos__skew_normal__fast_120_lr005_depth2_leaf50_sub1_direct,plus_forecast_high_day_cos,38,skew_normal,fast_120_lr005_depth2_leaf50_sub1_direct,1.15,test,1.8244231119723127,1.1021104222864813,0.11705868149441638,2.7152276863599005,2.6454247099848742,13.0,12.0,11.0,36.0
plus_forecast_high_day_cos__skew_normal__fast_120_lr005_depth2_leaf50_sub1_direct,plus_forecast_high_day_cos,38,skew_normal,fast_120_lr005_depth2_leaf50_sub1_direct,1.2,validation,1.8969970389258555,1.1257025753139533,0.12146115518805231,2.730342216267287,2.7461594307996644,17.0,8.0,12.0,37.0
plus_forecast_high_day_cos__skew_normal__fast_120_lr005_depth2_leaf50_sub1_direct,plus_forecast_high_day_cos,38,skew_normal,fast_120_lr005_depth2_leaf50_sub1_direct,1.2,test,1.8358753336279277,1.1060988479094047,0.1172927994507627,2.8332810640277226,2.7604431756363903,17.0,8.0,12.0,37.0
plus_forecast_high_day_cos__skew_normal__fast_120_lr005_depth2_leaf50_sub1_direct,plus_forecast_high_day_cos,38,skew_normal,fast_120_lr005_depth2_leaf50_sub1_direct,1.25,validation,1.9039463650306532,1.1286896802078508,0.12157472754360472,2.8441064752784238,2.860582740416317,38.0,13.0,22.0,73.0
plus_forecast_high_day_cos__skew_normal__fast_120_lr005_depth2_leaf50_sub1_direct,plus_forecast_high_day_cos,38,skew_normal,fast_120_lr005_depth2_leaf50_sub1_direct,1.25,test,1.8498333998943435,1.1120483133615349,0.11772244460931895,2.9513344416955447,2.875461641287907,38.0,13.0,22.0,73.0
plus_forecast_high_day_cos__skew_normal__fast_120_lr005_depth2_leaf50_sub1_direct,plus_forecast_high_day_cos,38,skew_normal,fast_120_lr005_depth2_leaf50_sub1_direct,1.3,validation,1.9136636059845888,1.1335708897754928,0.12187343096427825,2.957870734289561,2.97500605003297,59.0,19.0,48.0,126.0
plus_forecast_high_day_cos__skew_normal__fast_120_lr005_depth2_leaf50_sub1_direct,plus_forecast_high_day_cos,38,skew_normal,fast_120_lr005_depth2_leaf50_sub1_direct,1.3,test,1.865779962225942,1.1196137203425545,0.11832350188764611,3.0693878193633664,2.9904801069394233,59.0,19.0,48.0,126.0
plus_forecast_high_day_cos__skew_normal__fast_120_lr005_depth2_leaf50_sub1_direct,plus_forecast_high_day_cos,38,skew_normal,fast_120_lr005_depth2_leaf50_sub1_direct,1.4,validation,1.9393973123842103,1.1477919073915945,0.12294096849151699,3.185399252311834,3.2038526692662748,123.0,54.0,96.0,273.0
plus_forecast_high_day_cos__skew_normal__fast_120_lr005_depth2_leaf50_sub1_direct,plus_forecast_high_day_cos,38,skew_normal,fast_120_lr005_depth2_leaf50_sub1_direct,1.4,test,1.9020600394449338,1.1385081014296168,0.11995439602060305,3.30549457469901,3.2205170382424555,123.0,54.0,96.0,273.0
plus_forecast_high_day_cos__skew_normal__fast_120_lr005_depth2_leaf50_sub1_direct,plus_forecast_high_day_cos,38,skew_normal,fast_120_lr005_depth2_leaf50_sub1_direct,1.5,validation,1.9710640727183026,1.1664097386845667,0.12451164228358262,3.4129277703341088,3.43269928849958,196.0,112.0,139.0,447.0
plus_forecast_high_day_cos__skew_normal__fast_120_lr005_depth2_leaf50_sub1_direct,plus_forecast_high_day_cos,38,skew_normal,fast_120_lr005_depth2_leaf50_sub1_direct,1.5,test,1.9422634202781077,1.1610514178923763,0.12203443909492306,3.541601330034654,3.4505539695454885,196.0,112.0,139.0,447.0
plus_forecast_high_temp_range__skew_normal__fast_120_lr005_depth2_leaf50_sub1_direct,plus_forecast_high_temp_range,38,skew_normal,fast_120_lr005_depth2_leaf50_sub1_direct,0.6,validation,2.582214236728194,1.5335584422734894,0.14405593488661514,1.370779836598308,1.3851927095477978,343.0,337.0,344.0,1024.0
plus_forecast_high_temp_range__skew_normal__fast_120_lr005_depth2_leaf50_sub1_direct,plus_forecast_high_temp_range,38,skew_normal,fast_120_lr005_depth2_leaf50_sub1_direct,0.6,test,2.3092118974456737,1.440793947151487,0.13642098130129368,1.4228971395463348,1.3974955957365276,343.0,337.0,344.0,1024.0
plus_forecast_high_temp_range__skew_normal__fast_120_lr005_depth2_leaf50_sub1_direct,plus_forecast_high_temp_range,38,skew_normal,fast_120_lr005_depth2_leaf50_sub1_direct,0.65,validation,2.3825649967139872,1.4241450253204058,0.13963154469787523,1.485011489648167,1.5006254353434478,324.0,316.0,327.0,967.0
plus_forecast_high_temp_range__skew_normal__fast_120_lr005_depth2_leaf50_sub1_direct,plus_forecast_high_temp_range,38,skew_normal,fast_120_lr005_depth2_leaf50_sub1_direct,0.65,test,2.1526842286293872,1.345867831990501,0.1321411070124166,1.5414719011751963,1.513953562047905,324.0,316.0,327.0,967.0
plus_forecast_high_temp_range__skew_normal__fast_120_lr005_depth2_leaf50_sub1_direct,plus_forecast_high_temp_range,38,skew_normal,fast_120_lr005_depth2_leaf50_sub1_direct,0.7,validation,2.2356188072738563,1.3411751059029946,0.13579004349149904,1.599243142698026,1.6160581611390974,304.0,292.0,303.0,899.0
plus_forecast_high_temp_range__skew_normal__fast_120_lr005_depth2_leaf50_sub1_direct,plus_forecast_high_temp_range,38,skew_normal,fast_120_lr005_depth2_leaf50_sub1_direct,0.7,test,2.0401074714735357,1.2743003616614657,0.12854099451821308,1.6600466628040573,1.6304115283592822,304.0,292.0,303.0,899.0
plus_forecast_high_temp_range__skew_normal__fast_120_lr005_depth2_leaf50_sub1_direct,plus_forecast_high_temp_range,38,skew_normal,fast_120_lr005_depth2_leaf50_sub1_direct,0.75,validation,2.1271471302327405,1.2781015682063306,0.13249499864969666,1.713474795747885,1.7314908869347474,277.0,268.0,279.0,824.0
plus_forecast_high_temp_range__skew_normal__fast_120_lr005_depth2_leaf50_sub1_direct,plus_forecast_high_temp_range,38,skew_normal,fast_120_lr005_depth2_leaf50_sub1_direct,0.75,test,1.959487364052828,1.2205707309310672,0.12554893974057574,1.7786214244329184,1.7468694946706596,277.0,268.0,279.0,824.0
plus_forecast_high_temp_range__skew_normal__fast_120_lr005_depth2_leaf50_sub1_direct,plus_forecast_high_temp_range,38,skew_normal,fast_120_lr005_depth2_leaf50_sub1_direct,0.8,validation,2.047301900683716,1.2302722101528603,0.129709071662286,1.8277064487977441,1.8469236127303974,250.0,242.0,250.0,742.0
plus_forecast_high_temp_range__skew_normal__fast_120_lr005_depth2_leaf50_sub1_direct,plus_forecast_high_temp_range,38,skew_normal,fast_120_lr005_depth2_leaf50_sub1_direct,0.8,test,1.9025364592765703,1.1805249507329822,0.12310138702892134,1.89719618606178,1.863327460982037,250.0,242.0,250.0,742.0
plus_forecast_high_temp_range__skew_normal__fast_120_lr005_depth2_leaf50_sub1_direct,plus_forecast_high_temp_range,38,skew_normal,fast_120_lr005_depth2_leaf50_sub1_direct,0.85,validation,1.9891021859016003,1.1943010473478695,0.12739372837811497,1.941938101847603,1.962356338526047,218.0,210.0,215.0,643.0
plus_forecast_high_temp_range__skew_normal__fast_120_lr005_depth2_leaf50_sub1_direct,plus_forecast_high_temp_range,38,skew_normal,fast_120_lr005_depth2_leaf50_sub1_direct,0.85,test,1.8633912032206086,1.1511220174740762,0.12114129069433935,2.015770947690641,1.9797854272934141,218.0,210.0,215.0,643.0
plus_forecast_high_temp_range__skew_normal__fast_120_lr005_depth2_leaf50_sub1_direct,plus_forecast_high_temp_range,38,skew_normal,fast_120_lr005_depth2_leaf50_sub1_direct,0.9,validation,1.9474955845130923,1.1676726472590664,0.12551009225969484,2.056169754897462,2.077789064321697,144.0,153.0,142.0,439.0
plus_forecast_high_temp_range__skew_normal__fast_120_lr005_depth2_leaf50_sub1_direct,plus_forecast_high_temp_range,38,skew_normal,fast_120_lr005_depth2_leaf50_sub1_direct,0.9,test,1.8378167417204916,1.130100735194893,0.11961728811186603,2.1343457093195024,2.0962433936047917,144.0,153.0,142.0,439.0
plus_forecast_high_temp_range__skew_normal__fast_120_lr005_depth2_leaf50_sub1_direct,plus_forecast_high_temp_range,38,skew_normal,fast_120_lr005_depth2_leaf50_sub1_direct,0.95,validation,1.9187582836748696,1.148485024091099,0.12401992871799412,2.170401407947321,2.1932217901173465,72.0,99.0,100.0,271.0
plus_forecast_high_temp_range__skew_normal__fast_120_lr005_depth2_leaf50_sub1_direct,plus_forecast_high_temp_range,38,skew_normal,fast_120_lr005_depth2_leaf50_sub1_direct,0.95,test,1.822698974174529,1.1157497068083146,0.11848308711360149,2.2529204709483635,2.212701359916169,72.0,99.0,100.0,271.0
plus_forecast_high_temp_range__skew_normal__fast_120_lr005_depth2_leaf50_sub1_direct,plus_forecast_high_temp_range,38,skew_normal,fast_120_lr005_depth2_leaf50_sub1_direct,1.0,validation,1.900101300314112,1.1352778210409948,0.12288641425964586,2.28463306099718,2.3086545159129965,22.0,52.0,53.0,127.0
plus_forecast_high_temp_range__skew_normal__fast_120_lr005_depth2_leaf50_sub1_direct,plus_forecast_high_temp_range,38,skew_normal,fast_120_lr005_depth2_leaf50_sub1_direct,1.0,test,1.8157114094505913,1.1067535972361175,0.11769690408912467,2.371495232577225,2.329159326227546,22.0,52.0,53.0,127.0
plus_forecast_high_temp_range__skew_normal__fast_120_lr005_depth2_leaf50_sub1_direct,plus_forecast_high_temp_range,38,skew_normal,fast_120_lr005_depth2_leaf50_sub1_direct,1.05,validation,1.8894059143864586,1.1269146226223472,0.12207463469894093,2.398864714047039,2.4240872417086465,8.0,24.0,16.0,48.0
plus_forecast_high_temp_range__skew_normal__fast_120_lr005_depth2_leaf50_sub1_direct,plus_forecast_high_temp_range,38,skew_normal,fast_120_lr005_depth2_leaf50_sub1_direct,1.05,test,1.8150914982278623,1.102087826059217,0.11722094085262821,2.4900699942060864,2.4456172925389232,8.0,24.0,16.0,48.0
plus_forecast_high_temp_range__skew_normal__fast_120_lr005_depth2_leaf50_sub1_direct,plus_forecast_high_temp_range,38,skew_normal,fast_120_lr005_depth2_leaf50_sub1_direct,1.1,validation,1.8850421427118604,1.122500574587788,0.12155185853799126,2.5130963670968978,2.5395199675042965,2.0,11.0,5.0,18.0
plus_forecast_high_temp_range__skew_normal__fast_120_lr005_depth2_leaf50_sub1_direct,plus_forecast_high_temp_range,38,skew_normal,fast_120_lr005_depth2_leaf50_sub1_direct,1.1,test,1.8194872975534515,1.1009448489399178,0.11702092044302266,2.6086447558349475,2.562075258850301,2.0,11.0,5.0,18.0
plus_forecast_high_temp_range__skew_normal__fast_120_lr005_depth2_leaf50_sub1_direct,plus_forecast_high_temp_range,38,skew_normal,fast_120_lr005_depth2_leaf50_sub1_direct,1.15,validation,1.8857418193130129,1.121323603375505,0.12128765141891318,2.6273280201467566,2.6549526932999457,3.0,5.0,3.0,11.0
plus_forecast_high_temp_range__skew_normal__fast_120_lr005_depth2_leaf50_sub1_direct,plus_forecast_high_temp_range,38,skew_normal,fast_120_lr005_depth2_leaf50_sub1_direct,1.15,test,1.8278503592776107,1.1026815455339358,0.11706569481855784,2.7272195174638085,2.6785332251616776,3.0,5.0,3.0,11.0
plus_forecast_high_temp_range__skew_normal__fast_120_lr005_depth2_leaf50_sub1_direct,plus_forecast_high_temp_range,38,skew_normal,fast_120_lr005_depth2_leaf50_sub1_direct,1.2,validation,1.8905083289811668,1.1228117563078301,0.12125388803524668,2.741559673196616,2.7703854190955957,9.0,4.0,7.0,20.0
plus_forecast_high_temp_range__skew_normal__fast_120_lr005_depth2_leaf50_sub1_direct,plus_forecast_high_temp_range,38,skew_normal,fast_120_lr005_depth2_leaf50_sub1_direct,1.2,test,1.8393596261542196,1.106781017645604,0.11732692392756756,2.8457942790926696,2.794991191473055,9.0,4.0,7.0,20.0
plus_forecast_high_temp_range__skew_normal__fast_120_lr005_depth2_leaf50_sub1_direct,plus_forecast_high_temp_range,38,skew_normal,fast_120_lr005_depth2_leaf50_sub1_direct,1.25,validation,1.898551405400984,1.1265017687744268,0.12142470193017763,2.855791326246475,2.8858181448912457,19.0,7.0,13.0,39.0
plus_forecast_high_temp_range__skew_normal__fast_120_lr005_depth2_leaf50_sub1_direct,plus_forecast_high_temp_range,38,skew_normal,fast_120_lr005_depth2_leaf50_sub1_direct,1.25,test,1.8533665178360001,1.1128244180424656,0.11777881632301945,2.9643690407215306,2.9114491577844324,19.0,7.0,13.0,39.0
plus_forecast_high_temp_range__skew_normal__fast_120_lr005_depth2_leaf50_sub1_direct,plus_forecast_high_temp_range,38,skew_normal,fast_120_lr005_depth2_leaf50_sub1_direct,1.3,validation,1.909239362396904,1.1320155858239493,0.12177639952761306,2.970022979296334,3.0012508706868957,47.0,17.0,39.0,103.0
plus_forecast_high_temp_range__skew_normal__fast_120_lr005_depth2_leaf50_sub1_direct,plus_forecast_high_temp_range,38,skew_normal,fast_120_lr005_depth2_leaf50_sub1_direct,1.3,test,1.8693547445533012,1.1204698839318854,0.11839791764836427,3.0829438023503926,3.02790712409581,47.0,17.0,39.0,103.0
plus_forecast_high_temp_range__skew_normal__fast_120_lr005_depth2_leaf50_sub1_direct,plus_forecast_high_temp_range,38,skew_normal,fast_120_lr005_depth2_leaf50_sub1_direct,1.4,validation,1.936612177808467,1.1473261048656487,0.12293789238249195,3.198486285396052,3.232116322278195,113.0,53.0,95.0,261.0
plus_forecast_high_temp_range__skew_normal__fast_120_lr005_depth2_leaf50_sub1_direct,plus_forecast_high_temp_range,38,skew_normal,fast_120_lr005_depth2_leaf50_sub1_direct,1.4,test,1.9057001996147753,1.1394924867766285,0.12005457477536038,3.3200933256081147,3.2608230567185643,113.0,53.0,95.0,261.0
plus_forecast_high_temp_range__skew_normal__fast_120_lr005_depth2_leaf50_sub1_direct,plus_forecast_high_temp_range,38,skew_normal,fast_120_lr005_depth2_leaf50_sub1_direct,1.5,validation,1.9695996633238573,1.166844323773647,0.12458805389214031,3.42694959149577,3.462981773869495,191.0,115.0,140.0,446.0
plus_forecast_high_temp_range__skew_normal__fast_120_lr005_depth2_leaf50_sub1_direct,plus_forecast_high_temp_range,38,skew_normal,fast_120_lr005_depth2_leaf50_sub1_direct,1.5,test,1.9459498174747245,1.1621331173573983,0.12214977669540768,3.5572428488658367,3.493738989341319,191.0,115.0,140.0,446.0
plus_ndfd_metadata__skew_normal__fast_120_lr005_depth2_leaf50_sub1_direct,plus_ndfd_metadata,38,skew_normal,fast_120_lr005_depth2_leaf50_sub1_direct,0.6,validation,2.536893169381994,1.5068423212854143,0.1431893598755392,1.383700285305741,1.4004156205633596,339.0,333.0,339.0,1011.0
plus_ndfd_metadata__skew_normal__fast_120_lr005_depth2_leaf50_sub1_direct,plus_ndfd_metadata,38,skew_normal,fast_120_lr005_depth2_leaf50_sub1_direct,0.6,test,2.232507375824074,1.394745488707582,0.1339533258798314,1.4731209923750972,1.428987649327315,339.0,333.0,339.0,1011.0
plus_ndfd_metadata__skew_normal__fast_120_lr005_depth2_leaf50_sub1_direct,plus_ndfd_metadata,38,skew_normal,fast_120_lr005_depth2_leaf50_sub1_direct,0.65,validation,2.3463822562139005,1.4018325694038194,0.1387794152822919,1.4990086424145528,1.517116922276973,317.0,312.0,318.0,947.0
plus_ndfd_metadata__skew_normal__fast_120_lr005_depth2_leaf50_sub1_direct,plus_ndfd_metadata,38,skew_normal,fast_120_lr005_depth2_leaf50_sub1_direct,0.65,test,2.0939938194214944,1.3079874869940853,0.12985251564600966,1.5958810750730223,1.5480699534379245,317.0,312.0,318.0,947.0
plus_ndfd_metadata__skew_normal__fast_120_lr005_depth2_leaf50_sub1_direct,plus_ndfd_metadata,38,skew_normal,fast_120_lr005_depth2_leaf50_sub1_direct,0.7,validation,2.2067140055108645,1.322489514102999,0.13496315512250134,1.6143169995233644,1.633818223990586,297.0,287.0,297.0,881.0
plus_ndfd_metadata__skew_normal__fast_120_lr005_depth2_leaf50_sub1_direct,plus_ndfd_metadata,38,skew_normal,fast_120_lr005_depth2_leaf50_sub1_direct,0.7,test,1.9957776910471146,1.2435161173576248,0.12645109365070642,1.718641157770947,1.667152257548534,297.0,287.0,297.0,881.0
plus_ndfd_metadata__skew_normal__fast_120_lr005_depth2_leaf50_sub1_direct,plus_ndfd_metadata,38,skew_normal,fast_120_lr005_depth2_leaf50_sub1_direct,0.75,validation,2.10413797606372,1.2624598758271217,0.1317042462639716,1.7296253566321762,1.7505195257041994,270.0,262.0,272.0,804.0
plus_ndfd_metadata__skew_normal__fast_120_lr005_depth2_leaf50_sub1_direct,plus_ndfd_metadata,38,skew_normal,fast_120_lr005_depth2_leaf50_sub1_direct,0.75,test,1.9268035898907079,1.1958122145471588,0.12367259484596546,1.841401240468872,1.7862345616591437,270.0,262.0,272.0,804.0
plus_ndfd_metadata__skew_normal__fast_120_lr005_depth2_leaf50_sub1_direct,plus_ndfd_metadata,38,skew_normal,fast_120_lr005_depth2_leaf50_sub1_direct,0.8,validation,2.0291392865650715,1.217226106789388,0.12896437250207943,1.844933713740988,1.867220827417813,245.0,233.0,243.0,721.0
plus_ndfd_metadata__skew_normal__fast_120_lr005_depth2_leaf50_sub1_direct,plus_ndfd_metadata,38,skew_normal,fast_120_lr005_depth2_leaf50_sub1_direct,0.8,test,1.8794381373516675,1.16094498388044,0.12144942841933863,1.9641613231667967,1.9053168657697535,245.0,233.0,243.0,721.0
plus_ndfd_metadata__skew_normal__fast_120_lr005_depth2_leaf50_sub1_direct,plus_ndfd_metadata,38,skew_normal,fast_120_lr005_depth2_leaf50_sub1_direct,0.85,validation,1.9749749560729264,1.183498170989947,0.12670358211881963,1.9602420708497998,1.9839221291314262,200.0,196.0,195.0,591.0
plus_ndfd_metadata__skew_normal__fast_120_lr005_depth2_leaf50_sub1_direct,plus_ndfd_metadata,38,skew_normal,fast_120_lr005_depth2_leaf50_sub1_direct,0.85,test,1.848284656333003,1.1360474275552759,0.11972113477696922,2.086921405864721,2.024399169880363,200.0,196.0,195.0,591.0
plus_ndfd_metadata__skew_normal__fast_120_lr005_depth2_leaf50_sub1_direct,plus_ndfd_metadata,38,skew_normal,fast_120_lr005_depth2_leaf50_sub1_direct,0.9,validation,1.9367662074628724,1.158830628606271,0.12488148396588176,2.0755504279586114,2.1006234308450393,115.0,127.0,123.0,365.0
plus_ndfd_metadata__skew_normal__fast_120_lr005_depth2_leaf50_sub1_direct,plus_ndfd_metadata,38,skew_normal,fast_120_lr005_depth2_leaf50_sub1_direct,0.9,test,1.829448739562988,1.1189856448226345,0.11843339024200365,2.209681488562646,2.143481473990972,115.0,127.0,123.0,365.0
plus_ndfd_metadata__skew_normal__fast_120_lr005_depth2_leaf50_sub1_direct,plus_ndfd_metadata,38,skew_normal,fast_120_lr005_depth2_leaf50_sub1_direct,0.95,validation,1.9109183370799718,1.141373667729476,0.12345838975385189,2.190858785067423,2.2173247325586525,53.0,82.0,78.0,213.0
plus_ndfd_metadata__skew_normal__fast_120_lr005_depth2_leaf50_sub1_direct,plus_ndfd_metadata,38,skew_normal,fast_120_lr005_depth2_leaf50_sub1_direct,0.95,test,1.8200692942984464,1.1081435662054764,0.11753727006271801,2.332441571260571,2.262563778101582,53.0,82.0,78.0,213.0
plus_ndfd_metadata__skew_normal__fast_120_lr005_depth2_leaf50_sub1_direct,plus_ndfd_metadata,38,skew_normal,fast_120_lr005_depth2_leaf50_sub1_direct,1.0,validation,1.8947400028346697,1.1297065940039885,0.12239614154701169,2.3061671421762346,2.334026034272266,15.0,36.0,30.0,81.0
plus_ndfd_metadata__skew_normal__fast_120_lr005_depth2_leaf50_sub1_direct,plus_ndfd_metadata,38,skew_normal,fast_120_lr005_depth2_leaf50_sub1_direct,1.0,test,1.8180110878778897,1.1022788268207622,0.11698862218204853,2.455201653958496,2.3816460822121917,15.0,36.0,30.0,81.0
plus_ndfd_metadata__skew_normal__fast_120_lr005_depth2_leaf50_sub1_direct,plus_ndfd_metadata,38,skew_normal,fast_120_lr005_depth2_leaf50_sub1_direct,1.05,validation,1.886187456581144,1.1227236805860497,0.12165862249953882,2.4214754992850467,2.4507273359858797,5.0,15.0,6.0,26.0
plus_ndfd_metadata__skew_normal__fast_120_lr005_depth2_leaf50_sub1_direct,plus_ndfd_metadata,38,skew_normal,fast_120_lr005_depth2_leaf50_sub1_direct,1.05,test,1.8216584014456412,1.1004238468013265,0.11674752372842354,2.577961736656421,2.5007283863228014,5.0,15.0,6.0,26.0
plus_ndfd_metadata__skew_normal__fast_120_lr005_depth2_leaf50_sub1_direct,plus_ndfd_metadata,38,skew_normal,fast_120_lr005_depth2_leaf50_sub1_direct,1.1,validation,1.8836890793850551,1.11955419890238,0.12121202603344727,2.5367838563938587,2.567428637699493,1.0,3.0,2.0,6.0
plus_ndfd_metadata__skew_normal__fast_120_lr005_depth2_leaf50_sub1_direct,plus_ndfd_metadata,38,skew_normal,fast_120_lr005_depth2_leaf50_sub1_direct,1.1,test,1.8297736137844194,1.1018164390588598,0.1167778197176926,2.700721819354346,2.619810690433411,1.0,3.0,2.0,6.0
plus_ndfd_metadata__skew_normal__fast_120_lr005_depth2_leaf50_sub1_direct,plus_ndfd_metadata,38,skew_normal,fast_120_lr005_depth2_leaf50_sub1_direct,1.15,validation,1.8860227165942862,1.1195053174910052,0.12102496271269644,2.65209221350267,2.684129939413106,4.0,1.0,1.0,6.0
plus_ndfd_metadata__skew_normal__fast_120_lr005_depth2_leaf50_sub1_direct,plus_ndfd_metadata,38,skew_normal,fast_120_lr005_depth2_leaf50_sub1_direct,1.15,test,1.8413984420039642,1.1058501818153867,0.11704674105465598,2.8234819020522703,2.7388929945440204,4.0,1.0,1.0,6.0
plus_ndfd_metadata__skew_normal__fast_120_lr005_depth2_leaf50_sub1_direct,plus_ndfd_metadata,38,skew_normal,fast_120_lr005_depth2_leaf50_sub1_direct,1.2,validation,1.8922284482837974,1.1220206363040874,0.121068465876459,2.767400570611482,2.800831241126719,10.0,2.0,4.0,16.0
plus_ndfd_metadata__skew_normal__fast_120_lr005_depth2_leaf50_sub1_direct,plus_ndfd_metadata,38,skew_normal,fast_120_lr005_depth2_leaf50_sub1_direct,1.2,test,1.855783787265499,1.1120383134473333,0.11752459166206974,2.9462419847501944,2.85797529865463,10.0,2.0,4.0,16.0
plus_ndfd_metadata__skew_normal__fast_120_lr005_depth2_leaf50_sub1_direct,plus_ndfd_metadata,38,skew_normal,fast_120_lr005_depth2_leaf50_sub1_direct,1.25,validation,1.9015455876987535,1.1266496184043795,0.1213159370427229,2.8827089277202935,2.9175325428403327,31.0,6.0,14.0,51.0
plus_ndfd_metadata__skew_normal__fast_120_lr005_depth2_leaf50_sub1_direct,plus_ndfd_metadata,38,skew_normal,fast_120_lr005_depth2_leaf50_sub1_direct,1.25,test,1.8723391232214923,1.1199870606881916,0.11818449023612294,3.0690020674481193,2.97705760276524,31.0,6.0,14.0,51.0
plus_ndfd_metadata__skew_normal__fast_120_lr005_depth2_leaf50_sub1_direct,plus_ndfd_metadata,38,skew_normal,fast_120_lr005_depth2_leaf50_sub1_direct,1.3,validation,1.9133665284772137,1.1330247470330141,0.12174305651693917,2.9980172848291056,3.034233844553946,58.0,16.0,44.0,118.0
plus_ndfd_metadata__skew_normal__fast_120_lr005_depth2_leaf50_sub1_direct,plus_ndfd_metadata,38,skew_normal,fast_120_lr005_depth2_leaf50_sub1_direct,1.3,test,1.890595464754356,1.1293756631601954,0.119002151607888,3.1917621501460447,3.096139906875849,58.0,16.0,44.0,118.0
plus_ndfd_metadata__skew_normal__fast_120_lr005_depth2_leaf50_sub1_direct,plus_ndfd_metadata,38,skew_normal,fast_120_lr005_depth2_leaf50_sub1_direct,1.4,validation,1.942657806883696,1.1498588413092994,0.12304968964098191,3.2286339990467288,3.267636447981172,132.0,59.0,104.0,295.0
plus_ndfd_metadata__skew_normal__fast_120_lr005_depth2_leaf50_sub1_direct,plus_ndfd_metadata,38,skew_normal,fast_120_lr005_depth2_leaf50_sub1_direct,1.4,test,1.9307851164033292,1.1514671048730758,0.121025467555535,3.437282315541894,3.334304515097068,132.0,59.0,104.0,295.0
plus_ndfd_metadata__skew_normal__fast_120_lr005_depth2_leaf50_sub1_direct,plus_ndfd_metadata,38,skew_normal,fast_120_lr005_depth2_leaf50_sub1_direct,1.5,validation,1.9771966643628975,1.1706797328067715,0.12483499979165971,3.4592507132643524,3.501039051408399,203.0,125.0,147.0,475.0
plus_ndfd_metadata__skew_normal__fast_120_lr005_depth2_leaf50_sub1_direct,plus_ndfd_metadata,38,skew_normal,fast_120_lr005_depth2_leaf50_sub1_direct,1.5,test,1.9741457958553703,1.1767124359216283,0.1234452562487411,3.682802480937744,3.5724691233182875,203.0,125.0,147.0,475.0
curated_weather_plus__skew_normal__fast_120_lr005_depth2_leaf50_sub1_direct,curated_weather_plus,46,skew_normal,fast_120_lr005_depth2_leaf50_sub1_direct,0.6,validation,2.5747202826324216,1.5320670468273017,0.1445241248875043,1.3927548050282925,1.4142041398115541,341.0,338.0,343.0,1022.0
curated_weather_plus__skew_normal__fast_120_lr005_depth2_leaf50_sub1_direct,curated_weather_plus,46,skew_normal,fast_120_lr005_depth2_leaf50_sub1_direct,0.6,test,2.228533423642188,1.398695288719586,0.1345301982247566,1.4757668779656727,1.441284312547932,341.0,338.0,343.0,1022.0
curated_weather_plus__skew_normal__fast_120_lr005_depth2_leaf50_sub1_direct,curated_weather_plus,46,skew_normal,fast_120_lr005_depth2_leaf50_sub1_direct,0.65,validation,2.3792771816936225,1.4237460144500116,0.140050102506354,1.508817705447317,1.5320544847958506,323.0,318.0,326.0,967.0
curated_weather_plus__skew_normal__fast_120_lr005_depth2_leaf50_sub1_direct,curated_weather_plus,46,skew_normal,fast_120_lr005_depth2_leaf50_sub1_direct,0.65,test,2.0907261009521685,1.3109172081469038,0.13031176985891077,1.598747451129479,1.5613913385935931,323.0,318.0,326.0,967.0
curated_weather_plus__skew_normal__fast_120_lr005_depth2_leaf50_sub1_direct,curated_weather_plus,46,skew_normal,fast_120_lr005_depth2_leaf50_sub1_direct,0.7,validation,2.235728326312883,1.3417893309985633,0.13617749147462826,1.6248806058663412,1.6499048297801466,305.0,295.0,304.0,904.0
curated_weather_plus__skew_normal__fast_120_lr005_depth2_leaf50_sub1_direct,curated_weather_plus,46,skew_normal,fast_120_lr005_depth2_leaf50_sub1_direct,0.7,test,1.9930927935048972,1.2455440787927337,0.1268088883169787,1.721728024293285,1.6814983646392543,305.0,295.0,304.0,904.0
curated_weather_plus__skew_normal__fast_120_lr005_depth2_leaf50_sub1_direct,curated_weather_plus,46,skew_normal,fast_120_lr005_depth2_leaf50_sub1_direct,0.75,validation,2.1300472096498373,1.2796648329027585,0.13286772212756304,1.7409435062853653,1.7677551747644429,281.0,270.0,281.0,832.0
curated_weather_plus__skew_normal__fast_120_lr005_depth2_leaf50_sub1_direct,curated_weather_plus,46,skew_normal,fast_120_lr005_depth2_leaf50_sub1_direct,0.75,test,1.9246101641447695,1.1971608004127854,0.12394483219930989,1.8447085974570911,1.8016053906849152,281.0,270.0,281.0,832.0
curated_weather_plus__skew_normal__fast_120_lr005_depth2_leaf50_sub1_direct,curated_weather_plus,46,skew_normal,fast_120_lr005_depth2_leaf50_sub1_direct,0.8,validation,2.052526948835201,1.2327284412493666,0.1300813877267049,1.85700640670439,1.8856055197487391,256.0,245.0,252.0,753.0
curated_weather_plus__skew_normal__fast_120_lr005_depth2_leaf50_sub1_direct,curated_weather_plus,46,skew_normal,fast_120_lr005_depth2_leaf50_sub1_direct,0.8,test,1.8776668369491971,1.1617875320285693,0.12165145833565547,1.9676891706208972,1.9217124167305761,256.0,245.0,252.0,753.0
curated_weather_plus__skew_normal__fast_120_lr005_depth2_leaf50_sub1_direct,curated_weather_plus,46,skew_normal,fast_120_lr005_depth2_leaf50_sub1_direct,0.85,validation,1.996287946868286,1.1975989173191648,0.1277778521446522,1.9730693071234142,2.003455864733035,222.0,217.0,219.0,658.0
curated_weather_plus__skew_normal__fast_120_lr005_depth2_leaf50_sub1_direct,curated_weather_plus,46,skew_normal,fast_120_lr005_depth2_leaf50_sub1_direct,0.85,test,1.8468816326999162,1.1365190745509075,0.1198671524020389,2.0906697437847033,2.0418194427762373,222.0,217.0,219.0,658.0
curated_weather_plus__skew_normal__fast_120_lr005_depth2_leaf50_sub1_direct,curated_weather_plus,46,skew_normal,fast_120_lr005_depth2_leaf50_sub1_direct,0.9,validation,1.9563522743182369,1.171764066773704,0.12591620357495784,2.089132207542439,2.121306209717331,166.0,166.0,153.0,485.0
curated_weather_plus__skew_normal__fast_120_lr005_depth2_leaf50_sub1_direct,curated_weather_plus,46,skew_normal,fast_120_lr005_depth2_leaf50_sub1_direct,0.9,test,1.8283713340937138,1.1191917034420478,0.11853599171645908,2.2136503169485096,2.1619264688218984,166.0,166.0,153.0,485.0
curated_weather_plus__skew_normal__fast_120_lr005_depth2_leaf50_sub1_direct,curated_weather_plus,46,skew_normal,fast_120_lr005_depth2_leaf50_sub1_direct,0.95,validation,1.929051993918153,1.1533245560026533,0.12445634533903034,2.205195107961463,2.239156554701627,99.0,111.0,112.0,322.0
curated_weather_plus__skew_normal__fast_120_lr005_depth2_leaf50_sub1_direct,curated_weather_plus,46,skew_normal,fast_120_lr005_depth2_leaf50_sub1_direct,0.95,test,1.8192831116596502,1.108166058488274,0.11760726555701177,2.336630890112315,2.2820334948675596,99.0,111.0,112.0,322.0
curated_weather_plus__skew_normal__fast_120_lr005_depth2_leaf50_sub1_direct,curated_weather_plus,46,skew_normal,fast_120_lr005_depth2_leaf50_sub1_direct,1.0,validation,1.9116408131636464,1.1408224884261498,0.12335981544523131,2.3212580083804872,2.3570068996859237,55.0,76.0,74.0,205.0
curated_weather_plus__skew_normal__fast_120_lr005_depth2_leaf50_sub1_direct,curated_weather_plus,46,skew_normal,fast_120_lr005_depth2_leaf50_sub1_direct,1.0,test,1.8174879552816725,1.1021815858615585,0.11703505811084809,2.4596114632761217,2.4021405209132203,55.0,76.0,74.0,205.0
curated_weather_plus__skew_normal__fast_120_lr005_depth2_leaf50_sub1_direct,curated_weather_plus,46,skew_normal,fast_120_lr005_depth2_leaf50_sub1_direct,1.05,validation,1.9020331514258175,1.133123847353625,0.1225902833750006,2.4373209087995122,2.47485724467022,33.0,45.0,45.0,123.0
curated_weather_plus__skew_normal__fast_120_lr005_depth2_leaf50_sub1_direct,curated_weather_plus,46,skew_normal,fast_120_lr005_depth2_leaf50_sub1_direct,1.05,test,1.8213749101267454,1.1002564966307153,0.11677783225666669,2.582592036439928,2.522247546958881,33.0,45.0,45.0,123.0
curated_weather_plus__skew_normal__fast_120_lr005_depth2_leaf50_sub1_direct,curated_weather_plus,46,skew_normal,fast_120_lr005_depth2_leaf50_sub1_direct,1.1,validation,1.8986251128950757,1.129336133297676,0.12211379406932137,2.5533838092185364,2.592707589654516,20.0,25.0,28.0,73.0
curated_weather_plus__skew_normal__fast_120_lr005_depth2_leaf50_sub1_direct,curated_weather_plus,46,skew_normal,fast_120_lr005_depth2_leaf50_sub1_direct,1.1,test,1.8297100536153288,1.1016174954770768,0.11679802578084719,2.705572609603734,2.6423545730045426,20.0,25.0,28.0,73.0
curated_weather_plus__skew_normal__fast_120_lr005_depth2_leaf50_sub1_direct,curated_weather_plus,46,skew_normal,fast_120_lr005_depth2_leaf50_sub1_direct,1.15,validation,1.9001693237766273,1.1287495638185727,0.12189884631405598,2.6694467096375605,2.7105579346388122,24.0,21.0,23.0,68.0
curated_weather_plus__skew_normal__fast_120_lr005_depth2_leaf50_sub1_direct,curated_weather_plus,46,skew_normal,fast_120_lr005_depth2_leaf50_sub1_direct,1.15,test,1.8415380090551392,1.1056494665240382,0.11706168055579022,2.8285531827675388,2.7624615990502033,24.0,21.0,23.0,68.0
curated_weather_plus__skew_normal__fast_120_lr005_depth2_leaf50_sub1_direct,curated_weather_plus,46,skew_normal,fast_120_lr005_depth2_leaf50_sub1_direct,1.2,validation,1.9056859257265015,1.1307943901246817,0.12191637422151583,2.785509610056585,2.8284082796231083,40.0,22.0,34.0,96.0
curated_weather_plus__skew_normal__fast_120_lr005_depth2_leaf50_sub1_direct,curated_weather_plus,46,skew_normal,fast_120_lr005_depth2_leaf50_sub1_direct,1.2,test,1.8561119858261546,1.1118588332631083,0.11753811529032446,2.9515337559313455,2.882568625095864,40.0,22.0,34.0,96.0
curated_weather_plus__skew_normal__fast_120_lr005_depth2_leaf50_sub1_direct,curated_weather_plus,46,skew_normal,fast_120_lr005_depth2_leaf50_sub1_direct,1.25,validation,1.9143982936065274,1.135009447578323,0.12213967651223342,2.901572510475609,2.9462586246074043,61.0,26.0,51.0,138.0
curated_weather_plus__skew_normal__fast_120_lr005_depth2_leaf50_sub1_direct,curated_weather_plus,46,skew_normal,fast_120_lr005_depth2_leaf50_sub1_direct,1.25,test,1.8728433094765193,1.1198464709969713,0.11819964177623596,3.0745143290951518,3.0026756511415256,61.0,26.0,51.0,138.0
curated_weather_plus__skew_normal__fast_120_lr005_depth2_leaf50_sub1_direct,curated_weather_plus,46,skew_normal,fast_120_lr005_depth2_leaf50_sub1_direct,1.3,validation,1.9256859485585847,1.1410186688088135,0.1225443192656408,3.017635410894634,3.064108969591701,91.0,42.0,76.0,209.0
curated_weather_plus__skew_normal__fast_120_lr005_depth2_leaf50_sub1_direct,curated_weather_plus,46,skew_normal,fast_120_lr005_depth2_leaf50_sub1_direct,1.3,test,1.8912644955112146,1.1292874087701332,0.11902131816594377,3.197494902258958,3.1227826771871863,91.0,42.0,76.0,209.0
curated_weather_plus__skew_normal__fast_120_lr005_depth2_leaf50_sub1_direct,curated_weather_plus,46,skew_normal,fast_120_lr005_depth2_leaf50_sub1_direct,1.4,validation,1.9540849915204834,1.1572384526824038,0.12381055784689088,3.2497612117326824,3.2998096595602933,161.0,93.0,118.0,372.0
curated_weather_plus__skew_normal__fast_120_lr005_depth2_leaf50_sub1_direct,curated_weather_plus,46,skew_normal,fast_120_lr005_depth2_leaf50_sub1_direct,1.4,test,1.9317551075006996,1.1515112737737436,0.12105779554856959,3.44345604858657,3.3629967292785086,161.0,93.0,118.0,372.0
curated_weather_plus__skew_normal__fast_120_lr005_depth2_leaf50_sub1_direct,curated_weather_plus,46,skew_normal,fast_120_lr005_depth2_leaf50_sub1_direct,1.5,validation,1.9879135828530503,1.177568403753311,0.1255606224766708,3.4818870125707306,3.5355103495288858,217.0,156.0,174.0,547.0
curated_weather_plus__skew_normal__fast_120_lr005_depth2_leaf50_sub1_direct,curated_weather_plus,46,skew_normal,fast_120_lr005_depth2_leaf50_sub1_direct,1.5,test,1.9753844179984024,1.1769111681635187,0.12349510560953461,3.6894171949141823,3.6032107813698304,217.0,156.0,174.0,547.0
plus_forecast_high_day_cos__skew_normal__mid_300_lr002_depth3_leaf50_sub08_direct,plus_forecast_high_day_cos,38,skew_normal,mid_300_lr002_depth3_leaf50_sub08_direct,0.6,validation,2.8261744704541534,1.6651143020285897,0.1497348213799739,1.3330678977559054,1.3101560495535043,357.0,351.0,357.0,1065.0
plus_forecast_high_day_cos__skew_normal__mid_300_lr002_depth3_leaf50_sub08_direct,plus_forecast_high_day_cos,38,skew_normal,mid_300_lr002_depth3_leaf50_sub08_direct,0.6,test,2.503046368230845,1.5691062953264912,0.14174065697144006,1.3916904100510599,1.31071882497764,357.0,351.0,357.0,1065.0
plus_forecast_high_day_cos__skew_normal__mid_300_lr002_depth3_leaf50_sub08_direct,plus_forecast_high_day_cos,38,skew_normal,mid_300_lr002_depth3_leaf50_sub08_direct,0.65,validation,2.581107257992562,1.5339104669874226,0.14480057182295852,1.4441568892355645,1.4193357203496297,342.0,340.0,345.0,1027.0
plus_forecast_high_day_cos__skew_normal__mid_300_lr002_depth3_leaf50_sub08_direct,plus_forecast_high_day_cos,38,skew_normal,mid_300_lr002_depth3_leaf50_sub08_direct,0.65,test,2.310105763637729,1.455711212890738,0.13699504974244703,1.5076646108886484,1.4199453937257767,342.0,340.0,345.0,1027.0
plus_forecast_high_day_cos__skew_normal__mid_300_lr002_depth3_leaf50_sub08_direct,plus_forecast_high_day_cos,38,skew_normal,mid_300_lr002_depth3_leaf50_sub08_direct,0.7,validation,2.3979962107774426,1.43290813728745,0.1405232486564087,1.555245880715223,1.528515391145755,326.0,324.0,329.0,979.0
plus_forecast_high_day_cos__skew_normal__mid_300_lr002_depth3_leaf50_sub08_direct,plus_forecast_high_day_cos,38,skew_normal,mid_300_lr002_depth3_leaf50_sub08_direct,0.7,test,2.1684614710562364,1.3685136363406545,0.1329715755035176,1.6236388117262368,1.5291719624739133,326.0,324.0,329.0,979.0
plus_forecast_high_day_cos__skew_normal__mid_300_lr002_depth3_leaf50_sub08_direct,plus_forecast_high_day_cos,38,skew_normal,mid_300_lr002_depth3_leaf50_sub08_direct,0.75,validation,2.2602412211685565,1.354826574385099,0.13683409034697164,1.6663348721948819,1.6376950619418804,308.0,302.0,310.0,920.0
plus_forecast_high_day_cos__skew_normal__mid_300_lr002_depth3_leaf50_sub08_direct,plus_forecast_high_day_cos,38,skew_normal,mid_300_lr002_depth3_leaf50_sub08_direct,0.75,test,2.0642516309521177,1.30086602935726,0.12958656138487668,1.7396130125638252,1.63839853122205,308.0,302.0,310.0,920.0
plus_forecast_high_day_cos__skew_normal__mid_300_lr002_depth3_leaf50_sub08_direct,plus_forecast_high_day_cos,38,skew_normal,mid_300_lr002_depth3_leaf50_sub08_direct,0.8,validation,2.156338566560901,1.294318881773577,0.13367644541638818,1.777423863674541,1.7468747327380059,288.0,280.0,289.0,857.0
plus_forecast_high_day_cos__skew_normal__mid_300_lr002_depth3_leaf50_sub08_direct,plus_forecast_high_day_cos,38,skew_normal,mid_300_lr002_depth3_leaf50_sub08_direct,0.8,test,1.987882558045023,1.2488444898824709,0.1267688877454957,1.8555872134014133,1.7476250999701866,288.0,280.0,289.0,857.0
plus_forecast_high_day_cos__skew_normal__mid_300_lr002_depth3_leaf50_sub08_direct,plus_forecast_high_day_cos,38,skew_normal,mid_300_lr002_depth3_leaf50_sub08_direct,0.85,validation,2.0781231009435963,1.247499702938949,0.131001141871876,1.8885128551541996,1.856054403534131,264.0,255.0,265.0,784.0
plus_forecast_high_day_cos__skew_normal__mid_300_lr002_depth3_leaf50_sub08_direct,plus_forecast_high_day_cos,38,skew_normal,mid_300_lr002_depth3_leaf50_sub08_direct,0.85,test,1.932554288887691,1.2092223571246745,0.1244565975285659,1.9715614142390017,1.8568516687183232,264.0,255.0,265.0,784.0
plus_forecast_high_day_cos__skew_normal__mid_300_lr002_depth3_leaf50_sub08_direct,plus_forecast_high_day_cos,38,skew_normal,mid_300_lr002_depth3_leaf50_sub08_direct,0.9,validation,2.0196773201703104,1.2114864646816113,0.12876399314176096,1.9996018466338585,1.9652340743302565,242.0,232.0,238.0,712.0
plus_forecast_high_day_cos__skew_normal__mid_300_lr002_depth3_leaf50_sub08_direct,plus_forecast_high_day_cos,38,skew_normal,mid_300_lr002_depth3_leaf50_sub08_direct,0.9,test,1.8933460994691977,1.1793111946562023,0.12259492582959748,2.08753561507659,1.96607823746646,242.0,232.0,238.0,712.0
plus_forecast_high_day_cos__skew_normal__mid_300_lr002_depth3_leaf50_sub08_direct,plus_forecast_high_day_cos,38,skew_normal,mid_300_lr002_depth3_leaf50_sub08_direct,0.95,validation,1.976633530227482,1.1841018455473071,0.126924528575832,2.110690838113517,2.0744137451263818,202.0,199.0,197.0,598.0
plus_forecast_high_day_cos__skew_normal__mid_300_lr002_depth3_leaf50_sub08_direct,plus_forecast_high_day_cos,38,skew_normal,mid_300_lr002_depth3_leaf50_sub08_direct,0.95,test,1.8666319429568021,1.1568532568091376,0.12113507733751896,2.203509815914178,2.0753048062145965,202.0,199.0,197.0,598.0
plus_forecast_high_day_cos__skew_normal__mid_300_lr002_depth3_leaf50_sub08_direct,plus_forecast_high_day_cos,38,skew_normal,mid_300_lr002_depth3_leaf50_sub08_direct,1.0,validation,1.9457154773592926,1.1636753275193656,0.1254453721684455,2.221779829593176,2.183593415922507,141.0,149.0,134.0,424.0
plus_forecast_high_day_cos__skew_normal__mid_300_lr002_depth3_leaf50_sub08_direct,plus_forecast_high_day_cos,38,skew_normal,mid_300_lr002_depth3_leaf50_sub08_direct,1.0,test,1.8496967450892141,1.140575432789093,0.12003338934407641,2.3194840167517667,2.1845313749627335,141.0,149.0,134.0,424.0
plus_forecast_high_day_cos__skew_normal__mid_300_lr002_depth3_leaf50_sub08_direct,plus_forecast_high_day_cos,38,skew_normal,mid_300_lr002_depth3_leaf50_sub08_direct,1.05,validation,1.9244301219988234,1.1489075276996383,0.12429193452463103,2.332868821072835,2.2927730867186327,86.0,108.0,102.0,296.0
plus_forecast_high_day_cos__skew_normal__mid_300_lr002_depth3_leaf50_sub08_direct,plus_forecast_high_day_cos,38,skew_normal,mid_300_lr002_depth3_leaf50_sub08_direct,1.05,test,1.8404785597937527,1.1294743526340052,0.11925069757020372,2.435458217589355,2.29375794371087,86.0,108.0,102.0,296.0
plus_forecast_high_day_cos__skew_normal__mid_300_lr002_depth3_leaf50_sub08_direct,plus_forecast_high_day_cos,38,skew_normal,mid_300_lr002_depth3_leaf50_sub08_direct,1.1,validation,1.9108559935581366,1.138775405106567,0.1234322385483276,2.443957812552494,2.401952757514758,52.0,80.0,65.0,197.0
plus_forecast_high_day_cos__skew_normal__mid_300_lr002_depth3_leaf50_sub08_direct,plus_forecast_high_day_cos,38,skew_normal,mid_300_lr002_depth3_leaf50_sub08_direct,1.1,test,1.8373916334474276,1.1226061501510411,0.11875181805023063,2.5514324184269435,2.402984512459007,52.0,80.0,65.0,197.0
plus_forecast_high_day_cos__skew_normal__mid_300_lr002_depth3_leaf50_sub08_direct,plus_forecast_high_day_cos,38,skew_normal,mid_300_lr002_depth3_leaf50_sub08_direct,1.15,validation,1.9034951065349452,1.1324647365247698,0.12283679117436323,2.555046804032152,2.511132428310883,36.0,51.0,41.0,128.0
plus_forecast_high_day_cos__skew_normal__mid_300_lr002_depth3_leaf50_sub08_direct,plus_forecast_high_day_cos,38,skew_normal,mid_300_lr002_depth3_leaf50_sub08_direct,1.15,test,1.8392026832366848,1.1192192856082945,0.11850510573447703,2.6674066192645314,2.512211081207143,36.0,51.0,41.0,128.0
plus_forecast_high_day_cos__skew_normal__mid_300_lr002_depth3_leaf50_sub08_direct,plus_forecast_high_day_cos,38,skew_normal,mid_300_lr002_depth3_leaf50_sub08_direct,1.2,validation,1.9011675745206587,1.129321185295821,0.12247846350614519,2.666135795511811,2.6203120991070086,29.0,37.0,26.0,92.0
plus_forecast_high_day_cos__skew_normal__mid_300_lr002_depth3_leaf50_sub08_direct,plus_forecast_high_day_cos,38,skew_normal,mid_300_lr002_depth3_leaf50_sub08_direct,1.2,test,1.8449429017673997,1.1187096041354787,0.1184820718098949,2.7833808201021197,2.62143764995528,29.0,37.0,26.0,92.0
plus_forecast_high_day_cos__skew_normal__mid_300_lr002_depth3_leaf50_sub08_direct,plus_forecast_high_day_cos,38,skew_normal,mid_300_lr002_depth3_leaf50_sub08_direct,1.25,validation,1.902935444114115,1.1288142971146953,0.122332366668284,2.77722478699147,2.729491769903134,34.0,33.0,24.0,91.0
plus_forecast_high_day_cos__skew_normal__mid_300_lr002_depth3_leaf50_sub08_direct,plus_forecast_high_day_cos,38,skew_normal,mid_300_lr002_depth3_leaf50_sub08_direct,1.25,test,1.853844397610277,1.1205872591552466,0.11865705024618393,2.899355020939708,2.7306642187034167,34.0,33.0,24.0,91.0
plus_forecast_high_day_cos__skew_normal__mid_300_lr002_depth3_leaf50_sub08_direct,plus_forecast_high_day_cos,38,skew_normal,mid_300_lr002_depth3_leaf50_sub08_direct,1.3,validation,1.908046865605448,1.1305106417429807,0.12237572174701025,2.888313778471129,2.8386714406992595,46.0,35.0,33.0,114.0
plus_forecast_high_day_cos__skew_normal__mid_300_lr002_depth3_leaf50_sub08_direct,plus_forecast_high_day_cos,38,skew_normal,mid_300_lr002_depth3_leaf50_sub08_direct,1.3,test,1.865293634859256,1.1244520250583918,0.11900690696554073,3.015329221777297,2.8398907874515533,46.0,35.0,33.0,114.0
plus_forecast_high_day_cos__skew_normal__mid_300_lr002_depth3_leaf50_sub08_direct,plus_forecast_high_day_cos,38,skew_normal,mid_300_lr002_depth3_leaf50_sub08_direct,1.4,validation,1.925985059988979,1.1391475059145197,0.12294941993412148,3.110491761430446,3.05703078229151,92.0,55.0,69.0,216.0
plus_forecast_high_day_cos__skew_normal__mid_300_lr002_depth3_leaf50_sub08_direct,plus_forecast_high_day_cos,38,skew_normal,mid_300_lr002_depth3_leaf50_sub08_direct,1.4,test,1.8939542715652178,1.136882514894992,0.1201498864825713,3.2472776234524736,3.0583439249478266,92.0,55.0,69.0,216.0
plus_forecast_high_day_cos__skew_normal__mid_300_lr002_depth3_leaf50_sub08_direct,plus_forecast_high_day_cos,38,skew_normal,mid_300_lr002_depth3_leaf50_sub08_direct,1.5,validation,1.9513500622052031,1.153044049547113,0.12405446194937952,3.3326697443897637,3.275390123883761,155.0,100.0,111.0,366.0
plus_forecast_high_day_cos__skew_normal__mid_300_lr002_depth3_leaf50_sub08_direct,plus_forecast_high_day_cos,38,skew_normal,mid_300_lr002_depth3_leaf50_sub08_direct,1.5,test,1.9279877269606265,1.1539834673690885,0.12176767526578898,3.4792260251276503,3.2767970624441,155.0,100.0,111.0,366.0
plus_forecast_high_temp_range__skew_normal__mid_300_lr002_depth3_leaf50_sub08_direct,plus_forecast_high_temp_range,38,skew_normal,mid_300_lr002_depth3_leaf50_sub08_direct,0.6,validation,2.768509106901692,1.646356707442462,0.14983091808252813,1.3574105346021912,1.3404135554727377,356.0,352.0,356.0,1064.0
plus_forecast_high_temp_range__skew_normal__mid_300_lr002_depth3_leaf50_sub08_direct,plus_forecast_high_temp_range,38,skew_normal,mid_300_lr002_depth3_leaf50_sub08_direct,0.6,test,2.4768102134111967,1.549668422589163,0.14162788073208749,1.4217010467865079,1.3405413113992717,356.0,352.0,356.0,1064.0
plus_forecast_high_temp_range__skew_normal__mid_300_lr002_depth3_leaf50_sub08_direct,plus_forecast_high_temp_range,38,skew_normal,mid_300_lr002_depth3_leaf50_sub08_direct,0.65,validation,2.5345146539881105,1.5184353625872653,0.1448293093629349,1.4705280791523738,1.452114685095466,338.0,341.0,342.0,1021.0
plus_forecast_high_temp_range__skew_normal__mid_300_lr002_depth3_leaf50_sub08_direct,plus_forecast_high_temp_range,38,skew_normal,mid_300_lr002_depth3_leaf50_sub08_direct,0.65,test,2.290817219938015,1.4384138007285405,0.13679571960176423,1.540176134018717,1.4522530873492108,338.0,341.0,342.0,1021.0
plus_forecast_high_temp_range__skew_normal__mid_300_lr002_depth3_leaf50_sub08_direct,plus_forecast_high_temp_range,38,skew_normal,mid_300_lr002_depth3_leaf50_sub08_direct,0.7,validation,2.360216023448802,1.4203491577988159,0.1405060622001854,1.5836456237025562,1.5638158147181938,320.0,323.0,325.0,968.0
plus_forecast_high_temp_range__skew_normal__mid_300_lr002_depth3_leaf50_sub08_direct,plus_forecast_high_temp_range,38,skew_normal,mid_300_lr002_depth3_leaf50_sub08_direct,0.7,test,2.154731955256502,1.3535361208301324,0.1327242073644454,1.6586512212509257,1.56396486329915,320.0,323.0,325.0,968.0
plus_forecast_high_temp_range__skew_normal__mid_300_lr002_depth3_leaf50_sub08_direct,plus_forecast_high_temp_range,38,skew_normal,mid_300_lr002_depth3_leaf50_sub08_direct,0.75,validation,2.229593585509194,1.3447120307466665,0.13679011581968922,1.696763168252739,1.6755169443409221,302.0,301.0,307.0,910.0
plus_forecast_high_temp_range__skew_normal__mid_300_lr002_depth3_leaf50_sub08_direct,plus_forecast_high_temp_range,38,skew_normal,mid_300_lr002_depth3_leaf50_sub08_direct,0.75,test,2.055046894470899,1.2886641083556343,0.12932229358291614,1.777126308483135,1.6756766392490894,302.0,301.0,307.0,910.0
plus_forecast_high_temp_range__skew_normal__mid_300_lr002_depth3_leaf50_sub08_direct,plus_forecast_high_temp_range,38,skew_normal,mid_300_lr002_depth3_leaf50_sub08_direct,0.8,validation,2.13154915283505,1.2862855506443593,0.13362203784359328,1.8098807128029217,1.7872180739636505,282.0,279.0,285.0,846.0
plus_forecast_high_temp_range__skew_normal__mid_300_lr002_depth3_leaf50_sub08_direct,plus_forecast_high_temp_range,38,skew_normal,mid_300_lr002_depth3_leaf50_sub08_direct,0.8,test,1.9824157954234896,1.2387718111979555,0.1265120663141957,1.8956013957153437,1.787388415199029,282.0,279.0,285.0,846.0
plus_forecast_high_temp_range__skew_normal__mid_300_lr002_depth3_leaf50_sub08_direct,plus_forecast_high_temp_range,38,skew_normal,mid_300_lr002_depth3_leaf50_sub08_direct,0.85,validation,2.0582078665998194,1.2412630406198915,0.13094992085821994,1.9229982573531044,1.8989192035863784,260.0,254.0,261.0,775.0
plus_forecast_high_temp_range__skew_normal__mid_300_lr002_depth3_leaf50_sub08_direct,plus_forecast_high_temp_range,38,skew_normal,mid_300_lr002_depth3_leaf50_sub08_direct,0.85,test,1.93021582305202,1.2006867925139182,0.12422583270310147,2.014076482947553,1.899100191148968,260.0,254.0,261.0,775.0
plus_forecast_high_temp_range__skew_normal__mid_300_lr002_depth3_leaf50_sub08_direct,plus_forecast_high_temp_range,38,skew_normal,mid_300_lr002_depth3_leaf50_sub08_direct,0.9,validation,2.0038643933588807,1.2068199374843989,0.12872712019415156,2.036115801903287,2.010620333209107,232.0,231.0,235.0,698.0
plus_forecast_high_temp_range__skew_normal__mid_300_lr002_depth3_leaf50_sub08_direct,plus_forecast_high_temp_range,38,skew_normal,mid_300_lr002_depth3_leaf50_sub08_direct,0.9,test,1.8936557983683833,1.1722168978438534,0.12240423668976788,2.132551570179762,2.010811967098907,232.0,231.0,235.0,698.0
plus_forecast_high_temp_range__skew_normal__mid_300_lr002_depth3_leaf50_sub08_direct,plus_forecast_high_temp_range,38,skew_normal,mid_300_lr002_depth3_leaf50_sub08_direct,0.95,validation,1.9643089399620397,1.180822285071576,0.1269110425724447,2.1492333464534696,2.1223214628318345,177.0,198.0,187.0,562.0
plus_forecast_high_temp_range__skew_normal__mid_300_lr002_depth3_leaf50_sub08_direct,plus_forecast_high_temp_range,38,skew_normal,mid_300_lr002_depth3_leaf50_sub08_direct,0.95,test,1.8692062109069072,1.1514119545934673,0.12099491077427593,2.2510266574119706,2.1225237430488466,177.0,198.0,187.0,562.0
plus_forecast_high_temp_range__skew_normal__mid_300_lr002_depth3_leaf50_sub08_direct,plus_forecast_high_temp_range,38,skew_normal,mid_300_lr002_depth3_leaf50_sub08_direct,1.0,validation,1.936384640223747,1.161632397578564,0.12546250470322,2.2623508910036523,2.234022592454563,112.0,150.0,128.0,390.0
plus_forecast_high_temp_range__skew_normal__mid_300_lr002_depth3_leaf50_sub08_direct,plus_forecast_high_temp_range,38,skew_normal,mid_300_lr002_depth3_leaf50_sub08_direct,1.0,test,1.8542251226935227,1.1367750152577336,0.11995143406610445,2.3695017446441797,2.234235518998786,112.0,150.0,128.0,390.0
plus_forecast_high_temp_range__skew_normal__mid_300_lr002_depth3_leaf50_sub08_direct,plus_forecast_high_temp_range,38,skew_normal,mid_300_lr002_depth3_leaf50_sub08_direct,1.05,validation,1.917690004315426,1.1479760601390354,0.12434538076543031,2.3754684355538345,2.3457237220772913,70.0,109.0,98.0,277.0
plus_forecast_high_temp_range__skew_normal__mid_300_lr002_depth3_leaf50_sub08_direct,plus_forecast_high_temp_range,38,skew_normal,mid_300_lr002_depth3_leaf50_sub08_direct,1.05,test,1.8467068176522963,1.1271412775182508,0.11923249395340832,2.487976831876389,2.3459472949487252,70.0,109.0,98.0,277.0
plus_forecast_high_temp_range__skew_normal__mid_300_lr002_depth3_leaf50_sub08_direct,plus_forecast_high_temp_range,38,skew_normal,mid_300_lr002_depth3_leaf50_sub08_direct,1.1,validation,1.906374666231933,1.1388497685411596,0.12352638335249895,2.4885859801040175,2.4574248517000195,43.0,88.0,66.0,197.0
plus_forecast_high_temp_range__skew_normal__mid_300_lr002_depth3_leaf50_sub08_direct,plus_forecast_high_temp_range,38,skew_normal,mid_300_lr002_depth3_leaf50_sub08_direct,1.1,test,1.8451093522358017,1.1215934275270971,0.11880120045855806,2.6064519191085975,2.4576590708986643,43.0,88.0,66.0,197.0
plus_forecast_high_temp_range__skew_normal__mid_300_lr002_depth3_leaf50_sub08_direct,plus_forecast_high_temp_range,38,skew_normal,mid_300_lr002_depth3_leaf50_sub08_direct,1.15,validation,1.9009965168126526,1.133454661949662,0.12297489809937945,2.6017035246541997,2.569125981322747,28.0,56.0,47.0,131.0
plus_forecast_high_temp_range__skew_normal__mid_300_lr002_depth3_leaf50_sub08_direct,plus_forecast_high_temp_range,38,skew_normal,mid_300_lr002_depth3_leaf50_sub08_direct,1.15,test,1.8482339938857089,1.119401304148953,0.11862452229333595,2.724927006340806,2.569370846848604,28.0,56.0,47.0,131.0
plus_forecast_high_temp_range__skew_normal__mid_300_lr002_depth3_leaf50_sub08_direct,plus_forecast_high_temp_range,38,skew_normal,mid_300_lr002_depth3_leaf50_sub08_direct,1.2,validation,1.9004200597316374,1.1311486449066104,0.12266283508439532,2.7148210692043824,2.6808271109454753,26.0,49.0,36.0,111.0
plus_forecast_high_temp_range__skew_normal__mid_300_lr002_depth3_leaf50_sub08_direct,plus_forecast_high_temp_range,38,skew_normal,mid_300_lr002_depth3_leaf50_sub08_direct,1.2,test,1.8551394896218742,1.119978155749702,0.11867282141533216,2.8434020935730158,2.6810826227985434,26.0,49.0,36.0,111.0
plus_forecast_high_temp_range__skew_normal__mid_300_lr002_depth3_leaf50_sub08_direct,plus_forecast_high_temp_range,38,skew_normal,mid_300_lr002_depth3_leaf50_sub08_direct,1.25,validation,1.9037429677924453,1.1314111499619532,0.12256448264664518,2.827938613754565,2.7925282405682035,37.0,43.0,37.0,117.0
plus_forecast_high_temp_range__skew_normal__mid_300_lr002_depth3_leaf50_sub08_direct,plus_forecast_high_temp_range,38,skew_normal,mid_300_lr002_depth3_leaf50_sub08_direct,1.25,test,1.8650801528853915,1.1228484371028373,0.11891946675396754,2.9618771808052244,2.7927943987484825,37.0,43.0,37.0,117.0
plus_forecast_high_temp_range__skew_normal__mid_300_lr002_depth3_leaf50_sub08_direct,plus_forecast_high_temp_range,38,skew_normal,mid_300_lr002_depth3_leaf50_sub08_direct,1.3,validation,1.9102422591923711,1.133816841116662,0.12265636000912047,2.9410561583047476,2.904229370190932,50.0,48.0,49.0,147.0
plus_forecast_high_temp_range__skew_normal__mid_300_lr002_depth3_leaf50_sub08_direct,plus_forecast_high_temp_range,38,skew_normal,mid_300_lr002_depth3_leaf50_sub08_direct,1.3,test,1.8774605161285587,1.1276237724418983,0.11934051069949998,3.080352268037434,2.9045061746984215,50.0,48.0,49.0,147.0
plus_forecast_high_temp_range__skew_normal__mid_300_lr002_depth3_leaf50_sub08_direct,plus_forecast_high_temp_range,38,skew_normal,mid_300_lr002_depth3_leaf50_sub08_direct,1.4,validation,1.930544964204827,1.143718047208272,0.12332715055699646,3.1672912474051125,3.1276316294363875,101.0,74.0,86.0,261.0
plus_forecast_high_temp_range__skew_normal__mid_300_lr002_depth3_leaf50_sub08_direct,plus_forecast_high_temp_range,38,skew_normal,mid_300_lr002_depth3_leaf50_sub08_direct,1.4,test,1.9077160754979168,1.1416672216014743,0.12062181330835416,3.3173024425018514,3.1279297265983,101.0,74.0,86.0,261.0
plus_forecast_high_temp_range__skew_normal__mid_300_lr002_depth3_leaf50_sub08_direct,plus_forecast_high_temp_range,38,skew_normal,mid_300_lr002_depth3_leaf50_sub08_direct,1.5,validation,1.9578401725933723,1.1587066998209987,0.12452642220711682,3.393526336505478,3.3510338886818443,168.0,113.0,122.0,403.0
plus_forecast_high_temp_range__skew_normal__mid_300_lr002_depth3_leaf50_sub08_direct,plus_forecast_high_temp_range,38,skew_normal,mid_300_lr002_depth3_leaf50_sub08_direct,1.5,test,1.943060164758065,1.1601528353954227,0.12236928172683567,3.55425261696627,3.3513532784981788,168.0,113.0,122.0,403.0
plus_ndfd_metadata__skew_normal__mid_300_lr002_depth3_leaf50_sub08_direct,plus_ndfd_metadata,38,skew_normal,mid_300_lr002_depth3_leaf50_sub08_direct,0.6,validation,2.682952142465426,1.5895307797559972,0.14671626815587155,1.3748979429871806,1.3451970991666506,349.0,346.0,349.0,1044.0
plus_ndfd_metadata__skew_normal__mid_300_lr002_depth3_leaf50_sub08_direct,plus_ndfd_metadata,38,skew_normal,mid_300_lr002_depth3_leaf50_sub08_direct,0.6,test,2.3417393731481875,1.4682298236802371,0.1377059448929098,1.4794195842405535,1.3721773872318845,349.0,346.0,349.0,1044.0
plus_ndfd_metadata__skew_normal__mid_300_lr002_depth3_leaf50_sub08_direct,plus_ndfd_metadata,38,skew_normal,mid_300_lr002_depth3_leaf50_sub08_direct,0.65,validation,2.4657992023041855,1.4707231795104618,0.14196890610622137,1.4894727715694458,1.457296857430538,331.0,328.0,334.0,993.0
plus_ndfd_metadata__skew_normal__mid_300_lr002_depth3_leaf50_sub08_direct,plus_ndfd_metadata,38,skew_normal,mid_300_lr002_depth3_leaf50_sub08_direct,0.65,test,2.1852598683050766,1.3710725621690427,0.1332200955476599,1.602704549593933,1.4865255028345417,331.0,328.0,334.0,993.0
plus_ndfd_metadata__skew_normal__mid_300_lr002_depth3_leaf50_sub08_direct,plus_ndfd_metadata,38,skew_normal,mid_300_lr002_depth3_leaf50_sub08_direct,0.7,validation,2.304901521927772,1.3801052827458922,0.1378896970518566,1.6040476001517106,1.5693966156944255,312.0,307.0,316.0,935.0
plus_ndfd_metadata__skew_normal__mid_300_lr002_depth3_leaf50_sub08_direct,plus_ndfd_metadata,38,skew_normal,mid_300_lr002_depth3_leaf50_sub08_direct,0.7,test,2.0727004843393546,1.2978734232579665,0.1295084981863503,1.7259895149473126,1.6008736184371988,312.0,307.0,316.0,935.0
plus_ndfd_metadata__skew_normal__mid_300_lr002_depth3_leaf50_sub08_direct,plus_ndfd_metadata,38,skew_normal,mid_300_lr002_depth3_leaf50_sub08_direct,0.75,validation,2.185125192534344,1.3107003765340128,0.13441074711157847,1.7186224287339755,1.6814963739583133,291.0,284.0,294.0,869.0
plus_ndfd_metadata__skew_normal__mid_300_lr002_depth3_leaf50_sub08_direct,plus_ndfd_metadata,38,skew_normal,mid_300_lr002_depth3_leaf50_sub08_direct,0.75,test,1.9920894055036646,1.2426817778375108,0.12647620458851513,1.849274480300692,1.7152217340398557,291.0,284.0,294.0,869.0
plus_ndfd_metadata__skew_normal__mid_300_lr002_depth3_leaf50_sub08_direct,plus_ndfd_metadata,38,skew_normal,mid_300_lr002_depth3_leaf50_sub08_direct,0.8,validation,2.0959890403465855,1.25755628064586,0.13147395666551584,1.833197257316241,1.793596132222201,269.0,259.0,269.0,797.0
plus_ndfd_metadata__skew_normal__mid_300_lr002_depth3_leaf50_sub08_direct,plus_ndfd_metadata,38,skew_normal,mid_300_lr002_depth3_leaf50_sub08_direct,0.8,test,1.9351507176025158,1.2011226610853982,0.12404142186751925,1.9725594456540716,1.829569849642513,269.0,259.0,269.0,797.0
plus_ndfd_metadata__skew_normal__mid_300_lr002_depth3_leaf50_sub08_direct,plus_ndfd_metadata,38,skew_normal,mid_300_lr002_depth3_leaf50_sub08_direct,0.85,validation,2.030058585181255,1.217071394118801,0.12902780646993714,1.9477720858985057,1.9056958904860883,246.0,234.0,242.0,722.0
plus_ndfd_metadata__skew_normal__mid_300_lr002_depth3_leaf50_sub08_direct,plus_ndfd_metadata,38,skew_normal,mid_300_lr002_depth3_leaf50_sub08_direct,0.85,test,1.8960260776571252,1.1705709162759836,0.12213283378942338,2.095844411007451,1.94391796524517,246.0,234.0,242.0,722.0
plus_ndfd_metadata__skew_normal__mid_300_lr002_depth3_leaf50_sub08_direct,plus_ndfd_metadata,38,skew_normal,mid_300_lr002_depth3_leaf50_sub08_direct,0.9,validation,1.981949580396848,1.1865712758551736,0.1270256055758174,2.062346914480771,2.017795648749976,209.0,202.0,204.0,615.0
plus_ndfd_metadata__skew_normal__mid_300_lr002_depth3_leaf50_sub08_direct,plus_ndfd_metadata,38,skew_normal,mid_300_lr002_depth3_leaf50_sub08_direct,0.9,test,1.870482253385386,1.148679338987998,0.12068774482805637,2.2191293763608306,2.058266080847827,209.0,202.0,204.0,615.0
plus_ndfd_metadata__skew_normal__mid_300_lr002_depth3_leaf50_sub08_direct,plus_ndfd_metadata,38,skew_normal,mid_300_lr002_depth3_leaf50_sub08_direct,0.95,validation,1.947690830816834,1.1640340328173229,0.12542453347000884,2.176921743063036,2.1298954070138634,145.0,148.0,136.0,429.0
plus_ndfd_metadata__skew_normal__mid_300_lr002_depth3_leaf50_sub08_direct,plus_ndfd_metadata,38,skew_normal,mid_300_lr002_depth3_leaf50_sub08_direct,0.95,test,1.8554048160018113,1.1336725169197872,0.1196507247855622,2.3424143417142096,2.1726141964504837,145.0,148.0,136.0,429.0
plus_ndfd_metadata__skew_normal__mid_300_lr002_depth3_leaf50_sub08_direct,plus_ndfd_metadata,38,skew_normal,mid_300_lr002_depth3_leaf50_sub08_direct,1.0,validation,1.924305823519043,1.1479071407915706,0.1241851100028674,2.2914965716453013,2.241995165277751,85.0,104.0,97.0,286.0
plus_ndfd_metadata__skew_normal__mid_300_lr002_depth3_leaf50_sub08_direct,plus_ndfd_metadata,38,skew_normal,mid_300_lr002_depth3_leaf50_sub08_direct,1.0,test,1.8484659745013874,1.1241869418301809,0.11897258008290626,2.4656993070675894,2.286962312053141,85.0,104.0,97.0,286.0
plus_ndfd_metadata__skew_normal__mid_300_lr002_depth3_leaf50_sub08_direct,plus_ndfd_metadata,38,skew_normal,mid_300_lr002_depth3_leaf50_sub08_direct,1.05,validation,1.9095315171212468,1.1369821741912944,0.12327088801873157,2.406071400227566,2.3540949235416386,48.0,72.0,56.0,176.0
plus_ndfd_metadata__skew_normal__mid_300_lr002_depth3_leaf50_sub08_direct,plus_ndfd_metadata,38,skew_normal,mid_300_lr002_depth3_leaf50_sub08_direct,1.05,test,1.8479014818268944,1.1191614330183919,0.11860954737973436,2.588984272420969,2.4013104276557984,48.0,72.0,56.0,176.0
plus_ndfd_metadata__skew_normal__mid_300_lr002_depth3_leaf50_sub08_direct,plus_ndfd_metadata,38,skew_normal,mid_300_lr002_depth3_leaf50_sub08_direct,1.1,validation,1.901625327382279,1.1303072276924044,0.1226482544927151,2.5206462288098312,2.4661946818055265,32.0,47.0,32.0,111.0
plus_ndfd_metadata__skew_normal__mid_300_lr002_depth3_leaf50_sub08_direct,plus_ndfd_metadata,38,skew_normal,mid_300_lr002_depth3_leaf50_sub08_direct,1.1,test,1.8523576249209646,1.1177603991397695,0.11852264244464353,2.7122692377743487,2.5156585432584553,32.0,47.0,32.0,111.0
plus_ndfd_metadata__skew_normal__mid_300_lr002_depth3_leaf50_sub08_direct,plus_ndfd_metadata,38,skew_normal,mid_300_lr002_depth3_leaf50_sub08_direct,1.15,validation,1.899230131807575,1.1271244807360343,0.12228627870528046,2.6352210573920956,2.5782944400694134,21.0,31.0,18.0,70.0
plus_ndfd_metadata__skew_normal__mid_300_lr002_depth3_leaf50_sub08_direct,plus_ndfd_metadata,38,skew_normal,mid_300_lr002_depth3_leaf50_sub08_direct,1.15,test,1.8607842873902871,1.11931905787153,0.11867711989146401,2.835554203127728,2.630006658861112,21.0,31.0,18.0,70.0
plus_ndfd_metadata__skew_normal__mid_300_lr002_depth3_leaf50_sub08_direct,plus_ndfd_metadata,38,skew_normal,mid_300_lr002_depth3_leaf50_sub08_direct,1.2,validation,1.9012782317493462,1.12682490763481,0.12215657649672576,2.749795885974361,2.6903941983333013,30.0,27.0,15.0,72.0
plus_ndfd_metadata__skew_normal__mid_300_lr002_depth3_leaf50_sub08_direct,plus_ndfd_metadata,38,skew_normal,mid_300_lr002_depth3_leaf50_sub08_direct,1.2,test,1.8723589292154437,1.123303657765206,0.11904201419222984,2.958839168481107,2.744354774463769,30.0,27.0,15.0,72.0
plus_ndfd_metadata__skew_normal__mid_300_lr002_depth3_leaf50_sub08_direct,plus_ndfd_metadata,38,skew_normal,mid_300_lr002_depth3_leaf50_sub08_direct,1.25,validation,1.906921963200835,1.1289149127314644,0.1222331767621501,2.864370714556626,2.8024939565971887,45.0,29.0,25.0,99.0
plus_ndfd_metadata__skew_normal__mid_300_lr002_depth3_leaf50_sub08_direct,plus_ndfd_metadata,38,skew_normal,mid_300_lr002_depth3_leaf50_sub08_direct,1.25,test,1.8864317034773206,1.129282149169697,0.11958974218040574,3.0821241338344865,2.858702890066426,45.0,29.0,25.0,99.0
plus_ndfd_metadata__skew_normal__mid_300_lr002_depth3_leaf50_sub08_direct,plus_ndfd_metadata,38,skew_normal,mid_300_lr002_depth3_leaf50_sub08_direct,1.3,validation,1.9154828476245656,1.1329914074716294,0.12249238542970395,2.9789455431388916,2.914593714861076,64.0,40.0,43.0,147.0
plus_ndfd_metadata__skew_normal__mid_300_lr002_depth3_leaf50_sub08_direct,plus_ndfd_metadata,38,skew_normal,mid_300_lr002_depth3_leaf50_sub08_direct,1.3,test,1.9024852711285434,1.1369022596056753,0.12029575370421293,3.205409099187866,2.9730510056690833,64.0,40.0,43.0,147.0
plus_ndfd_metadata__skew_normal__mid_300_lr002_depth3_leaf50_sub08_direct,plus_ndfd_metadata,38,skew_normal,mid_300_lr002_depth3_leaf50_sub08_direct,1.4,validation,1.9392709840668056,1.1458353691033705,0.12347440214977738,3.208095200303421,3.138793231388851,122.0,84.0,91.0,297.0
plus_ndfd_metadata__skew_normal__mid_300_lr002_depth3_leaf50_sub08_direct,plus_ndfd_metadata,38,skew_normal,mid_300_lr002_depth3_leaf50_sub08_direct,1.4,test,1.9389565785699505,1.1559614508442888,0.12209776228848016,3.451979029894625,3.2017472368743976,122.0,84.0,91.0,297.0
plus_ndfd_metadata__skew_normal__mid_300_lr002_depth3_leaf50_sub08_direct,plus_ndfd_metadata,38,skew_normal,mid_300_lr002_depth3_leaf50_sub08_direct,1.5,validation,1.969378996014017,1.1633277014522587,0.12495331821615856,3.437244857467951,3.3629927479166266,190.0,132.0,133.0,455.0
plus_ndfd_metadata__skew_normal__mid_300_lr002_depth3_leaf50_sub08_direct,plus_ndfd_metadata,38,skew_normal,mid_300_lr002_depth3_leaf50_sub08_direct,1.5,test,1.979321937127342,1.1787173964318656,0.12430128317515435,3.698548960601384,3.4304434680797113,190.0,132.0,133.0,455.0
curated_weather_plus__skew_normal__mid_300_lr002_depth3_leaf50_sub08_direct,curated_weather_plus,46,skew_normal,mid_300_lr002_depth3_leaf50_sub08_direct,0.6,validation,2.752428420236811,1.627345507208156,0.14884609081678707,1.3607571940843863,1.3451015989163897,353.0,350.0,353.0,1056.0
curated_weather_plus__skew_normal__mid_300_lr002_depth3_leaf50_sub08_direct,curated_weather_plus,46,skew_normal,mid_300_lr002_depth3_leaf50_sub08_direct,0.6,test,2.4131299362540597,1.5167782726161527,0.139986988445106,1.447086308185318,1.361152825780099,353.0,350.0,353.0,1056.0
curated_weather_plus__skew_normal__mid_300_lr002_depth3_leaf50_sub08_direct,curated_weather_plus,46,skew_normal,mid_300_lr002_depth3_leaf50_sub08_direct,0.65,validation,2.522597752370816,1.5027954918322173,0.14390560329612787,1.4741536269247522,1.4571933988260892,335.0,336.0,337.0,1008.0
curated_weather_plus__skew_normal__mid_300_lr002_depth3_leaf50_sub08_direct,curated_weather_plus,46,skew_normal,mid_300_lr002_depth3_leaf50_sub08_direct,0.65,test,2.241651747398503,1.4120627085119566,0.13533865203884682,1.567676833867428,1.4745822279284408,335.0,336.0,337.0,1008.0
curated_weather_plus__skew_normal__mid_300_lr002_depth3_leaf50_sub08_direct,curated_weather_plus,46,skew_normal,mid_300_lr002_depth3_leaf50_sub08_direct,0.7,validation,2.351618923021941,1.407250988733097,0.1396396655791612,1.5875500597651175,1.569285198735788,318.0,317.0,320.0,955.0
curated_weather_plus__skew_normal__mid_300_lr002_depth3_leaf50_sub08_direct,curated_weather_plus,46,skew_normal,mid_300_lr002_depth3_leaf50_sub08_direct,0.7,test,2.117132027880263,1.3327272299685333,0.13144810005013244,1.6882673595495377,1.5880116300767821,318.0,317.0,320.0,955.0
curated_weather_plus__skew_normal__mid_300_lr002_depth3_leaf50_sub08_direct,curated_weather_plus,46,skew_normal,mid_300_lr002_depth3_leaf50_sub08_direct,0.75,validation,2.223690853838687,1.3337699227023434,0.13598168073840902,1.7009464926054831,1.6813769986454874,300.0,294.0,299.0,893.0
curated_weather_plus__skew_normal__mid_300_lr002_depth3_leaf50_sub08_direct,curated_weather_plus,46,skew_normal,mid_300_lr002_depth3_leaf50_sub08_direct,0.75,test,2.0268218198942525,1.2724324098139268,0.12822637083786764,1.8088578852316477,1.7014410322251239,300.0,294.0,299.0,893.0
curated_weather_plus__skew_normal__mid_300_lr002_depth3_leaf50_sub08_direct,curated_weather_plus,46,skew_normal,mid_300_lr002_depth3_leaf50_sub08_direct,0.8,validation,2.1278667336911927,1.2772004792001932,0.13287471397896553,1.814342925445849,1.7934687985551865,278.0,271.0,277.0,826.0
curated_weather_plus__skew_normal__mid_300_lr002_depth3_leaf50_sub08_direct,curated_weather_plus,46,skew_normal,mid_300_lr002_depth3_leaf50_sub08_direct,0.8,test,1.9619032269897003,1.2263046557234614,0.12559669028430842,1.9294484109137575,1.8148704343734656,278.0,271.0,277.0,826.0
curated_weather_plus__skew_normal__mid_300_lr002_depth3_leaf50_sub08_direct,curated_weather_plus,46,skew_normal,mid_300_lr002_depth3_leaf50_sub08_direct,0.85,validation,2.0563791607072663,1.2337971010364541,0.13026778211454065,1.9277393582862143,1.9055605984648856,259.0,249.0,253.0,761.0
curated_weather_plus__skew_normal__mid_300_lr002_depth3_leaf50_sub08_direct,curated_weather_plus,46,skew_normal,mid_300_lr002_depth3_leaf50_sub08_direct,0.85,test,1.9161303959381535,1.1915747673064137,0.12349159024529117,2.050038936595867,1.928299836521807,259.0,249.0,253.0,761.0
curated_weather_plus__skew_normal__mid_300_lr002_depth3_leaf50_sub08_direct,curated_weather_plus,46,skew_normal,mid_300_lr002_depth3_leaf50_sub08_direct,0.9,validation,2.003600794267988,1.2007798138099666,0.12811413177563008,2.04113579112658,2.017652398374585,231.0,221.0,222.0,674.0
curated_weather_plus__skew_normal__mid_300_lr002_depth3_leaf50_sub08_direct,curated_weather_plus,46,skew_normal,mid_300_lr002_depth3_leaf50_sub08_direct,0.9,test,1.8849869189522488,1.166060323175715,0.12185121843872945,2.170629462277977,2.0417292386701487,231.0,221.0,222.0,674.0
curated_weather_plus__skew_normal__mid_300_lr002_depth3_leaf50_sub08_direct,curated_weather_plus,46,skew_normal,mid_300_lr002_depth3_leaf50_sub08_direct,0.95,validation,1.965379609230392,1.176048195782352,0.12637050391230192,2.1545322239669455,2.1297441982842837,180.0,189.0,169.0,538.0
curated_weather_plus__skew_normal__mid_300_lr002_depth3_leaf50_sub08_direct,curated_weather_plus,46,skew_normal,mid_300_lr002_depth3_leaf50_sub08_direct,0.95,test,1.8651474077278423,1.1478825055933695,0.1206222406735161,2.291219987960087,2.15515864081849,180.0,189.0,169.0,538.0
curated_weather_plus__skew_normal__mid_300_lr002_depth3_leaf50_sub08_direct,curated_weather_plus,46,skew_normal,mid_300_lr002_depth3_leaf50_sub08_direct,1.0,validation,1.9386023311124636,1.1579904453579553,0.12499682796045128,2.2679286568073107,2.241835998193983,120.0,135.0,121.0,376.0
curated_weather_plus__skew_normal__mid_300_lr002_depth3_leaf50_sub08_direct,curated_weather_plus,46,skew_normal,mid_300_lr002_depth3_leaf50_sub08_direct,1.0,test,1.8541241910724382,1.1355985903240342,0.11975703667518882,2.411810513642197,2.268588042966832,120.0,135.0,121.0,376.0
curated_weather_plus__skew_normal__mid_300_lr002_depth3_leaf50_sub08_direct,curated_weather_plus,46,skew_normal,mid_300_lr002_depth3_leaf50_sub08_direct,1.05,validation,1.9209009294406718,1.14535274971693,0.12395606873676983,2.3813250896476763,2.3539277981036824,75.0,98.0,90.0,263.0
curated_weather_plus__skew_normal__mid_300_lr002_depth3_leaf50_sub08_direct,curated_weather_plus,46,skew_normal,mid_300_lr002_depth3_leaf50_sub08_direct,1.05,test,1.8500299754518472,1.128085761970921,0.11921305071937933,2.5324010393243066,2.3820174451151734,75.0,98.0,90.0,263.0
curated_weather_plus__skew_normal__mid_300_lr002_depth3_leaf50_sub08_direct,curated_weather_plus,46,skew_normal,mid_300_lr002_depth3_leaf50_sub08_direct,1.1,validation,1.910451121505001,1.1371479500890482,0.12321410573373597,2.494721522488042,2.466019598013381,51.0,69.0,58.0,178.0
curated_weather_plus__skew_normal__mid_300_lr002_depth3_leaf50_sub08_direct,curated_weather_plus,46,skew_normal,mid_300_lr002_depth3_leaf50_sub08_direct,1.1,test,1.8514150270647536,1.1244597980810684,0.11895223640786293,2.652991565006417,2.495446847263515,51.0,69.0,58.0,178.0
curated_weather_plus__skew_normal__mid_300_lr002_depth3_leaf50_sub08_direct,curated_weather_plus,46,skew_normal,mid_300_lr002_depth3_leaf50_sub08_direct,1.15,validation,1.9058314185211105,1.1325904475214927,0.12273960306751663,2.6081179553284075,2.57811139792308,41.0,50.0,42.0,133.0
curated_weather_plus__skew_normal__mid_300_lr002_depth3_leaf50_sub08_direct,curated_weather_plus,46,skew_normal,mid_300_lr002_depth3_leaf50_sub08_direct,1.15,test,1.857153351562177,1.1240170546182051,0.11894056986868647,2.773582090688526,2.6088762494118565,41.0,50.0,42.0,133.0
curated_weather_plus__skew_normal__mid_300_lr002_depth3_leaf50_sub08_direct,curated_weather_plus,46,skew_normal,mid_300_lr002_depth3_leaf50_sub08_direct,1.2,validation,1.905922833007139,1.1310490153016874,0.12250386282813701,2.7215143881687727,2.6902031978327794,42.0,41.0,35.0,118.0
curated_weather_plus__skew_normal__mid_300_lr002_depth3_leaf50_sub08_direct,curated_weather_plus,46,skew_normal,mid_300_lr002_depth3_leaf50_sub08_direct,1.2,test,1.8663617596377093,1.1261923610066105,0.11914761970780001,2.894172616370636,2.722305651560198,42.0,41.0,35.0,118.0
curated_weather_plus__skew_normal__mid_300_lr002_depth3_leaf50_sub08_direct,curated_weather_plus,46,skew_normal,mid_300_lr002_depth3_leaf50_sub08_direct,1.25,validation,1.9098364059156556,1.1320120692305855,0.1224806667407246,2.8349108210091387,2.8022949977424787,49.0,39.0,38.0,126.0
curated_weather_plus__skew_normal__mid_300_lr002_depth3_leaf50_sub08_direct,curated_weather_plus,46,skew_normal,mid_300_lr002_depth3_leaf50_sub08_direct,1.25,test,1.8783414200873478,1.130527989543776,0.11954616688951639,3.014763142052746,2.83573505370854,49.0,39.0,38.0,126.0
curated_weather_plus__skew_normal__mid_300_lr002_depth3_leaf50_sub08_direct,curated_weather_plus,46,skew_normal,mid_300_lr002_depth3_leaf50_sub08_direct,1.3,validation,1.9168600916703133,1.1350617553770708,0.12264611327275832,2.9483072538495043,2.9143867976521785,67.0,46.0,52.0,165.0
curated_weather_plus__skew_normal__mid_300_lr002_depth3_leaf50_sub08_direct,curated_weather_plus,46,skew_normal,mid_300_lr002_depth3_leaf50_sub08_direct,1.3,test,1.8925350531180847,1.1366504685934335,0.12011186903865638,3.135353667734856,2.9491644558568817,67.0,46.0,52.0,165.0
curated_weather_plus__skew_normal__mid_300_lr002_depth3_leaf50_sub08_direct,curated_weather_plus,46,skew_normal,mid_300_lr002_depth3_leaf50_sub08_direct,1.4,validation,1.9380473808230887,1.1461054319034094,0.1234579466862138,3.175100119530235,3.138570397471576,118.0,81.0,93.0,292.0
curated_weather_plus__skew_normal__mid_300_lr002_depth3_leaf50_sub08_direct,curated_weather_plus,46,skew_normal,mid_300_lr002_depth3_leaf50_sub08_direct,1.4,test,1.925860240001134,1.153082229653495,0.12166000710388106,3.3765347190990753,3.1760232601535643,118.0,81.0,93.0,292.0
curated_weather_plus__skew_normal__mid_300_lr002_depth3_leaf50_sub08_direct,curated_weather_plus,46,skew_normal,mid_300_lr002_depth3_leaf50_sub08_direct,1.5,validation,1.966052530766624,1.1620741301148367,0.12478847994390838,3.4018929852109663,3.362753997290975,183.0,124.0,129.0,436.0
curated_weather_plus__skew_normal__mid_300_lr002_depth3_leaf50_sub08_direct,curated_weather_plus,46,skew_normal,mid_300_lr002_depth3_leaf50_sub08_direct,1.5,test,1.963684489840686,1.173613013044261,0.12364437679117382,3.6177157704632954,3.4028820644502478,183.0,124.0,129.0,436.0
plus_forecast_high_day_cos__skew_normal__prod_500_lr001_depth3_leaf50_sub08_direct,plus_forecast_high_day_cos,38,skew_normal,prod_500_lr001_depth3_leaf50_sub08_direct,0.6,validation,2.758776141053559,1.642465966777172,0.15278440163360751,1.391743114579326,1.3772679033796436,354.0,357.0,355.0,1066.0
plus_forecast_high_day_cos__skew_normal__prod_500_lr001_depth3_leaf50_sub08_direct,plus_forecast_high_day_cos,38,skew_normal,prod_500_lr001_depth3_leaf50_sub08_direct,0.6,test,2.436142307369372,1.5369441604355243,0.14441728118168326,1.450514908086201,1.3843061023581313,354.0,357.0,355.0,1066.0
plus_forecast_high_day_cos__skew_normal__prod_500_lr001_depth3_leaf50_sub08_direct,plus_forecast_high_day_cos,38,skew_normal,prod_500_lr001_depth3_leaf50_sub08_direct,0.65,validation,2.5306003096782934,1.5155874869395773,0.1472709547038869,1.5077217074609366,1.4920402286612806,336.0,348.0,341.0,1025.0
plus_forecast_high_day_cos__skew_normal__prod_500_lr001_depth3_leaf50_sub08_direct,plus_forecast_high_day_cos,38,skew_normal,prod_500_lr001_depth3_leaf50_sub08_direct,0.65,test,2.2596806019585842,1.4280671202532962,0.13923188803162775,1.571391150426718,1.4996649442213092,336.0,348.0,341.0,1025.0
plus_forecast_high_day_cos__skew_normal__prod_500_lr001_depth3_leaf50_sub08_direct,plus_forecast_high_day_cos,38,skew_normal,prod_500_lr001_depth3_leaf50_sub08_direct,0.7,validation,2.360937648203797,1.418470522430628,0.14251174928997698,1.623700300342547,1.6068125539429174,321.0,332.0,324.0,977.0
plus_forecast_high_day_cos__skew_normal__prod_500_lr001_depth3_leaf50_sub08_direct,plus_forecast_high_day_cos,38,skew_normal,prod_500_lr001_depth3_leaf50_sub08_direct,0.7,test,2.131185819518009,1.3453276623594457,0.13483990487971592,1.6922673927672345,1.6150237860844867,321.0,332.0,324.0,977.0
plus_forecast_high_day_cos__skew_normal__prod_500_lr001_depth3_leaf50_sub08_direct,plus_forecast_high_day_cos,38,skew_normal,prod_500_lr001_depth3_leaf50_sub08_direct,0.75,validation,2.2340789944828012,1.3437588511615806,0.13843244175008407,1.7396788932241576,1.7215848792245545,303.0,310.0,306.0,919.0
plus_forecast_high_day_cos__skew_normal__prod_500_lr001_depth3_leaf50_sub08_direct,plus_forecast_high_day_cos,38,skew_normal,prod_500_lr001_depth3_leaf50_sub08_direct,0.75,test,2.037655941361009,1.2819524094805619,0.13115676864260456,1.8131436351077512,1.7303826279476642,303.0,310.0,306.0,919.0
plus_forecast_high_day_cos__skew_normal__prod_500_lr001_depth3_leaf50_sub08_direct,plus_forecast_high_day_cos,38,skew_normal,prod_500_lr001_depth3_leaf50_sub08_direct,0.8,validation,2.139142151664868,1.2862284381974678,0.1349677471624277,1.8556574861057682,1.8363572045061916,285.0,288.0,284.0,857.0
plus_forecast_high_day_cos__skew_normal__prod_500_lr001_depth3_leaf50_sub08_direct,plus_forecast_high_day_cos,38,skew_normal,prod_500_lr001_depth3_leaf50_sub08_direct,0.8,test,1.9700965911467423,1.2333440021216435,0.12810656561874806,1.934019877448268,1.845741469810842,285.0,288.0,284.0,857.0
plus_forecast_high_day_cos__skew_normal__prod_500_lr001_depth3_leaf50_sub08_direct,plus_forecast_high_day_cos,38,skew_normal,prod_500_lr001_depth3_leaf50_sub08_direct,0.85,validation,2.0684058090887953,1.2420791908065316,0.13205857832921936,1.9716360789873784,1.9511295297878284,261.0,266.0,262.0,789.0
plus_forecast_high_day_cos__skew_normal__prod_500_lr001_depth3_leaf50_sub08_direct,plus_forecast_high_day_cos,38,skew_normal,prod_500_lr001_depth3_leaf50_sub08_direct,0.85,test,1.9221354593350102,1.196751684835185,0.12562054116401866,2.054896119788785,1.9611003116740195,261.0,266.0,262.0,789.0
plus_forecast_high_day_cos__skew_normal__prod_500_lr001_depth3_leaf50_sub08_direct,plus_forecast_high_day_cos,38,skew_normal,prod_500_lr001_depth3_leaf50_sub08_direct,0.9,validation,2.0162758679374133,1.2084894087231182,0.12965066732174552,2.087614671868989,2.065901855069465,240.0,241.0,236.0,717.0
plus_forecast_high_day_cos__skew_normal__prod_500_lr001_depth3_leaf50_sub08_direct,plus_forecast_high_day_cos,38,skew_normal,prod_500_lr001_depth3_leaf50_sub08_direct,0.9,test,1.8891633078013947,1.1696482376154496,0.1236363892638432,2.1757723621293015,2.076459153537197,240.0,241.0,236.0,717.0
plus_forecast_high_day_cos__skew_normal__prod_500_lr001_depth3_leaf50_sub08_direct,plus_forecast_high_day_cos,38,skew_normal,prod_500_lr001_depth3_leaf50_sub08_direct,0.95,validation,1.9786244806339026,1.1833263414472712,0.12769395556708601,2.2035932647506,2.1806741803511023,205.0,214.0,192.0,611.0
plus_forecast_high_day_cos__skew_normal__prod_500_lr001_depth3_leaf50_sub08_direct,plus_forecast_high_day_cos,38,skew_normal,prod_500_lr001_depth3_leaf50_sub08_direct,0.95,test,1.8677851127106653,1.150106827479203,0.12209780403842689,2.2966486044698184,2.191817995400375,205.0,214.0,192.0,611.0
plus_forecast_high_day_cos__skew_normal__prod_500_lr001_depth3_leaf50_sub08_direct,plus_forecast_high_day_cos,38,skew_normal,prod_500_lr001_depth3_leaf50_sub08_direct,1.0,validation,1.952356075372364,1.1649528148757038,0.12614231993815397,2.31957185763221,2.2954465056327393,156.0,177.0,137.0,470.0
plus_forecast_high_day_cos__skew_normal__prod_500_lr001_depth3_leaf50_sub08_direct,plus_forecast_high_day_cos,38,skew_normal,prod_500_lr001_depth3_leaf50_sub08_direct,1.0,test,1.855459950116967,1.1366473237568682,0.12095407633018596,2.4175248468103354,2.3071768372635524,156.0,177.0,137.0,470.0
plus_forecast_high_day_cos__skew_normal__prod_500_lr001_depth3_leaf50_sub08_direct,plus_forecast_high_day_cos,38,skew_normal,prod_500_lr001_depth3_leaf50_sub08_direct,1.05,validation,1.9351156562238674,1.1520948376591877,0.12495340791810132,2.435550450513821,2.4102188309143764,110.0,133.0,107.0,350.0
plus_forecast_high_day_cos__skew_normal__prod_500_lr001_depth3_leaf50_sub08_direct,plus_forecast_high_day_cos,38,skew_normal,prod_500_lr001_depth3_leaf50_sub08_direct,1.05,test,1.850259100978688,1.12811729942283,0.1201596704662006,2.538401089150852,2.42253567912673,110.0,133.0,107.0,350.0
plus_forecast_high_day_cos__skew_normal__prod_500_lr001_depth3_leaf50_sub08_direct,plus_forecast_high_day_cos,38,skew_normal,prod_500_lr001_depth3_leaf50_sub08_direct,1.1,validation,1.9250885873390433,1.1437489900350195,0.12408848148232507,2.551529043395431,2.5249911561960134,89.0,101.0,87.0,277.0
plus_forecast_high_day_cos__skew_normal__prod_500_lr001_depth3_leaf50_sub08_direct,plus_forecast_high_day_cos,38,skew_normal,prod_500_lr001_depth3_leaf50_sub08_direct,1.1,test,1.8507001185663239,1.1236087358944136,0.11967378055304081,2.659277331491369,2.5378945209899078,89.0,101.0,87.0,277.0
plus_forecast_high_day_cos__skew_normal__prod_500_lr001_depth3_leaf50_sub08_direct,plus_forecast_high_day_cos,38,skew_normal,prod_500_lr001_depth3_leaf50_sub08_direct,1.15,validation,1.920860557324788,1.139116403706678,0.12351223708076922,2.6675076362770413,2.63976348147765,74.0,86.0,68.0,228.0
plus_forecast_high_day_cos__skew_normal__prod_500_lr001_depth3_leaf50_sub08_direct,plus_forecast_high_day_cos,38,skew_normal,prod_500_lr001_depth3_leaf50_sub08_direct,1.15,test,1.8556308335676885,1.1223985988432805,0.11945988515727024,2.7801535738318854,2.6532533628530848,74.0,86.0,68.0,228.0
plus_forecast_high_day_cos__skew_normal__prod_500_lr001_depth3_leaf50_sub08_direct,plus_forecast_high_day_cos,38,skew_normal,prod_500_lr001_depth3_leaf50_sub08_direct,1.2,validation,1.9213179506354108,1.1375549008754116,0.12319260005332877,2.783486229158652,2.754535806759287,79.0,66.0,60.0,205.0
plus_forecast_high_day_cos__skew_normal__prod_500_lr001_depth3_leaf50_sub08_direct,plus_forecast_high_day_cos,38,skew_normal,prod_500_lr001_depth3_leaf50_sub08_direct,1.2,test,1.864146870866355,1.1239057180924765,0.11948531929560757,2.901029816172402,2.7686122047162627,79.0,66.0,60.0,205.0
plus_forecast_high_day_cos__skew_normal__prod_500_lr001_depth3_leaf50_sub08_direct,plus_forecast_high_day_cos,38,skew_normal,prod_500_lr001_depth3_leaf50_sub08_direct,1.25,validation,1.9255758575313207,1.138543771950537,0.12310050270623611,2.8994648220402626,2.869308132040924,90.0,63.0,64.0,217.0
plus_forecast_high_day_cos__skew_normal__prod_500_lr001_depth3_leaf50_sub08_direct,plus_forecast_high_day_cos,38,skew_normal,prod_500_lr001_depth3_leaf50_sub08_direct,1.25,test,1.8755320785544534,1.1276590176565666,0.11972087646470764,3.021906058512919,2.8839710465794406,90.0,63.0,64.0,217.0
plus_forecast_high_day_cos__skew_normal__prod_500_lr001_depth3_leaf50_sub08_direct,plus_forecast_high_day_cos,38,skew_normal,prod_500_lr001_depth3_leaf50_sub08_direct,1.3,validation,1.9329253113012281,1.1416574994602564,0.12320965673252601,3.015443414921873,2.984080457322561,103.0,68.0,79.0,250.0
plus_forecast_high_day_cos__skew_normal__prod_500_lr001_depth3_leaf50_sub08_direct,plus_forecast_high_day_cos,38,skew_normal,prod_500_lr001_depth3_leaf50_sub08_direct,1.3,test,1.8892148909898565,1.133273783554982,0.1201404468639558,3.142782300853436,2.9993298884426185,103.0,68.0,79.0,250.0
plus_forecast_high_day_cos__skew_normal__prod_500_lr001_depth3_leaf50_sub08_direct,plus_forecast_high_day_cos,38,skew_normal,prod_500_lr001_depth3_leaf50_sub08_direct,1.4,validation,1.9547173761439254,1.1529190156877975,0.1239391233165796,3.247400600685094,3.213625107885835,165.0,96.0,110.0,371.0
plus_forecast_high_day_cos__skew_normal__prod_500_lr001_depth3_leaf50_sub08_direct,plus_forecast_high_day_cos,38,skew_normal,prod_500_lr001_depth3_leaf50_sub08_direct,1.4,test,1.9217237726304002,1.1488771754008886,0.12144076114859162,3.384534785534469,3.2300475721689734,165.0,96.0,110.0,371.0
plus_forecast_high_day_cos__skew_normal__prod_500_lr001_depth3_leaf50_sub08_direct,plus_forecast_high_day_cos,38,skew_normal,prod_500_lr001_depth3_leaf50_sub08_direct,1.5,validation,1.983275385855688,1.1691925799445089,0.12521798525074673,3.479357786448315,3.443169758449109,213.0,141.0,145.0,499.0
plus_forecast_high_day_cos__skew_normal__prod_500_lr001_depth3_leaf50_sub08_direct,plus_forecast_high_day_cos,38,skew_normal,prod_500_lr001_depth3_leaf50_sub08_direct,1.5,test,1.9589468097184173,1.1687801687059591,0.12322785621932572,3.6262872702155025,3.4607652558953284,213.0,141.0,145.0,499.0
plus_forecast_high_temp_range__skew_normal__prod_500_lr001_depth3_leaf50_sub08_direct,plus_forecast_high_temp_range,38,skew_normal,prod_500_lr001_depth3_leaf50_sub08_direct,0.6,validation,2.7160637416903377,1.6272932550396046,0.15215600762585638,1.4049214131011032,1.391282030405233,351.0,356.0,352.0,1059.0
plus_forecast_high_temp_range__skew_normal__prod_500_lr001_depth3_leaf50_sub08_direct,plus_forecast_high_temp_range,38,skew_normal,prod_500_lr001_depth3_leaf50_sub08_direct,0.6,test,2.431532050455051,1.531936766314956,0.14371553824071492,1.4687907769115847,1.3847427714341594,351.0,356.0,352.0,1059.0
plus_forecast_high_temp_range__skew_normal__prod_500_lr001_depth3_leaf50_sub08_direct,plus_forecast_high_temp_range,38,skew_normal,prod_500_lr001_depth3_leaf50_sub08_direct,0.65,validation,2.4954598452033423,1.5033173142462632,0.146729486870454,1.5219981975261951,1.507222199605669,334.0,347.0,338.0,1019.0
plus_forecast_high_temp_range__skew_normal__prod_500_lr001_depth3_leaf50_sub08_direct,plus_forecast_high_temp_range,38,skew_normal,prod_500_lr001_depth3_leaf50_sub08_direct,0.65,test,2.257438936508852,1.4243858225086388,0.13858974539942265,1.5911900083208834,1.500138002387006,334.0,347.0,338.0,1019.0
plus_forecast_high_temp_range__skew_normal__prod_500_lr001_depth3_leaf50_sub08_direct,plus_forecast_high_temp_range,38,skew_normal,prod_500_lr001_depth3_leaf50_sub08_direct,0.7,validation,2.3318217334372764,1.4085627948817114,0.14205192491554025,1.6390749819512869,1.623162368806105,316.0,329.0,321.0,966.0
plus_forecast_high_temp_range__skew_normal__prod_500_lr001_depth3_leaf50_sub08_direct,plus_forecast_high_temp_range,38,skew_normal,prod_500_lr001_depth3_leaf50_sub08_direct,0.7,test,2.130854331852036,1.3428378446355191,0.13427485242795495,1.7135892397301824,1.6155332333398524,316.0,329.0,321.0,966.0
plus_forecast_high_temp_range__skew_normal__prod_500_lr001_depth3_leaf50_sub08_direct,plus_forecast_high_temp_range,38,skew_normal,prod_500_lr001_depth3_leaf50_sub08_direct,0.75,validation,2.209836509225257,1.3358038556340843,0.13804969220564497,1.7561517663763793,1.739102538006541,299.0,308.0,301.0,908.0
plus_forecast_high_temp_range__skew_normal__prod_500_lr001_depth3_leaf50_sub08_direct,plus_forecast_high_temp_range,38,skew_normal,prod_500_lr001_depth3_leaf50_sub08_direct,0.75,test,2.038890759565206,1.2805008094954982,0.13067838651588698,1.835988471139481,1.7309284642926992,299.0,308.0,301.0,908.0
plus_forecast_high_temp_range__skew_normal__prod_500_lr001_depth3_leaf50_sub08_direct,plus_forecast_high_temp_range,38,skew_normal,prod_500_lr001_depth3_leaf50_sub08_direct,0.8,validation,2.1188985283198307,1.2799096542056005,0.1346576595228685,1.8732285508014712,1.855042707206977,275.0,286.0,282.0,843.0
plus_forecast_high_temp_range__skew_normal__prod_500_lr001_depth3_leaf50_sub08_direct,plus_forecast_high_temp_range,38,skew_normal,prod_500_lr001_depth3_leaf50_sub08_direct,0.8,test,1.9726337987237637,1.2328479954399276,0.1277186054039407,1.9583877025487797,1.846323695245546,275.0,286.0,282.0,843.0
plus_forecast_high_temp_range__skew_normal__prod_500_lr001_depth3_leaf50_sub08_direct,plus_forecast_high_temp_range,38,skew_normal,prod_500_lr001_depth3_leaf50_sub08_direct,0.85,validation,2.051484373111537,1.2371480248737072,0.13181680229999373,1.9903053352265627,1.970982876407413,253.0,263.0,258.0,774.0
plus_forecast_high_temp_range__skew_normal__prod_500_lr001_depth3_leaf50_sub08_direct,plus_forecast_high_temp_range,38,skew_normal,prod_500_lr001_depth3_leaf50_sub08_direct,0.85,test,1.925768497295907,1.1971057253761803,0.12532290810171404,2.0807869339580782,1.9617189261983925,253.0,263.0,258.0,774.0
plus_forecast_high_temp_range__skew_normal__prod_500_lr001_depth3_leaf50_sub08_direct,plus_forecast_high_temp_range,38,skew_normal,prod_500_lr001_depth3_leaf50_sub08_direct,0.9,validation,2.0021446568326144,1.2047476116380647,0.12947302093977134,2.107382119651655,2.0869230456078496,228.0,238.0,231.0,697.0
plus_forecast_high_temp_range__skew_normal__prod_500_lr001_depth3_leaf50_sub08_direct,plus_forecast_high_temp_range,38,skew_normal,prod_500_lr001_depth3_leaf50_sub08_direct,0.9,test,1.8937277549122329,1.1707483491187292,0.12342671747704828,2.203186165367377,2.0771141571512395,228.0,238.0,231.0,697.0
plus_forecast_high_temp_range__skew_normal__prod_500_lr001_depth3_leaf50_sub08_direct,plus_forecast_high_temp_range,38,skew_normal,prod_500_lr001_depth3_leaf50_sub08_direct,0.95,validation,1.966859376066319,1.180613543641929,0.12757655187820335,2.224458904076747,2.2028632148082856,185.0,213.0,185.0,583.0
plus_forecast_high_temp_range__skew_normal__prod_500_lr001_depth3_leaf50_sub08_direct,plus_forecast_high_temp_range,38,skew_normal,prod_500_lr001_depth3_leaf50_sub08_direct,0.95,test,1.8731481533634982,1.1518659786870298,0.12197255548869937,2.3255853967766758,2.192509388104086,185.0,213.0,185.0,583.0
plus_forecast_high_temp_range__skew_normal__prod_500_lr001_depth3_leaf50_sub08_direct,plus_forecast_high_temp_range,38,skew_normal,prod_500_lr001_depth3_leaf50_sub08_direct,1.0,validation,1.9426146775293043,1.1631375547693599,0.12608163785833568,2.3415356885018386,2.3188033840087217,130.0,175.0,132.0,437.0
plus_forecast_high_temp_range__skew_normal__prod_500_lr001_depth3_leaf50_sub08_direct,plus_forecast_high_temp_range,38,skew_normal,prod_500_lr001_depth3_leaf50_sub08_direct,1.0,test,1.8615129088178994,1.1389920184003508,0.12090922378151123,2.4479846281859743,2.3079046190569326,130.0,175.0,132.0,437.0
plus_forecast_high_temp_range__skew_normal__prod_500_lr001_depth3_leaf50_sub08_direct,plus_forecast_high_temp_range,38,skew_normal,prod_500_lr001_depth3_leaf50_sub08_direct,1.05,validation,1.927118411546615,1.1510680189218236,0.12494629558280734,2.458612472926931,2.4347435532091577,95.0,131.0,105.0,331.0
plus_forecast_high_temp_range__skew_normal__prod_500_lr001_depth3_leaf50_sub08_direct,plus_forecast_high_temp_range,38,skew_normal,prod_500_lr001_depth3_leaf50_sub08_direct,1.05,test,1.8569120374461865,1.1309849932718266,0.12019107126765638,2.5703838595952733,2.423299850009779,95.0,131.0,105.0,331.0
plus_forecast_high_temp_range__skew_normal__prod_500_lr001_depth3_leaf50_sub08_direct,plus_forecast_high_temp_range,38,skew_normal,prod_500_lr001_depth3_leaf50_sub08_direct,1.1,validation,1.9186049232661655,1.1434190533965018,0.12413210982561562,2.575689257352023,2.5506837224095937,71.0,103.0,84.0,258.0
plus_forecast_high_temp_range__skew_normal__prod_500_lr001_depth3_leaf50_sub08_direct,plus_forecast_high_temp_range,38,skew_normal,prod_500_lr001_depth3_leaf50_sub08_direct,1.1,test,1.857877841394077,1.1269458341828082,0.1197773472317287,2.6927830910045722,2.5386950809626256,71.0,103.0,84.0,258.0
plus_forecast_high_temp_range__skew_normal__prod_500_lr001_depth3_leaf50_sub08_direct,plus_forecast_high_temp_range,38,skew_normal,prod_500_lr001_depth3_leaf50_sub08_direct,1.15,validation,1.9156985408946294,1.139405723748121,0.12360402815681401,2.6927660417771144,2.6666238916100298,65.0,89.0,70.0,224.0
plus_forecast_high_temp_range__skew_normal__prod_500_lr001_depth3_leaf50_sub08_direct,plus_forecast_high_temp_range,38,skew_normal,prod_500_lr001_depth3_leaf50_sub08_direct,1.15,test,1.8632699117127034,1.126158877255263,0.11963163781221171,2.815182322413871,2.654090311915472,65.0,89.0,70.0,224.0
plus_forecast_high_temp_range__skew_normal__prod_500_lr001_depth3_leaf50_sub08_direct,plus_forecast_high_temp_range,38,skew_normal,prod_500_lr001_depth3_leaf50_sub08_direct,1.2,validation,1.917316469646232,1.1383970666705412,0.12333015062052018,2.8098428262022064,2.782564060810466,69.0,75.0,63.0,207.0
plus_forecast_high_temp_range__skew_normal__prod_500_lr001_depth3_leaf50_sub08_direct,plus_forecast_high_temp_range,38,skew_normal,prod_500_lr001_depth3_leaf50_sub08_direct,1.2,test,1.8721933603853096,1.128049063338912,0.11972137950664048,2.9375815538231693,2.7694855428683187,69.0,75.0,63.0,207.0
plus_forecast_high_temp_range__skew_normal__prod_500_lr001_depth3_leaf50_sub08_direct,plus_forecast_high_temp_range,38,skew_normal,prod_500_lr001_depth3_leaf50_sub08_direct,1.25,validation,1.922598634989141,1.139881510813227,0.12328151637061324,2.9269196106272988,2.898504230010902,81.0,73.0,71.0,225.0
plus_forecast_high_temp_range__skew_normal__prod_500_lr001_depth3_leaf50_sub08_direct,plus_forecast_high_temp_range,38,skew_normal,prod_500_lr001_depth3_leaf50_sub08_direct,1.25,test,1.8839397705367393,1.1321504150968922,0.12001744028361479,3.0599807852324683,2.8848807738211653,81.0,73.0,71.0,225.0
plus_forecast_high_temp_range__skew_normal__prod_500_lr001_depth3_leaf50_sub08_direct,plus_forecast_high_temp_range,38,skew_normal,prod_500_lr001_depth3_leaf50_sub08_direct,1.3,validation,1.9308562705505654,1.1434410723490616,0.12343189122422235,3.0439963950523903,3.014444399211338,102.0,79.0,85.0,266.0
plus_forecast_high_temp_range__skew_normal__prod_500_lr001_depth3_leaf50_sub08_direct,plus_forecast_high_temp_range,38,skew_normal,prod_500_lr001_depth3_leaf50_sub08_direct,1.3,test,1.8979439447981372,1.138082498799558,0.12049375780409585,3.182380016641767,3.000276004774012,102.0,79.0,85.0,266.0
plus_forecast_high_temp_range__skew_normal__prod_500_lr001_depth3_leaf50_sub08_direct,plus_forecast_high_temp_range,38,skew_normal,prod_500_lr001_depth3_leaf50_sub08_direct,1.4,validation,1.954179894785298,1.155469155285547,0.12423712508746856,3.2781499639025737,3.24632473761221,162.0,105.0,115.0,382.0
plus_forecast_high_temp_range__skew_normal__prod_500_lr001_depth3_leaf50_sub08_direct,plus_forecast_high_temp_range,38,skew_normal,prod_500_lr001_depth3_leaf50_sub08_direct,1.4,test,1.930996328749176,1.1542422426799157,0.12189641233523348,3.427178479460365,3.231066466679705,162.0,105.0,115.0,382.0
plus_forecast_high_temp_range__skew_normal__prod_500_lr001_depth3_leaf50_sub08_direct,plus_forecast_high_temp_range,38,skew_normal,prod_500_lr001_depth3_leaf50_sub08_direct,1.5,validation,1.9839701153081297,1.1723738532256496,0.12558281170066257,3.5123035327527585,3.478205076013082,214.0,157.0,154.0,525.0
plus_forecast_high_temp_range__skew_normal__prod_500_lr001_depth3_leaf50_sub08_direct,plus_forecast_high_temp_range,38,skew_normal,prod_500_lr001_depth3_leaf50_sub08_direct,1.5,test,1.9686567780683641,1.17461555076438,0.12377118382457804,3.671976942278962,3.4618569285853984,214.0,157.0,154.0,525.0
plus_ndfd_metadata__skew_normal__prod_500_lr001_depth3_leaf50_sub08_direct,plus_ndfd_metadata,38,skew_normal,prod_500_lr001_depth3_leaf50_sub08_direct,0.6,validation,2.6310046870099586,1.5806754654898612,0.15051412731347102,1.4320868543331182,1.4195839849878842,347.0,353.0,348.0,1048.0
plus_ndfd_metadata__skew_normal__prod_500_lr001_depth3_leaf50_sub08_direct,plus_ndfd_metadata,38,skew_normal,prod_500_lr001_depth3_leaf50_sub08_direct,0.6,test,2.3247546025732797,1.4647319854202057,0.14092812543241004,1.5279884822067984,1.4331611026082791,347.0,353.0,348.0,1048.0
plus_ndfd_metadata__skew_normal__prod_500_lr001_depth3_leaf50_sub08_direct,plus_ndfd_metadata,38,skew_normal,prod_500_lr001_depth3_leaf50_sub08_direct,0.65,validation,2.4276845631991044,1.4644830220039096,0.14510768884091446,1.5514274255275453,1.537882650403541,328.0,342.0,333.0,1003.0
plus_ndfd_metadata__skew_normal__prod_500_lr001_depth3_leaf50_sub08_direct,plus_ndfd_metadata,38,skew_normal,prod_500_lr001_depth3_leaf50_sub08_direct,0.65,test,2.1753338503179793,1.3692071654033715,0.13599098012657213,1.6553208557240315,1.5525911944923023,328.0,342.0,333.0,1003.0
plus_ndfd_metadata__skew_normal__prod_500_lr001_depth3_leaf50_sub08_direct,plus_ndfd_metadata,38,skew_normal,prod_500_lr001_depth3_leaf50_sub08_direct,0.7,validation,2.2778041192991756,1.3761538862326685,0.14048300851848752,1.6707679967219713,1.656181315819198,310.0,322.0,315.0,947.0
plus_ndfd_metadata__skew_normal__prod_500_lr001_depth3_leaf50_sub08_direct,plus_ndfd_metadata,38,skew_normal,prod_500_lr001_depth3_leaf50_sub08_direct,0.7,test,2.0684225661804265,1.2968210985494444,0.13190659128008736,1.7826532292412647,1.6720212863763257,310.0,322.0,315.0,947.0
plus_ndfd_metadata__skew_normal__prod_500_lr001_depth3_leaf50_sub08_direct,plus_ndfd_metadata,38,skew_normal,prod_500_lr001_depth3_leaf50_sub08_direct,0.75,validation,2.166960771919355,1.3087986291504252,0.13656190082457145,1.7901085679163982,1.774479981234855,289.0,299.0,292.0,880.0
plus_ndfd_metadata__skew_normal__prod_500_lr001_depth3_leaf50_sub08_direct,plus_ndfd_metadata,38,skew_normal,prod_500_lr001_depth3_leaf50_sub08_direct,0.75,test,1.9924171426845838,1.2427252331814411,0.12857279784003126,1.909985602758498,1.7914513782603487,289.0,299.0,292.0,880.0
plus_ndfd_metadata__skew_normal__prod_500_lr001_depth3_leaf50_sub08_direct,plus_ndfd_metadata,38,skew_normal,prod_500_lr001_depth3_leaf50_sub08_direct,0.8,validation,2.085182807115619,1.2575209043153028,0.13327407115050427,1.9094491391108248,1.8927786466505123,268.0,274.0,268.0,810.0
plus_ndfd_metadata__skew_normal__prod_500_lr001_depth3_leaf50_sub08_direct,plus_ndfd_metadata,38,skew_normal,prod_500_lr001_depth3_leaf50_sub08_direct,0.8,test,1.9392976134357116,1.2026689526086425,0.1258990692179242,2.037317976275731,1.9108814701443722,268.0,274.0,268.0,810.0
plus_ndfd_metadata__skew_normal__prod_500_lr001_depth3_leaf50_sub08_direct,plus_ndfd_metadata,38,skew_normal,prod_500_lr001_depth3_leaf50_sub08_direct,0.85,validation,2.0253988892381907,1.2187564600592704,0.13055546030623694,2.0287897103052512,2.011077312066169,243.0,252.0,244.0,739.0
plus_ndfd_metadata__skew_normal__prod_500_lr001_depth3_leaf50_sub08_direct,plus_ndfd_metadata,38,skew_normal,prod_500_lr001_depth3_leaf50_sub08_direct,0.85,test,1.903387525336367,1.1735176543880321,0.12380515066583853,2.1646503497929643,2.0303115620283956,243.0,252.0,244.0,739.0
plus_ndfd_metadata__skew_normal__prod_500_lr001_depth3_leaf50_sub08_direct,plus_ndfd_metadata,38,skew_normal,prod_500_lr001_depth3_leaf50_sub08_direct,0.9,validation,1.9824888233661508,1.1898570096232524,0.12834742836279206,2.148130281499678,2.1293759774818266,212.0,224.0,208.0,644.0
plus_ndfd_metadata__skew_normal__prod_500_lr001_depth3_leaf50_sub08_direct,plus_ndfd_metadata,38,skew_normal,prod_500_lr001_depth3_leaf50_sub08_direct,0.9,test,1.880585424601346,1.1529403627518382,0.12221993018805773,2.2919827233101975,2.149741653912419,212.0,224.0,208.0,644.0
plus_ndfd_metadata__skew_normal__prod_500_lr001_depth3_leaf50_sub08_direct,plus_ndfd_metadata,38,skew_normal,prod_500_lr001_depth3_leaf50_sub08_direct,0.95,validation,1.9526768130303984,1.1688197125967767,0.1265962884525536,2.267470852694104,2.247674642897483,158.0,193.0,144.0,495.0
plus_ndfd_metadata__skew_normal__prod_500_lr001_depth3_leaf50_sub08_direct,plus_ndfd_metadata,38,skew_normal,prod_500_lr001_depth3_leaf50_sub08_direct,0.95,test,1.867874020937859,1.1391732641684624,0.12108042026082137,2.41931509682743,2.2691717457964415,158.0,193.0,144.0,495.0
plus_ndfd_metadata__skew_normal__prod_500_lr001_depth3_leaf50_sub08_direct,plus_ndfd_metadata,38,skew_normal,prod_500_lr001_depth3_leaf50_sub08_direct,1.0,validation,1.933133239795375,1.1541063352708902,0.12525297286798198,2.3868114238885303,2.3659733083131402,104.0,143.0,113.0,360.0
plus_ndfd_metadata__skew_normal__prod_500_lr001_depth3_leaf50_sub08_direct,plus_ndfd_metadata,38,skew_normal,prod_500_lr001_depth3_leaf50_sub08_direct,1.0,test,1.8629982750297893,1.1308613695516998,0.12033083624812665,2.5466474703446638,2.388601837680465,104.0,143.0,113.0,360.0
plus_ndfd_metadata__skew_normal__prod_500_lr001_depth3_leaf50_sub08_direct,plus_ndfd_metadata,38,skew_normal,prod_500_lr001_depth3_leaf50_sub08_direct,1.05,validation,1.921707096734404,1.1445193774079139,0.12427274289844445,2.5061519950829574,2.4842719737287973,80.0,107.0,88.0,275.0
plus_ndfd_metadata__skew_normal__prod_500_lr001_depth3_leaf50_sub08_direct,plus_ndfd_metadata,38,skew_normal,prod_500_lr001_depth3_leaf50_sub08_direct,1.05,test,1.8642492451684294,1.1269499056364678,0.11992177155365069,2.6739798438618974,2.5080319295644884,80.0,107.0,88.0,275.0
plus_ndfd_metadata__skew_normal__prod_500_lr001_depth3_leaf50_sub08_direct,plus_ndfd_metadata,38,skew_normal,prod_500_lr001_depth3_leaf50_sub08_direct,1.1,validation,1.9167423965464294,1.139115385827819,0.12361491078809053,2.625492566277384,2.6025706391444547,66.0,90.0,67.0,223.0
plus_ndfd_metadata__skew_normal__prod_500_lr001_depth3_leaf50_sub08_direct,plus_ndfd_metadata,38,skew_normal,prod_500_lr001_depth3_leaf50_sub08_direct,1.1,test,1.8703158593831144,1.126608216246908,0.1198094675164592,2.8013122173791305,2.627462021448512,66.0,90.0,67.0,223.0
plus_ndfd_metadata__skew_normal__prod_500_lr001_depth3_leaf50_sub08_direct,plus_ndfd_metadata,38,skew_normal,prod_500_lr001_depth3_leaf50_sub08_direct,1.15,validation,1.9169497949760814,1.1371431330823831,0.12324256541864079,2.74483313747181,2.720869304560111,68.0,71.0,57.0,196.0
plus_ndfd_metadata__skew_normal__prod_500_lr001_depth3_leaf50_sub08_direct,plus_ndfd_metadata,38,skew_normal,prod_500_lr001_depth3_leaf50_sub08_direct,1.15,test,1.8801813234085814,1.1291754230275546,0.11995517137248095,2.9286445908963636,2.746892113332535,68.0,71.0,57.0,196.0
plus_ndfd_metadata__skew_normal__prod_500_lr001_depth3_leaf50_sub08_direct,plus_ndfd_metadata,38,skew_normal,prod_500_lr001_depth3_leaf50_sub08_direct,1.2,validation,1.9213152723005493,1.1379987785737404,0.123122301752869,2.8641737086662364,2.8391679699757684,78.0,64.0,61.0,203.0
plus_ndfd_metadata__skew_normal__prod_500_lr001_depth3_leaf50_sub08_direct,plus_ndfd_metadata,38,skew_normal,prod_500_lr001_depth3_leaf50_sub08_direct,1.2,test,1.893049472327517,1.1341209587930792,0.12032457277359021,3.055976964413597,2.8663222052165582,78.0,64.0,61.0,203.0
plus_ndfd_metadata__skew_normal__prod_500_lr001_depth3_leaf50_sub08_direct,plus_ndfd_metadata,38,skew_normal,prod_500_lr001_depth3_leaf50_sub08_direct,1.25,validation,1.9290341542952762,1.1411928488615326,0.12322395645876796,2.9835142798606635,2.9574666353914254,98.0,70.0,77.0,245.0
plus_ndfd_metadata__skew_normal__prod_500_lr001_depth3_leaf50_sub08_direct,plus_ndfd_metadata,38,skew_normal,prod_500_lr001_depth3_leaf50_sub08_direct,1.25,test,1.9082915901169604,1.1410154595793676,0.12088730862760784,3.1833093379308295,2.985752297100581,98.0,70.0,77.0,245.0
plus_ndfd_metadata__skew_normal__prod_500_lr001_depth3_leaf50_sub08_direct,plus_ndfd_metadata,38,skew_normal,prod_500_lr001_depth3_leaf50_sub08_direct,1.3,validation,1.9394627571412648,1.1463255835868038,0.12352035228430532,3.1028548510550906,3.075765300807082,124.0,87.0,94.0,305.0
plus_ndfd_metadata__skew_normal__prod_500_lr001_depth3_leaf50_sub08_direct,plus_ndfd_metadata,38,skew_normal,prod_500_lr001_depth3_leaf50_sub08_direct,1.3,test,1.9254074614723635,1.149508995637989,0.12161652663760576,3.310641711448063,3.1051823889846046,124.0,87.0,94.0,305.0
plus_ndfd_metadata__skew_normal__prod_500_lr001_depth3_leaf50_sub08_direct,plus_ndfd_metadata,38,skew_normal,prod_500_lr001_depth3_leaf50_sub08_direct,1.4,validation,1.966472838583178,1.161149100328027,0.12460213192074562,3.3415359934439426,3.312362631638396,184.0,116.0,127.0,427.0
plus_ndfd_metadata__skew_normal__prod_500_lr001_depth3_leaf50_sub08_direct,plus_ndfd_metadata,38,skew_normal,prod_500_lr001_depth3_leaf50_sub08_direct,1.4,test,1.9637359375066046,1.1701955524869052,0.12348228024966823,3.5653064584825294,3.3440425727526515,184.0,116.0,127.0,427.0
plus_ndfd_metadata__skew_normal__prod_500_lr001_depth3_leaf50_sub08_direct,plus_ndfd_metadata,38,skew_normal,prod_500_lr001_depth3_leaf50_sub08_direct,1.5,validation,1.9992557542194855,1.1804578024561287,0.12620095279805452,3.5802171358327963,3.54895996246971,225.0,182.0,183.0,590.0
plus_ndfd_metadata__skew_normal__prod_500_lr001_depth3_leaf50_sub08_direct,plus_ndfd_metadata,38,skew_normal,prod_500_lr001_depth3_leaf50_sub08_direct,1.5,test,2.005670050541479,1.1944319564906325,0.1257635938135606,3.819971205516996,3.5829027565206975,225.0,182.0,183.0,590.0
curated_weather_plus__skew_normal__prod_500_lr001_depth3_leaf50_sub08_direct,curated_weather_plus,46,skew_normal,prod_500_lr001_depth3_leaf50_sub08_direct,0.6,validation,2.6930880001183524,1.615776241251319,0.1521117274773663,1.4207076881809695,1.4085670473277307,350.0,355.0,350.0,1055.0
curated_weather_plus__skew_normal__prod_500_lr001_depth3_leaf50_sub08_direct,curated_weather_plus,46,skew_normal,prod_500_lr001_depth3_leaf50_sub08_direct,0.6,test,2.365020217978153,1.4971384014577644,0.14275993937129944,1.5049335352429662,1.4272241075174148,350.0,355.0,350.0,1055.0
curated_weather_plus__skew_normal__prod_500_lr001_depth3_leaf50_sub08_direct,curated_weather_plus,46,skew_normal,prod_500_lr001_depth3_leaf50_sub08_direct,0.65,validation,2.4787902992893174,1.4939622395505634,0.14656906965071148,1.5390999955293836,1.5259476346050418,332.0,345.0,335.0,1012.0
curated_weather_plus__skew_normal__prod_500_lr001_depth3_leaf50_sub08_direct,curated_weather_plus,46,skew_normal,prod_500_lr001_depth3_leaf50_sub08_direct,0.65,test,2.2062977067607075,1.395495165608423,0.13769631916242125,1.6303446631798801,1.5461594498105329,332.0,345.0,335.0,1012.0
curated_weather_plus__skew_normal__prod_500_lr001_depth3_leaf50_sub08_direct,curated_weather_plus,46,skew_normal,prod_500_lr001_depth3_leaf50_sub08_direct,0.7,validation,2.320179666240668,1.4010922167053037,0.14181194849425832,1.6574923028777975,1.6433282218823526,314.0,326.0,317.0,957.0
curated_weather_plus__skew_normal__prod_500_lr001_depth3_leaf50_sub08_direct,curated_weather_plus,46,skew_normal,prod_500_lr001_depth3_leaf50_sub08_direct,0.7,test,2.0919630970788243,1.3186914736695092,0.13346618008748057,1.7557557911167938,1.6650947921036505,314.0,326.0,317.0,957.0
curated_weather_plus__skew_normal__prod_500_lr001_depth3_leaf50_sub08_direct,curated_weather_plus,46,skew_normal,prod_500_lr001_depth3_leaf50_sub08_direct,0.75,validation,2.2022759858787944,1.3300081010505451,0.13776354436862853,1.7758846102262116,1.7607088091596637,296.0,305.0,298.0,899.0
curated_weather_plus__skew_normal__prod_500_lr001_depth3_leaf50_sub08_direct,curated_weather_plus,46,skew_normal,prod_500_lr001_depth3_leaf50_sub08_direct,0.75,test,2.0099347773645375,1.2607375445011149,0.12997481776491632,1.8811669190537077,1.7840301343967686,296.0,305.0,298.0,899.0
curated_weather_plus__skew_normal__prod_500_lr001_depth3_leaf50_sub08_direct,curated_weather_plus,46,skew_normal,prod_500_lr001_depth3_leaf50_sub08_direct,0.8,validation,2.114704930164209,1.275623335326953,0.13435470830218624,1.894276917574626,1.8780893964369747,273.0,283.0,275.0,831.0
curated_weather_plus__skew_normal__prod_500_lr001_depth3_leaf50_sub08_direct,curated_weather_plus,46,skew_normal,prod_500_lr001_depth3_leaf50_sub08_direct,0.8,test,1.951859184253429,1.2173012475653744,0.1271375607696099,2.0065780469906214,1.9029654766898867,273.0,283.0,275.0,831.0
curated_weather_plus__skew_normal__prod_500_lr001_depth3_leaf50_sub08_direct,curated_weather_plus,46,skew_normal,prod_500_lr001_depth3_leaf50_sub08_direct,0.85,validation,2.0501075615058273,1.2342361792593992,0.13152197568882798,2.01266922492304,1.9954699837142855,252.0,260.0,254.0,766.0
curated_weather_plus__skew_normal__prod_500_lr001_depth3_leaf50_sub08_direct,curated_weather_plus,46,skew_normal,prod_500_lr001_depth3_leaf50_sub08_direct,0.85,test,1.9118210276792882,1.1852506624042745,0.12487834462455143,2.1319891749275355,2.0219008189830046,252.0,260.0,254.0,766.0
curated_weather_plus__skew_normal__prod_500_lr001_depth3_leaf50_sub08_direct,curated_weather_plus,46,skew_normal,prod_500_lr001_depth3_leaf50_sub08_direct,0.9,validation,2.003153781687316,1.2030971877854633,0.12920676687752328,2.131061532271454,2.112850570991596,229.0,235.0,228.0,692.0
curated_weather_plus__skew_normal__prod_500_lr001_depth3_leaf50_sub08_direct,curated_weather_plus,46,skew_normal,prod_500_lr001_depth3_leaf50_sub08_direct,0.9,test,1.8855440151175236,1.162160584353468,0.12312890382447672,2.257400302864449,2.1408361612761224,229.0,235.0,228.0,692.0
curated_weather_plus__skew_normal__prod_500_lr001_depth3_leaf50_sub08_direct,curated_weather_plus,46,skew_normal,prod_500_lr001_depth3_leaf50_sub08_direct,0.95,validation,1.9699116431248176,1.180127897060773,0.12735508781184496,2.249453839619868,2.230231158268907,193.0,207.0,182.0,582.0
curated_weather_plus__skew_normal__prod_500_lr001_depth3_leaf50_sub08_direct,curated_weather_plus,46,skew_normal,prod_500_lr001_depth3_leaf50_sub08_direct,0.95,test,1.8698803433079956,1.146195804881937,0.12182815691828856,2.382811430801363,2.2597715035692403,193.0,207.0,182.0,582.0
curated_weather_plus__skew_normal__prod_500_lr001_depth3_leaf50_sub08_direct,curated_weather_plus,46,skew_normal,prod_500_lr001_depth3_leaf50_sub08_direct,1.0,validation,1.9474333573752765,1.1637326972174729,0.12591737958497437,2.367846146968282,2.347611745546218,143.0,167.0,135.0,445.0
curated_weather_plus__skew_normal__prod_500_lr001_depth3_leaf50_sub08_direct,curated_weather_plus,46,skew_normal,prod_500_lr001_depth3_leaf50_sub08_direct,1.0,test,1.86247584770892,1.1359464242360342,0.12092162125678325,2.508222558738277,2.378706845862358,143.0,167.0,135.0,445.0
curated_weather_plus__skew_normal__prod_500_lr001_depth3_leaf50_sub08_direct,curated_weather_plus,46,skew_normal,prod_500_lr001_depth3_leaf50_sub08_direct,1.05,validation,1.9334771020446224,1.1526699429767924,0.12484836857086826,2.4862384543166964,2.4649923328235293,106.0,126.0,109.0,341.0
curated_weather_plus__skew_normal__prod_500_lr001_depth3_leaf50_sub08_direct,curated_weather_plus,46,skew_normal,prod_500_lr001_depth3_leaf50_sub08_direct,1.05,test,1.8615451279160526,1.1303148626389374,0.12036081995490164,2.633633686675191,2.497642188155476,106.0,126.0,109.0,341.0
curated_weather_plus__skew_normal__prod_500_lr001_depth3_leaf50_sub08_direct,curated_weather_plus,46,skew_normal,prod_500_lr001_depth3_leaf50_sub08_direct,1.1,validation,1.9263161205270647,1.1459617592199887,0.12410687318453577,2.6046307616651108,2.5823729201008403,93.0,102.0,92.0,287.0
curated_weather_plus__skew_normal__prod_500_lr001_depth3_leaf50_sub08_direct,curated_weather_plus,46,skew_normal,prod_500_lr001_depth3_leaf50_sub08_direct,1.1,test,1.865717312141921,1.1284366701845148,0.12010269134900327,2.7590448146121047,2.616577530448594,93.0,102.0,92.0,287.0
curated_weather_plus__skew_normal__prod_500_lr001_depth3_leaf50_sub08_direct,curated_weather_plus,46,skew_normal,prod_500_lr001_depth3_leaf50_sub08_direct,1.15,validation,1.9246052243895742,1.1428297328592927,0.12365556832095818,2.723023069013524,2.6997535073781505,87.0,91.0,82.0,260.0
curated_weather_plus__skew_normal__prod_500_lr001_depth3_leaf50_sub08_direct,curated_weather_plus,46,skew_normal,prod_500_lr001_depth3_leaf50_sub08_direct,1.15,test,1.8739282462740154,1.1296239663736962,0.12010902137744144,2.8844559425490184,2.7355128727417117,87.0,91.0,82.0,260.0
curated_weather_plus__skew_normal__prod_500_lr001_depth3_leaf50_sub08_direct,curated_weather_plus,46,skew_normal,prod_500_lr001_depth3_leaf50_sub08_direct,1.2,validation,1.927285824255764,1.1426482896504457,0.1234607227640642,2.841415376361939,2.8171340946554615,97.0,83.0,81.0,261.0
curated_weather_plus__skew_normal__prod_500_lr001_depth3_leaf50_sub08_direct,curated_weather_plus,46,skew_normal,prod_500_lr001_depth3_leaf50_sub08_direct,1.2,test,1.885343830900415,1.1333243552431072,0.12034591506871913,3.0098670704859325,2.8544482150348296,97.0,83.0,81.0,261.0
curated_weather_plus__skew_normal__prod_500_lr001_depth3_leaf50_sub08_direct,curated_weather_plus,46,skew_normal,prod_500_lr001_depth3_leaf50_sub08_direct,1.25,validation,1.9335173066004279,1.1449103797980245,0.12349192561640236,2.959807683710353,2.9345146819327725,108.0,85.0,89.0,282.0
curated_weather_plus__skew_normal__prod_500_lr001_depth3_leaf50_sub08_direct,curated_weather_plus,46,skew_normal,prod_500_lr001_depth3_leaf50_sub08_direct,1.25,test,1.8993046523515142,1.139090625675751,0.12078331585288973,3.135278198422846,2.9733835573279475,108.0,85.0,89.0,282.0
curated_weather_plus__skew_normal__prod_500_lr001_depth3_leaf50_sub08_direct,curated_weather_plus,46,skew_normal,prod_500_lr001_depth3_leaf50_sub08_direct,1.3,validation,1.9426267349650195,1.1492018742540175,0.12372181405038603,3.078199991058767,3.0518952692100836,131.0,92.0,103.0,326.0
curated_weather_plus__skew_normal__prod_500_lr001_depth3_leaf50_sub08_direct,curated_weather_plus,46,skew_normal,prod_500_lr001_depth3_leaf50_sub08_direct,1.3,test,1.9152854223305424,1.1465580968915885,0.12139457507160323,3.2606893263597603,3.0923188996210658,131.0,92.0,103.0,326.0
curated_weather_plus__skew_normal__prod_500_lr001_depth3_leaf50_sub08_direct,curated_weather_plus,46,skew_normal,prod_500_lr001_depth3_leaf50_sub08_direct,1.4,validation,1.9674112304821783,1.162569646437097,0.12468187319579896,3.314984605755595,3.2866564437647052,186.0,120.0,130.0,436.0
curated_weather_plus__skew_normal__prod_500_lr001_depth3_leaf50_sub08_direct,curated_weather_plus,46,skew_normal,prod_500_lr001_depth3_leaf50_sub08_direct,1.4,test,1.9517031818795245,1.1654516806201287,0.12304686578834219,3.5115115822335876,3.330189584207301,186.0,120.0,130.0,436.0
curated_weather_plus__skew_normal__prod_500_lr001_depth3_leaf50_sub08_direct,curated_weather_plus,46,skew_normal,prod_500_lr001_depth3_leaf50_sub08_direct,1.5,validation,1.9984023589218294,1.1806665729233605,0.1261733332471223,3.551769220452423,3.5214176183193273,224.0,180.0,186.0,590.0
curated_weather_plus__skew_normal__prod_500_lr001_depth3_leaf50_sub08_direct,curated_weather_plus,46,skew_normal,prod_500_lr001_depth3_leaf50_sub08_direct,1.5,test,1.9921051432958723,1.188178882032701,0.12514431018221064,3.7623338381074154,3.568060268793537,224.0,180.0,186.0,590.0
