fetched_at,ticker,outcome_side,quote_type,price_dollars,size_contracts,level,cumulative_size,source_book_side,event_ticker,close_time,market_status,eligible
2026-08-22T16:58:01.435712+00:00,KXHIGHNY-26AUG23-T87,YES,bid,0.01,531.1,1,531.1,yes_dollars,KXHIGHNY-26AUG23,2026-08-24T05:00:00Z,active,True
2026-08-22T16:58:01.435712+00:00,KXHIGHNY-26AUG23-T87,NO,ask,0.99,531.1,1,531.1,yes_dollars,KXHIGHNY-26AUG23,2026-08-24T05:00:00Z,active,True
2026-08-22T16:58:01.435712+00:00,KXHIGHNY-26AUG23-T87,NO,bid,0.98,36.0,1,36.0,no_dollars,KXHIGHNY-26AUG23,2026-08-24T05:00:00Z,active,True
2026-08-22T16:58:01.435712+00:00,KXHIGHNY-26AUG23-T87,NO,bid,0.97,493.0,2,529.0,no_dollars,KXHIGHNY-26AUG23,2026-08-24T05:00:00Z,active,True
2026-08-22T16:58:01.435712+00:00,KXHIGHNY-26AUG23-T87,NO,bid,0.96,145.0,3,674.0,no_dollars,KXHIGHNY-26AUG23,2026-08-24T05:00:00Z,active,True
2026-08-22T16:58:01.435712+00:00,KXHIGHNY-26AUG23-T87,NO,bid,0.95,263.0,4,937.0,no_dollars,KXHIGHNY-26AUG23,2026-08-24T05:00:00Z,active,True
2026-08-22T16:58:01.435712+00:00,KXHIGHNY-26AUG23-T87,NO,bid,0.94,250.0,5,1187.0,no_dollars,KXHIGHNY-26AUG23,2026-08-24T05:00:00Z,active,True
2026-08-22T16:58:01.435712+00:00,KXHIGHNY-26AUG23-T87,NO,bid,0.93,3.0,6,1190.0,no_dollars,KXHIGHNY-26AUG23,2026-08-24T05:00:00Z,active,True
2026-08-22T16:58:01.435712+00:00,KXHIGHNY-26AUG23-T87,NO,bid,0.92,5.0,7,1195.0,no_dollars,KXHIGHNY-26AUG23,2026-08-24T05:00:00Z,active,True
2026-08-22T16:58:01.435712+00:00,KXHIGHNY-26AUG23-T87,NO,bid,0.91,18.0,8,1213.0,no_dollars,KXHIGHNY-26AUG23,2026-08-24T05:00:00Z,active,True
2026-08-22T16:58:01.435712+00:00,KXHIGHNY-26AUG23-T87,NO,bid,0.9,7.0,9,1220.0,no_dollars,KXHIGHNY-26AUG23,2026-08-24T05:00:00Z,active,True
2026-08-22T16:58:01.435712+00:00,KXHIGHNY-26AUG23-T87,NO,bid,0.89,34.0,10,1254.0,no_dollars,KXHIGHNY-26AUG23,2026-08-24T05:00:00Z,active,True
2026-08-22T16:58:01.435712+00:00,KXHIGHNY-26AUG23-T87,NO,bid,0.88,46.0,11,1300.0,no_dollars,KXHIGHNY-26AUG23,2026-08-24T05:00:00Z,active,True
2026-08-22T16:58:01.435712+00:00,KXHIGHNY-26AUG23-T87,NO,bid,0.87,54.0,12,1354.0,no_dollars,KXHIGHNY-26AUG23,2026-08-24T05:00:00Z,active,True
2026-08-22T16:58:01.435712+00:00,KXHIGHNY-26AUG23-T87,NO,bid,0.86,18.0,13,1372.0,no_dollars,KXHIGHNY-26AUG23,2026-08-24T05:00:00Z,active,True
2026-08-22T16:58:01.435712+00:00,KXHIGHNY-26AUG23-T87,NO,bid,0.85,41.0,14,1413.0,no_dollars,KXHIGHNY-26AUG23,2026-08-24T05:00:00Z,active,True
2026-08-22T16:58:01.435712+00:00,KXHIGHNY-26AUG23-T87,NO,bid,0.84,62.0,15,1475.0,no_dollars,KXHIGHNY-26AUG23,2026-08-24T05:00:00Z,active,True
2026-08-22T16:58:01.435712+00:00,KXHIGHNY-26AUG23-T87,NO,bid,0.83,36.0,16,1511.0,no_dollars,KXHIGHNY-26AUG23,2026-08-24T05:00:00Z,active,True
2026-08-22T16:58:01.435712+00:00,KXHIGHNY-26AUG23-T87,NO,bid,0.81,159.0,17,1670.0,no_dollars,KXHIGHNY-26AUG23,2026-08-24T05:00:00Z,active,True
2026-08-22T16:58:01.435712+00:00,KXHIGHNY-26AUG23-T87,NO,bid,0.8,36.0,18,1706.0,no_dollars,KXHIGHNY-26AUG23,2026-08-24T05:00:00Z,active,True
2026-08-22T16:58:01.435712+00:00,KXHIGHNY-26AUG23-T87,NO,bid,0.79,26.0,19,1732.0,no_dollars,KXHIGHNY-26AUG23,2026-08-24T05:00:00Z,active,True
2026-08-22T16:58:01.435712+00:00,KXHIGHNY-26AUG23-T87,NO,bid,0.78,40.0,20,1772.0,no_dollars,KXHIGHNY-26AUG23,2026-08-24T05:00:00Z,active,True
2026-08-22T16:58:01.435712+00:00,KXHIGHNY-26AUG23-T87,YES,ask,0.02,36.0,1,36.0,no_dollars,KXHIGHNY-26AUG23,2026-08-24T05:00:00Z,active,True
2026-08-22T16:58:01.435712+00:00,KXHIGHNY-26AUG23-T87,YES,ask,0.03,493.0,2,529.0,no_dollars,KXHIGHNY-26AUG23,2026-08-24T05:00:00Z,active,True
2026-08-22T16:58:01.435712+00:00,KXHIGHNY-26AUG23-T87,YES,ask,0.04,145.0,3,674.0,no_dollars,KXHIGHNY-26AUG23,2026-08-24T05:00:00Z,active,True
2026-08-22T16:58:01.435712+00:00,KXHIGHNY-26AUG23-T87,YES,ask,0.05,263.0,4,937.0,no_dollars,KXHIGHNY-26AUG23,2026-08-24T05:00:00Z,active,True
2026-08-22T16:58:01.435712+00:00,KXHIGHNY-26AUG23-T87,YES,ask,0.06,250.0,5,1187.0,no_dollars,KXHIGHNY-26AUG23,2026-08-24T05:00:00Z,active,True
2026-08-22T16:58:01.435712+00:00,KXHIGHNY-26AUG23-T87,YES,ask,0.07,3.0,6,1190.0,no_dollars,KXHIGHNY-26AUG23,2026-08-24T05:00:00Z,active,True
2026-08-22T16:58:01.435712+00:00,KXHIGHNY-26AUG23-T87,YES,ask,0.08,5.0,7,1195.0,no_dollars,KXHIGHNY-26AUG23,2026-08-24T05:00:00Z,active,True
2026-08-22T16:58:01.435712+00:00,KXHIGHNY-26AUG23-T87,YES,ask,0.09,18.0,8,1213.0,no_dollars,KXHIGHNY-26AUG23,2026-08-24T05:00:00Z,active,True
2026-08-22T16:58:01.435712+00:00,KXHIGHNY-26AUG23-T87,YES,ask,0.1,7.0,9,1220.0,no_dollars,KXHIGHNY-26AUG23,2026-08-24T05:00:00Z,active,True
2026-08-22T16:58:01.435712+00:00,KXHIGHNY-26AUG23-T87,YES,ask,0.11,34.0,10,1254.0,no_dollars,KXHIGHNY-26AUG23,2026-08-24T05:00:00Z,active,True
2026-08-22T16:58:01.435712+00:00,KXHIGHNY-26AUG23-T87,YES,ask,0.12,46.0,11,1300.0,no_dollars,KXHIGHNY-26AUG23,2026-08-24T05:00:00Z,active,True
2026-08-22T16:58:01.435712+00:00,KXHIGHNY-26AUG23-T87,YES,ask,0.13,54.0,12,1354.0,no_dollars,KXHIGHNY-26AUG23,2026-08-24T05:00:00Z,active,True
2026-08-22T16:58:01.435712+00:00,KXHIGHNY-26AUG23-T87,YES,ask,0.14,18.0,13,1372.0,no_dollars,KXHIGHNY-26AUG23,2026-08-24T05:00:00Z,active,True
2026-08-22T16:58:01.435712+00:00,KXHIGHNY-26AUG23-T87,YES,ask,0.15,41.0,14,1413.0,no_dollars,KXHIGHNY-26AUG23,2026-08-24T05:00:00Z,active,True
2026-08-22T16:58:01.435712+00:00,KXHIGHNY-26AUG23-T87,YES,ask,0.16,62.0,15,1475.0,no_dollars,KXHIGHNY-26AUG23,2026-08-24T05:00:00Z,active,True
2026-08-22T16:58:01.435712+00:00,KXHIGHNY-26AUG23-T87,YES,ask,0.17,36.0,16,1511.0,no_dollars,KXHIGHNY-26AUG23,2026-08-24T05:00:00Z,active,True
2026-08-22T16:58:01.435712+00:00,KXHIGHNY-26AUG23-T87,YES,ask,0.19,159.0,17,1670.0,no_dollars,KXHIGHNY-26AUG23,2026-08-24T05:00:00Z,active,True
2026-08-22T16:58:01.435712+00:00,KXHIGHNY-26AUG23-T87,YES,ask,0.2,36.0,18,1706.0,no_dollars,KXHIGHNY-26AUG23,2026-08-24T05:00:00Z,active,True
2026-08-22T16:58:01.435712+00:00,KXHIGHNY-26AUG23-T87,YES,ask,0.21,26.0,19,1732.0,no_dollars,KXHIGHNY-26AUG23,2026-08-24T05:00:00Z,active,True
2026-08-22T16:58:01.435712+00:00,KXHIGHNY-26AUG23-T87,YES,ask,0.22,40.0,20,1772.0,no_dollars,KXHIGHNY-26AUG23,2026-08-24T05:00:00Z,active,True
2026-08-22T16:58:01.435712+00:00,KXHIGHNY-26AUG23-T80,YES,bid,0.18,31.0,1,31.0,yes_dollars,KXHIGHNY-26AUG23,2026-08-24T05:00:00Z,active,True
2026-08-22T16:58:01.435712+00:00,KXHIGHNY-26AUG23-T80,YES,bid,0.17,37.0,2,68.0,yes_dollars,KXHIGHNY-26AUG23,2026-08-24T05:00:00Z,active,True
2026-08-22T16:58:01.435712+00:00,KXHIGHNY-26AUG23-T80,YES,bid,0.16,46.0,3,114.0,yes_dollars,KXHIGHNY-26AUG23,2026-08-24T05:00:00Z,active,True
2026-08-22T16:58:01.435712+00:00,KXHIGHNY-26AUG23-T80,YES,bid,0.15,43.0,4,157.0,yes_dollars,KXHIGHNY-26AUG23,2026-08-24T05:00:00Z,active,True
2026-08-22T16:58:01.435712+00:00,KXHIGHNY-26AUG23-T80,YES,bid,0.14,301.0,5,458.0,yes_dollars,KXHIGHNY-26AUG23,2026-08-24T05:00:00Z,active,True
2026-08-22T16:58:01.435712+00:00,KXHIGHNY-26AUG23-T80,YES,bid,0.13,120.0,6,578.0,yes_dollars,KXHIGHNY-26AUG23,2026-08-24T05:00:00Z,active,True
2026-08-22T16:58:01.435712+00:00,KXHIGHNY-26AUG23-T80,YES,bid,0.11,1.0,7,579.0,yes_dollars,KXHIGHNY-26AUG23,2026-08-24T05:00:00Z,active,True
2026-08-22T16:58:01.435712+00:00,KXHIGHNY-26AUG23-T80,YES,bid,0.1,100.0,8,679.0,yes_dollars,KXHIGHNY-26AUG23,2026-08-24T05:00:00Z,active,True
2026-08-22T16:58:01.435712+00:00,KXHIGHNY-26AUG23-T80,YES,bid,0.07,138.0,9,817.0,yes_dollars,KXHIGHNY-26AUG23,2026-08-24T05:00:00Z,active,True
2026-08-22T16:58:01.435712+00:00,KXHIGHNY-26AUG23-T80,YES,bid,0.06,414.0,10,1231.0,yes_dollars,KXHIGHNY-26AUG23,2026-08-24T05:00:00Z,active,True
2026-08-22T16:58:01.435712+00:00,KXHIGHNY-26AUG23-T80,YES,bid,0.05,430.0,11,1661.0,yes_dollars,KXHIGHNY-26AUG23,2026-08-24T05:00:00Z,active,True
2026-08-22T16:58:01.435712+00:00,KXHIGHNY-26AUG23-T80,YES,bid,0.04,451.0,12,2112.0,yes_dollars,KXHIGHNY-26AUG23,2026-08-24T05:00:00Z,active,True
2026-08-22T16:58:01.435712+00:00,KXHIGHNY-26AUG23-T80,YES,bid,0.03,19.0,13,2131.0,yes_dollars,KXHIGHNY-26AUG23,2026-08-24T05:00:00Z,active,True
2026-08-22T16:58:01.435712+00:00,KXHIGHNY-26AUG23-T80,YES,bid,0.02,184.0,14,2315.0,yes_dollars,KXHIGHNY-26AUG23,2026-08-24T05:00:00Z,active,True
2026-08-22T16:58:01.435712+00:00,KXHIGHNY-26AUG23-T80,YES,bid,0.01,1313.0,15,3628.0,yes_dollars,KXHIGHNY-26AUG23,2026-08-24T05:00:00Z,active,True
2026-08-22T16:58:01.435712+00:00,KXHIGHNY-26AUG23-T80,NO,ask,0.82,31.0,1,31.0,yes_dollars,KXHIGHNY-26AUG23,2026-08-24T05:00:00Z,active,True
2026-08-22T16:58:01.435712+00:00,KXHIGHNY-26AUG23-T80,NO,ask,0.83,37.0,2,68.0,yes_dollars,KXHIGHNY-26AUG23,2026-08-24T05:00:00Z,active,True
2026-08-22T16:58:01.435712+00:00,KXHIGHNY-26AUG23-T80,NO,ask,0.84,46.0,3,114.0,yes_dollars,KXHIGHNY-26AUG23,2026-08-24T05:00:00Z,active,True
2026-08-22T16:58:01.435712+00:00,KXHIGHNY-26AUG23-T80,NO,ask,0.85,43.0,4,157.0,yes_dollars,KXHIGHNY-26AUG23,2026-08-24T05:00:00Z,active,True
2026-08-22T16:58:01.435712+00:00,KXHIGHNY-26AUG23-T80,NO,ask,0.86,301.0,5,458.0,yes_dollars,KXHIGHNY-26AUG23,2026-08-24T05:00:00Z,active,True
2026-08-22T16:58:01.435712+00:00,KXHIGHNY-26AUG23-T80,NO,ask,0.87,120.0,6,578.0,yes_dollars,KXHIGHNY-26AUG23,2026-08-24T05:00:00Z,active,True
2026-08-22T16:58:01.435712+00:00,KXHIGHNY-26AUG23-T80,NO,ask,0.89,1.0,7,579.0,yes_dollars,KXHIGHNY-26AUG23,2026-08-24T05:00:00Z,active,True
2026-08-22T16:58:01.435712+00:00,KXHIGHNY-26AUG23-T80,NO,ask,0.9,100.0,8,679.0,yes_dollars,KXHIGHNY-26AUG23,2026-08-24T05:00:00Z,active,True
2026-08-22T16:58:01.435712+00:00,KXHIGHNY-26AUG23-T80,NO,ask,0.93,138.0,9,817.0,yes_dollars,KXHIGHNY-26AUG23,2026-08-24T05:00:00Z,active,True
2026-08-22T16:58:01.435712+00:00,KXHIGHNY-26AUG23-T80,NO,ask,0.94,414.0,10,1231.0,yes_dollars,KXHIGHNY-26AUG23,2026-08-24T05:00:00Z,active,True
2026-08-22T16:58:01.435712+00:00,KXHIGHNY-26AUG23-T80,NO,ask,0.95,430.0,11,1661.0,yes_dollars,KXHIGHNY-26AUG23,2026-08-24T05:00:00Z,active,True
2026-08-22T16:58:01.435712+00:00,KXHIGHNY-26AUG23-T80,NO,ask,0.96,451.0,12,2112.0,yes_dollars,KXHIGHNY-26AUG23,2026-08-24T05:00:00Z,active,True
2026-08-22T16:58:01.435712+00:00,KXHIGHNY-26AUG23-T80,NO,ask,0.97,19.0,13,2131.0,yes_dollars,KXHIGHNY-26AUG23,2026-08-24T05:00:00Z,active,True
2026-08-22T16:58:01.435712+00:00,KXHIGHNY-26AUG23-T80,NO,ask,0.98,184.0,14,2315.0,yes_dollars,KXHIGHNY-26AUG23,2026-08-24T05:00:00Z,active,True
2026-08-22T16:58:01.435712+00:00,KXHIGHNY-26AUG23-T80,NO,ask,0.99,1313.0,15,3628.0,yes_dollars,KXHIGHNY-26AUG23,2026-08-24T05:00:00Z,active,True
2026-08-22T16:58:01.435712+00:00,KXHIGHNY-26AUG23-T80,NO,bid,0.81,65.36,1,65.36,no_dollars,KXHIGHNY-26AUG23,2026-08-24T05:00:00Z,active,True
2026-08-22T16:58:01.435712+00:00,KXHIGHNY-26AUG23-T80,NO,bid,0.8,58.0,2,123.36,no_dollars,KXHIGHNY-26AUG23,2026-08-24T05:00:00Z,active,True
2026-08-22T16:58:01.435712+00:00,KXHIGHNY-26AUG23-T80,NO,bid,0.79,26.0,3,149.36,no_dollars,KXHIGHNY-26AUG23,2026-08-24T05:00:00Z,active,True
2026-08-22T16:58:01.435712+00:00,KXHIGHNY-26AUG23-T80,NO,bid,0.78,361.64,4,511.0,no_dollars,KXHIGHNY-26AUG23,2026-08-24T05:00:00Z,active,True
2026-08-22T16:58:01.435712+00:00,KXHIGHNY-26AUG23-T80,NO,bid,0.77,151.0,5,662.0,no_dollars,KXHIGHNY-26AUG23,2026-08-24T05:00:00Z,active,True
2026-08-22T16:58:01.435712+00:00,KXHIGHNY-26AUG23-T80,NO,bid,0.76,36.0,6,698.0,no_dollars,KXHIGHNY-26AUG23,2026-08-24T05:00:00Z,active,True
2026-08-22T16:58:01.435712+00:00,KXHIGHNY-26AUG23-T80,NO,bid,0.73,23.0,7,721.0,no_dollars,KXHIGHNY-26AUG23,2026-08-24T05:00:00Z,active,True
2026-08-22T16:58:01.435712+00:00,KXHIGHNY-26AUG23-T80,NO,bid,0.72,18.0,8,739.0,no_dollars,KXHIGHNY-26AUG23,2026-08-24T05:00:00Z,active,True
2026-08-22T16:58:01.435712+00:00,KXHIGHNY-26AUG23-T80,NO,bid,0.71,230.0,9,969.0,no_dollars,KXHIGHNY-26AUG23,2026-08-24T05:00:00Z,active,True
2026-08-22T16:58:01.435712+00:00,KXHIGHNY-26AUG23-T80,NO,bid,0.7,78.0,10,1047.0,no_dollars,KXHIGHNY-26AUG23,2026-08-24T05:00:00Z,active,True
2026-08-22T16:58:01.435712+00:00,KXHIGHNY-26AUG23-T80,NO,bid,0.68,4.0,11,1051.0,no_dollars,KXHIGHNY-26AUG23,2026-08-24T05:00:00Z,active,True
2026-08-22T16:58:01.435712+00:00,KXHIGHNY-26AUG23-T80,NO,bid,0.66,17.0,12,1068.0,no_dollars,KXHIGHNY-26AUG23,2026-08-24T05:00:00Z,active,True
2026-08-22T16:58:01.435712+00:00,KXHIGHNY-26AUG23-T80,NO,bid,0.65,29.0,13,1097.0,no_dollars,KXHIGHNY-26AUG23,2026-08-24T05:00:00Z,active,True
2026-08-22T16:58:01.435712+00:00,KXHIGHNY-26AUG23-T80,NO,bid,0.64,42.0,14,1139.0,no_dollars,KXHIGHNY-26AUG23,2026-08-24T05:00:00Z,active,True
2026-08-22T16:58:01.435712+00:00,KXHIGHNY-26AUG23-T80,NO,bid,0.62,26.0,15,1165.0,no_dollars,KXHIGHNY-26AUG23,2026-08-24T05:00:00Z,active,True
2026-08-22T16:58:01.435712+00:00,KXHIGHNY-26AUG23-T80,NO,bid,0.61,39.0,16,1204.0,no_dollars,KXHIGHNY-26AUG23,2026-08-24T05:00:00Z,active,True
2026-08-22T16:58:01.435712+00:00,KXHIGHNY-26AUG23-T80,NO,bid,0.6,50.0,17,1254.0,no_dollars,KXHIGHNY-26AUG23,2026-08-24T05:00:00Z,active,True
2026-08-22T16:58:01.435712+00:00,KXHIGHNY-26AUG23-T80,NO,bid,0.56,21.0,18,1275.0,no_dollars,KXHIGHNY-26AUG23,2026-08-24T05:00:00Z,active,True
2026-08-22T16:58:01.435712+00:00,KXHIGHNY-26AUG23-T80,NO,bid,0.52,1.0,19,1276.0,no_dollars,KXHIGHNY-26AUG23,2026-08-24T05:00:00Z,active,True
2026-08-22T16:58:01.435712+00:00,KXHIGHNY-26AUG23-T80,NO,bid,0.51,30.0,20,1306.0,no_dollars,KXHIGHNY-26AUG23,2026-08-24T05:00:00Z,active,True
2026-08-22T16:58:01.435712+00:00,KXHIGHNY-26AUG23-T80,YES,ask,0.19,65.36,1,65.36,no_dollars,KXHIGHNY-26AUG23,2026-08-24T05:00:00Z,active,True
2026-08-22T16:58:01.435712+00:00,KXHIGHNY-26AUG23-T80,YES,ask,0.2,58.0,2,123.36,no_dollars,KXHIGHNY-26AUG23,2026-08-24T05:00:00Z,active,True
2026-08-22T16:58:01.435712+00:00,KXHIGHNY-26AUG23-T80,YES,ask,0.21,26.0,3,149.36,no_dollars,KXHIGHNY-26AUG23,2026-08-24T05:00:00Z,active,True
2026-08-22T16:58:01.435712+00:00,KXHIGHNY-26AUG23-T80,YES,ask,0.22,361.64,4,511.0,no_dollars,KXHIGHNY-26AUG23,2026-08-24T05:00:00Z,active,True
2026-08-22T16:58:01.435712+00:00,KXHIGHNY-26AUG23-T80,YES,ask,0.23,151.0,5,662.0,no_dollars,KXHIGHNY-26AUG23,2026-08-24T05:00:00Z,active,True
2026-08-22T16:58:01.435712+00:00,KXHIGHNY-26AUG23-T80,YES,ask,0.24,36.0,6,698.0,no_dollars,KXHIGHNY-26AUG23,2026-08-24T05:00:00Z,active,True
2026-08-22T16:58:01.435712+00:00,KXHIGHNY-26AUG23-T80,YES,ask,0.27,23.0,7,721.0,no_dollars,KXHIGHNY-26AUG23,2026-08-24T05:00:00Z,active,True
2026-08-22T16:58:01.435712+00:00,KXHIGHNY-26AUG23-T80,YES,ask,0.28,18.0,8,739.0,no_dollars,KXHIGHNY-26AUG23,2026-08-24T05:00:00Z,active,True
2026-08-22T16:58:01.435712+00:00,KXHIGHNY-26AUG23-T80,YES,ask,0.29,230.0,9,969.0,no_dollars,KXHIGHNY-26AUG23,2026-08-24T05:00:00Z,active,True
2026-08-22T16:58:01.435712+00:00,KXHIGHNY-26AUG23-T80,YES,ask,0.3,78.0,10,1047.0,no_dollars,KXHIGHNY-26AUG23,2026-08-24T05:00:00Z,active,True
2026-08-22T16:58:01.435712+00:00,KXHIGHNY-26AUG23-T80,YES,ask,0.32,4.0,11,1051.0,no_dollars,KXHIGHNY-26AUG23,2026-08-24T05:00:00Z,active,True
2026-08-22T16:58:01.435712+00:00,KXHIGHNY-26AUG23-T80,YES,ask,0.34,17.0,12,1068.0,no_dollars,KXHIGHNY-26AUG23,2026-08-24T05:00:00Z,active,True
2026-08-22T16:58:01.435712+00:00,KXHIGHNY-26AUG23-T80,YES,ask,0.35,29.0,13,1097.0,no_dollars,KXHIGHNY-26AUG23,2026-08-24T05:00:00Z,active,True
2026-08-22T16:58:01.435712+00:00,KXHIGHNY-26AUG23-T80,YES,ask,0.36,42.0,14,1139.0,no_dollars,KXHIGHNY-26AUG23,2026-08-24T05:00:00Z,active,True
2026-08-22T16:58:01.435712+00:00,KXHIGHNY-26AUG23-T80,YES,ask,0.38,26.0,15,1165.0,no_dollars,KXHIGHNY-26AUG23,2026-08-24T05:00:00Z,active,True
2026-08-22T16:58:01.435712+00:00,KXHIGHNY-26AUG23-T80,YES,ask,0.39,39.0,16,1204.0,no_dollars,KXHIGHNY-26AUG23,2026-08-24T05:00:00Z,active,True
2026-08-22T16:58:01.435712+00:00,KXHIGHNY-26AUG23-T80,YES,ask,0.4,50.0,17,1254.0,no_dollars,KXHIGHNY-26AUG23,2026-08-24T05:00:00Z,active,True
2026-08-22T16:58:01.435712+00:00,KXHIGHNY-26AUG23-T80,YES,ask,0.44,21.0,18,1275.0,no_dollars,KXHIGHNY-26AUG23,2026-08-24T05:00:00Z,active,True
2026-08-22T16:58:01.435712+00:00,KXHIGHNY-26AUG23-T80,YES,ask,0.48,1.0,19,1276.0,no_dollars,KXHIGHNY-26AUG23,2026-08-24T05:00:00Z,active,True
2026-08-22T16:58:01.435712+00:00,KXHIGHNY-26AUG23-T80,YES,ask,0.49,30.0,20,1306.0,no_dollars,KXHIGHNY-26AUG23,2026-08-24T05:00:00Z,active,True
2026-08-22T16:58:01.435712+00:00,KXHIGHNY-26AUG23-B86.5,YES,bid,0.02,199.0,1,199.0,yes_dollars,KXHIGHNY-26AUG23,2026-08-24T05:00:00Z,active,True
2026-08-22T16:58:01.435712+00:00,KXHIGHNY-26AUG23-B86.5,YES,bid,0.01,598.0,2,797.0,yes_dollars,KXHIGHNY-26AUG23,2026-08-24T05:00:00Z,active,True
2026-08-22T16:58:01.435712+00:00,KXHIGHNY-26AUG23-B86.5,NO,ask,0.98,199.0,1,199.0,yes_dollars,KXHIGHNY-26AUG23,2026-08-24T05:00:00Z,active,True
2026-08-22T16:58:01.435712+00:00,KXHIGHNY-26AUG23-B86.5,NO,ask,0.99,598.0,2,797.0,yes_dollars,KXHIGHNY-26AUG23,2026-08-24T05:00:00Z,active,True
2026-08-22T16:58:01.435712+00:00,KXHIGHNY-26AUG23-B86.5,NO,bid,0.97,82.0,1,82.0,no_dollars,KXHIGHNY-26AUG23,2026-08-24T05:00:00Z,active,True
2026-08-22T16:58:01.435712+00:00,KXHIGHNY-26AUG23-B86.5,NO,bid,0.96,101.0,2,183.0,no_dollars,KXHIGHNY-26AUG23,2026-08-24T05:00:00Z,active,True
2026-08-22T16:58:01.435712+00:00,KXHIGHNY-26AUG23-B86.5,NO,bid,0.95,250.0,3,433.0,no_dollars,KXHIGHNY-26AUG23,2026-08-24T05:00:00Z,active,True
2026-08-22T16:58:01.435712+00:00,KXHIGHNY-26AUG23-B86.5,NO,bid,0.94,250.0,4,683.0,no_dollars,KXHIGHNY-26AUG23,2026-08-24T05:00:00Z,active,True
2026-08-22T16:58:01.435712+00:00,KXHIGHNY-26AUG23-B86.5,NO,bid,0.93,25.0,5,708.0,no_dollars,KXHIGHNY-26AUG23,2026-08-24T05:00:00Z,active,True
2026-08-22T16:58:01.435712+00:00,KXHIGHNY-26AUG23-B86.5,NO,bid,0.92,2.0,6,710.0,no_dollars,KXHIGHNY-26AUG23,2026-08-24T05:00:00Z,active,True
2026-08-22T16:58:01.435712+00:00,KXHIGHNY-26AUG23-B86.5,NO,bid,0.9,2.0,7,712.0,no_dollars,KXHIGHNY-26AUG23,2026-08-24T05:00:00Z,active,True
2026-08-22T16:58:01.435712+00:00,KXHIGHNY-26AUG23-B86.5,NO,bid,0.88,2.0,8,714.0,no_dollars,KXHIGHNY-26AUG23,2026-08-24T05:00:00Z,active,True
2026-08-22T16:58:01.435712+00:00,KXHIGHNY-26AUG23-B86.5,NO,bid,0.87,17.0,9,731.0,no_dollars,KXHIGHNY-26AUG23,2026-08-24T05:00:00Z,active,True
2026-08-22T16:58:01.435712+00:00,KXHIGHNY-26AUG23-B86.5,NO,bid,0.86,16.0,10,747.0,no_dollars,KXHIGHNY-26AUG23,2026-08-24T05:00:00Z,active,True
2026-08-22T16:58:01.435712+00:00,KXHIGHNY-26AUG23-B86.5,NO,bid,0.85,99.0,11,846.0,no_dollars,KXHIGHNY-26AUG23,2026-08-24T05:00:00Z,active,True
2026-08-22T16:58:01.435712+00:00,KXHIGHNY-26AUG23-B86.5,NO,bid,0.84,46.0,12,892.0,no_dollars,KXHIGHNY-26AUG23,2026-08-24T05:00:00Z,active,True
2026-08-22T16:58:01.435712+00:00,KXHIGHNY-26AUG23-B86.5,NO,bid,0.83,19.0,13,911.0,no_dollars,KXHIGHNY-26AUG23,2026-08-24T05:00:00Z,active,True
2026-08-22T16:58:01.435712+00:00,KXHIGHNY-26AUG23-B86.5,NO,bid,0.82,161.0,14,1072.0,no_dollars,KXHIGHNY-26AUG23,2026-08-24T05:00:00Z,active,True
2026-08-22T16:58:01.435712+00:00,KXHIGHNY-26AUG23-B86.5,NO,bid,0.8,30.0,15,1102.0,no_dollars,KXHIGHNY-26AUG23,2026-08-24T05:00:00Z,active,True
2026-08-22T16:58:01.435712+00:00,KXHIGHNY-26AUG23-B86.5,NO,bid,0.79,77.0,16,1179.0,no_dollars,KXHIGHNY-26AUG23,2026-08-24T05:00:00Z,active,True
2026-08-22T16:58:01.435712+00:00,KXHIGHNY-26AUG23-B86.5,NO,bid,0.78,18.0,17,1197.0,no_dollars,KXHIGHNY-26AUG23,2026-08-24T05:00:00Z,active,True
2026-08-22T16:58:01.435712+00:00,KXHIGHNY-26AUG23-B86.5,NO,bid,0.77,26.0,18,1223.0,no_dollars,KXHIGHNY-26AUG23,2026-08-24T05:00:00Z,active,True
2026-08-22T16:58:01.435712+00:00,KXHIGHNY-26AUG23-B86.5,NO,bid,0.76,23.0,19,1246.0,no_dollars,KXHIGHNY-26AUG23,2026-08-24T05:00:00Z,active,True
2026-08-22T16:58:01.435712+00:00,KXHIGHNY-26AUG23-B86.5,NO,bid,0.75,41.0,20,1287.0,no_dollars,KXHIGHNY-26AUG23,2026-08-24T05:00:00Z,active,True
2026-08-22T16:58:01.435712+00:00,KXHIGHNY-26AUG23-B86.5,YES,ask,0.03,82.0,1,82.0,no_dollars,KXHIGHNY-26AUG23,2026-08-24T05:00:00Z,active,True
2026-08-22T16:58:01.435712+00:00,KXHIGHNY-26AUG23-B86.5,YES,ask,0.04,101.0,2,183.0,no_dollars,KXHIGHNY-26AUG23,2026-08-24T05:00:00Z,active,True
2026-08-22T16:58:01.435712+00:00,KXHIGHNY-26AUG23-B86.5,YES,ask,0.05,250.0,3,433.0,no_dollars,KXHIGHNY-26AUG23,2026-08-24T05:00:00Z,active,True
2026-08-22T16:58:01.435712+00:00,KXHIGHNY-26AUG23-B86.5,YES,ask,0.06,250.0,4,683.0,no_dollars,KXHIGHNY-26AUG23,2026-08-24T05:00:00Z,active,True
2026-08-22T16:58:01.435712+00:00,KXHIGHNY-26AUG23-B86.5,YES,ask,0.07,25.0,5,708.0,no_dollars,KXHIGHNY-26AUG23,2026-08-24T05:00:00Z,active,True
2026-08-22T16:58:01.435712+00:00,KXHIGHNY-26AUG23-B86.5,YES,ask,0.08,2.0,6,710.0,no_dollars,KXHIGHNY-26AUG23,2026-08-24T05:00:00Z,active,True
2026-08-22T16:58:01.435712+00:00,KXHIGHNY-26AUG23-B86.5,YES,ask,0.1,2.0,7,712.0,no_dollars,KXHIGHNY-26AUG23,2026-08-24T05:00:00Z,active,True
2026-08-22T16:58:01.435712+00:00,KXHIGHNY-26AUG23-B86.5,YES,ask,0.12,2.0,8,714.0,no_dollars,KXHIGHNY-26AUG23,2026-08-24T05:00:00Z,active,True
2026-08-22T16:58:01.435712+00:00,KXHIGHNY-26AUG23-B86.5,YES,ask,0.13,17.0,9,731.0,no_dollars,KXHIGHNY-26AUG23,2026-08-24T05:00:00Z,active,True
2026-08-22T16:58:01.435712+00:00,KXHIGHNY-26AUG23-B86.5,YES,ask,0.14,16.0,10,747.0,no_dollars,KXHIGHNY-26AUG23,2026-08-24T05:00:00Z,active,True
2026-08-22T16:58:01.435712+00:00,KXHIGHNY-26AUG23-B86.5,YES,ask,0.15,99.0,11,846.0,no_dollars,KXHIGHNY-26AUG23,2026-08-24T05:00:00Z,active,True
2026-08-22T16:58:01.435712+00:00,KXHIGHNY-26AUG23-B86.5,YES,ask,0.16,46.0,12,892.0,no_dollars,KXHIGHNY-26AUG23,2026-08-24T05:00:00Z,active,True
2026-08-22T16:58:01.435712+00:00,KXHIGHNY-26AUG23-B86.5,YES,ask,0.17,19.0,13,911.0,no_dollars,KXHIGHNY-26AUG23,2026-08-24T05:00:00Z,active,True
2026-08-22T16:58:01.435712+00:00,KXHIGHNY-26AUG23-B86.5,YES,ask,0.18,161.0,14,1072.0,no_dollars,KXHIGHNY-26AUG23,2026-08-24T05:00:00Z,active,True
2026-08-22T16:58:01.435712+00:00,KXHIGHNY-26AUG23-B86.5,YES,ask,0.2,30.0,15,1102.0,no_dollars,KXHIGHNY-26AUG23,2026-08-24T05:00:00Z,active,True
2026-08-22T16:58:01.435712+00:00,KXHIGHNY-26AUG23-B86.5,YES,ask,0.21,77.0,16,1179.0,no_dollars,KXHIGHNY-26AUG23,2026-08-24T05:00:00Z,active,True
2026-08-22T16:58:01.435712+00:00,KXHIGHNY-26AUG23-B86.5,YES,ask,0.22,18.0,17,1197.0,no_dollars,KXHIGHNY-26AUG23,2026-08-24T05:00:00Z,active,True
2026-08-22T16:58:01.435712+00:00,KXHIGHNY-26AUG23-B86.5,YES,ask,0.23,26.0,18,1223.0,no_dollars,KXHIGHNY-26AUG23,2026-08-24T05:00:00Z,active,True
2026-08-22T16:58:01.435712+00:00,KXHIGHNY-26AUG23-B86.5,YES,ask,0.24,23.0,19,1246.0,no_dollars,KXHIGHNY-26AUG23,2026-08-24T05:00:00Z,active,True
2026-08-22T16:58:01.435712+00:00,KXHIGHNY-26AUG23-B86.5,YES,ask,0.25,41.0,20,1287.0,no_dollars,KXHIGHNY-26AUG23,2026-08-24T05:00:00Z,active,True
2026-08-22T16:58:01.435712+00:00,KXHIGHNY-26AUG23-B84.5,YES,bid,0.07,259.0,1,259.0,yes_dollars,KXHIGHNY-26AUG23,2026-08-24T05:00:00Z,active,True
2026-08-22T16:58:01.435712+00:00,KXHIGHNY-26AUG23-B84.5,YES,bid,0.06,277.0,2,536.0,yes_dollars,KXHIGHNY-26AUG23,2026-08-24T05:00:00Z,active,True
2026-08-22T16:58:01.435712+00:00,KXHIGHNY-26AUG23-B84.5,YES,bid,0.05,121.44,3,657.44,yes_dollars,KXHIGHNY-26AUG23,2026-08-24T05:00:00Z,active,True
2026-08-22T16:58:01.435712+00:00,KXHIGHNY-26AUG23-B84.5,YES,bid,0.03,115.0,4,772.44,yes_dollars,KXHIGHNY-26AUG23,2026-08-24T05:00:00Z,active,True
2026-08-22T16:58:01.435712+00:00,KXHIGHNY-26AUG23-B84.5,YES,bid,0.02,178.0,5,950.44,yes_dollars,KXHIGHNY-26AUG23,2026-08-24T05:00:00Z,active,True
2026-08-22T16:58:01.435712+00:00,KXHIGHNY-26AUG23-B84.5,YES,bid,0.01,612.0,6,1562.44,yes_dollars,KXHIGHNY-26AUG23,2026-08-24T05:00:00Z,active,True
2026-08-22T16:58:01.435712+00:00,KXHIGHNY-26AUG23-B84.5,NO,ask,0.93,259.0,1,259.0,yes_dollars,KXHIGHNY-26AUG23,2026-08-24T05:00:00Z,active,True
2026-08-22T16:58:01.435712+00:00,KXHIGHNY-26AUG23-B84.5,NO,ask,0.94,277.0,2,536.0,yes_dollars,KXHIGHNY-26AUG23,2026-08-24T05:00:00Z,active,True
2026-08-22T16:58:01.435712+00:00,KXHIGHNY-26AUG23-B84.5,NO,ask,0.95,121.44,3,657.44,yes_dollars,KXHIGHNY-26AUG23,2026-08-24T05:00:00Z,active,True
2026-08-22T16:58:01.435712+00:00,KXHIGHNY-26AUG23-B84.5,NO,ask,0.97,115.0,4,772.44,yes_dollars,KXHIGHNY-26AUG23,2026-08-24T05:00:00Z,active,True
2026-08-22T16:58:01.435712+00:00,KXHIGHNY-26AUG23-B84.5,NO,ask,0.98,178.0,5,950.44,yes_dollars,KXHIGHNY-26AUG23,2026-08-24T05:00:00Z,active,True
2026-08-22T16:58:01.435712+00:00,KXHIGHNY-26AUG23-B84.5,NO,ask,0.99,612.0,6,1562.44,yes_dollars,KXHIGHNY-26AUG23,2026-08-24T05:00:00Z,active,True
2026-08-22T16:58:01.435712+00:00,KXHIGHNY-26AUG23-B84.5,NO,bid,0.92,7.0,1,7.0,no_dollars,KXHIGHNY-26AUG23,2026-08-24T05:00:00Z,active,True
2026-08-22T16:58:01.435712+00:00,KXHIGHNY-26AUG23-B84.5,NO,bid,0.89,55.0,2,62.0,no_dollars,KXHIGHNY-26AUG23,2026-08-24T05:00:00Z,active,True
2026-08-22T16:58:01.435712+00:00,KXHIGHNY-26AUG23-B84.5,NO,bid,0.88,25.0,3,87.0,no_dollars,KXHIGHNY-26AUG23,2026-08-24T05:00:00Z,active,True
2026-08-22T16:58:01.435712+00:00,KXHIGHNY-26AUG23-B84.5,NO,bid,0.87,2.0,4,89.0,no_dollars,KXHIGHNY-26AUG23,2026-08-24T05:00:00Z,active,True
2026-08-22T16:58:01.435712+00:00,KXHIGHNY-26AUG23-B84.5,NO,bid,0.86,25.0,5,114.0,no_dollars,KXHIGHNY-26AUG23,2026-08-24T05:00:00Z,active,True
2026-08-22T16:58:01.435712+00:00,KXHIGHNY-26AUG23-B84.5,NO,bid,0.85,435.0,6,549.0,no_dollars,KXHIGHNY-26AUG23,2026-08-24T05:00:00Z,active,True
2026-08-22T16:58:01.435712+00:00,KXHIGHNY-26AUG23-B84.5,NO,bid,0.84,742.0,7,1291.0,no_dollars,KXHIGHNY-26AUG23,2026-08-24T05:00:00Z,active,True
2026-08-22T16:58:01.435712+00:00,KXHIGHNY-26AUG23-B84.5,NO,bid,0.8,39.0,8,1330.0,no_dollars,KXHIGHNY-26AUG23,2026-08-24T05:00:00Z,active,True
2026-08-22T16:58:01.435712+00:00,KXHIGHNY-26AUG23-B84.5,NO,bid,0.77,2.0,9,1332.0,no_dollars,KXHIGHNY-26AUG23,2026-08-24T05:00:00Z,active,True
2026-08-22T16:58:01.435712+00:00,KXHIGHNY-26AUG23-B84.5,NO,bid,0.76,17.0,10,1349.0,no_dollars,KXHIGHNY-26AUG23,2026-08-24T05:00:00Z,active,True
2026-08-22T16:58:01.435712+00:00,KXHIGHNY-26AUG23-B84.5,NO,bid,0.75,16.0,11,1365.0,no_dollars,KXHIGHNY-26AUG23,2026-08-24T05:00:00Z,active,True
2026-08-22T16:58:01.435712+00:00,KXHIGHNY-26AUG23-B84.5,NO,bid,0.74,14.0,12,1379.0,no_dollars,KXHIGHNY-26AUG23,2026-08-24T05:00:00Z,active,True
2026-08-22T16:58:01.435712+00:00,KXHIGHNY-26AUG23-B84.5,NO,bid,0.73,12.0,13,1391.0,no_dollars,KXHIGHNY-26AUG23,2026-08-24T05:00:00Z,active,True
2026-08-22T16:58:01.435712+00:00,KXHIGHNY-26AUG23-B84.5,NO,bid,0.72,19.0,14,1410.0,no_dollars,KXHIGHNY-26AUG23,2026-08-24T05:00:00Z,active,True
2026-08-22T16:58:01.435712+00:00,KXHIGHNY-26AUG23-B84.5,NO,bid,0.7,44.0,15,1454.0,no_dollars,KXHIGHNY-26AUG23,2026-08-24T05:00:00Z,active,True
2026-08-22T16:58:01.435712+00:00,KXHIGHNY-26AUG23-B84.5,NO,bid,0.68,62.0,16,1516.0,no_dollars,KXHIGHNY-26AUG23,2026-08-24T05:00:00Z,active,True
2026-08-22T16:58:01.435712+00:00,KXHIGHNY-26AUG23-B84.5,NO,bid,0.66,37.0,17,1553.0,no_dollars,KXHIGHNY-26AUG23,2026-08-24T05:00:00Z,active,True
2026-08-22T16:58:01.435712+00:00,KXHIGHNY-26AUG23-B84.5,NO,bid,0.65,10.0,18,1563.0,no_dollars,KXHIGHNY-26AUG23,2026-08-24T05:00:00Z,active,True
2026-08-22T16:58:01.435712+00:00,KXHIGHNY-26AUG23-B84.5,NO,bid,0.63,138.0,19,1701.0,no_dollars,KXHIGHNY-26AUG23,2026-08-24T05:00:00Z,active,True
2026-08-22T16:58:01.435712+00:00,KXHIGHNY-26AUG23-B84.5,NO,bid,0.61,30.0,20,1731.0,no_dollars,KXHIGHNY-26AUG23,2026-08-24T05:00:00Z,active,True
2026-08-22T16:58:01.435712+00:00,KXHIGHNY-26AUG23-B84.5,YES,ask,0.08,7.0,1,7.0,no_dollars,KXHIGHNY-26AUG23,2026-08-24T05:00:00Z,active,True
2026-08-22T16:58:01.435712+00:00,KXHIGHNY-26AUG23-B84.5,YES,ask,0.11,55.0,2,62.0,no_dollars,KXHIGHNY-26AUG23,2026-08-24T05:00:00Z,active,True
2026-08-22T16:58:01.435712+00:00,KXHIGHNY-26AUG23-B84.5,YES,ask,0.12,25.0,3,87.0,no_dollars,KXHIGHNY-26AUG23,2026-08-24T05:00:00Z,active,True
2026-08-22T16:58:01.435712+00:00,KXHIGHNY-26AUG23-B84.5,YES,ask,0.13,2.0,4,89.0,no_dollars,KXHIGHNY-26AUG23,2026-08-24T05:00:00Z,active,True
2026-08-22T16:58:01.435712+00:00,KXHIGHNY-26AUG23-B84.5,YES,ask,0.14,25.0,5,114.0,no_dollars,KXHIGHNY-26AUG23,2026-08-24T05:00:00Z,active,True
2026-08-22T16:58:01.435712+00:00,KXHIGHNY-26AUG23-B84.5,YES,ask,0.15,435.0,6,549.0,no_dollars,KXHIGHNY-26AUG23,2026-08-24T05:00:00Z,active,True
2026-08-22T16:58:01.435712+00:00,KXHIGHNY-26AUG23-B84.5,YES,ask,0.16,742.0,7,1291.0,no_dollars,KXHIGHNY-26AUG23,2026-08-24T05:00:00Z,active,True
2026-08-22T16:58:01.435712+00:00,KXHIGHNY-26AUG23-B84.5,YES,ask,0.2,39.0,8,1330.0,no_dollars,KXHIGHNY-26AUG23,2026-08-24T05:00:00Z,active,True
2026-08-22T16:58:01.435712+00:00,KXHIGHNY-26AUG23-B84.5,YES,ask,0.23,2.0,9,1332.0,no_dollars,KXHIGHNY-26AUG23,2026-08-24T05:00:00Z,active,True
2026-08-22T16:58:01.435712+00:00,KXHIGHNY-26AUG23-B84.5,YES,ask,0.24,17.0,10,1349.0,no_dollars,KXHIGHNY-26AUG23,2026-08-24T05:00:00Z,active,True
2026-08-22T16:58:01.435712+00:00,KXHIGHNY-26AUG23-B84.5,YES,ask,0.25,16.0,11,1365.0,no_dollars,KXHIGHNY-26AUG23,2026-08-24T05:00:00Z,active,True
2026-08-22T16:58:01.435712+00:00,KXHIGHNY-26AUG23-B84.5,YES,ask,0.26,14.0,12,1379.0,no_dollars,KXHIGHNY-26AUG23,2026-08-24T05:00:00Z,active,True
2026-08-22T16:58:01.435712+00:00,KXHIGHNY-26AUG23-B84.5,YES,ask,0.27,12.0,13,1391.0,no_dollars,KXHIGHNY-26AUG23,2026-08-24T05:00:00Z,active,True
2026-08-22T16:58:01.435712+00:00,KXHIGHNY-26AUG23-B84.5,YES,ask,0.28,19.0,14,1410.0,no_dollars,KXHIGHNY-26AUG23,2026-08-24T05:00:00Z,active,True
2026-08-22T16:58:01.435712+00:00,KXHIGHNY-26AUG23-B84.5,YES,ask,0.3,44.0,15,1454.0,no_dollars,KXHIGHNY-26AUG23,2026-08-24T05:00:00Z,active,True
2026-08-22T16:58:01.435712+00:00,KXHIGHNY-26AUG23-B84.5,YES,ask,0.32,62.0,16,1516.0,no_dollars,KXHIGHNY-26AUG23,2026-08-24T05:00:00Z,active,True
2026-08-22T16:58:01.435712+00:00,KXHIGHNY-26AUG23-B84.5,YES,ask,0.34,37.0,17,1553.0,no_dollars,KXHIGHNY-26AUG23,2026-08-24T05:00:00Z,active,True
2026-08-22T16:58:01.435712+00:00,KXHIGHNY-26AUG23-B84.5,YES,ask,0.35,10.0,18,1563.0,no_dollars,KXHIGHNY-26AUG23,2026-08-24T05:00:00Z,active,True
2026-08-22T16:58:01.435712+00:00,KXHIGHNY-26AUG23-B84.5,YES,ask,0.37,138.0,19,1701.0,no_dollars,KXHIGHNY-26AUG23,2026-08-24T05:00:00Z,active,True
2026-08-22T16:58:01.435712+00:00,KXHIGHNY-26AUG23-B84.5,YES,ask,0.39,30.0,20,1731.0,no_dollars,KXHIGHNY-26AUG23,2026-08-24T05:00:00Z,active,True
2026-08-22T16:58:01.435712+00:00,KXHIGHNY-26AUG23-B82.5,YES,bid,0.25,95.0,1,95.0,yes_dollars,KXHIGHNY-26AUG23,2026-08-24T05:00:00Z,active,True
2026-08-22T16:58:01.435712+00:00,KXHIGHNY-26AUG23-B82.5,YES,bid,0.24,58.0,2,153.0,yes_dollars,KXHIGHNY-26AUG23,2026-08-24T05:00:00Z,active,True
2026-08-22T16:58:01.435712+00:00,KXHIGHNY-26AUG23-B82.5,YES,bid,0.23,66.0,3,219.0,yes_dollars,KXHIGHNY-26AUG23,2026-08-24T05:00:00Z,active,True
2026-08-22T16:58:01.435712+00:00,KXHIGHNY-26AUG23-B82.5,YES,bid,0.22,59.0,4,278.0,yes_dollars,KXHIGHNY-26AUG23,2026-08-24T05:00:00Z,active,True
2026-08-22T16:58:01.435712+00:00,KXHIGHNY-26AUG23-B82.5,YES,bid,0.21,29.0,5,307.0,yes_dollars,KXHIGHNY-26AUG23,2026-08-24T05:00:00Z,active,True
2026-08-22T16:58:01.435712+00:00,KXHIGHNY-26AUG23-B82.5,YES,bid,0.2,14.0,6,321.0,yes_dollars,KXHIGHNY-26AUG23,2026-08-24T05:00:00Z,active,True
2026-08-22T16:58:01.435712+00:00,KXHIGHNY-26AUG23-B82.5,YES,bid,0.19,391.0,7,712.0,yes_dollars,KXHIGHNY-26AUG23,2026-08-24T05:00:00Z,active,True
2026-08-22T16:58:01.435712+00:00,KXHIGHNY-26AUG23-B82.5,YES,bid,0.18,97.0,8,809.0,yes_dollars,KXHIGHNY-26AUG23,2026-08-24T05:00:00Z,active,True
2026-08-22T16:58:01.435712+00:00,KXHIGHNY-26AUG23-B82.5,YES,bid,0.17,80.0,9,889.0,yes_dollars,KXHIGHNY-26AUG23,2026-08-24T05:00:00Z,active,True
2026-08-22T16:58:01.435712+00:00,KXHIGHNY-26AUG23-B82.5,YES,bid,0.16,786.0,10,1675.0,yes_dollars,KXHIGHNY-26AUG23,2026-08-24T05:00:00Z,active,True
2026-08-22T16:58:01.435712+00:00,KXHIGHNY-26AUG23-B82.5,YES,bid,0.15,18.0,11,1693.0,yes_dollars,KXHIGHNY-26AUG23,2026-08-24T05:00:00Z,active,True
2026-08-22T16:58:01.435712+00:00,KXHIGHNY-26AUG23-B82.5,YES,bid,0.14,46.0,12,1739.0,yes_dollars,KXHIGHNY-26AUG23,2026-08-24T05:00:00Z,active,True
2026-08-22T16:58:01.435712+00:00,KXHIGHNY-26AUG23-B82.5,YES,bid,0.13,100.0,13,1839.0,yes_dollars,KXHIGHNY-26AUG23,2026-08-24T05:00:00Z,active,True
2026-08-22T16:58:01.435712+00:00,KXHIGHNY-26AUG23-B82.5,YES,bid,0.12,51.0,14,1890.0,yes_dollars,KXHIGHNY-26AUG23,2026-08-24T05:00:00Z,active,True
2026-08-22T16:58:01.435712+00:00,KXHIGHNY-26AUG23-B82.5,YES,bid,0.1,157.72,15,2047.72,yes_dollars,KXHIGHNY-26AUG23,2026-08-24T05:00:00Z,active,True
2026-08-22T16:58:01.435712+00:00,KXHIGHNY-26AUG23-B82.5,YES,bid,0.05,25.0,16,2072.7200000000003,yes_dollars,KXHIGHNY-26AUG23,2026-08-24T05:00:00Z,active,True
2026-08-22T16:58:01.435712+00:00,KXHIGHNY-26AUG23-B82.5,YES,bid,0.02,203.0,17,2275.7200000000003,yes_dollars,KXHIGHNY-26AUG23,2026-08-24T05:00:00Z,active,True
2026-08-22T16:58:01.435712+00:00,KXHIGHNY-26AUG23-B82.5,YES,bid,0.01,1644.0,18,3919.7200000000003,yes_dollars,KXHIGHNY-26AUG23,2026-08-24T05:00:00Z,active,True
2026-08-22T16:58:01.435712+00:00,KXHIGHNY-26AUG23-B82.5,NO,ask,0.75,95.0,1,95.0,yes_dollars,KXHIGHNY-26AUG23,2026-08-24T05:00:00Z,active,True
2026-08-22T16:58:01.435712+00:00,KXHIGHNY-26AUG23-B82.5,NO,ask,0.76,58.0,2,153.0,yes_dollars,KXHIGHNY-26AUG23,2026-08-24T05:00:00Z,active,True
2026-08-22T16:58:01.435712+00:00,KXHIGHNY-26AUG23-B82.5,NO,ask,0.77,66.0,3,219.0,yes_dollars,KXHIGHNY-26AUG23,2026-08-24T05:00:00Z,active,True
2026-08-22T16:58:01.435712+00:00,KXHIGHNY-26AUG23-B82.5,NO,ask,0.78,59.0,4,278.0,yes_dollars,KXHIGHNY-26AUG23,2026-08-24T05:00:00Z,active,True
2026-08-22T16:58:01.435712+00:00,KXHIGHNY-26AUG23-B82.5,NO,ask,0.79,29.0,5,307.0,yes_dollars,KXHIGHNY-26AUG23,2026-08-24T05:00:00Z,active,True
2026-08-22T16:58:01.435712+00:00,KXHIGHNY-26AUG23-B82.5,NO,ask,0.8,14.0,6,321.0,yes_dollars,KXHIGHNY-26AUG23,2026-08-24T05:00:00Z,active,True
2026-08-22T16:58:01.435712+00:00,KXHIGHNY-26AUG23-B82.5,NO,ask,0.81,391.0,7,712.0,yes_dollars,KXHIGHNY-26AUG23,2026-08-24T05:00:00Z,active,True
2026-08-22T16:58:01.435712+00:00,KXHIGHNY-26AUG23-B82.5,NO,ask,0.82,97.0,8,809.0,yes_dollars,KXHIGHNY-26AUG23,2026-08-24T05:00:00Z,active,True
2026-08-22T16:58:01.435712+00:00,KXHIGHNY-26AUG23-B82.5,NO,ask,0.83,80.0,9,889.0,yes_dollars,KXHIGHNY-26AUG23,2026-08-24T05:00:00Z,active,True
2026-08-22T16:58:01.435712+00:00,KXHIGHNY-26AUG23-B82.5,NO,ask,0.84,786.0,10,1675.0,yes_dollars,KXHIGHNY-26AUG23,2026-08-24T05:00:00Z,active,True
2026-08-22T16:58:01.435712+00:00,KXHIGHNY-26AUG23-B82.5,NO,ask,0.85,18.0,11,1693.0,yes_dollars,KXHIGHNY-26AUG23,2026-08-24T05:00:00Z,active,True
2026-08-22T16:58:01.435712+00:00,KXHIGHNY-26AUG23-B82.5,NO,ask,0.86,46.0,12,1739.0,yes_dollars,KXHIGHNY-26AUG23,2026-08-24T05:00:00Z,active,True
2026-08-22T16:58:01.435712+00:00,KXHIGHNY-26AUG23-B82.5,NO,ask,0.87,100.0,13,1839.0,yes_dollars,KXHIGHNY-26AUG23,2026-08-24T05:00:00Z,active,True
2026-08-22T16:58:01.435712+00:00,KXHIGHNY-26AUG23-B82.5,NO,ask,0.88,51.0,14,1890.0,yes_dollars,KXHIGHNY-26AUG23,2026-08-24T05:00:00Z,active,True
2026-08-22T16:58:01.435712+00:00,KXHIGHNY-26AUG23-B82.5,NO,ask,0.9,157.72,15,2047.72,yes_dollars,KXHIGHNY-26AUG23,2026-08-24T05:00:00Z,active,True
2026-08-22T16:58:01.435712+00:00,KXHIGHNY-26AUG23-B82.5,NO,ask,0.95,25.0,16,2072.7200000000003,yes_dollars,KXHIGHNY-26AUG23,2026-08-24T05:00:00Z,active,True
2026-08-22T16:58:01.435712+00:00,KXHIGHNY-26AUG23-B82.5,NO,ask,0.98,203.0,17,2275.7200000000003,yes_dollars,KXHIGHNY-26AUG23,2026-08-24T05:00:00Z,active,True
2026-08-22T16:58:01.435712+00:00,KXHIGHNY-26AUG23-B82.5,NO,ask,0.99,1644.0,18,3919.7200000000003,yes_dollars,KXHIGHNY-26AUG23,2026-08-24T05:00:00Z,active,True
2026-08-22T16:58:01.435712+00:00,KXHIGHNY-26AUG23-B82.5,NO,bid,0.72,81.0,1,81.0,no_dollars,KXHIGHNY-26AUG23,2026-08-24T05:00:00Z,active,True
2026-08-22T16:58:01.435712+00:00,KXHIGHNY-26AUG23-B82.5,NO,bid,0.71,103.58,2,184.57999999999998,no_dollars,KXHIGHNY-26AUG23,2026-08-24T05:00:00Z,active,True
2026-08-22T16:58:01.435712+00:00,KXHIGHNY-26AUG23-B82.5,NO,bid,0.7,36.0,3,220.57999999999998,no_dollars,KXHIGHNY-26AUG23,2026-08-24T05:00:00Z,active,True
2026-08-22T16:58:01.435712+00:00,KXHIGHNY-26AUG23-B82.5,NO,bid,0.69,1.0,4,221.57999999999998,no_dollars,KXHIGHNY-26AUG23,2026-08-24T05:00:00Z,active,True
2026-08-22T16:58:01.435712+00:00,KXHIGHNY-26AUG23-B82.5,NO,bid,0.66,1.0,5,222.57999999999998,no_dollars,KXHIGHNY-26AUG23,2026-08-24T05:00:00Z,active,True
2026-08-22T16:58:01.435712+00:00,KXHIGHNY-26AUG23-B82.5,NO,bid,0.62,25.0,6,247.57999999999998,no_dollars,KXHIGHNY-26AUG23,2026-08-24T05:00:00Z,active,True
2026-08-22T16:58:01.435712+00:00,KXHIGHNY-26AUG23-B82.5,NO,bid,0.61,13.0,7,260.58,no_dollars,KXHIGHNY-26AUG23,2026-08-24T05:00:00Z,active,True
2026-08-22T16:58:01.435712+00:00,KXHIGHNY-26AUG23-B82.5,NO,bid,0.6,25.0,8,285.58,no_dollars,KXHIGHNY-26AUG23,2026-08-24T05:00:00Z,active,True
2026-08-22T16:58:01.435712+00:00,KXHIGHNY-26AUG23-B82.5,NO,bid,0.59,71.0,9,356.58,no_dollars,KXHIGHNY-26AUG23,2026-08-24T05:00:00Z,active,True
2026-08-22T16:58:01.435712+00:00,KXHIGHNY-26AUG23-B82.5,NO,bid,0.57,350.0,10,706.5799999999999,no_dollars,KXHIGHNY-26AUG23,2026-08-24T05:00:00Z,active,True
2026-08-22T16:58:01.435712+00:00,KXHIGHNY-26AUG23-B82.5,NO,bid,0.56,197.0,11,903.5799999999999,no_dollars,KXHIGHNY-26AUG23,2026-08-24T05:00:00Z,active,True
2026-08-22T16:58:01.435712+00:00,KXHIGHNY-26AUG23-B82.5,NO,bid,0.54,20.0,12,923.5799999999999,no_dollars,KXHIGHNY-26AUG23,2026-08-24T05:00:00Z,active,True
2026-08-22T16:58:01.435712+00:00,KXHIGHNY-26AUG23-B82.5,NO,bid,0.53,636.0,13,1559.58,no_dollars,KXHIGHNY-26AUG23,2026-08-24T05:00:00Z,active,True
2026-08-22T16:58:01.435712+00:00,KXHIGHNY-26AUG23-B82.5,NO,bid,0.52,60.0,14,1619.58,no_dollars,KXHIGHNY-26AUG23,2026-08-24T05:00:00Z,active,True
2026-08-22T16:58:01.435712+00:00,KXHIGHNY-26AUG23-B82.5,NO,bid,0.51,17.0,15,1636.58,no_dollars,KXHIGHNY-26AUG23,2026-08-24T05:00:00Z,active,True
2026-08-22T16:58:01.435712+00:00,KXHIGHNY-26AUG23-B82.5,NO,bid,0.49,133.0,16,1769.58,no_dollars,KXHIGHNY-26AUG23,2026-08-24T05:00:00Z,active,True
2026-08-22T16:58:01.435712+00:00,KXHIGHNY-26AUG23-B82.5,NO,bid,0.48,2.0,17,1771.58,no_dollars,KXHIGHNY-26AUG23,2026-08-24T05:00:00Z,active,True
2026-08-22T16:58:01.435712+00:00,KXHIGHNY-26AUG23-B82.5,NO,bid,0.46,60.0,18,1831.58,no_dollars,KXHIGHNY-26AUG23,2026-08-24T05:00:00Z,active,True
2026-08-22T16:58:01.435712+00:00,KXHIGHNY-26AUG23-B82.5,NO,bid,0.45,150.0,19,1981.58,no_dollars,KXHIGHNY-26AUG23,2026-08-24T05:00:00Z,active,True
2026-08-22T16:58:01.435712+00:00,KXHIGHNY-26AUG23-B82.5,NO,bid,0.42,7.0,20,1988.58,no_dollars,KXHIGHNY-26AUG23,2026-08-24T05:00:00Z,active,True
2026-08-22T16:58:01.435712+00:00,KXHIGHNY-26AUG23-B82.5,YES,ask,0.28,81.0,1,81.0,no_dollars,KXHIGHNY-26AUG23,2026-08-24T05:00:00Z,active,True
2026-08-22T16:58:01.435712+00:00,KXHIGHNY-26AUG23-B82.5,YES,ask,0.29,103.58,2,184.57999999999998,no_dollars,KXHIGHNY-26AUG23,2026-08-24T05:00:00Z,active,True
2026-08-22T16:58:01.435712+00:00,KXHIGHNY-26AUG23-B82.5,YES,ask,0.3,36.0,3,220.57999999999998,no_dollars,KXHIGHNY-26AUG23,2026-08-24T05:00:00Z,active,True
2026-08-22T16:58:01.435712+00:00,KXHIGHNY-26AUG23-B82.5,YES,ask,0.31,1.0,4,221.57999999999998,no_dollars,KXHIGHNY-26AUG23,2026-08-24T05:00:00Z,active,True
2026-08-22T16:58:01.435712+00:00,KXHIGHNY-26AUG23-B82.5,YES,ask,0.34,1.0,5,222.57999999999998,no_dollars,KXHIGHNY-26AUG23,2026-08-24T05:00:00Z,active,True
2026-08-22T16:58:01.435712+00:00,KXHIGHNY-26AUG23-B82.5,YES,ask,0.38,25.0,6,247.57999999999998,no_dollars,KXHIGHNY-26AUG23,2026-08-24T05:00:00Z,active,True
2026-08-22T16:58:01.435712+00:00,KXHIGHNY-26AUG23-B82.5,YES,ask,0.39,13.0,7,260.58,no_dollars,KXHIGHNY-26AUG23,2026-08-24T05:00:00Z,active,True
2026-08-22T16:58:01.435712+00:00,KXHIGHNY-26AUG23-B82.5,YES,ask,0.4,25.0,8,285.58,no_dollars,KXHIGHNY-26AUG23,2026-08-24T05:00:00Z,active,True
2026-08-22T16:58:01.435712+00:00,KXHIGHNY-26AUG23-B82.5,YES,ask,0.41,71.0,9,356.58,no_dollars,KXHIGHNY-26AUG23,2026-08-24T05:00:00Z,active,True
2026-08-22T16:58:01.435712+00:00,KXHIGHNY-26AUG23-B82.5,YES,ask,0.43,350.0,10,706.5799999999999,no_dollars,KXHIGHNY-26AUG23,2026-08-24T05:00:00Z,active,True
2026-08-22T16:58:01.435712+00:00,KXHIGHNY-26AUG23-B82.5,YES,ask,0.44,197.0,11,903.5799999999999,no_dollars,KXHIGHNY-26AUG23,2026-08-24T05:00:00Z,active,True
2026-08-22T16:58:01.435712+00:00,KXHIGHNY-26AUG23-B82.5,YES,ask,0.46,20.0,12,923.5799999999999,no_dollars,KXHIGHNY-26AUG23,2026-08-24T05:00:00Z,active,True
2026-08-22T16:58:01.435712+00:00,KXHIGHNY-26AUG23-B82.5,YES,ask,0.47,636.0,13,1559.58,no_dollars,KXHIGHNY-26AUG23,2026-08-24T05:00:00Z,active,True
2026-08-22T16:58:01.435712+00:00,KXHIGHNY-26AUG23-B82.5,YES,ask,0.48,60.0,14,1619.58,no_dollars,KXHIGHNY-26AUG23,2026-08-24T05:00:00Z,active,True
2026-08-22T16:58:01.435712+00:00,KXHIGHNY-26AUG23-B82.5,YES,ask,0.49,17.0,15,1636.58,no_dollars,KXHIGHNY-26AUG23,2026-08-24T05:00:00Z,active,True
2026-08-22T16:58:01.435712+00:00,KXHIGHNY-26AUG23-B82.5,YES,ask,0.51,133.0,16,1769.58,no_dollars,KXHIGHNY-26AUG23,2026-08-24T05:00:00Z,active,True
2026-08-22T16:58:01.435712+00:00,KXHIGHNY-26AUG23-B82.5,YES,ask,0.52,2.0,17,1771.58,no_dollars,KXHIGHNY-26AUG23,2026-08-24T05:00:00Z,active,True
2026-08-22T16:58:01.435712+00:00,KXHIGHNY-26AUG23-B82.5,YES,ask,0.54,60.0,18,1831.58,no_dollars,KXHIGHNY-26AUG23,2026-08-24T05:00:00Z,active,True
2026-08-22T16:58:01.435712+00:00,KXHIGHNY-26AUG23-B82.5,YES,ask,0.55,150.0,19,1981.58,no_dollars,KXHIGHNY-26AUG23,2026-08-24T05:00:00Z,active,True
2026-08-22T16:58:01.435712+00:00,KXHIGHNY-26AUG23-B82.5,YES,ask,0.58,7.0,20,1988.58,no_dollars,KXHIGHNY-26AUG23,2026-08-24T05:00:00Z,active,True
2026-08-22T16:58:01.435712+00:00,KXHIGHNY-26AUG23-B80.5,YES,bid,0.41,46.0,1,46.0,yes_dollars,KXHIGHNY-26AUG23,2026-08-24T05:00:00Z,active,True
2026-08-22T16:58:01.435712+00:00,KXHIGHNY-26AUG23-B80.5,YES,bid,0.4,1.0,2,47.0,yes_dollars,KXHIGHNY-26AUG23,2026-08-24T05:00:00Z,active,True
2026-08-22T16:58:01.435712+00:00,KXHIGHNY-26AUG23-B80.5,YES,bid,0.39,55.0,3,102.0,yes_dollars,KXHIGHNY-26AUG23,2026-08-24T05:00:00Z,active,True
2026-08-22T16:58:01.435712+00:00,KXHIGHNY-26AUG23-B80.5,YES,bid,0.38,97.0,4,199.0,yes_dollars,KXHIGHNY-26AUG23,2026-08-24T05:00:00Z,active,True
2026-08-22T16:58:01.435712+00:00,KXHIGHNY-26AUG23-B80.5,YES,bid,0.37,26.0,5,225.0,yes_dollars,KXHIGHNY-26AUG23,2026-08-24T05:00:00Z,active,True
2026-08-22T16:58:01.435712+00:00,KXHIGHNY-26AUG23-B80.5,YES,bid,0.36,1.0,6,226.0,yes_dollars,KXHIGHNY-26AUG23,2026-08-24T05:00:00Z,active,True
2026-08-22T16:58:01.435712+00:00,KXHIGHNY-26AUG23-B80.5,YES,bid,0.32,18.0,7,244.0,yes_dollars,KXHIGHNY-26AUG23,2026-08-24T05:00:00Z,active,True
2026-08-22T16:58:01.435712+00:00,KXHIGHNY-26AUG23-B80.5,YES,bid,0.3,1.0,8,245.0,yes_dollars,KXHIGHNY-26AUG23,2026-08-24T05:00:00Z,active,True
2026-08-22T16:58:01.435712+00:00,KXHIGHNY-26AUG23-B80.5,YES,bid,0.25,20.0,9,265.0,yes_dollars,KXHIGHNY-26AUG23,2026-08-24T05:00:00Z,active,True
2026-08-22T16:58:01.435712+00:00,KXHIGHNY-26AUG23-B80.5,YES,bid,0.24,20.0,10,285.0,yes_dollars,KXHIGHNY-26AUG23,2026-08-24T05:00:00Z,active,True
2026-08-22T16:58:01.435712+00:00,KXHIGHNY-26AUG23-B80.5,YES,bid,0.23,19.0,11,304.0,yes_dollars,KXHIGHNY-26AUG23,2026-08-24T05:00:00Z,active,True
2026-08-22T16:58:01.435712+00:00,KXHIGHNY-26AUG23-B80.5,YES,bid,0.22,76.0,12,380.0,yes_dollars,KXHIGHNY-26AUG23,2026-08-24T05:00:00Z,active,True
2026-08-22T16:58:01.435712+00:00,KXHIGHNY-26AUG23-B80.5,YES,bid,0.21,364.0,13,744.0,yes_dollars,KXHIGHNY-26AUG23,2026-08-24T05:00:00Z,active,True
2026-08-22T16:58:01.435712+00:00,KXHIGHNY-26AUG23-B80.5,YES,bid,0.2,740.86,14,1484.8600000000001,yes_dollars,KXHIGHNY-26AUG23,2026-08-24T05:00:00Z,active,True
2026-08-22T16:58:01.435712+00:00,KXHIGHNY-26AUG23-B80.5,YES,bid,0.19,19.0,15,1503.8600000000001,yes_dollars,KXHIGHNY-26AUG23,2026-08-24T05:00:00Z,active,True
2026-08-22T16:58:01.435712+00:00,KXHIGHNY-26AUG23-B80.5,YES,bid,0.18,72.0,16,1575.8600000000001,yes_dollars,KXHIGHNY-26AUG23,2026-08-24T05:00:00Z,active,True
2026-08-22T16:58:01.435712+00:00,KXHIGHNY-26AUG23-B80.5,YES,bid,0.17,10.0,17,1585.8600000000001,yes_dollars,KXHIGHNY-26AUG23,2026-08-24T05:00:00Z,active,True
2026-08-22T16:58:01.435712+00:00,KXHIGHNY-26AUG23-B80.5,YES,bid,0.15,42.0,18,1627.8600000000001,yes_dollars,KXHIGHNY-26AUG23,2026-08-24T05:00:00Z,active,True
2026-08-22T16:58:01.435712+00:00,KXHIGHNY-26AUG23-B80.5,YES,bid,0.14,7.0,19,1634.8600000000001,yes_dollars,KXHIGHNY-26AUG23,2026-08-24T05:00:00Z,active,True
2026-08-22T16:58:01.435712+00:00,KXHIGHNY-26AUG23-B80.5,YES,bid,0.13,430.0,20,2064.86,yes_dollars,KXHIGHNY-26AUG23,2026-08-24T05:00:00Z,active,True
2026-08-22T16:58:01.435712+00:00,KXHIGHNY-26AUG23-B80.5,NO,ask,0.59,46.0,1,46.0,yes_dollars,KXHIGHNY-26AUG23,2026-08-24T05:00:00Z,active,True
2026-08-22T16:58:01.435712+00:00,KXHIGHNY-26AUG23-B80.5,NO,ask,0.6,1.0,2,47.0,yes_dollars,KXHIGHNY-26AUG23,2026-08-24T05:00:00Z,active,True
2026-08-22T16:58:01.435712+00:00,KXHIGHNY-26AUG23-B80.5,NO,ask,0.61,55.0,3,102.0,yes_dollars,KXHIGHNY-26AUG23,2026-08-24T05:00:00Z,active,True
2026-08-22T16:58:01.435712+00:00,KXHIGHNY-26AUG23-B80.5,NO,ask,0.62,97.0,4,199.0,yes_dollars,KXHIGHNY-26AUG23,2026-08-24T05:00:00Z,active,True
2026-08-22T16:58:01.435712+00:00,KXHIGHNY-26AUG23-B80.5,NO,ask,0.63,26.0,5,225.0,yes_dollars,KXHIGHNY-26AUG23,2026-08-24T05:00:00Z,active,True
2026-08-22T16:58:01.435712+00:00,KXHIGHNY-26AUG23-B80.5,NO,ask,0.64,1.0,6,226.0,yes_dollars,KXHIGHNY-26AUG23,2026-08-24T05:00:00Z,active,True
2026-08-22T16:58:01.435712+00:00,KXHIGHNY-26AUG23-B80.5,NO,ask,0.68,18.0,7,244.0,yes_dollars,KXHIGHNY-26AUG23,2026-08-24T05:00:00Z,active,True
2026-08-22T16:58:01.435712+00:00,KXHIGHNY-26AUG23-B80.5,NO,ask,0.7,1.0,8,245.0,yes_dollars,KXHIGHNY-26AUG23,2026-08-24T05:00:00Z,active,True
2026-08-22T16:58:01.435712+00:00,KXHIGHNY-26AUG23-B80.5,NO,ask,0.75,20.0,9,265.0,yes_dollars,KXHIGHNY-26AUG23,2026-08-24T05:00:00Z,active,True
2026-08-22T16:58:01.435712+00:00,KXHIGHNY-26AUG23-B80.5,NO,ask,0.76,20.0,10,285.0,yes_dollars,KXHIGHNY-26AUG23,2026-08-24T05:00:00Z,active,True
2026-08-22T16:58:01.435712+00:00,KXHIGHNY-26AUG23-B80.5,NO,ask,0.77,19.0,11,304.0,yes_dollars,KXHIGHNY-26AUG23,2026-08-24T05:00:00Z,active,True
2026-08-22T16:58:01.435712+00:00,KXHIGHNY-26AUG23-B80.5,NO,ask,0.78,76.0,12,380.0,yes_dollars,KXHIGHNY-26AUG23,2026-08-24T05:00:00Z,active,True
2026-08-22T16:58:01.435712+00:00,KXHIGHNY-26AUG23-B80.5,NO,ask,0.79,364.0,13,744.0,yes_dollars,KXHIGHNY-26AUG23,2026-08-24T05:00:00Z,active,True
2026-08-22T16:58:01.435712+00:00,KXHIGHNY-26AUG23-B80.5,NO,ask,0.8,740.86,14,1484.8600000000001,yes_dollars,KXHIGHNY-26AUG23,2026-08-24T05:00:00Z,active,True
2026-08-22T16:58:01.435712+00:00,KXHIGHNY-26AUG23-B80.5,NO,ask,0.81,19.0,15,1503.8600000000001,yes_dollars,KXHIGHNY-26AUG23,2026-08-24T05:00:00Z,active,True
2026-08-22T16:58:01.435712+00:00,KXHIGHNY-26AUG23-B80.5,NO,ask,0.82,72.0,16,1575.8600000000001,yes_dollars,KXHIGHNY-26AUG23,2026-08-24T05:00:00Z,active,True
2026-08-22T16:58:01.435712+00:00,KXHIGHNY-26AUG23-B80.5,NO,ask,0.83,10.0,17,1585.8600000000001,yes_dollars,KXHIGHNY-26AUG23,2026-08-24T05:00:00Z,active,True
2026-08-22T16:58:01.435712+00:00,KXHIGHNY-26AUG23-B80.5,NO,ask,0.85,42.0,18,1627.8600000000001,yes_dollars,KXHIGHNY-26AUG23,2026-08-24T05:00:00Z,active,True
2026-08-22T16:58:01.435712+00:00,KXHIGHNY-26AUG23-B80.5,NO,ask,0.86,7.0,19,1634.8600000000001,yes_dollars,KXHIGHNY-26AUG23,2026-08-24T05:00:00Z,active,True
2026-08-22T16:58:01.435712+00:00,KXHIGHNY-26AUG23-B80.5,NO,ask,0.87,430.0,20,2064.86,yes_dollars,KXHIGHNY-26AUG23,2026-08-24T05:00:00Z,active,True
2026-08-22T16:58:01.435712+00:00,KXHIGHNY-26AUG23-B80.5,NO,bid,0.58,39.82,1,39.82,no_dollars,KXHIGHNY-26AUG23,2026-08-24T05:00:00Z,active,True
2026-08-22T16:58:01.435712+00:00,KXHIGHNY-26AUG23-B80.5,NO,bid,0.57,1.0,2,40.82,no_dollars,KXHIGHNY-26AUG23,2026-08-24T05:00:00Z,active,True
2026-08-22T16:58:01.435712+00:00,KXHIGHNY-26AUG23-B80.5,NO,bid,0.56,29.0,3,69.82,no_dollars,KXHIGHNY-26AUG23,2026-08-24T05:00:00Z,active,True
2026-08-22T16:58:01.435712+00:00,KXHIGHNY-26AUG23-B80.5,NO,bid,0.55,47.0,4,116.82,no_dollars,KXHIGHNY-26AUG23,2026-08-24T05:00:00Z,active,True
2026-08-22T16:58:01.435712+00:00,KXHIGHNY-26AUG23-B80.5,NO,bid,0.54,25.0,5,141.82,no_dollars,KXHIGHNY-26AUG23,2026-08-24T05:00:00Z,active,True
2026-08-22T16:58:01.435712+00:00,KXHIGHNY-26AUG23-B80.5,NO,bid,0.53,50.37,6,192.19,no_dollars,KXHIGHNY-26AUG23,2026-08-24T05:00:00Z,active,True
2026-08-22T16:58:01.435712+00:00,KXHIGHNY-26AUG23-B80.5,NO,bid,0.52,25.0,7,217.19,no_dollars,KXHIGHNY-26AUG23,2026-08-24T05:00:00Z,active,True
2026-08-22T16:58:01.435712+00:00,KXHIGHNY-26AUG23-B80.5,NO,bid,0.5,427.0,8,644.19,no_dollars,KXHIGHNY-26AUG23,2026-08-24T05:00:00Z,active,True
2026-08-22T16:58:01.435712+00:00,KXHIGHNY-26AUG23-B80.5,NO,bid,0.49,698.0,9,1342.19,no_dollars,KXHIGHNY-26AUG23,2026-08-24T05:00:00Z,active,True
2026-08-22T16:58:01.435712+00:00,KXHIGHNY-26AUG23-B80.5,NO,bid,0.48,14.0,10,1356.19,no_dollars,KXHIGHNY-26AUG23,2026-08-24T05:00:00Z,active,True
2026-08-22T16:58:01.435712+00:00,KXHIGHNY-26AUG23-B80.5,NO,bid,0.47,5.0,11,1361.19,no_dollars,KXHIGHNY-26AUG23,2026-08-24T05:00:00Z,active,True
2026-08-22T16:58:01.435712+00:00,KXHIGHNY-26AUG23-B80.5,NO,bid,0.45,6.0,12,1367.19,no_dollars,KXHIGHNY-26AUG23,2026-08-24T05:00:00Z,active,True
2026-08-22T16:58:01.435712+00:00,KXHIGHNY-26AUG23-B80.5,NO,bid,0.43,20.0,13,1387.19,no_dollars,KXHIGHNY-26AUG23,2026-08-24T05:00:00Z,active,True
2026-08-22T16:58:01.435712+00:00,KXHIGHNY-26AUG23-B80.5,NO,bid,0.41,105.0,14,1492.19,no_dollars,KXHIGHNY-26AUG23,2026-08-24T05:00:00Z,active,True
2026-08-22T16:58:01.435712+00:00,KXHIGHNY-26AUG23-B80.5,NO,bid,0.4,8.0,15,1500.19,no_dollars,KXHIGHNY-26AUG23,2026-08-24T05:00:00Z,active,True
2026-08-22T16:58:01.435712+00:00,KXHIGHNY-26AUG23-B80.5,NO,bid,0.39,77.0,16,1577.19,no_dollars,KXHIGHNY-26AUG23,2026-08-24T05:00:00Z,active,True
2026-08-22T16:58:01.435712+00:00,KXHIGHNY-26AUG23-B80.5,NO,bid,0.36,51.0,17,1628.19,no_dollars,KXHIGHNY-26AUG23,2026-08-24T05:00:00Z,active,True
2026-08-22T16:58:01.435712+00:00,KXHIGHNY-26AUG23-B80.5,NO,bid,0.35,100.0,18,1728.19,no_dollars,KXHIGHNY-26AUG23,2026-08-24T05:00:00Z,active,True
2026-08-22T16:58:01.435712+00:00,KXHIGHNY-26AUG23-B80.5,NO,bid,0.34,30.0,19,1758.19,no_dollars,KXHIGHNY-26AUG23,2026-08-24T05:00:00Z,active,True
2026-08-22T16:58:01.435712+00:00,KXHIGHNY-26AUG23-B80.5,NO,bid,0.32,39.0,20,1797.19,no_dollars,KXHIGHNY-26AUG23,2026-08-24T05:00:00Z,active,True
2026-08-22T16:58:01.435712+00:00,KXHIGHNY-26AUG23-B80.5,YES,ask,0.42,39.82,1,39.82,no_dollars,KXHIGHNY-26AUG23,2026-08-24T05:00:00Z,active,True
2026-08-22T16:58:01.435712+00:00,KXHIGHNY-26AUG23-B80.5,YES,ask,0.43,1.0,2,40.82,no_dollars,KXHIGHNY-26AUG23,2026-08-24T05:00:00Z,active,True
2026-08-22T16:58:01.435712+00:00,KXHIGHNY-26AUG23-B80.5,YES,ask,0.44,29.0,3,69.82,no_dollars,KXHIGHNY-26AUG23,2026-08-24T05:00:00Z,active,True
2026-08-22T16:58:01.435712+00:00,KXHIGHNY-26AUG23-B80.5,YES,ask,0.45,47.0,4,116.82,no_dollars,KXHIGHNY-26AUG23,2026-08-24T05:00:00Z,active,True
2026-08-22T16:58:01.435712+00:00,KXHIGHNY-26AUG23-B80.5,YES,ask,0.46,25.0,5,141.82,no_dollars,KXHIGHNY-26AUG23,2026-08-24T05:00:00Z,active,True
2026-08-22T16:58:01.435712+00:00,KXHIGHNY-26AUG23-B80.5,YES,ask,0.47,50.37,6,192.19,no_dollars,KXHIGHNY-26AUG23,2026-08-24T05:00:00Z,active,True
2026-08-22T16:58:01.435712+00:00,KXHIGHNY-26AUG23-B80.5,YES,ask,0.48,25.0,7,217.19,no_dollars,KXHIGHNY-26AUG23,2026-08-24T05:00:00Z,active,True
2026-08-22T16:58:01.435712+00:00,KXHIGHNY-26AUG23-B80.5,YES,ask,0.5,427.0,8,644.19,no_dollars,KXHIGHNY-26AUG23,2026-08-24T05:00:00Z,active,True
2026-08-22T16:58:01.435712+00:00,KXHIGHNY-26AUG23-B80.5,YES,ask,0.51,698.0,9,1342.19,no_dollars,KXHIGHNY-26AUG23,2026-08-24T05:00:00Z,active,True
2026-08-22T16:58:01.435712+00:00,KXHIGHNY-26AUG23-B80.5,YES,ask,0.52,14.0,10,1356.19,no_dollars,KXHIGHNY-26AUG23,2026-08-24T05:00:00Z,active,True
2026-08-22T16:58:01.435712+00:00,KXHIGHNY-26AUG23-B80.5,YES,ask,0.53,5.0,11,1361.19,no_dollars,KXHIGHNY-26AUG23,2026-08-24T05:00:00Z,active,True
2026-08-22T16:58:01.435712+00:00,KXHIGHNY-26AUG23-B80.5,YES,ask,0.55,6.0,12,1367.19,no_dollars,KXHIGHNY-26AUG23,2026-08-24T05:00:00Z,active,True
2026-08-22T16:58:01.435712+00:00,KXHIGHNY-26AUG23-B80.5,YES,ask,0.57,20.0,13,1387.19,no_dollars,KXHIGHNY-26AUG23,2026-08-24T05:00:00Z,active,True
2026-08-22T16:58:01.435712+00:00,KXHIGHNY-26AUG23-B80.5,YES,ask,0.59,105.0,14,1492.19,no_dollars,KXHIGHNY-26AUG23,2026-08-24T05:00:00Z,active,True
2026-08-22T16:58:01.435712+00:00,KXHIGHNY-26AUG23-B80.5,YES,ask,0.6,8.0,15,1500.19,no_dollars,KXHIGHNY-26AUG23,2026-08-24T05:00:00Z,active,True
2026-08-22T16:58:01.435712+00:00,KXHIGHNY-26AUG23-B80.5,YES,ask,0.61,77.0,16,1577.19,no_dollars,KXHIGHNY-26AUG23,2026-08-24T05:00:00Z,active,True
2026-08-22T16:58:01.435712+00:00,KXHIGHNY-26AUG23-B80.5,YES,ask,0.64,51.0,17,1628.19,no_dollars,KXHIGHNY-26AUG23,2026-08-24T05:00:00Z,active,True
2026-08-22T16:58:01.435712+00:00,KXHIGHNY-26AUG23-B80.5,YES,ask,0.65,100.0,18,1728.19,no_dollars,KXHIGHNY-26AUG23,2026-08-24T05:00:00Z,active,True
2026-08-22T16:58:01.435712+00:00,KXHIGHNY-26AUG23-B80.5,YES,ask,0.66,30.0,19,1758.19,no_dollars,KXHIGHNY-26AUG23,2026-08-24T05:00:00Z,active,True
2026-08-22T16:58:01.435712+00:00,KXHIGHNY-26AUG23-B80.5,YES,ask,0.68,39.0,20,1797.19,no_dollars,KXHIGHNY-26AUG23,2026-08-24T05:00:00Z,active,True
2026-08-22T16:58:01.435712+00:00,KXHIGHNY-26AUG22-T80,NO,bid,0.99,5604.82,1,5604.82,no_dollars,KXHIGHNY-26AUG22,2026-08-23T05:00:00Z,active,True
2026-08-22T16:58:01.435712+00:00,KXHIGHNY-26AUG22-T80,NO,bid,0.98,1749.0,2,7353.82,no_dollars,KXHIGHNY-26AUG22,2026-08-23T05:00:00Z,active,True
2026-08-22T16:58:01.435712+00:00,KXHIGHNY-26AUG22-T80,NO,bid,0.97,702.0,3,8055.82,no_dollars,KXHIGHNY-26AUG22,2026-08-23T05:00:00Z,active,True
2026-08-22T16:58:01.435712+00:00,KXHIGHNY-26AUG22-T80,NO,bid,0.96,121.0,4,8176.82,no_dollars,KXHIGHNY-26AUG22,2026-08-23T05:00:00Z,active,True
2026-08-22T16:58:01.435712+00:00,KXHIGHNY-26AUG22-T80,NO,bid,0.95,113.0,5,8289.82,no_dollars,KXHIGHNY-26AUG22,2026-08-23T05:00:00Z,active,True
2026-08-22T16:58:01.435712+00:00,KXHIGHNY-26AUG22-T80,NO,bid,0.93,25.0,6,8314.82,no_dollars,KXHIGHNY-26AUG22,2026-08-23T05:00:00Z,active,True
2026-08-22T16:58:01.435712+00:00,KXHIGHNY-26AUG22-T80,NO,bid,0.92,15.0,7,8329.82,no_dollars,KXHIGHNY-26AUG22,2026-08-23T05:00:00Z,active,True
2026-08-22T16:58:01.435712+00:00,KXHIGHNY-26AUG22-T80,NO,bid,0.85,60.0,8,8389.82,no_dollars,KXHIGHNY-26AUG22,2026-08-23T05:00:00Z,active,True
2026-08-22T16:58:01.435712+00:00,KXHIGHNY-26AUG22-T80,NO,bid,0.75,46.0,9,8435.82,no_dollars,KXHIGHNY-26AUG22,2026-08-23T05:00:00Z,active,True
2026-08-22T16:58:01.435712+00:00,KXHIGHNY-26AUG22-T80,NO,bid,0.73,20.0,10,8455.82,no_dollars,KXHIGHNY-26AUG22,2026-08-23T05:00:00Z,active,True
2026-08-22T16:58:01.435712+00:00,KXHIGHNY-26AUG22-T80,NO,bid,0.7,88.0,11,8543.82,no_dollars,KXHIGHNY-26AUG22,2026-08-23T05:00:00Z,active,True
2026-08-22T16:58:01.435712+00:00,KXHIGHNY-26AUG22-T80,NO,bid,0.66,30.0,12,8573.82,no_dollars,KXHIGHNY-26AUG22,2026-08-23T05:00:00Z,active,True
2026-08-22T16:58:01.435712+00:00,KXHIGHNY-26AUG22-T80,NO,bid,0.65,88.0,13,8661.82,no_dollars,KXHIGHNY-26AUG22,2026-08-23T05:00:00Z,active,True
2026-08-22T16:58:01.435712+00:00,KXHIGHNY-26AUG22-T80,NO,bid,0.6,88.0,14,8749.82,no_dollars,KXHIGHNY-26AUG22,2026-08-23T05:00:00Z,active,True
2026-08-22T16:58:01.435712+00:00,KXHIGHNY-26AUG22-T80,NO,bid,0.55,88.0,15,8837.82,no_dollars,KXHIGHNY-26AUG22,2026-08-23T05:00:00Z,active,True
2026-08-22T16:58:01.435712+00:00,KXHIGHNY-26AUG22-T80,NO,bid,0.5,51.0,16,8888.82,no_dollars,KXHIGHNY-26AUG22,2026-08-23T05:00:00Z,active,True
2026-08-22T16:58:01.435712+00:00,KXHIGHNY-26AUG22-T80,NO,bid,0.46,31.0,17,8919.82,no_dollars,KXHIGHNY-26AUG22,2026-08-23T05:00:00Z,active,True
2026-08-22T16:58:01.435712+00:00,KXHIGHNY-26AUG22-T80,NO,bid,0.45,28.0,18,8947.82,no_dollars,KXHIGHNY-26AUG22,2026-08-23T05:00:00Z,active,True
2026-08-22T16:58:01.435712+00:00,KXHIGHNY-26AUG22-T80,NO,bid,0.41,101.0,19,9048.82,no_dollars,KXHIGHNY-26AUG22,2026-08-23T05:00:00Z,active,True
2026-08-22T16:58:01.435712+00:00,KXHIGHNY-26AUG22-T80,NO,bid,0.4,5.0,20,9053.82,no_dollars,KXHIGHNY-26AUG22,2026-08-23T05:00:00Z,active,True
2026-08-22T16:58:01.435712+00:00,KXHIGHNY-26AUG22-T80,YES,ask,0.01,5604.82,1,5604.82,no_dollars,KXHIGHNY-26AUG22,2026-08-23T05:00:00Z,active,True
2026-08-22T16:58:01.435712+00:00,KXHIGHNY-26AUG22-T80,YES,ask,0.02,1749.0,2,7353.82,no_dollars,KXHIGHNY-26AUG22,2026-08-23T05:00:00Z,active,True
2026-08-22T16:58:01.435712+00:00,KXHIGHNY-26AUG22-T80,YES,ask,0.03,702.0,3,8055.82,no_dollars,KXHIGHNY-26AUG22,2026-08-23T05:00:00Z,active,True
2026-08-22T16:58:01.435712+00:00,KXHIGHNY-26AUG22-T80,YES,ask,0.04,121.0,4,8176.82,no_dollars,KXHIGHNY-26AUG22,2026-08-23T05:00:00Z,active,True
2026-08-22T16:58:01.435712+00:00,KXHIGHNY-26AUG22-T80,YES,ask,0.05,113.0,5,8289.82,no_dollars,KXHIGHNY-26AUG22,2026-08-23T05:00:00Z,active,True
2026-08-22T16:58:01.435712+00:00,KXHIGHNY-26AUG22-T80,YES,ask,0.07,25.0,6,8314.82,no_dollars,KXHIGHNY-26AUG22,2026-08-23T05:00:00Z,active,True
2026-08-22T16:58:01.435712+00:00,KXHIGHNY-26AUG22-T80,YES,ask,0.08,15.0,7,8329.82,no_dollars,KXHIGHNY-26AUG22,2026-08-23T05:00:00Z,active,True
2026-08-22T16:58:01.435712+00:00,KXHIGHNY-26AUG22-T80,YES,ask,0.15,60.0,8,8389.82,no_dollars,KXHIGHNY-26AUG22,2026-08-23T05:00:00Z,active,True
2026-08-22T16:58:01.435712+00:00,KXHIGHNY-26AUG22-T80,YES,ask,0.25,46.0,9,8435.82,no_dollars,KXHIGHNY-26AUG22,2026-08-23T05:00:00Z,active,True
2026-08-22T16:58:01.435712+00:00,KXHIGHNY-26AUG22-T80,YES,ask,0.27,20.0,10,8455.82,no_dollars,KXHIGHNY-26AUG22,2026-08-23T05:00:00Z,active,True
2026-08-22T16:58:01.435712+00:00,KXHIGHNY-26AUG22-T80,YES,ask,0.3,88.0,11,8543.82,no_dollars,KXHIGHNY-26AUG22,2026-08-23T05:00:00Z,active,True
2026-08-22T16:58:01.435712+00:00,KXHIGHNY-26AUG22-T80,YES,ask,0.34,30.0,12,8573.82,no_dollars,KXHIGHNY-26AUG22,2026-08-23T05:00:00Z,active,True
2026-08-22T16:58:01.435712+00:00,KXHIGHNY-26AUG22-T80,YES,ask,0.35,88.0,13,8661.82,no_dollars,KXHIGHNY-26AUG22,2026-08-23T05:00:00Z,active,True
2026-08-22T16:58:01.435712+00:00,KXHIGHNY-26AUG22-T80,YES,ask,0.4,88.0,14,8749.82,no_dollars,KXHIGHNY-26AUG22,2026-08-23T05:00:00Z,active,True
2026-08-22T16:58:01.435712+00:00,KXHIGHNY-26AUG22-T80,YES,ask,0.45,88.0,15,8837.82,no_dollars,KXHIGHNY-26AUG22,2026-08-23T05:00:00Z,active,True
2026-08-22T16:58:01.435712+00:00,KXHIGHNY-26AUG22-T80,YES,ask,0.5,51.0,16,8888.82,no_dollars,KXHIGHNY-26AUG22,2026-08-23T05:00:00Z,active,True
2026-08-22T16:58:01.435712+00:00,KXHIGHNY-26AUG22-T80,YES,ask,0.54,31.0,17,8919.82,no_dollars,KXHIGHNY-26AUG22,2026-08-23T05:00:00Z,active,True
2026-08-22T16:58:01.435712+00:00,KXHIGHNY-26AUG22-T80,YES,ask,0.55,28.0,18,8947.82,no_dollars,KXHIGHNY-26AUG22,2026-08-23T05:00:00Z,active,True
2026-08-22T16:58:01.435712+00:00,KXHIGHNY-26AUG22-T80,YES,ask,0.59,101.0,19,9048.82,no_dollars,KXHIGHNY-26AUG22,2026-08-23T05:00:00Z,active,True
2026-08-22T16:58:01.435712+00:00,KXHIGHNY-26AUG22-T80,YES,ask,0.6,5.0,20,9053.82,no_dollars,KXHIGHNY-26AUG22,2026-08-23T05:00:00Z,active,True
2026-08-22T16:58:01.435712+00:00,KXHIGHNY-26AUG22-T73,NO,bid,0.99,101893.73,1,101893.73,no_dollars,KXHIGHNY-26AUG22,2026-08-23T05:00:00Z,active,True
2026-08-22T16:58:01.435712+00:00,KXHIGHNY-26AUG22-T73,NO,bid,0.98,4334.63,2,106228.36,no_dollars,KXHIGHNY-26AUG22,2026-08-23T05:00:00Z,active,True
2026-08-22T16:58:01.435712+00:00,KXHIGHNY-26AUG22-T73,NO,bid,0.97,262.37,3,106490.73,no_dollars,KXHIGHNY-26AUG22,2026-08-23T05:00:00Z,active,True
2026-08-22T16:58:01.435712+00:00,KXHIGHNY-26AUG22-T73,NO,bid,0.96,520.0,4,107010.73,no_dollars,KXHIGHNY-26AUG22,2026-08-23T05:00:00Z,active,True
2026-08-22T16:58:01.435712+00:00,KXHIGHNY-26AUG22-T73,NO,bid,0.95,405.0,5,107415.73,no_dollars,KXHIGHNY-26AUG22,2026-08-23T05:00:00Z,active,True
2026-08-22T16:58:01.435712+00:00,KXHIGHNY-26AUG22-T73,NO,bid,0.94,1098.0,6,108513.73,no_dollars,KXHIGHNY-26AUG22,2026-08-23T05:00:00Z,active,True
2026-08-22T16:58:01.435712+00:00,KXHIGHNY-26AUG22-T73,NO,bid,0.93,645.0,7,109158.73,no_dollars,KXHIGHNY-26AUG22,2026-08-23T05:00:00Z,active,True
2026-08-22T16:58:01.435712+00:00,KXHIGHNY-26AUG22-T73,NO,bid,0.92,33.0,8,109191.73,no_dollars,KXHIGHNY-26AUG22,2026-08-23T05:00:00Z,active,True
2026-08-22T16:58:01.435712+00:00,KXHIGHNY-26AUG22-T73,NO,bid,0.91,679.0,9,109870.73,no_dollars,KXHIGHNY-26AUG22,2026-08-23T05:00:00Z,active,True
2026-08-22T16:58:01.435712+00:00,KXHIGHNY-26AUG22-T73,NO,bid,0.9,1.0,10,109871.73,no_dollars,KXHIGHNY-26AUG22,2026-08-23T05:00:00Z,active,True
2026-08-22T16:58:01.435712+00:00,KXHIGHNY-26AUG22-T73,NO,bid,0.88,18.0,11,109889.73,no_dollars,KXHIGHNY-26AUG22,2026-08-23T05:00:00Z,active,True
2026-08-22T16:58:01.435712+00:00,KXHIGHNY-26AUG22-T73,NO,bid,0.85,50.0,12,109939.73,no_dollars,KXHIGHNY-26AUG22,2026-08-23T05:00:00Z,active,True
2026-08-22T16:58:01.435712+00:00,KXHIGHNY-26AUG22-T73,NO,bid,0.84,26.0,13,109965.73,no_dollars,KXHIGHNY-26AUG22,2026-08-23T05:00:00Z,active,True
2026-08-22T16:58:01.435712+00:00,KXHIGHNY-26AUG22-T73,NO,bid,0.75,25.0,14,109990.73,no_dollars,KXHIGHNY-26AUG22,2026-08-23T05:00:00Z,active,True
2026-08-22T16:58:01.435712+00:00,KXHIGHNY-26AUG22-T73,NO,bid,0.73,62.08,15,110052.81,no_dollars,KXHIGHNY-26AUG22,2026-08-23T05:00:00Z,active,True
2026-08-22T16:58:01.435712+00:00,KXHIGHNY-26AUG22-T73,NO,bid,0.7,89.0,16,110141.81,no_dollars,KXHIGHNY-26AUG22,2026-08-23T05:00:00Z,active,True
2026-08-22T16:58:01.435712+00:00,KXHIGHNY-26AUG22-T73,NO,bid,0.69,93.51,17,110235.31999999999,no_dollars,KXHIGHNY-26AUG22,2026-08-23T05:00:00Z,active,True
2026-08-22T16:58:01.435712+00:00,KXHIGHNY-26AUG22-T73,NO,bid,0.65,88.0,18,110323.31999999999,no_dollars,KXHIGHNY-26AUG22,2026-08-23T05:00:00Z,active,True
2026-08-22T16:58:01.435712+00:00,KXHIGHNY-26AUG22-T73,NO,bid,0.6,88.0,19,110411.31999999999,no_dollars,KXHIGHNY-26AUG22,2026-08-23T05:00:00Z,active,True
2026-08-22T16:58:01.435712+00:00,KXHIGHNY-26AUG22-T73,NO,bid,0.55,88.0,20,110499.31999999999,no_dollars,KXHIGHNY-26AUG22,2026-08-23T05:00:00Z,active,True
2026-08-22T16:58:01.435712+00:00,KXHIGHNY-26AUG22-T73,YES,ask,0.01,101893.73,1,101893.73,no_dollars,KXHIGHNY-26AUG22,2026-08-23T05:00:00Z,active,True
2026-08-22T16:58:01.435712+00:00,KXHIGHNY-26AUG22-T73,YES,ask,0.02,4334.63,2,106228.36,no_dollars,KXHIGHNY-26AUG22,2026-08-23T05:00:00Z,active,True
2026-08-22T16:58:01.435712+00:00,KXHIGHNY-26AUG22-T73,YES,ask,0.03,262.37,3,106490.73,no_dollars,KXHIGHNY-26AUG22,2026-08-23T05:00:00Z,active,True
2026-08-22T16:58:01.435712+00:00,KXHIGHNY-26AUG22-T73,YES,ask,0.04,520.0,4,107010.73,no_dollars,KXHIGHNY-26AUG22,2026-08-23T05:00:00Z,active,True
2026-08-22T16:58:01.435712+00:00,KXHIGHNY-26AUG22-T73,YES,ask,0.05,405.0,5,107415.73,no_dollars,KXHIGHNY-26AUG22,2026-08-23T05:00:00Z,active,True
2026-08-22T16:58:01.435712+00:00,KXHIGHNY-26AUG22-T73,YES,ask,0.06,1098.0,6,108513.73,no_dollars,KXHIGHNY-26AUG22,2026-08-23T05:00:00Z,active,True
2026-08-22T16:58:01.435712+00:00,KXHIGHNY-26AUG22-T73,YES,ask,0.07,645.0,7,109158.73,no_dollars,KXHIGHNY-26AUG22,2026-08-23T05:00:00Z,active,True
2026-08-22T16:58:01.435712+00:00,KXHIGHNY-26AUG22-T73,YES,ask,0.08,33.0,8,109191.73,no_dollars,KXHIGHNY-26AUG22,2026-08-23T05:00:00Z,active,True
2026-08-22T16:58:01.435712+00:00,KXHIGHNY-26AUG22-T73,YES,ask,0.09,679.0,9,109870.73,no_dollars,KXHIGHNY-26AUG22,2026-08-23T05:00:00Z,active,True
2026-08-22T16:58:01.435712+00:00,KXHIGHNY-26AUG22-T73,YES,ask,0.1,1.0,10,109871.73,no_dollars,KXHIGHNY-26AUG22,2026-08-23T05:00:00Z,active,True
2026-08-22T16:58:01.435712+00:00,KXHIGHNY-26AUG22-T73,YES,ask,0.12,18.0,11,109889.73,no_dollars,KXHIGHNY-26AUG22,2026-08-23T05:00:00Z,active,True
2026-08-22T16:58:01.435712+00:00,KXHIGHNY-26AUG22-T73,YES,ask,0.15,50.0,12,109939.73,no_dollars,KXHIGHNY-26AUG22,2026-08-23T05:00:00Z,active,True
2026-08-22T16:58:01.435712+00:00,KXHIGHNY-26AUG22-T73,YES,ask,0.16,26.0,13,109965.73,no_dollars,KXHIGHNY-26AUG22,2026-08-23T05:00:00Z,active,True
2026-08-22T16:58:01.435712+00:00,KXHIGHNY-26AUG22-T73,YES,ask,0.25,25.0,14,109990.73,no_dollars,KXHIGHNY-26AUG22,2026-08-23T05:00:00Z,active,True
2026-08-22T16:58:01.435712+00:00,KXHIGHNY-26AUG22-T73,YES,ask,0.27,62.08,15,110052.81,no_dollars,KXHIGHNY-26AUG22,2026-08-23T05:00:00Z,active,True
2026-08-22T16:58:01.435712+00:00,KXHIGHNY-26AUG22-T73,YES,ask,0.3,89.0,16,110141.81,no_dollars,KXHIGHNY-26AUG22,2026-08-23T05:00:00Z,active,True
2026-08-22T16:58:01.435712+00:00,KXHIGHNY-26AUG22-T73,YES,ask,0.31,93.51,17,110235.31999999999,no_dollars,KXHIGHNY-26AUG22,2026-08-23T05:00:00Z,active,True
2026-08-22T16:58:01.435712+00:00,KXHIGHNY-26AUG22-T73,YES,ask,0.35,88.0,18,110323.31999999999,no_dollars,KXHIGHNY-26AUG22,2026-08-23T05:00:00Z,active,True
2026-08-22T16:58:01.435712+00:00,KXHIGHNY-26AUG22-T73,YES,ask,0.4,88.0,19,110411.31999999999,no_dollars,KXHIGHNY-26AUG22,2026-08-23T05:00:00Z,active,True
2026-08-22T16:58:01.435712+00:00,KXHIGHNY-26AUG22-T73,YES,ask,0.45,88.0,20,110499.31999999999,no_dollars,KXHIGHNY-26AUG22,2026-08-23T05:00:00Z,active,True
2026-08-22T16:58:01.435712+00:00,KXHIGHNY-26AUG22-B79.5,NO,bid,0.99,65.49,1,65.49,no_dollars,KXHIGHNY-26AUG22,2026-08-23T05:00:00Z,active,True
2026-08-22T16:58:01.435712+00:00,KXHIGHNY-26AUG22-B79.5,NO,bid,0.98,254.0,2,319.49,no_dollars,KXHIGHNY-26AUG22,2026-08-23T05:00:00Z,active,True
2026-08-22T16:58:01.435712+00:00,KXHIGHNY-26AUG22-B79.5,NO,bid,0.97,145.21,3,464.70000000000005,no_dollars,KXHIGHNY-26AUG22,2026-08-23T05:00:00Z,active,True
2026-08-22T16:58:01.435712+00:00,KXHIGHNY-26AUG22-B79.5,NO,bid,0.96,108.0,4,572.7,no_dollars,KXHIGHNY-26AUG22,2026-08-23T05:00:00Z,active,True
2026-08-22T16:58:01.435712+00:00,KXHIGHNY-26AUG22-B79.5,NO,bid,0.95,215.81,5,788.51,no_dollars,KXHIGHNY-26AUG22,2026-08-23T05:00:00Z,active,True
2026-08-22T16:58:01.435712+00:00,KXHIGHNY-26AUG22-B79.5,NO,bid,0.94,56.0,6,844.51,no_dollars,KXHIGHNY-26AUG22,2026-08-23T05:00:00Z,active,True
2026-08-22T16:58:01.435712+00:00,KXHIGHNY-26AUG22-B79.5,NO,bid,0.93,13.0,7,857.51,no_dollars,KXHIGHNY-26AUG22,2026-08-23T05:00:00Z,active,True
2026-08-22T16:58:01.435712+00:00,KXHIGHNY-26AUG22-B79.5,NO,bid,0.92,54.82,8,912.33,no_dollars,KXHIGHNY-26AUG22,2026-08-23T05:00:00Z,active,True
2026-08-22T16:58:01.435712+00:00,KXHIGHNY-26AUG22-B79.5,NO,bid,0.91,65.0,9,977.33,no_dollars,KXHIGHNY-26AUG22,2026-08-23T05:00:00Z,active,True
2026-08-22T16:58:01.435712+00:00,KXHIGHNY-26AUG22-B79.5,NO,bid,0.88,10.51,10,987.84,no_dollars,KXHIGHNY-26AUG22,2026-08-23T05:00:00Z,active,True
2026-08-22T16:58:01.435712+00:00,KXHIGHNY-26AUG22-B79.5,NO,bid,0.85,41.0,11,1028.8400000000001,no_dollars,KXHIGHNY-26AUG22,2026-08-23T05:00:00Z,active,True
2026-08-22T16:58:01.435712+00:00,KXHIGHNY-26AUG22-B79.5,NO,bid,0.75,20.0,12,1048.8400000000001,no_dollars,KXHIGHNY-26AUG22,2026-08-23T05:00:00Z,active,True
2026-08-22T16:58:01.435712+00:00,KXHIGHNY-26AUG22-B79.5,NO,bid,0.73,20.0,13,1068.8400000000001,no_dollars,KXHIGHNY-26AUG22,2026-08-23T05:00:00Z,active,True
2026-08-22T16:58:01.435712+00:00,KXHIGHNY-26AUG22-B79.5,NO,bid,0.72,2.0,14,1070.8400000000001,no_dollars,KXHIGHNY-26AUG22,2026-08-23T05:00:00Z,active,True
2026-08-22T16:58:01.435712+00:00,KXHIGHNY-26AUG22-B79.5,NO,bid,0.71,708.0,15,1778.8400000000001,no_dollars,KXHIGHNY-26AUG22,2026-08-23T05:00:00Z,active,True
2026-08-22T16:58:01.435712+00:00,KXHIGHNY-26AUG22-B79.5,NO,bid,0.7,89.0,16,1867.8400000000001,no_dollars,KXHIGHNY-26AUG22,2026-08-23T05:00:00Z,active,True
2026-08-22T16:58:01.435712+00:00,KXHIGHNY-26AUG22-B79.5,NO,bid,0.65,88.0,17,1955.8400000000001,no_dollars,KXHIGHNY-26AUG22,2026-08-23T05:00:00Z,active,True
2026-08-22T16:58:01.435712+00:00,KXHIGHNY-26AUG22-B79.5,NO,bid,0.6,88.0,18,2043.8400000000001,no_dollars,KXHIGHNY-26AUG22,2026-08-23T05:00:00Z,active,True
2026-08-22T16:58:01.435712+00:00,KXHIGHNY-26AUG22-B79.5,NO,bid,0.55,88.0,19,2131.84,no_dollars,KXHIGHNY-26AUG22,2026-08-23T05:00:00Z,active,True
2026-08-22T16:58:01.435712+00:00,KXHIGHNY-26AUG22-B79.5,NO,bid,0.5,51.0,20,2182.84,no_dollars,KXHIGHNY-26AUG22,2026-08-23T05:00:00Z,active,True
2026-08-22T16:58:01.435712+00:00,KXHIGHNY-26AUG22-B79.5,YES,ask,0.01,65.49,1,65.49,no_dollars,KXHIGHNY-26AUG22,2026-08-23T05:00:00Z,active,True
2026-08-22T16:58:01.435712+00:00,KXHIGHNY-26AUG22-B79.5,YES,ask,0.02,254.0,2,319.49,no_dollars,KXHIGHNY-26AUG22,2026-08-23T05:00:00Z,active,True
2026-08-22T16:58:01.435712+00:00,KXHIGHNY-26AUG22-B79.5,YES,ask,0.03,145.21,3,464.70000000000005,no_dollars,KXHIGHNY-26AUG22,2026-08-23T05:00:00Z,active,True
2026-08-22T16:58:01.435712+00:00,KXHIGHNY-26AUG22-B79.5,YES,ask,0.04,108.0,4,572.7,no_dollars,KXHIGHNY-26AUG22,2026-08-23T05:00:00Z,active,True
2026-08-22T16:58:01.435712+00:00,KXHIGHNY-26AUG22-B79.5,YES,ask,0.05,215.81,5,788.51,no_dollars,KXHIGHNY-26AUG22,2026-08-23T05:00:00Z,active,True
2026-08-22T16:58:01.435712+00:00,KXHIGHNY-26AUG22-B79.5,YES,ask,0.06,56.0,6,844.51,no_dollars,KXHIGHNY-26AUG22,2026-08-23T05:00:00Z,active,True
2026-08-22T16:58:01.435712+00:00,KXHIGHNY-26AUG22-B79.5,YES,ask,0.07,13.0,7,857.51,no_dollars,KXHIGHNY-26AUG22,2026-08-23T05:00:00Z,active,True
2026-08-22T16:58:01.435712+00:00,KXHIGHNY-26AUG22-B79.5,YES,ask,0.08,54.82,8,912.33,no_dollars,KXHIGHNY-26AUG22,2026-08-23T05:00:00Z,active,True
2026-08-22T16:58:01.435712+00:00,KXHIGHNY-26AUG22-B79.5,YES,ask,0.09,65.0,9,977.33,no_dollars,KXHIGHNY-26AUG22,2026-08-23T05:00:00Z,active,True
2026-08-22T16:58:01.435712+00:00,KXHIGHNY-26AUG22-B79.5,YES,ask,0.12,10.51,10,987.84,no_dollars,KXHIGHNY-26AUG22,2026-08-23T05:00:00Z,active,True
2026-08-22T16:58:01.435712+00:00,KXHIGHNY-26AUG22-B79.5,YES,ask,0.15,41.0,11,1028.8400000000001,no_dollars,KXHIGHNY-26AUG22,2026-08-23T05:00:00Z,active,True
2026-08-22T16:58:01.435712+00:00,KXHIGHNY-26AUG22-B79.5,YES,ask,0.25,20.0,12,1048.8400000000001,no_dollars,KXHIGHNY-26AUG22,2026-08-23T05:00:00Z,active,True
2026-08-22T16:58:01.435712+00:00,KXHIGHNY-26AUG22-B79.5,YES,ask,0.27,20.0,13,1068.8400000000001,no_dollars,KXHIGHNY-26AUG22,2026-08-23T05:00:00Z,active,True
2026-08-22T16:58:01.435712+00:00,KXHIGHNY-26AUG22-B79.5,YES,ask,0.28,2.0,14,1070.8400000000001,no_dollars,KXHIGHNY-26AUG22,2026-08-23T05:00:00Z,active,True
2026-08-22T16:58:01.435712+00:00,KXHIGHNY-26AUG22-B79.5,YES,ask,0.29,708.0,15,1778.8400000000001,no_dollars,KXHIGHNY-26AUG22,2026-08-23T05:00:00Z,active,True
2026-08-22T16:58:01.435712+00:00,KXHIGHNY-26AUG22-B79.5,YES,ask,0.3,89.0,16,1867.8400000000001,no_dollars,KXHIGHNY-26AUG22,2026-08-23T05:00:00Z,active,True
2026-08-22T16:58:01.435712+00:00,KXHIGHNY-26AUG22-B79.5,YES,ask,0.35,88.0,17,1955.8400000000001,no_dollars,KXHIGHNY-26AUG22,2026-08-23T05:00:00Z,active,True
2026-08-22T16:58:01.435712+00:00,KXHIGHNY-26AUG22-B79.5,YES,ask,0.4,88.0,18,2043.8400000000001,no_dollars,KXHIGHNY-26AUG22,2026-08-23T05:00:00Z,active,True
2026-08-22T16:58:01.435712+00:00,KXHIGHNY-26AUG22-B79.5,YES,ask,0.45,88.0,19,2131.84,no_dollars,KXHIGHNY-26AUG22,2026-08-23T05:00:00Z,active,True
2026-08-22T16:58:01.435712+00:00,KXHIGHNY-26AUG22-B79.5,YES,ask,0.5,51.0,20,2182.84,no_dollars,KXHIGHNY-26AUG22,2026-08-23T05:00:00Z,active,True
2026-08-22T16:58:01.435712+00:00,KXHIGHNY-26AUG22-B77.5,YES,bid,0.22,76.0,1,76.0,yes_dollars,KXHIGHNY-26AUG22,2026-08-23T05:00:00Z,active,True
2026-08-22T16:58:01.435712+00:00,KXHIGHNY-26AUG22-B77.5,YES,bid,0.21,1.0,2,77.0,yes_dollars,KXHIGHNY-26AUG22,2026-08-23T05:00:00Z,active,True
2026-08-22T16:58:01.435712+00:00,KXHIGHNY-26AUG22-B77.5,YES,bid,0.2,55.0,3,132.0,yes_dollars,KXHIGHNY-26AUG22,2026-08-23T05:00:00Z,active,True
2026-08-22T16:58:01.435712+00:00,KXHIGHNY-26AUG22-B77.5,YES,bid,0.19,271.0,4,403.0,yes_dollars,KXHIGHNY-26AUG22,2026-08-23T05:00:00Z,active,True
2026-08-22T16:58:01.435712+00:00,KXHIGHNY-26AUG22-B77.5,YES,bid,0.18,112.0,5,515.0,yes_dollars,KXHIGHNY-26AUG22,2026-08-23T05:00:00Z,active,True
2026-08-22T16:58:01.435712+00:00,KXHIGHNY-26AUG22-B77.5,YES,bid,0.16,125.0,6,640.0,yes_dollars,KXHIGHNY-26AUG22,2026-08-23T05:00:00Z,active,True
2026-08-22T16:58:01.435712+00:00,KXHIGHNY-26AUG22-B77.5,YES,bid,0.15,21.0,7,661.0,yes_dollars,KXHIGHNY-26AUG22,2026-08-23T05:00:00Z,active,True
2026-08-22T16:58:01.435712+00:00,KXHIGHNY-26AUG22-B77.5,YES,bid,0.14,92.0,8,753.0,yes_dollars,KXHIGHNY-26AUG22,2026-08-23T05:00:00Z,active,True
2026-08-22T16:58:01.435712+00:00,KXHIGHNY-26AUG22-B77.5,YES,bid,0.13,16.0,9,769.0,yes_dollars,KXHIGHNY-26AUG22,2026-08-23T05:00:00Z,active,True
2026-08-22T16:58:01.435712+00:00,KXHIGHNY-26AUG22-B77.5,YES,bid,0.12,134.69,10,903.69,yes_dollars,KXHIGHNY-26AUG22,2026-08-23T05:00:00Z,active,True
2026-08-22T16:58:01.435712+00:00,KXHIGHNY-26AUG22-B77.5,YES,bid,0.11,18.0,11,921.69,yes_dollars,KXHIGHNY-26AUG22,2026-08-23T05:00:00Z,active,True
2026-08-22T16:58:01.435712+00:00,KXHIGHNY-26AUG22-B77.5,YES,bid,0.1,285.0,12,1206.69,yes_dollars,KXHIGHNY-26AUG22,2026-08-23T05:00:00Z,active,True
2026-08-22T16:58:01.435712+00:00,KXHIGHNY-26AUG22-B77.5,YES,bid,0.09,337.0,13,1543.69,yes_dollars,KXHIGHNY-26AUG22,2026-08-23T05:00:00Z,active,True
2026-08-22T16:58:01.435712+00:00,KXHIGHNY-26AUG22-B77.5,YES,bid,0.08,35.0,14,1578.69,yes_dollars,KXHIGHNY-26AUG22,2026-08-23T05:00:00Z,active,True
2026-08-22T16:58:01.435712+00:00,KXHIGHNY-26AUG22-B77.5,YES,bid,0.07,57.0,15,1635.69,yes_dollars,KXHIGHNY-26AUG22,2026-08-23T05:00:00Z,active,True
2026-08-22T16:58:01.435712+00:00,KXHIGHNY-26AUG22-B77.5,YES,bid,0.06,542.0,16,2177.69,yes_dollars,KXHIGHNY-26AUG22,2026-08-23T05:00:00Z,active,True
2026-08-22T16:58:01.435712+00:00,KXHIGHNY-26AUG22-B77.5,YES,bid,0.05,21.0,17,2198.69,yes_dollars,KXHIGHNY-26AUG22,2026-08-23T05:00:00Z,active,True
2026-08-22T16:58:01.435712+00:00,KXHIGHNY-26AUG22-B77.5,YES,bid,0.03,201.0,18,2399.69,yes_dollars,KXHIGHNY-26AUG22,2026-08-23T05:00:00Z,active,True
2026-08-22T16:58:01.435712+00:00,KXHIGHNY-26AUG22-B77.5,YES,bid,0.02,239.0,19,2638.69,yes_dollars,KXHIGHNY-26AUG22,2026-08-23T05:00:00Z,active,True
2026-08-22T16:58:01.435712+00:00,KXHIGHNY-26AUG22-B77.5,YES,bid,0.01,608.32,20,3247.01,yes_dollars,KXHIGHNY-26AUG22,2026-08-23T05:00:00Z,active,True
2026-08-22T16:58:01.435712+00:00,KXHIGHNY-26AUG22-B77.5,NO,ask,0.78,76.0,1,76.0,yes_dollars,KXHIGHNY-26AUG22,2026-08-23T05:00:00Z,active,True
2026-08-22T16:58:01.435712+00:00,KXHIGHNY-26AUG22-B77.5,NO,ask,0.79,1.0,2,77.0,yes_dollars,KXHIGHNY-26AUG22,2026-08-23T05:00:00Z,active,True
2026-08-22T16:58:01.435712+00:00,KXHIGHNY-26AUG22-B77.5,NO,ask,0.8,55.0,3,132.0,yes_dollars,KXHIGHNY-26AUG22,2026-08-23T05:00:00Z,active,True
2026-08-22T16:58:01.435712+00:00,KXHIGHNY-26AUG22-B77.5,NO,ask,0.81,271.0,4,403.0,yes_dollars,KXHIGHNY-26AUG22,2026-08-23T05:00:00Z,active,True
2026-08-22T16:58:01.435712+00:00,KXHIGHNY-26AUG22-B77.5,NO,ask,0.82,112.0,5,515.0,yes_dollars,KXHIGHNY-26AUG22,2026-08-23T05:00:00Z,active,True
2026-08-22T16:58:01.435712+00:00,KXHIGHNY-26AUG22-B77.5,NO,ask,0.84,125.0,6,640.0,yes_dollars,KXHIGHNY-26AUG22,2026-08-23T05:00:00Z,active,True
2026-08-22T16:58:01.435712+00:00,KXHIGHNY-26AUG22-B77.5,NO,ask,0.85,21.0,7,661.0,yes_dollars,KXHIGHNY-26AUG22,2026-08-23T05:00:00Z,active,True
2026-08-22T16:58:01.435712+00:00,KXHIGHNY-26AUG22-B77.5,NO,ask,0.86,92.0,8,753.0,yes_dollars,KXHIGHNY-26AUG22,2026-08-23T05:00:00Z,active,True
2026-08-22T16:58:01.435712+00:00,KXHIGHNY-26AUG22-B77.5,NO,ask,0.87,16.0,9,769.0,yes_dollars,KXHIGHNY-26AUG22,2026-08-23T05:00:00Z,active,True
2026-08-22T16:58:01.435712+00:00,KXHIGHNY-26AUG22-B77.5,NO,ask,0.88,134.69,10,903.69,yes_dollars,KXHIGHNY-26AUG22,2026-08-23T05:00:00Z,active,True
2026-08-22T16:58:01.435712+00:00,KXHIGHNY-26AUG22-B77.5,NO,ask,0.89,18.0,11,921.69,yes_dollars,KXHIGHNY-26AUG22,2026-08-23T05:00:00Z,active,True
2026-08-22T16:58:01.435712+00:00,KXHIGHNY-26AUG22-B77.5,NO,ask,0.9,285.0,12,1206.69,yes_dollars,KXHIGHNY-26AUG22,2026-08-23T05:00:00Z,active,True
2026-08-22T16:58:01.435712+00:00,KXHIGHNY-26AUG22-B77.5,NO,ask,0.91,337.0,13,1543.69,yes_dollars,KXHIGHNY-26AUG22,2026-08-23T05:00:00Z,active,True
2026-08-22T16:58:01.435712+00:00,KXHIGHNY-26AUG22-B77.5,NO,ask,0.92,35.0,14,1578.69,yes_dollars,KXHIGHNY-26AUG22,2026-08-23T05:00:00Z,active,True
2026-08-22T16:58:01.435712+00:00,KXHIGHNY-26AUG22-B77.5,NO,ask,0.93,57.0,15,1635.69,yes_dollars,KXHIGHNY-26AUG22,2026-08-23T05:00:00Z,active,True
2026-08-22T16:58:01.435712+00:00,KXHIGHNY-26AUG22-B77.5,NO,ask,0.94,542.0,16,2177.69,yes_dollars,KXHIGHNY-26AUG22,2026-08-23T05:00:00Z,active,True
2026-08-22T16:58:01.435712+00:00,KXHIGHNY-26AUG22-B77.5,NO,ask,0.95,21.0,17,2198.69,yes_dollars,KXHIGHNY-26AUG22,2026-08-23T05:00:00Z,active,True
2026-08-22T16:58:01.435712+00:00,KXHIGHNY-26AUG22-B77.5,NO,ask,0.97,201.0,18,2399.69,yes_dollars,KXHIGHNY-26AUG22,2026-08-23T05:00:00Z,active,True
2026-08-22T16:58:01.435712+00:00,KXHIGHNY-26AUG22-B77.5,NO,ask,0.98,239.0,19,2638.69,yes_dollars,KXHIGHNY-26AUG22,2026-08-23T05:00:00Z,active,True
2026-08-22T16:58:01.435712+00:00,KXHIGHNY-26AUG22-B77.5,NO,ask,0.99,608.32,20,3247.01,yes_dollars,KXHIGHNY-26AUG22,2026-08-23T05:00:00Z,active,True
2026-08-22T16:58:01.435712+00:00,KXHIGHNY-26AUG22-B77.5,NO,bid,0.77,29.0,1,29.0,no_dollars,KXHIGHNY-26AUG22,2026-08-23T05:00:00Z,active,True
2026-08-22T16:58:01.435712+00:00,KXHIGHNY-26AUG22-B77.5,NO,bid,0.76,208.0,2,237.0,no_dollars,KXHIGHNY-26AUG22,2026-08-23T05:00:00Z,active,True
2026-08-22T16:58:01.435712+00:00,KXHIGHNY-26AUG22-B77.5,NO,bid,0.75,703.0,3,940.0,no_dollars,KXHIGHNY-26AUG22,2026-08-23T05:00:00Z,active,True
2026-08-22T16:58:01.435712+00:00,KXHIGHNY-26AUG22-B77.5,NO,bid,0.72,186.6,4,1126.6,no_dollars,KXHIGHNY-26AUG22,2026-08-23T05:00:00Z,active,True
2026-08-22T16:58:01.435712+00:00,KXHIGHNY-26AUG22-B77.5,NO,bid,0.69,3.0,5,1129.6,no_dollars,KXHIGHNY-26AUG22,2026-08-23T05:00:00Z,active,True
2026-08-22T16:58:01.435712+00:00,KXHIGHNY-26AUG22-B77.5,NO,bid,0.68,14.0,6,1143.6,no_dollars,KXHIGHNY-26AUG22,2026-08-23T05:00:00Z,active,True
2026-08-22T16:58:01.435712+00:00,KXHIGHNY-26AUG22-B77.5,NO,bid,0.58,60.0,7,1203.6,no_dollars,KXHIGHNY-26AUG22,2026-08-23T05:00:00Z,active,True
2026-08-22T16:58:01.435712+00:00,KXHIGHNY-26AUG22-B77.5,NO,bid,0.57,203.0,8,1406.6,no_dollars,KXHIGHNY-26AUG22,2026-08-23T05:00:00Z,active,True
2026-08-22T16:58:01.435712+00:00,KXHIGHNY-26AUG22-B77.5,NO,bid,0.56,1.0,9,1407.6,no_dollars,KXHIGHNY-26AUG22,2026-08-23T05:00:00Z,active,True
2026-08-22T16:58:01.435712+00:00,KXHIGHNY-26AUG22-B77.5,NO,bid,0.54,3.0,10,1410.6,no_dollars,KXHIGHNY-26AUG22,2026-08-23T05:00:00Z,active,True
2026-08-22T16:58:01.435712+00:00,KXHIGHNY-26AUG22-B77.5,NO,bid,0.5,25.72,11,1436.32,no_dollars,KXHIGHNY-26AUG22,2026-08-23T05:00:00Z,active,True
2026-08-22T16:58:01.435712+00:00,KXHIGHNY-26AUG22-B77.5,NO,bid,0.46,1.0,12,1437.32,no_dollars,KXHIGHNY-26AUG22,2026-08-23T05:00:00Z,active,True
2026-08-22T16:58:01.435712+00:00,KXHIGHNY-26AUG22-B77.5,NO,bid,0.45,78.57,13,1515.8899999999999,no_dollars,KXHIGHNY-26AUG22,2026-08-23T05:00:00Z,active,True
2026-08-22T16:58:01.435712+00:00,KXHIGHNY-26AUG22-B77.5,NO,bid,0.43,38.06,14,1553.9499999999998,no_dollars,KXHIGHNY-26AUG22,2026-08-23T05:00:00Z,active,True
2026-08-22T16:58:01.435712+00:00,KXHIGHNY-26AUG22-B77.5,NO,bid,0.41,100.0,15,1653.9499999999998,no_dollars,KXHIGHNY-26AUG22,2026-08-23T05:00:00Z,active,True
2026-08-22T16:58:01.435712+00:00,KXHIGHNY-26AUG22-B77.5,NO,bid,0.4,5.0,16,1658.9499999999998,no_dollars,KXHIGHNY-26AUG22,2026-08-23T05:00:00Z,active,True
2026-08-22T16:58:01.435712+00:00,KXHIGHNY-26AUG22-B77.5,NO,bid,0.39,57.0,17,1715.9499999999998,no_dollars,KXHIGHNY-26AUG22,2026-08-23T05:00:00Z,active,True
2026-08-22T16:58:01.435712+00:00,KXHIGHNY-26AUG22-B77.5,NO,bid,0.37,662.0,18,2377.95,no_dollars,KXHIGHNY-26AUG22,2026-08-23T05:00:00Z,active,True
2026-08-22T16:58:01.435712+00:00,KXHIGHNY-26AUG22-B77.5,NO,bid,0.36,1.0,19,2378.95,no_dollars,KXHIGHNY-26AUG22,2026-08-23T05:00:00Z,active,True
2026-08-22T16:58:01.435712+00:00,KXHIGHNY-26AUG22-B77.5,NO,bid,0.35,140.0,20,2518.95,no_dollars,KXHIGHNY-26AUG22,2026-08-23T05:00:00Z,active,True
2026-08-22T16:58:01.435712+00:00,KXHIGHNY-26AUG22-B77.5,YES,ask,0.23,29.0,1,29.0,no_dollars,KXHIGHNY-26AUG22,2026-08-23T05:00:00Z,active,True
2026-08-22T16:58:01.435712+00:00,KXHIGHNY-26AUG22-B77.5,YES,ask,0.24,208.0,2,237.0,no_dollars,KXHIGHNY-26AUG22,2026-08-23T05:00:00Z,active,True
2026-08-22T16:58:01.435712+00:00,KXHIGHNY-26AUG22-B77.5,YES,ask,0.25,703.0,3,940.0,no_dollars,KXHIGHNY-26AUG22,2026-08-23T05:00:00Z,active,True
2026-08-22T16:58:01.435712+00:00,KXHIGHNY-26AUG22-B77.5,YES,ask,0.28,186.6,4,1126.6,no_dollars,KXHIGHNY-26AUG22,2026-08-23T05:00:00Z,active,True
2026-08-22T16:58:01.435712+00:00,KXHIGHNY-26AUG22-B77.5,YES,ask,0.31,3.0,5,1129.6,no_dollars,KXHIGHNY-26AUG22,2026-08-23T05:00:00Z,active,True
2026-08-22T16:58:01.435712+00:00,KXHIGHNY-26AUG22-B77.5,YES,ask,0.32,14.0,6,1143.6,no_dollars,KXHIGHNY-26AUG22,2026-08-23T05:00:00Z,active,True
2026-08-22T16:58:01.435712+00:00,KXHIGHNY-26AUG22-B77.5,YES,ask,0.42,60.0,7,1203.6,no_dollars,KXHIGHNY-26AUG22,2026-08-23T05:00:00Z,active,True
2026-08-22T16:58:01.435712+00:00,KXHIGHNY-26AUG22-B77.5,YES,ask,0.43,203.0,8,1406.6,no_dollars,KXHIGHNY-26AUG22,2026-08-23T05:00:00Z,active,True
2026-08-22T16:58:01.435712+00:00,KXHIGHNY-26AUG22-B77.5,YES,ask,0.44,1.0,9,1407.6,no_dollars,KXHIGHNY-26AUG22,2026-08-23T05:00:00Z,active,True
2026-08-22T16:58:01.435712+00:00,KXHIGHNY-26AUG22-B77.5,YES,ask,0.46,3.0,10,1410.6,no_dollars,KXHIGHNY-26AUG22,2026-08-23T05:00:00Z,active,True
2026-08-22T16:58:01.435712+00:00,KXHIGHNY-26AUG22-B77.5,YES,ask,0.5,25.72,11,1436.32,no_dollars,KXHIGHNY-26AUG22,2026-08-23T05:00:00Z,active,True
2026-08-22T16:58:01.435712+00:00,KXHIGHNY-26AUG22-B77.5,YES,ask,0.54,1.0,12,1437.32,no_dollars,KXHIGHNY-26AUG22,2026-08-23T05:00:00Z,active,True
2026-08-22T16:58:01.435712+00:00,KXHIGHNY-26AUG22-B77.5,YES,ask,0.55,78.57,13,1515.8899999999999,no_dollars,KXHIGHNY-26AUG22,2026-08-23T05:00:00Z,active,True
2026-08-22T16:58:01.435712+00:00,KXHIGHNY-26AUG22-B77.5,YES,ask,0.57,38.06,14,1553.9499999999998,no_dollars,KXHIGHNY-26AUG22,2026-08-23T05:00:00Z,active,True
2026-08-22T16:58:01.435712+00:00,KXHIGHNY-26AUG22-B77.5,YES,ask,0.59,100.0,15,1653.9499999999998,no_dollars,KXHIGHNY-26AUG22,2026-08-23T05:00:00Z,active,True
2026-08-22T16:58:01.435712+00:00,KXHIGHNY-26AUG22-B77.5,YES,ask,0.6,5.0,16,1658.9499999999998,no_dollars,KXHIGHNY-26AUG22,2026-08-23T05:00:00Z,active,True
2026-08-22T16:58:01.435712+00:00,KXHIGHNY-26AUG22-B77.5,YES,ask,0.61,57.0,17,1715.9499999999998,no_dollars,KXHIGHNY-26AUG22,2026-08-23T05:00:00Z,active,True
2026-08-22T16:58:01.435712+00:00,KXHIGHNY-26AUG22-B77.5,YES,ask,0.63,662.0,18,2377.95,no_dollars,KXHIGHNY-26AUG22,2026-08-23T05:00:00Z,active,True
2026-08-22T16:58:01.435712+00:00,KXHIGHNY-26AUG22-B77.5,YES,ask,0.64,1.0,19,2378.95,no_dollars,KXHIGHNY-26AUG22,2026-08-23T05:00:00Z,active,True
2026-08-22T16:58:01.435712+00:00,KXHIGHNY-26AUG22-B77.5,YES,ask,0.65,140.0,20,2518.95,no_dollars,KXHIGHNY-26AUG22,2026-08-23T05:00:00Z,active,True
2026-08-22T16:58:01.435712+00:00,KXHIGHNY-26AUG22-B75.5,YES,bid,0.57,26.0,1,26.0,yes_dollars,KXHIGHNY-26AUG22,2026-08-23T05:00:00Z,active,True
2026-08-22T16:58:01.435712+00:00,KXHIGHNY-26AUG22-B75.5,YES,bid,0.56,77.79,2,103.79,yes_dollars,KXHIGHNY-26AUG22,2026-08-23T05:00:00Z,active,True
2026-08-22T16:58:01.435712+00:00,KXHIGHNY-26AUG22-B75.5,YES,bid,0.55,38.0,3,141.79000000000002,yes_dollars,KXHIGHNY-26AUG22,2026-08-23T05:00:00Z,active,True
2026-08-22T16:58:01.435712+00:00,KXHIGHNY-26AUG22-B75.5,YES,bid,0.54,44.0,4,185.79000000000002,yes_dollars,KXHIGHNY-26AUG22,2026-08-23T05:00:00Z,active,True
2026-08-22T16:58:01.435712+00:00,KXHIGHNY-26AUG22-B75.5,YES,bid,0.53,73.35,5,259.14,yes_dollars,KXHIGHNY-26AUG22,2026-08-23T05:00:00Z,active,True
2026-08-22T16:58:01.435712+00:00,KXHIGHNY-26AUG22-B75.5,YES,bid,0.51,20.0,6,279.14,yes_dollars,KXHIGHNY-26AUG22,2026-08-23T05:00:00Z,active,True
2026-08-22T16:58:01.435712+00:00,KXHIGHNY-26AUG22-B75.5,YES,bid,0.5,134.0,7,413.14,yes_dollars,KXHIGHNY-26AUG22,2026-08-23T05:00:00Z,active,True
2026-08-22T16:58:01.435712+00:00,KXHIGHNY-26AUG22-B75.5,YES,bid,0.49,47.91,8,461.04999999999995,yes_dollars,KXHIGHNY-26AUG22,2026-08-23T05:00:00Z,active,True
2026-08-22T16:58:01.435712+00:00,KXHIGHNY-26AUG22-B75.5,YES,bid,0.48,82.29,9,543.3399999999999,yes_dollars,KXHIGHNY-26AUG22,2026-08-23T05:00:00Z,active,True
2026-08-22T16:58:01.435712+00:00,KXHIGHNY-26AUG22-B75.5,YES,bid,0.47,16.0,10,559.3399999999999,yes_dollars,KXHIGHNY-26AUG22,2026-08-23T05:00:00Z,active,True
2026-08-22T16:58:01.435712+00:00,KXHIGHNY-26AUG22-B75.5,YES,bid,0.45,1.0,11,560.3399999999999,yes_dollars,KXHIGHNY-26AUG22,2026-08-23T05:00:00Z,active,True
2026-08-22T16:58:01.435712+00:00,KXHIGHNY-26AUG22-B75.5,YES,bid,0.44,5.0,12,565.3399999999999,yes_dollars,KXHIGHNY-26AUG22,2026-08-23T05:00:00Z,active,True
2026-08-22T16:58:01.435712+00:00,KXHIGHNY-26AUG22-B75.5,YES,bid,0.42,4.0,13,569.3399999999999,yes_dollars,KXHIGHNY-26AUG22,2026-08-23T05:00:00Z,active,True
2026-08-22T16:58:01.435712+00:00,KXHIGHNY-26AUG22-B75.5,YES,bid,0.4,25.0,14,594.3399999999999,yes_dollars,KXHIGHNY-26AUG22,2026-08-23T05:00:00Z,active,True
2026-08-22T16:58:01.435712+00:00,KXHIGHNY-26AUG22-B75.5,YES,bid,0.31,1.0,15,595.3399999999999,yes_dollars,KXHIGHNY-26AUG22,2026-08-23T05:00:00Z,active,True
2026-08-22T16:58:01.435712+00:00,KXHIGHNY-26AUG22-B75.5,YES,bid,0.28,5.0,16,600.3399999999999,yes_dollars,KXHIGHNY-26AUG22,2026-08-23T05:00:00Z,active,True
2026-08-22T16:58:01.435712+00:00,KXHIGHNY-26AUG22-B75.5,YES,bid,0.26,2.0,17,602.3399999999999,yes_dollars,KXHIGHNY-26AUG22,2026-08-23T05:00:00Z,active,True
2026-08-22T16:58:01.435712+00:00,KXHIGHNY-26AUG22-B75.5,YES,bid,0.25,20.77,18,623.1099999999999,yes_dollars,KXHIGHNY-26AUG22,2026-08-23T05:00:00Z,active,True
2026-08-22T16:58:01.435712+00:00,KXHIGHNY-26AUG22-B75.5,YES,bid,0.23,10.0,19,633.1099999999999,yes_dollars,KXHIGHNY-26AUG22,2026-08-23T05:00:00Z,active,True
2026-08-22T16:58:01.435712+00:00,KXHIGHNY-26AUG22-B75.5,YES,bid,0.21,3.0,20,636.1099999999999,yes_dollars,KXHIGHNY-26AUG22,2026-08-23T05:00:00Z,active,True
2026-08-22T16:58:01.435712+00:00,KXHIGHNY-26AUG22-B75.5,NO,ask,0.43,26.0,1,26.0,yes_dollars,KXHIGHNY-26AUG22,2026-08-23T05:00:00Z,active,True
2026-08-22T16:58:01.435712+00:00,KXHIGHNY-26AUG22-B75.5,NO,ask,0.44,77.79,2,103.79,yes_dollars,KXHIGHNY-26AUG22,2026-08-23T05:00:00Z,active,True
2026-08-22T16:58:01.435712+00:00,KXHIGHNY-26AUG22-B75.5,NO,ask,0.45,38.0,3,141.79000000000002,yes_dollars,KXHIGHNY-26AUG22,2026-08-23T05:00:00Z,active,True
2026-08-22T16:58:01.435712+00:00,KXHIGHNY-26AUG22-B75.5,NO,ask,0.46,44.0,4,185.79000000000002,yes_dollars,KXHIGHNY-26AUG22,2026-08-23T05:00:00Z,active,True
2026-08-22T16:58:01.435712+00:00,KXHIGHNY-26AUG22-B75.5,NO,ask,0.47,73.35,5,259.14,yes_dollars,KXHIGHNY-26AUG22,2026-08-23T05:00:00Z,active,True
2026-08-22T16:58:01.435712+00:00,KXHIGHNY-26AUG22-B75.5,NO,ask,0.49,20.0,6,279.14,yes_dollars,KXHIGHNY-26AUG22,2026-08-23T05:00:00Z,active,True
2026-08-22T16:58:01.435712+00:00,KXHIGHNY-26AUG22-B75.5,NO,ask,0.5,134.0,7,413.14,yes_dollars,KXHIGHNY-26AUG22,2026-08-23T05:00:00Z,active,True
2026-08-22T16:58:01.435712+00:00,KXHIGHNY-26AUG22-B75.5,NO,ask,0.51,47.91,8,461.04999999999995,yes_dollars,KXHIGHNY-26AUG22,2026-08-23T05:00:00Z,active,True
2026-08-22T16:58:01.435712+00:00,KXHIGHNY-26AUG22-B75.5,NO,ask,0.52,82.29,9,543.3399999999999,yes_dollars,KXHIGHNY-26AUG22,2026-08-23T05:00:00Z,active,True
2026-08-22T16:58:01.435712+00:00,KXHIGHNY-26AUG22-B75.5,NO,ask,0.53,16.0,10,559.3399999999999,yes_dollars,KXHIGHNY-26AUG22,2026-08-23T05:00:00Z,active,True
2026-08-22T16:58:01.435712+00:00,KXHIGHNY-26AUG22-B75.5,NO,ask,0.55,1.0,11,560.3399999999999,yes_dollars,KXHIGHNY-26AUG22,2026-08-23T05:00:00Z,active,True
2026-08-22T16:58:01.435712+00:00,KXHIGHNY-26AUG22-B75.5,NO,ask,0.56,5.0,12,565.3399999999999,yes_dollars,KXHIGHNY-26AUG22,2026-08-23T05:00:00Z,active,True
2026-08-22T16:58:01.435712+00:00,KXHIGHNY-26AUG22-B75.5,NO,ask,0.58,4.0,13,569.3399999999999,yes_dollars,KXHIGHNY-26AUG22,2026-08-23T05:00:00Z,active,True
2026-08-22T16:58:01.435712+00:00,KXHIGHNY-26AUG22-B75.5,NO,ask,0.6,25.0,14,594.3399999999999,yes_dollars,KXHIGHNY-26AUG22,2026-08-23T05:00:00Z,active,True
2026-08-22T16:58:01.435712+00:00,KXHIGHNY-26AUG22-B75.5,NO,ask,0.69,1.0,15,595.3399999999999,yes_dollars,KXHIGHNY-26AUG22,2026-08-23T05:00:00Z,active,True
2026-08-22T16:58:01.435712+00:00,KXHIGHNY-26AUG22-B75.5,NO,ask,0.72,5.0,16,600.3399999999999,yes_dollars,KXHIGHNY-26AUG22,2026-08-23T05:00:00Z,active,True
2026-08-22T16:58:01.435712+00:00,KXHIGHNY-26AUG22-B75.5,NO,ask,0.74,2.0,17,602.3399999999999,yes_dollars,KXHIGHNY-26AUG22,2026-08-23T05:00:00Z,active,True
2026-08-22T16:58:01.435712+00:00,KXHIGHNY-26AUG22-B75.5,NO,ask,0.75,20.77,18,623.1099999999999,yes_dollars,KXHIGHNY-26AUG22,2026-08-23T05:00:00Z,active,True
2026-08-22T16:58:01.435712+00:00,KXHIGHNY-26AUG22-B75.5,NO,ask,0.77,10.0,19,633.1099999999999,yes_dollars,KXHIGHNY-26AUG22,2026-08-23T05:00:00Z,active,True
2026-08-22T16:58:01.435712+00:00,KXHIGHNY-26AUG22-B75.5,NO,ask,0.79,3.0,20,636.1099999999999,yes_dollars,KXHIGHNY-26AUG22,2026-08-23T05:00:00Z,active,True
2026-08-22T16:58:01.435712+00:00,KXHIGHNY-26AUG22-B75.5,NO,bid,0.39,19.8,1,19.8,no_dollars,KXHIGHNY-26AUG22,2026-08-23T05:00:00Z,active,True
2026-08-22T16:58:01.435712+00:00,KXHIGHNY-26AUG22-B75.5,NO,bid,0.38,0.99,2,20.79,no_dollars,KXHIGHNY-26AUG22,2026-08-23T05:00:00Z,active,True
2026-08-22T16:58:01.435712+00:00,KXHIGHNY-26AUG22-B75.5,NO,bid,0.37,43.0,3,63.79,no_dollars,KXHIGHNY-26AUG22,2026-08-23T05:00:00Z,active,True
2026-08-22T16:58:01.435712+00:00,KXHIGHNY-26AUG22-B75.5,NO,bid,0.36,60.29,4,124.08,no_dollars,KXHIGHNY-26AUG22,2026-08-23T05:00:00Z,active,True
2026-08-22T16:58:01.435712+00:00,KXHIGHNY-26AUG22-B75.5,NO,bid,0.35,173.36,5,297.44,no_dollars,KXHIGHNY-26AUG22,2026-08-23T05:00:00Z,active,True
2026-08-22T16:58:01.435712+00:00,KXHIGHNY-26AUG22-B75.5,NO,bid,0.34,31.0,6,328.44,no_dollars,KXHIGHNY-26AUG22,2026-08-23T05:00:00Z,active,True
2026-08-22T16:58:01.435712+00:00,KXHIGHNY-26AUG22-B75.5,NO,bid,0.33,6.0,7,334.44,no_dollars,KXHIGHNY-26AUG22,2026-08-23T05:00:00Z,active,True
2026-08-22T16:58:01.435712+00:00,KXHIGHNY-26AUG22-B75.5,NO,bid,0.32,132.51,8,466.95,no_dollars,KXHIGHNY-26AUG22,2026-08-23T05:00:00Z,active,True
2026-08-22T16:58:01.435712+00:00,KXHIGHNY-26AUG22-B75.5,NO,bid,0.31,7.0,9,473.95,no_dollars,KXHIGHNY-26AUG22,2026-08-23T05:00:00Z,active,True
2026-08-22T16:58:01.435712+00:00,KXHIGHNY-26AUG22-B75.5,NO,bid,0.3,108.52,10,582.47,no_dollars,KXHIGHNY-26AUG22,2026-08-23T05:00:00Z,active,True
2026-08-22T16:58:01.435712+00:00,KXHIGHNY-26AUG22-B75.5,NO,bid,0.29,23.58,11,606.0500000000001,no_dollars,KXHIGHNY-26AUG22,2026-08-23T05:00:00Z,active,True
2026-08-22T16:58:01.435712+00:00,KXHIGHNY-26AUG22-B75.5,NO,bid,0.27,1.79,12,607.84,no_dollars,KXHIGHNY-26AUG22,2026-08-23T05:00:00Z,active,True
2026-08-22T16:58:01.435712+00:00,KXHIGHNY-26AUG22-B75.5,NO,bid,0.26,118.61,13,726.45,no_dollars,KXHIGHNY-26AUG22,2026-08-23T05:00:00Z,active,True
2026-08-22T16:58:01.435712+00:00,KXHIGHNY-26AUG22-B75.5,NO,bid,0.25,112.49,14,838.94,no_dollars,KXHIGHNY-26AUG22,2026-08-23T05:00:00Z,active,True
2026-08-22T16:58:01.435712+00:00,KXHIGHNY-26AUG22-B75.5,NO,bid,0.21,11.47,15,850.4100000000001,no_dollars,KXHIGHNY-26AUG22,2026-08-23T05:00:00Z,active,True
2026-08-22T16:58:01.435712+00:00,KXHIGHNY-26AUG22-B75.5,NO,bid,0.2,50.0,16,900.4100000000001,no_dollars,KXHIGHNY-26AUG22,2026-08-23T05:00:00Z,active,True
2026-08-22T16:58:01.435712+00:00,KXHIGHNY-26AUG22-B75.5,NO,bid,0.19,183.34,17,1083.75,no_dollars,KXHIGHNY-26AUG22,2026-08-23T05:00:00Z,active,True
2026-08-22T16:58:01.435712+00:00,KXHIGHNY-26AUG22-B75.5,NO,bid,0.18,130.0,18,1213.75,no_dollars,KXHIGHNY-26AUG22,2026-08-23T05:00:00Z,active,True
2026-08-22T16:58:01.435712+00:00,KXHIGHNY-26AUG22-B75.5,NO,bid,0.17,3.65,19,1217.4,no_dollars,KXHIGHNY-26AUG22,2026-08-23T05:00:00Z,active,True
2026-08-22T16:58:01.435712+00:00,KXHIGHNY-26AUG22-B75.5,NO,bid,0.16,13.0,20,1230.4,no_dollars,KXHIGHNY-26AUG22,2026-08-23T05:00:00Z,active,True
2026-08-22T16:58:01.435712+00:00,KXHIGHNY-26AUG22-B75.5,YES,ask,0.61,19.8,1,19.8,no_dollars,KXHIGHNY-26AUG22,2026-08-23T05:00:00Z,active,True
2026-08-22T16:58:01.435712+00:00,KXHIGHNY-26AUG22-B75.5,YES,ask,0.62,0.99,2,20.79,no_dollars,KXHIGHNY-26AUG22,2026-08-23T05:00:00Z,active,True
2026-08-22T16:58:01.435712+00:00,KXHIGHNY-26AUG22-B75.5,YES,ask,0.63,43.0,3,63.79,no_dollars,KXHIGHNY-26AUG22,2026-08-23T05:00:00Z,active,True
2026-08-22T16:58:01.435712+00:00,KXHIGHNY-26AUG22-B75.5,YES,ask,0.64,60.29,4,124.08,no_dollars,KXHIGHNY-26AUG22,2026-08-23T05:00:00Z,active,True
2026-08-22T16:58:01.435712+00:00,KXHIGHNY-26AUG22-B75.5,YES,ask,0.65,173.36,5,297.44,no_dollars,KXHIGHNY-26AUG22,2026-08-23T05:00:00Z,active,True
2026-08-22T16:58:01.435712+00:00,KXHIGHNY-26AUG22-B75.5,YES,ask,0.66,31.0,6,328.44,no_dollars,KXHIGHNY-26AUG22,2026-08-23T05:00:00Z,active,True
2026-08-22T16:58:01.435712+00:00,KXHIGHNY-26AUG22-B75.5,YES,ask,0.67,6.0,7,334.44,no_dollars,KXHIGHNY-26AUG22,2026-08-23T05:00:00Z,active,True
2026-08-22T16:58:01.435712+00:00,KXHIGHNY-26AUG22-B75.5,YES,ask,0.68,132.51,8,466.95,no_dollars,KXHIGHNY-26AUG22,2026-08-23T05:00:00Z,active,True
2026-08-22T16:58:01.435712+00:00,KXHIGHNY-26AUG22-B75.5,YES,ask,0.69,7.0,9,473.95,no_dollars,KXHIGHNY-26AUG22,2026-08-23T05:00:00Z,active,True
2026-08-22T16:58:01.435712+00:00,KXHIGHNY-26AUG22-B75.5,YES,ask,0.7,108.52,10,582.47,no_dollars,KXHIGHNY-26AUG22,2026-08-23T05:00:00Z,active,True
2026-08-22T16:58:01.435712+00:00,KXHIGHNY-26AUG22-B75.5,YES,ask,0.71,23.58,11,606.0500000000001,no_dollars,KXHIGHNY-26AUG22,2026-08-23T05:00:00Z,active,True
2026-08-22T16:58:01.435712+00:00,KXHIGHNY-26AUG22-B75.5,YES,ask,0.73,1.79,12,607.84,no_dollars,KXHIGHNY-26AUG22,2026-08-23T05:00:00Z,active,True
2026-08-22T16:58:01.435712+00:00,KXHIGHNY-26AUG22-B75.5,YES,ask,0.74,118.61,13,726.45,no_dollars,KXHIGHNY-26AUG22,2026-08-23T05:00:00Z,active,True
2026-08-22T16:58:01.435712+00:00,KXHIGHNY-26AUG22-B75.5,YES,ask,0.75,112.49,14,838.94,no_dollars,KXHIGHNY-26AUG22,2026-08-23T05:00:00Z,active,True
2026-08-22T16:58:01.435712+00:00,KXHIGHNY-26AUG22-B75.5,YES,ask,0.79,11.47,15,850.4100000000001,no_dollars,KXHIGHNY-26AUG22,2026-08-23T05:00:00Z,active,True
2026-08-22T16:58:01.435712+00:00,KXHIGHNY-26AUG22-B75.5,YES,ask,0.8,50.0,16,900.4100000000001,no_dollars,KXHIGHNY-26AUG22,2026-08-23T05:00:00Z,active,True
2026-08-22T16:58:01.435712+00:00,KXHIGHNY-26AUG22-B75.5,YES,ask,0.81,183.34,17,1083.75,no_dollars,KXHIGHNY-26AUG22,2026-08-23T05:00:00Z,active,True
2026-08-22T16:58:01.435712+00:00,KXHIGHNY-26AUG22-B75.5,YES,ask,0.82,130.0,18,1213.75,no_dollars,KXHIGHNY-26AUG22,2026-08-23T05:00:00Z,active,True
2026-08-22T16:58:01.435712+00:00,KXHIGHNY-26AUG22-B75.5,YES,ask,0.83,3.65,19,1217.4,no_dollars,KXHIGHNY-26AUG22,2026-08-23T05:00:00Z,active,True
2026-08-22T16:58:01.435712+00:00,KXHIGHNY-26AUG22-B75.5,YES,ask,0.84,13.0,20,1230.4,no_dollars,KXHIGHNY-26AUG22,2026-08-23T05:00:00Z,active,True
2026-08-22T16:58:01.435712+00:00,KXHIGHNY-26AUG22-B73.5,YES,bid,0.18,14.51,1,14.51,yes_dollars,KXHIGHNY-26AUG22,2026-08-23T05:00:00Z,active,True
2026-08-22T16:58:01.435712+00:00,KXHIGHNY-26AUG22-B73.5,YES,bid,0.17,12.0,2,26.509999999999998,yes_dollars,KXHIGHNY-26AUG22,2026-08-23T05:00:00Z,active,True
2026-08-22T16:58:01.435712+00:00,KXHIGHNY-26AUG22-B73.5,YES,bid,0.16,100.0,3,126.50999999999999,yes_dollars,KXHIGHNY-26AUG22,2026-08-23T05:00:00Z,active,True
2026-08-22T16:58:01.435712+00:00,KXHIGHNY-26AUG22-B73.5,YES,bid,0.15,100.0,4,226.51,yes_dollars,KXHIGHNY-26AUG22,2026-08-23T05:00:00Z,active,True
2026-08-22T16:58:01.435712+00:00,KXHIGHNY-26AUG22-B73.5,YES,bid,0.12,1.0,5,227.51,yes_dollars,KXHIGHNY-26AUG22,2026-08-23T05:00:00Z,active,True
2026-08-22T16:58:01.435712+00:00,KXHIGHNY-26AUG22-B73.5,YES,bid,0.11,25.0,6,252.51,yes_dollars,KXHIGHNY-26AUG22,2026-08-23T05:00:00Z,active,True
2026-08-22T16:58:01.435712+00:00,KXHIGHNY-26AUG22-B73.5,YES,bid,0.1,28.0,7,280.51,yes_dollars,KXHIGHNY-26AUG22,2026-08-23T05:00:00Z,active,True
2026-08-22T16:58:01.435712+00:00,KXHIGHNY-26AUG22-B73.5,YES,bid,0.09,38.0,8,318.51,yes_dollars,KXHIGHNY-26AUG22,2026-08-23T05:00:00Z,active,True
2026-08-22T16:58:01.435712+00:00,KXHIGHNY-26AUG22-B73.5,YES,bid,0.07,1.0,9,319.51,yes_dollars,KXHIGHNY-26AUG22,2026-08-23T05:00:00Z,active,True
2026-08-22T16:58:01.435712+00:00,KXHIGHNY-26AUG22-B73.5,YES,bid,0.06,374.57,10,694.0799999999999,yes_dollars,KXHIGHNY-26AUG22,2026-08-23T05:00:00Z,active,True
2026-08-22T16:58:01.435712+00:00,KXHIGHNY-26AUG22-B73.5,YES,bid,0.05,233.0,11,927.0799999999999,yes_dollars,KXHIGHNY-26AUG22,2026-08-23T05:00:00Z,active,True
2026-08-22T16:58:01.435712+00:00,KXHIGHNY-26AUG22-B73.5,YES,bid,0.04,68.0,12,995.0799999999999,yes_dollars,KXHIGHNY-26AUG22,2026-08-23T05:00:00Z,active,True
2026-08-22T16:58:01.435712+00:00,KXHIGHNY-26AUG22-B73.5,YES,bid,0.03,106.0,13,1101.08,yes_dollars,KXHIGHNY-26AUG22,2026-08-23T05:00:00Z,active,True
2026-08-22T16:58:01.435712+00:00,KXHIGHNY-26AUG22-B73.5,YES,bid,0.02,260.0,14,1361.08,yes_dollars,KXHIGHNY-26AUG22,2026-08-23T05:00:00Z,active,True
2026-08-22T16:58:01.435712+00:00,KXHIGHNY-26AUG22-B73.5,YES,bid,0.01,1582.3,15,2943.38,yes_dollars,KXHIGHNY-26AUG22,2026-08-23T05:00:00Z,active,True
2026-08-22T16:58:01.435712+00:00,KXHIGHNY-26AUG22-B73.5,NO,ask,0.82,14.51,1,14.51,yes_dollars,KXHIGHNY-26AUG22,2026-08-23T05:00:00Z,active,True
2026-08-22T16:58:01.435712+00:00,KXHIGHNY-26AUG22-B73.5,NO,ask,0.83,12.0,2,26.509999999999998,yes_dollars,KXHIGHNY-26AUG22,2026-08-23T05:00:00Z,active,True
2026-08-22T16:58:01.435712+00:00,KXHIGHNY-26AUG22-B73.5,NO,ask,0.84,100.0,3,126.50999999999999,yes_dollars,KXHIGHNY-26AUG22,2026-08-23T05:00:00Z,active,True
2026-08-22T16:58:01.435712+00:00,KXHIGHNY-26AUG22-B73.5,NO,ask,0.85,100.0,4,226.51,yes_dollars,KXHIGHNY-26AUG22,2026-08-23T05:00:00Z,active,True
2026-08-22T16:58:01.435712+00:00,KXHIGHNY-26AUG22-B73.5,NO,ask,0.88,1.0,5,227.51,yes_dollars,KXHIGHNY-26AUG22,2026-08-23T05:00:00Z,active,True
2026-08-22T16:58:01.435712+00:00,KXHIGHNY-26AUG22-B73.5,NO,ask,0.89,25.0,6,252.51,yes_dollars,KXHIGHNY-26AUG22,2026-08-23T05:00:00Z,active,True
2026-08-22T16:58:01.435712+00:00,KXHIGHNY-26AUG22-B73.5,NO,ask,0.9,28.0,7,280.51,yes_dollars,KXHIGHNY-26AUG22,2026-08-23T05:00:00Z,active,True
2026-08-22T16:58:01.435712+00:00,KXHIGHNY-26AUG22-B73.5,NO,ask,0.91,38.0,8,318.51,yes_dollars,KXHIGHNY-26AUG22,2026-08-23T05:00:00Z,active,True
2026-08-22T16:58:01.435712+00:00,KXHIGHNY-26AUG22-B73.5,NO,ask,0.93,1.0,9,319.51,yes_dollars,KXHIGHNY-26AUG22,2026-08-23T05:00:00Z,active,True
2026-08-22T16:58:01.435712+00:00,KXHIGHNY-26AUG22-B73.5,NO,ask,0.94,374.57,10,694.0799999999999,yes_dollars,KXHIGHNY-26AUG22,2026-08-23T05:00:00Z,active,True
2026-08-22T16:58:01.435712+00:00,KXHIGHNY-26AUG22-B73.5,NO,ask,0.95,233.0,11,927.0799999999999,yes_dollars,KXHIGHNY-26AUG22,2026-08-23T05:00:00Z,active,True
2026-08-22T16:58:01.435712+00:00,KXHIGHNY-26AUG22-B73.5,NO,ask,0.96,68.0,12,995.0799999999999,yes_dollars,KXHIGHNY-26AUG22,2026-08-23T05:00:00Z,active,True
2026-08-22T16:58:01.435712+00:00,KXHIGHNY-26AUG22-B73.5,NO,ask,0.97,106.0,13,1101.08,yes_dollars,KXHIGHNY-26AUG22,2026-08-23T05:00:00Z,active,True
2026-08-22T16:58:01.435712+00:00,KXHIGHNY-26AUG22-B73.5,NO,ask,0.98,260.0,14,1361.08,yes_dollars,KXHIGHNY-26AUG22,2026-08-23T05:00:00Z,active,True
2026-08-22T16:58:01.435712+00:00,KXHIGHNY-26AUG22-B73.5,NO,ask,0.99,1582.3,15,2943.38,yes_dollars,KXHIGHNY-26AUG22,2026-08-23T05:00:00Z,active,True
2026-08-22T16:58:01.435712+00:00,KXHIGHNY-26AUG22-B73.5,NO,bid,0.81,149.0,1,149.0,no_dollars,KXHIGHNY-26AUG22,2026-08-23T05:00:00Z,active,True
2026-08-22T16:58:01.435712+00:00,KXHIGHNY-26AUG22-B73.5,NO,bid,0.8,306.94,2,455.94,no_dollars,KXHIGHNY-26AUG22,2026-08-23T05:00:00Z,active,True
2026-08-22T16:58:01.435712+00:00,KXHIGHNY-26AUG22-B73.5,NO,bid,0.79,500.0,3,955.94,no_dollars,KXHIGHNY-26AUG22,2026-08-23T05:00:00Z,active,True
2026-08-22T16:58:01.435712+00:00,KXHIGHNY-26AUG22-B73.5,NO,bid,0.78,12.0,4,967.94,no_dollars,KXHIGHNY-26AUG22,2026-08-23T05:00:00Z,active,True
2026-08-22T16:58:01.435712+00:00,KXHIGHNY-26AUG22-B73.5,NO,bid,0.77,5.1,5,973.0400000000001,no_dollars,KXHIGHNY-26AUG22,2026-08-23T05:00:00Z,active,True
2026-08-22T16:58:01.435712+00:00,KXHIGHNY-26AUG22-B73.5,NO,bid,0.75,166.07,6,1139.1100000000001,no_dollars,KXHIGHNY-26AUG22,2026-08-23T05:00:00Z,active,True
2026-08-22T16:58:01.435712+00:00,KXHIGHNY-26AUG22-B73.5,NO,bid,0.73,26.0,7,1165.1100000000001,no_dollars,KXHIGHNY-26AUG22,2026-08-23T05:00:00Z,active,True
2026-08-22T16:58:01.435712+00:00,KXHIGHNY-26AUG22-B73.5,NO,bid,0.71,45.0,8,1210.1100000000001,no_dollars,KXHIGHNY-26AUG22,2026-08-23T05:00:00Z,active,True
2026-08-22T16:58:01.435712+00:00,KXHIGHNY-26AUG22-B73.5,NO,bid,0.68,32.0,9,1242.1100000000001,no_dollars,KXHIGHNY-26AUG22,2026-08-23T05:00:00Z,active,True
2026-08-22T16:58:01.435712+00:00,KXHIGHNY-26AUG22-B73.5,NO,bid,0.6,9.0,10,1251.1100000000001,no_dollars,KXHIGHNY-26AUG22,2026-08-23T05:00:00Z,active,True
2026-08-22T16:58:01.435712+00:00,KXHIGHNY-26AUG22-B73.5,NO,bid,0.59,20.0,11,1271.1100000000001,no_dollars,KXHIGHNY-26AUG22,2026-08-23T05:00:00Z,active,True
2026-08-22T16:58:01.435712+00:00,KXHIGHNY-26AUG22-B73.5,NO,bid,0.5,1.0,12,1272.1100000000001,no_dollars,KXHIGHNY-26AUG22,2026-08-23T05:00:00Z,active,True
2026-08-22T16:58:01.435712+00:00,KXHIGHNY-26AUG22-B73.5,NO,bid,0.46,1.0,13,1273.1100000000001,no_dollars,KXHIGHNY-26AUG22,2026-08-23T05:00:00Z,active,True
2026-08-22T16:58:01.435712+00:00,KXHIGHNY-26AUG22-B73.5,NO,bid,0.45,20.0,14,1293.1100000000001,no_dollars,KXHIGHNY-26AUG22,2026-08-23T05:00:00Z,active,True
2026-08-22T16:58:01.435712+00:00,KXHIGHNY-26AUG22-B73.5,NO,bid,0.43,4.0,15,1297.1100000000001,no_dollars,KXHIGHNY-26AUG22,2026-08-23T05:00:00Z,active,True
2026-08-22T16:58:01.435712+00:00,KXHIGHNY-26AUG22-B73.5,NO,bid,0.42,60.0,16,1357.1100000000001,no_dollars,KXHIGHNY-26AUG22,2026-08-23T05:00:00Z,active,True
2026-08-22T16:58:01.435712+00:00,KXHIGHNY-26AUG22-B73.5,NO,bid,0.41,100.0,17,1457.1100000000001,no_dollars,KXHIGHNY-26AUG22,2026-08-23T05:00:00Z,active,True
2026-08-22T16:58:01.435712+00:00,KXHIGHNY-26AUG22-B73.5,NO,bid,0.4,72.0,18,1529.1100000000001,no_dollars,KXHIGHNY-26AUG22,2026-08-23T05:00:00Z,active,True
2026-08-22T16:58:01.435712+00:00,KXHIGHNY-26AUG22-B73.5,NO,bid,0.39,13.21,19,1542.3200000000002,no_dollars,KXHIGHNY-26AUG22,2026-08-23T05:00:00Z,active,True
2026-08-22T16:58:01.435712+00:00,KXHIGHNY-26AUG22-B73.5,NO,bid,0.38,8.0,20,1550.3200000000002,no_dollars,KXHIGHNY-26AUG22,2026-08-23T05:00:00Z,active,True
2026-08-22T16:58:01.435712+00:00,KXHIGHNY-26AUG22-B73.5,YES,ask,0.19,149.0,1,149.0,no_dollars,KXHIGHNY-26AUG22,2026-08-23T05:00:00Z,active,True
2026-08-22T16:58:01.435712+00:00,KXHIGHNY-26AUG22-B73.5,YES,ask,0.2,306.94,2,455.94,no_dollars,KXHIGHNY-26AUG22,2026-08-23T05:00:00Z,active,True
2026-08-22T16:58:01.435712+00:00,KXHIGHNY-26AUG22-B73.5,YES,ask,0.21,500.0,3,955.94,no_dollars,KXHIGHNY-26AUG22,2026-08-23T05:00:00Z,active,True
2026-08-22T16:58:01.435712+00:00,KXHIGHNY-26AUG22-B73.5,YES,ask,0.22,12.0,4,967.94,no_dollars,KXHIGHNY-26AUG22,2026-08-23T05:00:00Z,active,True
2026-08-22T16:58:01.435712+00:00,KXHIGHNY-26AUG22-B73.5,YES,ask,0.23,5.1,5,973.0400000000001,no_dollars,KXHIGHNY-26AUG22,2026-08-23T05:00:00Z,active,True
2026-08-22T16:58:01.435712+00:00,KXHIGHNY-26AUG22-B73.5,YES,ask,0.25,166.07,6,1139.1100000000001,no_dollars,KXHIGHNY-26AUG22,2026-08-23T05:00:00Z,active,True
2026-08-22T16:58:01.435712+00:00,KXHIGHNY-26AUG22-B73.5,YES,ask,0.27,26.0,7,1165.1100000000001,no_dollars,KXHIGHNY-26AUG22,2026-08-23T05:00:00Z,active,True
2026-08-22T16:58:01.435712+00:00,KXHIGHNY-26AUG22-B73.5,YES,ask,0.29,45.0,8,1210.1100000000001,no_dollars,KXHIGHNY-26AUG22,2026-08-23T05:00:00Z,active,True
2026-08-22T16:58:01.435712+00:00,KXHIGHNY-26AUG22-B73.5,YES,ask,0.32,32.0,9,1242.1100000000001,no_dollars,KXHIGHNY-26AUG22,2026-08-23T05:00:00Z,active,True
2026-08-22T16:58:01.435712+00:00,KXHIGHNY-26AUG22-B73.5,YES,ask,0.4,9.0,10,1251.1100000000001,no_dollars,KXHIGHNY-26AUG22,2026-08-23T05:00:00Z,active,True
2026-08-22T16:58:01.435712+00:00,KXHIGHNY-26AUG22-B73.5,YES,ask,0.41,20.0,11,1271.1100000000001,no_dollars,KXHIGHNY-26AUG22,2026-08-23T05:00:00Z,active,True
2026-08-22T16:58:01.435712+00:00,KXHIGHNY-26AUG22-B73.5,YES,ask,0.5,1.0,12,1272.1100000000001,no_dollars,KXHIGHNY-26AUG22,2026-08-23T05:00:00Z,active,True
2026-08-22T16:58:01.435712+00:00,KXHIGHNY-26AUG22-B73.5,YES,ask,0.54,1.0,13,1273.1100000000001,no_dollars,KXHIGHNY-26AUG22,2026-08-23T05:00:00Z,active,True
2026-08-22T16:58:01.435712+00:00,KXHIGHNY-26AUG22-B73.5,YES,ask,0.55,20.0,14,1293.1100000000001,no_dollars,KXHIGHNY-26AUG22,2026-08-23T05:00:00Z,active,True
2026-08-22T16:58:01.435712+00:00,KXHIGHNY-26AUG22-B73.5,YES,ask,0.57,4.0,15,1297.1100000000001,no_dollars,KXHIGHNY-26AUG22,2026-08-23T05:00:00Z,active,True
2026-08-22T16:58:01.435712+00:00,KXHIGHNY-26AUG22-B73.5,YES,ask,0.58,60.0,16,1357.1100000000001,no_dollars,KXHIGHNY-26AUG22,2026-08-23T05:00:00Z,active,True
2026-08-22T16:58:01.435712+00:00,KXHIGHNY-26AUG22-B73.5,YES,ask,0.59,100.0,17,1457.1100000000001,no_dollars,KXHIGHNY-26AUG22,2026-08-23T05:00:00Z,active,True
2026-08-22T16:58:01.435712+00:00,KXHIGHNY-26AUG22-B73.5,YES,ask,0.6,72.0,18,1529.1100000000001,no_dollars,KXHIGHNY-26AUG22,2026-08-23T05:00:00Z,active,True
2026-08-22T16:58:01.435712+00:00,KXHIGHNY-26AUG22-B73.5,YES,ask,0.61,13.21,19,1542.3200000000002,no_dollars,KXHIGHNY-26AUG22,2026-08-23T05:00:00Z,active,True
2026-08-22T16:58:01.435712+00:00,KXHIGHNY-26AUG22-B73.5,YES,ask,0.62,8.0,20,1550.3200000000002,no_dollars,KXHIGHNY-26AUG22,2026-08-23T05:00:00Z,active,True
2026-08-22T17:02:28.724061+00:00,KXHIGHNY-26AUG23-T87,YES,bid,0.01,531.1,1,531.1,yes_dollars,KXHIGHNY-26AUG23,2026-08-24T05:00:00Z,active,True
2026-08-22T17:02:28.724061+00:00,KXHIGHNY-26AUG23-T87,NO,ask,0.99,531.1,1,531.1,yes_dollars,KXHIGHNY-26AUG23,2026-08-24T05:00:00Z,active,True
2026-08-22T17:02:28.724061+00:00,KXHIGHNY-26AUG23-T87,NO,bid,0.98,36.0,1,36.0,no_dollars,KXHIGHNY-26AUG23,2026-08-24T05:00:00Z,active,True
2026-08-22T17:02:28.724061+00:00,KXHIGHNY-26AUG23-T87,NO,bid,0.97,493.0,2,529.0,no_dollars,KXHIGHNY-26AUG23,2026-08-24T05:00:00Z,active,True
2026-08-22T17:02:28.724061+00:00,KXHIGHNY-26AUG23-T87,NO,bid,0.96,145.0,3,674.0,no_dollars,KXHIGHNY-26AUG23,2026-08-24T05:00:00Z,active,True
2026-08-22T17:02:28.724061+00:00,KXHIGHNY-26AUG23-T87,NO,bid,0.95,263.0,4,937.0,no_dollars,KXHIGHNY-26AUG23,2026-08-24T05:00:00Z,active,True
2026-08-22T17:02:28.724061+00:00,KXHIGHNY-26AUG23-T87,NO,bid,0.94,250.0,5,1187.0,no_dollars,KXHIGHNY-26AUG23,2026-08-24T05:00:00Z,active,True
2026-08-22T17:02:28.724061+00:00,KXHIGHNY-26AUG23-T87,NO,bid,0.93,3.0,6,1190.0,no_dollars,KXHIGHNY-26AUG23,2026-08-24T05:00:00Z,active,True
2026-08-22T17:02:28.724061+00:00,KXHIGHNY-26AUG23-T87,NO,bid,0.92,5.0,7,1195.0,no_dollars,KXHIGHNY-26AUG23,2026-08-24T05:00:00Z,active,True
2026-08-22T17:02:28.724061+00:00,KXHIGHNY-26AUG23-T87,NO,bid,0.91,18.0,8,1213.0,no_dollars,KXHIGHNY-26AUG23,2026-08-24T05:00:00Z,active,True
2026-08-22T17:02:28.724061+00:00,KXHIGHNY-26AUG23-T87,NO,bid,0.9,7.0,9,1220.0,no_dollars,KXHIGHNY-26AUG23,2026-08-24T05:00:00Z,active,True
2026-08-22T17:02:28.724061+00:00,KXHIGHNY-26AUG23-T87,NO,bid,0.89,27.0,10,1247.0,no_dollars,KXHIGHNY-26AUG23,2026-08-24T05:00:00Z,active,True
2026-08-22T17:02:28.724061+00:00,KXHIGHNY-26AUG23-T87,NO,bid,0.88,53.0,11,1300.0,no_dollars,KXHIGHNY-26AUG23,2026-08-24T05:00:00Z,active,True
2026-08-22T17:02:28.724061+00:00,KXHIGHNY-26AUG23-T87,NO,bid,0.87,44.0,12,1344.0,no_dollars,KXHIGHNY-26AUG23,2026-08-24T05:00:00Z,active,True
2026-08-22T17:02:28.724061+00:00,KXHIGHNY-26AUG23-T87,NO,bid,0.86,28.0,13,1372.0,no_dollars,KXHIGHNY-26AUG23,2026-08-24T05:00:00Z,active,True
2026-08-22T17:02:28.724061+00:00,KXHIGHNY-26AUG23-T87,NO,bid,0.85,41.0,14,1413.0,no_dollars,KXHIGHNY-26AUG23,2026-08-24T05:00:00Z,active,True
2026-08-22T17:02:28.724061+00:00,KXHIGHNY-26AUG23-T87,NO,bid,0.84,57.0,15,1470.0,no_dollars,KXHIGHNY-26AUG23,2026-08-24T05:00:00Z,active,True
2026-08-22T17:02:28.724061+00:00,KXHIGHNY-26AUG23-T87,NO,bid,0.83,41.0,16,1511.0,no_dollars,KXHIGHNY-26AUG23,2026-08-24T05:00:00Z,active,True
2026-08-22T17:02:28.724061+00:00,KXHIGHNY-26AUG23-T87,NO,bid,0.81,154.0,17,1665.0,no_dollars,KXHIGHNY-26AUG23,2026-08-24T05:00:00Z,active,True
2026-08-22T17:02:28.724061+00:00,KXHIGHNY-26AUG23-T87,NO,bid,0.8,41.0,18,1706.0,no_dollars,KXHIGHNY-26AUG23,2026-08-24T05:00:00Z,active,True
2026-08-22T17:02:28.724061+00:00,KXHIGHNY-26AUG23-T87,NO,bid,0.79,26.0,19,1732.0,no_dollars,KXHIGHNY-26AUG23,2026-08-24T05:00:00Z,active,True
2026-08-22T17:02:28.724061+00:00,KXHIGHNY-26AUG23-T87,NO,bid,0.78,40.0,20,1772.0,no_dollars,KXHIGHNY-26AUG23,2026-08-24T05:00:00Z,active,True
2026-08-22T17:02:28.724061+00:00,KXHIGHNY-26AUG23-T87,YES,ask,0.02,36.0,1,36.0,no_dollars,KXHIGHNY-26AUG23,2026-08-24T05:00:00Z,active,True
2026-08-22T17:02:28.724061+00:00,KXHIGHNY-26AUG23-T87,YES,ask,0.03,493.0,2,529.0,no_dollars,KXHIGHNY-26AUG23,2026-08-24T05:00:00Z,active,True
2026-08-22T17:02:28.724061+00:00,KXHIGHNY-26AUG23-T87,YES,ask,0.04,145.0,3,674.0,no_dollars,KXHIGHNY-26AUG23,2026-08-24T05:00:00Z,active,True
2026-08-22T17:02:28.724061+00:00,KXHIGHNY-26AUG23-T87,YES,ask,0.05,263.0,4,937.0,no_dollars,KXHIGHNY-26AUG23,2026-08-24T05:00:00Z,active,True
2026-08-22T17:02:28.724061+00:00,KXHIGHNY-26AUG23-T87,YES,ask,0.06,250.0,5,1187.0,no_dollars,KXHIGHNY-26AUG23,2026-08-24T05:00:00Z,active,True
2026-08-22T17:02:28.724061+00:00,KXHIGHNY-26AUG23-T87,YES,ask,0.07,3.0,6,1190.0,no_dollars,KXHIGHNY-26AUG23,2026-08-24T05:00:00Z,active,True
2026-08-22T17:02:28.724061+00:00,KXHIGHNY-26AUG23-T87,YES,ask,0.08,5.0,7,1195.0,no_dollars,KXHIGHNY-26AUG23,2026-08-24T05:00:00Z,active,True
2026-08-22T17:02:28.724061+00:00,KXHIGHNY-26AUG23-T87,YES,ask,0.09,18.0,8,1213.0,no_dollars,KXHIGHNY-26AUG23,2026-08-24T05:00:00Z,active,True
2026-08-22T17:02:28.724061+00:00,KXHIGHNY-26AUG23-T87,YES,ask,0.1,7.0,9,1220.0,no_dollars,KXHIGHNY-26AUG23,2026-08-24T05:00:00Z,active,True
2026-08-22T17:02:28.724061+00:00,KXHIGHNY-26AUG23-T87,YES,ask,0.11,27.0,10,1247.0,no_dollars,KXHIGHNY-26AUG23,2026-08-24T05:00:00Z,active,True
2026-08-22T17:02:28.724061+00:00,KXHIGHNY-26AUG23-T87,YES,ask,0.12,53.0,11,1300.0,no_dollars,KXHIGHNY-26AUG23,2026-08-24T05:00:00Z,active,True
2026-08-22T17:02:28.724061+00:00,KXHIGHNY-26AUG23-T87,YES,ask,0.13,44.0,12,1344.0,no_dollars,KXHIGHNY-26AUG23,2026-08-24T05:00:00Z,active,True
2026-08-22T17:02:28.724061+00:00,KXHIGHNY-26AUG23-T87,YES,ask,0.14,28.0,13,1372.0,no_dollars,KXHIGHNY-26AUG23,2026-08-24T05:00:00Z,active,True
2026-08-22T17:02:28.724061+00:00,KXHIGHNY-26AUG23-T87,YES,ask,0.15,41.0,14,1413.0,no_dollars,KXHIGHNY-26AUG23,2026-08-24T05:00:00Z,active,True
2026-08-22T17:02:28.724061+00:00,KXHIGHNY-26AUG23-T87,YES,ask,0.16,57.0,15,1470.0,no_dollars,KXHIGHNY-26AUG23,2026-08-24T05:00:00Z,active,True
2026-08-22T17:02:28.724061+00:00,KXHIGHNY-26AUG23-T87,YES,ask,0.17,41.0,16,1511.0,no_dollars,KXHIGHNY-26AUG23,2026-08-24T05:00:00Z,active,True
2026-08-22T17:02:28.724061+00:00,KXHIGHNY-26AUG23-T87,YES,ask,0.19,154.0,17,1665.0,no_dollars,KXHIGHNY-26AUG23,2026-08-24T05:00:00Z,active,True
2026-08-22T17:02:28.724061+00:00,KXHIGHNY-26AUG23-T87,YES,ask,0.2,41.0,18,1706.0,no_dollars,KXHIGHNY-26AUG23,2026-08-24T05:00:00Z,active,True
2026-08-22T17:02:28.724061+00:00,KXHIGHNY-26AUG23-T87,YES,ask,0.21,26.0,19,1732.0,no_dollars,KXHIGHNY-26AUG23,2026-08-24T05:00:00Z,active,True
2026-08-22T17:02:28.724061+00:00,KXHIGHNY-26AUG23-T87,YES,ask,0.22,40.0,20,1772.0,no_dollars,KXHIGHNY-26AUG23,2026-08-24T05:00:00Z,active,True
2026-08-22T17:02:28.724061+00:00,KXHIGHNY-26AUG23-T80,YES,bid,0.16,100.0,1,100.0,yes_dollars,KXHIGHNY-26AUG23,2026-08-24T05:00:00Z,active,True
2026-08-22T17:02:28.724061+00:00,KXHIGHNY-26AUG23-T80,YES,bid,0.15,87.0,2,187.0,yes_dollars,KXHIGHNY-26AUG23,2026-08-24T05:00:00Z,active,True
2026-08-22T17:02:28.724061+00:00,KXHIGHNY-26AUG23-T80,YES,bid,0.14,301.0,3,488.0,yes_dollars,KXHIGHNY-26AUG23,2026-08-24T05:00:00Z,active,True
2026-08-22T17:02:28.724061+00:00,KXHIGHNY-26AUG23-T80,YES,bid,0.13,101.0,4,589.0,yes_dollars,KXHIGHNY-26AUG23,2026-08-24T05:00:00Z,active,True
2026-08-22T17:02:28.724061+00:00,KXHIGHNY-26AUG23-T80,YES,bid,0.12,1.0,5,590.0,yes_dollars,KXHIGHNY-26AUG23,2026-08-24T05:00:00Z,active,True
2026-08-22T17:02:28.724061+00:00,KXHIGHNY-26AUG23-T80,YES,bid,0.11,1.0,6,591.0,yes_dollars,KXHIGHNY-26AUG23,2026-08-24T05:00:00Z,active,True
2026-08-22T17:02:28.724061+00:00,KXHIGHNY-26AUG23-T80,YES,bid,0.1,125.0,7,716.0,yes_dollars,KXHIGHNY-26AUG23,2026-08-24T05:00:00Z,active,True
2026-08-22T17:02:28.724061+00:00,KXHIGHNY-26AUG23-T80,YES,bid,0.07,121.0,8,837.0,yes_dollars,KXHIGHNY-26AUG23,2026-08-24T05:00:00Z,active,True
2026-08-22T17:02:28.724061+00:00,KXHIGHNY-26AUG23-T80,YES,bid,0.06,398.0,9,1235.0,yes_dollars,KXHIGHNY-26AUG23,2026-08-24T05:00:00Z,active,True
2026-08-22T17:02:28.724061+00:00,KXHIGHNY-26AUG23-T80,YES,bid,0.05,417.0,10,1652.0,yes_dollars,KXHIGHNY-26AUG23,2026-08-24T05:00:00Z,active,True
2026-08-22T17:02:28.724061+00:00,KXHIGHNY-26AUG23-T80,YES,bid,0.04,450.0,11,2102.0,yes_dollars,KXHIGHNY-26AUG23,2026-08-24T05:00:00Z,active,True
2026-08-22T17:02:28.724061+00:00,KXHIGHNY-26AUG23-T80,YES,bid,0.03,17.0,12,2119.0,yes_dollars,KXHIGHNY-26AUG23,2026-08-24T05:00:00Z,active,True
2026-08-22T17:02:28.724061+00:00,KXHIGHNY-26AUG23-T80,YES,bid,0.02,161.0,13,2280.0,yes_dollars,KXHIGHNY-26AUG23,2026-08-24T05:00:00Z,active,True
2026-08-22T17:02:28.724061+00:00,KXHIGHNY-26AUG23-T80,YES,bid,0.01,1327.0,14,3607.0,yes_dollars,KXHIGHNY-26AUG23,2026-08-24T05:00:00Z,active,True
2026-08-22T17:02:28.724061+00:00,KXHIGHNY-26AUG23-T80,NO,ask,0.84,100.0,1,100.0,yes_dollars,KXHIGHNY-26AUG23,2026-08-24T05:00:00Z,active,True
2026-08-22T17:02:28.724061+00:00,KXHIGHNY-26AUG23-T80,NO,ask,0.85,87.0,2,187.0,yes_dollars,KXHIGHNY-26AUG23,2026-08-24T05:00:00Z,active,True
2026-08-22T17:02:28.724061+00:00,KXHIGHNY-26AUG23-T80,NO,ask,0.86,301.0,3,488.0,yes_dollars,KXHIGHNY-26AUG23,2026-08-24T05:00:00Z,active,True
2026-08-22T17:02:28.724061+00:00,KXHIGHNY-26AUG23-T80,NO,ask,0.87,101.0,4,589.0,yes_dollars,KXHIGHNY-26AUG23,2026-08-24T05:00:00Z,active,True
2026-08-22T17:02:28.724061+00:00,KXHIGHNY-26AUG23-T80,NO,ask,0.88,1.0,5,590.0,yes_dollars,KXHIGHNY-26AUG23,2026-08-24T05:00:00Z,active,True
2026-08-22T17:02:28.724061+00:00,KXHIGHNY-26AUG23-T80,NO,ask,0.89,1.0,6,591.0,yes_dollars,KXHIGHNY-26AUG23,2026-08-24T05:00:00Z,active,True
2026-08-22T17:02:28.724061+00:00,KXHIGHNY-26AUG23-T80,NO,ask,0.9,125.0,7,716.0,yes_dollars,KXHIGHNY-26AUG23,2026-08-24T05:00:00Z,active,True
2026-08-22T17:02:28.724061+00:00,KXHIGHNY-26AUG23-T80,NO,ask,0.93,121.0,8,837.0,yes_dollars,KXHIGHNY-26AUG23,2026-08-24T05:00:00Z,active,True
2026-08-22T17:02:28.724061+00:00,KXHIGHNY-26AUG23-T80,NO,ask,0.94,398.0,9,1235.0,yes_dollars,KXHIGHNY-26AUG23,2026-08-24T05:00:00Z,active,True
2026-08-22T17:02:28.724061+00:00,KXHIGHNY-26AUG23-T80,NO,ask,0.95,417.0,10,1652.0,yes_dollars,KXHIGHNY-26AUG23,2026-08-24T05:00:00Z,active,True
2026-08-22T17:02:28.724061+00:00,KXHIGHNY-26AUG23-T80,NO,ask,0.96,450.0,11,2102.0,yes_dollars,KXHIGHNY-26AUG23,2026-08-24T05:00:00Z,active,True
2026-08-22T17:02:28.724061+00:00,KXHIGHNY-26AUG23-T80,NO,ask,0.97,17.0,12,2119.0,yes_dollars,KXHIGHNY-26AUG23,2026-08-24T05:00:00Z,active,True
2026-08-22T17:02:28.724061+00:00,KXHIGHNY-26AUG23-T80,NO,ask,0.98,161.0,13,2280.0,yes_dollars,KXHIGHNY-26AUG23,2026-08-24T05:00:00Z,active,True
2026-08-22T17:02:28.724061+00:00,KXHIGHNY-26AUG23-T80,NO,ask,0.99,1327.0,14,3607.0,yes_dollars,KXHIGHNY-26AUG23,2026-08-24T05:00:00Z,active,True
2026-08-22T17:02:28.724061+00:00,KXHIGHNY-26AUG23-T80,NO,bid,0.81,65.36,1,65.36,no_dollars,KXHIGHNY-26AUG23,2026-08-24T05:00:00Z,active,True
2026-08-22T17:02:28.724061+00:00,KXHIGHNY-26AUG23-T80,NO,bid,0.8,58.0,2,123.36,no_dollars,KXHIGHNY-26AUG23,2026-08-24T05:00:00Z,active,True
2026-08-22T17:02:28.724061+00:00,KXHIGHNY-26AUG23-T80,NO,bid,0.79,26.0,3,149.36,no_dollars,KXHIGHNY-26AUG23,2026-08-24T05:00:00Z,active,True
2026-08-22T17:02:28.724061+00:00,KXHIGHNY-26AUG23-T80,NO,bid,0.78,361.64,4,511.0,no_dollars,KXHIGHNY-26AUG23,2026-08-24T05:00:00Z,active,True
2026-08-22T17:02:28.724061+00:00,KXHIGHNY-26AUG23-T80,NO,bid,0.77,151.0,5,662.0,no_dollars,KXHIGHNY-26AUG23,2026-08-24T05:00:00Z,active,True
2026-08-22T17:02:28.724061+00:00,KXHIGHNY-26AUG23-T80,NO,bid,0.76,53.0,6,715.0,no_dollars,KXHIGHNY-26AUG23,2026-08-24T05:00:00Z,active,True
2026-08-22T17:02:28.724061+00:00,KXHIGHNY-26AUG23-T80,NO,bid,0.75,41.0,7,756.0,no_dollars,KXHIGHNY-26AUG23,2026-08-24T05:00:00Z,active,True
2026-08-22T17:02:28.724061+00:00,KXHIGHNY-26AUG23-T80,NO,bid,0.74,14.0,8,770.0,no_dollars,KXHIGHNY-26AUG23,2026-08-24T05:00:00Z,active,True
2026-08-22T17:02:28.724061+00:00,KXHIGHNY-26AUG23-T80,NO,bid,0.73,23.0,9,793.0,no_dollars,KXHIGHNY-26AUG23,2026-08-24T05:00:00Z,active,True
2026-08-22T17:02:28.724061+00:00,KXHIGHNY-26AUG23-T80,NO,bid,0.72,19.0,10,812.0,no_dollars,KXHIGHNY-26AUG23,2026-08-24T05:00:00Z,active,True
2026-08-22T17:02:28.724061+00:00,KXHIGHNY-26AUG23-T80,NO,bid,0.71,215.0,11,1027.0,no_dollars,KXHIGHNY-26AUG23,2026-08-24T05:00:00Z,active,True
2026-08-22T17:02:28.724061+00:00,KXHIGHNY-26AUG23-T80,NO,bid,0.7,89.0,12,1116.0,no_dollars,KXHIGHNY-26AUG23,2026-08-24T05:00:00Z,active,True
2026-08-22T17:02:28.724061+00:00,KXHIGHNY-26AUG23-T80,NO,bid,0.69,4.0,13,1120.0,no_dollars,KXHIGHNY-26AUG23,2026-08-24T05:00:00Z,active,True
2026-08-22T17:02:28.724061+00:00,KXHIGHNY-26AUG23-T80,NO,bid,0.68,96.0,14,1216.0,no_dollars,KXHIGHNY-26AUG23,2026-08-24T05:00:00Z,active,True
2026-08-22T17:02:28.724061+00:00,KXHIGHNY-26AUG23-T80,NO,bid,0.66,30.0,15,1246.0,no_dollars,KXHIGHNY-26AUG23,2026-08-24T05:00:00Z,active,True
2026-08-22T17:02:28.724061+00:00,KXHIGHNY-26AUG23-T80,NO,bid,0.65,35.0,16,1281.0,no_dollars,KXHIGHNY-26AUG23,2026-08-24T05:00:00Z,active,True
2026-08-22T17:02:28.724061+00:00,KXHIGHNY-26AUG23-T80,NO,bid,0.64,43.0,17,1324.0,no_dollars,KXHIGHNY-26AUG23,2026-08-24T05:00:00Z,active,True
2026-08-22T17:02:28.724061+00:00,KXHIGHNY-26AUG23-T80,NO,bid,0.6,45.0,18,1369.0,no_dollars,KXHIGHNY-26AUG23,2026-08-24T05:00:00Z,active,True
2026-08-22T17:02:28.724061+00:00,KXHIGHNY-26AUG23-T80,NO,bid,0.56,21.0,19,1390.0,no_dollars,KXHIGHNY-26AUG23,2026-08-24T05:00:00Z,active,True
2026-08-22T17:02:28.724061+00:00,KXHIGHNY-26AUG23-T80,NO,bid,0.55,25.0,20,1415.0,no_dollars,KXHIGHNY-26AUG23,2026-08-24T05:00:00Z,active,True
2026-08-22T17:02:28.724061+00:00,KXHIGHNY-26AUG23-T80,YES,ask,0.19,65.36,1,65.36,no_dollars,KXHIGHNY-26AUG23,2026-08-24T05:00:00Z,active,True
2026-08-22T17:02:28.724061+00:00,KXHIGHNY-26AUG23-T80,YES,ask,0.2,58.0,2,123.36,no_dollars,KXHIGHNY-26AUG23,2026-08-24T05:00:00Z,active,True
2026-08-22T17:02:28.724061+00:00,KXHIGHNY-26AUG23-T80,YES,ask,0.21,26.0,3,149.36,no_dollars,KXHIGHNY-26AUG23,2026-08-24T05:00:00Z,active,True
2026-08-22T17:02:28.724061+00:00,KXHIGHNY-26AUG23-T80,YES,ask,0.22,361.64,4,511.0,no_dollars,KXHIGHNY-26AUG23,2026-08-24T05:00:00Z,active,True
2026-08-22T17:02:28.724061+00:00,KXHIGHNY-26AUG23-T80,YES,ask,0.23,151.0,5,662.0,no_dollars,KXHIGHNY-26AUG23,2026-08-24T05:00:00Z,active,True
2026-08-22T17:02:28.724061+00:00,KXHIGHNY-26AUG23-T80,YES,ask,0.24,53.0,6,715.0,no_dollars,KXHIGHNY-26AUG23,2026-08-24T05:00:00Z,active,True
2026-08-22T17:02:28.724061+00:00,KXHIGHNY-26AUG23-T80,YES,ask,0.25,41.0,7,756.0,no_dollars,KXHIGHNY-26AUG23,2026-08-24T05:00:00Z,active,True
2026-08-22T17:02:28.724061+00:00,KXHIGHNY-26AUG23-T80,YES,ask,0.26,14.0,8,770.0,no_dollars,KXHIGHNY-26AUG23,2026-08-24T05:00:00Z,active,True
2026-08-22T17:02:28.724061+00:00,KXHIGHNY-26AUG23-T80,YES,ask,0.27,23.0,9,793.0,no_dollars,KXHIGHNY-26AUG23,2026-08-24T05:00:00Z,active,True
2026-08-22T17:02:28.724061+00:00,KXHIGHNY-26AUG23-T80,YES,ask,0.28,19.0,10,812.0,no_dollars,KXHIGHNY-26AUG23,2026-08-24T05:00:00Z,active,True
2026-08-22T17:02:28.724061+00:00,KXHIGHNY-26AUG23-T80,YES,ask,0.29,215.0,11,1027.0,no_dollars,KXHIGHNY-26AUG23,2026-08-24T05:00:00Z,active,True
2026-08-22T17:02:28.724061+00:00,KXHIGHNY-26AUG23-T80,YES,ask,0.3,89.0,12,1116.0,no_dollars,KXHIGHNY-26AUG23,2026-08-24T05:00:00Z,active,True
2026-08-22T17:02:28.724061+00:00,KXHIGHNY-26AUG23-T80,YES,ask,0.31,4.0,13,1120.0,no_dollars,KXHIGHNY-26AUG23,2026-08-24T05:00:00Z,active,True
2026-08-22T17:02:28.724061+00:00,KXHIGHNY-26AUG23-T80,YES,ask,0.32,96.0,14,1216.0,no_dollars,KXHIGHNY-26AUG23,2026-08-24T05:00:00Z,active,True
2026-08-22T17:02:28.724061+00:00,KXHIGHNY-26AUG23-T80,YES,ask,0.34,30.0,15,1246.0,no_dollars,KXHIGHNY-26AUG23,2026-08-24T05:00:00Z,active,True
2026-08-22T17:02:28.724061+00:00,KXHIGHNY-26AUG23-T80,YES,ask,0.35,35.0,16,1281.0,no_dollars,KXHIGHNY-26AUG23,2026-08-24T05:00:00Z,active,True
2026-08-22T17:02:28.724061+00:00,KXHIGHNY-26AUG23-T80,YES,ask,0.36,43.0,17,1324.0,no_dollars,KXHIGHNY-26AUG23,2026-08-24T05:00:00Z,active,True
2026-08-22T17:02:28.724061+00:00,KXHIGHNY-26AUG23-T80,YES,ask,0.4,45.0,18,1369.0,no_dollars,KXHIGHNY-26AUG23,2026-08-24T05:00:00Z,active,True
2026-08-22T17:02:28.724061+00:00,KXHIGHNY-26AUG23-T80,YES,ask,0.44,21.0,19,1390.0,no_dollars,KXHIGHNY-26AUG23,2026-08-24T05:00:00Z,active,True
2026-08-22T17:02:28.724061+00:00,KXHIGHNY-26AUG23-T80,YES,ask,0.45,25.0,20,1415.0,no_dollars,KXHIGHNY-26AUG23,2026-08-24T05:00:00Z,active,True
2026-08-22T17:02:28.724061+00:00,KXHIGHNY-26AUG23-B86.5,YES,bid,0.02,224.0,1,224.0,yes_dollars,KXHIGHNY-26AUG23,2026-08-24T05:00:00Z,active,True
2026-08-22T17:02:28.724061+00:00,KXHIGHNY-26AUG23-B86.5,YES,bid,0.01,598.0,2,822.0,yes_dollars,KXHIGHNY-26AUG23,2026-08-24T05:00:00Z,active,True
2026-08-22T17:02:28.724061+00:00,KXHIGHNY-26AUG23-B86.5,NO,ask,0.98,224.0,1,224.0,yes_dollars,KXHIGHNY-26AUG23,2026-08-24T05:00:00Z,active,True
2026-08-22T17:02:28.724061+00:00,KXHIGHNY-26AUG23-B86.5,NO,ask,0.99,598.0,2,822.0,yes_dollars,KXHIGHNY-26AUG23,2026-08-24T05:00:00Z,active,True
2026-08-22T17:02:28.724061+00:00,KXHIGHNY-26AUG23-B86.5,NO,bid,0.97,82.0,1,82.0,no_dollars,KXHIGHNY-26AUG23,2026-08-24T05:00:00Z,active,True
2026-08-22T17:02:28.724061+00:00,KXHIGHNY-26AUG23-B86.5,NO,bid,0.96,76.0,2,158.0,no_dollars,KXHIGHNY-26AUG23,2026-08-24T05:00:00Z,active,True
2026-08-22T17:02:28.724061+00:00,KXHIGHNY-26AUG23-B86.5,NO,bid,0.95,250.0,3,408.0,no_dollars,KXHIGHNY-26AUG23,2026-08-24T05:00:00Z,active,True
2026-08-22T17:02:28.724061+00:00,KXHIGHNY-26AUG23-B86.5,NO,bid,0.94,250.0,4,658.0,no_dollars,KXHIGHNY-26AUG23,2026-08-24T05:00:00Z,active,True
2026-08-22T17:02:28.724061+00:00,KXHIGHNY-26AUG23-B86.5,NO,bid,0.93,25.0,5,683.0,no_dollars,KXHIGHNY-26AUG23,2026-08-24T05:00:00Z,active,True
2026-08-22T17:02:28.724061+00:00,KXHIGHNY-26AUG23-B86.5,NO,bid,0.92,27.0,6,710.0,no_dollars,KXHIGHNY-26AUG23,2026-08-24T05:00:00Z,active,True
2026-08-22T17:02:28.724061+00:00,KXHIGHNY-26AUG23-B86.5,NO,bid,0.9,2.0,7,712.0,no_dollars,KXHIGHNY-26AUG23,2026-08-24T05:00:00Z,active,True
2026-08-22T17:02:28.724061+00:00,KXHIGHNY-26AUG23-B86.5,NO,bid,0.88,2.0,8,714.0,no_dollars,KXHIGHNY-26AUG23,2026-08-24T05:00:00Z,active,True
2026-08-22T17:02:28.724061+00:00,KXHIGHNY-26AUG23-B86.5,NO,bid,0.86,27.0,9,741.0,no_dollars,KXHIGHNY-26AUG23,2026-08-24T05:00:00Z,active,True
2026-08-22T17:02:28.724061+00:00,KXHIGHNY-26AUG23-B86.5,NO,bid,0.85,91.0,10,832.0,no_dollars,KXHIGHNY-26AUG23,2026-08-24T05:00:00Z,active,True
2026-08-22T17:02:28.724061+00:00,KXHIGHNY-26AUG23-B86.5,NO,bid,0.84,21.0,11,853.0,no_dollars,KXHIGHNY-26AUG23,2026-08-24T05:00:00Z,active,True
2026-08-22T17:02:28.724061+00:00,KXHIGHNY-26AUG23-B86.5,NO,bid,0.83,54.0,12,907.0,no_dollars,KXHIGHNY-26AUG23,2026-08-24T05:00:00Z,active,True
2026-08-22T17:02:28.724061+00:00,KXHIGHNY-26AUG23-B86.5,NO,bid,0.82,141.0,13,1048.0,no_dollars,KXHIGHNY-26AUG23,2026-08-24T05:00:00Z,active,True
2026-08-22T17:02:28.724061+00:00,KXHIGHNY-26AUG23-B86.5,NO,bid,0.81,39.0,14,1087.0,no_dollars,KXHIGHNY-26AUG23,2026-08-24T05:00:00Z,active,True
2026-08-22T17:02:28.724061+00:00,KXHIGHNY-26AUG23-B86.5,NO,bid,0.8,30.0,15,1117.0,no_dollars,KXHIGHNY-26AUG23,2026-08-24T05:00:00Z,active,True
2026-08-22T17:02:28.724061+00:00,KXHIGHNY-26AUG23-B86.5,NO,bid,0.79,35.0,16,1152.0,no_dollars,KXHIGHNY-26AUG23,2026-08-24T05:00:00Z,active,True
2026-08-22T17:02:28.724061+00:00,KXHIGHNY-26AUG23-B86.5,NO,bid,0.78,60.0,17,1212.0,no_dollars,KXHIGHNY-26AUG23,2026-08-24T05:00:00Z,active,True
2026-08-22T17:02:28.724061+00:00,KXHIGHNY-26AUG23-B86.5,NO,bid,0.76,49.0,18,1261.0,no_dollars,KXHIGHNY-26AUG23,2026-08-24T05:00:00Z,active,True
2026-08-22T17:02:28.724061+00:00,KXHIGHNY-26AUG23-B86.5,NO,bid,0.75,41.0,19,1302.0,no_dollars,KXHIGHNY-26AUG23,2026-08-24T05:00:00Z,active,True
2026-08-22T17:02:28.724061+00:00,KXHIGHNY-26AUG23-B86.5,NO,bid,0.74,4.0,20,1306.0,no_dollars,KXHIGHNY-26AUG23,2026-08-24T05:00:00Z,active,True
2026-08-22T17:02:28.724061+00:00,KXHIGHNY-26AUG23-B86.5,YES,ask,0.03,82.0,1,82.0,no_dollars,KXHIGHNY-26AUG23,2026-08-24T05:00:00Z,active,True
2026-08-22T17:02:28.724061+00:00,KXHIGHNY-26AUG23-B86.5,YES,ask,0.04,76.0,2,158.0,no_dollars,KXHIGHNY-26AUG23,2026-08-24T05:00:00Z,active,True
2026-08-22T17:02:28.724061+00:00,KXHIGHNY-26AUG23-B86.5,YES,ask,0.05,250.0,3,408.0,no_dollars,KXHIGHNY-26AUG23,2026-08-24T05:00:00Z,active,True
2026-08-22T17:02:28.724061+00:00,KXHIGHNY-26AUG23-B86.5,YES,ask,0.06,250.0,4,658.0,no_dollars,KXHIGHNY-26AUG23,2026-08-24T05:00:00Z,active,True
2026-08-22T17:02:28.724061+00:00,KXHIGHNY-26AUG23-B86.5,YES,ask,0.07,25.0,5,683.0,no_dollars,KXHIGHNY-26AUG23,2026-08-24T05:00:00Z,active,True
2026-08-22T17:02:28.724061+00:00,KXHIGHNY-26AUG23-B86.5,YES,ask,0.08,27.0,6,710.0,no_dollars,KXHIGHNY-26AUG23,2026-08-24T05:00:00Z,active,True
2026-08-22T17:02:28.724061+00:00,KXHIGHNY-26AUG23-B86.5,YES,ask,0.1,2.0,7,712.0,no_dollars,KXHIGHNY-26AUG23,2026-08-24T05:00:00Z,active,True
2026-08-22T17:02:28.724061+00:00,KXHIGHNY-26AUG23-B86.5,YES,ask,0.12,2.0,8,714.0,no_dollars,KXHIGHNY-26AUG23,2026-08-24T05:00:00Z,active,True
2026-08-22T17:02:28.724061+00:00,KXHIGHNY-26AUG23-B86.5,YES,ask,0.14,27.0,9,741.0,no_dollars,KXHIGHNY-26AUG23,2026-08-24T05:00:00Z,active,True
2026-08-22T17:02:28.724061+00:00,KXHIGHNY-26AUG23-B86.5,YES,ask,0.15,91.0,10,832.0,no_dollars,KXHIGHNY-26AUG23,2026-08-24T05:00:00Z,active,True
2026-08-22T17:02:28.724061+00:00,KXHIGHNY-26AUG23-B86.5,YES,ask,0.16,21.0,11,853.0,no_dollars,KXHIGHNY-26AUG23,2026-08-24T05:00:00Z,active,True
2026-08-22T17:02:28.724061+00:00,KXHIGHNY-26AUG23-B86.5,YES,ask,0.17,54.0,12,907.0,no_dollars,KXHIGHNY-26AUG23,2026-08-24T05:00:00Z,active,True
2026-08-22T17:02:28.724061+00:00,KXHIGHNY-26AUG23-B86.5,YES,ask,0.18,141.0,13,1048.0,no_dollars,KXHIGHNY-26AUG23,2026-08-24T05:00:00Z,active,True
2026-08-22T17:02:28.724061+00:00,KXHIGHNY-26AUG23-B86.5,YES,ask,0.19,39.0,14,1087.0,no_dollars,KXHIGHNY-26AUG23,2026-08-24T05:00:00Z,active,True
2026-08-22T17:02:28.724061+00:00,KXHIGHNY-26AUG23-B86.5,YES,ask,0.2,30.0,15,1117.0,no_dollars,KXHIGHNY-26AUG23,2026-08-24T05:00:00Z,active,True
2026-08-22T17:02:28.724061+00:00,KXHIGHNY-26AUG23-B86.5,YES,ask,0.21,35.0,16,1152.0,no_dollars,KXHIGHNY-26AUG23,2026-08-24T05:00:00Z,active,True
2026-08-22T17:02:28.724061+00:00,KXHIGHNY-26AUG23-B86.5,YES,ask,0.22,60.0,17,1212.0,no_dollars,KXHIGHNY-26AUG23,2026-08-24T05:00:00Z,active,True
2026-08-22T17:02:28.724061+00:00,KXHIGHNY-26AUG23-B86.5,YES,ask,0.24,49.0,18,1261.0,no_dollars,KXHIGHNY-26AUG23,2026-08-24T05:00:00Z,active,True
2026-08-22T17:02:28.724061+00:00,KXHIGHNY-26AUG23-B86.5,YES,ask,0.25,41.0,19,1302.0,no_dollars,KXHIGHNY-26AUG23,2026-08-24T05:00:00Z,active,True
2026-08-22T17:02:28.724061+00:00,KXHIGHNY-26AUG23-B86.5,YES,ask,0.26,4.0,20,1306.0,no_dollars,KXHIGHNY-26AUG23,2026-08-24T05:00:00Z,active,True
2026-08-22T17:02:28.724061+00:00,KXHIGHNY-26AUG23-B84.5,YES,bid,0.07,259.0,1,259.0,yes_dollars,KXHIGHNY-26AUG23,2026-08-24T05:00:00Z,active,True
2026-08-22T17:02:28.724061+00:00,KXHIGHNY-26AUG23-B84.5,YES,bid,0.06,299.0,2,558.0,yes_dollars,KXHIGHNY-26AUG23,2026-08-24T05:00:00Z,active,True
2026-08-22T17:02:28.724061+00:00,KXHIGHNY-26AUG23-B84.5,YES,bid,0.05,151.44,3,709.44,yes_dollars,KXHIGHNY-26AUG23,2026-08-24T05:00:00Z,active,True
2026-08-22T17:02:28.724061+00:00,KXHIGHNY-26AUG23-B84.5,YES,bid,0.04,17.0,4,726.44,yes_dollars,KXHIGHNY-26AUG23,2026-08-24T05:00:00Z,active,True
2026-08-22T17:02:28.724061+00:00,KXHIGHNY-26AUG23-B84.5,YES,bid,0.03,80.0,5,806.44,yes_dollars,KXHIGHNY-26AUG23,2026-08-24T05:00:00Z,active,True
2026-08-22T17:02:28.724061+00:00,KXHIGHNY-26AUG23-B84.5,YES,bid,0.02,157.0,6,963.44,yes_dollars,KXHIGHNY-26AUG23,2026-08-24T05:00:00Z,active,True
2026-08-22T17:02:28.724061+00:00,KXHIGHNY-26AUG23-B84.5,YES,bid,0.01,641.0,7,1604.44,yes_dollars,KXHIGHNY-26AUG23,2026-08-24T05:00:00Z,active,True
2026-08-22T17:02:28.724061+00:00,KXHIGHNY-26AUG23-B84.5,NO,ask,0.93,259.0,1,259.0,yes_dollars,KXHIGHNY-26AUG23,2026-08-24T05:00:00Z,active,True
2026-08-22T17:02:28.724061+00:00,KXHIGHNY-26AUG23-B84.5,NO,ask,0.94,299.0,2,558.0,yes_dollars,KXHIGHNY-26AUG23,2026-08-24T05:00:00Z,active,True
2026-08-22T17:02:28.724061+00:00,KXHIGHNY-26AUG23-B84.5,NO,ask,0.95,151.44,3,709.44,yes_dollars,KXHIGHNY-26AUG23,2026-08-24T05:00:00Z,active,True
2026-08-22T17:02:28.724061+00:00,KXHIGHNY-26AUG23-B84.5,NO,ask,0.96,17.0,4,726.44,yes_dollars,KXHIGHNY-26AUG23,2026-08-24T05:00:00Z,active,True
2026-08-22T17:02:28.724061+00:00,KXHIGHNY-26AUG23-B84.5,NO,ask,0.97,80.0,5,806.44,yes_dollars,KXHIGHNY-26AUG23,2026-08-24T05:00:00Z,active,True
2026-08-22T17:02:28.724061+00:00,KXHIGHNY-26AUG23-B84.5,NO,ask,0.98,157.0,6,963.44,yes_dollars,KXHIGHNY-26AUG23,2026-08-24T05:00:00Z,active,True
2026-08-22T17:02:28.724061+00:00,KXHIGHNY-26AUG23-B84.5,NO,ask,0.99,641.0,7,1604.44,yes_dollars,KXHIGHNY-26AUG23,2026-08-24T05:00:00Z,active,True
2026-08-22T17:02:28.724061+00:00,KXHIGHNY-26AUG23-B84.5,NO,bid,0.92,7.0,1,7.0,no_dollars,KXHIGHNY-26AUG23,2026-08-24T05:00:00Z,active,True
2026-08-22T17:02:28.724061+00:00,KXHIGHNY-26AUG23-B84.5,NO,bid,0.89,55.0,2,62.0,no_dollars,KXHIGHNY-26AUG23,2026-08-24T05:00:00Z,active,True
2026-08-22T17:02:28.724061+00:00,KXHIGHNY-26AUG23-B84.5,NO,bid,0.88,25.0,3,87.0,no_dollars,KXHIGHNY-26AUG23,2026-08-24T05:00:00Z,active,True
2026-08-22T17:02:28.724061+00:00,KXHIGHNY-26AUG23-B84.5,NO,bid,0.87,27.0,4,114.0,no_dollars,KXHIGHNY-26AUG23,2026-08-24T05:00:00Z,active,True
2026-08-22T17:02:28.724061+00:00,KXHIGHNY-26AUG23-B84.5,NO,bid,0.86,25.0,5,139.0,no_dollars,KXHIGHNY-26AUG23,2026-08-24T05:00:00Z,active,True
2026-08-22T17:02:28.724061+00:00,KXHIGHNY-26AUG23-B84.5,NO,bid,0.79,410.0,6,549.0,no_dollars,KXHIGHNY-26AUG23,2026-08-24T05:00:00Z,active,True
2026-08-22T17:02:28.724061+00:00,KXHIGHNY-26AUG23-B84.5,NO,bid,0.78,714.0,7,1263.0,no_dollars,KXHIGHNY-26AUG23,2026-08-24T05:00:00Z,active,True
2026-08-22T17:02:28.724061+00:00,KXHIGHNY-26AUG23-B84.5,NO,bid,0.77,56.0,8,1319.0,no_dollars,KXHIGHNY-26AUG23,2026-08-24T05:00:00Z,active,True
2026-08-22T17:02:28.724061+00:00,KXHIGHNY-26AUG23-B84.5,NO,bid,0.73,29.0,9,1348.0,no_dollars,KXHIGHNY-26AUG23,2026-08-24T05:00:00Z,active,True
2026-08-22T17:02:28.724061+00:00,KXHIGHNY-26AUG23-B84.5,NO,bid,0.72,16.0,10,1364.0,no_dollars,KXHIGHNY-26AUG23,2026-08-24T05:00:00Z,active,True
2026-08-22T17:02:28.724061+00:00,KXHIGHNY-26AUG23-B84.5,NO,bid,0.71,14.0,11,1378.0,no_dollars,KXHIGHNY-26AUG23,2026-08-24T05:00:00Z,active,True
2026-08-22T17:02:28.724061+00:00,KXHIGHNY-26AUG23-B84.5,NO,bid,0.7,5.0,12,1383.0,no_dollars,KXHIGHNY-26AUG23,2026-08-24T05:00:00Z,active,True
2026-08-22T17:02:28.724061+00:00,KXHIGHNY-26AUG23-B84.5,NO,bid,0.68,20.0,13,1403.0,no_dollars,KXHIGHNY-26AUG23,2026-08-24T05:00:00Z,active,True
2026-08-22T17:02:28.724061+00:00,KXHIGHNY-26AUG23-B84.5,NO,bid,0.67,26.0,14,1429.0,no_dollars,KXHIGHNY-26AUG23,2026-08-24T05:00:00Z,active,True
2026-08-22T17:02:28.724061+00:00,KXHIGHNY-26AUG23-B84.5,NO,bid,0.66,40.0,15,1469.0,no_dollars,KXHIGHNY-26AUG23,2026-08-24T05:00:00Z,active,True
2026-08-22T17:02:28.724061+00:00,KXHIGHNY-26AUG23-B84.5,NO,bid,0.65,42.0,16,1511.0,no_dollars,KXHIGHNY-26AUG23,2026-08-24T05:00:00Z,active,True
2026-08-22T17:02:28.724061+00:00,KXHIGHNY-26AUG23-B84.5,NO,bid,0.64,39.0,17,1550.0,no_dollars,KXHIGHNY-26AUG23,2026-08-24T05:00:00Z,active,True
2026-08-22T17:02:28.724061+00:00,KXHIGHNY-26AUG23-B84.5,NO,bid,0.63,138.0,18,1688.0,no_dollars,KXHIGHNY-26AUG23,2026-08-24T05:00:00Z,active,True
2026-08-22T17:02:28.724061+00:00,KXHIGHNY-26AUG23-B84.5,NO,bid,0.61,30.0,19,1718.0,no_dollars,KXHIGHNY-26AUG23,2026-08-24T05:00:00Z,active,True
2026-08-22T17:02:28.724061+00:00,KXHIGHNY-26AUG23-B84.5,NO,bid,0.56,124.0,20,1842.0,no_dollars,KXHIGHNY-26AUG23,2026-08-24T05:00:00Z,active,True
2026-08-22T17:02:28.724061+00:00,KXHIGHNY-26AUG23-B84.5,YES,ask,0.08,7.0,1,7.0,no_dollars,KXHIGHNY-26AUG23,2026-08-24T05:00:00Z,active,True
2026-08-22T17:02:28.724061+00:00,KXHIGHNY-26AUG23-B84.5,YES,ask,0.11,55.0,2,62.0,no_dollars,KXHIGHNY-26AUG23,2026-08-24T05:00:00Z,active,True
2026-08-22T17:02:28.724061+00:00,KXHIGHNY-26AUG23-B84.5,YES,ask,0.12,25.0,3,87.0,no_dollars,KXHIGHNY-26AUG23,2026-08-24T05:00:00Z,active,True
2026-08-22T17:02:28.724061+00:00,KXHIGHNY-26AUG23-B84.5,YES,ask,0.13,27.0,4,114.0,no_dollars,KXHIGHNY-26AUG23,2026-08-24T05:00:00Z,active,True
2026-08-22T17:02:28.724061+00:00,KXHIGHNY-26AUG23-B84.5,YES,ask,0.14,25.0,5,139.0,no_dollars,KXHIGHNY-26AUG23,2026-08-24T05:00:00Z,active,True
2026-08-22T17:02:28.724061+00:00,KXHIGHNY-26AUG23-B84.5,YES,ask,0.21,410.0,6,549.0,no_dollars,KXHIGHNY-26AUG23,2026-08-24T05:00:00Z,active,True
2026-08-22T17:02:28.724061+00:00,KXHIGHNY-26AUG23-B84.5,YES,ask,0.22,714.0,7,1263.0,no_dollars,KXHIGHNY-26AUG23,2026-08-24T05:00:00Z,active,True
2026-08-22T17:02:28.724061+00:00,KXHIGHNY-26AUG23-B84.5,YES,ask,0.23,56.0,8,1319.0,no_dollars,KXHIGHNY-26AUG23,2026-08-24T05:00:00Z,active,True
2026-08-22T17:02:28.724061+00:00,KXHIGHNY-26AUG23-B84.5,YES,ask,0.27,29.0,9,1348.0,no_dollars,KXHIGHNY-26AUG23,2026-08-24T05:00:00Z,active,True
2026-08-22T17:02:28.724061+00:00,KXHIGHNY-26AUG23-B84.5,YES,ask,0.28,16.0,10,1364.0,no_dollars,KXHIGHNY-26AUG23,2026-08-24T05:00:00Z,active,True
2026-08-22T17:02:28.724061+00:00,KXHIGHNY-26AUG23-B84.5,YES,ask,0.29,14.0,11,1378.0,no_dollars,KXHIGHNY-26AUG23,2026-08-24T05:00:00Z,active,True
2026-08-22T17:02:28.724061+00:00,KXHIGHNY-26AUG23-B84.5,YES,ask,0.3,5.0,12,1383.0,no_dollars,KXHIGHNY-26AUG23,2026-08-24T05:00:00Z,active,True
2026-08-22T17:02:28.724061+00:00,KXHIGHNY-26AUG23-B84.5,YES,ask,0.32,20.0,13,1403.0,no_dollars,KXHIGHNY-26AUG23,2026-08-24T05:00:00Z,active,True
2026-08-22T17:02:28.724061+00:00,KXHIGHNY-26AUG23-B84.5,YES,ask,0.33,26.0,14,1429.0,no_dollars,KXHIGHNY-26AUG23,2026-08-24T05:00:00Z,active,True
2026-08-22T17:02:28.724061+00:00,KXHIGHNY-26AUG23-B84.5,YES,ask,0.34,40.0,15,1469.0,no_dollars,KXHIGHNY-26AUG23,2026-08-24T05:00:00Z,active,True
2026-08-22T17:02:28.724061+00:00,KXHIGHNY-26AUG23-B84.5,YES,ask,0.35,42.0,16,1511.0,no_dollars,KXHIGHNY-26AUG23,2026-08-24T05:00:00Z,active,True
2026-08-22T17:02:28.724061+00:00,KXHIGHNY-26AUG23-B84.5,YES,ask,0.36,39.0,17,1550.0,no_dollars,KXHIGHNY-26AUG23,2026-08-24T05:00:00Z,active,True
2026-08-22T17:02:28.724061+00:00,KXHIGHNY-26AUG23-B84.5,YES,ask,0.37,138.0,18,1688.0,no_dollars,KXHIGHNY-26AUG23,2026-08-24T05:00:00Z,active,True
2026-08-22T17:02:28.724061+00:00,KXHIGHNY-26AUG23-B84.5,YES,ask,0.39,30.0,19,1718.0,no_dollars,KXHIGHNY-26AUG23,2026-08-24T05:00:00Z,active,True
2026-08-22T17:02:28.724061+00:00,KXHIGHNY-26AUG23-B84.5,YES,ask,0.44,124.0,20,1842.0,no_dollars,KXHIGHNY-26AUG23,2026-08-24T05:00:00Z,active,True
2026-08-22T17:02:28.724061+00:00,KXHIGHNY-26AUG23-B82.5,YES,bid,0.25,79.0,1,79.0,yes_dollars,KXHIGHNY-26AUG23,2026-08-24T05:00:00Z,active,True
2026-08-22T17:02:28.724061+00:00,KXHIGHNY-26AUG23-B82.5,YES,bid,0.24,74.0,2,153.0,yes_dollars,KXHIGHNY-26AUG23,2026-08-24T05:00:00Z,active,True
2026-08-22T17:02:28.724061+00:00,KXHIGHNY-26AUG23-B82.5,YES,bid,0.23,80.0,3,233.0,yes_dollars,KXHIGHNY-26AUG23,2026-08-24T05:00:00Z,active,True
2026-08-22T17:02:28.724061+00:00,KXHIGHNY-26AUG23-B82.5,YES,bid,0.22,67.0,4,300.0,yes_dollars,KXHIGHNY-26AUG23,2026-08-24T05:00:00Z,active,True
2026-08-22T17:02:28.724061+00:00,KXHIGHNY-26AUG23-B82.5,YES,bid,0.21,25.0,5,325.0,yes_dollars,KXHIGHNY-26AUG23,2026-08-24T05:00:00Z,active,True
2026-08-22T17:02:28.724061+00:00,KXHIGHNY-26AUG23-B82.5,YES,bid,0.2,69.0,6,394.0,yes_dollars,KXHIGHNY-26AUG23,2026-08-24T05:00:00Z,active,True
2026-08-22T17:02:28.724061+00:00,KXHIGHNY-26AUG23-B82.5,YES,bid,0.19,41.0,7,435.0,yes_dollars,KXHIGHNY-26AUG23,2026-08-24T05:00:00Z,active,True
2026-08-22T17:02:28.724061+00:00,KXHIGHNY-26AUG23-B82.5,YES,bid,0.18,355.0,8,790.0,yes_dollars,KXHIGHNY-26AUG23,2026-08-24T05:00:00Z,active,True
2026-08-22T17:02:28.724061+00:00,KXHIGHNY-26AUG23-B82.5,YES,bid,0.17,102.0,9,892.0,yes_dollars,KXHIGHNY-26AUG23,2026-08-24T05:00:00Z,active,True
2026-08-22T17:02:28.724061+00:00,KXHIGHNY-26AUG23-B82.5,YES,bid,0.16,63.0,10,955.0,yes_dollars,KXHIGHNY-26AUG23,2026-08-24T05:00:00Z,active,True
2026-08-22T17:02:28.724061+00:00,KXHIGHNY-26AUG23-B82.5,YES,bid,0.15,73.0,11,1028.0,yes_dollars,KXHIGHNY-26AUG23,2026-08-24T05:00:00Z,active,True
2026-08-22T17:02:28.724061+00:00,KXHIGHNY-26AUG23-B82.5,YES,bid,0.13,130.0,12,1158.0,yes_dollars,KXHIGHNY-26AUG23,2026-08-24T05:00:00Z,active,True
2026-08-22T17:02:28.724061+00:00,KXHIGHNY-26AUG23-B82.5,YES,bid,0.12,25.0,13,1183.0,yes_dollars,KXHIGHNY-26AUG23,2026-08-24T05:00:00Z,active,True
2026-08-22T17:02:28.724061+00:00,KXHIGHNY-26AUG23-B82.5,YES,bid,0.1,152.72,14,1335.72,yes_dollars,KXHIGHNY-26AUG23,2026-08-24T05:00:00Z,active,True
2026-08-22T17:02:28.724061+00:00,KXHIGHNY-26AUG23-B82.5,YES,bid,0.07,4.0,15,1339.72,yes_dollars,KXHIGHNY-26AUG23,2026-08-24T05:00:00Z,active,True
2026-08-22T17:02:28.724061+00:00,KXHIGHNY-26AUG23-B82.5,YES,bid,0.05,21.0,16,1360.72,yes_dollars,KXHIGHNY-26AUG23,2026-08-24T05:00:00Z,active,True
2026-08-22T17:02:28.724061+00:00,KXHIGHNY-26AUG23-B82.5,YES,bid,0.04,60.0,17,1420.72,yes_dollars,KXHIGHNY-26AUG23,2026-08-24T05:00:00Z,active,True
2026-08-22T17:02:28.724061+00:00,KXHIGHNY-26AUG23-B82.5,YES,bid,0.03,712.0,18,2132.7200000000003,yes_dollars,KXHIGHNY-26AUG23,2026-08-24T05:00:00Z,active,True
2026-08-22T17:02:28.724061+00:00,KXHIGHNY-26AUG23-B82.5,YES,bid,0.02,203.0,19,2335.7200000000003,yes_dollars,KXHIGHNY-26AUG23,2026-08-24T05:00:00Z,active,True
2026-08-22T17:02:28.724061+00:00,KXHIGHNY-26AUG23-B82.5,YES,bid,0.01,1644.0,20,3979.7200000000003,yes_dollars,KXHIGHNY-26AUG23,2026-08-24T05:00:00Z,active,True
2026-08-22T17:02:28.724061+00:00,KXHIGHNY-26AUG23-B82.5,NO,ask,0.75,79.0,1,79.0,yes_dollars,KXHIGHNY-26AUG23,2026-08-24T05:00:00Z,active,True
2026-08-22T17:02:28.724061+00:00,KXHIGHNY-26AUG23-B82.5,NO,ask,0.76,74.0,2,153.0,yes_dollars,KXHIGHNY-26AUG23,2026-08-24T05:00:00Z,active,True
2026-08-22T17:02:28.724061+00:00,KXHIGHNY-26AUG23-B82.5,NO,ask,0.77,80.0,3,233.0,yes_dollars,KXHIGHNY-26AUG23,2026-08-24T05:00:00Z,active,True
2026-08-22T17:02:28.724061+00:00,KXHIGHNY-26AUG23-B82.5,NO,ask,0.78,67.0,4,300.0,yes_dollars,KXHIGHNY-26AUG23,2026-08-24T05:00:00Z,active,True
2026-08-22T17:02:28.724061+00:00,KXHIGHNY-26AUG23-B82.5,NO,ask,0.79,25.0,5,325.0,yes_dollars,KXHIGHNY-26AUG23,2026-08-24T05:00:00Z,active,True
2026-08-22T17:02:28.724061+00:00,KXHIGHNY-26AUG23-B82.5,NO,ask,0.8,69.0,6,394.0,yes_dollars,KXHIGHNY-26AUG23,2026-08-24T05:00:00Z,active,True
2026-08-22T17:02:28.724061+00:00,KXHIGHNY-26AUG23-B82.5,NO,ask,0.81,41.0,7,435.0,yes_dollars,KXHIGHNY-26AUG23,2026-08-24T05:00:00Z,active,True
2026-08-22T17:02:28.724061+00:00,KXHIGHNY-26AUG23-B82.5,NO,ask,0.82,355.0,8,790.0,yes_dollars,KXHIGHNY-26AUG23,2026-08-24T05:00:00Z,active,True
2026-08-22T17:02:28.724061+00:00,KXHIGHNY-26AUG23-B82.5,NO,ask,0.83,102.0,9,892.0,yes_dollars,KXHIGHNY-26AUG23,2026-08-24T05:00:00Z,active,True
2026-08-22T17:02:28.724061+00:00,KXHIGHNY-26AUG23-B82.5,NO,ask,0.84,63.0,10,955.0,yes_dollars,KXHIGHNY-26AUG23,2026-08-24T05:00:00Z,active,True
2026-08-22T17:02:28.724061+00:00,KXHIGHNY-26AUG23-B82.5,NO,ask,0.85,73.0,11,1028.0,yes_dollars,KXHIGHNY-26AUG23,2026-08-24T05:00:00Z,active,True
2026-08-22T17:02:28.724061+00:00,KXHIGHNY-26AUG23-B82.5,NO,ask,0.87,130.0,12,1158.0,yes_dollars,KXHIGHNY-26AUG23,2026-08-24T05:00:00Z,active,True
2026-08-22T17:02:28.724061+00:00,KXHIGHNY-26AUG23-B82.5,NO,ask,0.88,25.0,13,1183.0,yes_dollars,KXHIGHNY-26AUG23,2026-08-24T05:00:00Z,active,True
2026-08-22T17:02:28.724061+00:00,KXHIGHNY-26AUG23-B82.5,NO,ask,0.9,152.72,14,1335.72,yes_dollars,KXHIGHNY-26AUG23,2026-08-24T05:00:00Z,active,True
2026-08-22T17:02:28.724061+00:00,KXHIGHNY-26AUG23-B82.5,NO,ask,0.93,4.0,15,1339.72,yes_dollars,KXHIGHNY-26AUG23,2026-08-24T05:00:00Z,active,True
2026-08-22T17:02:28.724061+00:00,KXHIGHNY-26AUG23-B82.5,NO,ask,0.95,21.0,16,1360.72,yes_dollars,KXHIGHNY-26AUG23,2026-08-24T05:00:00Z,active,True
2026-08-22T17:02:28.724061+00:00,KXHIGHNY-26AUG23-B82.5,NO,ask,0.96,60.0,17,1420.72,yes_dollars,KXHIGHNY-26AUG23,2026-08-24T05:00:00Z,active,True
2026-08-22T17:02:28.724061+00:00,KXHIGHNY-26AUG23-B82.5,NO,ask,0.97,712.0,18,2132.7200000000003,yes_dollars,KXHIGHNY-26AUG23,2026-08-24T05:00:00Z,active,True
2026-08-22T17:02:28.724061+00:00,KXHIGHNY-26AUG23-B82.5,NO,ask,0.98,203.0,19,2335.7200000000003,yes_dollars,KXHIGHNY-26AUG23,2026-08-24T05:00:00Z,active,True
2026-08-22T17:02:28.724061+00:00,KXHIGHNY-26AUG23-B82.5,NO,ask,0.99,1644.0,20,3979.7200000000003,yes_dollars,KXHIGHNY-26AUG23,2026-08-24T05:00:00Z,active,True
2026-08-22T17:02:28.724061+00:00,KXHIGHNY-26AUG23-B82.5,NO,bid,0.74,2.0,1,2.0,no_dollars,KXHIGHNY-26AUG23,2026-08-24T05:00:00Z,active,True
2026-08-22T17:02:28.724061+00:00,KXHIGHNY-26AUG23-B82.5,NO,bid,0.72,84.0,2,86.0,no_dollars,KXHIGHNY-26AUG23,2026-08-24T05:00:00Z,active,True
2026-08-22T17:02:28.724061+00:00,KXHIGHNY-26AUG23-B82.5,NO,bid,0.71,128.58,3,214.58,no_dollars,KXHIGHNY-26AUG23,2026-08-24T05:00:00Z,active,True
2026-08-22T17:02:28.724061+00:00,KXHIGHNY-26AUG23-B82.5,NO,bid,0.7,103.0,4,317.58000000000004,no_dollars,KXHIGHNY-26AUG23,2026-08-24T05:00:00Z,active,True
2026-08-22T17:02:28.724061+00:00,KXHIGHNY-26AUG23-B82.5,NO,bid,0.69,1.0,5,318.58000000000004,no_dollars,KXHIGHNY-26AUG23,2026-08-24T05:00:00Z,active,True
2026-08-22T17:02:28.724061+00:00,KXHIGHNY-26AUG23-B82.5,NO,bid,0.66,1.0,6,319.58000000000004,no_dollars,KXHIGHNY-26AUG23,2026-08-24T05:00:00Z,active,True
2026-08-22T17:02:28.724061+00:00,KXHIGHNY-26AUG23-B82.5,NO,bid,0.65,25.0,7,344.58000000000004,no_dollars,KXHIGHNY-26AUG23,2026-08-24T05:00:00Z,active,True
2026-08-22T17:02:28.724061+00:00,KXHIGHNY-26AUG23-B82.5,NO,bid,0.64,16.0,8,360.58000000000004,no_dollars,KXHIGHNY-26AUG23,2026-08-24T05:00:00Z,active,True
2026-08-22T17:02:28.724061+00:00,KXHIGHNY-26AUG23-B82.5,NO,bid,0.61,13.0,9,373.58000000000004,no_dollars,KXHIGHNY-26AUG23,2026-08-24T05:00:00Z,active,True
2026-08-22T17:02:28.724061+00:00,KXHIGHNY-26AUG23-B82.5,NO,bid,0.6,61.0,10,434.58000000000004,no_dollars,KXHIGHNY-26AUG23,2026-08-24T05:00:00Z,active,True
2026-08-22T17:02:28.724061+00:00,KXHIGHNY-26AUG23-B82.5,NO,bid,0.59,45.0,11,479.58000000000004,no_dollars,KXHIGHNY-26AUG23,2026-08-24T05:00:00Z,active,True
2026-08-22T17:02:28.724061+00:00,KXHIGHNY-26AUG23-B82.5,NO,bid,0.55,45.0,12,524.58,no_dollars,KXHIGHNY-26AUG23,2026-08-24T05:00:00Z,active,True
2026-08-22T17:02:28.724061+00:00,KXHIGHNY-26AUG23-B82.5,NO,bid,0.53,60.0,13,584.58,no_dollars,KXHIGHNY-26AUG23,2026-08-24T05:00:00Z,active,True
2026-08-22T17:02:28.724061+00:00,KXHIGHNY-26AUG23-B82.5,NO,bid,0.52,350.0,14,934.58,no_dollars,KXHIGHNY-26AUG23,2026-08-24T05:00:00Z,active,True
2026-08-22T17:02:28.724061+00:00,KXHIGHNY-26AUG23-B82.5,NO,bid,0.51,210.0,15,1144.58,no_dollars,KXHIGHNY-26AUG23,2026-08-24T05:00:00Z,active,True
2026-08-22T17:02:28.724061+00:00,KXHIGHNY-26AUG23-B82.5,NO,bid,0.5,624.0,16,1768.58,no_dollars,KXHIGHNY-26AUG23,2026-08-24T05:00:00Z,active,True
2026-08-22T17:02:28.724061+00:00,KXHIGHNY-26AUG23-B82.5,NO,bid,0.49,133.0,17,1901.58,no_dollars,KXHIGHNY-26AUG23,2026-08-24T05:00:00Z,active,True
2026-08-22T17:02:28.724061+00:00,KXHIGHNY-26AUG23-B82.5,NO,bid,0.48,2.0,18,1903.58,no_dollars,KXHIGHNY-26AUG23,2026-08-24T05:00:00Z,active,True
2026-08-22T17:02:28.724061+00:00,KXHIGHNY-26AUG23-B82.5,NO,bid,0.46,33.0,19,1936.58,no_dollars,KXHIGHNY-26AUG23,2026-08-24T05:00:00Z,active,True
2026-08-22T17:02:28.724061+00:00,KXHIGHNY-26AUG23-B82.5,NO,bid,0.45,159.0,20,2095.58,no_dollars,KXHIGHNY-26AUG23,2026-08-24T05:00:00Z,active,True
2026-08-22T17:02:28.724061+00:00,KXHIGHNY-26AUG23-B82.5,YES,ask,0.26,2.0,1,2.0,no_dollars,KXHIGHNY-26AUG23,2026-08-24T05:00:00Z,active,True
2026-08-22T17:02:28.724061+00:00,KXHIGHNY-26AUG23-B82.5,YES,ask,0.28,84.0,2,86.0,no_dollars,KXHIGHNY-26AUG23,2026-08-24T05:00:00Z,active,True
2026-08-22T17:02:28.724061+00:00,KXHIGHNY-26AUG23-B82.5,YES,ask,0.29,128.58,3,214.58,no_dollars,KXHIGHNY-26AUG23,2026-08-24T05:00:00Z,active,True
2026-08-22T17:02:28.724061+00:00,KXHIGHNY-26AUG23-B82.5,YES,ask,0.3,103.0,4,317.58000000000004,no_dollars,KXHIGHNY-26AUG23,2026-08-24T05:00:00Z,active,True
2026-08-22T17:02:28.724061+00:00,KXHIGHNY-26AUG23-B82.5,YES,ask,0.31,1.0,5,318.58000000000004,no_dollars,KXHIGHNY-26AUG23,2026-08-24T05:00:00Z,active,True
2026-08-22T17:02:28.724061+00:00,KXHIGHNY-26AUG23-B82.5,YES,ask,0.34,1.0,6,319.58000000000004,no_dollars,KXHIGHNY-26AUG23,2026-08-24T05:00:00Z,active,True
2026-08-22T17:02:28.724061+00:00,KXHIGHNY-26AUG23-B82.5,YES,ask,0.35,25.0,7,344.58000000000004,no_dollars,KXHIGHNY-26AUG23,2026-08-24T05:00:00Z,active,True
2026-08-22T17:02:28.724061+00:00,KXHIGHNY-26AUG23-B82.5,YES,ask,0.36,16.0,8,360.58000000000004,no_dollars,KXHIGHNY-26AUG23,2026-08-24T05:00:00Z,active,True
2026-08-22T17:02:28.724061+00:00,KXHIGHNY-26AUG23-B82.5,YES,ask,0.39,13.0,9,373.58000000000004,no_dollars,KXHIGHNY-26AUG23,2026-08-24T05:00:00Z,active,True
2026-08-22T17:02:28.724061+00:00,KXHIGHNY-26AUG23-B82.5,YES,ask,0.4,61.0,10,434.58000000000004,no_dollars,KXHIGHNY-26AUG23,2026-08-24T05:00:00Z,active,True
2026-08-22T17:02:28.724061+00:00,KXHIGHNY-26AUG23-B82.5,YES,ask,0.41,45.0,11,479.58000000000004,no_dollars,KXHIGHNY-26AUG23,2026-08-24T05:00:00Z,active,True
2026-08-22T17:02:28.724061+00:00,KXHIGHNY-26AUG23-B82.5,YES,ask,0.45,45.0,12,524.58,no_dollars,KXHIGHNY-26AUG23,2026-08-24T05:00:00Z,active,True
2026-08-22T17:02:28.724061+00:00,KXHIGHNY-26AUG23-B82.5,YES,ask,0.47,60.0,13,584.58,no_dollars,KXHIGHNY-26AUG23,2026-08-24T05:00:00Z,active,True
2026-08-22T17:02:28.724061+00:00,KXHIGHNY-26AUG23-B82.5,YES,ask,0.48,350.0,14,934.58,no_dollars,KXHIGHNY-26AUG23,2026-08-24T05:00:00Z,active,True
2026-08-22T17:02:28.724061+00:00,KXHIGHNY-26AUG23-B82.5,YES,ask,0.49,210.0,15,1144.58,no_dollars,KXHIGHNY-26AUG23,2026-08-24T05:00:00Z,active,True
2026-08-22T17:02:28.724061+00:00,KXHIGHNY-26AUG23-B82.5,YES,ask,0.5,624.0,16,1768.58,no_dollars,KXHIGHNY-26AUG23,2026-08-24T05:00:00Z,active,True
2026-08-22T17:02:28.724061+00:00,KXHIGHNY-26AUG23-B82.5,YES,ask,0.51,133.0,17,1901.58,no_dollars,KXHIGHNY-26AUG23,2026-08-24T05:00:00Z,active,True
2026-08-22T17:02:28.724061+00:00,KXHIGHNY-26AUG23-B82.5,YES,ask,0.52,2.0,18,1903.58,no_dollars,KXHIGHNY-26AUG23,2026-08-24T05:00:00Z,active,True
2026-08-22T17:02:28.724061+00:00,KXHIGHNY-26AUG23-B82.5,YES,ask,0.54,33.0,19,1936.58,no_dollars,KXHIGHNY-26AUG23,2026-08-24T05:00:00Z,active,True
2026-08-22T17:02:28.724061+00:00,KXHIGHNY-26AUG23-B82.5,YES,ask,0.55,159.0,20,2095.58,no_dollars,KXHIGHNY-26AUG23,2026-08-24T05:00:00Z,active,True
2026-08-22T17:02:28.724061+00:00,KXHIGHNY-26AUG23-B80.5,YES,bid,0.41,79.0,1,79.0,yes_dollars,KXHIGHNY-26AUG23,2026-08-24T05:00:00Z,active,True
2026-08-22T17:02:28.724061+00:00,KXHIGHNY-26AUG23-B80.5,YES,bid,0.4,52.0,2,131.0,yes_dollars,KXHIGHNY-26AUG23,2026-08-24T05:00:00Z,active,True
2026-08-22T17:02:28.724061+00:00,KXHIGHNY-26AUG23-B80.5,YES,bid,0.39,54.0,3,185.0,yes_dollars,KXHIGHNY-26AUG23,2026-08-24T05:00:00Z,active,True
2026-08-22T17:02:28.724061+00:00,KXHIGHNY-26AUG23-B80.5,YES,bid,0.38,22.0,4,207.0,yes_dollars,KXHIGHNY-26AUG23,2026-08-24T05:00:00Z,active,True
2026-08-22T17:02:28.724061+00:00,KXHIGHNY-26AUG23-B80.5,YES,bid,0.37,1.0,5,208.0,yes_dollars,KXHIGHNY-26AUG23,2026-08-24T05:00:00Z,active,True
2026-08-22T17:02:28.724061+00:00,KXHIGHNY-26AUG23-B80.5,YES,bid,0.36,1.0,6,209.0,yes_dollars,KXHIGHNY-26AUG23,2026-08-24T05:00:00Z,active,True
2026-08-22T17:02:28.724061+00:00,KXHIGHNY-26AUG23-B80.5,YES,bid,0.35,25.0,7,234.0,yes_dollars,KXHIGHNY-26AUG23,2026-08-24T05:00:00Z,active,True
2026-08-22T17:02:28.724061+00:00,KXHIGHNY-26AUG23-B80.5,YES,bid,0.32,18.0,8,252.0,yes_dollars,KXHIGHNY-26AUG23,2026-08-24T05:00:00Z,active,True
2026-08-22T17:02:28.724061+00:00,KXHIGHNY-26AUG23-B80.5,YES,bid,0.3,26.0,9,278.0,yes_dollars,KXHIGHNY-26AUG23,2026-08-24T05:00:00Z,active,True
2026-08-22T17:02:28.724061+00:00,KXHIGHNY-26AUG23-B80.5,YES,bid,0.26,21.0,10,299.0,yes_dollars,KXHIGHNY-26AUG23,2026-08-24T05:00:00Z,active,True
2026-08-22T17:02:28.724061+00:00,KXHIGHNY-26AUG23-B80.5,YES,bid,0.25,45.0,11,344.0,yes_dollars,KXHIGHNY-26AUG23,2026-08-24T05:00:00Z,active,True
2026-08-22T17:02:28.724061+00:00,KXHIGHNY-26AUG23-B80.5,YES,bid,0.24,60.0,12,404.0,yes_dollars,KXHIGHNY-26AUG23,2026-08-24T05:00:00Z,active,True
2026-08-22T17:02:28.724061+00:00,KXHIGHNY-26AUG23-B80.5,YES,bid,0.23,352.0,13,756.0,yes_dollars,KXHIGHNY-26AUG23,2026-08-24T05:00:00Z,active,True
2026-08-22T17:02:28.724061+00:00,KXHIGHNY-26AUG23-B80.5,YES,bid,0.22,731.0,14,1487.0,yes_dollars,KXHIGHNY-26AUG23,2026-08-24T05:00:00Z,active,True
2026-08-22T17:02:28.724061+00:00,KXHIGHNY-26AUG23-B80.5,YES,bid,0.2,50.86,15,1537.86,yes_dollars,KXHIGHNY-26AUG23,2026-08-24T05:00:00Z,active,True
2026-08-22T17:02:28.724061+00:00,KXHIGHNY-26AUG23-B80.5,YES,bid,0.19,16.0,16,1553.86,yes_dollars,KXHIGHNY-26AUG23,2026-08-24T05:00:00Z,active,True
2026-08-22T17:02:28.724061+00:00,KXHIGHNY-26AUG23-B80.5,YES,bid,0.18,47.0,17,1600.86,yes_dollars,KXHIGHNY-26AUG23,2026-08-24T05:00:00Z,active,True
2026-08-22T17:02:28.724061+00:00,KXHIGHNY-26AUG23-B80.5,YES,bid,0.17,10.0,18,1610.86,yes_dollars,KXHIGHNY-26AUG23,2026-08-24T05:00:00Z,active,True
2026-08-22T17:02:28.724061+00:00,KXHIGHNY-26AUG23-B80.5,YES,bid,0.16,19.0,19,1629.86,yes_dollars,KXHIGHNY-26AUG23,2026-08-24T05:00:00Z,active,True
2026-08-22T17:02:28.724061+00:00,KXHIGHNY-26AUG23-B80.5,YES,bid,0.15,71.0,20,1700.86,yes_dollars,KXHIGHNY-26AUG23,2026-08-24T05:00:00Z,active,True
2026-08-22T17:02:28.724061+00:00,KXHIGHNY-26AUG23-B80.5,NO,ask,0.59,79.0,1,79.0,yes_dollars,KXHIGHNY-26AUG23,2026-08-24T05:00:00Z,active,True
2026-08-22T17:02:28.724061+00:00,KXHIGHNY-26AUG23-B80.5,NO,ask,0.6,52.0,2,131.0,yes_dollars,KXHIGHNY-26AUG23,2026-08-24T05:00:00Z,active,True
2026-08-22T17:02:28.724061+00:00,KXHIGHNY-26AUG23-B80.5,NO,ask,0.61,54.0,3,185.0,yes_dollars,KXHIGHNY-26AUG23,2026-08-24T05:00:00Z,active,True
2026-08-22T17:02:28.724061+00:00,KXHIGHNY-26AUG23-B80.5,NO,ask,0.62,22.0,4,207.0,yes_dollars,KXHIGHNY-26AUG23,2026-08-24T05:00:00Z,active,True
2026-08-22T17:02:28.724061+00:00,KXHIGHNY-26AUG23-B80.5,NO,ask,0.63,1.0,5,208.0,yes_dollars,KXHIGHNY-26AUG23,2026-08-24T05:00:00Z,active,True
2026-08-22T17:02:28.724061+00:00,KXHIGHNY-26AUG23-B80.5,NO,ask,0.64,1.0,6,209.0,yes_dollars,KXHIGHNY-26AUG23,2026-08-24T05:00:00Z,active,True
2026-08-22T17:02:28.724061+00:00,KXHIGHNY-26AUG23-B80.5,NO,ask,0.65,25.0,7,234.0,yes_dollars,KXHIGHNY-26AUG23,2026-08-24T05:00:00Z,active,True
2026-08-22T17:02:28.724061+00:00,KXHIGHNY-26AUG23-B80.5,NO,ask,0.68,18.0,8,252.0,yes_dollars,KXHIGHNY-26AUG23,2026-08-24T05:00:00Z,active,True
2026-08-22T17:02:28.724061+00:00,KXHIGHNY-26AUG23-B80.5,NO,ask,0.7,26.0,9,278.0,yes_dollars,KXHIGHNY-26AUG23,2026-08-24T05:00:00Z,active,True
2026-08-22T17:02:28.724061+00:00,KXHIGHNY-26AUG23-B80.5,NO,ask,0.74,21.0,10,299.0,yes_dollars,KXHIGHNY-26AUG23,2026-08-24T05:00:00Z,active,True
2026-08-22T17:02:28.724061+00:00,KXHIGHNY-26AUG23-B80.5,NO,ask,0.75,45.0,11,344.0,yes_dollars,KXHIGHNY-26AUG23,2026-08-24T05:00:00Z,active,True
2026-08-22T17:02:28.724061+00:00,KXHIGHNY-26AUG23-B80.5,NO,ask,0.76,60.0,12,404.0,yes_dollars,KXHIGHNY-26AUG23,2026-08-24T05:00:00Z,active,True
2026-08-22T17:02:28.724061+00:00,KXHIGHNY-26AUG23-B80.5,NO,ask,0.77,352.0,13,756.0,yes_dollars,KXHIGHNY-26AUG23,2026-08-24T05:00:00Z,active,True
2026-08-22T17:02:28.724061+00:00,KXHIGHNY-26AUG23-B80.5,NO,ask,0.78,731.0,14,1487.0,yes_dollars,KXHIGHNY-26AUG23,2026-08-24T05:00:00Z,active,True
2026-08-22T17:02:28.724061+00:00,KXHIGHNY-26AUG23-B80.5,NO,ask,0.8,50.86,15,1537.86,yes_dollars,KXHIGHNY-26AUG23,2026-08-24T05:00:00Z,active,True
2026-08-22T17:02:28.724061+00:00,KXHIGHNY-26AUG23-B80.5,NO,ask,0.81,16.0,16,1553.86,yes_dollars,KXHIGHNY-26AUG23,2026-08-24T05:00:00Z,active,True
2026-08-22T17:02:28.724061+00:00,KXHIGHNY-26AUG23-B80.5,NO,ask,0.82,47.0,17,1600.86,yes_dollars,KXHIGHNY-26AUG23,2026-08-24T05:00:00Z,active,True
2026-08-22T17:02:28.724061+00:00,KXHIGHNY-26AUG23-B80.5,NO,ask,0.83,10.0,18,1610.86,yes_dollars,KXHIGHNY-26AUG23,2026-08-24T05:00:00Z,active,True
2026-08-22T17:02:28.724061+00:00,KXHIGHNY-26AUG23-B80.5,NO,ask,0.84,19.0,19,1629.86,yes_dollars,KXHIGHNY-26AUG23,2026-08-24T05:00:00Z,active,True
2026-08-22T17:02:28.724061+00:00,KXHIGHNY-26AUG23-B80.5,NO,ask,0.85,71.0,20,1700.86,yes_dollars,KXHIGHNY-26AUG23,2026-08-24T05:00:00Z,active,True
2026-08-22T17:02:28.724061+00:00,KXHIGHNY-26AUG23-B80.5,NO,bid,0.58,50.82,1,50.82,no_dollars,KXHIGHNY-26AUG23,2026-08-24T05:00:00Z,active,True
2026-08-22T17:02:28.724061+00:00,KXHIGHNY-26AUG23-B80.5,NO,bid,0.56,35.0,2,85.82,no_dollars,KXHIGHNY-26AUG23,2026-08-24T05:00:00Z,active,True
2026-08-22T17:02:28.724061+00:00,KXHIGHNY-26AUG23-B80.5,NO,bid,0.55,80.0,3,165.82,no_dollars,KXHIGHNY-26AUG23,2026-08-24T05:00:00Z,active,True
2026-08-22T17:02:28.724061+00:00,KXHIGHNY-26AUG23-B80.5,NO,bid,0.54,61.0,4,226.82,no_dollars,KXHIGHNY-26AUG23,2026-08-24T05:00:00Z,active,True
2026-08-22T17:02:28.724061+00:00,KXHIGHNY-26AUG23-B80.5,NO,bid,0.53,81.37,5,308.19,no_dollars,KXHIGHNY-26AUG23,2026-08-24T05:00:00Z,active,True
2026-08-22T17:02:28.724061+00:00,KXHIGHNY-26AUG23-B80.5,NO,bid,0.51,64.0,6,372.19,no_dollars,KXHIGHNY-26AUG23,2026-08-24T05:00:00Z,active,True
2026-08-22T17:02:28.724061+00:00,KXHIGHNY-26AUG23-B80.5,NO,bid,0.5,375.0,7,747.19,no_dollars,KXHIGHNY-26AUG23,2026-08-24T05:00:00Z,active,True
2026-08-22T17:02:28.724061+00:00,KXHIGHNY-26AUG23-B80.5,NO,bid,0.49,730.0,8,1477.19,no_dollars,KXHIGHNY-26AUG23,2026-08-24T05:00:00Z,active,True
2026-08-22T17:02:28.724061+00:00,KXHIGHNY-26AUG23-B80.5,NO,bid,0.47,6.0,9,1483.19,no_dollars,KXHIGHNY-26AUG23,2026-08-24T05:00:00Z,active,True
2026-08-22T17:02:28.724061+00:00,KXHIGHNY-26AUG23-B80.5,NO,bid,0.45,25.0,10,1508.19,no_dollars,KXHIGHNY-26AUG23,2026-08-24T05:00:00Z,active,True
2026-08-22T17:02:28.724061+00:00,KXHIGHNY-26AUG23-B80.5,NO,bid,0.43,25.0,11,1533.19,no_dollars,KXHIGHNY-26AUG23,2026-08-24T05:00:00Z,active,True
2026-08-22T17:02:28.724061+00:00,KXHIGHNY-26AUG23-B80.5,NO,bid,0.41,130.0,12,1663.19,no_dollars,KXHIGHNY-26AUG23,2026-08-24T05:00:00Z,active,True
2026-08-22T17:02:28.724061+00:00,KXHIGHNY-26AUG23-B80.5,NO,bid,0.4,33.0,13,1696.19,no_dollars,KXHIGHNY-26AUG23,2026-08-24T05:00:00Z,active,True
2026-08-22T17:02:28.724061+00:00,KXHIGHNY-26AUG23-B80.5,NO,bid,0.39,98.0,14,1794.19,no_dollars,KXHIGHNY-26AUG23,2026-08-24T05:00:00Z,active,True
2026-08-22T17:02:28.724061+00:00,KXHIGHNY-26AUG23-B80.5,NO,bid,0.36,42.0,15,1836.19,no_dollars,KXHIGHNY-26AUG23,2026-08-24T05:00:00Z,active,True
2026-08-22T17:02:28.724061+00:00,KXHIGHNY-26AUG23-B80.5,NO,bid,0.35,125.0,16,1961.19,no_dollars,KXHIGHNY-26AUG23,2026-08-24T05:00:00Z,active,True
2026-08-22T17:02:28.724061+00:00,KXHIGHNY-26AUG23-B80.5,NO,bid,0.34,30.0,17,1991.19,no_dollars,KXHIGHNY-26AUG23,2026-08-24T05:00:00Z,active,True
2026-08-22T17:02:28.724061+00:00,KXHIGHNY-26AUG23-B80.5,NO,bid,0.32,39.0,18,2030.19,no_dollars,KXHIGHNY-26AUG23,2026-08-24T05:00:00Z,active,True
2026-08-22T17:02:28.724061+00:00,KXHIGHNY-26AUG23-B80.5,NO,bid,0.3,245.0,19,2275.19,no_dollars,KXHIGHNY-26AUG23,2026-08-24T05:00:00Z,active,True
2026-08-22T17:02:28.724061+00:00,KXHIGHNY-26AUG23-B80.5,NO,bid,0.29,55.0,20,2330.19,no_dollars,KXHIGHNY-26AUG23,2026-08-24T05:00:00Z,active,True
2026-08-22T17:02:28.724061+00:00,KXHIGHNY-26AUG23-B80.5,YES,ask,0.42,50.82,1,50.82,no_dollars,KXHIGHNY-26AUG23,2026-08-24T05:00:00Z,active,True
2026-08-22T17:02:28.724061+00:00,KXHIGHNY-26AUG23-B80.5,YES,ask,0.44,35.0,2,85.82,no_dollars,KXHIGHNY-26AUG23,2026-08-24T05:00:00Z,active,True
2026-08-22T17:02:28.724061+00:00,KXHIGHNY-26AUG23-B80.5,YES,ask,0.45,80.0,3,165.82,no_dollars,KXHIGHNY-26AUG23,2026-08-24T05:00:00Z,active,True
2026-08-22T17:02:28.724061+00:00,KXHIGHNY-26AUG23-B80.5,YES,ask,0.46,61.0,4,226.82,no_dollars,KXHIGHNY-26AUG23,2026-08-24T05:00:00Z,active,True
2026-08-22T17:02:28.724061+00:00,KXHIGHNY-26AUG23-B80.5,YES,ask,0.47,81.37,5,308.19,no_dollars,KXHIGHNY-26AUG23,2026-08-24T05:00:00Z,active,True
2026-08-22T17:02:28.724061+00:00,KXHIGHNY-26AUG23-B80.5,YES,ask,0.49,64.0,6,372.19,no_dollars,KXHIGHNY-26AUG23,2026-08-24T05:00:00Z,active,True
2026-08-22T17:02:28.724061+00:00,KXHIGHNY-26AUG23-B80.5,YES,ask,0.5,375.0,7,747.19,no_dollars,KXHIGHNY-26AUG23,2026-08-24T05:00:00Z,active,True
2026-08-22T17:02:28.724061+00:00,KXHIGHNY-26AUG23-B80.5,YES,ask,0.51,730.0,8,1477.19,no_dollars,KXHIGHNY-26AUG23,2026-08-24T05:00:00Z,active,True
2026-08-22T17:02:28.724061+00:00,KXHIGHNY-26AUG23-B80.5,YES,ask,0.53,6.0,9,1483.19,no_dollars,KXHIGHNY-26AUG23,2026-08-24T05:00:00Z,active,True
2026-08-22T17:02:28.724061+00:00,KXHIGHNY-26AUG23-B80.5,YES,ask,0.55,25.0,10,1508.19,no_dollars,KXHIGHNY-26AUG23,2026-08-24T05:00:00Z,active,True
2026-08-22T17:02:28.724061+00:00,KXHIGHNY-26AUG23-B80.5,YES,ask,0.57,25.0,11,1533.19,no_dollars,KXHIGHNY-26AUG23,2026-08-24T05:00:00Z,active,True
2026-08-22T17:02:28.724061+00:00,KXHIGHNY-26AUG23-B80.5,YES,ask,0.59,130.0,12,1663.19,no_dollars,KXHIGHNY-26AUG23,2026-08-24T05:00:00Z,active,True
2026-08-22T17:02:28.724061+00:00,KXHIGHNY-26AUG23-B80.5,YES,ask,0.6,33.0,13,1696.19,no_dollars,KXHIGHNY-26AUG23,2026-08-24T05:00:00Z,active,True
2026-08-22T17:02:28.724061+00:00,KXHIGHNY-26AUG23-B80.5,YES,ask,0.61,98.0,14,1794.19,no_dollars,KXHIGHNY-26AUG23,2026-08-24T05:00:00Z,active,True
2026-08-22T17:02:28.724061+00:00,KXHIGHNY-26AUG23-B80.5,YES,ask,0.64,42.0,15,1836.19,no_dollars,KXHIGHNY-26AUG23,2026-08-24T05:00:00Z,active,True
2026-08-22T17:02:28.724061+00:00,KXHIGHNY-26AUG23-B80.5,YES,ask,0.65,125.0,16,1961.19,no_dollars,KXHIGHNY-26AUG23,2026-08-24T05:00:00Z,active,True
2026-08-22T17:02:28.724061+00:00,KXHIGHNY-26AUG23-B80.5,YES,ask,0.66,30.0,17,1991.19,no_dollars,KXHIGHNY-26AUG23,2026-08-24T05:00:00Z,active,True
2026-08-22T17:02:28.724061+00:00,KXHIGHNY-26AUG23-B80.5,YES,ask,0.68,39.0,18,2030.19,no_dollars,KXHIGHNY-26AUG23,2026-08-24T05:00:00Z,active,True
2026-08-22T17:02:28.724061+00:00,KXHIGHNY-26AUG23-B80.5,YES,ask,0.7,245.0,19,2275.19,no_dollars,KXHIGHNY-26AUG23,2026-08-24T05:00:00Z,active,True
2026-08-22T17:02:28.724061+00:00,KXHIGHNY-26AUG23-B80.5,YES,ask,0.71,55.0,20,2330.19,no_dollars,KXHIGHNY-26AUG23,2026-08-24T05:00:00Z,active,True
2026-08-22T17:02:28.724061+00:00,KXHIGHNY-26AUG22-T80,NO,bid,0.99,5599.82,1,5599.82,no_dollars,KXHIGHNY-26AUG22,2026-08-23T05:00:00Z,active,True
2026-08-22T17:02:28.724061+00:00,KXHIGHNY-26AUG22-T80,NO,bid,0.98,1737.0,2,7336.82,no_dollars,KXHIGHNY-26AUG22,2026-08-23T05:00:00Z,active,True
2026-08-22T17:02:28.724061+00:00,KXHIGHNY-26AUG22-T80,NO,bid,0.97,714.0,3,8050.82,no_dollars,KXHIGHNY-26AUG22,2026-08-23T05:00:00Z,active,True
2026-08-22T17:02:28.724061+00:00,KXHIGHNY-26AUG22-T80,NO,bid,0.96,121.0,4,8171.82,no_dollars,KXHIGHNY-26AUG22,2026-08-23T05:00:00Z,active,True
2026-08-22T17:02:28.724061+00:00,KXHIGHNY-26AUG22-T80,NO,bid,0.95,113.0,5,8284.82,no_dollars,KXHIGHNY-26AUG22,2026-08-23T05:00:00Z,active,True
2026-08-22T17:02:28.724061+00:00,KXHIGHNY-26AUG22-T80,NO,bid,0.93,25.0,6,8309.82,no_dollars,KXHIGHNY-26AUG22,2026-08-23T05:00:00Z,active,True
2026-08-22T17:02:28.724061+00:00,KXHIGHNY-26AUG22-T80,NO,bid,0.92,15.0,7,8324.82,no_dollars,KXHIGHNY-26AUG22,2026-08-23T05:00:00Z,active,True
2026-08-22T17:02:28.724061+00:00,KXHIGHNY-26AUG22-T80,NO,bid,0.85,60.0,8,8384.82,no_dollars,KXHIGHNY-26AUG22,2026-08-23T05:00:00Z,active,True
2026-08-22T17:02:28.724061+00:00,KXHIGHNY-26AUG22-T80,NO,bid,0.75,30.0,9,8414.82,no_dollars,KXHIGHNY-26AUG22,2026-08-23T05:00:00Z,active,True
2026-08-22T17:02:28.724061+00:00,KXHIGHNY-26AUG22-T80,NO,bid,0.73,20.0,10,8434.82,no_dollars,KXHIGHNY-26AUG22,2026-08-23T05:00:00Z,active,True
2026-08-22T17:02:28.724061+00:00,KXHIGHNY-26AUG22-T80,NO,bid,0.7,88.0,11,8522.82,no_dollars,KXHIGHNY-26AUG22,2026-08-23T05:00:00Z,active,True
2026-08-22T17:02:28.724061+00:00,KXHIGHNY-26AUG22-T80,NO,bid,0.66,30.0,12,8552.82,no_dollars,KXHIGHNY-26AUG22,2026-08-23T05:00:00Z,active,True
2026-08-22T17:02:28.724061+00:00,KXHIGHNY-26AUG22-T80,NO,bid,0.65,88.0,13,8640.82,no_dollars,KXHIGHNY-26AUG22,2026-08-23T05:00:00Z,active,True
2026-08-22T17:02:28.724061+00:00,KXHIGHNY-26AUG22-T80,NO,bid,0.6,88.0,14,8728.82,no_dollars,KXHIGHNY-26AUG22,2026-08-23T05:00:00Z,active,True
2026-08-22T17:02:28.724061+00:00,KXHIGHNY-26AUG22-T80,NO,bid,0.55,88.0,15,8816.82,no_dollars,KXHIGHNY-26AUG22,2026-08-23T05:00:00Z,active,True
2026-08-22T17:02:28.724061+00:00,KXHIGHNY-26AUG22-T80,NO,bid,0.5,51.0,16,8867.82,no_dollars,KXHIGHNY-26AUG22,2026-08-23T05:00:00Z,active,True
2026-08-22T17:02:28.724061+00:00,KXHIGHNY-26AUG22-T80,NO,bid,0.46,31.0,17,8898.82,no_dollars,KXHIGHNY-26AUG22,2026-08-23T05:00:00Z,active,True
2026-08-22T17:02:28.724061+00:00,KXHIGHNY-26AUG22-T80,NO,bid,0.45,28.0,18,8926.82,no_dollars,KXHIGHNY-26AUG22,2026-08-23T05:00:00Z,active,True
2026-08-22T17:02:28.724061+00:00,KXHIGHNY-26AUG22-T80,NO,bid,0.41,101.0,19,9027.82,no_dollars,KXHIGHNY-26AUG22,2026-08-23T05:00:00Z,active,True
2026-08-22T17:02:28.724061+00:00,KXHIGHNY-26AUG22-T80,NO,bid,0.4,5.0,20,9032.82,no_dollars,KXHIGHNY-26AUG22,2026-08-23T05:00:00Z,active,True
2026-08-22T17:02:28.724061+00:00,KXHIGHNY-26AUG22-T80,YES,ask,0.01,5599.82,1,5599.82,no_dollars,KXHIGHNY-26AUG22,2026-08-23T05:00:00Z,active,True
2026-08-22T17:02:28.724061+00:00,KXHIGHNY-26AUG22-T80,YES,ask,0.02,1737.0,2,7336.82,no_dollars,KXHIGHNY-26AUG22,2026-08-23T05:00:00Z,active,True
2026-08-22T17:02:28.724061+00:00,KXHIGHNY-26AUG22-T80,YES,ask,0.03,714.0,3,8050.82,no_dollars,KXHIGHNY-26AUG22,2026-08-23T05:00:00Z,active,True
2026-08-22T17:02:28.724061+00:00,KXHIGHNY-26AUG22-T80,YES,ask,0.04,121.0,4,8171.82,no_dollars,KXHIGHNY-26AUG22,2026-08-23T05:00:00Z,active,True
2026-08-22T17:02:28.724061+00:00,KXHIGHNY-26AUG22-T80,YES,ask,0.05,113.0,5,8284.82,no_dollars,KXHIGHNY-26AUG22,2026-08-23T05:00:00Z,active,True
2026-08-22T17:02:28.724061+00:00,KXHIGHNY-26AUG22-T80,YES,ask,0.07,25.0,6,8309.82,no_dollars,KXHIGHNY-26AUG22,2026-08-23T05:00:00Z,active,True
2026-08-22T17:02:28.724061+00:00,KXHIGHNY-26AUG22-T80,YES,ask,0.08,15.0,7,8324.82,no_dollars,KXHIGHNY-26AUG22,2026-08-23T05:00:00Z,active,True
2026-08-22T17:02:28.724061+00:00,KXHIGHNY-26AUG22-T80,YES,ask,0.15,60.0,8,8384.82,no_dollars,KXHIGHNY-26AUG22,2026-08-23T05:00:00Z,active,True
2026-08-22T17:02:28.724061+00:00,KXHIGHNY-26AUG22-T80,YES,ask,0.25,30.0,9,8414.82,no_dollars,KXHIGHNY-26AUG22,2026-08-23T05:00:00Z,active,True
2026-08-22T17:02:28.724061+00:00,KXHIGHNY-26AUG22-T80,YES,ask,0.27,20.0,10,8434.82,no_dollars,KXHIGHNY-26AUG22,2026-08-23T05:00:00Z,active,True
2026-08-22T17:02:28.724061+00:00,KXHIGHNY-26AUG22-T80,YES,ask,0.3,88.0,11,8522.82,no_dollars,KXHIGHNY-26AUG22,2026-08-23T05:00:00Z,active,True
2026-08-22T17:02:28.724061+00:00,KXHIGHNY-26AUG22-T80,YES,ask,0.34,30.0,12,8552.82,no_dollars,KXHIGHNY-26AUG22,2026-08-23T05:00:00Z,active,True
2026-08-22T17:02:28.724061+00:00,KXHIGHNY-26AUG22-T80,YES,ask,0.35,88.0,13,8640.82,no_dollars,KXHIGHNY-26AUG22,2026-08-23T05:00:00Z,active,True
2026-08-22T17:02:28.724061+00:00,KXHIGHNY-26AUG22-T80,YES,ask,0.4,88.0,14,8728.82,no_dollars,KXHIGHNY-26AUG22,2026-08-23T05:00:00Z,active,True
2026-08-22T17:02:28.724061+00:00,KXHIGHNY-26AUG22-T80,YES,ask,0.45,88.0,15,8816.82,no_dollars,KXHIGHNY-26AUG22,2026-08-23T05:00:00Z,active,True
2026-08-22T17:02:28.724061+00:00,KXHIGHNY-26AUG22-T80,YES,ask,0.5,51.0,16,8867.82,no_dollars,KXHIGHNY-26AUG22,2026-08-23T05:00:00Z,active,True
2026-08-22T17:02:28.724061+00:00,KXHIGHNY-26AUG22-T80,YES,ask,0.54,31.0,17,8898.82,no_dollars,KXHIGHNY-26AUG22,2026-08-23T05:00:00Z,active,True
2026-08-22T17:02:28.724061+00:00,KXHIGHNY-26AUG22-T80,YES,ask,0.55,28.0,18,8926.82,no_dollars,KXHIGHNY-26AUG22,2026-08-23T05:00:00Z,active,True
2026-08-22T17:02:28.724061+00:00,KXHIGHNY-26AUG22-T80,YES,ask,0.59,101.0,19,9027.82,no_dollars,KXHIGHNY-26AUG22,2026-08-23T05:00:00Z,active,True
2026-08-22T17:02:28.724061+00:00,KXHIGHNY-26AUG22-T80,YES,ask,0.6,5.0,20,9032.82,no_dollars,KXHIGHNY-26AUG22,2026-08-23T05:00:00Z,active,True
2026-08-22T17:02:28.724061+00:00,KXHIGHNY-26AUG22-T73,NO,bid,0.99,101893.73,1,101893.73,no_dollars,KXHIGHNY-26AUG22,2026-08-23T05:00:00Z,active,True
2026-08-22T17:02:28.724061+00:00,KXHIGHNY-26AUG22-T73,NO,bid,0.98,4097.63,2,105991.36,no_dollars,KXHIGHNY-26AUG22,2026-08-23T05:00:00Z,active,True
2026-08-22T17:02:28.724061+00:00,KXHIGHNY-26AUG22-T73,NO,bid,0.97,262.37,3,106253.73,no_dollars,KXHIGHNY-26AUG22,2026-08-23T05:00:00Z,active,True
2026-08-22T17:02:28.724061+00:00,KXHIGHNY-26AUG22-T73,NO,bid,0.96,520.0,4,106773.73,no_dollars,KXHIGHNY-26AUG22,2026-08-23T05:00:00Z,active,True
2026-08-22T17:02:28.724061+00:00,KXHIGHNY-26AUG22-T73,NO,bid,0.95,417.0,5,107190.73,no_dollars,KXHIGHNY-26AUG22,2026-08-23T05:00:00Z,active,True
2026-08-22T17:02:28.724061+00:00,KXHIGHNY-26AUG22-T73,NO,bid,0.94,698.0,6,107888.73,no_dollars,KXHIGHNY-26AUG22,2026-08-23T05:00:00Z,active,True
2026-08-22T17:02:28.724061+00:00,KXHIGHNY-26AUG22-T73,NO,bid,0.93,645.0,7,108533.73,no_dollars,KXHIGHNY-26AUG22,2026-08-23T05:00:00Z,active,True
2026-08-22T17:02:28.724061+00:00,KXHIGHNY-26AUG22-T73,NO,bid,0.92,33.0,8,108566.73,no_dollars,KXHIGHNY-26AUG22,2026-08-23T05:00:00Z,active,True
2026-08-22T17:02:28.724061+00:00,KXHIGHNY-26AUG22-T73,NO,bid,0.91,679.0,9,109245.73,no_dollars,KXHIGHNY-26AUG22,2026-08-23T05:00:00Z,active,True
2026-08-22T17:02:28.724061+00:00,KXHIGHNY-26AUG22-T73,NO,bid,0.9,1.0,10,109246.73,no_dollars,KXHIGHNY-26AUG22,2026-08-23T05:00:00Z,active,True
2026-08-22T17:02:28.724061+00:00,KXHIGHNY-26AUG22-T73,NO,bid,0.88,18.0,11,109264.73,no_dollars,KXHIGHNY-26AUG22,2026-08-23T05:00:00Z,active,True
2026-08-22T17:02:28.724061+00:00,KXHIGHNY-26AUG22-T73,NO,bid,0.87,4.0,12,109268.73,no_dollars,KXHIGHNY-26AUG22,2026-08-23T05:00:00Z,active,True
2026-08-22T17:02:28.724061+00:00,KXHIGHNY-26AUG22-T73,NO,bid,0.85,50.0,13,109318.73,no_dollars,KXHIGHNY-26AUG22,2026-08-23T05:00:00Z,active,True
2026-08-22T17:02:28.724061+00:00,KXHIGHNY-26AUG22-T73,NO,bid,0.75,25.0,14,109343.73,no_dollars,KXHIGHNY-26AUG22,2026-08-23T05:00:00Z,active,True
2026-08-22T17:02:28.724061+00:00,KXHIGHNY-26AUG22-T73,NO,bid,0.73,62.08,15,109405.81,no_dollars,KXHIGHNY-26AUG22,2026-08-23T05:00:00Z,active,True
2026-08-22T17:02:28.724061+00:00,KXHIGHNY-26AUG22-T73,NO,bid,0.7,89.0,16,109494.81,no_dollars,KXHIGHNY-26AUG22,2026-08-23T05:00:00Z,active,True
2026-08-22T17:02:28.724061+00:00,KXHIGHNY-26AUG22-T73,NO,bid,0.69,93.51,17,109588.31999999999,no_dollars,KXHIGHNY-26AUG22,2026-08-23T05:00:00Z,active,True
2026-08-22T17:02:28.724061+00:00,KXHIGHNY-26AUG22-T73,NO,bid,0.65,88.0,18,109676.31999999999,no_dollars,KXHIGHNY-26AUG22,2026-08-23T05:00:00Z,active,True
2026-08-22T17:02:28.724061+00:00,KXHIGHNY-26AUG22-T73,NO,bid,0.6,88.0,19,109764.31999999999,no_dollars,KXHIGHNY-26AUG22,2026-08-23T05:00:00Z,active,True
2026-08-22T17:02:28.724061+00:00,KXHIGHNY-26AUG22-T73,NO,bid,0.55,88.0,20,109852.31999999999,no_dollars,KXHIGHNY-26AUG22,2026-08-23T05:00:00Z,active,True
2026-08-22T17:02:28.724061+00:00,KXHIGHNY-26AUG22-T73,YES,ask,0.01,101893.73,1,101893.73,no_dollars,KXHIGHNY-26AUG22,2026-08-23T05:00:00Z,active,True
2026-08-22T17:02:28.724061+00:00,KXHIGHNY-26AUG22-T73,YES,ask,0.02,4097.63,2,105991.36,no_dollars,KXHIGHNY-26AUG22,2026-08-23T05:00:00Z,active,True
2026-08-22T17:02:28.724061+00:00,KXHIGHNY-26AUG22-T73,YES,ask,0.03,262.37,3,106253.73,no_dollars,KXHIGHNY-26AUG22,2026-08-23T05:00:00Z,active,True
2026-08-22T17:02:28.724061+00:00,KXHIGHNY-26AUG22-T73,YES,ask,0.04,520.0,4,106773.73,no_dollars,KXHIGHNY-26AUG22,2026-08-23T05:00:00Z,active,True
2026-08-22T17:02:28.724061+00:00,KXHIGHNY-26AUG22-T73,YES,ask,0.05,417.0,5,107190.73,no_dollars,KXHIGHNY-26AUG22,2026-08-23T05:00:00Z,active,True
2026-08-22T17:02:28.724061+00:00,KXHIGHNY-26AUG22-T73,YES,ask,0.06,698.0,6,107888.73,no_dollars,KXHIGHNY-26AUG22,2026-08-23T05:00:00Z,active,True
2026-08-22T17:02:28.724061+00:00,KXHIGHNY-26AUG22-T73,YES,ask,0.07,645.0,7,108533.73,no_dollars,KXHIGHNY-26AUG22,2026-08-23T05:00:00Z,active,True
2026-08-22T17:02:28.724061+00:00,KXHIGHNY-26AUG22-T73,YES,ask,0.08,33.0,8,108566.73,no_dollars,KXHIGHNY-26AUG22,2026-08-23T05:00:00Z,active,True
2026-08-22T17:02:28.724061+00:00,KXHIGHNY-26AUG22-T73,YES,ask,0.09,679.0,9,109245.73,no_dollars,KXHIGHNY-26AUG22,2026-08-23T05:00:00Z,active,True
2026-08-22T17:02:28.724061+00:00,KXHIGHNY-26AUG22-T73,YES,ask,0.1,1.0,10,109246.73,no_dollars,KXHIGHNY-26AUG22,2026-08-23T05:00:00Z,active,True
2026-08-22T17:02:28.724061+00:00,KXHIGHNY-26AUG22-T73,YES,ask,0.12,18.0,11,109264.73,no_dollars,KXHIGHNY-26AUG22,2026-08-23T05:00:00Z,active,True
2026-08-22T17:02:28.724061+00:00,KXHIGHNY-26AUG22-T73,YES,ask,0.13,4.0,12,109268.73,no_dollars,KXHIGHNY-26AUG22,2026-08-23T05:00:00Z,active,True
2026-08-22T17:02:28.724061+00:00,KXHIGHNY-26AUG22-T73,YES,ask,0.15,50.0,13,109318.73,no_dollars,KXHIGHNY-26AUG22,2026-08-23T05:00:00Z,active,True
2026-08-22T17:02:28.724061+00:00,KXHIGHNY-26AUG22-T73,YES,ask,0.25,25.0,14,109343.73,no_dollars,KXHIGHNY-26AUG22,2026-08-23T05:00:00Z,active,True
2026-08-22T17:02:28.724061+00:00,KXHIGHNY-26AUG22-T73,YES,ask,0.27,62.08,15,109405.81,no_dollars,KXHIGHNY-26AUG22,2026-08-23T05:00:00Z,active,True
2026-08-22T17:02:28.724061+00:00,KXHIGHNY-26AUG22-T73,YES,ask,0.3,89.0,16,109494.81,no_dollars,KXHIGHNY-26AUG22,2026-08-23T05:00:00Z,active,True
2026-08-22T17:02:28.724061+00:00,KXHIGHNY-26AUG22-T73,YES,ask,0.31,93.51,17,109588.31999999999,no_dollars,KXHIGHNY-26AUG22,2026-08-23T05:00:00Z,active,True
2026-08-22T17:02:28.724061+00:00,KXHIGHNY-26AUG22-T73,YES,ask,0.35,88.0,18,109676.31999999999,no_dollars,KXHIGHNY-26AUG22,2026-08-23T05:00:00Z,active,True
2026-08-22T17:02:28.724061+00:00,KXHIGHNY-26AUG22-T73,YES,ask,0.4,88.0,19,109764.31999999999,no_dollars,KXHIGHNY-26AUG22,2026-08-23T05:00:00Z,active,True
2026-08-22T17:02:28.724061+00:00,KXHIGHNY-26AUG22-T73,YES,ask,0.45,88.0,20,109852.31999999999,no_dollars,KXHIGHNY-26AUG22,2026-08-23T05:00:00Z,active,True
2026-08-22T17:02:28.724061+00:00,KXHIGHNY-26AUG22-B79.5,NO,bid,0.99,61.49,1,61.49,no_dollars,KXHIGHNY-26AUG22,2026-08-23T05:00:00Z,active,True
2026-08-22T17:02:28.724061+00:00,KXHIGHNY-26AUG22-B79.5,NO,bid,0.98,92.0,2,153.49,no_dollars,KXHIGHNY-26AUG22,2026-08-23T05:00:00Z,active,True
2026-08-22T17:02:28.724061+00:00,KXHIGHNY-26AUG22-B79.5,NO,bid,0.97,357.21,3,510.7,no_dollars,KXHIGHNY-26AUG22,2026-08-23T05:00:00Z,active,True
2026-08-22T17:02:28.724061+00:00,KXHIGHNY-26AUG22-B79.5,NO,bid,0.96,108.0,4,618.7,no_dollars,KXHIGHNY-26AUG22,2026-08-23T05:00:00Z,active,True
2026-08-22T17:02:28.724061+00:00,KXHIGHNY-26AUG22-B79.5,NO,bid,0.95,215.81,5,834.51,no_dollars,KXHIGHNY-26AUG22,2026-08-23T05:00:00Z,active,True
2026-08-22T17:02:28.724061+00:00,KXHIGHNY-26AUG22-B79.5,NO,bid,0.94,56.0,6,890.51,no_dollars,KXHIGHNY-26AUG22,2026-08-23T05:00:00Z,active,True
2026-08-22T17:02:28.724061+00:00,KXHIGHNY-26AUG22-B79.5,NO,bid,0.93,13.0,7,903.51,no_dollars,KXHIGHNY-26AUG22,2026-08-23T05:00:00Z,active,True
2026-08-22T17:02:28.724061+00:00,KXHIGHNY-26AUG22-B79.5,NO,bid,0.92,54.82,8,958.33,no_dollars,KXHIGHNY-26AUG22,2026-08-23T05:00:00Z,active,True
2026-08-22T17:02:28.724061+00:00,KXHIGHNY-26AUG22-B79.5,NO,bid,0.91,65.0,9,1023.33,no_dollars,KXHIGHNY-26AUG22,2026-08-23T05:00:00Z,active,True
2026-08-22T17:02:28.724061+00:00,KXHIGHNY-26AUG22-B79.5,NO,bid,0.88,10.51,10,1033.8400000000001,no_dollars,KXHIGHNY-26AUG22,2026-08-23T05:00:00Z,active,True
2026-08-22T17:02:28.724061+00:00,KXHIGHNY-26AUG22-B79.5,NO,bid,0.85,41.0,11,1074.8400000000001,no_dollars,KXHIGHNY-26AUG22,2026-08-23T05:00:00Z,active,True
2026-08-22T17:02:28.724061+00:00,KXHIGHNY-26AUG22-B79.5,NO,bid,0.75,20.0,12,1094.8400000000001,no_dollars,KXHIGHNY-26AUG22,2026-08-23T05:00:00Z,active,True
2026-08-22T17:02:28.724061+00:00,KXHIGHNY-26AUG22-B79.5,NO,bid,0.73,20.0,13,1114.8400000000001,no_dollars,KXHIGHNY-26AUG22,2026-08-23T05:00:00Z,active,True
2026-08-22T17:02:28.724061+00:00,KXHIGHNY-26AUG22-B79.5,NO,bid,0.72,2.0,14,1116.8400000000001,no_dollars,KXHIGHNY-26AUG22,2026-08-23T05:00:00Z,active,True
2026-08-22T17:02:28.724061+00:00,KXHIGHNY-26AUG22-B79.5,NO,bid,0.7,89.0,15,1205.8400000000001,no_dollars,KXHIGHNY-26AUG22,2026-08-23T05:00:00Z,active,True
2026-08-22T17:02:28.724061+00:00,KXHIGHNY-26AUG22-B79.5,NO,bid,0.65,88.0,16,1293.8400000000001,no_dollars,KXHIGHNY-26AUG22,2026-08-23T05:00:00Z,active,True
2026-08-22T17:02:28.724061+00:00,KXHIGHNY-26AUG22-B79.5,NO,bid,0.6,88.0,17,1381.8400000000001,no_dollars,KXHIGHNY-26AUG22,2026-08-23T05:00:00Z,active,True
2026-08-22T17:02:28.724061+00:00,KXHIGHNY-26AUG22-B79.5,NO,bid,0.55,88.0,18,1469.8400000000001,no_dollars,KXHIGHNY-26AUG22,2026-08-23T05:00:00Z,active,True
2026-08-22T17:02:28.724061+00:00,KXHIGHNY-26AUG22-B79.5,NO,bid,0.5,51.0,19,1520.8400000000001,no_dollars,KXHIGHNY-26AUG22,2026-08-23T05:00:00Z,active,True
2026-08-22T17:02:28.724061+00:00,KXHIGHNY-26AUG22-B79.5,NO,bid,0.46,1.0,20,1521.8400000000001,no_dollars,KXHIGHNY-26AUG22,2026-08-23T05:00:00Z,active,True
2026-08-22T17:02:28.724061+00:00,KXHIGHNY-26AUG22-B79.5,YES,ask,0.01,61.49,1,61.49,no_dollars,KXHIGHNY-26AUG22,2026-08-23T05:00:00Z,active,True
2026-08-22T17:02:28.724061+00:00,KXHIGHNY-26AUG22-B79.5,YES,ask,0.02,92.0,2,153.49,no_dollars,KXHIGHNY-26AUG22,2026-08-23T05:00:00Z,active,True
2026-08-22T17:02:28.724061+00:00,KXHIGHNY-26AUG22-B79.5,YES,ask,0.03,357.21,3,510.7,no_dollars,KXHIGHNY-26AUG22,2026-08-23T05:00:00Z,active,True
2026-08-22T17:02:28.724061+00:00,KXHIGHNY-26AUG22-B79.5,YES,ask,0.04,108.0,4,618.7,no_dollars,KXHIGHNY-26AUG22,2026-08-23T05:00:00Z,active,True
2026-08-22T17:02:28.724061+00:00,KXHIGHNY-26AUG22-B79.5,YES,ask,0.05,215.81,5,834.51,no_dollars,KXHIGHNY-26AUG22,2026-08-23T05:00:00Z,active,True
2026-08-22T17:02:28.724061+00:00,KXHIGHNY-26AUG22-B79.5,YES,ask,0.06,56.0,6,890.51,no_dollars,KXHIGHNY-26AUG22,2026-08-23T05:00:00Z,active,True
2026-08-22T17:02:28.724061+00:00,KXHIGHNY-26AUG22-B79.5,YES,ask,0.07,13.0,7,903.51,no_dollars,KXHIGHNY-26AUG22,2026-08-23T05:00:00Z,active,True
2026-08-22T17:02:28.724061+00:00,KXHIGHNY-26AUG22-B79.5,YES,ask,0.08,54.82,8,958.33,no_dollars,KXHIGHNY-26AUG22,2026-08-23T05:00:00Z,active,True
2026-08-22T17:02:28.724061+00:00,KXHIGHNY-26AUG22-B79.5,YES,ask,0.09,65.0,9,1023.33,no_dollars,KXHIGHNY-26AUG22,2026-08-23T05:00:00Z,active,True
2026-08-22T17:02:28.724061+00:00,KXHIGHNY-26AUG22-B79.5,YES,ask,0.12,10.51,10,1033.8400000000001,no_dollars,KXHIGHNY-26AUG22,2026-08-23T05:00:00Z,active,True
2026-08-22T17:02:28.724061+00:00,KXHIGHNY-26AUG22-B79.5,YES,ask,0.15,41.0,11,1074.8400000000001,no_dollars,KXHIGHNY-26AUG22,2026-08-23T05:00:00Z,active,True
2026-08-22T17:02:28.724061+00:00,KXHIGHNY-26AUG22-B79.5,YES,ask,0.25,20.0,12,1094.8400000000001,no_dollars,KXHIGHNY-26AUG22,2026-08-23T05:00:00Z,active,True
2026-08-22T17:02:28.724061+00:00,KXHIGHNY-26AUG22-B79.5,YES,ask,0.27,20.0,13,1114.8400000000001,no_dollars,KXHIGHNY-26AUG22,2026-08-23T05:00:00Z,active,True
2026-08-22T17:02:28.724061+00:00,KXHIGHNY-26AUG22-B79.5,YES,ask,0.28,2.0,14,1116.8400000000001,no_dollars,KXHIGHNY-26AUG22,2026-08-23T05:00:00Z,active,True
2026-08-22T17:02:28.724061+00:00,KXHIGHNY-26AUG22-B79.5,YES,ask,0.3,89.0,15,1205.8400000000001,no_dollars,KXHIGHNY-26AUG22,2026-08-23T05:00:00Z,active,True
2026-08-22T17:02:28.724061+00:00,KXHIGHNY-26AUG22-B79.5,YES,ask,0.35,88.0,16,1293.8400000000001,no_dollars,KXHIGHNY-26AUG22,2026-08-23T05:00:00Z,active,True
2026-08-22T17:02:28.724061+00:00,KXHIGHNY-26AUG22-B79.5,YES,ask,0.4,88.0,17,1381.8400000000001,no_dollars,KXHIGHNY-26AUG22,2026-08-23T05:00:00Z,active,True
2026-08-22T17:02:28.724061+00:00,KXHIGHNY-26AUG22-B79.5,YES,ask,0.45,88.0,18,1469.8400000000001,no_dollars,KXHIGHNY-26AUG22,2026-08-23T05:00:00Z,active,True
2026-08-22T17:02:28.724061+00:00,KXHIGHNY-26AUG22-B79.5,YES,ask,0.5,51.0,19,1520.8400000000001,no_dollars,KXHIGHNY-26AUG22,2026-08-23T05:00:00Z,active,True
2026-08-22T17:02:28.724061+00:00,KXHIGHNY-26AUG22-B79.5,YES,ask,0.54,1.0,20,1521.8400000000001,no_dollars,KXHIGHNY-26AUG22,2026-08-23T05:00:00Z,active,True
2026-08-22T17:02:28.724061+00:00,KXHIGHNY-26AUG22-B77.5,YES,bid,0.23,1.0,1,1.0,yes_dollars,KXHIGHNY-26AUG22,2026-08-23T05:00:00Z,active,True
2026-08-22T17:02:28.724061+00:00,KXHIGHNY-26AUG22-B77.5,YES,bid,0.22,12.0,2,13.0,yes_dollars,KXHIGHNY-26AUG22,2026-08-23T05:00:00Z,active,True
2026-08-22T17:02:28.724061+00:00,KXHIGHNY-26AUG22-B77.5,YES,bid,0.21,30.0,3,43.0,yes_dollars,KXHIGHNY-26AUG22,2026-08-23T05:00:00Z,active,True
2026-08-22T17:02:28.724061+00:00,KXHIGHNY-26AUG22-B77.5,YES,bid,0.2,150.2,4,193.2,yes_dollars,KXHIGHNY-26AUG22,2026-08-23T05:00:00Z,active,True
2026-08-22T17:02:28.724061+00:00,KXHIGHNY-26AUG22-B77.5,YES,bid,0.19,38.0,5,231.2,yes_dollars,KXHIGHNY-26AUG22,2026-08-23T05:00:00Z,active,True
2026-08-22T17:02:28.724061+00:00,KXHIGHNY-26AUG22-B77.5,YES,bid,0.18,259.34,6,490.53999999999996,yes_dollars,KXHIGHNY-26AUG22,2026-08-23T05:00:00Z,active,True
2026-08-22T17:02:28.724061+00:00,KXHIGHNY-26AUG22-B77.5,YES,bid,0.17,100.0,7,590.54,yes_dollars,KXHIGHNY-26AUG22,2026-08-23T05:00:00Z,active,True
2026-08-22T17:02:28.724061+00:00,KXHIGHNY-26AUG22-B77.5,YES,bid,0.14,17.0,8,607.54,yes_dollars,KXHIGHNY-26AUG22,2026-08-23T05:00:00Z,active,True
2026-08-22T17:02:28.724061+00:00,KXHIGHNY-26AUG22-B77.5,YES,bid,0.13,16.0,9,623.54,yes_dollars,KXHIGHNY-26AUG22,2026-08-23T05:00:00Z,active,True
2026-08-22T17:02:28.724061+00:00,KXHIGHNY-26AUG22-B77.5,YES,bid,0.12,20.0,10,643.54,yes_dollars,KXHIGHNY-26AUG22,2026-08-23T05:00:00Z,active,True
2026-08-22T17:02:28.724061+00:00,KXHIGHNY-26AUG22-B77.5,YES,bid,0.11,18.0,11,661.54,yes_dollars,KXHIGHNY-26AUG22,2026-08-23T05:00:00Z,active,True
2026-08-22T17:02:28.724061+00:00,KXHIGHNY-26AUG22-B77.5,YES,bid,0.1,28.0,12,689.54,yes_dollars,KXHIGHNY-26AUG22,2026-08-23T05:00:00Z,active,True
2026-08-22T17:02:28.724061+00:00,KXHIGHNY-26AUG22-B77.5,YES,bid,0.09,2.0,13,691.54,yes_dollars,KXHIGHNY-26AUG22,2026-08-23T05:00:00Z,active,True
2026-08-22T17:02:28.724061+00:00,KXHIGHNY-26AUG22-B77.5,YES,bid,0.08,35.0,14,726.54,yes_dollars,KXHIGHNY-26AUG22,2026-08-23T05:00:00Z,active,True
2026-08-22T17:02:28.724061+00:00,KXHIGHNY-26AUG22-B77.5,YES,bid,0.07,258.0,15,984.54,yes_dollars,KXHIGHNY-26AUG22,2026-08-23T05:00:00Z,active,True
2026-08-22T17:02:28.724061+00:00,KXHIGHNY-26AUG22-B77.5,YES,bid,0.06,433.0,16,1417.54,yes_dollars,KXHIGHNY-26AUG22,2026-08-23T05:00:00Z,active,True
2026-08-22T17:02:28.724061+00:00,KXHIGHNY-26AUG22-B77.5,YES,bid,0.05,70.0,17,1487.54,yes_dollars,KXHIGHNY-26AUG22,2026-08-23T05:00:00Z,active,True
2026-08-22T17:02:28.724061+00:00,KXHIGHNY-26AUG22-B77.5,YES,bid,0.04,99.0,18,1586.54,yes_dollars,KXHIGHNY-26AUG22,2026-08-23T05:00:00Z,active,True
2026-08-22T17:02:28.724061+00:00,KXHIGHNY-26AUG22-B77.5,YES,bid,0.03,201.0,19,1787.54,yes_dollars,KXHIGHNY-26AUG22,2026-08-23T05:00:00Z,active,True
2026-08-22T17:02:28.724061+00:00,KXHIGHNY-26AUG22-B77.5,YES,bid,0.02,239.0,20,2026.54,yes_dollars,KXHIGHNY-26AUG22,2026-08-23T05:00:00Z,active,True
2026-08-22T17:02:28.724061+00:00,KXHIGHNY-26AUG22-B77.5,NO,ask,0.77,1.0,1,1.0,yes_dollars,KXHIGHNY-26AUG22,2026-08-23T05:00:00Z,active,True
2026-08-22T17:02:28.724061+00:00,KXHIGHNY-26AUG22-B77.5,NO,ask,0.78,12.0,2,13.0,yes_dollars,KXHIGHNY-26AUG22,2026-08-23T05:00:00Z,active,True
2026-08-22T17:02:28.724061+00:00,KXHIGHNY-26AUG22-B77.5,NO,ask,0.79,30.0,3,43.0,yes_dollars,KXHIGHNY-26AUG22,2026-08-23T05:00:00Z,active,True
2026-08-22T17:02:28.724061+00:00,KXHIGHNY-26AUG22-B77.5,NO,ask,0.8,150.2,4,193.2,yes_dollars,KXHIGHNY-26AUG22,2026-08-23T05:00:00Z,active,True
2026-08-22T17:02:28.724061+00:00,KXHIGHNY-26AUG22-B77.5,NO,ask,0.81,38.0,5,231.2,yes_dollars,KXHIGHNY-26AUG22,2026-08-23T05:00:00Z,active,True
2026-08-22T17:02:28.724061+00:00,KXHIGHNY-26AUG22-B77.5,NO,ask,0.82,259.34,6,490.53999999999996,yes_dollars,KXHIGHNY-26AUG22,2026-08-23T05:00:00Z,active,True
2026-08-22T17:02:28.724061+00:00,KXHIGHNY-26AUG22-B77.5,NO,ask,0.83,100.0,7,590.54,yes_dollars,KXHIGHNY-26AUG22,2026-08-23T05:00:00Z,active,True
2026-08-22T17:02:28.724061+00:00,KXHIGHNY-26AUG22-B77.5,NO,ask,0.86,17.0,8,607.54,yes_dollars,KXHIGHNY-26AUG22,2026-08-23T05:00:00Z,active,True
2026-08-22T17:02:28.724061+00:00,KXHIGHNY-26AUG22-B77.5,NO,ask,0.87,16.0,9,623.54,yes_dollars,KXHIGHNY-26AUG22,2026-08-23T05:00:00Z,active,True
2026-08-22T17:02:28.724061+00:00,KXHIGHNY-26AUG22-B77.5,NO,ask,0.88,20.0,10,643.54,yes_dollars,KXHIGHNY-26AUG22,2026-08-23T05:00:00Z,active,True
2026-08-22T17:02:28.724061+00:00,KXHIGHNY-26AUG22-B77.5,NO,ask,0.89,18.0,11,661.54,yes_dollars,KXHIGHNY-26AUG22,2026-08-23T05:00:00Z,active,True
2026-08-22T17:02:28.724061+00:00,KXHIGHNY-26AUG22-B77.5,NO,ask,0.9,28.0,12,689.54,yes_dollars,KXHIGHNY-26AUG22,2026-08-23T05:00:00Z,active,True
2026-08-22T17:02:28.724061+00:00,KXHIGHNY-26AUG22-B77.5,NO,ask,0.91,2.0,13,691.54,yes_dollars,KXHIGHNY-26AUG22,2026-08-23T05:00:00Z,active,True
2026-08-22T17:02:28.724061+00:00,KXHIGHNY-26AUG22-B77.5,NO,ask,0.92,35.0,14,726.54,yes_dollars,KXHIGHNY-26AUG22,2026-08-23T05:00:00Z,active,True
2026-08-22T17:02:28.724061+00:00,KXHIGHNY-26AUG22-B77.5,NO,ask,0.93,258.0,15,984.54,yes_dollars,KXHIGHNY-26AUG22,2026-08-23T05:00:00Z,active,True
2026-08-22T17:02:28.724061+00:00,KXHIGHNY-26AUG22-B77.5,NO,ask,0.94,433.0,16,1417.54,yes_dollars,KXHIGHNY-26AUG22,2026-08-23T05:00:00Z,active,True
2026-08-22T17:02:28.724061+00:00,KXHIGHNY-26AUG22-B77.5,NO,ask,0.95,70.0,17,1487.54,yes_dollars,KXHIGHNY-26AUG22,2026-08-23T05:00:00Z,active,True
2026-08-22T17:02:28.724061+00:00,KXHIGHNY-26AUG22-B77.5,NO,ask,0.96,99.0,18,1586.54,yes_dollars,KXHIGHNY-26AUG22,2026-08-23T05:00:00Z,active,True
2026-08-22T17:02:28.724061+00:00,KXHIGHNY-26AUG22-B77.5,NO,ask,0.97,201.0,19,1787.54,yes_dollars,KXHIGHNY-26AUG22,2026-08-23T05:00:00Z,active,True
2026-08-22T17:02:28.724061+00:00,KXHIGHNY-26AUG22-B77.5,NO,ask,0.98,239.0,20,2026.54,yes_dollars,KXHIGHNY-26AUG22,2026-08-23T05:00:00Z,active,True
2026-08-22T17:02:28.724061+00:00,KXHIGHNY-26AUG22-B77.5,NO,bid,0.76,155.0,1,155.0,no_dollars,KXHIGHNY-26AUG22,2026-08-23T05:00:00Z,active,True
2026-08-22T17:02:28.724061+00:00,KXHIGHNY-26AUG22-B77.5,NO,bid,0.75,519.46,2,674.46,no_dollars,KXHIGHNY-26AUG22,2026-08-23T05:00:00Z,active,True
2026-08-22T17:02:28.724061+00:00,KXHIGHNY-26AUG22-B77.5,NO,bid,0.74,12.0,3,686.46,no_dollars,KXHIGHNY-26AUG22,2026-08-23T05:00:00Z,active,True
2026-08-22T17:02:28.724061+00:00,KXHIGHNY-26AUG22-B77.5,NO,bid,0.73,52.25,4,738.71,no_dollars,KXHIGHNY-26AUG22,2026-08-23T05:00:00Z,active,True
2026-08-22T17:02:28.724061+00:00,KXHIGHNY-26AUG22-B77.5,NO,bid,0.72,111.6,5,850.3100000000001,no_dollars,KXHIGHNY-26AUG22,2026-08-23T05:00:00Z,active,True
2026-08-22T17:02:28.724061+00:00,KXHIGHNY-26AUG22-B77.5,NO,bid,0.71,100.0,6,950.3100000000001,no_dollars,KXHIGHNY-26AUG22,2026-08-23T05:00:00Z,active,True
2026-08-22T17:02:28.724061+00:00,KXHIGHNY-26AUG22-B77.5,NO,bid,0.69,3.0,7,953.3100000000001,no_dollars,KXHIGHNY-26AUG22,2026-08-23T05:00:00Z,active,True
2026-08-22T17:02:28.724061+00:00,KXHIGHNY-26AUG22-B77.5,NO,bid,0.66,12.0,8,965.3100000000001,no_dollars,KXHIGHNY-26AUG22,2026-08-23T05:00:00Z,active,True
2026-08-22T17:02:28.724061+00:00,KXHIGHNY-26AUG22-B77.5,NO,bid,0.6,1.0,9,966.3100000000001,no_dollars,KXHIGHNY-26AUG22,2026-08-23T05:00:00Z,active,True
2026-08-22T17:02:28.724061+00:00,KXHIGHNY-26AUG22-B77.5,NO,bid,0.57,20.0,10,986.3100000000001,no_dollars,KXHIGHNY-26AUG22,2026-08-23T05:00:00Z,active,True
2026-08-22T17:02:28.724061+00:00,KXHIGHNY-26AUG22-B77.5,NO,bid,0.5,25.72,11,1012.0300000000001,no_dollars,KXHIGHNY-26AUG22,2026-08-23T05:00:00Z,active,True
2026-08-22T17:02:28.724061+00:00,KXHIGHNY-26AUG22-B77.5,NO,bid,0.49,60.0,12,1072.0300000000002,no_dollars,KXHIGHNY-26AUG22,2026-08-23T05:00:00Z,active,True
2026-08-22T17:02:28.724061+00:00,KXHIGHNY-26AUG22-B77.5,NO,bid,0.48,803.0,13,1875.0300000000002,no_dollars,KXHIGHNY-26AUG22,2026-08-23T05:00:00Z,active,True
2026-08-22T17:02:28.724061+00:00,KXHIGHNY-26AUG22-B77.5,NO,bid,0.46,1.0,14,1876.0300000000002,no_dollars,KXHIGHNY-26AUG22,2026-08-23T05:00:00Z,active,True
2026-08-22T17:02:28.724061+00:00,KXHIGHNY-26AUG22-B77.5,NO,bid,0.45,78.57,15,1954.6000000000001,no_dollars,KXHIGHNY-26AUG22,2026-08-23T05:00:00Z,active,True
2026-08-22T17:02:28.724061+00:00,KXHIGHNY-26AUG22-B77.5,NO,bid,0.43,38.06,16,1992.66,no_dollars,KXHIGHNY-26AUG22,2026-08-23T05:00:00Z,active,True
2026-08-22T17:02:28.724061+00:00,KXHIGHNY-26AUG22-B77.5,NO,bid,0.41,100.0,17,2092.66,no_dollars,KXHIGHNY-26AUG22,2026-08-23T05:00:00Z,active,True
2026-08-22T17:02:28.724061+00:00,KXHIGHNY-26AUG22-B77.5,NO,bid,0.4,5.0,18,2097.66,no_dollars,KXHIGHNY-26AUG22,2026-08-23T05:00:00Z,active,True
2026-08-22T17:02:28.724061+00:00,KXHIGHNY-26AUG22-B77.5,NO,bid,0.39,57.0,19,2154.66,no_dollars,KXHIGHNY-26AUG22,2026-08-23T05:00:00Z,active,True
2026-08-22T17:02:28.724061+00:00,KXHIGHNY-26AUG22-B77.5,NO,bid,0.37,5.0,20,2159.66,no_dollars,KXHIGHNY-26AUG22,2026-08-23T05:00:00Z,active,True
2026-08-22T17:02:28.724061+00:00,KXHIGHNY-26AUG22-B77.5,YES,ask,0.24,155.0,1,155.0,no_dollars,KXHIGHNY-26AUG22,2026-08-23T05:00:00Z,active,True
2026-08-22T17:02:28.724061+00:00,KXHIGHNY-26AUG22-B77.5,YES,ask,0.25,519.46,2,674.46,no_dollars,KXHIGHNY-26AUG22,2026-08-23T05:00:00Z,active,True
2026-08-22T17:02:28.724061+00:00,KXHIGHNY-26AUG22-B77.5,YES,ask,0.26,12.0,3,686.46,no_dollars,KXHIGHNY-26AUG22,2026-08-23T05:00:00Z,active,True
2026-08-22T17:02:28.724061+00:00,KXHIGHNY-26AUG22-B77.5,YES,ask,0.27,52.25,4,738.71,no_dollars,KXHIGHNY-26AUG22,2026-08-23T05:00:00Z,active,True
2026-08-22T17:02:28.724061+00:00,KXHIGHNY-26AUG22-B77.5,YES,ask,0.28,111.6,5,850.3100000000001,no_dollars,KXHIGHNY-26AUG22,2026-08-23T05:00:00Z,active,True
2026-08-22T17:02:28.724061+00:00,KXHIGHNY-26AUG22-B77.5,YES,ask,0.29,100.0,6,950.3100000000001,no_dollars,KXHIGHNY-26AUG22,2026-08-23T05:00:00Z,active,True
2026-08-22T17:02:28.724061+00:00,KXHIGHNY-26AUG22-B77.5,YES,ask,0.31,3.0,7,953.3100000000001,no_dollars,KXHIGHNY-26AUG22,2026-08-23T05:00:00Z,active,True
2026-08-22T17:02:28.724061+00:00,KXHIGHNY-26AUG22-B77.5,YES,ask,0.34,12.0,8,965.3100000000001,no_dollars,KXHIGHNY-26AUG22,2026-08-23T05:00:00Z,active,True
2026-08-22T17:02:28.724061+00:00,KXHIGHNY-26AUG22-B77.5,YES,ask,0.4,1.0,9,966.3100000000001,no_dollars,KXHIGHNY-26AUG22,2026-08-23T05:00:00Z,active,True
2026-08-22T17:02:28.724061+00:00,KXHIGHNY-26AUG22-B77.5,YES,ask,0.43,20.0,10,986.3100000000001,no_dollars,KXHIGHNY-26AUG22,2026-08-23T05:00:00Z,active,True
2026-08-22T17:02:28.724061+00:00,KXHIGHNY-26AUG22-B77.5,YES,ask,0.5,25.72,11,1012.0300000000001,no_dollars,KXHIGHNY-26AUG22,2026-08-23T05:00:00Z,active,True
2026-08-22T17:02:28.724061+00:00,KXHIGHNY-26AUG22-B77.5,YES,ask,0.51,60.0,12,1072.0300000000002,no_dollars,KXHIGHNY-26AUG22,2026-08-23T05:00:00Z,active,True
2026-08-22T17:02:28.724061+00:00,KXHIGHNY-26AUG22-B77.5,YES,ask,0.52,803.0,13,1875.0300000000002,no_dollars,KXHIGHNY-26AUG22,2026-08-23T05:00:00Z,active,True
2026-08-22T17:02:28.724061+00:00,KXHIGHNY-26AUG22-B77.5,YES,ask,0.54,1.0,14,1876.0300000000002,no_dollars,KXHIGHNY-26AUG22,2026-08-23T05:00:00Z,active,True
2026-08-22T17:02:28.724061+00:00,KXHIGHNY-26AUG22-B77.5,YES,ask,0.55,78.57,15,1954.6000000000001,no_dollars,KXHIGHNY-26AUG22,2026-08-23T05:00:00Z,active,True
2026-08-22T17:02:28.724061+00:00,KXHIGHNY-26AUG22-B77.5,YES,ask,0.57,38.06,16,1992.66,no_dollars,KXHIGHNY-26AUG22,2026-08-23T05:00:00Z,active,True
2026-08-22T17:02:28.724061+00:00,KXHIGHNY-26AUG22-B77.5,YES,ask,0.59,100.0,17,2092.66,no_dollars,KXHIGHNY-26AUG22,2026-08-23T05:00:00Z,active,True
2026-08-22T17:02:28.724061+00:00,KXHIGHNY-26AUG22-B77.5,YES,ask,0.6,5.0,18,2097.66,no_dollars,KXHIGHNY-26AUG22,2026-08-23T05:00:00Z,active,True
2026-08-22T17:02:28.724061+00:00,KXHIGHNY-26AUG22-B77.5,YES,ask,0.61,57.0,19,2154.66,no_dollars,KXHIGHNY-26AUG22,2026-08-23T05:00:00Z,active,True
2026-08-22T17:02:28.724061+00:00,KXHIGHNY-26AUG22-B77.5,YES,ask,0.63,5.0,20,2159.66,no_dollars,KXHIGHNY-26AUG22,2026-08-23T05:00:00Z,active,True
2026-08-22T17:02:28.724061+00:00,KXHIGHNY-26AUG22-B75.5,YES,bid,0.57,77.77,1,77.77,yes_dollars,KXHIGHNY-26AUG22,2026-08-23T05:00:00Z,active,True
2026-08-22T17:02:28.724061+00:00,KXHIGHNY-26AUG22-B75.5,YES,bid,0.56,37.0,2,114.77,yes_dollars,KXHIGHNY-26AUG22,2026-08-23T05:00:00Z,active,True
2026-08-22T17:02:28.724061+00:00,KXHIGHNY-26AUG22-B75.5,YES,bid,0.55,38.0,3,152.76999999999998,yes_dollars,KXHIGHNY-26AUG22,2026-08-23T05:00:00Z,active,True
2026-08-22T17:02:28.724061+00:00,KXHIGHNY-26AUG22-B75.5,YES,bid,0.54,3.0,4,155.76999999999998,yes_dollars,KXHIGHNY-26AUG22,2026-08-23T05:00:00Z,active,True
2026-08-22T17:02:28.724061+00:00,KXHIGHNY-26AUG22-B75.5,YES,bid,0.53,73.35,5,229.11999999999998,yes_dollars,KXHIGHNY-26AUG22,2026-08-23T05:00:00Z,active,True
2026-08-22T17:02:28.724061+00:00,KXHIGHNY-26AUG22-B75.5,YES,bid,0.52,101.0,6,330.12,yes_dollars,KXHIGHNY-26AUG22,2026-08-23T05:00:00Z,active,True
2026-08-22T17:02:28.724061+00:00,KXHIGHNY-26AUG22-B75.5,YES,bid,0.51,5.0,7,335.12,yes_dollars,KXHIGHNY-26AUG22,2026-08-23T05:00:00Z,active,True
2026-08-22T17:02:28.724061+00:00,KXHIGHNY-26AUG22-B75.5,YES,bid,0.5,16.0,8,351.12,yes_dollars,KXHIGHNY-26AUG22,2026-08-23T05:00:00Z,active,True
2026-08-22T17:02:28.724061+00:00,KXHIGHNY-26AUG22-B75.5,YES,bid,0.49,27.91,9,379.03000000000003,yes_dollars,KXHIGHNY-26AUG22,2026-08-23T05:00:00Z,active,True
2026-08-22T17:02:28.724061+00:00,KXHIGHNY-26AUG22-B75.5,YES,bid,0.48,67.29,10,446.32000000000005,yes_dollars,KXHIGHNY-26AUG22,2026-08-23T05:00:00Z,active,True
2026-08-22T17:02:28.724061+00:00,KXHIGHNY-26AUG22-B75.5,YES,bid,0.42,4.0,11,450.32000000000005,yes_dollars,KXHIGHNY-26AUG22,2026-08-23T05:00:00Z,active,True
2026-08-22T17:02:28.724061+00:00,KXHIGHNY-26AUG22-B75.5,YES,bid,0.41,9.0,12,459.32000000000005,yes_dollars,KXHIGHNY-26AUG22,2026-08-23T05:00:00Z,active,True
2026-08-22T17:02:28.724061+00:00,KXHIGHNY-26AUG22-B75.5,YES,bid,0.31,1.0,13,460.32000000000005,yes_dollars,KXHIGHNY-26AUG22,2026-08-23T05:00:00Z,active,True
2026-08-22T17:02:28.724061+00:00,KXHIGHNY-26AUG22-B75.5,YES,bid,0.28,5.0,14,465.32000000000005,yes_dollars,KXHIGHNY-26AUG22,2026-08-23T05:00:00Z,active,True
2026-08-22T17:02:28.724061+00:00,KXHIGHNY-26AUG22-B75.5,YES,bid,0.26,2.0,15,467.32000000000005,yes_dollars,KXHIGHNY-26AUG22,2026-08-23T05:00:00Z,active,True
2026-08-22T17:02:28.724061+00:00,KXHIGHNY-26AUG22-B75.5,YES,bid,0.25,20.77,16,488.09000000000003,yes_dollars,KXHIGHNY-26AUG22,2026-08-23T05:00:00Z,active,True
2026-08-22T17:02:28.724061+00:00,KXHIGHNY-26AUG22-B75.5,YES,bid,0.24,10.0,17,498.09000000000003,yes_dollars,KXHIGHNY-26AUG22,2026-08-23T05:00:00Z,active,True
2026-08-22T17:02:28.724061+00:00,KXHIGHNY-26AUG22-B75.5,YES,bid,0.21,3.0,18,501.09000000000003,yes_dollars,KXHIGHNY-26AUG22,2026-08-23T05:00:00Z,active,True
2026-08-22T17:02:28.724061+00:00,KXHIGHNY-26AUG22-B75.5,YES,bid,0.19,7.0,19,508.09000000000003,yes_dollars,KXHIGHNY-26AUG22,2026-08-23T05:00:00Z,active,True
2026-08-22T17:02:28.724061+00:00,KXHIGHNY-26AUG22-B75.5,YES,bid,0.18,7.0,20,515.09,yes_dollars,KXHIGHNY-26AUG22,2026-08-23T05:00:00Z,active,True
2026-08-22T17:02:28.724061+00:00,KXHIGHNY-26AUG22-B75.5,NO,ask,0.43,77.77,1,77.77,yes_dollars,KXHIGHNY-26AUG22,2026-08-23T05:00:00Z,active,True
2026-08-22T17:02:28.724061+00:00,KXHIGHNY-26AUG22-B75.5,NO,ask,0.44,37.0,2,114.77,yes_dollars,KXHIGHNY-26AUG22,2026-08-23T05:00:00Z,active,True
2026-08-22T17:02:28.724061+00:00,KXHIGHNY-26AUG22-B75.5,NO,ask,0.45,38.0,3,152.76999999999998,yes_dollars,KXHIGHNY-26AUG22,2026-08-23T05:00:00Z,active,True
2026-08-22T17:02:28.724061+00:00,KXHIGHNY-26AUG22-B75.5,NO,ask,0.46,3.0,4,155.76999999999998,yes_dollars,KXHIGHNY-26AUG22,2026-08-23T05:00:00Z,active,True
2026-08-22T17:02:28.724061+00:00,KXHIGHNY-26AUG22-B75.5,NO,ask,0.47,73.35,5,229.11999999999998,yes_dollars,KXHIGHNY-26AUG22,2026-08-23T05:00:00Z,active,True
2026-08-22T17:02:28.724061+00:00,KXHIGHNY-26AUG22-B75.5,NO,ask,0.48,101.0,6,330.12,yes_dollars,KXHIGHNY-26AUG22,2026-08-23T05:00:00Z,active,True
2026-08-22T17:02:28.724061+00:00,KXHIGHNY-26AUG22-B75.5,NO,ask,0.49,5.0,7,335.12,yes_dollars,KXHIGHNY-26AUG22,2026-08-23T05:00:00Z,active,True
2026-08-22T17:02:28.724061+00:00,KXHIGHNY-26AUG22-B75.5,NO,ask,0.5,16.0,8,351.12,yes_dollars,KXHIGHNY-26AUG22,2026-08-23T05:00:00Z,active,True
2026-08-22T17:02:28.724061+00:00,KXHIGHNY-26AUG22-B75.5,NO,ask,0.51,27.91,9,379.03000000000003,yes_dollars,KXHIGHNY-26AUG22,2026-08-23T05:00:00Z,active,True
2026-08-22T17:02:28.724061+00:00,KXHIGHNY-26AUG22-B75.5,NO,ask,0.52,67.29,10,446.32000000000005,yes_dollars,KXHIGHNY-26AUG22,2026-08-23T05:00:00Z,active,True
2026-08-22T17:02:28.724061+00:00,KXHIGHNY-26AUG22-B75.5,NO,ask,0.58,4.0,11,450.32000000000005,yes_dollars,KXHIGHNY-26AUG22,2026-08-23T05:00:00Z,active,True
2026-08-22T17:02:28.724061+00:00,KXHIGHNY-26AUG22-B75.5,NO,ask,0.59,9.0,12,459.32000000000005,yes_dollars,KXHIGHNY-26AUG22,2026-08-23T05:00:00Z,active,True
2026-08-22T17:02:28.724061+00:00,KXHIGHNY-26AUG22-B75.5,NO,ask,0.69,1.0,13,460.32000000000005,yes_dollars,KXHIGHNY-26AUG22,2026-08-23T05:00:00Z,active,True
2026-08-22T17:02:28.724061+00:00,KXHIGHNY-26AUG22-B75.5,NO,ask,0.72,5.0,14,465.32000000000005,yes_dollars,KXHIGHNY-26AUG22,2026-08-23T05:00:00Z,active,True
2026-08-22T17:02:28.724061+00:00,KXHIGHNY-26AUG22-B75.5,NO,ask,0.74,2.0,15,467.32000000000005,yes_dollars,KXHIGHNY-26AUG22,2026-08-23T05:00:00Z,active,True
2026-08-22T17:02:28.724061+00:00,KXHIGHNY-26AUG22-B75.5,NO,ask,0.75,20.77,16,488.09000000000003,yes_dollars,KXHIGHNY-26AUG22,2026-08-23T05:00:00Z,active,True
2026-08-22T17:02:28.724061+00:00,KXHIGHNY-26AUG22-B75.5,NO,ask,0.76,10.0,17,498.09000000000003,yes_dollars,KXHIGHNY-26AUG22,2026-08-23T05:00:00Z,active,True
2026-08-22T17:02:28.724061+00:00,KXHIGHNY-26AUG22-B75.5,NO,ask,0.79,3.0,18,501.09000000000003,yes_dollars,KXHIGHNY-26AUG22,2026-08-23T05:00:00Z,active,True
2026-08-22T17:02:28.724061+00:00,KXHIGHNY-26AUG22-B75.5,NO,ask,0.81,7.0,19,508.09000000000003,yes_dollars,KXHIGHNY-26AUG22,2026-08-23T05:00:00Z,active,True
2026-08-22T17:02:28.724061+00:00,KXHIGHNY-26AUG22-B75.5,NO,ask,0.82,7.0,20,515.09,yes_dollars,KXHIGHNY-26AUG22,2026-08-23T05:00:00Z,active,True
2026-08-22T17:02:28.724061+00:00,KXHIGHNY-26AUG22-B75.5,NO,bid,0.39,19.0,1,19.0,no_dollars,KXHIGHNY-26AUG22,2026-08-23T05:00:00Z,active,True
2026-08-22T17:02:28.724061+00:00,KXHIGHNY-26AUG22-B75.5,NO,bid,0.37,25.0,2,44.0,no_dollars,KXHIGHNY-26AUG22,2026-08-23T05:00:00Z,active,True
2026-08-22T17:02:28.724061+00:00,KXHIGHNY-26AUG22-B75.5,NO,bid,0.36,83.97,3,127.97,no_dollars,KXHIGHNY-26AUG22,2026-08-23T05:00:00Z,active,True
2026-08-22T17:02:28.724061+00:00,KXHIGHNY-26AUG22-B75.5,NO,bid,0.35,165.36,4,293.33000000000004,no_dollars,KXHIGHNY-26AUG22,2026-08-23T05:00:00Z,active,True
2026-08-22T17:02:28.724061+00:00,KXHIGHNY-26AUG22-B75.5,NO,bid,0.34,6.0,5,299.33000000000004,no_dollars,KXHIGHNY-26AUG22,2026-08-23T05:00:00Z,active,True
2026-08-22T17:02:28.724061+00:00,KXHIGHNY-26AUG22-B75.5,NO,bid,0.33,6.0,6,305.33000000000004,no_dollars,KXHIGHNY-26AUG22,2026-08-23T05:00:00Z,active,True
2026-08-22T17:02:28.724061+00:00,KXHIGHNY-26AUG22-B75.5,NO,bid,0.32,106.0,7,411.33000000000004,no_dollars,KXHIGHNY-26AUG22,2026-08-23T05:00:00Z,active,True
2026-08-22T17:02:28.724061+00:00,KXHIGHNY-26AUG22-B75.5,NO,bid,0.31,7.0,8,418.33000000000004,no_dollars,KXHIGHNY-26AUG22,2026-08-23T05:00:00Z,active,True
2026-08-22T17:02:28.724061+00:00,KXHIGHNY-26AUG22-B75.5,NO,bid,0.3,108.52,9,526.85,no_dollars,KXHIGHNY-26AUG22,2026-08-23T05:00:00Z,active,True
2026-08-22T17:02:28.724061+00:00,KXHIGHNY-26AUG22-B75.5,NO,bid,0.29,28.58,10,555.4300000000001,no_dollars,KXHIGHNY-26AUG22,2026-08-23T05:00:00Z,active,True
2026-08-22T17:02:28.724061+00:00,KXHIGHNY-26AUG22-B75.5,NO,bid,0.26,118.61,11,674.0400000000001,no_dollars,KXHIGHNY-26AUG22,2026-08-23T05:00:00Z,active,True
2026-08-22T17:02:28.724061+00:00,KXHIGHNY-26AUG22-B75.5,NO,bid,0.25,112.49,12,786.5300000000001,no_dollars,KXHIGHNY-26AUG22,2026-08-23T05:00:00Z,active,True
2026-08-22T17:02:28.724061+00:00,KXHIGHNY-26AUG22-B75.5,NO,bid,0.21,11.47,13,798.0000000000001,no_dollars,KXHIGHNY-26AUG22,2026-08-23T05:00:00Z,active,True
2026-08-22T17:02:28.724061+00:00,KXHIGHNY-26AUG22-B75.5,NO,bid,0.2,50.0,14,848.0000000000001,no_dollars,KXHIGHNY-26AUG22,2026-08-23T05:00:00Z,active,True
2026-08-22T17:02:28.724061+00:00,KXHIGHNY-26AUG22-B75.5,NO,bid,0.19,3.34,15,851.3400000000001,no_dollars,KXHIGHNY-26AUG22,2026-08-23T05:00:00Z,active,True
2026-08-22T17:02:28.724061+00:00,KXHIGHNY-26AUG22-B75.5,NO,bid,0.18,130.0,16,981.3400000000001,no_dollars,KXHIGHNY-26AUG22,2026-08-23T05:00:00Z,active,True
2026-08-22T17:02:28.724061+00:00,KXHIGHNY-26AUG22-B75.5,NO,bid,0.17,3.65,17,984.9900000000001,no_dollars,KXHIGHNY-26AUG22,2026-08-23T05:00:00Z,active,True
2026-08-22T17:02:28.724061+00:00,KXHIGHNY-26AUG22-B75.5,NO,bid,0.16,1.0,18,985.9900000000001,no_dollars,KXHIGHNY-26AUG22,2026-08-23T05:00:00Z,active,True
2026-08-22T17:02:28.724061+00:00,KXHIGHNY-26AUG22-B75.5,NO,bid,0.15,1.77,19,987.7600000000001,no_dollars,KXHIGHNY-26AUG22,2026-08-23T05:00:00Z,active,True
2026-08-22T17:02:28.724061+00:00,KXHIGHNY-26AUG22-B75.5,NO,bid,0.13,7.74,20,995.5000000000001,no_dollars,KXHIGHNY-26AUG22,2026-08-23T05:00:00Z,active,True
2026-08-22T17:02:28.724061+00:00,KXHIGHNY-26AUG22-B75.5,YES,ask,0.61,19.0,1,19.0,no_dollars,KXHIGHNY-26AUG22,2026-08-23T05:00:00Z,active,True
2026-08-22T17:02:28.724061+00:00,KXHIGHNY-26AUG22-B75.5,YES,ask,0.63,25.0,2,44.0,no_dollars,KXHIGHNY-26AUG22,2026-08-23T05:00:00Z,active,True
2026-08-22T17:02:28.724061+00:00,KXHIGHNY-26AUG22-B75.5,YES,ask,0.64,83.97,3,127.97,no_dollars,KXHIGHNY-26AUG22,2026-08-23T05:00:00Z,active,True
2026-08-22T17:02:28.724061+00:00,KXHIGHNY-26AUG22-B75.5,YES,ask,0.65,165.36,4,293.33000000000004,no_dollars,KXHIGHNY-26AUG22,2026-08-23T05:00:00Z,active,True
2026-08-22T17:02:28.724061+00:00,KXHIGHNY-26AUG22-B75.5,YES,ask,0.66,6.0,5,299.33000000000004,no_dollars,KXHIGHNY-26AUG22,2026-08-23T05:00:00Z,active,True
2026-08-22T17:02:28.724061+00:00,KXHIGHNY-26AUG22-B75.5,YES,ask,0.67,6.0,6,305.33000000000004,no_dollars,KXHIGHNY-26AUG22,2026-08-23T05:00:00Z,active,True
2026-08-22T17:02:28.724061+00:00,KXHIGHNY-26AUG22-B75.5,YES,ask,0.68,106.0,7,411.33000000000004,no_dollars,KXHIGHNY-26AUG22,2026-08-23T05:00:00Z,active,True
2026-08-22T17:02:28.724061+00:00,KXHIGHNY-26AUG22-B75.5,YES,ask,0.69,7.0,8,418.33000000000004,no_dollars,KXHIGHNY-26AUG22,2026-08-23T05:00:00Z,active,True
2026-08-22T17:02:28.724061+00:00,KXHIGHNY-26AUG22-B75.5,YES,ask,0.7,108.52,9,526.85,no_dollars,KXHIGHNY-26AUG22,2026-08-23T05:00:00Z,active,True
2026-08-22T17:02:28.724061+00:00,KXHIGHNY-26AUG22-B75.5,YES,ask,0.71,28.58,10,555.4300000000001,no_dollars,KXHIGHNY-26AUG22,2026-08-23T05:00:00Z,active,True
2026-08-22T17:02:28.724061+00:00,KXHIGHNY-26AUG22-B75.5,YES,ask,0.74,118.61,11,674.0400000000001,no_dollars,KXHIGHNY-26AUG22,2026-08-23T05:00:00Z,active,True
2026-08-22T17:02:28.724061+00:00,KXHIGHNY-26AUG22-B75.5,YES,ask,0.75,112.49,12,786.5300000000001,no_dollars,KXHIGHNY-26AUG22,2026-08-23T05:00:00Z,active,True
2026-08-22T17:02:28.724061+00:00,KXHIGHNY-26AUG22-B75.5,YES,ask,0.79,11.47,13,798.0000000000001,no_dollars,KXHIGHNY-26AUG22,2026-08-23T05:00:00Z,active,True
2026-08-22T17:02:28.724061+00:00,KXHIGHNY-26AUG22-B75.5,YES,ask,0.8,50.0,14,848.0000000000001,no_dollars,KXHIGHNY-26AUG22,2026-08-23T05:00:00Z,active,True
2026-08-22T17:02:28.724061+00:00,KXHIGHNY-26AUG22-B75.5,YES,ask,0.81,3.34,15,851.3400000000001,no_dollars,KXHIGHNY-26AUG22,2026-08-23T05:00:00Z,active,True
2026-08-22T17:02:28.724061+00:00,KXHIGHNY-26AUG22-B75.5,YES,ask,0.82,130.0,16,981.3400000000001,no_dollars,KXHIGHNY-26AUG22,2026-08-23T05:00:00Z,active,True
2026-08-22T17:02:28.724061+00:00,KXHIGHNY-26AUG22-B75.5,YES,ask,0.83,3.65,17,984.9900000000001,no_dollars,KXHIGHNY-26AUG22,2026-08-23T05:00:00Z,active,True
2026-08-22T17:02:28.724061+00:00,KXHIGHNY-26AUG22-B75.5,YES,ask,0.84,1.0,18,985.9900000000001,no_dollars,KXHIGHNY-26AUG22,2026-08-23T05:00:00Z,active,True
2026-08-22T17:02:28.724061+00:00,KXHIGHNY-26AUG22-B75.5,YES,ask,0.85,1.77,19,987.7600000000001,no_dollars,KXHIGHNY-26AUG22,2026-08-23T05:00:00Z,active,True
2026-08-22T17:02:28.724061+00:00,KXHIGHNY-26AUG22-B75.5,YES,ask,0.87,7.74,20,995.5000000000001,no_dollars,KXHIGHNY-26AUG22,2026-08-23T05:00:00Z,active,True
2026-08-22T17:02:28.724061+00:00,KXHIGHNY-26AUG22-B73.5,YES,bid,0.13,21.0,1,21.0,yes_dollars,KXHIGHNY-26AUG22,2026-08-23T05:00:00Z,active,True
2026-08-22T17:02:28.724061+00:00,KXHIGHNY-26AUG22-B73.5,YES,bid,0.12,230.0,2,251.0,yes_dollars,KXHIGHNY-26AUG22,2026-08-23T05:00:00Z,active,True
2026-08-22T17:02:28.724061+00:00,KXHIGHNY-26AUG22-B73.5,YES,bid,0.11,138.0,3,389.0,yes_dollars,KXHIGHNY-26AUG22,2026-08-23T05:00:00Z,active,True
2026-08-22T17:02:28.724061+00:00,KXHIGHNY-26AUG22-B73.5,YES,bid,0.1,28.0,4,417.0,yes_dollars,KXHIGHNY-26AUG22,2026-08-23T05:00:00Z,active,True
2026-08-22T17:02:28.724061+00:00,KXHIGHNY-26AUG22-B73.5,YES,bid,0.08,25.0,5,442.0,yes_dollars,KXHIGHNY-26AUG22,2026-08-23T05:00:00Z,active,True
2026-08-22T17:02:28.724061+00:00,KXHIGHNY-26AUG22-B73.5,YES,bid,0.07,26.0,6,468.0,yes_dollars,KXHIGHNY-26AUG22,2026-08-23T05:00:00Z,active,True
2026-08-22T17:02:28.724061+00:00,KXHIGHNY-26AUG22-B73.5,YES,bid,0.06,49.0,7,517.0,yes_dollars,KXHIGHNY-26AUG22,2026-08-23T05:00:00Z,active,True
2026-08-22T17:02:28.724061+00:00,KXHIGHNY-26AUG22-B73.5,YES,bid,0.05,99.0,8,616.0,yes_dollars,KXHIGHNY-26AUG22,2026-08-23T05:00:00Z,active,True
2026-08-22T17:02:28.724061+00:00,KXHIGHNY-26AUG22-B73.5,YES,bid,0.04,182.0,9,798.0,yes_dollars,KXHIGHNY-26AUG22,2026-08-23T05:00:00Z,active,True
2026-08-22T17:02:28.724061+00:00,KXHIGHNY-26AUG22-B73.5,YES,bid,0.03,667.0,10,1465.0,yes_dollars,KXHIGHNY-26AUG22,2026-08-23T05:00:00Z,active,True
2026-08-22T17:02:28.724061+00:00,KXHIGHNY-26AUG22-B73.5,YES,bid,0.02,260.0,11,1725.0,yes_dollars,KXHIGHNY-26AUG22,2026-08-23T05:00:00Z,active,True
2026-08-22T17:02:28.724061+00:00,KXHIGHNY-26AUG22-B73.5,YES,bid,0.01,937.3,12,2662.3,yes_dollars,KXHIGHNY-26AUG22,2026-08-23T05:00:00Z,active,True
2026-08-22T17:02:28.724061+00:00,KXHIGHNY-26AUG22-B73.5,NO,ask,0.87,21.0,1,21.0,yes_dollars,KXHIGHNY-26AUG22,2026-08-23T05:00:00Z,active,True
2026-08-22T17:02:28.724061+00:00,KXHIGHNY-26AUG22-B73.5,NO,ask,0.88,230.0,2,251.0,yes_dollars,KXHIGHNY-26AUG22,2026-08-23T05:00:00Z,active,True
2026-08-22T17:02:28.724061+00:00,KXHIGHNY-26AUG22-B73.5,NO,ask,0.89,138.0,3,389.0,yes_dollars,KXHIGHNY-26AUG22,2026-08-23T05:00:00Z,active,True
2026-08-22T17:02:28.724061+00:00,KXHIGHNY-26AUG22-B73.5,NO,ask,0.9,28.0,4,417.0,yes_dollars,KXHIGHNY-26AUG22,2026-08-23T05:00:00Z,active,True
2026-08-22T17:02:28.724061+00:00,KXHIGHNY-26AUG22-B73.5,NO,ask,0.92,25.0,5,442.0,yes_dollars,KXHIGHNY-26AUG22,2026-08-23T05:00:00Z,active,True
2026-08-22T17:02:28.724061+00:00,KXHIGHNY-26AUG22-B73.5,NO,ask,0.93,26.0,6,468.0,yes_dollars,KXHIGHNY-26AUG22,2026-08-23T05:00:00Z,active,True
2026-08-22T17:02:28.724061+00:00,KXHIGHNY-26AUG22-B73.5,NO,ask,0.94,49.0,7,517.0,yes_dollars,KXHIGHNY-26AUG22,2026-08-23T05:00:00Z,active,True
2026-08-22T17:02:28.724061+00:00,KXHIGHNY-26AUG22-B73.5,NO,ask,0.95,99.0,8,616.0,yes_dollars,KXHIGHNY-26AUG22,2026-08-23T05:00:00Z,active,True
2026-08-22T17:02:28.724061+00:00,KXHIGHNY-26AUG22-B73.5,NO,ask,0.96,182.0,9,798.0,yes_dollars,KXHIGHNY-26AUG22,2026-08-23T05:00:00Z,active,True
2026-08-22T17:02:28.724061+00:00,KXHIGHNY-26AUG22-B73.5,NO,ask,0.97,667.0,10,1465.0,yes_dollars,KXHIGHNY-26AUG22,2026-08-23T05:00:00Z,active,True
2026-08-22T17:02:28.724061+00:00,KXHIGHNY-26AUG22-B73.5,NO,ask,0.98,260.0,11,1725.0,yes_dollars,KXHIGHNY-26AUG22,2026-08-23T05:00:00Z,active,True
2026-08-22T17:02:28.724061+00:00,KXHIGHNY-26AUG22-B73.5,NO,ask,0.99,937.3,12,2662.3,yes_dollars,KXHIGHNY-26AUG22,2026-08-23T05:00:00Z,active,True
2026-08-22T17:02:28.724061+00:00,KXHIGHNY-26AUG22-B73.5,NO,bid,0.84,62.0,1,62.0,no_dollars,KXHIGHNY-26AUG22,2026-08-23T05:00:00Z,active,True
2026-08-22T17:02:28.724061+00:00,KXHIGHNY-26AUG22-B73.5,NO,bid,0.83,158.88,2,220.88,no_dollars,KXHIGHNY-26AUG22,2026-08-23T05:00:00Z,active,True
2026-08-22T17:02:28.724061+00:00,KXHIGHNY-26AUG22-B73.5,NO,bid,0.82,37.0,3,257.88,no_dollars,KXHIGHNY-26AUG22,2026-08-23T05:00:00Z,active,True
2026-08-22T17:02:28.724061+00:00,KXHIGHNY-26AUG22-B73.5,NO,bid,0.81,75.0,4,332.88,no_dollars,KXHIGHNY-26AUG22,2026-08-23T05:00:00Z,active,True
2026-08-22T17:02:28.724061+00:00,KXHIGHNY-26AUG22-B73.5,NO,bid,0.8,350.0,5,682.88,no_dollars,KXHIGHNY-26AUG22,2026-08-23T05:00:00Z,active,True
2026-08-22T17:02:28.724061+00:00,KXHIGHNY-26AUG22-B73.5,NO,bid,0.79,600.0,6,1282.88,no_dollars,KXHIGHNY-26AUG22,2026-08-23T05:00:00Z,active,True
2026-08-22T17:02:28.724061+00:00,KXHIGHNY-26AUG22-B73.5,NO,bid,0.77,5.1,7,1287.98,no_dollars,KXHIGHNY-26AUG22,2026-08-23T05:00:00Z,active,True
2026-08-22T17:02:28.724061+00:00,KXHIGHNY-26AUG22-B73.5,NO,bid,0.75,66.07,8,1354.05,no_dollars,KXHIGHNY-26AUG22,2026-08-23T05:00:00Z,active,True
2026-08-22T17:02:28.724061+00:00,KXHIGHNY-26AUG22-B73.5,NO,bid,0.73,49.0,9,1403.05,no_dollars,KXHIGHNY-26AUG22,2026-08-23T05:00:00Z,active,True
2026-08-22T17:02:28.724061+00:00,KXHIGHNY-26AUG22-B73.5,NO,bid,0.72,13.0,10,1416.05,no_dollars,KXHIGHNY-26AUG22,2026-08-23T05:00:00Z,active,True
2026-08-22T17:02:28.724061+00:00,KXHIGHNY-26AUG22-B73.5,NO,bid,0.68,32.0,11,1448.05,no_dollars,KXHIGHNY-26AUG22,2026-08-23T05:00:00Z,active,True
2026-08-22T17:02:28.724061+00:00,KXHIGHNY-26AUG22-B73.5,NO,bid,0.63,20.0,12,1468.05,no_dollars,KXHIGHNY-26AUG22,2026-08-23T05:00:00Z,active,True
2026-08-22T17:02:28.724061+00:00,KXHIGHNY-26AUG22-B73.5,NO,bid,0.6,9.0,13,1477.05,no_dollars,KXHIGHNY-26AUG22,2026-08-23T05:00:00Z,active,True
2026-08-22T17:02:28.724061+00:00,KXHIGHNY-26AUG22-B73.5,NO,bid,0.5,1.0,14,1478.05,no_dollars,KXHIGHNY-26AUG22,2026-08-23T05:00:00Z,active,True
2026-08-22T17:02:28.724061+00:00,KXHIGHNY-26AUG22-B73.5,NO,bid,0.46,1.0,15,1479.05,no_dollars,KXHIGHNY-26AUG22,2026-08-23T05:00:00Z,active,True
2026-08-22T17:02:28.724061+00:00,KXHIGHNY-26AUG22-B73.5,NO,bid,0.45,24.0,16,1503.05,no_dollars,KXHIGHNY-26AUG22,2026-08-23T05:00:00Z,active,True
2026-08-22T17:02:28.724061+00:00,KXHIGHNY-26AUG22-B73.5,NO,bid,0.43,50.0,17,1553.05,no_dollars,KXHIGHNY-26AUG22,2026-08-23T05:00:00Z,active,True
2026-08-22T17:02:28.724061+00:00,KXHIGHNY-26AUG22-B73.5,NO,bid,0.41,100.0,18,1653.05,no_dollars,KXHIGHNY-26AUG22,2026-08-23T05:00:00Z,active,True
2026-08-22T17:02:28.724061+00:00,KXHIGHNY-26AUG22-B73.5,NO,bid,0.4,22.0,19,1675.05,no_dollars,KXHIGHNY-26AUG22,2026-08-23T05:00:00Z,active,True
2026-08-22T17:02:28.724061+00:00,KXHIGHNY-26AUG22-B73.5,NO,bid,0.39,13.21,20,1688.26,no_dollars,KXHIGHNY-26AUG22,2026-08-23T05:00:00Z,active,True
2026-08-22T17:02:28.724061+00:00,KXHIGHNY-26AUG22-B73.5,YES,ask,0.16,62.0,1,62.0,no_dollars,KXHIGHNY-26AUG22,2026-08-23T05:00:00Z,active,True
2026-08-22T17:02:28.724061+00:00,KXHIGHNY-26AUG22-B73.5,YES,ask,0.17,158.88,2,220.88,no_dollars,KXHIGHNY-26AUG22,2026-08-23T05:00:00Z,active,True
2026-08-22T17:02:28.724061+00:00,KXHIGHNY-26AUG22-B73.5,YES,ask,0.18,37.0,3,257.88,no_dollars,KXHIGHNY-26AUG22,2026-08-23T05:00:00Z,active,True
2026-08-22T17:02:28.724061+00:00,KXHIGHNY-26AUG22-B73.5,YES,ask,0.19,75.0,4,332.88,no_dollars,KXHIGHNY-26AUG22,2026-08-23T05:00:00Z,active,True
2026-08-22T17:02:28.724061+00:00,KXHIGHNY-26AUG22-B73.5,YES,ask,0.2,350.0,5,682.88,no_dollars,KXHIGHNY-26AUG22,2026-08-23T05:00:00Z,active,True
2026-08-22T17:02:28.724061+00:00,KXHIGHNY-26AUG22-B73.5,YES,ask,0.21,600.0,6,1282.88,no_dollars,KXHIGHNY-26AUG22,2026-08-23T05:00:00Z,active,True
2026-08-22T17:02:28.724061+00:00,KXHIGHNY-26AUG22-B73.5,YES,ask,0.23,5.1,7,1287.98,no_dollars,KXHIGHNY-26AUG22,2026-08-23T05:00:00Z,active,True
2026-08-22T17:02:28.724061+00:00,KXHIGHNY-26AUG22-B73.5,YES,ask,0.25,66.07,8,1354.05,no_dollars,KXHIGHNY-26AUG22,2026-08-23T05:00:00Z,active,True
2026-08-22T17:02:28.724061+00:00,KXHIGHNY-26AUG22-B73.5,YES,ask,0.27,49.0,9,1403.05,no_dollars,KXHIGHNY-26AUG22,2026-08-23T05:00:00Z,active,True
2026-08-22T17:02:28.724061+00:00,KXHIGHNY-26AUG22-B73.5,YES,ask,0.28,13.0,10,1416.05,no_dollars,KXHIGHNY-26AUG22,2026-08-23T05:00:00Z,active,True
2026-08-22T17:02:28.724061+00:00,KXHIGHNY-26AUG22-B73.5,YES,ask,0.32,32.0,11,1448.05,no_dollars,KXHIGHNY-26AUG22,2026-08-23T05:00:00Z,active,True
2026-08-22T17:02:28.724061+00:00,KXHIGHNY-26AUG22-B73.5,YES,ask,0.37,20.0,12,1468.05,no_dollars,KXHIGHNY-26AUG22,2026-08-23T05:00:00Z,active,True
2026-08-22T17:02:28.724061+00:00,KXHIGHNY-26AUG22-B73.5,YES,ask,0.4,9.0,13,1477.05,no_dollars,KXHIGHNY-26AUG22,2026-08-23T05:00:00Z,active,True
2026-08-22T17:02:28.724061+00:00,KXHIGHNY-26AUG22-B73.5,YES,ask,0.5,1.0,14,1478.05,no_dollars,KXHIGHNY-26AUG22,2026-08-23T05:00:00Z,active,True
2026-08-22T17:02:28.724061+00:00,KXHIGHNY-26AUG22-B73.5,YES,ask,0.54,1.0,15,1479.05,no_dollars,KXHIGHNY-26AUG22,2026-08-23T05:00:00Z,active,True
2026-08-22T17:02:28.724061+00:00,KXHIGHNY-26AUG22-B73.5,YES,ask,0.55,24.0,16,1503.05,no_dollars,KXHIGHNY-26AUG22,2026-08-23T05:00:00Z,active,True
2026-08-22T17:02:28.724061+00:00,KXHIGHNY-26AUG22-B73.5,YES,ask,0.57,50.0,17,1553.05,no_dollars,KXHIGHNY-26AUG22,2026-08-23T05:00:00Z,active,True
2026-08-22T17:02:28.724061+00:00,KXHIGHNY-26AUG22-B73.5,YES,ask,0.59,100.0,18,1653.05,no_dollars,KXHIGHNY-26AUG22,2026-08-23T05:00:00Z,active,True
2026-08-22T17:02:28.724061+00:00,KXHIGHNY-26AUG22-B73.5,YES,ask,0.6,22.0,19,1675.05,no_dollars,KXHIGHNY-26AUG22,2026-08-23T05:00:00Z,active,True
2026-08-22T17:02:28.724061+00:00,KXHIGHNY-26AUG22-B73.5,YES,ask,0.61,13.21,20,1688.26,no_dollars,KXHIGHNY-26AUG22,2026-08-23T05:00:00Z,active,True
