fetched_at,ticker,outcome_side,quote_type,price_dollars,size_contracts,level,cumulative_size,source_book_side,event_ticker,close_time,market_status,eligible
2026-09-01T01:10:19.648033+00:00,KXHIGHNY-26SEP01-T90,NO,bid,0.99,1049.0,1,1049.0,no_dollars,KXHIGHNY-26SEP01,2026-09-02T05:00:00Z,active,True
2026-09-01T01:10:19.648033+00:00,KXHIGHNY-26SEP01-T90,NO,bid,0.98,366.0,2,1415.0,no_dollars,KXHIGHNY-26SEP01,2026-09-02T05:00:00Z,active,True
2026-09-01T01:10:19.648033+00:00,KXHIGHNY-26SEP01-T90,NO,bid,0.97,655.0,3,2070.0,no_dollars,KXHIGHNY-26SEP01,2026-09-02T05:00:00Z,active,True
2026-09-01T01:10:19.648033+00:00,KXHIGHNY-26SEP01-T90,NO,bid,0.96,171.0,4,2241.0,no_dollars,KXHIGHNY-26SEP01,2026-09-02T05:00:00Z,active,True
2026-09-01T01:10:19.648033+00:00,KXHIGHNY-26SEP01-T90,NO,bid,0.95,63.0,5,2304.0,no_dollars,KXHIGHNY-26SEP01,2026-09-02T05:00:00Z,active,True
2026-09-01T01:10:19.648033+00:00,KXHIGHNY-26SEP01-T90,NO,bid,0.94,101.0,6,2405.0,no_dollars,KXHIGHNY-26SEP01,2026-09-02T05:00:00Z,active,True
2026-09-01T01:10:19.648033+00:00,KXHIGHNY-26SEP01-T90,NO,bid,0.93,87.0,7,2492.0,no_dollars,KXHIGHNY-26SEP01,2026-09-02T05:00:00Z,active,True
2026-09-01T01:10:19.648033+00:00,KXHIGHNY-26SEP01-T90,NO,bid,0.92,50.0,8,2542.0,no_dollars,KXHIGHNY-26SEP01,2026-09-02T05:00:00Z,active,True
2026-09-01T01:10:19.648033+00:00,KXHIGHNY-26SEP01-T90,NO,bid,0.91,63.0,9,2605.0,no_dollars,KXHIGHNY-26SEP01,2026-09-02T05:00:00Z,active,True
2026-09-01T01:10:19.648033+00:00,KXHIGHNY-26SEP01-T90,NO,bid,0.88,35.01,10,2640.01,no_dollars,KXHIGHNY-26SEP01,2026-09-02T05:00:00Z,active,True
2026-09-01T01:10:19.648033+00:00,KXHIGHNY-26SEP01-T90,NO,bid,0.87,52.02,11,2692.03,no_dollars,KXHIGHNY-26SEP01,2026-09-02T05:00:00Z,active,True
2026-09-01T01:10:19.648033+00:00,KXHIGHNY-26SEP01-T90,NO,bid,0.86,44.0,12,2736.03,no_dollars,KXHIGHNY-26SEP01,2026-09-02T05:00:00Z,active,True
2026-09-01T01:10:19.648033+00:00,KXHIGHNY-26SEP01-T90,NO,bid,0.85,185.01,13,2921.04,no_dollars,KXHIGHNY-26SEP01,2026-09-02T05:00:00Z,active,True
2026-09-01T01:10:19.648033+00:00,KXHIGHNY-26SEP01-T90,NO,bid,0.84,47.02,14,2968.06,no_dollars,KXHIGHNY-26SEP01,2026-09-02T05:00:00Z,active,True
2026-09-01T01:10:19.648033+00:00,KXHIGHNY-26SEP01-T90,NO,bid,0.83,56.0,15,3024.06,no_dollars,KXHIGHNY-26SEP01,2026-09-02T05:00:00Z,active,True
2026-09-01T01:10:19.648033+00:00,KXHIGHNY-26SEP01-T90,NO,bid,0.81,0.02,16,3024.08,no_dollars,KXHIGHNY-26SEP01,2026-09-02T05:00:00Z,active,True
2026-09-01T01:10:19.648033+00:00,KXHIGHNY-26SEP01-T90,NO,bid,0.8,37.0,17,3061.08,no_dollars,KXHIGHNY-26SEP01,2026-09-02T05:00:00Z,active,True
2026-09-01T01:10:19.648033+00:00,KXHIGHNY-26SEP01-T90,NO,bid,0.79,0.01,18,3061.09,no_dollars,KXHIGHNY-26SEP01,2026-09-02T05:00:00Z,active,True
2026-09-01T01:10:19.648033+00:00,KXHIGHNY-26SEP01-T90,NO,bid,0.78,37.0,19,3098.09,no_dollars,KXHIGHNY-26SEP01,2026-09-02T05:00:00Z,active,True
2026-09-01T01:10:19.648033+00:00,KXHIGHNY-26SEP01-T90,NO,bid,0.76,0.02,20,3098.11,no_dollars,KXHIGHNY-26SEP01,2026-09-02T05:00:00Z,active,True
2026-09-01T01:10:19.648033+00:00,KXHIGHNY-26SEP01-T90,YES,ask,0.01,1049.0,1,1049.0,no_dollars,KXHIGHNY-26SEP01,2026-09-02T05:00:00Z,active,True
2026-09-01T01:10:19.648033+00:00,KXHIGHNY-26SEP01-T90,YES,ask,0.02,366.0,2,1415.0,no_dollars,KXHIGHNY-26SEP01,2026-09-02T05:00:00Z,active,True
2026-09-01T01:10:19.648033+00:00,KXHIGHNY-26SEP01-T90,YES,ask,0.03,655.0,3,2070.0,no_dollars,KXHIGHNY-26SEP01,2026-09-02T05:00:00Z,active,True
2026-09-01T01:10:19.648033+00:00,KXHIGHNY-26SEP01-T90,YES,ask,0.04,171.0,4,2241.0,no_dollars,KXHIGHNY-26SEP01,2026-09-02T05:00:00Z,active,True
2026-09-01T01:10:19.648033+00:00,KXHIGHNY-26SEP01-T90,YES,ask,0.05,63.0,5,2304.0,no_dollars,KXHIGHNY-26SEP01,2026-09-02T05:00:00Z,active,True
2026-09-01T01:10:19.648033+00:00,KXHIGHNY-26SEP01-T90,YES,ask,0.06,101.0,6,2405.0,no_dollars,KXHIGHNY-26SEP01,2026-09-02T05:00:00Z,active,True
2026-09-01T01:10:19.648033+00:00,KXHIGHNY-26SEP01-T90,YES,ask,0.07,87.0,7,2492.0,no_dollars,KXHIGHNY-26SEP01,2026-09-02T05:00:00Z,active,True
2026-09-01T01:10:19.648033+00:00,KXHIGHNY-26SEP01-T90,YES,ask,0.08,50.0,8,2542.0,no_dollars,KXHIGHNY-26SEP01,2026-09-02T05:00:00Z,active,True
2026-09-01T01:10:19.648033+00:00,KXHIGHNY-26SEP01-T90,YES,ask,0.09,63.0,9,2605.0,no_dollars,KXHIGHNY-26SEP01,2026-09-02T05:00:00Z,active,True
2026-09-01T01:10:19.648033+00:00,KXHIGHNY-26SEP01-T90,YES,ask,0.12,35.01,10,2640.01,no_dollars,KXHIGHNY-26SEP01,2026-09-02T05:00:00Z,active,True
2026-09-01T01:10:19.648033+00:00,KXHIGHNY-26SEP01-T90,YES,ask,0.13,52.02,11,2692.03,no_dollars,KXHIGHNY-26SEP01,2026-09-02T05:00:00Z,active,True
2026-09-01T01:10:19.648033+00:00,KXHIGHNY-26SEP01-T90,YES,ask,0.14,44.0,12,2736.03,no_dollars,KXHIGHNY-26SEP01,2026-09-02T05:00:00Z,active,True
2026-09-01T01:10:19.648033+00:00,KXHIGHNY-26SEP01-T90,YES,ask,0.15,185.01,13,2921.04,no_dollars,KXHIGHNY-26SEP01,2026-09-02T05:00:00Z,active,True
2026-09-01T01:10:19.648033+00:00,KXHIGHNY-26SEP01-T90,YES,ask,0.16,47.02,14,2968.06,no_dollars,KXHIGHNY-26SEP01,2026-09-02T05:00:00Z,active,True
2026-09-01T01:10:19.648033+00:00,KXHIGHNY-26SEP01-T90,YES,ask,0.17,56.0,15,3024.06,no_dollars,KXHIGHNY-26SEP01,2026-09-02T05:00:00Z,active,True
2026-09-01T01:10:19.648033+00:00,KXHIGHNY-26SEP01-T90,YES,ask,0.19,0.02,16,3024.08,no_dollars,KXHIGHNY-26SEP01,2026-09-02T05:00:00Z,active,True
2026-09-01T01:10:19.648033+00:00,KXHIGHNY-26SEP01-T90,YES,ask,0.2,37.0,17,3061.08,no_dollars,KXHIGHNY-26SEP01,2026-09-02T05:00:00Z,active,True
2026-09-01T01:10:19.648033+00:00,KXHIGHNY-26SEP01-T90,YES,ask,0.21,0.01,18,3061.09,no_dollars,KXHIGHNY-26SEP01,2026-09-02T05:00:00Z,active,True
2026-09-01T01:10:19.648033+00:00,KXHIGHNY-26SEP01-T90,YES,ask,0.22,37.0,19,3098.09,no_dollars,KXHIGHNY-26SEP01,2026-09-02T05:00:00Z,active,True
2026-09-01T01:10:19.648033+00:00,KXHIGHNY-26SEP01-T90,YES,ask,0.24,0.02,20,3098.11,no_dollars,KXHIGHNY-26SEP01,2026-09-02T05:00:00Z,active,True
2026-09-01T01:10:19.648033+00:00,KXHIGHNY-26SEP01-T83,YES,bid,0.64,31.0,1,31.0,yes_dollars,KXHIGHNY-26SEP01,2026-09-02T05:00:00Z,active,True
2026-09-01T01:10:19.648033+00:00,KXHIGHNY-26SEP01-T83,YES,bid,0.63,85.0,2,116.0,yes_dollars,KXHIGHNY-26SEP01,2026-09-02T05:00:00Z,active,True
2026-09-01T01:10:19.648033+00:00,KXHIGHNY-26SEP01-T83,YES,bid,0.62,1.0,3,117.0,yes_dollars,KXHIGHNY-26SEP01,2026-09-02T05:00:00Z,active,True
2026-09-01T01:10:19.648033+00:00,KXHIGHNY-26SEP01-T83,YES,bid,0.61,27.0,4,144.0,yes_dollars,KXHIGHNY-26SEP01,2026-09-02T05:00:00Z,active,True
2026-09-01T01:10:19.648033+00:00,KXHIGHNY-26SEP01-T83,YES,bid,0.6,74.0,5,218.0,yes_dollars,KXHIGHNY-26SEP01,2026-09-02T05:00:00Z,active,True
2026-09-01T01:10:19.648033+00:00,KXHIGHNY-26SEP01-T83,YES,bid,0.59,13.0,6,231.0,yes_dollars,KXHIGHNY-26SEP01,2026-09-02T05:00:00Z,active,True
2026-09-01T01:10:19.648033+00:00,KXHIGHNY-26SEP01-T83,YES,bid,0.58,26.0,7,257.0,yes_dollars,KXHIGHNY-26SEP01,2026-09-02T05:00:00Z,active,True
2026-09-01T01:10:19.648033+00:00,KXHIGHNY-26SEP01-T83,YES,bid,0.55,43.0,8,300.0,yes_dollars,KXHIGHNY-26SEP01,2026-09-02T05:00:00Z,active,True
2026-09-01T01:10:19.648033+00:00,KXHIGHNY-26SEP01-T83,YES,bid,0.54,2.0,9,302.0,yes_dollars,KXHIGHNY-26SEP01,2026-09-02T05:00:00Z,active,True
2026-09-01T01:10:19.648033+00:00,KXHIGHNY-26SEP01-T83,YES,bid,0.5,26.0,10,328.0,yes_dollars,KXHIGHNY-26SEP01,2026-09-02T05:00:00Z,active,True
2026-09-01T01:10:19.648033+00:00,KXHIGHNY-26SEP01-T83,YES,bid,0.49,50.0,11,378.0,yes_dollars,KXHIGHNY-26SEP01,2026-09-02T05:00:00Z,active,True
2026-09-01T01:10:19.648033+00:00,KXHIGHNY-26SEP01-T83,YES,bid,0.48,14.0,12,392.0,yes_dollars,KXHIGHNY-26SEP01,2026-09-02T05:00:00Z,active,True
2026-09-01T01:10:19.648033+00:00,KXHIGHNY-26SEP01-T83,YES,bid,0.47,17.0,13,409.0,yes_dollars,KXHIGHNY-26SEP01,2026-09-02T05:00:00Z,active,True
2026-09-01T01:10:19.648033+00:00,KXHIGHNY-26SEP01-T83,YES,bid,0.46,15.0,14,424.0,yes_dollars,KXHIGHNY-26SEP01,2026-09-02T05:00:00Z,active,True
2026-09-01T01:10:19.648033+00:00,KXHIGHNY-26SEP01-T83,YES,bid,0.45,42.0,15,466.0,yes_dollars,KXHIGHNY-26SEP01,2026-09-02T05:00:00Z,active,True
2026-09-01T01:10:19.648033+00:00,KXHIGHNY-26SEP01-T83,YES,bid,0.44,18.0,16,484.0,yes_dollars,KXHIGHNY-26SEP01,2026-09-02T05:00:00Z,active,True
2026-09-01T01:10:19.648033+00:00,KXHIGHNY-26SEP01-T83,YES,bid,0.41,5.0,17,489.0,yes_dollars,KXHIGHNY-26SEP01,2026-09-02T05:00:00Z,active,True
2026-09-01T01:10:19.648033+00:00,KXHIGHNY-26SEP01-T83,YES,bid,0.4,25.0,18,514.0,yes_dollars,KXHIGHNY-26SEP01,2026-09-02T05:00:00Z,active,True
2026-09-01T01:10:19.648033+00:00,KXHIGHNY-26SEP01-T83,YES,bid,0.36,9.37,19,523.37,yes_dollars,KXHIGHNY-26SEP01,2026-09-02T05:00:00Z,active,True
2026-09-01T01:10:19.648033+00:00,KXHIGHNY-26SEP01-T83,YES,bid,0.35,25.0,20,548.37,yes_dollars,KXHIGHNY-26SEP01,2026-09-02T05:00:00Z,active,True
2026-09-01T01:10:19.648033+00:00,KXHIGHNY-26SEP01-T83,NO,ask,0.36,31.0,1,31.0,yes_dollars,KXHIGHNY-26SEP01,2026-09-02T05:00:00Z,active,True
2026-09-01T01:10:19.648033+00:00,KXHIGHNY-26SEP01-T83,NO,ask,0.37,85.0,2,116.0,yes_dollars,KXHIGHNY-26SEP01,2026-09-02T05:00:00Z,active,True
2026-09-01T01:10:19.648033+00:00,KXHIGHNY-26SEP01-T83,NO,ask,0.38,1.0,3,117.0,yes_dollars,KXHIGHNY-26SEP01,2026-09-02T05:00:00Z,active,True
2026-09-01T01:10:19.648033+00:00,KXHIGHNY-26SEP01-T83,NO,ask,0.39,27.0,4,144.0,yes_dollars,KXHIGHNY-26SEP01,2026-09-02T05:00:00Z,active,True
2026-09-01T01:10:19.648033+00:00,KXHIGHNY-26SEP01-T83,NO,ask,0.4,74.0,5,218.0,yes_dollars,KXHIGHNY-26SEP01,2026-09-02T05:00:00Z,active,True
2026-09-01T01:10:19.648033+00:00,KXHIGHNY-26SEP01-T83,NO,ask,0.41,13.0,6,231.0,yes_dollars,KXHIGHNY-26SEP01,2026-09-02T05:00:00Z,active,True
2026-09-01T01:10:19.648033+00:00,KXHIGHNY-26SEP01-T83,NO,ask,0.42,26.0,7,257.0,yes_dollars,KXHIGHNY-26SEP01,2026-09-02T05:00:00Z,active,True
2026-09-01T01:10:19.648033+00:00,KXHIGHNY-26SEP01-T83,NO,ask,0.45,43.0,8,300.0,yes_dollars,KXHIGHNY-26SEP01,2026-09-02T05:00:00Z,active,True
2026-09-01T01:10:19.648033+00:00,KXHIGHNY-26SEP01-T83,NO,ask,0.46,2.0,9,302.0,yes_dollars,KXHIGHNY-26SEP01,2026-09-02T05:00:00Z,active,True
2026-09-01T01:10:19.648033+00:00,KXHIGHNY-26SEP01-T83,NO,ask,0.5,26.0,10,328.0,yes_dollars,KXHIGHNY-26SEP01,2026-09-02T05:00:00Z,active,True
2026-09-01T01:10:19.648033+00:00,KXHIGHNY-26SEP01-T83,NO,ask,0.51,50.0,11,378.0,yes_dollars,KXHIGHNY-26SEP01,2026-09-02T05:00:00Z,active,True
2026-09-01T01:10:19.648033+00:00,KXHIGHNY-26SEP01-T83,NO,ask,0.52,14.0,12,392.0,yes_dollars,KXHIGHNY-26SEP01,2026-09-02T05:00:00Z,active,True
2026-09-01T01:10:19.648033+00:00,KXHIGHNY-26SEP01-T83,NO,ask,0.53,17.0,13,409.0,yes_dollars,KXHIGHNY-26SEP01,2026-09-02T05:00:00Z,active,True
2026-09-01T01:10:19.648033+00:00,KXHIGHNY-26SEP01-T83,NO,ask,0.54,15.0,14,424.0,yes_dollars,KXHIGHNY-26SEP01,2026-09-02T05:00:00Z,active,True
2026-09-01T01:10:19.648033+00:00,KXHIGHNY-26SEP01-T83,NO,ask,0.55,42.0,15,466.0,yes_dollars,KXHIGHNY-26SEP01,2026-09-02T05:00:00Z,active,True
2026-09-01T01:10:19.648033+00:00,KXHIGHNY-26SEP01-T83,NO,ask,0.56,18.0,16,484.0,yes_dollars,KXHIGHNY-26SEP01,2026-09-02T05:00:00Z,active,True
2026-09-01T01:10:19.648033+00:00,KXHIGHNY-26SEP01-T83,NO,ask,0.59,5.0,17,489.0,yes_dollars,KXHIGHNY-26SEP01,2026-09-02T05:00:00Z,active,True
2026-09-01T01:10:19.648033+00:00,KXHIGHNY-26SEP01-T83,NO,ask,0.6,25.0,18,514.0,yes_dollars,KXHIGHNY-26SEP01,2026-09-02T05:00:00Z,active,True
2026-09-01T01:10:19.648033+00:00,KXHIGHNY-26SEP01-T83,NO,ask,0.64,9.37,19,523.37,yes_dollars,KXHIGHNY-26SEP01,2026-09-02T05:00:00Z,active,True
2026-09-01T01:10:19.648033+00:00,KXHIGHNY-26SEP01-T83,NO,ask,0.65,25.0,20,548.37,yes_dollars,KXHIGHNY-26SEP01,2026-09-02T05:00:00Z,active,True
2026-09-01T01:10:19.648033+00:00,KXHIGHNY-26SEP01-T83,NO,bid,0.33,2.0,1,2.0,no_dollars,KXHIGHNY-26SEP01,2026-09-02T05:00:00Z,active,True
2026-09-01T01:10:19.648033+00:00,KXHIGHNY-26SEP01-T83,NO,bid,0.31,66.0,2,68.0,no_dollars,KXHIGHNY-26SEP01,2026-09-02T05:00:00Z,active,True
2026-09-01T01:10:19.648033+00:00,KXHIGHNY-26SEP01-T83,NO,bid,0.3,133.0,3,201.0,no_dollars,KXHIGHNY-26SEP01,2026-09-02T05:00:00Z,active,True
2026-09-01T01:10:19.648033+00:00,KXHIGHNY-26SEP01-T83,NO,bid,0.29,29.0,4,230.0,no_dollars,KXHIGHNY-26SEP01,2026-09-02T05:00:00Z,active,True
2026-09-01T01:10:19.648033+00:00,KXHIGHNY-26SEP01-T83,NO,bid,0.28,42.0,5,272.0,no_dollars,KXHIGHNY-26SEP01,2026-09-02T05:00:00Z,active,True
2026-09-01T01:10:19.648033+00:00,KXHIGHNY-26SEP01-T83,NO,bid,0.27,21.0,6,293.0,no_dollars,KXHIGHNY-26SEP01,2026-09-02T05:00:00Z,active,True
2026-09-01T01:10:19.648033+00:00,KXHIGHNY-26SEP01-T83,NO,bid,0.26,145.0,7,438.0,no_dollars,KXHIGHNY-26SEP01,2026-09-02T05:00:00Z,active,True
2026-09-01T01:10:19.648033+00:00,KXHIGHNY-26SEP01-T83,NO,bid,0.25,160.39,8,598.39,no_dollars,KXHIGHNY-26SEP01,2026-09-02T05:00:00Z,active,True
2026-09-01T01:10:19.648033+00:00,KXHIGHNY-26SEP01-T83,NO,bid,0.24,19.01,9,617.4,no_dollars,KXHIGHNY-26SEP01,2026-09-02T05:00:00Z,active,True
2026-09-01T01:10:19.648033+00:00,KXHIGHNY-26SEP01-T83,NO,bid,0.23,18.0,10,635.4,no_dollars,KXHIGHNY-26SEP01,2026-09-02T05:00:00Z,active,True
2026-09-01T01:10:19.648033+00:00,KXHIGHNY-26SEP01-T83,NO,bid,0.22,19.02,11,654.42,no_dollars,KXHIGHNY-26SEP01,2026-09-02T05:00:00Z,active,True
2026-09-01T01:10:19.648033+00:00,KXHIGHNY-26SEP01-T83,NO,bid,0.2,25.0,12,679.42,no_dollars,KXHIGHNY-26SEP01,2026-09-02T05:00:00Z,active,True
2026-09-01T01:10:19.648033+00:00,KXHIGHNY-26SEP01-T83,NO,bid,0.18,116.02,13,795.4399999999999,no_dollars,KXHIGHNY-26SEP01,2026-09-02T05:00:00Z,active,True
2026-09-01T01:10:19.648033+00:00,KXHIGHNY-26SEP01-T83,NO,bid,0.17,10.0,14,805.4399999999999,no_dollars,KXHIGHNY-26SEP01,2026-09-02T05:00:00Z,active,True
2026-09-01T01:10:19.648033+00:00,KXHIGHNY-26SEP01-T83,NO,bid,0.15,55.0,15,860.4399999999999,no_dollars,KXHIGHNY-26SEP01,2026-09-02T05:00:00Z,active,True
2026-09-01T01:10:19.648033+00:00,KXHIGHNY-26SEP01-T83,NO,bid,0.14,0.02,16,860.4599999999999,no_dollars,KXHIGHNY-26SEP01,2026-09-02T05:00:00Z,active,True
2026-09-01T01:10:19.648033+00:00,KXHIGHNY-26SEP01-T83,NO,bid,0.12,210.0,17,1070.46,no_dollars,KXHIGHNY-26SEP01,2026-09-02T05:00:00Z,active,True
2026-09-01T01:10:19.648033+00:00,KXHIGHNY-26SEP01-T83,NO,bid,0.11,100.0,18,1170.46,no_dollars,KXHIGHNY-26SEP01,2026-09-02T05:00:00Z,active,True
2026-09-01T01:10:19.648033+00:00,KXHIGHNY-26SEP01-T83,NO,bid,0.1,25.02,19,1195.48,no_dollars,KXHIGHNY-26SEP01,2026-09-02T05:00:00Z,active,True
2026-09-01T01:10:19.648033+00:00,KXHIGHNY-26SEP01-T83,NO,bid,0.09,25.0,20,1220.48,no_dollars,KXHIGHNY-26SEP01,2026-09-02T05:00:00Z,active,True
2026-09-01T01:10:19.648033+00:00,KXHIGHNY-26SEP01-T83,YES,ask,0.67,2.0,1,2.0,no_dollars,KXHIGHNY-26SEP01,2026-09-02T05:00:00Z,active,True
2026-09-01T01:10:19.648033+00:00,KXHIGHNY-26SEP01-T83,YES,ask,0.69,66.0,2,68.0,no_dollars,KXHIGHNY-26SEP01,2026-09-02T05:00:00Z,active,True
2026-09-01T01:10:19.648033+00:00,KXHIGHNY-26SEP01-T83,YES,ask,0.7,133.0,3,201.0,no_dollars,KXHIGHNY-26SEP01,2026-09-02T05:00:00Z,active,True
2026-09-01T01:10:19.648033+00:00,KXHIGHNY-26SEP01-T83,YES,ask,0.71,29.0,4,230.0,no_dollars,KXHIGHNY-26SEP01,2026-09-02T05:00:00Z,active,True
2026-09-01T01:10:19.648033+00:00,KXHIGHNY-26SEP01-T83,YES,ask,0.72,42.0,5,272.0,no_dollars,KXHIGHNY-26SEP01,2026-09-02T05:00:00Z,active,True
2026-09-01T01:10:19.648033+00:00,KXHIGHNY-26SEP01-T83,YES,ask,0.73,21.0,6,293.0,no_dollars,KXHIGHNY-26SEP01,2026-09-02T05:00:00Z,active,True
2026-09-01T01:10:19.648033+00:00,KXHIGHNY-26SEP01-T83,YES,ask,0.74,145.0,7,438.0,no_dollars,KXHIGHNY-26SEP01,2026-09-02T05:00:00Z,active,True
2026-09-01T01:10:19.648033+00:00,KXHIGHNY-26SEP01-T83,YES,ask,0.75,160.39,8,598.39,no_dollars,KXHIGHNY-26SEP01,2026-09-02T05:00:00Z,active,True
2026-09-01T01:10:19.648033+00:00,KXHIGHNY-26SEP01-T83,YES,ask,0.76,19.01,9,617.4,no_dollars,KXHIGHNY-26SEP01,2026-09-02T05:00:00Z,active,True
2026-09-01T01:10:19.648033+00:00,KXHIGHNY-26SEP01-T83,YES,ask,0.77,18.0,10,635.4,no_dollars,KXHIGHNY-26SEP01,2026-09-02T05:00:00Z,active,True
2026-09-01T01:10:19.648033+00:00,KXHIGHNY-26SEP01-T83,YES,ask,0.78,19.02,11,654.42,no_dollars,KXHIGHNY-26SEP01,2026-09-02T05:00:00Z,active,True
2026-09-01T01:10:19.648033+00:00,KXHIGHNY-26SEP01-T83,YES,ask,0.8,25.0,12,679.42,no_dollars,KXHIGHNY-26SEP01,2026-09-02T05:00:00Z,active,True
2026-09-01T01:10:19.648033+00:00,KXHIGHNY-26SEP01-T83,YES,ask,0.82,116.02,13,795.4399999999999,no_dollars,KXHIGHNY-26SEP01,2026-09-02T05:00:00Z,active,True
2026-09-01T01:10:19.648033+00:00,KXHIGHNY-26SEP01-T83,YES,ask,0.83,10.0,14,805.4399999999999,no_dollars,KXHIGHNY-26SEP01,2026-09-02T05:00:00Z,active,True
2026-09-01T01:10:19.648033+00:00,KXHIGHNY-26SEP01-T83,YES,ask,0.85,55.0,15,860.4399999999999,no_dollars,KXHIGHNY-26SEP01,2026-09-02T05:00:00Z,active,True
2026-09-01T01:10:19.648033+00:00,KXHIGHNY-26SEP01-T83,YES,ask,0.86,0.02,16,860.4599999999999,no_dollars,KXHIGHNY-26SEP01,2026-09-02T05:00:00Z,active,True
2026-09-01T01:10:19.648033+00:00,KXHIGHNY-26SEP01-T83,YES,ask,0.88,210.0,17,1070.46,no_dollars,KXHIGHNY-26SEP01,2026-09-02T05:00:00Z,active,True
2026-09-01T01:10:19.648033+00:00,KXHIGHNY-26SEP01-T83,YES,ask,0.89,100.0,18,1170.46,no_dollars,KXHIGHNY-26SEP01,2026-09-02T05:00:00Z,active,True
2026-09-01T01:10:19.648033+00:00,KXHIGHNY-26SEP01-T83,YES,ask,0.9,25.02,19,1195.48,no_dollars,KXHIGHNY-26SEP01,2026-09-02T05:00:00Z,active,True
2026-09-01T01:10:19.648033+00:00,KXHIGHNY-26SEP01-T83,YES,ask,0.91,25.0,20,1220.48,no_dollars,KXHIGHNY-26SEP01,2026-09-02T05:00:00Z,active,True
2026-09-01T01:10:19.648033+00:00,KXHIGHNY-26SEP01-B89.5,NO,bid,0.99,82.0,1,82.0,no_dollars,KXHIGHNY-26SEP01,2026-09-02T05:00:00Z,active,True
2026-09-01T01:10:19.648033+00:00,KXHIGHNY-26SEP01-B89.5,NO,bid,0.98,154.0,2,236.0,no_dollars,KXHIGHNY-26SEP01,2026-09-02T05:00:00Z,active,True
2026-09-01T01:10:19.648033+00:00,KXHIGHNY-26SEP01-B89.5,NO,bid,0.97,606.0,3,842.0,no_dollars,KXHIGHNY-26SEP01,2026-09-02T05:00:00Z,active,True
2026-09-01T01:10:19.648033+00:00,KXHIGHNY-26SEP01-B89.5,NO,bid,0.96,120.0,4,962.0,no_dollars,KXHIGHNY-26SEP01,2026-09-02T05:00:00Z,active,True
2026-09-01T01:10:19.648033+00:00,KXHIGHNY-26SEP01-B89.5,NO,bid,0.95,78.0,5,1040.0,no_dollars,KXHIGHNY-26SEP01,2026-09-02T05:00:00Z,active,True
2026-09-01T01:10:19.648033+00:00,KXHIGHNY-26SEP01-B89.5,NO,bid,0.94,50.0,6,1090.0,no_dollars,KXHIGHNY-26SEP01,2026-09-02T05:00:00Z,active,True
2026-09-01T01:10:19.648033+00:00,KXHIGHNY-26SEP01-B89.5,NO,bid,0.93,16.0,7,1106.0,no_dollars,KXHIGHNY-26SEP01,2026-09-02T05:00:00Z,active,True
2026-09-01T01:10:19.648033+00:00,KXHIGHNY-26SEP01-B89.5,NO,bid,0.92,11.0,8,1117.0,no_dollars,KXHIGHNY-26SEP01,2026-09-02T05:00:00Z,active,True
2026-09-01T01:10:19.648033+00:00,KXHIGHNY-26SEP01-B89.5,NO,bid,0.91,11.0,9,1128.0,no_dollars,KXHIGHNY-26SEP01,2026-09-02T05:00:00Z,active,True
2026-09-01T01:10:19.648033+00:00,KXHIGHNY-26SEP01-B89.5,NO,bid,0.9,13.0,10,1141.0,no_dollars,KXHIGHNY-26SEP01,2026-09-02T05:00:00Z,active,True
2026-09-01T01:10:19.648033+00:00,KXHIGHNY-26SEP01-B89.5,NO,bid,0.87,1.01,11,1142.01,no_dollars,KXHIGHNY-26SEP01,2026-09-02T05:00:00Z,active,True
2026-09-01T01:10:19.648033+00:00,KXHIGHNY-26SEP01-B89.5,NO,bid,0.86,350.01,12,1492.02,no_dollars,KXHIGHNY-26SEP01,2026-09-02T05:00:00Z,active,True
2026-09-01T01:10:19.648033+00:00,KXHIGHNY-26SEP01-B89.5,NO,bid,0.85,465.01,13,1957.03,no_dollars,KXHIGHNY-26SEP01,2026-09-02T05:00:00Z,active,True
2026-09-01T01:10:19.648033+00:00,KXHIGHNY-26SEP01-B89.5,NO,bid,0.84,53.0,14,2010.03,no_dollars,KXHIGHNY-26SEP01,2026-09-02T05:00:00Z,active,True
2026-09-01T01:10:19.648033+00:00,KXHIGHNY-26SEP01-B89.5,NO,bid,0.83,54.01,15,2064.04,no_dollars,KXHIGHNY-26SEP01,2026-09-02T05:00:00Z,active,True
2026-09-01T01:10:19.648033+00:00,KXHIGHNY-26SEP01-B89.5,NO,bid,0.82,16.02,16,2080.06,no_dollars,KXHIGHNY-26SEP01,2026-09-02T05:00:00Z,active,True
2026-09-01T01:10:19.648033+00:00,KXHIGHNY-26SEP01-B89.5,NO,bid,0.81,38.0,17,2118.06,no_dollars,KXHIGHNY-26SEP01,2026-09-02T05:00:00Z,active,True
2026-09-01T01:10:19.648033+00:00,KXHIGHNY-26SEP01-B89.5,NO,bid,0.8,37.0,18,2155.06,no_dollars,KXHIGHNY-26SEP01,2026-09-02T05:00:00Z,active,True
2026-09-01T01:10:19.648033+00:00,KXHIGHNY-26SEP01-B89.5,NO,bid,0.79,0.02,19,2155.08,no_dollars,KXHIGHNY-26SEP01,2026-09-02T05:00:00Z,active,True
2026-09-01T01:10:19.648033+00:00,KXHIGHNY-26SEP01-B89.5,NO,bid,0.77,37.01,20,2192.09,no_dollars,KXHIGHNY-26SEP01,2026-09-02T05:00:00Z,active,True
2026-09-01T01:10:19.648033+00:00,KXHIGHNY-26SEP01-B89.5,YES,ask,0.01,82.0,1,82.0,no_dollars,KXHIGHNY-26SEP01,2026-09-02T05:00:00Z,active,True
2026-09-01T01:10:19.648033+00:00,KXHIGHNY-26SEP01-B89.5,YES,ask,0.02,154.0,2,236.0,no_dollars,KXHIGHNY-26SEP01,2026-09-02T05:00:00Z,active,True
2026-09-01T01:10:19.648033+00:00,KXHIGHNY-26SEP01-B89.5,YES,ask,0.03,606.0,3,842.0,no_dollars,KXHIGHNY-26SEP01,2026-09-02T05:00:00Z,active,True
2026-09-01T01:10:19.648033+00:00,KXHIGHNY-26SEP01-B89.5,YES,ask,0.04,120.0,4,962.0,no_dollars,KXHIGHNY-26SEP01,2026-09-02T05:00:00Z,active,True
2026-09-01T01:10:19.648033+00:00,KXHIGHNY-26SEP01-B89.5,YES,ask,0.05,78.0,5,1040.0,no_dollars,KXHIGHNY-26SEP01,2026-09-02T05:00:00Z,active,True
2026-09-01T01:10:19.648033+00:00,KXHIGHNY-26SEP01-B89.5,YES,ask,0.06,50.0,6,1090.0,no_dollars,KXHIGHNY-26SEP01,2026-09-02T05:00:00Z,active,True
2026-09-01T01:10:19.648033+00:00,KXHIGHNY-26SEP01-B89.5,YES,ask,0.07,16.0,7,1106.0,no_dollars,KXHIGHNY-26SEP01,2026-09-02T05:00:00Z,active,True
2026-09-01T01:10:19.648033+00:00,KXHIGHNY-26SEP01-B89.5,YES,ask,0.08,11.0,8,1117.0,no_dollars,KXHIGHNY-26SEP01,2026-09-02T05:00:00Z,active,True
2026-09-01T01:10:19.648033+00:00,KXHIGHNY-26SEP01-B89.5,YES,ask,0.09,11.0,9,1128.0,no_dollars,KXHIGHNY-26SEP01,2026-09-02T05:00:00Z,active,True
2026-09-01T01:10:19.648033+00:00,KXHIGHNY-26SEP01-B89.5,YES,ask,0.1,13.0,10,1141.0,no_dollars,KXHIGHNY-26SEP01,2026-09-02T05:00:00Z,active,True
2026-09-01T01:10:19.648033+00:00,KXHIGHNY-26SEP01-B89.5,YES,ask,0.13,1.01,11,1142.01,no_dollars,KXHIGHNY-26SEP01,2026-09-02T05:00:00Z,active,True
2026-09-01T01:10:19.648033+00:00,KXHIGHNY-26SEP01-B89.5,YES,ask,0.14,350.01,12,1492.02,no_dollars,KXHIGHNY-26SEP01,2026-09-02T05:00:00Z,active,True
2026-09-01T01:10:19.648033+00:00,KXHIGHNY-26SEP01-B89.5,YES,ask,0.15,465.01,13,1957.03,no_dollars,KXHIGHNY-26SEP01,2026-09-02T05:00:00Z,active,True
2026-09-01T01:10:19.648033+00:00,KXHIGHNY-26SEP01-B89.5,YES,ask,0.16,53.0,14,2010.03,no_dollars,KXHIGHNY-26SEP01,2026-09-02T05:00:00Z,active,True
2026-09-01T01:10:19.648033+00:00,KXHIGHNY-26SEP01-B89.5,YES,ask,0.17,54.01,15,2064.04,no_dollars,KXHIGHNY-26SEP01,2026-09-02T05:00:00Z,active,True
2026-09-01T01:10:19.648033+00:00,KXHIGHNY-26SEP01-B89.5,YES,ask,0.18,16.02,16,2080.06,no_dollars,KXHIGHNY-26SEP01,2026-09-02T05:00:00Z,active,True
2026-09-01T01:10:19.648033+00:00,KXHIGHNY-26SEP01-B89.5,YES,ask,0.19,38.0,17,2118.06,no_dollars,KXHIGHNY-26SEP01,2026-09-02T05:00:00Z,active,True
2026-09-01T01:10:19.648033+00:00,KXHIGHNY-26SEP01-B89.5,YES,ask,0.2,37.0,18,2155.06,no_dollars,KXHIGHNY-26SEP01,2026-09-02T05:00:00Z,active,True
2026-09-01T01:10:19.648033+00:00,KXHIGHNY-26SEP01-B89.5,YES,ask,0.21,0.02,19,2155.08,no_dollars,KXHIGHNY-26SEP01,2026-09-02T05:00:00Z,active,True
2026-09-01T01:10:19.648033+00:00,KXHIGHNY-26SEP01-B89.5,YES,ask,0.23,37.01,20,2192.09,no_dollars,KXHIGHNY-26SEP01,2026-09-02T05:00:00Z,active,True
2026-09-01T01:10:19.648033+00:00,KXHIGHNY-26SEP01-B87.5,YES,bid,0.01,863.0,1,863.0,yes_dollars,KXHIGHNY-26SEP01,2026-09-02T05:00:00Z,active,True
2026-09-01T01:10:19.648033+00:00,KXHIGHNY-26SEP01-B87.5,NO,ask,0.99,863.0,1,863.0,yes_dollars,KXHIGHNY-26SEP01,2026-09-02T05:00:00Z,active,True
2026-09-01T01:10:19.648033+00:00,KXHIGHNY-26SEP01-B87.5,NO,bid,0.98,109.0,1,109.0,no_dollars,KXHIGHNY-26SEP01,2026-09-02T05:00:00Z,active,True
2026-09-01T01:10:19.648033+00:00,KXHIGHNY-26SEP01-B87.5,NO,bid,0.97,85.0,2,194.0,no_dollars,KXHIGHNY-26SEP01,2026-09-02T05:00:00Z,active,True
2026-09-01T01:10:19.648033+00:00,KXHIGHNY-26SEP01-B87.5,NO,bid,0.96,140.0,3,334.0,no_dollars,KXHIGHNY-26SEP01,2026-09-02T05:00:00Z,active,True
2026-09-01T01:10:19.648033+00:00,KXHIGHNY-26SEP01-B87.5,NO,bid,0.95,2.0,4,336.0,no_dollars,KXHIGHNY-26SEP01,2026-09-02T05:00:00Z,active,True
2026-09-01T01:10:19.648033+00:00,KXHIGHNY-26SEP01-B87.5,NO,bid,0.94,40.0,5,376.0,no_dollars,KXHIGHNY-26SEP01,2026-09-02T05:00:00Z,active,True
2026-09-01T01:10:19.648033+00:00,KXHIGHNY-26SEP01-B87.5,NO,bid,0.93,2.0,6,378.0,no_dollars,KXHIGHNY-26SEP01,2026-09-02T05:00:00Z,active,True
2026-09-01T01:10:19.648033+00:00,KXHIGHNY-26SEP01-B87.5,NO,bid,0.92,11.0,7,389.0,no_dollars,KXHIGHNY-26SEP01,2026-09-02T05:00:00Z,active,True
2026-09-01T01:10:19.648033+00:00,KXHIGHNY-26SEP01-B87.5,NO,bid,0.91,10.0,8,399.0,no_dollars,KXHIGHNY-26SEP01,2026-09-02T05:00:00Z,active,True
2026-09-01T01:10:19.648033+00:00,KXHIGHNY-26SEP01-B87.5,NO,bid,0.9,10.0,9,409.0,no_dollars,KXHIGHNY-26SEP01,2026-09-02T05:00:00Z,active,True
2026-09-01T01:10:19.648033+00:00,KXHIGHNY-26SEP01-B87.5,NO,bid,0.89,1.0,10,410.0,no_dollars,KXHIGHNY-26SEP01,2026-09-02T05:00:00Z,active,True
2026-09-01T01:10:19.648033+00:00,KXHIGHNY-26SEP01-B87.5,NO,bid,0.88,3.0,11,413.0,no_dollars,KXHIGHNY-26SEP01,2026-09-02T05:00:00Z,active,True
2026-09-01T01:10:19.648033+00:00,KXHIGHNY-26SEP01-B87.5,NO,bid,0.85,40.0,12,453.0,no_dollars,KXHIGHNY-26SEP01,2026-09-02T05:00:00Z,active,True
2026-09-01T01:10:19.648033+00:00,KXHIGHNY-26SEP01-B87.5,NO,bid,0.83,112.01,13,565.01,no_dollars,KXHIGHNY-26SEP01,2026-09-02T05:00:00Z,active,True
2026-09-01T01:10:19.648033+00:00,KXHIGHNY-26SEP01-B87.5,NO,bid,0.82,18.0,14,583.01,no_dollars,KXHIGHNY-26SEP01,2026-09-02T05:00:00Z,active,True
2026-09-01T01:10:19.648033+00:00,KXHIGHNY-26SEP01-B87.5,NO,bid,0.81,27.0,15,610.01,no_dollars,KXHIGHNY-26SEP01,2026-09-02T05:00:00Z,active,True
2026-09-01T01:10:19.648033+00:00,KXHIGHNY-26SEP01-B87.5,NO,bid,0.8,15.01,16,625.02,no_dollars,KXHIGHNY-26SEP01,2026-09-02T05:00:00Z,active,True
2026-09-01T01:10:19.648033+00:00,KXHIGHNY-26SEP01-B87.5,NO,bid,0.79,18.01,17,643.03,no_dollars,KXHIGHNY-26SEP01,2026-09-02T05:00:00Z,active,True
2026-09-01T01:10:19.648033+00:00,KXHIGHNY-26SEP01-B87.5,NO,bid,0.78,18.0,18,661.03,no_dollars,KXHIGHNY-26SEP01,2026-09-02T05:00:00Z,active,True
2026-09-01T01:10:19.648033+00:00,KXHIGHNY-26SEP01-B87.5,NO,bid,0.77,35.01,19,696.04,no_dollars,KXHIGHNY-26SEP01,2026-09-02T05:00:00Z,active,True
2026-09-01T01:10:19.648033+00:00,KXHIGHNY-26SEP01-B87.5,NO,bid,0.76,35.02,20,731.06,no_dollars,KXHIGHNY-26SEP01,2026-09-02T05:00:00Z,active,True
2026-09-01T01:10:19.648033+00:00,KXHIGHNY-26SEP01-B87.5,YES,ask,0.02,109.0,1,109.0,no_dollars,KXHIGHNY-26SEP01,2026-09-02T05:00:00Z,active,True
2026-09-01T01:10:19.648033+00:00,KXHIGHNY-26SEP01-B87.5,YES,ask,0.03,85.0,2,194.0,no_dollars,KXHIGHNY-26SEP01,2026-09-02T05:00:00Z,active,True
2026-09-01T01:10:19.648033+00:00,KXHIGHNY-26SEP01-B87.5,YES,ask,0.04,140.0,3,334.0,no_dollars,KXHIGHNY-26SEP01,2026-09-02T05:00:00Z,active,True
2026-09-01T01:10:19.648033+00:00,KXHIGHNY-26SEP01-B87.5,YES,ask,0.05,2.0,4,336.0,no_dollars,KXHIGHNY-26SEP01,2026-09-02T05:00:00Z,active,True
2026-09-01T01:10:19.648033+00:00,KXHIGHNY-26SEP01-B87.5,YES,ask,0.06,40.0,5,376.0,no_dollars,KXHIGHNY-26SEP01,2026-09-02T05:00:00Z,active,True
2026-09-01T01:10:19.648033+00:00,KXHIGHNY-26SEP01-B87.5,YES,ask,0.07,2.0,6,378.0,no_dollars,KXHIGHNY-26SEP01,2026-09-02T05:00:00Z,active,True
2026-09-01T01:10:19.648033+00:00,KXHIGHNY-26SEP01-B87.5,YES,ask,0.08,11.0,7,389.0,no_dollars,KXHIGHNY-26SEP01,2026-09-02T05:00:00Z,active,True
2026-09-01T01:10:19.648033+00:00,KXHIGHNY-26SEP01-B87.5,YES,ask,0.09,10.0,8,399.0,no_dollars,KXHIGHNY-26SEP01,2026-09-02T05:00:00Z,active,True
2026-09-01T01:10:19.648033+00:00,KXHIGHNY-26SEP01-B87.5,YES,ask,0.1,10.0,9,409.0,no_dollars,KXHIGHNY-26SEP01,2026-09-02T05:00:00Z,active,True
2026-09-01T01:10:19.648033+00:00,KXHIGHNY-26SEP01-B87.5,YES,ask,0.11,1.0,10,410.0,no_dollars,KXHIGHNY-26SEP01,2026-09-02T05:00:00Z,active,True
2026-09-01T01:10:19.648033+00:00,KXHIGHNY-26SEP01-B87.5,YES,ask,0.12,3.0,11,413.0,no_dollars,KXHIGHNY-26SEP01,2026-09-02T05:00:00Z,active,True
2026-09-01T01:10:19.648033+00:00,KXHIGHNY-26SEP01-B87.5,YES,ask,0.15,40.0,12,453.0,no_dollars,KXHIGHNY-26SEP01,2026-09-02T05:00:00Z,active,True
2026-09-01T01:10:19.648033+00:00,KXHIGHNY-26SEP01-B87.5,YES,ask,0.17,112.01,13,565.01,no_dollars,KXHIGHNY-26SEP01,2026-09-02T05:00:00Z,active,True
2026-09-01T01:10:19.648033+00:00,KXHIGHNY-26SEP01-B87.5,YES,ask,0.18,18.0,14,583.01,no_dollars,KXHIGHNY-26SEP01,2026-09-02T05:00:00Z,active,True
2026-09-01T01:10:19.648033+00:00,KXHIGHNY-26SEP01-B87.5,YES,ask,0.19,27.0,15,610.01,no_dollars,KXHIGHNY-26SEP01,2026-09-02T05:00:00Z,active,True
2026-09-01T01:10:19.648033+00:00,KXHIGHNY-26SEP01-B87.5,YES,ask,0.2,15.01,16,625.02,no_dollars,KXHIGHNY-26SEP01,2026-09-02T05:00:00Z,active,True
2026-09-01T01:10:19.648033+00:00,KXHIGHNY-26SEP01-B87.5,YES,ask,0.21,18.01,17,643.03,no_dollars,KXHIGHNY-26SEP01,2026-09-02T05:00:00Z,active,True
2026-09-01T01:10:19.648033+00:00,KXHIGHNY-26SEP01-B87.5,YES,ask,0.22,18.0,18,661.03,no_dollars,KXHIGHNY-26SEP01,2026-09-02T05:00:00Z,active,True
2026-09-01T01:10:19.648033+00:00,KXHIGHNY-26SEP01-B87.5,YES,ask,0.23,35.01,19,696.04,no_dollars,KXHIGHNY-26SEP01,2026-09-02T05:00:00Z,active,True
2026-09-01T01:10:19.648033+00:00,KXHIGHNY-26SEP01-B87.5,YES,ask,0.24,35.02,20,731.06,no_dollars,KXHIGHNY-26SEP01,2026-09-02T05:00:00Z,active,True
2026-09-01T01:10:19.648033+00:00,KXHIGHNY-26SEP01-B85.5,YES,bid,0.04,2.0,1,2.0,yes_dollars,KXHIGHNY-26SEP01,2026-09-02T05:00:00Z,active,True
2026-09-01T01:10:19.648033+00:00,KXHIGHNY-26SEP01-B85.5,YES,bid,0.03,945.02,2,947.02,yes_dollars,KXHIGHNY-26SEP01,2026-09-02T05:00:00Z,active,True
2026-09-01T01:10:19.648033+00:00,KXHIGHNY-26SEP01-B85.5,YES,bid,0.02,323.0,3,1270.02,yes_dollars,KXHIGHNY-26SEP01,2026-09-02T05:00:00Z,active,True
2026-09-01T01:10:19.648033+00:00,KXHIGHNY-26SEP01-B85.5,YES,bid,0.01,1497.0,4,2767.02,yes_dollars,KXHIGHNY-26SEP01,2026-09-02T05:00:00Z,active,True
2026-09-01T01:10:19.648033+00:00,KXHIGHNY-26SEP01-B85.5,NO,ask,0.96,2.0,1,2.0,yes_dollars,KXHIGHNY-26SEP01,2026-09-02T05:00:00Z,active,True
2026-09-01T01:10:19.648033+00:00,KXHIGHNY-26SEP01-B85.5,NO,ask,0.97,945.02,2,947.02,yes_dollars,KXHIGHNY-26SEP01,2026-09-02T05:00:00Z,active,True
2026-09-01T01:10:19.648033+00:00,KXHIGHNY-26SEP01-B85.5,NO,ask,0.98,323.0,3,1270.02,yes_dollars,KXHIGHNY-26SEP01,2026-09-02T05:00:00Z,active,True
2026-09-01T01:10:19.648033+00:00,KXHIGHNY-26SEP01-B85.5,NO,ask,0.99,1497.0,4,2767.02,yes_dollars,KXHIGHNY-26SEP01,2026-09-02T05:00:00Z,active,True
2026-09-01T01:10:19.648033+00:00,KXHIGHNY-26SEP01-B85.5,NO,bid,0.95,89.0,1,89.0,no_dollars,KXHIGHNY-26SEP01,2026-09-02T05:00:00Z,active,True
2026-09-01T01:10:19.648033+00:00,KXHIGHNY-26SEP01-B85.5,NO,bid,0.94,99.0,2,188.0,no_dollars,KXHIGHNY-26SEP01,2026-09-02T05:00:00Z,active,True
2026-09-01T01:10:19.648033+00:00,KXHIGHNY-26SEP01-B85.5,NO,bid,0.93,370.0,3,558.0,no_dollars,KXHIGHNY-26SEP01,2026-09-02T05:00:00Z,active,True
2026-09-01T01:10:19.648033+00:00,KXHIGHNY-26SEP01-B85.5,NO,bid,0.92,126.0,4,684.0,no_dollars,KXHIGHNY-26SEP01,2026-09-02T05:00:00Z,active,True
2026-09-01T01:10:19.648033+00:00,KXHIGHNY-26SEP01-B85.5,NO,bid,0.91,25.0,5,709.0,no_dollars,KXHIGHNY-26SEP01,2026-09-02T05:00:00Z,active,True
2026-09-01T01:10:19.648033+00:00,KXHIGHNY-26SEP01-B85.5,NO,bid,0.9,4.0,6,713.0,no_dollars,KXHIGHNY-26SEP01,2026-09-02T05:00:00Z,active,True
2026-09-01T01:10:19.648033+00:00,KXHIGHNY-26SEP01-B85.5,NO,bid,0.89,25.0,7,738.0,no_dollars,KXHIGHNY-26SEP01,2026-09-02T05:00:00Z,active,True
2026-09-01T01:10:19.648033+00:00,KXHIGHNY-26SEP01-B85.5,NO,bid,0.88,23.0,8,761.0,no_dollars,KXHIGHNY-26SEP01,2026-09-02T05:00:00Z,active,True
2026-09-01T01:10:19.648033+00:00,KXHIGHNY-26SEP01-B85.5,NO,bid,0.87,20.0,9,781.0,no_dollars,KXHIGHNY-26SEP01,2026-09-02T05:00:00Z,active,True
2026-09-01T01:10:19.648033+00:00,KXHIGHNY-26SEP01-B85.5,NO,bid,0.86,233.0,10,1014.0,no_dollars,KXHIGHNY-26SEP01,2026-09-02T05:00:00Z,active,True
2026-09-01T01:10:19.648033+00:00,KXHIGHNY-26SEP01-B85.5,NO,bid,0.85,25.0,11,1039.0,no_dollars,KXHIGHNY-26SEP01,2026-09-02T05:00:00Z,active,True
2026-09-01T01:10:19.648033+00:00,KXHIGHNY-26SEP01-B85.5,NO,bid,0.84,31.0,12,1070.0,no_dollars,KXHIGHNY-26SEP01,2026-09-02T05:00:00Z,active,True
2026-09-01T01:10:19.648033+00:00,KXHIGHNY-26SEP01-B85.5,NO,bid,0.82,3.0,13,1073.0,no_dollars,KXHIGHNY-26SEP01,2026-09-02T05:00:00Z,active,True
2026-09-01T01:10:19.648033+00:00,KXHIGHNY-26SEP01-B85.5,NO,bid,0.8,25.0,14,1098.0,no_dollars,KXHIGHNY-26SEP01,2026-09-02T05:00:00Z,active,True
2026-09-01T01:10:19.648033+00:00,KXHIGHNY-26SEP01-B85.5,NO,bid,0.78,437.0,15,1535.0,no_dollars,KXHIGHNY-26SEP01,2026-09-02T05:00:00Z,active,True
2026-09-01T01:10:19.648033+00:00,KXHIGHNY-26SEP01-B85.5,NO,bid,0.77,200.0,16,1735.0,no_dollars,KXHIGHNY-26SEP01,2026-09-02T05:00:00Z,active,True
2026-09-01T01:10:19.648033+00:00,KXHIGHNY-26SEP01-B85.5,NO,bid,0.76,20.0,17,1755.0,no_dollars,KXHIGHNY-26SEP01,2026-09-02T05:00:00Z,active,True
2026-09-01T01:10:19.648033+00:00,KXHIGHNY-26SEP01-B85.5,NO,bid,0.75,45.0,18,1800.0,no_dollars,KXHIGHNY-26SEP01,2026-09-02T05:00:00Z,active,True
2026-09-01T01:10:19.648033+00:00,KXHIGHNY-26SEP01-B85.5,NO,bid,0.74,18.0,19,1818.0,no_dollars,KXHIGHNY-26SEP01,2026-09-02T05:00:00Z,active,True
2026-09-01T01:10:19.648033+00:00,KXHIGHNY-26SEP01-B85.5,NO,bid,0.73,16.0,20,1834.0,no_dollars,KXHIGHNY-26SEP01,2026-09-02T05:00:00Z,active,True
2026-09-01T01:10:19.648033+00:00,KXHIGHNY-26SEP01-B85.5,YES,ask,0.05,89.0,1,89.0,no_dollars,KXHIGHNY-26SEP01,2026-09-02T05:00:00Z,active,True
2026-09-01T01:10:19.648033+00:00,KXHIGHNY-26SEP01-B85.5,YES,ask,0.06,99.0,2,188.0,no_dollars,KXHIGHNY-26SEP01,2026-09-02T05:00:00Z,active,True
2026-09-01T01:10:19.648033+00:00,KXHIGHNY-26SEP01-B85.5,YES,ask,0.07,370.0,3,558.0,no_dollars,KXHIGHNY-26SEP01,2026-09-02T05:00:00Z,active,True
2026-09-01T01:10:19.648033+00:00,KXHIGHNY-26SEP01-B85.5,YES,ask,0.08,126.0,4,684.0,no_dollars,KXHIGHNY-26SEP01,2026-09-02T05:00:00Z,active,True
2026-09-01T01:10:19.648033+00:00,KXHIGHNY-26SEP01-B85.5,YES,ask,0.09,25.0,5,709.0,no_dollars,KXHIGHNY-26SEP01,2026-09-02T05:00:00Z,active,True
2026-09-01T01:10:19.648033+00:00,KXHIGHNY-26SEP01-B85.5,YES,ask,0.1,4.0,6,713.0,no_dollars,KXHIGHNY-26SEP01,2026-09-02T05:00:00Z,active,True
2026-09-01T01:10:19.648033+00:00,KXHIGHNY-26SEP01-B85.5,YES,ask,0.11,25.0,7,738.0,no_dollars,KXHIGHNY-26SEP01,2026-09-02T05:00:00Z,active,True
2026-09-01T01:10:19.648033+00:00,KXHIGHNY-26SEP01-B85.5,YES,ask,0.12,23.0,8,761.0,no_dollars,KXHIGHNY-26SEP01,2026-09-02T05:00:00Z,active,True
2026-09-01T01:10:19.648033+00:00,KXHIGHNY-26SEP01-B85.5,YES,ask,0.13,20.0,9,781.0,no_dollars,KXHIGHNY-26SEP01,2026-09-02T05:00:00Z,active,True
2026-09-01T01:10:19.648033+00:00,KXHIGHNY-26SEP01-B85.5,YES,ask,0.14,233.0,10,1014.0,no_dollars,KXHIGHNY-26SEP01,2026-09-02T05:00:00Z,active,True
2026-09-01T01:10:19.648033+00:00,KXHIGHNY-26SEP01-B85.5,YES,ask,0.15,25.0,11,1039.0,no_dollars,KXHIGHNY-26SEP01,2026-09-02T05:00:00Z,active,True
2026-09-01T01:10:19.648033+00:00,KXHIGHNY-26SEP01-B85.5,YES,ask,0.16,31.0,12,1070.0,no_dollars,KXHIGHNY-26SEP01,2026-09-02T05:00:00Z,active,True
2026-09-01T01:10:19.648033+00:00,KXHIGHNY-26SEP01-B85.5,YES,ask,0.18,3.0,13,1073.0,no_dollars,KXHIGHNY-26SEP01,2026-09-02T05:00:00Z,active,True
2026-09-01T01:10:19.648033+00:00,KXHIGHNY-26SEP01-B85.5,YES,ask,0.2,25.0,14,1098.0,no_dollars,KXHIGHNY-26SEP01,2026-09-02T05:00:00Z,active,True
2026-09-01T01:10:19.648033+00:00,KXHIGHNY-26SEP01-B85.5,YES,ask,0.22,437.0,15,1535.0,no_dollars,KXHIGHNY-26SEP01,2026-09-02T05:00:00Z,active,True
2026-09-01T01:10:19.648033+00:00,KXHIGHNY-26SEP01-B85.5,YES,ask,0.23,200.0,16,1735.0,no_dollars,KXHIGHNY-26SEP01,2026-09-02T05:00:00Z,active,True
2026-09-01T01:10:19.648033+00:00,KXHIGHNY-26SEP01-B85.5,YES,ask,0.24,20.0,17,1755.0,no_dollars,KXHIGHNY-26SEP01,2026-09-02T05:00:00Z,active,True
2026-09-01T01:10:19.648033+00:00,KXHIGHNY-26SEP01-B85.5,YES,ask,0.25,45.0,18,1800.0,no_dollars,KXHIGHNY-26SEP01,2026-09-02T05:00:00Z,active,True
2026-09-01T01:10:19.648033+00:00,KXHIGHNY-26SEP01-B85.5,YES,ask,0.26,18.0,19,1818.0,no_dollars,KXHIGHNY-26SEP01,2026-09-02T05:00:00Z,active,True
2026-09-01T01:10:19.648033+00:00,KXHIGHNY-26SEP01-B85.5,YES,ask,0.27,16.0,20,1834.0,no_dollars,KXHIGHNY-26SEP01,2026-09-02T05:00:00Z,active,True
2026-09-01T01:10:19.648033+00:00,KXHIGHNY-26SEP01-B83.5,YES,bid,0.25,81.0,1,81.0,yes_dollars,KXHIGHNY-26SEP01,2026-09-02T05:00:00Z,active,True
2026-09-01T01:10:19.648033+00:00,KXHIGHNY-26SEP01-B83.5,YES,bid,0.24,38.47,2,119.47,yes_dollars,KXHIGHNY-26SEP01,2026-09-02T05:00:00Z,active,True
2026-09-01T01:10:19.648033+00:00,KXHIGHNY-26SEP01-B83.5,YES,bid,0.23,81.0,3,200.47,yes_dollars,KXHIGHNY-26SEP01,2026-09-02T05:00:00Z,active,True
2026-09-01T01:10:19.648033+00:00,KXHIGHNY-26SEP01-B83.5,YES,bid,0.22,27.0,4,227.47,yes_dollars,KXHIGHNY-26SEP01,2026-09-02T05:00:00Z,active,True
2026-09-01T01:10:19.648033+00:00,KXHIGHNY-26SEP01-B83.5,YES,bid,0.21,7.0,5,234.47,yes_dollars,KXHIGHNY-26SEP01,2026-09-02T05:00:00Z,active,True
2026-09-01T01:10:19.648033+00:00,KXHIGHNY-26SEP01-B83.5,YES,bid,0.2,56.01,6,290.48,yes_dollars,KXHIGHNY-26SEP01,2026-09-02T05:00:00Z,active,True
2026-09-01T01:10:19.648033+00:00,KXHIGHNY-26SEP01-B83.5,YES,bid,0.19,1.0,7,291.48,yes_dollars,KXHIGHNY-26SEP01,2026-09-02T05:00:00Z,active,True
2026-09-01T01:10:19.648033+00:00,KXHIGHNY-26SEP01-B83.5,YES,bid,0.18,40.0,8,331.48,yes_dollars,KXHIGHNY-26SEP01,2026-09-02T05:00:00Z,active,True
2026-09-01T01:10:19.648033+00:00,KXHIGHNY-26SEP01-B83.5,YES,bid,0.17,350.0,9,681.48,yes_dollars,KXHIGHNY-26SEP01,2026-09-02T05:00:00Z,active,True
2026-09-01T01:10:19.648033+00:00,KXHIGHNY-26SEP01-B83.5,YES,bid,0.16,98.01,10,779.49,yes_dollars,KXHIGHNY-26SEP01,2026-09-02T05:00:00Z,active,True
2026-09-01T01:10:19.648033+00:00,KXHIGHNY-26SEP01-B83.5,YES,bid,0.15,93.01,11,872.5,yes_dollars,KXHIGHNY-26SEP01,2026-09-02T05:00:00Z,active,True
2026-09-01T01:10:19.648033+00:00,KXHIGHNY-26SEP01-B83.5,YES,bid,0.14,27.0,12,899.5,yes_dollars,KXHIGHNY-26SEP01,2026-09-02T05:00:00Z,active,True
2026-09-01T01:10:19.648033+00:00,KXHIGHNY-26SEP01-B83.5,YES,bid,0.13,1.01,13,900.51,yes_dollars,KXHIGHNY-26SEP01,2026-09-02T05:00:00Z,active,True
2026-09-01T01:10:19.648033+00:00,KXHIGHNY-26SEP01-B83.5,YES,bid,0.12,88.02,14,988.53,yes_dollars,KXHIGHNY-26SEP01,2026-09-02T05:00:00Z,active,True
2026-09-01T01:10:19.648033+00:00,KXHIGHNY-26SEP01-B83.5,YES,bid,0.11,696.0,15,1684.53,yes_dollars,KXHIGHNY-26SEP01,2026-09-02T05:00:00Z,active,True
2026-09-01T01:10:19.648033+00:00,KXHIGHNY-26SEP01-B83.5,YES,bid,0.1,245.0,16,1929.53,yes_dollars,KXHIGHNY-26SEP01,2026-09-02T05:00:00Z,active,True
2026-09-01T01:10:19.648033+00:00,KXHIGHNY-26SEP01-B83.5,YES,bid,0.09,0.02,17,1929.55,yes_dollars,KXHIGHNY-26SEP01,2026-09-02T05:00:00Z,active,True
2026-09-01T01:10:19.648033+00:00,KXHIGHNY-26SEP01-B83.5,YES,bid,0.08,69.0,18,1998.55,yes_dollars,KXHIGHNY-26SEP01,2026-09-02T05:00:00Z,active,True
2026-09-01T01:10:19.648033+00:00,KXHIGHNY-26SEP01-B83.5,YES,bid,0.07,14.01,19,2012.56,yes_dollars,KXHIGHNY-26SEP01,2026-09-02T05:00:00Z,active,True
2026-09-01T01:10:19.648033+00:00,KXHIGHNY-26SEP01-B83.5,YES,bid,0.06,51.0,20,2063.56,yes_dollars,KXHIGHNY-26SEP01,2026-09-02T05:00:00Z,active,True
2026-09-01T01:10:19.648033+00:00,KXHIGHNY-26SEP01-B83.5,NO,ask,0.75,81.0,1,81.0,yes_dollars,KXHIGHNY-26SEP01,2026-09-02T05:00:00Z,active,True
2026-09-01T01:10:19.648033+00:00,KXHIGHNY-26SEP01-B83.5,NO,ask,0.76,38.47,2,119.47,yes_dollars,KXHIGHNY-26SEP01,2026-09-02T05:00:00Z,active,True
2026-09-01T01:10:19.648033+00:00,KXHIGHNY-26SEP01-B83.5,NO,ask,0.77,81.0,3,200.47,yes_dollars,KXHIGHNY-26SEP01,2026-09-02T05:00:00Z,active,True
2026-09-01T01:10:19.648033+00:00,KXHIGHNY-26SEP01-B83.5,NO,ask,0.78,27.0,4,227.47,yes_dollars,KXHIGHNY-26SEP01,2026-09-02T05:00:00Z,active,True
2026-09-01T01:10:19.648033+00:00,KXHIGHNY-26SEP01-B83.5,NO,ask,0.79,7.0,5,234.47,yes_dollars,KXHIGHNY-26SEP01,2026-09-02T05:00:00Z,active,True
2026-09-01T01:10:19.648033+00:00,KXHIGHNY-26SEP01-B83.5,NO,ask,0.8,56.01,6,290.48,yes_dollars,KXHIGHNY-26SEP01,2026-09-02T05:00:00Z,active,True
2026-09-01T01:10:19.648033+00:00,KXHIGHNY-26SEP01-B83.5,NO,ask,0.81,1.0,7,291.48,yes_dollars,KXHIGHNY-26SEP01,2026-09-02T05:00:00Z,active,True
2026-09-01T01:10:19.648033+00:00,KXHIGHNY-26SEP01-B83.5,NO,ask,0.82,40.0,8,331.48,yes_dollars,KXHIGHNY-26SEP01,2026-09-02T05:00:00Z,active,True
2026-09-01T01:10:19.648033+00:00,KXHIGHNY-26SEP01-B83.5,NO,ask,0.83,350.0,9,681.48,yes_dollars,KXHIGHNY-26SEP01,2026-09-02T05:00:00Z,active,True
2026-09-01T01:10:19.648033+00:00,KXHIGHNY-26SEP01-B83.5,NO,ask,0.84,98.01,10,779.49,yes_dollars,KXHIGHNY-26SEP01,2026-09-02T05:00:00Z,active,True
2026-09-01T01:10:19.648033+00:00,KXHIGHNY-26SEP01-B83.5,NO,ask,0.85,93.01,11,872.5,yes_dollars,KXHIGHNY-26SEP01,2026-09-02T05:00:00Z,active,True
2026-09-01T01:10:19.648033+00:00,KXHIGHNY-26SEP01-B83.5,NO,ask,0.86,27.0,12,899.5,yes_dollars,KXHIGHNY-26SEP01,2026-09-02T05:00:00Z,active,True
2026-09-01T01:10:19.648033+00:00,KXHIGHNY-26SEP01-B83.5,NO,ask,0.87,1.01,13,900.51,yes_dollars,KXHIGHNY-26SEP01,2026-09-02T05:00:00Z,active,True
2026-09-01T01:10:19.648033+00:00,KXHIGHNY-26SEP01-B83.5,NO,ask,0.88,88.02,14,988.53,yes_dollars,KXHIGHNY-26SEP01,2026-09-02T05:00:00Z,active,True
2026-09-01T01:10:19.648033+00:00,KXHIGHNY-26SEP01-B83.5,NO,ask,0.89,696.0,15,1684.53,yes_dollars,KXHIGHNY-26SEP01,2026-09-02T05:00:00Z,active,True
2026-09-01T01:10:19.648033+00:00,KXHIGHNY-26SEP01-B83.5,NO,ask,0.9,245.0,16,1929.53,yes_dollars,KXHIGHNY-26SEP01,2026-09-02T05:00:00Z,active,True
2026-09-01T01:10:19.648033+00:00,KXHIGHNY-26SEP01-B83.5,NO,ask,0.91,0.02,17,1929.55,yes_dollars,KXHIGHNY-26SEP01,2026-09-02T05:00:00Z,active,True
2026-09-01T01:10:19.648033+00:00,KXHIGHNY-26SEP01-B83.5,NO,ask,0.92,69.0,18,1998.55,yes_dollars,KXHIGHNY-26SEP01,2026-09-02T05:00:00Z,active,True
2026-09-01T01:10:19.648033+00:00,KXHIGHNY-26SEP01-B83.5,NO,ask,0.93,14.01,19,2012.56,yes_dollars,KXHIGHNY-26SEP01,2026-09-02T05:00:00Z,active,True
2026-09-01T01:10:19.648033+00:00,KXHIGHNY-26SEP01-B83.5,NO,ask,0.94,51.0,20,2063.56,yes_dollars,KXHIGHNY-26SEP01,2026-09-02T05:00:00Z,active,True
2026-09-01T01:10:19.648033+00:00,KXHIGHNY-26SEP01-B83.5,NO,bid,0.74,57.98,1,57.98,no_dollars,KXHIGHNY-26SEP01,2026-09-02T05:00:00Z,active,True
2026-09-01T01:10:19.648033+00:00,KXHIGHNY-26SEP01-B83.5,NO,bid,0.72,54.0,2,111.97999999999999,no_dollars,KXHIGHNY-26SEP01,2026-09-02T05:00:00Z,active,True
2026-09-01T01:10:19.648033+00:00,KXHIGHNY-26SEP01-B83.5,NO,bid,0.71,33.0,3,144.98,no_dollars,KXHIGHNY-26SEP01,2026-09-02T05:00:00Z,active,True
2026-09-01T01:10:19.648033+00:00,KXHIGHNY-26SEP01-B83.5,NO,bid,0.7,341.0,4,485.98,no_dollars,KXHIGHNY-26SEP01,2026-09-02T05:00:00Z,active,True
2026-09-01T01:10:19.648033+00:00,KXHIGHNY-26SEP01-B83.5,NO,bid,0.69,213.0,5,698.98,no_dollars,KXHIGHNY-26SEP01,2026-09-02T05:00:00Z,active,True
2026-09-01T01:10:19.648033+00:00,KXHIGHNY-26SEP01-B83.5,NO,bid,0.68,204.0,6,902.98,no_dollars,KXHIGHNY-26SEP01,2026-09-02T05:00:00Z,active,True
2026-09-01T01:10:19.648033+00:00,KXHIGHNY-26SEP01-B83.5,NO,bid,0.67,6.0,7,908.98,no_dollars,KXHIGHNY-26SEP01,2026-09-02T05:00:00Z,active,True
2026-09-01T01:10:19.648033+00:00,KXHIGHNY-26SEP01-B83.5,NO,bid,0.66,16.0,8,924.98,no_dollars,KXHIGHNY-26SEP01,2026-09-02T05:00:00Z,active,True
2026-09-01T01:10:19.648033+00:00,KXHIGHNY-26SEP01-B83.5,NO,bid,0.65,44.0,9,968.98,no_dollars,KXHIGHNY-26SEP01,2026-09-02T05:00:00Z,active,True
2026-09-01T01:10:19.648033+00:00,KXHIGHNY-26SEP01-B83.5,NO,bid,0.64,34.0,10,1002.98,no_dollars,KXHIGHNY-26SEP01,2026-09-02T05:00:00Z,active,True
2026-09-01T01:10:19.648033+00:00,KXHIGHNY-26SEP01-B83.5,NO,bid,0.63,217.0,11,1219.98,no_dollars,KXHIGHNY-26SEP01,2026-09-02T05:00:00Z,active,True
2026-09-01T01:10:19.648033+00:00,KXHIGHNY-26SEP01-B83.5,NO,bid,0.62,49.0,12,1268.98,no_dollars,KXHIGHNY-26SEP01,2026-09-02T05:00:00Z,active,True
2026-09-01T01:10:19.648033+00:00,KXHIGHNY-26SEP01-B83.5,NO,bid,0.6,26.0,13,1294.98,no_dollars,KXHIGHNY-26SEP01,2026-09-02T05:00:00Z,active,True
2026-09-01T01:10:19.648033+00:00,KXHIGHNY-26SEP01-B83.5,NO,bid,0.57,21.0,14,1315.98,no_dollars,KXHIGHNY-26SEP01,2026-09-02T05:00:00Z,active,True
2026-09-01T01:10:19.648033+00:00,KXHIGHNY-26SEP01-B83.5,NO,bid,0.55,25.0,15,1340.98,no_dollars,KXHIGHNY-26SEP01,2026-09-02T05:00:00Z,active,True
2026-09-01T01:10:19.648033+00:00,KXHIGHNY-26SEP01-B83.5,NO,bid,0.5,54.0,16,1394.98,no_dollars,KXHIGHNY-26SEP01,2026-09-02T05:00:00Z,active,True
2026-09-01T01:10:19.648033+00:00,KXHIGHNY-26SEP01-B83.5,NO,bid,0.48,0.02,17,1395.0,no_dollars,KXHIGHNY-26SEP01,2026-09-02T05:00:00Z,active,True
2026-09-01T01:10:19.648033+00:00,KXHIGHNY-26SEP01-B83.5,NO,bid,0.46,41.48,18,1436.48,no_dollars,KXHIGHNY-26SEP01,2026-09-02T05:00:00Z,active,True
2026-09-01T01:10:19.648033+00:00,KXHIGHNY-26SEP01-B83.5,NO,bid,0.45,25.02,19,1461.5,no_dollars,KXHIGHNY-26SEP01,2026-09-02T05:00:00Z,active,True
2026-09-01T01:10:19.648033+00:00,KXHIGHNY-26SEP01-B83.5,NO,bid,0.44,37.0,20,1498.5,no_dollars,KXHIGHNY-26SEP01,2026-09-02T05:00:00Z,active,True
2026-09-01T01:10:19.648033+00:00,KXHIGHNY-26SEP01-B83.5,YES,ask,0.26,57.98,1,57.98,no_dollars,KXHIGHNY-26SEP01,2026-09-02T05:00:00Z,active,True
2026-09-01T01:10:19.648033+00:00,KXHIGHNY-26SEP01-B83.5,YES,ask,0.28,54.0,2,111.97999999999999,no_dollars,KXHIGHNY-26SEP01,2026-09-02T05:00:00Z,active,True
2026-09-01T01:10:19.648033+00:00,KXHIGHNY-26SEP01-B83.5,YES,ask,0.29,33.0,3,144.98,no_dollars,KXHIGHNY-26SEP01,2026-09-02T05:00:00Z,active,True
2026-09-01T01:10:19.648033+00:00,KXHIGHNY-26SEP01-B83.5,YES,ask,0.3,341.0,4,485.98,no_dollars,KXHIGHNY-26SEP01,2026-09-02T05:00:00Z,active,True
2026-09-01T01:10:19.648033+00:00,KXHIGHNY-26SEP01-B83.5,YES,ask,0.31,213.0,5,698.98,no_dollars,KXHIGHNY-26SEP01,2026-09-02T05:00:00Z,active,True
2026-09-01T01:10:19.648033+00:00,KXHIGHNY-26SEP01-B83.5,YES,ask,0.32,204.0,6,902.98,no_dollars,KXHIGHNY-26SEP01,2026-09-02T05:00:00Z,active,True
2026-09-01T01:10:19.648033+00:00,KXHIGHNY-26SEP01-B83.5,YES,ask,0.33,6.0,7,908.98,no_dollars,KXHIGHNY-26SEP01,2026-09-02T05:00:00Z,active,True
2026-09-01T01:10:19.648033+00:00,KXHIGHNY-26SEP01-B83.5,YES,ask,0.34,16.0,8,924.98,no_dollars,KXHIGHNY-26SEP01,2026-09-02T05:00:00Z,active,True
2026-09-01T01:10:19.648033+00:00,KXHIGHNY-26SEP01-B83.5,YES,ask,0.35,44.0,9,968.98,no_dollars,KXHIGHNY-26SEP01,2026-09-02T05:00:00Z,active,True
2026-09-01T01:10:19.648033+00:00,KXHIGHNY-26SEP01-B83.5,YES,ask,0.36,34.0,10,1002.98,no_dollars,KXHIGHNY-26SEP01,2026-09-02T05:00:00Z,active,True
2026-09-01T01:10:19.648033+00:00,KXHIGHNY-26SEP01-B83.5,YES,ask,0.37,217.0,11,1219.98,no_dollars,KXHIGHNY-26SEP01,2026-09-02T05:00:00Z,active,True
2026-09-01T01:10:19.648033+00:00,KXHIGHNY-26SEP01-B83.5,YES,ask,0.38,49.0,12,1268.98,no_dollars,KXHIGHNY-26SEP01,2026-09-02T05:00:00Z,active,True
2026-09-01T01:10:19.648033+00:00,KXHIGHNY-26SEP01-B83.5,YES,ask,0.4,26.0,13,1294.98,no_dollars,KXHIGHNY-26SEP01,2026-09-02T05:00:00Z,active,True
2026-09-01T01:10:19.648033+00:00,KXHIGHNY-26SEP01-B83.5,YES,ask,0.43,21.0,14,1315.98,no_dollars,KXHIGHNY-26SEP01,2026-09-02T05:00:00Z,active,True
2026-09-01T01:10:19.648033+00:00,KXHIGHNY-26SEP01-B83.5,YES,ask,0.45,25.0,15,1340.98,no_dollars,KXHIGHNY-26SEP01,2026-09-02T05:00:00Z,active,True
2026-09-01T01:10:19.648033+00:00,KXHIGHNY-26SEP01-B83.5,YES,ask,0.5,54.0,16,1394.98,no_dollars,KXHIGHNY-26SEP01,2026-09-02T05:00:00Z,active,True
2026-09-01T01:10:19.648033+00:00,KXHIGHNY-26SEP01-B83.5,YES,ask,0.52,0.02,17,1395.0,no_dollars,KXHIGHNY-26SEP01,2026-09-02T05:00:00Z,active,True
2026-09-01T01:10:19.648033+00:00,KXHIGHNY-26SEP01-B83.5,YES,ask,0.54,41.48,18,1436.48,no_dollars,KXHIGHNY-26SEP01,2026-09-02T05:00:00Z,active,True
2026-09-01T01:10:19.648033+00:00,KXHIGHNY-26SEP01-B83.5,YES,ask,0.55,25.02,19,1461.5,no_dollars,KXHIGHNY-26SEP01,2026-09-02T05:00:00Z,active,True
2026-09-01T01:10:19.648033+00:00,KXHIGHNY-26SEP01-B83.5,YES,ask,0.56,37.0,20,1498.5,no_dollars,KXHIGHNY-26SEP01,2026-09-02T05:00:00Z,active,True
2026-09-01T01:10:19.648033+00:00,KXHIGHNY-26AUG31-T85,NO,bid,0.99,27537.51,1,27537.51,no_dollars,KXHIGHNY-26AUG31,2026-09-01T05:00:00Z,active,True
2026-09-01T01:10:19.648033+00:00,KXHIGHNY-26AUG31-T85,NO,bid,0.98,498.0,2,28035.51,no_dollars,KXHIGHNY-26AUG31,2026-09-01T05:00:00Z,active,True
2026-09-01T01:10:19.648033+00:00,KXHIGHNY-26AUG31-T85,NO,bid,0.97,686.0,3,28721.51,no_dollars,KXHIGHNY-26AUG31,2026-09-01T05:00:00Z,active,True
2026-09-01T01:10:19.648033+00:00,KXHIGHNY-26AUG31-T85,NO,bid,0.96,151.0,4,28872.51,no_dollars,KXHIGHNY-26AUG31,2026-09-01T05:00:00Z,active,True
2026-09-01T01:10:19.648033+00:00,KXHIGHNY-26AUG31-T85,NO,bid,0.95,90.0,5,28962.51,no_dollars,KXHIGHNY-26AUG31,2026-09-01T05:00:00Z,active,True
2026-09-01T01:10:19.648033+00:00,KXHIGHNY-26AUG31-T85,NO,bid,0.94,51.0,6,29013.51,no_dollars,KXHIGHNY-26AUG31,2026-09-01T05:00:00Z,active,True
2026-09-01T01:10:19.648033+00:00,KXHIGHNY-26AUG31-T85,NO,bid,0.93,89.0,7,29102.51,no_dollars,KXHIGHNY-26AUG31,2026-09-01T05:00:00Z,active,True
2026-09-01T01:10:19.648033+00:00,KXHIGHNY-26AUG31-T85,NO,bid,0.92,50.0,8,29152.51,no_dollars,KXHIGHNY-26AUG31,2026-09-01T05:00:00Z,active,True
2026-09-01T01:10:19.648033+00:00,KXHIGHNY-26AUG31-T85,NO,bid,0.91,50.0,9,29202.51,no_dollars,KXHIGHNY-26AUG31,2026-09-01T05:00:00Z,active,True
2026-09-01T01:10:19.648033+00:00,KXHIGHNY-26AUG31-T85,NO,bid,0.9,60.0,10,29262.51,no_dollars,KXHIGHNY-26AUG31,2026-09-01T05:00:00Z,active,True
2026-09-01T01:10:19.648033+00:00,KXHIGHNY-26AUG31-T85,NO,bid,0.89,3.0,11,29265.51,no_dollars,KXHIGHNY-26AUG31,2026-09-01T05:00:00Z,active,True
2026-09-01T01:10:19.648033+00:00,KXHIGHNY-26AUG31-T85,NO,bid,0.85,58.0,12,29323.51,no_dollars,KXHIGHNY-26AUG31,2026-09-01T05:00:00Z,active,True
2026-09-01T01:10:19.648033+00:00,KXHIGHNY-26AUG31-T85,NO,bid,0.83,30.0,13,29353.51,no_dollars,KXHIGHNY-26AUG31,2026-09-01T05:00:00Z,active,True
2026-09-01T01:10:19.648033+00:00,KXHIGHNY-26AUG31-T85,NO,bid,0.75,29.0,14,29382.51,no_dollars,KXHIGHNY-26AUG31,2026-09-01T05:00:00Z,active,True
2026-09-01T01:10:19.648033+00:00,KXHIGHNY-26AUG31-T85,NO,bid,0.7,19.0,15,29401.51,no_dollars,KXHIGHNY-26AUG31,2026-09-01T05:00:00Z,active,True
2026-09-01T01:10:19.648033+00:00,KXHIGHNY-26AUG31-T85,NO,bid,0.66,30.0,16,29431.51,no_dollars,KXHIGHNY-26AUG31,2026-09-01T05:00:00Z,active,True
2026-09-01T01:10:19.648033+00:00,KXHIGHNY-26AUG31-T85,NO,bid,0.65,1.0,17,29432.51,no_dollars,KXHIGHNY-26AUG31,2026-09-01T05:00:00Z,active,True
2026-09-01T01:10:19.648033+00:00,KXHIGHNY-26AUG31-T85,NO,bid,0.56,186.0,18,29618.51,no_dollars,KXHIGHNY-26AUG31,2026-09-01T05:00:00Z,active,True
2026-09-01T01:10:19.648033+00:00,KXHIGHNY-26AUG31-T85,NO,bid,0.55,60.0,19,29678.51,no_dollars,KXHIGHNY-26AUG31,2026-09-01T05:00:00Z,active,True
2026-09-01T01:10:19.648033+00:00,KXHIGHNY-26AUG31-T85,NO,bid,0.54,653.0,20,30331.51,no_dollars,KXHIGHNY-26AUG31,2026-09-01T05:00:00Z,active,True
2026-09-01T01:10:19.648033+00:00,KXHIGHNY-26AUG31-T85,YES,ask,0.01,27537.51,1,27537.51,no_dollars,KXHIGHNY-26AUG31,2026-09-01T05:00:00Z,active,True
2026-09-01T01:10:19.648033+00:00,KXHIGHNY-26AUG31-T85,YES,ask,0.02,498.0,2,28035.51,no_dollars,KXHIGHNY-26AUG31,2026-09-01T05:00:00Z,active,True
2026-09-01T01:10:19.648033+00:00,KXHIGHNY-26AUG31-T85,YES,ask,0.03,686.0,3,28721.51,no_dollars,KXHIGHNY-26AUG31,2026-09-01T05:00:00Z,active,True
2026-09-01T01:10:19.648033+00:00,KXHIGHNY-26AUG31-T85,YES,ask,0.04,151.0,4,28872.51,no_dollars,KXHIGHNY-26AUG31,2026-09-01T05:00:00Z,active,True
2026-09-01T01:10:19.648033+00:00,KXHIGHNY-26AUG31-T85,YES,ask,0.05,90.0,5,28962.51,no_dollars,KXHIGHNY-26AUG31,2026-09-01T05:00:00Z,active,True
2026-09-01T01:10:19.648033+00:00,KXHIGHNY-26AUG31-T85,YES,ask,0.06,51.0,6,29013.51,no_dollars,KXHIGHNY-26AUG31,2026-09-01T05:00:00Z,active,True
2026-09-01T01:10:19.648033+00:00,KXHIGHNY-26AUG31-T85,YES,ask,0.07,89.0,7,29102.51,no_dollars,KXHIGHNY-26AUG31,2026-09-01T05:00:00Z,active,True
2026-09-01T01:10:19.648033+00:00,KXHIGHNY-26AUG31-T85,YES,ask,0.08,50.0,8,29152.51,no_dollars,KXHIGHNY-26AUG31,2026-09-01T05:00:00Z,active,True
2026-09-01T01:10:19.648033+00:00,KXHIGHNY-26AUG31-T85,YES,ask,0.09,50.0,9,29202.51,no_dollars,KXHIGHNY-26AUG31,2026-09-01T05:00:00Z,active,True
2026-09-01T01:10:19.648033+00:00,KXHIGHNY-26AUG31-T85,YES,ask,0.1,60.0,10,29262.51,no_dollars,KXHIGHNY-26AUG31,2026-09-01T05:00:00Z,active,True
2026-09-01T01:10:19.648033+00:00,KXHIGHNY-26AUG31-T85,YES,ask,0.11,3.0,11,29265.51,no_dollars,KXHIGHNY-26AUG31,2026-09-01T05:00:00Z,active,True
2026-09-01T01:10:19.648033+00:00,KXHIGHNY-26AUG31-T85,YES,ask,0.15,58.0,12,29323.51,no_dollars,KXHIGHNY-26AUG31,2026-09-01T05:00:00Z,active,True
2026-09-01T01:10:19.648033+00:00,KXHIGHNY-26AUG31-T85,YES,ask,0.17,30.0,13,29353.51,no_dollars,KXHIGHNY-26AUG31,2026-09-01T05:00:00Z,active,True
2026-09-01T01:10:19.648033+00:00,KXHIGHNY-26AUG31-T85,YES,ask,0.25,29.0,14,29382.51,no_dollars,KXHIGHNY-26AUG31,2026-09-01T05:00:00Z,active,True
2026-09-01T01:10:19.648033+00:00,KXHIGHNY-26AUG31-T85,YES,ask,0.3,19.0,15,29401.51,no_dollars,KXHIGHNY-26AUG31,2026-09-01T05:00:00Z,active,True
2026-09-01T01:10:19.648033+00:00,KXHIGHNY-26AUG31-T85,YES,ask,0.34,30.0,16,29431.51,no_dollars,KXHIGHNY-26AUG31,2026-09-01T05:00:00Z,active,True
2026-09-01T01:10:19.648033+00:00,KXHIGHNY-26AUG31-T85,YES,ask,0.35,1.0,17,29432.51,no_dollars,KXHIGHNY-26AUG31,2026-09-01T05:00:00Z,active,True
2026-09-01T01:10:19.648033+00:00,KXHIGHNY-26AUG31-T85,YES,ask,0.44,186.0,18,29618.51,no_dollars,KXHIGHNY-26AUG31,2026-09-01T05:00:00Z,active,True
2026-09-01T01:10:19.648033+00:00,KXHIGHNY-26AUG31-T85,YES,ask,0.45,60.0,19,29678.51,no_dollars,KXHIGHNY-26AUG31,2026-09-01T05:00:00Z,active,True
2026-09-01T01:10:19.648033+00:00,KXHIGHNY-26AUG31-T85,YES,ask,0.46,653.0,20,30331.51,no_dollars,KXHIGHNY-26AUG31,2026-09-01T05:00:00Z,active,True
2026-09-01T01:10:19.648033+00:00,KXHIGHNY-26AUG31-T78,NO,bid,0.99,109601.21,1,109601.21,no_dollars,KXHIGHNY-26AUG31,2026-09-01T05:00:00Z,active,True
2026-09-01T01:10:19.648033+00:00,KXHIGHNY-26AUG31-T78,NO,bid,0.98,221.0,2,109822.21,no_dollars,KXHIGHNY-26AUG31,2026-09-01T05:00:00Z,active,True
2026-09-01T01:10:19.648033+00:00,KXHIGHNY-26AUG31-T78,NO,bid,0.97,510.0,3,110332.21,no_dollars,KXHIGHNY-26AUG31,2026-09-01T05:00:00Z,active,True
2026-09-01T01:10:19.648033+00:00,KXHIGHNY-26AUG31-T78,NO,bid,0.96,100.0,4,110432.21,no_dollars,KXHIGHNY-26AUG31,2026-09-01T05:00:00Z,active,True
2026-09-01T01:10:19.648033+00:00,KXHIGHNY-26AUG31-T78,NO,bid,0.95,56.0,5,110488.21,no_dollars,KXHIGHNY-26AUG31,2026-09-01T05:00:00Z,active,True
2026-09-01T01:10:19.648033+00:00,KXHIGHNY-26AUG31-T78,NO,bid,0.93,138.0,6,110626.21,no_dollars,KXHIGHNY-26AUG31,2026-09-01T05:00:00Z,active,True
2026-09-01T01:10:19.648033+00:00,KXHIGHNY-26AUG31-T78,NO,bid,0.85,48.0,7,110674.21,no_dollars,KXHIGHNY-26AUG31,2026-09-01T05:00:00Z,active,True
2026-09-01T01:10:19.648033+00:00,KXHIGHNY-26AUG31-T78,NO,bid,0.76,73.0,8,110747.21,no_dollars,KXHIGHNY-26AUG31,2026-09-01T05:00:00Z,active,True
2026-09-01T01:10:19.648033+00:00,KXHIGHNY-26AUG31-T78,NO,bid,0.75,36.0,9,110783.21,no_dollars,KXHIGHNY-26AUG31,2026-09-01T05:00:00Z,active,True
2026-09-01T01:10:19.648033+00:00,KXHIGHNY-26AUG31-T78,NO,bid,0.7,1.0,10,110784.21,no_dollars,KXHIGHNY-26AUG31,2026-09-01T05:00:00Z,active,True
2026-09-01T01:10:19.648033+00:00,KXHIGHNY-26AUG31-T78,NO,bid,0.5,10.0,11,110794.21,no_dollars,KXHIGHNY-26AUG31,2026-09-01T05:00:00Z,active,True
2026-09-01T01:10:19.648033+00:00,KXHIGHNY-26AUG31-T78,NO,bid,0.45,12.0,12,110806.21,no_dollars,KXHIGHNY-26AUG31,2026-09-01T05:00:00Z,active,True
2026-09-01T01:10:19.648033+00:00,KXHIGHNY-26AUG31-T78,NO,bid,0.36,3.0,13,110809.21,no_dollars,KXHIGHNY-26AUG31,2026-09-01T05:00:00Z,active,True
2026-09-01T01:10:19.648033+00:00,KXHIGHNY-26AUG31-T78,NO,bid,0.35,75.35,14,110884.56000000001,no_dollars,KXHIGHNY-26AUG31,2026-09-01T05:00:00Z,active,True
2026-09-01T01:10:19.648033+00:00,KXHIGHNY-26AUG31-T78,NO,bid,0.34,539.0,15,111423.56000000001,no_dollars,KXHIGHNY-26AUG31,2026-09-01T05:00:00Z,active,True
2026-09-01T01:10:19.648033+00:00,KXHIGHNY-26AUG31-T78,NO,bid,0.31,3.19,16,111426.75000000001,no_dollars,KXHIGHNY-26AUG31,2026-09-01T05:00:00Z,active,True
2026-09-01T01:10:19.648033+00:00,KXHIGHNY-26AUG31-T78,NO,bid,0.3,200.0,17,111626.75000000001,no_dollars,KXHIGHNY-26AUG31,2026-09-01T05:00:00Z,active,True
2026-09-01T01:10:19.648033+00:00,KXHIGHNY-26AUG31-T78,NO,bid,0.26,116.0,18,111742.75000000001,no_dollars,KXHIGHNY-26AUG31,2026-09-01T05:00:00Z,active,True
2026-09-01T01:10:19.648033+00:00,KXHIGHNY-26AUG31-T78,NO,bid,0.25,173.21,19,111915.96000000002,no_dollars,KXHIGHNY-26AUG31,2026-09-01T05:00:00Z,active,True
2026-09-01T01:10:19.648033+00:00,KXHIGHNY-26AUG31-T78,NO,bid,0.24,33.47,20,111949.43000000002,no_dollars,KXHIGHNY-26AUG31,2026-09-01T05:00:00Z,active,True
2026-09-01T01:10:19.648033+00:00,KXHIGHNY-26AUG31-T78,YES,ask,0.01,109601.21,1,109601.21,no_dollars,KXHIGHNY-26AUG31,2026-09-01T05:00:00Z,active,True
2026-09-01T01:10:19.648033+00:00,KXHIGHNY-26AUG31-T78,YES,ask,0.02,221.0,2,109822.21,no_dollars,KXHIGHNY-26AUG31,2026-09-01T05:00:00Z,active,True
2026-09-01T01:10:19.648033+00:00,KXHIGHNY-26AUG31-T78,YES,ask,0.03,510.0,3,110332.21,no_dollars,KXHIGHNY-26AUG31,2026-09-01T05:00:00Z,active,True
2026-09-01T01:10:19.648033+00:00,KXHIGHNY-26AUG31-T78,YES,ask,0.04,100.0,4,110432.21,no_dollars,KXHIGHNY-26AUG31,2026-09-01T05:00:00Z,active,True
2026-09-01T01:10:19.648033+00:00,KXHIGHNY-26AUG31-T78,YES,ask,0.05,56.0,5,110488.21,no_dollars,KXHIGHNY-26AUG31,2026-09-01T05:00:00Z,active,True
2026-09-01T01:10:19.648033+00:00,KXHIGHNY-26AUG31-T78,YES,ask,0.07,138.0,6,110626.21,no_dollars,KXHIGHNY-26AUG31,2026-09-01T05:00:00Z,active,True
2026-09-01T01:10:19.648033+00:00,KXHIGHNY-26AUG31-T78,YES,ask,0.15,48.0,7,110674.21,no_dollars,KXHIGHNY-26AUG31,2026-09-01T05:00:00Z,active,True
2026-09-01T01:10:19.648033+00:00,KXHIGHNY-26AUG31-T78,YES,ask,0.24,73.0,8,110747.21,no_dollars,KXHIGHNY-26AUG31,2026-09-01T05:00:00Z,active,True
2026-09-01T01:10:19.648033+00:00,KXHIGHNY-26AUG31-T78,YES,ask,0.25,36.0,9,110783.21,no_dollars,KXHIGHNY-26AUG31,2026-09-01T05:00:00Z,active,True
2026-09-01T01:10:19.648033+00:00,KXHIGHNY-26AUG31-T78,YES,ask,0.3,1.0,10,110784.21,no_dollars,KXHIGHNY-26AUG31,2026-09-01T05:00:00Z,active,True
2026-09-01T01:10:19.648033+00:00,KXHIGHNY-26AUG31-T78,YES,ask,0.5,10.0,11,110794.21,no_dollars,KXHIGHNY-26AUG31,2026-09-01T05:00:00Z,active,True
2026-09-01T01:10:19.648033+00:00,KXHIGHNY-26AUG31-T78,YES,ask,0.55,12.0,12,110806.21,no_dollars,KXHIGHNY-26AUG31,2026-09-01T05:00:00Z,active,True
2026-09-01T01:10:19.648033+00:00,KXHIGHNY-26AUG31-T78,YES,ask,0.64,3.0,13,110809.21,no_dollars,KXHIGHNY-26AUG31,2026-09-01T05:00:00Z,active,True
2026-09-01T01:10:19.648033+00:00,KXHIGHNY-26AUG31-T78,YES,ask,0.65,75.35,14,110884.56000000001,no_dollars,KXHIGHNY-26AUG31,2026-09-01T05:00:00Z,active,True
2026-09-01T01:10:19.648033+00:00,KXHIGHNY-26AUG31-T78,YES,ask,0.66,539.0,15,111423.56000000001,no_dollars,KXHIGHNY-26AUG31,2026-09-01T05:00:00Z,active,True
2026-09-01T01:10:19.648033+00:00,KXHIGHNY-26AUG31-T78,YES,ask,0.69,3.19,16,111426.75000000001,no_dollars,KXHIGHNY-26AUG31,2026-09-01T05:00:00Z,active,True
2026-09-01T01:10:19.648033+00:00,KXHIGHNY-26AUG31-T78,YES,ask,0.7,200.0,17,111626.75000000001,no_dollars,KXHIGHNY-26AUG31,2026-09-01T05:00:00Z,active,True
2026-09-01T01:10:19.648033+00:00,KXHIGHNY-26AUG31-T78,YES,ask,0.74,116.0,18,111742.75000000001,no_dollars,KXHIGHNY-26AUG31,2026-09-01T05:00:00Z,active,True
2026-09-01T01:10:19.648033+00:00,KXHIGHNY-26AUG31-T78,YES,ask,0.75,173.21,19,111915.96000000002,no_dollars,KXHIGHNY-26AUG31,2026-09-01T05:00:00Z,active,True
2026-09-01T01:10:19.648033+00:00,KXHIGHNY-26AUG31-T78,YES,ask,0.76,33.47,20,111949.43000000002,no_dollars,KXHIGHNY-26AUG31,2026-09-01T05:00:00Z,active,True
2026-09-01T01:10:19.648033+00:00,KXHIGHNY-26AUG31-B84.5,NO,bid,0.99,29087.25,1,29087.25,no_dollars,KXHIGHNY-26AUG31,2026-09-01T05:00:00Z,active,True
2026-09-01T01:10:19.648033+00:00,KXHIGHNY-26AUG31-B84.5,NO,bid,0.98,26.0,2,29113.25,no_dollars,KXHIGHNY-26AUG31,2026-09-01T05:00:00Z,active,True
2026-09-01T01:10:19.648033+00:00,KXHIGHNY-26AUG31-B84.5,NO,bid,0.97,427.0,3,29540.25,no_dollars,KXHIGHNY-26AUG31,2026-09-01T05:00:00Z,active,True
2026-09-01T01:10:19.648033+00:00,KXHIGHNY-26AUG31-B84.5,NO,bid,0.96,13.0,4,29553.25,no_dollars,KXHIGHNY-26AUG31,2026-09-01T05:00:00Z,active,True
2026-09-01T01:10:19.648033+00:00,KXHIGHNY-26AUG31-B84.5,NO,bid,0.95,54.0,5,29607.25,no_dollars,KXHIGHNY-26AUG31,2026-09-01T05:00:00Z,active,True
2026-09-01T01:10:19.648033+00:00,KXHIGHNY-26AUG31-B84.5,NO,bid,0.94,3.0,6,29610.25,no_dollars,KXHIGHNY-26AUG31,2026-09-01T05:00:00Z,active,True
2026-09-01T01:10:19.648033+00:00,KXHIGHNY-26AUG31-B84.5,NO,bid,0.93,19.0,7,29629.25,no_dollars,KXHIGHNY-26AUG31,2026-09-01T05:00:00Z,active,True
2026-09-01T01:10:19.648033+00:00,KXHIGHNY-26AUG31-B84.5,NO,bid,0.92,13.0,8,29642.25,no_dollars,KXHIGHNY-26AUG31,2026-09-01T05:00:00Z,active,True
2026-09-01T01:10:19.648033+00:00,KXHIGHNY-26AUG31-B84.5,NO,bid,0.91,4.0,9,29646.25,no_dollars,KXHIGHNY-26AUG31,2026-09-01T05:00:00Z,active,True
2026-09-01T01:10:19.648033+00:00,KXHIGHNY-26AUG31-B84.5,NO,bid,0.9,10.0,10,29656.25,no_dollars,KXHIGHNY-26AUG31,2026-09-01T05:00:00Z,active,True
2026-09-01T01:10:19.648033+00:00,KXHIGHNY-26AUG31-B84.5,NO,bid,0.86,3.0,11,29659.25,no_dollars,KXHIGHNY-26AUG31,2026-09-01T05:00:00Z,active,True
2026-09-01T01:10:19.648033+00:00,KXHIGHNY-26AUG31-B84.5,NO,bid,0.85,40.0,12,29699.25,no_dollars,KXHIGHNY-26AUG31,2026-09-01T05:00:00Z,active,True
2026-09-01T01:10:19.648033+00:00,KXHIGHNY-26AUG31-B84.5,NO,bid,0.83,30.0,13,29729.25,no_dollars,KXHIGHNY-26AUG31,2026-09-01T05:00:00Z,active,True
2026-09-01T01:10:19.648033+00:00,KXHIGHNY-26AUG31-B84.5,NO,bid,0.75,20.0,14,29749.25,no_dollars,KXHIGHNY-26AUG31,2026-09-01T05:00:00Z,active,True
2026-09-01T01:10:19.648033+00:00,KXHIGHNY-26AUG31-B84.5,NO,bid,0.7,19.0,15,29768.25,no_dollars,KXHIGHNY-26AUG31,2026-09-01T05:00:00Z,active,True
2026-09-01T01:10:19.648033+00:00,KXHIGHNY-26AUG31-B84.5,NO,bid,0.66,30.0,16,29798.25,no_dollars,KXHIGHNY-26AUG31,2026-09-01T05:00:00Z,active,True
2026-09-01T01:10:19.648033+00:00,KXHIGHNY-26AUG31-B84.5,NO,bid,0.65,1.0,17,29799.25,no_dollars,KXHIGHNY-26AUG31,2026-09-01T05:00:00Z,active,True
2026-09-01T01:10:19.648033+00:00,KXHIGHNY-26AUG31-B84.5,NO,bid,0.51,60.0,18,29859.25,no_dollars,KXHIGHNY-26AUG31,2026-09-01T05:00:00Z,active,True
2026-09-01T01:10:19.648033+00:00,KXHIGHNY-26AUG31-B84.5,NO,bid,0.5,69.0,19,29928.25,no_dollars,KXHIGHNY-26AUG31,2026-09-01T05:00:00Z,active,True
2026-09-01T01:10:19.648033+00:00,KXHIGHNY-26AUG31-B84.5,NO,bid,0.48,201.0,20,30129.25,no_dollars,KXHIGHNY-26AUG31,2026-09-01T05:00:00Z,active,True
2026-09-01T01:10:19.648033+00:00,KXHIGHNY-26AUG31-B84.5,YES,ask,0.01,29087.25,1,29087.25,no_dollars,KXHIGHNY-26AUG31,2026-09-01T05:00:00Z,active,True
2026-09-01T01:10:19.648033+00:00,KXHIGHNY-26AUG31-B84.5,YES,ask,0.02,26.0,2,29113.25,no_dollars,KXHIGHNY-26AUG31,2026-09-01T05:00:00Z,active,True
2026-09-01T01:10:19.648033+00:00,KXHIGHNY-26AUG31-B84.5,YES,ask,0.03,427.0,3,29540.25,no_dollars,KXHIGHNY-26AUG31,2026-09-01T05:00:00Z,active,True
2026-09-01T01:10:19.648033+00:00,KXHIGHNY-26AUG31-B84.5,YES,ask,0.04,13.0,4,29553.25,no_dollars,KXHIGHNY-26AUG31,2026-09-01T05:00:00Z,active,True
2026-09-01T01:10:19.648033+00:00,KXHIGHNY-26AUG31-B84.5,YES,ask,0.05,54.0,5,29607.25,no_dollars,KXHIGHNY-26AUG31,2026-09-01T05:00:00Z,active,True
2026-09-01T01:10:19.648033+00:00,KXHIGHNY-26AUG31-B84.5,YES,ask,0.06,3.0,6,29610.25,no_dollars,KXHIGHNY-26AUG31,2026-09-01T05:00:00Z,active,True
2026-09-01T01:10:19.648033+00:00,KXHIGHNY-26AUG31-B84.5,YES,ask,0.07,19.0,7,29629.25,no_dollars,KXHIGHNY-26AUG31,2026-09-01T05:00:00Z,active,True
2026-09-01T01:10:19.648033+00:00,KXHIGHNY-26AUG31-B84.5,YES,ask,0.08,13.0,8,29642.25,no_dollars,KXHIGHNY-26AUG31,2026-09-01T05:00:00Z,active,True
2026-09-01T01:10:19.648033+00:00,KXHIGHNY-26AUG31-B84.5,YES,ask,0.09,4.0,9,29646.25,no_dollars,KXHIGHNY-26AUG31,2026-09-01T05:00:00Z,active,True
2026-09-01T01:10:19.648033+00:00,KXHIGHNY-26AUG31-B84.5,YES,ask,0.1,10.0,10,29656.25,no_dollars,KXHIGHNY-26AUG31,2026-09-01T05:00:00Z,active,True
2026-09-01T01:10:19.648033+00:00,KXHIGHNY-26AUG31-B84.5,YES,ask,0.14,3.0,11,29659.25,no_dollars,KXHIGHNY-26AUG31,2026-09-01T05:00:00Z,active,True
2026-09-01T01:10:19.648033+00:00,KXHIGHNY-26AUG31-B84.5,YES,ask,0.15,40.0,12,29699.25,no_dollars,KXHIGHNY-26AUG31,2026-09-01T05:00:00Z,active,True
2026-09-01T01:10:19.648033+00:00,KXHIGHNY-26AUG31-B84.5,YES,ask,0.17,30.0,13,29729.25,no_dollars,KXHIGHNY-26AUG31,2026-09-01T05:00:00Z,active,True
2026-09-01T01:10:19.648033+00:00,KXHIGHNY-26AUG31-B84.5,YES,ask,0.25,20.0,14,29749.25,no_dollars,KXHIGHNY-26AUG31,2026-09-01T05:00:00Z,active,True
2026-09-01T01:10:19.648033+00:00,KXHIGHNY-26AUG31-B84.5,YES,ask,0.3,19.0,15,29768.25,no_dollars,KXHIGHNY-26AUG31,2026-09-01T05:00:00Z,active,True
2026-09-01T01:10:19.648033+00:00,KXHIGHNY-26AUG31-B84.5,YES,ask,0.34,30.0,16,29798.25,no_dollars,KXHIGHNY-26AUG31,2026-09-01T05:00:00Z,active,True
2026-09-01T01:10:19.648033+00:00,KXHIGHNY-26AUG31-B84.5,YES,ask,0.35,1.0,17,29799.25,no_dollars,KXHIGHNY-26AUG31,2026-09-01T05:00:00Z,active,True
2026-09-01T01:10:19.648033+00:00,KXHIGHNY-26AUG31-B84.5,YES,ask,0.49,60.0,18,29859.25,no_dollars,KXHIGHNY-26AUG31,2026-09-01T05:00:00Z,active,True
2026-09-01T01:10:19.648033+00:00,KXHIGHNY-26AUG31-B84.5,YES,ask,0.5,69.0,19,29928.25,no_dollars,KXHIGHNY-26AUG31,2026-09-01T05:00:00Z,active,True
2026-09-01T01:10:19.648033+00:00,KXHIGHNY-26AUG31-B84.5,YES,ask,0.52,201.0,20,30129.25,no_dollars,KXHIGHNY-26AUG31,2026-09-01T05:00:00Z,active,True
2026-09-01T01:10:19.648033+00:00,KXHIGHNY-26AUG31-B82.5,NO,bid,0.99,24956.15,1,24956.15,no_dollars,KXHIGHNY-26AUG31,2026-09-01T05:00:00Z,active,True
2026-09-01T01:10:19.648033+00:00,KXHIGHNY-26AUG31-B82.5,NO,bid,0.98,4.0,2,24960.15,no_dollars,KXHIGHNY-26AUG31,2026-09-01T05:00:00Z,active,True
2026-09-01T01:10:19.648033+00:00,KXHIGHNY-26AUG31-B82.5,NO,bid,0.97,19.0,3,24979.15,no_dollars,KXHIGHNY-26AUG31,2026-09-01T05:00:00Z,active,True
2026-09-01T01:10:19.648033+00:00,KXHIGHNY-26AUG31-B82.5,NO,bid,0.96,96.0,4,25075.15,no_dollars,KXHIGHNY-26AUG31,2026-09-01T05:00:00Z,active,True
2026-09-01T01:10:19.648033+00:00,KXHIGHNY-26AUG31-B82.5,NO,bid,0.95,40.0,5,25115.15,no_dollars,KXHIGHNY-26AUG31,2026-09-01T05:00:00Z,active,True
2026-09-01T01:10:19.648033+00:00,KXHIGHNY-26AUG31-B82.5,NO,bid,0.94,4.0,6,25119.15,no_dollars,KXHIGHNY-26AUG31,2026-09-01T05:00:00Z,active,True
2026-09-01T01:10:19.648033+00:00,KXHIGHNY-26AUG31-B82.5,NO,bid,0.93,15.0,7,25134.15,no_dollars,KXHIGHNY-26AUG31,2026-09-01T05:00:00Z,active,True
2026-09-01T01:10:19.648033+00:00,KXHIGHNY-26AUG31-B82.5,NO,bid,0.92,14.0,8,25148.15,no_dollars,KXHIGHNY-26AUG31,2026-09-01T05:00:00Z,active,True
2026-09-01T01:10:19.648033+00:00,KXHIGHNY-26AUG31-B82.5,NO,bid,0.91,3.0,9,25151.15,no_dollars,KXHIGHNY-26AUG31,2026-09-01T05:00:00Z,active,True
2026-09-01T01:10:19.648033+00:00,KXHIGHNY-26AUG31-B82.5,NO,bid,0.89,3.0,10,25154.15,no_dollars,KXHIGHNY-26AUG31,2026-09-01T05:00:00Z,active,True
2026-09-01T01:10:19.648033+00:00,KXHIGHNY-26AUG31-B82.5,NO,bid,0.88,2.34,11,25156.49,no_dollars,KXHIGHNY-26AUG31,2026-09-01T05:00:00Z,active,True
2026-09-01T01:10:19.648033+00:00,KXHIGHNY-26AUG31-B82.5,NO,bid,0.85,34.0,12,25190.49,no_dollars,KXHIGHNY-26AUG31,2026-09-01T05:00:00Z,active,True
2026-09-01T01:10:19.648033+00:00,KXHIGHNY-26AUG31-B82.5,NO,bid,0.83,30.0,13,25220.49,no_dollars,KXHIGHNY-26AUG31,2026-09-01T05:00:00Z,active,True
2026-09-01T01:10:19.648033+00:00,KXHIGHNY-26AUG31-B82.5,NO,bid,0.75,17.0,14,25237.49,no_dollars,KXHIGHNY-26AUG31,2026-09-01T05:00:00Z,active,True
2026-09-01T01:10:19.648033+00:00,KXHIGHNY-26AUG31-B82.5,NO,bid,0.71,3.0,15,25240.49,no_dollars,KXHIGHNY-26AUG31,2026-09-01T05:00:00Z,active,True
2026-09-01T01:10:19.648033+00:00,KXHIGHNY-26AUG31-B82.5,NO,bid,0.7,19.0,16,25259.49,no_dollars,KXHIGHNY-26AUG31,2026-09-01T05:00:00Z,active,True
2026-09-01T01:10:19.648033+00:00,KXHIGHNY-26AUG31-B82.5,NO,bid,0.51,60.0,17,25319.49,no_dollars,KXHIGHNY-26AUG31,2026-09-01T05:00:00Z,active,True
2026-09-01T01:10:19.648033+00:00,KXHIGHNY-26AUG31-B82.5,NO,bid,0.5,139.0,18,25458.49,no_dollars,KXHIGHNY-26AUG31,2026-09-01T05:00:00Z,active,True
2026-09-01T01:10:19.648033+00:00,KXHIGHNY-26AUG31-B82.5,NO,bid,0.45,8.0,19,25466.49,no_dollars,KXHIGHNY-26AUG31,2026-09-01T05:00:00Z,active,True
2026-09-01T01:10:19.648033+00:00,KXHIGHNY-26AUG31-B82.5,NO,bid,0.41,100.0,20,25566.49,no_dollars,KXHIGHNY-26AUG31,2026-09-01T05:00:00Z,active,True
2026-09-01T01:10:19.648033+00:00,KXHIGHNY-26AUG31-B82.5,YES,ask,0.01,24956.15,1,24956.15,no_dollars,KXHIGHNY-26AUG31,2026-09-01T05:00:00Z,active,True
2026-09-01T01:10:19.648033+00:00,KXHIGHNY-26AUG31-B82.5,YES,ask,0.02,4.0,2,24960.15,no_dollars,KXHIGHNY-26AUG31,2026-09-01T05:00:00Z,active,True
2026-09-01T01:10:19.648033+00:00,KXHIGHNY-26AUG31-B82.5,YES,ask,0.03,19.0,3,24979.15,no_dollars,KXHIGHNY-26AUG31,2026-09-01T05:00:00Z,active,True
2026-09-01T01:10:19.648033+00:00,KXHIGHNY-26AUG31-B82.5,YES,ask,0.04,96.0,4,25075.15,no_dollars,KXHIGHNY-26AUG31,2026-09-01T05:00:00Z,active,True
2026-09-01T01:10:19.648033+00:00,KXHIGHNY-26AUG31-B82.5,YES,ask,0.05,40.0,5,25115.15,no_dollars,KXHIGHNY-26AUG31,2026-09-01T05:00:00Z,active,True
2026-09-01T01:10:19.648033+00:00,KXHIGHNY-26AUG31-B82.5,YES,ask,0.06,4.0,6,25119.15,no_dollars,KXHIGHNY-26AUG31,2026-09-01T05:00:00Z,active,True
2026-09-01T01:10:19.648033+00:00,KXHIGHNY-26AUG31-B82.5,YES,ask,0.07,15.0,7,25134.15,no_dollars,KXHIGHNY-26AUG31,2026-09-01T05:00:00Z,active,True
2026-09-01T01:10:19.648033+00:00,KXHIGHNY-26AUG31-B82.5,YES,ask,0.08,14.0,8,25148.15,no_dollars,KXHIGHNY-26AUG31,2026-09-01T05:00:00Z,active,True
2026-09-01T01:10:19.648033+00:00,KXHIGHNY-26AUG31-B82.5,YES,ask,0.09,3.0,9,25151.15,no_dollars,KXHIGHNY-26AUG31,2026-09-01T05:00:00Z,active,True
2026-09-01T01:10:19.648033+00:00,KXHIGHNY-26AUG31-B82.5,YES,ask,0.11,3.0,10,25154.15,no_dollars,KXHIGHNY-26AUG31,2026-09-01T05:00:00Z,active,True
2026-09-01T01:10:19.648033+00:00,KXHIGHNY-26AUG31-B82.5,YES,ask,0.12,2.34,11,25156.49,no_dollars,KXHIGHNY-26AUG31,2026-09-01T05:00:00Z,active,True
2026-09-01T01:10:19.648033+00:00,KXHIGHNY-26AUG31-B82.5,YES,ask,0.15,34.0,12,25190.49,no_dollars,KXHIGHNY-26AUG31,2026-09-01T05:00:00Z,active,True
2026-09-01T01:10:19.648033+00:00,KXHIGHNY-26AUG31-B82.5,YES,ask,0.17,30.0,13,25220.49,no_dollars,KXHIGHNY-26AUG31,2026-09-01T05:00:00Z,active,True
2026-09-01T01:10:19.648033+00:00,KXHIGHNY-26AUG31-B82.5,YES,ask,0.25,17.0,14,25237.49,no_dollars,KXHIGHNY-26AUG31,2026-09-01T05:00:00Z,active,True
2026-09-01T01:10:19.648033+00:00,KXHIGHNY-26AUG31-B82.5,YES,ask,0.29,3.0,15,25240.49,no_dollars,KXHIGHNY-26AUG31,2026-09-01T05:00:00Z,active,True
2026-09-01T01:10:19.648033+00:00,KXHIGHNY-26AUG31-B82.5,YES,ask,0.3,19.0,16,25259.49,no_dollars,KXHIGHNY-26AUG31,2026-09-01T05:00:00Z,active,True
2026-09-01T01:10:19.648033+00:00,KXHIGHNY-26AUG31-B82.5,YES,ask,0.49,60.0,17,25319.49,no_dollars,KXHIGHNY-26AUG31,2026-09-01T05:00:00Z,active,True
2026-09-01T01:10:19.648033+00:00,KXHIGHNY-26AUG31-B82.5,YES,ask,0.5,139.0,18,25458.49,no_dollars,KXHIGHNY-26AUG31,2026-09-01T05:00:00Z,active,True
2026-09-01T01:10:19.648033+00:00,KXHIGHNY-26AUG31-B82.5,YES,ask,0.55,8.0,19,25466.49,no_dollars,KXHIGHNY-26AUG31,2026-09-01T05:00:00Z,active,True
2026-09-01T01:10:19.648033+00:00,KXHIGHNY-26AUG31-B82.5,YES,ask,0.59,100.0,20,25566.49,no_dollars,KXHIGHNY-26AUG31,2026-09-01T05:00:00Z,active,True
2026-09-01T01:10:19.648033+00:00,KXHIGHNY-26AUG31-B80.5,NO,bid,0.99,27802.71,1,27802.71,no_dollars,KXHIGHNY-26AUG31,2026-09-01T05:00:00Z,active,True
2026-09-01T01:10:19.648033+00:00,KXHIGHNY-26AUG31-B80.5,NO,bid,0.98,50.0,2,27852.71,no_dollars,KXHIGHNY-26AUG31,2026-09-01T05:00:00Z,active,True
2026-09-01T01:10:19.648033+00:00,KXHIGHNY-26AUG31-B80.5,NO,bid,0.97,510.0,3,28362.71,no_dollars,KXHIGHNY-26AUG31,2026-09-01T05:00:00Z,active,True
2026-09-01T01:10:19.648033+00:00,KXHIGHNY-26AUG31-B80.5,NO,bid,0.96,193.51,4,28556.219999999998,no_dollars,KXHIGHNY-26AUG31,2026-09-01T05:00:00Z,active,True
2026-09-01T01:10:19.648033+00:00,KXHIGHNY-26AUG31-B80.5,NO,bid,0.95,43.0,5,28599.219999999998,no_dollars,KXHIGHNY-26AUG31,2026-09-01T05:00:00Z,active,True
2026-09-01T01:10:19.648033+00:00,KXHIGHNY-26AUG31-B80.5,NO,bid,0.94,1.0,6,28600.219999999998,no_dollars,KXHIGHNY-26AUG31,2026-09-01T05:00:00Z,active,True
2026-09-01T01:10:19.648033+00:00,KXHIGHNY-26AUG31-B80.5,NO,bid,0.93,22.0,7,28622.219999999998,no_dollars,KXHIGHNY-26AUG31,2026-09-01T05:00:00Z,active,True
2026-09-01T01:10:19.648033+00:00,KXHIGHNY-26AUG31-B80.5,NO,bid,0.92,8.0,8,28630.219999999998,no_dollars,KXHIGHNY-26AUG31,2026-09-01T05:00:00Z,active,True
2026-09-01T01:10:19.648033+00:00,KXHIGHNY-26AUG31-B80.5,NO,bid,0.85,43.0,9,28673.219999999998,no_dollars,KXHIGHNY-26AUG31,2026-09-01T05:00:00Z,active,True
2026-09-01T01:10:19.648033+00:00,KXHIGHNY-26AUG31-B80.5,NO,bid,0.81,60.0,10,28733.219999999998,no_dollars,KXHIGHNY-26AUG31,2026-09-01T05:00:00Z,active,True
2026-09-01T01:10:19.648033+00:00,KXHIGHNY-26AUG31-B80.5,NO,bid,0.8,711.33,11,29444.55,no_dollars,KXHIGHNY-26AUG31,2026-09-01T05:00:00Z,active,True
2026-09-01T01:10:19.648033+00:00,KXHIGHNY-26AUG31-B80.5,NO,bid,0.75,21.0,12,29465.55,no_dollars,KXHIGHNY-26AUG31,2026-09-01T05:00:00Z,active,True
2026-09-01T01:10:19.648033+00:00,KXHIGHNY-26AUG31-B80.5,NO,bid,0.7,1.0,13,29466.55,no_dollars,KXHIGHNY-26AUG31,2026-09-01T05:00:00Z,active,True
2026-09-01T01:10:19.648033+00:00,KXHIGHNY-26AUG31-B80.5,NO,bid,0.58,3.0,14,29469.55,no_dollars,KXHIGHNY-26AUG31,2026-09-01T05:00:00Z,active,True
2026-09-01T01:10:19.648033+00:00,KXHIGHNY-26AUG31-B80.5,NO,bid,0.57,1.0,15,29470.55,no_dollars,KXHIGHNY-26AUG31,2026-09-01T05:00:00Z,active,True
2026-09-01T01:10:19.648033+00:00,KXHIGHNY-26AUG31-B80.5,NO,bid,0.5,110.0,16,29580.55,no_dollars,KXHIGHNY-26AUG31,2026-09-01T05:00:00Z,active,True
2026-09-01T01:10:19.648033+00:00,KXHIGHNY-26AUG31-B80.5,NO,bid,0.45,10.0,17,29590.55,no_dollars,KXHIGHNY-26AUG31,2026-09-01T05:00:00Z,active,True
2026-09-01T01:10:19.648033+00:00,KXHIGHNY-26AUG31-B80.5,NO,bid,0.41,100.0,18,29690.55,no_dollars,KXHIGHNY-26AUG31,2026-09-01T05:00:00Z,active,True
2026-09-01T01:10:19.648033+00:00,KXHIGHNY-26AUG31-B80.5,NO,bid,0.36,39.37,19,29729.92,no_dollars,KXHIGHNY-26AUG31,2026-09-01T05:00:00Z,active,True
2026-09-01T01:10:19.648033+00:00,KXHIGHNY-26AUG31-B80.5,NO,bid,0.35,105.0,20,29834.92,no_dollars,KXHIGHNY-26AUG31,2026-09-01T05:00:00Z,active,True
2026-09-01T01:10:19.648033+00:00,KXHIGHNY-26AUG31-B80.5,YES,ask,0.01,27802.71,1,27802.71,no_dollars,KXHIGHNY-26AUG31,2026-09-01T05:00:00Z,active,True
2026-09-01T01:10:19.648033+00:00,KXHIGHNY-26AUG31-B80.5,YES,ask,0.02,50.0,2,27852.71,no_dollars,KXHIGHNY-26AUG31,2026-09-01T05:00:00Z,active,True
2026-09-01T01:10:19.648033+00:00,KXHIGHNY-26AUG31-B80.5,YES,ask,0.03,510.0,3,28362.71,no_dollars,KXHIGHNY-26AUG31,2026-09-01T05:00:00Z,active,True
2026-09-01T01:10:19.648033+00:00,KXHIGHNY-26AUG31-B80.5,YES,ask,0.04,193.51,4,28556.219999999998,no_dollars,KXHIGHNY-26AUG31,2026-09-01T05:00:00Z,active,True
2026-09-01T01:10:19.648033+00:00,KXHIGHNY-26AUG31-B80.5,YES,ask,0.05,43.0,5,28599.219999999998,no_dollars,KXHIGHNY-26AUG31,2026-09-01T05:00:00Z,active,True
2026-09-01T01:10:19.648033+00:00,KXHIGHNY-26AUG31-B80.5,YES,ask,0.06,1.0,6,28600.219999999998,no_dollars,KXHIGHNY-26AUG31,2026-09-01T05:00:00Z,active,True
2026-09-01T01:10:19.648033+00:00,KXHIGHNY-26AUG31-B80.5,YES,ask,0.07,22.0,7,28622.219999999998,no_dollars,KXHIGHNY-26AUG31,2026-09-01T05:00:00Z,active,True
2026-09-01T01:10:19.648033+00:00,KXHIGHNY-26AUG31-B80.5,YES,ask,0.08,8.0,8,28630.219999999998,no_dollars,KXHIGHNY-26AUG31,2026-09-01T05:00:00Z,active,True
2026-09-01T01:10:19.648033+00:00,KXHIGHNY-26AUG31-B80.5,YES,ask,0.15,43.0,9,28673.219999999998,no_dollars,KXHIGHNY-26AUG31,2026-09-01T05:00:00Z,active,True
2026-09-01T01:10:19.648033+00:00,KXHIGHNY-26AUG31-B80.5,YES,ask,0.19,60.0,10,28733.219999999998,no_dollars,KXHIGHNY-26AUG31,2026-09-01T05:00:00Z,active,True
2026-09-01T01:10:19.648033+00:00,KXHIGHNY-26AUG31-B80.5,YES,ask,0.2,711.33,11,29444.55,no_dollars,KXHIGHNY-26AUG31,2026-09-01T05:00:00Z,active,True
2026-09-01T01:10:19.648033+00:00,KXHIGHNY-26AUG31-B80.5,YES,ask,0.25,21.0,12,29465.55,no_dollars,KXHIGHNY-26AUG31,2026-09-01T05:00:00Z,active,True
2026-09-01T01:10:19.648033+00:00,KXHIGHNY-26AUG31-B80.5,YES,ask,0.3,1.0,13,29466.55,no_dollars,KXHIGHNY-26AUG31,2026-09-01T05:00:00Z,active,True
2026-09-01T01:10:19.648033+00:00,KXHIGHNY-26AUG31-B80.5,YES,ask,0.42,3.0,14,29469.55,no_dollars,KXHIGHNY-26AUG31,2026-09-01T05:00:00Z,active,True
2026-09-01T01:10:19.648033+00:00,KXHIGHNY-26AUG31-B80.5,YES,ask,0.43,1.0,15,29470.55,no_dollars,KXHIGHNY-26AUG31,2026-09-01T05:00:00Z,active,True
2026-09-01T01:10:19.648033+00:00,KXHIGHNY-26AUG31-B80.5,YES,ask,0.5,110.0,16,29580.55,no_dollars,KXHIGHNY-26AUG31,2026-09-01T05:00:00Z,active,True
2026-09-01T01:10:19.648033+00:00,KXHIGHNY-26AUG31-B80.5,YES,ask,0.55,10.0,17,29590.55,no_dollars,KXHIGHNY-26AUG31,2026-09-01T05:00:00Z,active,True
2026-09-01T01:10:19.648033+00:00,KXHIGHNY-26AUG31-B80.5,YES,ask,0.59,100.0,18,29690.55,no_dollars,KXHIGHNY-26AUG31,2026-09-01T05:00:00Z,active,True
2026-09-01T01:10:19.648033+00:00,KXHIGHNY-26AUG31-B80.5,YES,ask,0.64,39.37,19,29729.92,no_dollars,KXHIGHNY-26AUG31,2026-09-01T05:00:00Z,active,True
2026-09-01T01:10:19.648033+00:00,KXHIGHNY-26AUG31-B80.5,YES,ask,0.65,105.0,20,29834.92,no_dollars,KXHIGHNY-26AUG31,2026-09-01T05:00:00Z,active,True
2026-09-01T01:10:19.648033+00:00,KXHIGHNY-26AUG31-B78.5,YES,bid,0.99,27840.03,1,27840.03,yes_dollars,KXHIGHNY-26AUG31,2026-09-01T05:00:00Z,active,True
2026-09-01T01:10:19.648033+00:00,KXHIGHNY-26AUG31-B78.5,YES,bid,0.97,16.0,2,27856.03,yes_dollars,KXHIGHNY-26AUG31,2026-09-01T05:00:00Z,active,True
2026-09-01T01:10:19.648033+00:00,KXHIGHNY-26AUG31-B78.5,YES,bid,0.96,187.03,3,28043.059999999998,yes_dollars,KXHIGHNY-26AUG31,2026-09-01T05:00:00Z,active,True
2026-09-01T01:10:19.648033+00:00,KXHIGHNY-26AUG31-B78.5,YES,bid,0.95,5.0,4,28048.059999999998,yes_dollars,KXHIGHNY-26AUG31,2026-09-01T05:00:00Z,active,True
2026-09-01T01:10:19.648033+00:00,KXHIGHNY-26AUG31-B78.5,YES,bid,0.93,10.0,5,28058.059999999998,yes_dollars,KXHIGHNY-26AUG31,2026-09-01T05:00:00Z,active,True
2026-09-01T01:10:19.648033+00:00,KXHIGHNY-26AUG31-B78.5,YES,bid,0.9,5.0,6,28063.059999999998,yes_dollars,KXHIGHNY-26AUG31,2026-09-01T05:00:00Z,active,True
2026-09-01T01:10:19.648033+00:00,KXHIGHNY-26AUG31-B78.5,YES,bid,0.85,150.0,7,28213.059999999998,yes_dollars,KXHIGHNY-26AUG31,2026-09-01T05:00:00Z,active,True
2026-09-01T01:10:19.648033+00:00,KXHIGHNY-26AUG31-B78.5,YES,bid,0.75,300.0,8,28513.059999999998,yes_dollars,KXHIGHNY-26AUG31,2026-09-01T05:00:00Z,active,True
2026-09-01T01:10:19.648033+00:00,KXHIGHNY-26AUG31-B78.5,YES,bid,0.6,1.0,9,28514.059999999998,yes_dollars,KXHIGHNY-26AUG31,2026-09-01T05:00:00Z,active,True
2026-09-01T01:10:19.648033+00:00,KXHIGHNY-26AUG31-B78.5,YES,bid,0.59,1.0,10,28515.059999999998,yes_dollars,KXHIGHNY-26AUG31,2026-09-01T05:00:00Z,active,True
2026-09-01T01:10:19.648033+00:00,KXHIGHNY-26AUG31-B78.5,YES,bid,0.58,1.0,11,28516.059999999998,yes_dollars,KXHIGHNY-26AUG31,2026-09-01T05:00:00Z,active,True
2026-09-01T01:10:19.648033+00:00,KXHIGHNY-26AUG31-B78.5,YES,bid,0.57,1.0,12,28517.059999999998,yes_dollars,KXHIGHNY-26AUG31,2026-09-01T05:00:00Z,active,True
2026-09-01T01:10:19.648033+00:00,KXHIGHNY-26AUG31-B78.5,YES,bid,0.56,1.0,13,28518.059999999998,yes_dollars,KXHIGHNY-26AUG31,2026-09-01T05:00:00Z,active,True
2026-09-01T01:10:19.648033+00:00,KXHIGHNY-26AUG31-B78.5,YES,bid,0.55,1.0,14,28519.059999999998,yes_dollars,KXHIGHNY-26AUG31,2026-09-01T05:00:00Z,active,True
2026-09-01T01:10:19.648033+00:00,KXHIGHNY-26AUG31-B78.5,YES,bid,0.51,60.0,15,28579.059999999998,yes_dollars,KXHIGHNY-26AUG31,2026-09-01T05:00:00Z,active,True
2026-09-01T01:10:19.648033+00:00,KXHIGHNY-26AUG31-B78.5,YES,bid,0.5,133.0,16,28712.059999999998,yes_dollars,KXHIGHNY-26AUG31,2026-09-01T05:00:00Z,active,True
2026-09-01T01:10:19.648033+00:00,KXHIGHNY-26AUG31-B78.5,YES,bid,0.41,1.0,17,28713.059999999998,yes_dollars,KXHIGHNY-26AUG31,2026-09-01T05:00:00Z,active,True
2026-09-01T01:10:19.648033+00:00,KXHIGHNY-26AUG31-B78.5,YES,bid,0.31,1.0,18,28714.059999999998,yes_dollars,KXHIGHNY-26AUG31,2026-09-01T05:00:00Z,active,True
2026-09-01T01:10:19.648033+00:00,KXHIGHNY-26AUG31-B78.5,YES,bid,0.3,10.0,19,28724.059999999998,yes_dollars,KXHIGHNY-26AUG31,2026-09-01T05:00:00Z,active,True
2026-09-01T01:10:19.648033+00:00,KXHIGHNY-26AUG31-B78.5,YES,bid,0.28,4.0,20,28728.059999999998,yes_dollars,KXHIGHNY-26AUG31,2026-09-01T05:00:00Z,active,True
2026-09-01T01:10:19.648033+00:00,KXHIGHNY-26AUG31-B78.5,NO,ask,0.01,27840.03,1,27840.03,yes_dollars,KXHIGHNY-26AUG31,2026-09-01T05:00:00Z,active,True
2026-09-01T01:10:19.648033+00:00,KXHIGHNY-26AUG31-B78.5,NO,ask,0.03,16.0,2,27856.03,yes_dollars,KXHIGHNY-26AUG31,2026-09-01T05:00:00Z,active,True
2026-09-01T01:10:19.648033+00:00,KXHIGHNY-26AUG31-B78.5,NO,ask,0.04,187.03,3,28043.059999999998,yes_dollars,KXHIGHNY-26AUG31,2026-09-01T05:00:00Z,active,True
2026-09-01T01:10:19.648033+00:00,KXHIGHNY-26AUG31-B78.5,NO,ask,0.05,5.0,4,28048.059999999998,yes_dollars,KXHIGHNY-26AUG31,2026-09-01T05:00:00Z,active,True
2026-09-01T01:10:19.648033+00:00,KXHIGHNY-26AUG31-B78.5,NO,ask,0.07,10.0,5,28058.059999999998,yes_dollars,KXHIGHNY-26AUG31,2026-09-01T05:00:00Z,active,True
2026-09-01T01:10:19.648033+00:00,KXHIGHNY-26AUG31-B78.5,NO,ask,0.1,5.0,6,28063.059999999998,yes_dollars,KXHIGHNY-26AUG31,2026-09-01T05:00:00Z,active,True
2026-09-01T01:10:19.648033+00:00,KXHIGHNY-26AUG31-B78.5,NO,ask,0.15,150.0,7,28213.059999999998,yes_dollars,KXHIGHNY-26AUG31,2026-09-01T05:00:00Z,active,True
2026-09-01T01:10:19.648033+00:00,KXHIGHNY-26AUG31-B78.5,NO,ask,0.25,300.0,8,28513.059999999998,yes_dollars,KXHIGHNY-26AUG31,2026-09-01T05:00:00Z,active,True
2026-09-01T01:10:19.648033+00:00,KXHIGHNY-26AUG31-B78.5,NO,ask,0.4,1.0,9,28514.059999999998,yes_dollars,KXHIGHNY-26AUG31,2026-09-01T05:00:00Z,active,True
2026-09-01T01:10:19.648033+00:00,KXHIGHNY-26AUG31-B78.5,NO,ask,0.41,1.0,10,28515.059999999998,yes_dollars,KXHIGHNY-26AUG31,2026-09-01T05:00:00Z,active,True
2026-09-01T01:10:19.648033+00:00,KXHIGHNY-26AUG31-B78.5,NO,ask,0.42,1.0,11,28516.059999999998,yes_dollars,KXHIGHNY-26AUG31,2026-09-01T05:00:00Z,active,True
2026-09-01T01:10:19.648033+00:00,KXHIGHNY-26AUG31-B78.5,NO,ask,0.43,1.0,12,28517.059999999998,yes_dollars,KXHIGHNY-26AUG31,2026-09-01T05:00:00Z,active,True
2026-09-01T01:10:19.648033+00:00,KXHIGHNY-26AUG31-B78.5,NO,ask,0.44,1.0,13,28518.059999999998,yes_dollars,KXHIGHNY-26AUG31,2026-09-01T05:00:00Z,active,True
2026-09-01T01:10:19.648033+00:00,KXHIGHNY-26AUG31-B78.5,NO,ask,0.45,1.0,14,28519.059999999998,yes_dollars,KXHIGHNY-26AUG31,2026-09-01T05:00:00Z,active,True
2026-09-01T01:10:19.648033+00:00,KXHIGHNY-26AUG31-B78.5,NO,ask,0.49,60.0,15,28579.059999999998,yes_dollars,KXHIGHNY-26AUG31,2026-09-01T05:00:00Z,active,True
2026-09-01T01:10:19.648033+00:00,KXHIGHNY-26AUG31-B78.5,NO,ask,0.5,133.0,16,28712.059999999998,yes_dollars,KXHIGHNY-26AUG31,2026-09-01T05:00:00Z,active,True
2026-09-01T01:10:19.648033+00:00,KXHIGHNY-26AUG31-B78.5,NO,ask,0.59,1.0,17,28713.059999999998,yes_dollars,KXHIGHNY-26AUG31,2026-09-01T05:00:00Z,active,True
2026-09-01T01:10:19.648033+00:00,KXHIGHNY-26AUG31-B78.5,NO,ask,0.69,1.0,18,28714.059999999998,yes_dollars,KXHIGHNY-26AUG31,2026-09-01T05:00:00Z,active,True
2026-09-01T01:10:19.648033+00:00,KXHIGHNY-26AUG31-B78.5,NO,ask,0.7,10.0,19,28724.059999999998,yes_dollars,KXHIGHNY-26AUG31,2026-09-01T05:00:00Z,active,True
2026-09-01T01:10:19.648033+00:00,KXHIGHNY-26AUG31-B78.5,NO,ask,0.72,4.0,20,28728.059999999998,yes_dollars,KXHIGHNY-26AUG31,2026-09-01T05:00:00Z,active,True
2026-09-01T07:37:36.788720+00:00,KXHIGHNY-26SEP01-T90,NO,bid,0.99,8978.72,1,8978.72,no_dollars,KXHIGHNY-26SEP01,2026-09-02T05:00:00Z,active,True
2026-09-01T07:37:36.788720+00:00,KXHIGHNY-26SEP01-T90,NO,bid,0.98,694.0,2,9672.72,no_dollars,KXHIGHNY-26SEP01,2026-09-02T05:00:00Z,active,True
2026-09-01T07:37:36.788720+00:00,KXHIGHNY-26SEP01-T90,NO,bid,0.97,654.0,3,10326.72,no_dollars,KXHIGHNY-26SEP01,2026-09-02T05:00:00Z,active,True
2026-09-01T07:37:36.788720+00:00,KXHIGHNY-26SEP01-T90,NO,bid,0.96,170.0,4,10496.72,no_dollars,KXHIGHNY-26SEP01,2026-09-02T05:00:00Z,active,True
2026-09-01T07:37:36.788720+00:00,KXHIGHNY-26SEP01-T90,NO,bid,0.95,63.0,5,10559.72,no_dollars,KXHIGHNY-26SEP01,2026-09-02T05:00:00Z,active,True
2026-09-01T07:37:36.788720+00:00,KXHIGHNY-26SEP01-T90,NO,bid,0.94,50.0,6,10609.72,no_dollars,KXHIGHNY-26SEP01,2026-09-02T05:00:00Z,active,True
2026-09-01T07:37:36.788720+00:00,KXHIGHNY-26SEP01-T90,NO,bid,0.93,87.0,7,10696.72,no_dollars,KXHIGHNY-26SEP01,2026-09-02T05:00:00Z,active,True
2026-09-01T07:37:36.788720+00:00,KXHIGHNY-26SEP01-T90,NO,bid,0.92,50.0,8,10746.72,no_dollars,KXHIGHNY-26SEP01,2026-09-02T05:00:00Z,active,True
2026-09-01T07:37:36.788720+00:00,KXHIGHNY-26SEP01-T90,NO,bid,0.91,63.0,9,10809.72,no_dollars,KXHIGHNY-26SEP01,2026-09-02T05:00:00Z,active,True
2026-09-01T07:37:36.788720+00:00,KXHIGHNY-26SEP01-T90,NO,bid,0.87,22.0,10,10831.72,no_dollars,KXHIGHNY-26SEP01,2026-09-02T05:00:00Z,active,True
2026-09-01T07:37:36.788720+00:00,KXHIGHNY-26SEP01-T90,NO,bid,0.86,27.0,11,10858.72,no_dollars,KXHIGHNY-26SEP01,2026-09-02T05:00:00Z,active,True
2026-09-01T07:37:36.788720+00:00,KXHIGHNY-26SEP01-T90,NO,bid,0.85,196.0,12,11054.72,no_dollars,KXHIGHNY-26SEP01,2026-09-02T05:00:00Z,active,True
2026-09-01T07:37:36.788720+00:00,KXHIGHNY-26SEP01-T90,NO,bid,0.84,38.0,13,11092.72,no_dollars,KXHIGHNY-26SEP01,2026-09-02T05:00:00Z,active,True
2026-09-01T07:37:36.788720+00:00,KXHIGHNY-26SEP01-T90,NO,bid,0.83,27.0,14,11119.72,no_dollars,KXHIGHNY-26SEP01,2026-09-02T05:00:00Z,active,True
2026-09-01T07:37:36.788720+00:00,KXHIGHNY-26SEP01-T90,NO,bid,0.75,58.0,15,11177.72,no_dollars,KXHIGHNY-26SEP01,2026-09-02T05:00:00Z,active,True
2026-09-01T07:37:36.788720+00:00,KXHIGHNY-26SEP01-T90,NO,bid,0.74,25.0,16,11202.72,no_dollars,KXHIGHNY-26SEP01,2026-09-02T05:00:00Z,active,True
2026-09-01T07:37:36.788720+00:00,KXHIGHNY-26SEP01-T90,NO,bid,0.7,41.0,17,11243.72,no_dollars,KXHIGHNY-26SEP01,2026-09-02T05:00:00Z,active,True
2026-09-01T07:37:36.788720+00:00,KXHIGHNY-26SEP01-T90,NO,bid,0.69,40.0,18,11283.72,no_dollars,KXHIGHNY-26SEP01,2026-09-02T05:00:00Z,active,True
2026-09-01T07:37:36.788720+00:00,KXHIGHNY-26SEP01-T90,NO,bid,0.68,40.0,19,11323.72,no_dollars,KXHIGHNY-26SEP01,2026-09-02T05:00:00Z,active,True
2026-09-01T07:37:36.788720+00:00,KXHIGHNY-26SEP01-T90,NO,bid,0.67,40.0,20,11363.72,no_dollars,KXHIGHNY-26SEP01,2026-09-02T05:00:00Z,active,True
2026-09-01T07:37:36.788720+00:00,KXHIGHNY-26SEP01-T90,YES,ask,0.01,8978.72,1,8978.72,no_dollars,KXHIGHNY-26SEP01,2026-09-02T05:00:00Z,active,True
2026-09-01T07:37:36.788720+00:00,KXHIGHNY-26SEP01-T90,YES,ask,0.02,694.0,2,9672.72,no_dollars,KXHIGHNY-26SEP01,2026-09-02T05:00:00Z,active,True
2026-09-01T07:37:36.788720+00:00,KXHIGHNY-26SEP01-T90,YES,ask,0.03,654.0,3,10326.72,no_dollars,KXHIGHNY-26SEP01,2026-09-02T05:00:00Z,active,True
2026-09-01T07:37:36.788720+00:00,KXHIGHNY-26SEP01-T90,YES,ask,0.04,170.0,4,10496.72,no_dollars,KXHIGHNY-26SEP01,2026-09-02T05:00:00Z,active,True
2026-09-01T07:37:36.788720+00:00,KXHIGHNY-26SEP01-T90,YES,ask,0.05,63.0,5,10559.72,no_dollars,KXHIGHNY-26SEP01,2026-09-02T05:00:00Z,active,True
2026-09-01T07:37:36.788720+00:00,KXHIGHNY-26SEP01-T90,YES,ask,0.06,50.0,6,10609.72,no_dollars,KXHIGHNY-26SEP01,2026-09-02T05:00:00Z,active,True
2026-09-01T07:37:36.788720+00:00,KXHIGHNY-26SEP01-T90,YES,ask,0.07,87.0,7,10696.72,no_dollars,KXHIGHNY-26SEP01,2026-09-02T05:00:00Z,active,True
2026-09-01T07:37:36.788720+00:00,KXHIGHNY-26SEP01-T90,YES,ask,0.08,50.0,8,10746.72,no_dollars,KXHIGHNY-26SEP01,2026-09-02T05:00:00Z,active,True
2026-09-01T07:37:36.788720+00:00,KXHIGHNY-26SEP01-T90,YES,ask,0.09,63.0,9,10809.72,no_dollars,KXHIGHNY-26SEP01,2026-09-02T05:00:00Z,active,True
2026-09-01T07:37:36.788720+00:00,KXHIGHNY-26SEP01-T90,YES,ask,0.13,22.0,10,10831.72,no_dollars,KXHIGHNY-26SEP01,2026-09-02T05:00:00Z,active,True
2026-09-01T07:37:36.788720+00:00,KXHIGHNY-26SEP01-T90,YES,ask,0.14,27.0,11,10858.72,no_dollars,KXHIGHNY-26SEP01,2026-09-02T05:00:00Z,active,True
2026-09-01T07:37:36.788720+00:00,KXHIGHNY-26SEP01-T90,YES,ask,0.15,196.0,12,11054.72,no_dollars,KXHIGHNY-26SEP01,2026-09-02T05:00:00Z,active,True
2026-09-01T07:37:36.788720+00:00,KXHIGHNY-26SEP01-T90,YES,ask,0.16,38.0,13,11092.72,no_dollars,KXHIGHNY-26SEP01,2026-09-02T05:00:00Z,active,True
2026-09-01T07:37:36.788720+00:00,KXHIGHNY-26SEP01-T90,YES,ask,0.17,27.0,14,11119.72,no_dollars,KXHIGHNY-26SEP01,2026-09-02T05:00:00Z,active,True
2026-09-01T07:37:36.788720+00:00,KXHIGHNY-26SEP01-T90,YES,ask,0.25,58.0,15,11177.72,no_dollars,KXHIGHNY-26SEP01,2026-09-02T05:00:00Z,active,True
2026-09-01T07:37:36.788720+00:00,KXHIGHNY-26SEP01-T90,YES,ask,0.26,25.0,16,11202.72,no_dollars,KXHIGHNY-26SEP01,2026-09-02T05:00:00Z,active,True
2026-09-01T07:37:36.788720+00:00,KXHIGHNY-26SEP01-T90,YES,ask,0.3,41.0,17,11243.72,no_dollars,KXHIGHNY-26SEP01,2026-09-02T05:00:00Z,active,True
2026-09-01T07:37:36.788720+00:00,KXHIGHNY-26SEP01-T90,YES,ask,0.31,40.0,18,11283.72,no_dollars,KXHIGHNY-26SEP01,2026-09-02T05:00:00Z,active,True
2026-09-01T07:37:36.788720+00:00,KXHIGHNY-26SEP01-T90,YES,ask,0.32,40.0,19,11323.72,no_dollars,KXHIGHNY-26SEP01,2026-09-02T05:00:00Z,active,True
2026-09-01T07:37:36.788720+00:00,KXHIGHNY-26SEP01-T90,YES,ask,0.33,40.0,20,11363.72,no_dollars,KXHIGHNY-26SEP01,2026-09-02T05:00:00Z,active,True
2026-09-01T07:37:36.788720+00:00,KXHIGHNY-26SEP01-T83,YES,bid,0.6,35.0,1,35.0,yes_dollars,KXHIGHNY-26SEP01,2026-09-02T05:00:00Z,active,True
2026-09-01T07:37:36.788720+00:00,KXHIGHNY-26SEP01-T83,YES,bid,0.59,56.19,2,91.19,yes_dollars,KXHIGHNY-26SEP01,2026-09-02T05:00:00Z,active,True
2026-09-01T07:37:36.788720+00:00,KXHIGHNY-26SEP01-T83,YES,bid,0.58,61.0,3,152.19,yes_dollars,KXHIGHNY-26SEP01,2026-09-02T05:00:00Z,active,True
2026-09-01T07:37:36.788720+00:00,KXHIGHNY-26SEP01-T83,YES,bid,0.57,2.0,4,154.19,yes_dollars,KXHIGHNY-26SEP01,2026-09-02T05:00:00Z,active,True
2026-09-01T07:37:36.788720+00:00,KXHIGHNY-26SEP01-T83,YES,bid,0.56,44.0,5,198.19,yes_dollars,KXHIGHNY-26SEP01,2026-09-02T05:00:00Z,active,True
2026-09-01T07:37:36.788720+00:00,KXHIGHNY-26SEP01-T83,YES,bid,0.55,52.01,6,250.2,yes_dollars,KXHIGHNY-26SEP01,2026-09-02T05:00:00Z,active,True
2026-09-01T07:37:36.788720+00:00,KXHIGHNY-26SEP01-T83,YES,bid,0.54,38.0,7,288.2,yes_dollars,KXHIGHNY-26SEP01,2026-09-02T05:00:00Z,active,True
2026-09-01T07:37:36.788720+00:00,KXHIGHNY-26SEP01-T83,YES,bid,0.52,44.0,8,332.2,yes_dollars,KXHIGHNY-26SEP01,2026-09-02T05:00:00Z,active,True
2026-09-01T07:37:36.788720+00:00,KXHIGHNY-26SEP01-T83,YES,bid,0.5,26.0,9,358.2,yes_dollars,KXHIGHNY-26SEP01,2026-09-02T05:00:00Z,active,True
2026-09-01T07:37:36.788720+00:00,KXHIGHNY-26SEP01-T83,YES,bid,0.47,3.0,10,361.2,yes_dollars,KXHIGHNY-26SEP01,2026-09-02T05:00:00Z,active,True
2026-09-01T07:37:36.788720+00:00,KXHIGHNY-26SEP01-T83,YES,bid,0.45,25.0,11,386.2,yes_dollars,KXHIGHNY-26SEP01,2026-09-02T05:00:00Z,active,True
2026-09-01T07:37:36.788720+00:00,KXHIGHNY-26SEP01-T83,YES,bid,0.41,10.0,12,396.2,yes_dollars,KXHIGHNY-26SEP01,2026-09-02T05:00:00Z,active,True
2026-09-01T07:37:36.788720+00:00,KXHIGHNY-26SEP01-T83,YES,bid,0.4,25.0,13,421.2,yes_dollars,KXHIGHNY-26SEP01,2026-09-02T05:00:00Z,active,True
2026-09-01T07:37:36.788720+00:00,KXHIGHNY-26SEP01-T83,YES,bid,0.36,59.37,14,480.57,yes_dollars,KXHIGHNY-26SEP01,2026-09-02T05:00:00Z,active,True
2026-09-01T07:37:36.788720+00:00,KXHIGHNY-26SEP01-T83,YES,bid,0.35,30.0,15,510.57,yes_dollars,KXHIGHNY-26SEP01,2026-09-02T05:00:00Z,active,True
2026-09-01T07:37:36.788720+00:00,KXHIGHNY-26SEP01-T83,YES,bid,0.34,13.0,16,523.5699999999999,yes_dollars,KXHIGHNY-26SEP01,2026-09-02T05:00:00Z,active,True
2026-09-01T07:37:36.788720+00:00,KXHIGHNY-26SEP01-T83,YES,bid,0.33,720.0,17,1243.57,yes_dollars,KXHIGHNY-26SEP01,2026-09-02T05:00:00Z,active,True
2026-09-01T07:37:36.788720+00:00,KXHIGHNY-26SEP01-T83,YES,bid,0.31,15.0,18,1258.57,yes_dollars,KXHIGHNY-26SEP01,2026-09-02T05:00:00Z,active,True
2026-09-01T07:37:36.788720+00:00,KXHIGHNY-26SEP01-T83,YES,bid,0.3,25.0,19,1283.57,yes_dollars,KXHIGHNY-26SEP01,2026-09-02T05:00:00Z,active,True
2026-09-01T07:37:36.788720+00:00,KXHIGHNY-26SEP01-T83,YES,bid,0.28,44.0,20,1327.57,yes_dollars,KXHIGHNY-26SEP01,2026-09-02T05:00:00Z,active,True
2026-09-01T07:37:36.788720+00:00,KXHIGHNY-26SEP01-T83,NO,ask,0.4,35.0,1,35.0,yes_dollars,KXHIGHNY-26SEP01,2026-09-02T05:00:00Z,active,True
2026-09-01T07:37:36.788720+00:00,KXHIGHNY-26SEP01-T83,NO,ask,0.41,56.19,2,91.19,yes_dollars,KXHIGHNY-26SEP01,2026-09-02T05:00:00Z,active,True
2026-09-01T07:37:36.788720+00:00,KXHIGHNY-26SEP01-T83,NO,ask,0.42,61.0,3,152.19,yes_dollars,KXHIGHNY-26SEP01,2026-09-02T05:00:00Z,active,True
2026-09-01T07:37:36.788720+00:00,KXHIGHNY-26SEP01-T83,NO,ask,0.43,2.0,4,154.19,yes_dollars,KXHIGHNY-26SEP01,2026-09-02T05:00:00Z,active,True
2026-09-01T07:37:36.788720+00:00,KXHIGHNY-26SEP01-T83,NO,ask,0.44,44.0,5,198.19,yes_dollars,KXHIGHNY-26SEP01,2026-09-02T05:00:00Z,active,True
2026-09-01T07:37:36.788720+00:00,KXHIGHNY-26SEP01-T83,NO,ask,0.45,52.01,6,250.2,yes_dollars,KXHIGHNY-26SEP01,2026-09-02T05:00:00Z,active,True
2026-09-01T07:37:36.788720+00:00,KXHIGHNY-26SEP01-T83,NO,ask,0.46,38.0,7,288.2,yes_dollars,KXHIGHNY-26SEP01,2026-09-02T05:00:00Z,active,True
2026-09-01T07:37:36.788720+00:00,KXHIGHNY-26SEP01-T83,NO,ask,0.48,44.0,8,332.2,yes_dollars,KXHIGHNY-26SEP01,2026-09-02T05:00:00Z,active,True
2026-09-01T07:37:36.788720+00:00,KXHIGHNY-26SEP01-T83,NO,ask,0.5,26.0,9,358.2,yes_dollars,KXHIGHNY-26SEP01,2026-09-02T05:00:00Z,active,True
2026-09-01T07:37:36.788720+00:00,KXHIGHNY-26SEP01-T83,NO,ask,0.53,3.0,10,361.2,yes_dollars,KXHIGHNY-26SEP01,2026-09-02T05:00:00Z,active,True
2026-09-01T07:37:36.788720+00:00,KXHIGHNY-26SEP01-T83,NO,ask,0.55,25.0,11,386.2,yes_dollars,KXHIGHNY-26SEP01,2026-09-02T05:00:00Z,active,True
2026-09-01T07:37:36.788720+00:00,KXHIGHNY-26SEP01-T83,NO,ask,0.59,10.0,12,396.2,yes_dollars,KXHIGHNY-26SEP01,2026-09-02T05:00:00Z,active,True
2026-09-01T07:37:36.788720+00:00,KXHIGHNY-26SEP01-T83,NO,ask,0.6,25.0,13,421.2,yes_dollars,KXHIGHNY-26SEP01,2026-09-02T05:00:00Z,active,True
2026-09-01T07:37:36.788720+00:00,KXHIGHNY-26SEP01-T83,NO,ask,0.64,59.37,14,480.57,yes_dollars,KXHIGHNY-26SEP01,2026-09-02T05:00:00Z,active,True
2026-09-01T07:37:36.788720+00:00,KXHIGHNY-26SEP01-T83,NO,ask,0.65,30.0,15,510.57,yes_dollars,KXHIGHNY-26SEP01,2026-09-02T05:00:00Z,active,True
2026-09-01T07:37:36.788720+00:00,KXHIGHNY-26SEP01-T83,NO,ask,0.66,13.0,16,523.5699999999999,yes_dollars,KXHIGHNY-26SEP01,2026-09-02T05:00:00Z,active,True
2026-09-01T07:37:36.788720+00:00,KXHIGHNY-26SEP01-T83,NO,ask,0.67,720.0,17,1243.57,yes_dollars,KXHIGHNY-26SEP01,2026-09-02T05:00:00Z,active,True
2026-09-01T07:37:36.788720+00:00,KXHIGHNY-26SEP01-T83,NO,ask,0.69,15.0,18,1258.57,yes_dollars,KXHIGHNY-26SEP01,2026-09-02T05:00:00Z,active,True
2026-09-01T07:37:36.788720+00:00,KXHIGHNY-26SEP01-T83,NO,ask,0.7,25.0,19,1283.57,yes_dollars,KXHIGHNY-26SEP01,2026-09-02T05:00:00Z,active,True
2026-09-01T07:37:36.788720+00:00,KXHIGHNY-26SEP01-T83,NO,ask,0.72,44.0,20,1327.57,yes_dollars,KXHIGHNY-26SEP01,2026-09-02T05:00:00Z,active,True
2026-09-01T07:37:36.788720+00:00,KXHIGHNY-26SEP01-T83,NO,bid,0.38,45.0,1,45.0,no_dollars,KXHIGHNY-26SEP01,2026-09-02T05:00:00Z,active,True
2026-09-01T07:37:36.788720+00:00,KXHIGHNY-26SEP01-T83,NO,bid,0.37,32.0,2,77.0,no_dollars,KXHIGHNY-26SEP01,2026-09-02T05:00:00Z,active,True
2026-09-01T07:37:36.788720+00:00,KXHIGHNY-26SEP01-T83,NO,bid,0.36,72.0,3,149.0,no_dollars,KXHIGHNY-26SEP01,2026-09-02T05:00:00Z,active,True
2026-09-01T07:37:36.788720+00:00,KXHIGHNY-26SEP01-T83,NO,bid,0.35,28.0,4,177.0,no_dollars,KXHIGHNY-26SEP01,2026-09-02T05:00:00Z,active,True
2026-09-01T07:37:36.788720+00:00,KXHIGHNY-26SEP01-T83,NO,bid,0.34,54.0,5,231.0,no_dollars,KXHIGHNY-26SEP01,2026-09-02T05:00:00Z,active,True
2026-09-01T07:37:36.788720+00:00,KXHIGHNY-26SEP01-T83,NO,bid,0.33,30.0,6,261.0,no_dollars,KXHIGHNY-26SEP01,2026-09-02T05:00:00Z,active,True
2026-09-01T07:37:36.788720+00:00,KXHIGHNY-26SEP01-T83,NO,bid,0.32,61.0,7,322.0,no_dollars,KXHIGHNY-26SEP01,2026-09-02T05:00:00Z,active,True
2026-09-01T07:37:36.788720+00:00,KXHIGHNY-26SEP01-T83,NO,bid,0.31,10.0,8,332.0,no_dollars,KXHIGHNY-26SEP01,2026-09-02T05:00:00Z,active,True
2026-09-01T07:37:36.788720+00:00,KXHIGHNY-26SEP01-T83,NO,bid,0.3,135.0,9,467.0,no_dollars,KXHIGHNY-26SEP01,2026-09-02T05:00:00Z,active,True
2026-09-01T07:37:36.788720+00:00,KXHIGHNY-26SEP01-T83,NO,bid,0.29,25.0,10,492.0,no_dollars,KXHIGHNY-26SEP01,2026-09-02T05:00:00Z,active,True
2026-09-01T07:37:36.788720+00:00,KXHIGHNY-26SEP01-T83,NO,bid,0.28,36.0,11,528.0,no_dollars,KXHIGHNY-26SEP01,2026-09-02T05:00:00Z,active,True
2026-09-01T07:37:36.788720+00:00,KXHIGHNY-26SEP01-T83,NO,bid,0.27,1.0,12,529.0,no_dollars,KXHIGHNY-26SEP01,2026-09-02T05:00:00Z,active,True
2026-09-01T07:37:36.788720+00:00,KXHIGHNY-26SEP01-T83,NO,bid,0.26,111.0,13,640.0,no_dollars,KXHIGHNY-26SEP01,2026-09-02T05:00:00Z,active,True
2026-09-01T07:37:36.788720+00:00,KXHIGHNY-26SEP01-T83,NO,bid,0.25,177.06,14,817.06,no_dollars,KXHIGHNY-26SEP01,2026-09-02T05:00:00Z,active,True
2026-09-01T07:37:36.788720+00:00,KXHIGHNY-26SEP01-T83,NO,bid,0.24,2.0,15,819.06,no_dollars,KXHIGHNY-26SEP01,2026-09-02T05:00:00Z,active,True
2026-09-01T07:37:36.788720+00:00,KXHIGHNY-26SEP01-T83,NO,bid,0.23,4.0,16,823.06,no_dollars,KXHIGHNY-26SEP01,2026-09-02T05:00:00Z,active,True
2026-09-01T07:37:36.788720+00:00,KXHIGHNY-26SEP01-T83,NO,bid,0.22,50.0,17,873.06,no_dollars,KXHIGHNY-26SEP01,2026-09-02T05:00:00Z,active,True
2026-09-01T07:37:36.788720+00:00,KXHIGHNY-26SEP01-T83,NO,bid,0.21,196.0,18,1069.06,no_dollars,KXHIGHNY-26SEP01,2026-09-02T05:00:00Z,active,True
2026-09-01T07:37:36.788720+00:00,KXHIGHNY-26SEP01-T83,NO,bid,0.2,663.0,19,1732.06,no_dollars,KXHIGHNY-26SEP01,2026-09-02T05:00:00Z,active,True
2026-09-01T07:37:36.788720+00:00,KXHIGHNY-26SEP01-T83,NO,bid,0.19,244.67,20,1976.73,no_dollars,KXHIGHNY-26SEP01,2026-09-02T05:00:00Z,active,True
2026-09-01T07:37:36.788720+00:00,KXHIGHNY-26SEP01-T83,YES,ask,0.62,45.0,1,45.0,no_dollars,KXHIGHNY-26SEP01,2026-09-02T05:00:00Z,active,True
2026-09-01T07:37:36.788720+00:00,KXHIGHNY-26SEP01-T83,YES,ask,0.63,32.0,2,77.0,no_dollars,KXHIGHNY-26SEP01,2026-09-02T05:00:00Z,active,True
2026-09-01T07:37:36.788720+00:00,KXHIGHNY-26SEP01-T83,YES,ask,0.64,72.0,3,149.0,no_dollars,KXHIGHNY-26SEP01,2026-09-02T05:00:00Z,active,True
2026-09-01T07:37:36.788720+00:00,KXHIGHNY-26SEP01-T83,YES,ask,0.65,28.0,4,177.0,no_dollars,KXHIGHNY-26SEP01,2026-09-02T05:00:00Z,active,True
2026-09-01T07:37:36.788720+00:00,KXHIGHNY-26SEP01-T83,YES,ask,0.66,54.0,5,231.0,no_dollars,KXHIGHNY-26SEP01,2026-09-02T05:00:00Z,active,True
2026-09-01T07:37:36.788720+00:00,KXHIGHNY-26SEP01-T83,YES,ask,0.67,30.0,6,261.0,no_dollars,KXHIGHNY-26SEP01,2026-09-02T05:00:00Z,active,True
2026-09-01T07:37:36.788720+00:00,KXHIGHNY-26SEP01-T83,YES,ask,0.68,61.0,7,322.0,no_dollars,KXHIGHNY-26SEP01,2026-09-02T05:00:00Z,active,True
2026-09-01T07:37:36.788720+00:00,KXHIGHNY-26SEP01-T83,YES,ask,0.69,10.0,8,332.0,no_dollars,KXHIGHNY-26SEP01,2026-09-02T05:00:00Z,active,True
2026-09-01T07:37:36.788720+00:00,KXHIGHNY-26SEP01-T83,YES,ask,0.7,135.0,9,467.0,no_dollars,KXHIGHNY-26SEP01,2026-09-02T05:00:00Z,active,True
2026-09-01T07:37:36.788720+00:00,KXHIGHNY-26SEP01-T83,YES,ask,0.71,25.0,10,492.0,no_dollars,KXHIGHNY-26SEP01,2026-09-02T05:00:00Z,active,True
2026-09-01T07:37:36.788720+00:00,KXHIGHNY-26SEP01-T83,YES,ask,0.72,36.0,11,528.0,no_dollars,KXHIGHNY-26SEP01,2026-09-02T05:00:00Z,active,True
2026-09-01T07:37:36.788720+00:00,KXHIGHNY-26SEP01-T83,YES,ask,0.73,1.0,12,529.0,no_dollars,KXHIGHNY-26SEP01,2026-09-02T05:00:00Z,active,True
2026-09-01T07:37:36.788720+00:00,KXHIGHNY-26SEP01-T83,YES,ask,0.74,111.0,13,640.0,no_dollars,KXHIGHNY-26SEP01,2026-09-02T05:00:00Z,active,True
2026-09-01T07:37:36.788720+00:00,KXHIGHNY-26SEP01-T83,YES,ask,0.75,177.06,14,817.06,no_dollars,KXHIGHNY-26SEP01,2026-09-02T05:00:00Z,active,True
2026-09-01T07:37:36.788720+00:00,KXHIGHNY-26SEP01-T83,YES,ask,0.76,2.0,15,819.06,no_dollars,KXHIGHNY-26SEP01,2026-09-02T05:00:00Z,active,True
2026-09-01T07:37:36.788720+00:00,KXHIGHNY-26SEP01-T83,YES,ask,0.77,4.0,16,823.06,no_dollars,KXHIGHNY-26SEP01,2026-09-02T05:00:00Z,active,True
2026-09-01T07:37:36.788720+00:00,KXHIGHNY-26SEP01-T83,YES,ask,0.78,50.0,17,873.06,no_dollars,KXHIGHNY-26SEP01,2026-09-02T05:00:00Z,active,True
2026-09-01T07:37:36.788720+00:00,KXHIGHNY-26SEP01-T83,YES,ask,0.79,196.0,18,1069.06,no_dollars,KXHIGHNY-26SEP01,2026-09-02T05:00:00Z,active,True
2026-09-01T07:37:36.788720+00:00,KXHIGHNY-26SEP01-T83,YES,ask,0.8,663.0,19,1732.06,no_dollars,KXHIGHNY-26SEP01,2026-09-02T05:00:00Z,active,True
2026-09-01T07:37:36.788720+00:00,KXHIGHNY-26SEP01-T83,YES,ask,0.81,244.67,20,1976.73,no_dollars,KXHIGHNY-26SEP01,2026-09-02T05:00:00Z,active,True
2026-09-01T07:37:36.788720+00:00,KXHIGHNY-26SEP01-B89.5,NO,bid,0.99,112.23,1,112.23,no_dollars,KXHIGHNY-26SEP01,2026-09-02T05:00:00Z,active,True
2026-09-01T07:37:36.788720+00:00,KXHIGHNY-26SEP01-B89.5,NO,bid,0.98,3306.0,2,3418.23,no_dollars,KXHIGHNY-26SEP01,2026-09-02T05:00:00Z,active,True
2026-09-01T07:37:36.788720+00:00,KXHIGHNY-26SEP01-B89.5,NO,bid,0.97,376.0,3,3794.23,no_dollars,KXHIGHNY-26SEP01,2026-09-02T05:00:00Z,active,True
2026-09-01T07:37:36.788720+00:00,KXHIGHNY-26SEP01-B89.5,NO,bid,0.96,120.0,4,3914.23,no_dollars,KXHIGHNY-26SEP01,2026-09-02T05:00:00Z,active,True
2026-09-01T07:37:36.788720+00:00,KXHIGHNY-26SEP01-B89.5,NO,bid,0.95,78.0,5,3992.23,no_dollars,KXHIGHNY-26SEP01,2026-09-02T05:00:00Z,active,True
2026-09-01T07:37:36.788720+00:00,KXHIGHNY-26SEP01-B89.5,NO,bid,0.93,16.0,6,4008.23,no_dollars,KXHIGHNY-26SEP01,2026-09-02T05:00:00Z,active,True
2026-09-01T07:37:36.788720+00:00,KXHIGHNY-26SEP01-B89.5,NO,bid,0.92,12.0,7,4020.23,no_dollars,KXHIGHNY-26SEP01,2026-09-02T05:00:00Z,active,True
2026-09-01T07:37:36.788720+00:00,KXHIGHNY-26SEP01-B89.5,NO,bid,0.91,10.0,8,4030.23,no_dollars,KXHIGHNY-26SEP01,2026-09-02T05:00:00Z,active,True
2026-09-01T07:37:36.788720+00:00,KXHIGHNY-26SEP01-B89.5,NO,bid,0.9,10.0,9,4040.23,no_dollars,KXHIGHNY-26SEP01,2026-09-02T05:00:00Z,active,True
2026-09-01T07:37:36.788720+00:00,KXHIGHNY-26SEP01-B89.5,NO,bid,0.89,3.0,10,4043.23,no_dollars,KXHIGHNY-26SEP01,2026-09-02T05:00:00Z,active,True
2026-09-01T07:37:36.788720+00:00,KXHIGHNY-26SEP01-B89.5,NO,bid,0.85,413.0,11,4456.23,no_dollars,KXHIGHNY-26SEP01,2026-09-02T05:00:00Z,active,True
2026-09-01T07:37:36.788720+00:00,KXHIGHNY-26SEP01-B89.5,NO,bid,0.84,138.0,12,4594.23,no_dollars,KXHIGHNY-26SEP01,2026-09-02T05:00:00Z,active,True
2026-09-01T07:37:36.788720+00:00,KXHIGHNY-26SEP01-B89.5,NO,bid,0.83,27.0,13,4621.23,no_dollars,KXHIGHNY-26SEP01,2026-09-02T05:00:00Z,active,True
2026-09-01T07:37:36.788720+00:00,KXHIGHNY-26SEP01-B89.5,NO,bid,0.82,33.0,14,4654.23,no_dollars,KXHIGHNY-26SEP01,2026-09-02T05:00:00Z,active,True
2026-09-01T07:37:36.788720+00:00,KXHIGHNY-26SEP01-B89.5,NO,bid,0.81,28.0,15,4682.23,no_dollars,KXHIGHNY-26SEP01,2026-09-02T05:00:00Z,active,True
2026-09-01T07:37:36.788720+00:00,KXHIGHNY-26SEP01-B89.5,NO,bid,0.75,49.0,16,4731.23,no_dollars,KXHIGHNY-26SEP01,2026-09-02T05:00:00Z,active,True
2026-09-01T07:37:36.788720+00:00,KXHIGHNY-26SEP01-B89.5,NO,bid,0.74,25.0,17,4756.23,no_dollars,KXHIGHNY-26SEP01,2026-09-02T05:00:00Z,active,True
2026-09-01T07:37:36.788720+00:00,KXHIGHNY-26SEP01-B89.5,NO,bid,0.7,41.0,18,4797.23,no_dollars,KXHIGHNY-26SEP01,2026-09-02T05:00:00Z,active,True
2026-09-01T07:37:36.788720+00:00,KXHIGHNY-26SEP01-B89.5,NO,bid,0.69,40.0,19,4837.23,no_dollars,KXHIGHNY-26SEP01,2026-09-02T05:00:00Z,active,True
2026-09-01T07:37:36.788720+00:00,KXHIGHNY-26SEP01-B89.5,NO,bid,0.68,40.0,20,4877.23,no_dollars,KXHIGHNY-26SEP01,2026-09-02T05:00:00Z,active,True
2026-09-01T07:37:36.788720+00:00,KXHIGHNY-26SEP01-B89.5,YES,ask,0.01,112.23,1,112.23,no_dollars,KXHIGHNY-26SEP01,2026-09-02T05:00:00Z,active,True
2026-09-01T07:37:36.788720+00:00,KXHIGHNY-26SEP01-B89.5,YES,ask,0.02,3306.0,2,3418.23,no_dollars,KXHIGHNY-26SEP01,2026-09-02T05:00:00Z,active,True
2026-09-01T07:37:36.788720+00:00,KXHIGHNY-26SEP01-B89.5,YES,ask,0.03,376.0,3,3794.23,no_dollars,KXHIGHNY-26SEP01,2026-09-02T05:00:00Z,active,True
2026-09-01T07:37:36.788720+00:00,KXHIGHNY-26SEP01-B89.5,YES,ask,0.04,120.0,4,3914.23,no_dollars,KXHIGHNY-26SEP01,2026-09-02T05:00:00Z,active,True
2026-09-01T07:37:36.788720+00:00,KXHIGHNY-26SEP01-B89.5,YES,ask,0.05,78.0,5,3992.23,no_dollars,KXHIGHNY-26SEP01,2026-09-02T05:00:00Z,active,True
2026-09-01T07:37:36.788720+00:00,KXHIGHNY-26SEP01-B89.5,YES,ask,0.07,16.0,6,4008.23,no_dollars,KXHIGHNY-26SEP01,2026-09-02T05:00:00Z,active,True
2026-09-01T07:37:36.788720+00:00,KXHIGHNY-26SEP01-B89.5,YES,ask,0.08,12.0,7,4020.23,no_dollars,KXHIGHNY-26SEP01,2026-09-02T05:00:00Z,active,True
2026-09-01T07:37:36.788720+00:00,KXHIGHNY-26SEP01-B89.5,YES,ask,0.09,10.0,8,4030.23,no_dollars,KXHIGHNY-26SEP01,2026-09-02T05:00:00Z,active,True
2026-09-01T07:37:36.788720+00:00,KXHIGHNY-26SEP01-B89.5,YES,ask,0.1,10.0,9,4040.23,no_dollars,KXHIGHNY-26SEP01,2026-09-02T05:00:00Z,active,True
2026-09-01T07:37:36.788720+00:00,KXHIGHNY-26SEP01-B89.5,YES,ask,0.11,3.0,10,4043.23,no_dollars,KXHIGHNY-26SEP01,2026-09-02T05:00:00Z,active,True
2026-09-01T07:37:36.788720+00:00,KXHIGHNY-26SEP01-B89.5,YES,ask,0.15,413.0,11,4456.23,no_dollars,KXHIGHNY-26SEP01,2026-09-02T05:00:00Z,active,True
2026-09-01T07:37:36.788720+00:00,KXHIGHNY-26SEP01-B89.5,YES,ask,0.16,138.0,12,4594.23,no_dollars,KXHIGHNY-26SEP01,2026-09-02T05:00:00Z,active,True
2026-09-01T07:37:36.788720+00:00,KXHIGHNY-26SEP01-B89.5,YES,ask,0.17,27.0,13,4621.23,no_dollars,KXHIGHNY-26SEP01,2026-09-02T05:00:00Z,active,True
2026-09-01T07:37:36.788720+00:00,KXHIGHNY-26SEP01-B89.5,YES,ask,0.18,33.0,14,4654.23,no_dollars,KXHIGHNY-26SEP01,2026-09-02T05:00:00Z,active,True
2026-09-01T07:37:36.788720+00:00,KXHIGHNY-26SEP01-B89.5,YES,ask,0.19,28.0,15,4682.23,no_dollars,KXHIGHNY-26SEP01,2026-09-02T05:00:00Z,active,True
2026-09-01T07:37:36.788720+00:00,KXHIGHNY-26SEP01-B89.5,YES,ask,0.25,49.0,16,4731.23,no_dollars,KXHIGHNY-26SEP01,2026-09-02T05:00:00Z,active,True
2026-09-01T07:37:36.788720+00:00,KXHIGHNY-26SEP01-B89.5,YES,ask,0.26,25.0,17,4756.23,no_dollars,KXHIGHNY-26SEP01,2026-09-02T05:00:00Z,active,True
2026-09-01T07:37:36.788720+00:00,KXHIGHNY-26SEP01-B89.5,YES,ask,0.3,41.0,18,4797.23,no_dollars,KXHIGHNY-26SEP01,2026-09-02T05:00:00Z,active,True
2026-09-01T07:37:36.788720+00:00,KXHIGHNY-26SEP01-B89.5,YES,ask,0.31,40.0,19,4837.23,no_dollars,KXHIGHNY-26SEP01,2026-09-02T05:00:00Z,active,True
2026-09-01T07:37:36.788720+00:00,KXHIGHNY-26SEP01-B89.5,YES,ask,0.32,40.0,20,4877.23,no_dollars,KXHIGHNY-26SEP01,2026-09-02T05:00:00Z,active,True
2026-09-01T07:37:36.788720+00:00,KXHIGHNY-26SEP01-B87.5,YES,bid,0.01,1718.43,1,1718.43,yes_dollars,KXHIGHNY-26SEP01,2026-09-02T05:00:00Z,active,True
2026-09-01T07:37:36.788720+00:00,KXHIGHNY-26SEP01-B87.5,NO,ask,0.99,1718.43,1,1718.43,yes_dollars,KXHIGHNY-26SEP01,2026-09-02T05:00:00Z,active,True
2026-09-01T07:37:36.788720+00:00,KXHIGHNY-26SEP01-B87.5,NO,bid,0.98,33.0,1,33.0,no_dollars,KXHIGHNY-26SEP01,2026-09-02T05:00:00Z,active,True
2026-09-01T07:37:36.788720+00:00,KXHIGHNY-26SEP01-B87.5,NO,bid,0.97,81.0,2,114.0,no_dollars,KXHIGHNY-26SEP01,2026-09-02T05:00:00Z,active,True
2026-09-01T07:37:36.788720+00:00,KXHIGHNY-26SEP01-B87.5,NO,bid,0.96,54.0,3,168.0,no_dollars,KXHIGHNY-26SEP01,2026-09-02T05:00:00Z,active,True
2026-09-01T07:37:36.788720+00:00,KXHIGHNY-26SEP01-B87.5,NO,bid,0.95,4.0,4,172.0,no_dollars,KXHIGHNY-26SEP01,2026-09-02T05:00:00Z,active,True
2026-09-01T07:37:36.788720+00:00,KXHIGHNY-26SEP01-B87.5,NO,bid,0.94,40.0,5,212.0,no_dollars,KXHIGHNY-26SEP01,2026-09-02T05:00:00Z,active,True
2026-09-01T07:37:36.788720+00:00,KXHIGHNY-26SEP01-B87.5,NO,bid,0.93,52.0,6,264.0,no_dollars,KXHIGHNY-26SEP01,2026-09-02T05:00:00Z,active,True
2026-09-01T07:37:36.788720+00:00,KXHIGHNY-26SEP01-B87.5,NO,bid,0.92,67.0,7,331.0,no_dollars,KXHIGHNY-26SEP01,2026-09-02T05:00:00Z,active,True
2026-09-01T07:37:36.788720+00:00,KXHIGHNY-26SEP01-B87.5,NO,bid,0.91,237.0,8,568.0,no_dollars,KXHIGHNY-26SEP01,2026-09-02T05:00:00Z,active,True
2026-09-01T07:37:36.788720+00:00,KXHIGHNY-26SEP01-B87.5,NO,bid,0.9,20.0,9,588.0,no_dollars,KXHIGHNY-26SEP01,2026-09-02T05:00:00Z,active,True
2026-09-01T07:37:36.788720+00:00,KXHIGHNY-26SEP01-B87.5,NO,bid,0.89,5.0,10,593.0,no_dollars,KXHIGHNY-26SEP01,2026-09-02T05:00:00Z,active,True
2026-09-01T07:37:36.788720+00:00,KXHIGHNY-26SEP01-B87.5,NO,bid,0.85,36.0,11,629.0,no_dollars,KXHIGHNY-26SEP01,2026-09-02T05:00:00Z,active,True
2026-09-01T07:37:36.788720+00:00,KXHIGHNY-26SEP01-B87.5,NO,bid,0.81,10.0,12,639.0,no_dollars,KXHIGHNY-26SEP01,2026-09-02T05:00:00Z,active,True
2026-09-01T07:37:36.788720+00:00,KXHIGHNY-26SEP01-B87.5,NO,bid,0.79,50.0,13,689.0,no_dollars,KXHIGHNY-26SEP01,2026-09-02T05:00:00Z,active,True
2026-09-01T07:37:36.788720+00:00,KXHIGHNY-26SEP01-B87.5,NO,bid,0.78,725.0,14,1414.0,no_dollars,KXHIGHNY-26SEP01,2026-09-02T05:00:00Z,active,True
2026-09-01T07:37:36.788720+00:00,KXHIGHNY-26SEP01-B87.5,NO,bid,0.77,25.0,15,1439.0,no_dollars,KXHIGHNY-26SEP01,2026-09-02T05:00:00Z,active,True
2026-09-01T07:37:36.788720+00:00,KXHIGHNY-26SEP01-B87.5,NO,bid,0.76,23.0,16,1462.0,no_dollars,KXHIGHNY-26SEP01,2026-09-02T05:00:00Z,active,True
2026-09-01T07:37:36.788720+00:00,KXHIGHNY-26SEP01-B87.5,NO,bid,0.75,173.0,17,1635.0,no_dollars,KXHIGHNY-26SEP01,2026-09-02T05:00:00Z,active,True
2026-09-01T07:37:36.788720+00:00,KXHIGHNY-26SEP01-B87.5,NO,bid,0.74,22.0,18,1657.0,no_dollars,KXHIGHNY-26SEP01,2026-09-02T05:00:00Z,active,True
2026-09-01T07:37:36.788720+00:00,KXHIGHNY-26SEP01-B87.5,NO,bid,0.73,25.0,19,1682.0,no_dollars,KXHIGHNY-26SEP01,2026-09-02T05:00:00Z,active,True
2026-09-01T07:37:36.788720+00:00,KXHIGHNY-26SEP01-B87.5,NO,bid,0.7,41.0,20,1723.0,no_dollars,KXHIGHNY-26SEP01,2026-09-02T05:00:00Z,active,True
2026-09-01T07:37:36.788720+00:00,KXHIGHNY-26SEP01-B87.5,YES,ask,0.02,33.0,1,33.0,no_dollars,KXHIGHNY-26SEP01,2026-09-02T05:00:00Z,active,True
2026-09-01T07:37:36.788720+00:00,KXHIGHNY-26SEP01-B87.5,YES,ask,0.03,81.0,2,114.0,no_dollars,KXHIGHNY-26SEP01,2026-09-02T05:00:00Z,active,True
2026-09-01T07:37:36.788720+00:00,KXHIGHNY-26SEP01-B87.5,YES,ask,0.04,54.0,3,168.0,no_dollars,KXHIGHNY-26SEP01,2026-09-02T05:00:00Z,active,True
2026-09-01T07:37:36.788720+00:00,KXHIGHNY-26SEP01-B87.5,YES,ask,0.05,4.0,4,172.0,no_dollars,KXHIGHNY-26SEP01,2026-09-02T05:00:00Z,active,True
2026-09-01T07:37:36.788720+00:00,KXHIGHNY-26SEP01-B87.5,YES,ask,0.06,40.0,5,212.0,no_dollars,KXHIGHNY-26SEP01,2026-09-02T05:00:00Z,active,True
2026-09-01T07:37:36.788720+00:00,KXHIGHNY-26SEP01-B87.5,YES,ask,0.07,52.0,6,264.0,no_dollars,KXHIGHNY-26SEP01,2026-09-02T05:00:00Z,active,True
2026-09-01T07:37:36.788720+00:00,KXHIGHNY-26SEP01-B87.5,YES,ask,0.08,67.0,7,331.0,no_dollars,KXHIGHNY-26SEP01,2026-09-02T05:00:00Z,active,True
2026-09-01T07:37:36.788720+00:00,KXHIGHNY-26SEP01-B87.5,YES,ask,0.09,237.0,8,568.0,no_dollars,KXHIGHNY-26SEP01,2026-09-02T05:00:00Z,active,True
2026-09-01T07:37:36.788720+00:00,KXHIGHNY-26SEP01-B87.5,YES,ask,0.1,20.0,9,588.0,no_dollars,KXHIGHNY-26SEP01,2026-09-02T05:00:00Z,active,True
2026-09-01T07:37:36.788720+00:00,KXHIGHNY-26SEP01-B87.5,YES,ask,0.11,5.0,10,593.0,no_dollars,KXHIGHNY-26SEP01,2026-09-02T05:00:00Z,active,True
2026-09-01T07:37:36.788720+00:00,KXHIGHNY-26SEP01-B87.5,YES,ask,0.15,36.0,11,629.0,no_dollars,KXHIGHNY-26SEP01,2026-09-02T05:00:00Z,active,True
2026-09-01T07:37:36.788720+00:00,KXHIGHNY-26SEP01-B87.5,YES,ask,0.19,10.0,12,639.0,no_dollars,KXHIGHNY-26SEP01,2026-09-02T05:00:00Z,active,True
2026-09-01T07:37:36.788720+00:00,KXHIGHNY-26SEP01-B87.5,YES,ask,0.21,50.0,13,689.0,no_dollars,KXHIGHNY-26SEP01,2026-09-02T05:00:00Z,active,True
2026-09-01T07:37:36.788720+00:00,KXHIGHNY-26SEP01-B87.5,YES,ask,0.22,725.0,14,1414.0,no_dollars,KXHIGHNY-26SEP01,2026-09-02T05:00:00Z,active,True
2026-09-01T07:37:36.788720+00:00,KXHIGHNY-26SEP01-B87.5,YES,ask,0.23,25.0,15,1439.0,no_dollars,KXHIGHNY-26SEP01,2026-09-02T05:00:00Z,active,True
2026-09-01T07:37:36.788720+00:00,KXHIGHNY-26SEP01-B87.5,YES,ask,0.24,23.0,16,1462.0,no_dollars,KXHIGHNY-26SEP01,2026-09-02T05:00:00Z,active,True
2026-09-01T07:37:36.788720+00:00,KXHIGHNY-26SEP01-B87.5,YES,ask,0.25,173.0,17,1635.0,no_dollars,KXHIGHNY-26SEP01,2026-09-02T05:00:00Z,active,True
2026-09-01T07:37:36.788720+00:00,KXHIGHNY-26SEP01-B87.5,YES,ask,0.26,22.0,18,1657.0,no_dollars,KXHIGHNY-26SEP01,2026-09-02T05:00:00Z,active,True
2026-09-01T07:37:36.788720+00:00,KXHIGHNY-26SEP01-B87.5,YES,ask,0.27,25.0,19,1682.0,no_dollars,KXHIGHNY-26SEP01,2026-09-02T05:00:00Z,active,True
2026-09-01T07:37:36.788720+00:00,KXHIGHNY-26SEP01-B87.5,YES,ask,0.3,41.0,20,1723.0,no_dollars,KXHIGHNY-26SEP01,2026-09-02T05:00:00Z,active,True
2026-09-01T07:37:36.788720+00:00,KXHIGHNY-26SEP01-B85.5,YES,bid,0.09,56.0,1,56.0,yes_dollars,KXHIGHNY-26SEP01,2026-09-02T05:00:00Z,active,True
2026-09-01T07:37:36.788720+00:00,KXHIGHNY-26SEP01-B85.5,YES,bid,0.08,90.0,2,146.0,yes_dollars,KXHIGHNY-26SEP01,2026-09-02T05:00:00Z,active,True
2026-09-01T07:37:36.788720+00:00,KXHIGHNY-26SEP01-B85.5,YES,bid,0.07,122.0,3,268.0,yes_dollars,KXHIGHNY-26SEP01,2026-09-02T05:00:00Z,active,True
2026-09-01T07:37:36.788720+00:00,KXHIGHNY-26SEP01-B85.5,YES,bid,0.06,77.0,4,345.0,yes_dollars,KXHIGHNY-26SEP01,2026-09-02T05:00:00Z,active,True
2026-09-01T07:37:36.788720+00:00,KXHIGHNY-26SEP01-B85.5,YES,bid,0.05,164.59,5,509.59000000000003,yes_dollars,KXHIGHNY-26SEP01,2026-09-02T05:00:00Z,active,True
2026-09-01T07:37:36.788720+00:00,KXHIGHNY-26SEP01-B85.5,YES,bid,0.04,52.0,6,561.59,yes_dollars,KXHIGHNY-26SEP01,2026-09-02T05:00:00Z,active,True
2026-09-01T07:37:36.788720+00:00,KXHIGHNY-26SEP01-B85.5,YES,bid,0.03,332.0,7,893.59,yes_dollars,KXHIGHNY-26SEP01,2026-09-02T05:00:00Z,active,True
2026-09-01T07:37:36.788720+00:00,KXHIGHNY-26SEP01-B85.5,YES,bid,0.02,142.0,8,1035.5900000000001,yes_dollars,KXHIGHNY-26SEP01,2026-09-02T05:00:00Z,active,True
2026-09-01T07:37:36.788720+00:00,KXHIGHNY-26SEP01-B85.5,YES,bid,0.01,2709.56,9,3745.15,yes_dollars,KXHIGHNY-26SEP01,2026-09-02T05:00:00Z,active,True
2026-09-01T07:37:36.788720+00:00,KXHIGHNY-26SEP01-B85.5,NO,ask,0.91,56.0,1,56.0,yes_dollars,KXHIGHNY-26SEP01,2026-09-02T05:00:00Z,active,True
2026-09-01T07:37:36.788720+00:00,KXHIGHNY-26SEP01-B85.5,NO,ask,0.92,90.0,2,146.0,yes_dollars,KXHIGHNY-26SEP01,2026-09-02T05:00:00Z,active,True
2026-09-01T07:37:36.788720+00:00,KXHIGHNY-26SEP01-B85.5,NO,ask,0.93,122.0,3,268.0,yes_dollars,KXHIGHNY-26SEP01,2026-09-02T05:00:00Z,active,True
2026-09-01T07:37:36.788720+00:00,KXHIGHNY-26SEP01-B85.5,NO,ask,0.94,77.0,4,345.0,yes_dollars,KXHIGHNY-26SEP01,2026-09-02T05:00:00Z,active,True
2026-09-01T07:37:36.788720+00:00,KXHIGHNY-26SEP01-B85.5,NO,ask,0.95,164.59,5,509.59000000000003,yes_dollars,KXHIGHNY-26SEP01,2026-09-02T05:00:00Z,active,True
2026-09-01T07:37:36.788720+00:00,KXHIGHNY-26SEP01-B85.5,NO,ask,0.96,52.0,6,561.59,yes_dollars,KXHIGHNY-26SEP01,2026-09-02T05:00:00Z,active,True
2026-09-01T07:37:36.788720+00:00,KXHIGHNY-26SEP01-B85.5,NO,ask,0.97,332.0,7,893.59,yes_dollars,KXHIGHNY-26SEP01,2026-09-02T05:00:00Z,active,True
2026-09-01T07:37:36.788720+00:00,KXHIGHNY-26SEP01-B85.5,NO,ask,0.98,142.0,8,1035.5900000000001,yes_dollars,KXHIGHNY-26SEP01,2026-09-02T05:00:00Z,active,True
2026-09-01T07:37:36.788720+00:00,KXHIGHNY-26SEP01-B85.5,NO,ask,0.99,2709.56,9,3745.15,yes_dollars,KXHIGHNY-26SEP01,2026-09-02T05:00:00Z,active,True
2026-09-01T07:37:36.788720+00:00,KXHIGHNY-26SEP01-B85.5,NO,bid,0.9,75.0,1,75.0,no_dollars,KXHIGHNY-26SEP01,2026-09-02T05:00:00Z,active,True
2026-09-01T07:37:36.788720+00:00,KXHIGHNY-26SEP01-B85.5,NO,bid,0.89,25.0,2,100.0,no_dollars,KXHIGHNY-26SEP01,2026-09-02T05:00:00Z,active,True
2026-09-01T07:37:36.788720+00:00,KXHIGHNY-26SEP01-B85.5,NO,bid,0.88,26.0,3,126.0,no_dollars,KXHIGHNY-26SEP01,2026-09-02T05:00:00Z,active,True
2026-09-01T07:37:36.788720+00:00,KXHIGHNY-26SEP01-B85.5,NO,bid,0.87,37.0,4,163.0,no_dollars,KXHIGHNY-26SEP01,2026-09-02T05:00:00Z,active,True
2026-09-01T07:37:36.788720+00:00,KXHIGHNY-26SEP01-B85.5,NO,bid,0.86,127.0,5,290.0,no_dollars,KXHIGHNY-26SEP01,2026-09-02T05:00:00Z,active,True
2026-09-01T07:37:36.788720+00:00,KXHIGHNY-26SEP01-B85.5,NO,bid,0.85,232.41,6,522.41,no_dollars,KXHIGHNY-26SEP01,2026-09-02T05:00:00Z,active,True
2026-09-01T07:37:36.788720+00:00,KXHIGHNY-26SEP01-B85.5,NO,bid,0.83,25.0,7,547.41,no_dollars,KXHIGHNY-26SEP01,2026-09-02T05:00:00Z,active,True
2026-09-01T07:37:36.788720+00:00,KXHIGHNY-26SEP01-B85.5,NO,bid,0.82,3.0,8,550.41,no_dollars,KXHIGHNY-26SEP01,2026-09-02T05:00:00Z,active,True
2026-09-01T07:37:36.788720+00:00,KXHIGHNY-26SEP01-B85.5,NO,bid,0.8,25.0,9,575.41,no_dollars,KXHIGHNY-26SEP01,2026-09-02T05:00:00Z,active,True
2026-09-01T07:37:36.788720+00:00,KXHIGHNY-26SEP01-B85.5,NO,bid,0.75,32.0,10,607.41,no_dollars,KXHIGHNY-26SEP01,2026-09-02T05:00:00Z,active,True
2026-09-01T07:37:36.788720+00:00,KXHIGHNY-26SEP01-B85.5,NO,bid,0.73,110.0,11,717.41,no_dollars,KXHIGHNY-26SEP01,2026-09-02T05:00:00Z,active,True
2026-09-01T07:37:36.788720+00:00,KXHIGHNY-26SEP01-B85.5,NO,bid,0.72,681.0,12,1398.4099999999999,no_dollars,KXHIGHNY-26SEP01,2026-09-02T05:00:00Z,active,True
2026-09-01T07:37:36.788720+00:00,KXHIGHNY-26SEP01-B85.5,NO,bid,0.7,65.0,13,1463.4099999999999,no_dollars,KXHIGHNY-26SEP01,2026-09-02T05:00:00Z,active,True
2026-09-01T07:37:36.788720+00:00,KXHIGHNY-26SEP01-B85.5,NO,bid,0.69,40.0,14,1503.4099999999999,no_dollars,KXHIGHNY-26SEP01,2026-09-02T05:00:00Z,active,True
2026-09-01T07:37:36.788720+00:00,KXHIGHNY-26SEP01-B85.5,NO,bid,0.68,42.0,15,1545.4099999999999,no_dollars,KXHIGHNY-26SEP01,2026-09-02T05:00:00Z,active,True
2026-09-01T07:37:36.788720+00:00,KXHIGHNY-26SEP01-B85.5,NO,bid,0.67,40.0,16,1585.4099999999999,no_dollars,KXHIGHNY-26SEP01,2026-09-02T05:00:00Z,active,True
2026-09-01T07:37:36.788720+00:00,KXHIGHNY-26SEP01-B85.5,NO,bid,0.66,65.0,17,1650.4099999999999,no_dollars,KXHIGHNY-26SEP01,2026-09-02T05:00:00Z,active,True
2026-09-01T07:37:36.788720+00:00,KXHIGHNY-26SEP01-B85.5,NO,bid,0.65,65.0,18,1715.4099999999999,no_dollars,KXHIGHNY-26SEP01,2026-09-02T05:00:00Z,active,True
2026-09-01T07:37:36.788720+00:00,KXHIGHNY-26SEP01-B85.5,NO,bid,0.64,64.0,19,1779.4099999999999,no_dollars,KXHIGHNY-26SEP01,2026-09-02T05:00:00Z,active,True
2026-09-01T07:37:36.788720+00:00,KXHIGHNY-26SEP01-B85.5,NO,bid,0.63,63.0,20,1842.4099999999999,no_dollars,KXHIGHNY-26SEP01,2026-09-02T05:00:00Z,active,True
2026-09-01T07:37:36.788720+00:00,KXHIGHNY-26SEP01-B85.5,YES,ask,0.1,75.0,1,75.0,no_dollars,KXHIGHNY-26SEP01,2026-09-02T05:00:00Z,active,True
2026-09-01T07:37:36.788720+00:00,KXHIGHNY-26SEP01-B85.5,YES,ask,0.11,25.0,2,100.0,no_dollars,KXHIGHNY-26SEP01,2026-09-02T05:00:00Z,active,True
2026-09-01T07:37:36.788720+00:00,KXHIGHNY-26SEP01-B85.5,YES,ask,0.12,26.0,3,126.0,no_dollars,KXHIGHNY-26SEP01,2026-09-02T05:00:00Z,active,True
2026-09-01T07:37:36.788720+00:00,KXHIGHNY-26SEP01-B85.5,YES,ask,0.13,37.0,4,163.0,no_dollars,KXHIGHNY-26SEP01,2026-09-02T05:00:00Z,active,True
2026-09-01T07:37:36.788720+00:00,KXHIGHNY-26SEP01-B85.5,YES,ask,0.14,127.0,5,290.0,no_dollars,KXHIGHNY-26SEP01,2026-09-02T05:00:00Z,active,True
2026-09-01T07:37:36.788720+00:00,KXHIGHNY-26SEP01-B85.5,YES,ask,0.15,232.41,6,522.41,no_dollars,KXHIGHNY-26SEP01,2026-09-02T05:00:00Z,active,True
2026-09-01T07:37:36.788720+00:00,KXHIGHNY-26SEP01-B85.5,YES,ask,0.17,25.0,7,547.41,no_dollars,KXHIGHNY-26SEP01,2026-09-02T05:00:00Z,active,True
2026-09-01T07:37:36.788720+00:00,KXHIGHNY-26SEP01-B85.5,YES,ask,0.18,3.0,8,550.41,no_dollars,KXHIGHNY-26SEP01,2026-09-02T05:00:00Z,active,True
2026-09-01T07:37:36.788720+00:00,KXHIGHNY-26SEP01-B85.5,YES,ask,0.2,25.0,9,575.41,no_dollars,KXHIGHNY-26SEP01,2026-09-02T05:00:00Z,active,True
2026-09-01T07:37:36.788720+00:00,KXHIGHNY-26SEP01-B85.5,YES,ask,0.25,32.0,10,607.41,no_dollars,KXHIGHNY-26SEP01,2026-09-02T05:00:00Z,active,True
2026-09-01T07:37:36.788720+00:00,KXHIGHNY-26SEP01-B85.5,YES,ask,0.27,110.0,11,717.41,no_dollars,KXHIGHNY-26SEP01,2026-09-02T05:00:00Z,active,True
2026-09-01T07:37:36.788720+00:00,KXHIGHNY-26SEP01-B85.5,YES,ask,0.28,681.0,12,1398.4099999999999,no_dollars,KXHIGHNY-26SEP01,2026-09-02T05:00:00Z,active,True
2026-09-01T07:37:36.788720+00:00,KXHIGHNY-26SEP01-B85.5,YES,ask,0.3,65.0,13,1463.4099999999999,no_dollars,KXHIGHNY-26SEP01,2026-09-02T05:00:00Z,active,True
2026-09-01T07:37:36.788720+00:00,KXHIGHNY-26SEP01-B85.5,YES,ask,0.31,40.0,14,1503.4099999999999,no_dollars,KXHIGHNY-26SEP01,2026-09-02T05:00:00Z,active,True
2026-09-01T07:37:36.788720+00:00,KXHIGHNY-26SEP01-B85.5,YES,ask,0.32,42.0,15,1545.4099999999999,no_dollars,KXHIGHNY-26SEP01,2026-09-02T05:00:00Z,active,True
2026-09-01T07:37:36.788720+00:00,KXHIGHNY-26SEP01-B85.5,YES,ask,0.33,40.0,16,1585.4099999999999,no_dollars,KXHIGHNY-26SEP01,2026-09-02T05:00:00Z,active,True
2026-09-01T07:37:36.788720+00:00,KXHIGHNY-26SEP01-B85.5,YES,ask,0.34,65.0,17,1650.4099999999999,no_dollars,KXHIGHNY-26SEP01,2026-09-02T05:00:00Z,active,True
2026-09-01T07:37:36.788720+00:00,KXHIGHNY-26SEP01-B85.5,YES,ask,0.35,65.0,18,1715.4099999999999,no_dollars,KXHIGHNY-26SEP01,2026-09-02T05:00:00Z,active,True
2026-09-01T07:37:36.788720+00:00,KXHIGHNY-26SEP01-B85.5,YES,ask,0.36,64.0,19,1779.4099999999999,no_dollars,KXHIGHNY-26SEP01,2026-09-02T05:00:00Z,active,True
2026-09-01T07:37:36.788720+00:00,KXHIGHNY-26SEP01-B85.5,YES,ask,0.37,63.0,20,1842.4099999999999,no_dollars,KXHIGHNY-26SEP01,2026-09-02T05:00:00Z,active,True
2026-09-01T07:37:36.788720+00:00,KXHIGHNY-26SEP01-B83.5,YES,bid,0.27,6.16,1,6.16,yes_dollars,KXHIGHNY-26SEP01,2026-09-02T05:00:00Z,active,True
2026-09-01T07:37:36.788720+00:00,KXHIGHNY-26SEP01-B83.5,YES,bid,0.26,57.79,2,63.95,yes_dollars,KXHIGHNY-26SEP01,2026-09-02T05:00:00Z,active,True
2026-09-01T07:37:36.788720+00:00,KXHIGHNY-26SEP01-B83.5,YES,bid,0.25,85.24,3,149.19,yes_dollars,KXHIGHNY-26SEP01,2026-09-02T05:00:00Z,active,True
2026-09-01T07:37:36.788720+00:00,KXHIGHNY-26SEP01-B83.5,YES,bid,0.24,56.0,4,205.19,yes_dollars,KXHIGHNY-26SEP01,2026-09-02T05:00:00Z,active,True
2026-09-01T07:37:36.788720+00:00,KXHIGHNY-26SEP01-B83.5,YES,bid,0.23,7.0,5,212.19,yes_dollars,KXHIGHNY-26SEP01,2026-09-02T05:00:00Z,active,True
2026-09-01T07:37:36.788720+00:00,KXHIGHNY-26SEP01-B83.5,YES,bid,0.22,82.0,6,294.19,yes_dollars,KXHIGHNY-26SEP01,2026-09-02T05:00:00Z,active,True
2026-09-01T07:37:36.788720+00:00,KXHIGHNY-26SEP01-B83.5,YES,bid,0.21,70.0,7,364.19,yes_dollars,KXHIGHNY-26SEP01,2026-09-02T05:00:00Z,active,True
2026-09-01T07:37:36.788720+00:00,KXHIGHNY-26SEP01-B83.5,YES,bid,0.2,35.0,8,399.19,yes_dollars,KXHIGHNY-26SEP01,2026-09-02T05:00:00Z,active,True
2026-09-01T07:37:36.788720+00:00,KXHIGHNY-26SEP01-B83.5,YES,bid,0.19,83.0,9,482.19,yes_dollars,KXHIGHNY-26SEP01,2026-09-02T05:00:00Z,active,True
2026-09-01T07:37:36.788720+00:00,KXHIGHNY-26SEP01-B83.5,YES,bid,0.18,31.0,10,513.19,yes_dollars,KXHIGHNY-26SEP01,2026-09-02T05:00:00Z,active,True
2026-09-01T07:37:36.788720+00:00,KXHIGHNY-26SEP01-B83.5,YES,bid,0.17,26.0,11,539.19,yes_dollars,KXHIGHNY-26SEP01,2026-09-02T05:00:00Z,active,True
2026-09-01T07:37:36.788720+00:00,KXHIGHNY-26SEP01-B83.5,YES,bid,0.16,29.0,12,568.19,yes_dollars,KXHIGHNY-26SEP01,2026-09-02T05:00:00Z,active,True
2026-09-01T07:37:36.788720+00:00,KXHIGHNY-26SEP01-B83.5,YES,bid,0.15,66.0,13,634.19,yes_dollars,KXHIGHNY-26SEP01,2026-09-02T05:00:00Z,active,True
2026-09-01T07:37:36.788720+00:00,KXHIGHNY-26SEP01-B83.5,YES,bid,0.14,63.0,14,697.19,yes_dollars,KXHIGHNY-26SEP01,2026-09-02T05:00:00Z,active,True
2026-09-01T07:37:36.788720+00:00,KXHIGHNY-26SEP01-B83.5,YES,bid,0.13,85.0,15,782.19,yes_dollars,KXHIGHNY-26SEP01,2026-09-02T05:00:00Z,active,True
2026-09-01T07:37:36.788720+00:00,KXHIGHNY-26SEP01-B83.5,YES,bid,0.12,226.0,16,1008.19,yes_dollars,KXHIGHNY-26SEP01,2026-09-02T05:00:00Z,active,True
2026-09-01T07:37:36.788720+00:00,KXHIGHNY-26SEP01-B83.5,YES,bid,0.11,635.0,17,1643.19,yes_dollars,KXHIGHNY-26SEP01,2026-09-02T05:00:00Z,active,True
2026-09-01T07:37:36.788720+00:00,KXHIGHNY-26SEP01-B83.5,YES,bid,0.1,455.0,18,2098.19,yes_dollars,KXHIGHNY-26SEP01,2026-09-02T05:00:00Z,active,True
2026-09-01T07:37:36.788720+00:00,KXHIGHNY-26SEP01-B83.5,YES,bid,0.08,5.0,19,2103.19,yes_dollars,KXHIGHNY-26SEP01,2026-09-02T05:00:00Z,active,True
2026-09-01T07:37:36.788720+00:00,KXHIGHNY-26SEP01-B83.5,YES,bid,0.05,40.0,20,2143.19,yes_dollars,KXHIGHNY-26SEP01,2026-09-02T05:00:00Z,active,True
2026-09-01T07:37:36.788720+00:00,KXHIGHNY-26SEP01-B83.5,NO,ask,0.73,6.16,1,6.16,yes_dollars,KXHIGHNY-26SEP01,2026-09-02T05:00:00Z,active,True
2026-09-01T07:37:36.788720+00:00,KXHIGHNY-26SEP01-B83.5,NO,ask,0.74,57.79,2,63.95,yes_dollars,KXHIGHNY-26SEP01,2026-09-02T05:00:00Z,active,True
2026-09-01T07:37:36.788720+00:00,KXHIGHNY-26SEP01-B83.5,NO,ask,0.75,85.24,3,149.19,yes_dollars,KXHIGHNY-26SEP01,2026-09-02T05:00:00Z,active,True
2026-09-01T07:37:36.788720+00:00,KXHIGHNY-26SEP01-B83.5,NO,ask,0.76,56.0,4,205.19,yes_dollars,KXHIGHNY-26SEP01,2026-09-02T05:00:00Z,active,True
2026-09-01T07:37:36.788720+00:00,KXHIGHNY-26SEP01-B83.5,NO,ask,0.77,7.0,5,212.19,yes_dollars,KXHIGHNY-26SEP01,2026-09-02T05:00:00Z,active,True
2026-09-01T07:37:36.788720+00:00,KXHIGHNY-26SEP01-B83.5,NO,ask,0.78,82.0,6,294.19,yes_dollars,KXHIGHNY-26SEP01,2026-09-02T05:00:00Z,active,True
2026-09-01T07:37:36.788720+00:00,KXHIGHNY-26SEP01-B83.5,NO,ask,0.79,70.0,7,364.19,yes_dollars,KXHIGHNY-26SEP01,2026-09-02T05:00:00Z,active,True
2026-09-01T07:37:36.788720+00:00,KXHIGHNY-26SEP01-B83.5,NO,ask,0.8,35.0,8,399.19,yes_dollars,KXHIGHNY-26SEP01,2026-09-02T05:00:00Z,active,True
2026-09-01T07:37:36.788720+00:00,KXHIGHNY-26SEP01-B83.5,NO,ask,0.81,83.0,9,482.19,yes_dollars,KXHIGHNY-26SEP01,2026-09-02T05:00:00Z,active,True
2026-09-01T07:37:36.788720+00:00,KXHIGHNY-26SEP01-B83.5,NO,ask,0.82,31.0,10,513.19,yes_dollars,KXHIGHNY-26SEP01,2026-09-02T05:00:00Z,active,True
2026-09-01T07:37:36.788720+00:00,KXHIGHNY-26SEP01-B83.5,NO,ask,0.83,26.0,11,539.19,yes_dollars,KXHIGHNY-26SEP01,2026-09-02T05:00:00Z,active,True
2026-09-01T07:37:36.788720+00:00,KXHIGHNY-26SEP01-B83.5,NO,ask,0.84,29.0,12,568.19,yes_dollars,KXHIGHNY-26SEP01,2026-09-02T05:00:00Z,active,True
2026-09-01T07:37:36.788720+00:00,KXHIGHNY-26SEP01-B83.5,NO,ask,0.85,66.0,13,634.19,yes_dollars,KXHIGHNY-26SEP01,2026-09-02T05:00:00Z,active,True
2026-09-01T07:37:36.788720+00:00,KXHIGHNY-26SEP01-B83.5,NO,ask,0.86,63.0,14,697.19,yes_dollars,KXHIGHNY-26SEP01,2026-09-02T05:00:00Z,active,True
2026-09-01T07:37:36.788720+00:00,KXHIGHNY-26SEP01-B83.5,NO,ask,0.87,85.0,15,782.19,yes_dollars,KXHIGHNY-26SEP01,2026-09-02T05:00:00Z,active,True
2026-09-01T07:37:36.788720+00:00,KXHIGHNY-26SEP01-B83.5,NO,ask,0.88,226.0,16,1008.19,yes_dollars,KXHIGHNY-26SEP01,2026-09-02T05:00:00Z,active,True
2026-09-01T07:37:36.788720+00:00,KXHIGHNY-26SEP01-B83.5,NO,ask,0.89,635.0,17,1643.19,yes_dollars,KXHIGHNY-26SEP01,2026-09-02T05:00:00Z,active,True
2026-09-01T07:37:36.788720+00:00,KXHIGHNY-26SEP01-B83.5,NO,ask,0.9,455.0,18,2098.19,yes_dollars,KXHIGHNY-26SEP01,2026-09-02T05:00:00Z,active,True
2026-09-01T07:37:36.788720+00:00,KXHIGHNY-26SEP01-B83.5,NO,ask,0.92,5.0,19,2103.19,yes_dollars,KXHIGHNY-26SEP01,2026-09-02T05:00:00Z,active,True
2026-09-01T07:37:36.788720+00:00,KXHIGHNY-26SEP01-B83.5,NO,ask,0.95,40.0,20,2143.19,yes_dollars,KXHIGHNY-26SEP01,2026-09-02T05:00:00Z,active,True
2026-09-01T07:37:36.788720+00:00,KXHIGHNY-26SEP01-B83.5,NO,bid,0.72,1.0,1,1.0,no_dollars,KXHIGHNY-26SEP01,2026-09-02T05:00:00Z,active,True
2026-09-01T07:37:36.788720+00:00,KXHIGHNY-26SEP01-B83.5,NO,bid,0.71,41.0,2,42.0,no_dollars,KXHIGHNY-26SEP01,2026-09-02T05:00:00Z,active,True
2026-09-01T07:37:36.788720+00:00,KXHIGHNY-26SEP01-B83.5,NO,bid,0.7,56.0,3,98.0,no_dollars,KXHIGHNY-26SEP01,2026-09-02T05:00:00Z,active,True
2026-09-01T07:37:36.788720+00:00,KXHIGHNY-26SEP01-B83.5,NO,bid,0.69,57.0,4,155.0,no_dollars,KXHIGHNY-26SEP01,2026-09-02T05:00:00Z,active,True
2026-09-01T07:37:36.788720+00:00,KXHIGHNY-26SEP01-B83.5,NO,bid,0.68,25.0,5,180.0,no_dollars,KXHIGHNY-26SEP01,2026-09-02T05:00:00Z,active,True
2026-09-01T07:37:36.788720+00:00,KXHIGHNY-26SEP01-B83.5,NO,bid,0.67,28.0,6,208.0,no_dollars,KXHIGHNY-26SEP01,2026-09-02T05:00:00Z,active,True
2026-09-01T07:37:36.788720+00:00,KXHIGHNY-26SEP01-B83.5,NO,bid,0.66,2.0,7,210.0,no_dollars,KXHIGHNY-26SEP01,2026-09-02T05:00:00Z,active,True
2026-09-01T07:37:36.788720+00:00,KXHIGHNY-26SEP01-B83.5,NO,bid,0.65,66.0,8,276.0,no_dollars,KXHIGHNY-26SEP01,2026-09-02T05:00:00Z,active,True
2026-09-01T07:37:36.788720+00:00,KXHIGHNY-26SEP01-B83.5,NO,bid,0.62,3.0,9,279.0,no_dollars,KXHIGHNY-26SEP01,2026-09-02T05:00:00Z,active,True
2026-09-01T07:37:36.788720+00:00,KXHIGHNY-26SEP01-B83.5,NO,bid,0.61,16.0,10,295.0,no_dollars,KXHIGHNY-26SEP01,2026-09-02T05:00:00Z,active,True
2026-09-01T07:37:36.788720+00:00,KXHIGHNY-26SEP01-B83.5,NO,bid,0.6,25.0,11,320.0,no_dollars,KXHIGHNY-26SEP01,2026-09-02T05:00:00Z,active,True
2026-09-01T07:37:36.788720+00:00,KXHIGHNY-26SEP01-B83.5,NO,bid,0.58,1.0,12,321.0,no_dollars,KXHIGHNY-26SEP01,2026-09-02T05:00:00Z,active,True
2026-09-01T07:37:36.788720+00:00,KXHIGHNY-26SEP01-B83.5,NO,bid,0.57,21.0,13,342.0,no_dollars,KXHIGHNY-26SEP01,2026-09-02T05:00:00Z,active,True
2026-09-01T07:37:36.788720+00:00,KXHIGHNY-26SEP01-B83.5,NO,bid,0.55,50.0,14,392.0,no_dollars,KXHIGHNY-26SEP01,2026-09-02T05:00:00Z,active,True
2026-09-01T07:37:36.788720+00:00,KXHIGHNY-26SEP01-B83.5,NO,bid,0.54,49.0,15,441.0,no_dollars,KXHIGHNY-26SEP01,2026-09-02T05:00:00Z,active,True
2026-09-01T07:37:36.788720+00:00,KXHIGHNY-26SEP01-B83.5,NO,bid,0.53,25.0,16,466.0,no_dollars,KXHIGHNY-26SEP01,2026-09-02T05:00:00Z,active,True
2026-09-01T07:37:36.788720+00:00,KXHIGHNY-26SEP01-B83.5,NO,bid,0.52,23.0,17,489.0,no_dollars,KXHIGHNY-26SEP01,2026-09-02T05:00:00Z,active,True
2026-09-01T07:37:36.788720+00:00,KXHIGHNY-26SEP01-B83.5,NO,bid,0.51,21.0,18,510.0,no_dollars,KXHIGHNY-26SEP01,2026-09-02T05:00:00Z,active,True
2026-09-01T07:37:36.788720+00:00,KXHIGHNY-26SEP01-B83.5,NO,bid,0.5,56.76,19,566.76,no_dollars,KXHIGHNY-26SEP01,2026-09-02T05:00:00Z,active,True
2026-09-01T07:37:36.788720+00:00,KXHIGHNY-26SEP01-B83.5,NO,bid,0.46,60.0,20,626.76,no_dollars,KXHIGHNY-26SEP01,2026-09-02T05:00:00Z,active,True
2026-09-01T07:37:36.788720+00:00,KXHIGHNY-26SEP01-B83.5,YES,ask,0.28,1.0,1,1.0,no_dollars,KXHIGHNY-26SEP01,2026-09-02T05:00:00Z,active,True
2026-09-01T07:37:36.788720+00:00,KXHIGHNY-26SEP01-B83.5,YES,ask,0.29,41.0,2,42.0,no_dollars,KXHIGHNY-26SEP01,2026-09-02T05:00:00Z,active,True
2026-09-01T07:37:36.788720+00:00,KXHIGHNY-26SEP01-B83.5,YES,ask,0.3,56.0,3,98.0,no_dollars,KXHIGHNY-26SEP01,2026-09-02T05:00:00Z,active,True
2026-09-01T07:37:36.788720+00:00,KXHIGHNY-26SEP01-B83.5,YES,ask,0.31,57.0,4,155.0,no_dollars,KXHIGHNY-26SEP01,2026-09-02T05:00:00Z,active,True
2026-09-01T07:37:36.788720+00:00,KXHIGHNY-26SEP01-B83.5,YES,ask,0.32,25.0,5,180.0,no_dollars,KXHIGHNY-26SEP01,2026-09-02T05:00:00Z,active,True
2026-09-01T07:37:36.788720+00:00,KXHIGHNY-26SEP01-B83.5,YES,ask,0.33,28.0,6,208.0,no_dollars,KXHIGHNY-26SEP01,2026-09-02T05:00:00Z,active,True
2026-09-01T07:37:36.788720+00:00,KXHIGHNY-26SEP01-B83.5,YES,ask,0.34,2.0,7,210.0,no_dollars,KXHIGHNY-26SEP01,2026-09-02T05:00:00Z,active,True
2026-09-01T07:37:36.788720+00:00,KXHIGHNY-26SEP01-B83.5,YES,ask,0.35,66.0,8,276.0,no_dollars,KXHIGHNY-26SEP01,2026-09-02T05:00:00Z,active,True
2026-09-01T07:37:36.788720+00:00,KXHIGHNY-26SEP01-B83.5,YES,ask,0.38,3.0,9,279.0,no_dollars,KXHIGHNY-26SEP01,2026-09-02T05:00:00Z,active,True
2026-09-01T07:37:36.788720+00:00,KXHIGHNY-26SEP01-B83.5,YES,ask,0.39,16.0,10,295.0,no_dollars,KXHIGHNY-26SEP01,2026-09-02T05:00:00Z,active,True
2026-09-01T07:37:36.788720+00:00,KXHIGHNY-26SEP01-B83.5,YES,ask,0.4,25.0,11,320.0,no_dollars,KXHIGHNY-26SEP01,2026-09-02T05:00:00Z,active,True
2026-09-01T07:37:36.788720+00:00,KXHIGHNY-26SEP01-B83.5,YES,ask,0.42,1.0,12,321.0,no_dollars,KXHIGHNY-26SEP01,2026-09-02T05:00:00Z,active,True
2026-09-01T07:37:36.788720+00:00,KXHIGHNY-26SEP01-B83.5,YES,ask,0.43,21.0,13,342.0,no_dollars,KXHIGHNY-26SEP01,2026-09-02T05:00:00Z,active,True
2026-09-01T07:37:36.788720+00:00,KXHIGHNY-26SEP01-B83.5,YES,ask,0.45,50.0,14,392.0,no_dollars,KXHIGHNY-26SEP01,2026-09-02T05:00:00Z,active,True
2026-09-01T07:37:36.788720+00:00,KXHIGHNY-26SEP01-B83.5,YES,ask,0.46,49.0,15,441.0,no_dollars,KXHIGHNY-26SEP01,2026-09-02T05:00:00Z,active,True
2026-09-01T07:37:36.788720+00:00,KXHIGHNY-26SEP01-B83.5,YES,ask,0.47,25.0,16,466.0,no_dollars,KXHIGHNY-26SEP01,2026-09-02T05:00:00Z,active,True
2026-09-01T07:37:36.788720+00:00,KXHIGHNY-26SEP01-B83.5,YES,ask,0.48,23.0,17,489.0,no_dollars,KXHIGHNY-26SEP01,2026-09-02T05:00:00Z,active,True
2026-09-01T07:37:36.788720+00:00,KXHIGHNY-26SEP01-B83.5,YES,ask,0.49,21.0,18,510.0,no_dollars,KXHIGHNY-26SEP01,2026-09-02T05:00:00Z,active,True
2026-09-01T07:37:36.788720+00:00,KXHIGHNY-26SEP01-B83.5,YES,ask,0.5,56.76,19,566.76,no_dollars,KXHIGHNY-26SEP01,2026-09-02T05:00:00Z,active,True
2026-09-01T07:37:36.788720+00:00,KXHIGHNY-26SEP01-B83.5,YES,ask,0.54,60.0,20,626.76,no_dollars,KXHIGHNY-26SEP01,2026-09-02T05:00:00Z,active,True
2026-09-01T13:23:50.552096+00:00,KXHIGHNY-26SEP01-T90,NO,bid,0.99,9338.43,1,9338.43,no_dollars,KXHIGHNY-26SEP01,2026-09-02T05:00:00Z,active,True
2026-09-01T13:23:50.552096+00:00,KXHIGHNY-26SEP01-T90,NO,bid,0.98,678.0,2,10016.43,no_dollars,KXHIGHNY-26SEP01,2026-09-02T05:00:00Z,active,True
2026-09-01T13:23:50.552096+00:00,KXHIGHNY-26SEP01-T90,NO,bid,0.97,654.0,3,10670.43,no_dollars,KXHIGHNY-26SEP01,2026-09-02T05:00:00Z,active,True
2026-09-01T13:23:50.552096+00:00,KXHIGHNY-26SEP01-T90,NO,bid,0.96,170.0,4,10840.43,no_dollars,KXHIGHNY-26SEP01,2026-09-02T05:00:00Z,active,True
2026-09-01T13:23:50.552096+00:00,KXHIGHNY-26SEP01-T90,NO,bid,0.95,74.0,5,10914.43,no_dollars,KXHIGHNY-26SEP01,2026-09-02T05:00:00Z,active,True
2026-09-01T13:23:50.552096+00:00,KXHIGHNY-26SEP01-T90,NO,bid,0.94,50.0,6,10964.43,no_dollars,KXHIGHNY-26SEP01,2026-09-02T05:00:00Z,active,True
2026-09-01T13:23:50.552096+00:00,KXHIGHNY-26SEP01-T90,NO,bid,0.93,87.0,7,11051.43,no_dollars,KXHIGHNY-26SEP01,2026-09-02T05:00:00Z,active,True
2026-09-01T13:23:50.552096+00:00,KXHIGHNY-26SEP01-T90,NO,bid,0.92,250.0,8,11301.43,no_dollars,KXHIGHNY-26SEP01,2026-09-02T05:00:00Z,active,True
2026-09-01T13:23:50.552096+00:00,KXHIGHNY-26SEP01-T90,NO,bid,0.91,53.0,9,11354.43,no_dollars,KXHIGHNY-26SEP01,2026-09-02T05:00:00Z,active,True
2026-09-01T13:23:50.552096+00:00,KXHIGHNY-26SEP01-T90,NO,bid,0.89,261.0,10,11615.43,no_dollars,KXHIGHNY-26SEP01,2026-09-02T05:00:00Z,active,True
2026-09-01T13:23:50.552096+00:00,KXHIGHNY-26SEP01-T90,NO,bid,0.87,112.0,11,11727.43,no_dollars,KXHIGHNY-26SEP01,2026-09-02T05:00:00Z,active,True
2026-09-01T13:23:50.552096+00:00,KXHIGHNY-26SEP01-T90,NO,bid,0.85,318.0,12,12045.43,no_dollars,KXHIGHNY-26SEP01,2026-09-02T05:00:00Z,active,True
2026-09-01T13:23:50.552096+00:00,KXHIGHNY-26SEP01-T90,NO,bid,0.84,14.0,13,12059.43,no_dollars,KXHIGHNY-26SEP01,2026-09-02T05:00:00Z,active,True
2026-09-01T13:23:50.552096+00:00,KXHIGHNY-26SEP01-T90,NO,bid,0.75,28.0,14,12087.43,no_dollars,KXHIGHNY-26SEP01,2026-09-02T05:00:00Z,active,True
2026-09-01T13:23:50.552096+00:00,KXHIGHNY-26SEP01-T90,NO,bid,0.74,25.0,15,12112.43,no_dollars,KXHIGHNY-26SEP01,2026-09-02T05:00:00Z,active,True
2026-09-01T13:23:50.552096+00:00,KXHIGHNY-26SEP01-T90,NO,bid,0.7,41.0,16,12153.43,no_dollars,KXHIGHNY-26SEP01,2026-09-02T05:00:00Z,active,True
2026-09-01T13:23:50.552096+00:00,KXHIGHNY-26SEP01-T90,NO,bid,0.69,40.0,17,12193.43,no_dollars,KXHIGHNY-26SEP01,2026-09-02T05:00:00Z,active,True
2026-09-01T13:23:50.552096+00:00,KXHIGHNY-26SEP01-T90,NO,bid,0.68,40.0,18,12233.43,no_dollars,KXHIGHNY-26SEP01,2026-09-02T05:00:00Z,active,True
2026-09-01T13:23:50.552096+00:00,KXHIGHNY-26SEP01-T90,NO,bid,0.67,40.0,19,12273.43,no_dollars,KXHIGHNY-26SEP01,2026-09-02T05:00:00Z,active,True
2026-09-01T13:23:50.552096+00:00,KXHIGHNY-26SEP01-T90,NO,bid,0.66,70.0,20,12343.43,no_dollars,KXHIGHNY-26SEP01,2026-09-02T05:00:00Z,active,True
2026-09-01T13:23:50.552096+00:00,KXHIGHNY-26SEP01-T90,YES,ask,0.01,9338.43,1,9338.43,no_dollars,KXHIGHNY-26SEP01,2026-09-02T05:00:00Z,active,True
2026-09-01T13:23:50.552096+00:00,KXHIGHNY-26SEP01-T90,YES,ask,0.02,678.0,2,10016.43,no_dollars,KXHIGHNY-26SEP01,2026-09-02T05:00:00Z,active,True
2026-09-01T13:23:50.552096+00:00,KXHIGHNY-26SEP01-T90,YES,ask,0.03,654.0,3,10670.43,no_dollars,KXHIGHNY-26SEP01,2026-09-02T05:00:00Z,active,True
2026-09-01T13:23:50.552096+00:00,KXHIGHNY-26SEP01-T90,YES,ask,0.04,170.0,4,10840.43,no_dollars,KXHIGHNY-26SEP01,2026-09-02T05:00:00Z,active,True
2026-09-01T13:23:50.552096+00:00,KXHIGHNY-26SEP01-T90,YES,ask,0.05,74.0,5,10914.43,no_dollars,KXHIGHNY-26SEP01,2026-09-02T05:00:00Z,active,True
2026-09-01T13:23:50.552096+00:00,KXHIGHNY-26SEP01-T90,YES,ask,0.06,50.0,6,10964.43,no_dollars,KXHIGHNY-26SEP01,2026-09-02T05:00:00Z,active,True
2026-09-01T13:23:50.552096+00:00,KXHIGHNY-26SEP01-T90,YES,ask,0.07,87.0,7,11051.43,no_dollars,KXHIGHNY-26SEP01,2026-09-02T05:00:00Z,active,True
2026-09-01T13:23:50.552096+00:00,KXHIGHNY-26SEP01-T90,YES,ask,0.08,250.0,8,11301.43,no_dollars,KXHIGHNY-26SEP01,2026-09-02T05:00:00Z,active,True
2026-09-01T13:23:50.552096+00:00,KXHIGHNY-26SEP01-T90,YES,ask,0.09,53.0,9,11354.43,no_dollars,KXHIGHNY-26SEP01,2026-09-02T05:00:00Z,active,True
2026-09-01T13:23:50.552096+00:00,KXHIGHNY-26SEP01-T90,YES,ask,0.11,261.0,10,11615.43,no_dollars,KXHIGHNY-26SEP01,2026-09-02T05:00:00Z,active,True
2026-09-01T13:23:50.552096+00:00,KXHIGHNY-26SEP01-T90,YES,ask,0.13,112.0,11,11727.43,no_dollars,KXHIGHNY-26SEP01,2026-09-02T05:00:00Z,active,True
2026-09-01T13:23:50.552096+00:00,KXHIGHNY-26SEP01-T90,YES,ask,0.15,318.0,12,12045.43,no_dollars,KXHIGHNY-26SEP01,2026-09-02T05:00:00Z,active,True
2026-09-01T13:23:50.552096+00:00,KXHIGHNY-26SEP01-T90,YES,ask,0.16,14.0,13,12059.43,no_dollars,KXHIGHNY-26SEP01,2026-09-02T05:00:00Z,active,True
2026-09-01T13:23:50.552096+00:00,KXHIGHNY-26SEP01-T90,YES,ask,0.25,28.0,14,12087.43,no_dollars,KXHIGHNY-26SEP01,2026-09-02T05:00:00Z,active,True
2026-09-01T13:23:50.552096+00:00,KXHIGHNY-26SEP01-T90,YES,ask,0.26,25.0,15,12112.43,no_dollars,KXHIGHNY-26SEP01,2026-09-02T05:00:00Z,active,True
2026-09-01T13:23:50.552096+00:00,KXHIGHNY-26SEP01-T90,YES,ask,0.3,41.0,16,12153.43,no_dollars,KXHIGHNY-26SEP01,2026-09-02T05:00:00Z,active,True
2026-09-01T13:23:50.552096+00:00,KXHIGHNY-26SEP01-T90,YES,ask,0.31,40.0,17,12193.43,no_dollars,KXHIGHNY-26SEP01,2026-09-02T05:00:00Z,active,True
2026-09-01T13:23:50.552096+00:00,KXHIGHNY-26SEP01-T90,YES,ask,0.32,40.0,18,12233.43,no_dollars,KXHIGHNY-26SEP01,2026-09-02T05:00:00Z,active,True
2026-09-01T13:23:50.552096+00:00,KXHIGHNY-26SEP01-T90,YES,ask,0.33,40.0,19,12273.43,no_dollars,KXHIGHNY-26SEP01,2026-09-02T05:00:00Z,active,True
2026-09-01T13:23:50.552096+00:00,KXHIGHNY-26SEP01-T90,YES,ask,0.34,70.0,20,12343.43,no_dollars,KXHIGHNY-26SEP01,2026-09-02T05:00:00Z,active,True
2026-09-01T13:23:50.552096+00:00,KXHIGHNY-26SEP01-T83,YES,bid,0.64,408.0,1,408.0,yes_dollars,KXHIGHNY-26SEP01,2026-09-02T05:00:00Z,active,True
2026-09-01T13:23:50.552096+00:00,KXHIGHNY-26SEP01-T83,YES,bid,0.63,11.5,2,419.5,yes_dollars,KXHIGHNY-26SEP01,2026-09-02T05:00:00Z,active,True
2026-09-01T13:23:50.552096+00:00,KXHIGHNY-26SEP01-T83,YES,bid,0.61,90.07,3,509.57,yes_dollars,KXHIGHNY-26SEP01,2026-09-02T05:00:00Z,active,True
2026-09-01T13:23:50.552096+00:00,KXHIGHNY-26SEP01-T83,YES,bid,0.6,109.0,4,618.5699999999999,yes_dollars,KXHIGHNY-26SEP01,2026-09-02T05:00:00Z,active,True
2026-09-01T13:23:50.552096+00:00,KXHIGHNY-26SEP01-T83,YES,bid,0.59,43.0,5,661.5699999999999,yes_dollars,KXHIGHNY-26SEP01,2026-09-02T05:00:00Z,active,True
2026-09-01T13:23:50.552096+00:00,KXHIGHNY-26SEP01-T83,YES,bid,0.58,49.0,6,710.5699999999999,yes_dollars,KXHIGHNY-26SEP01,2026-09-02T05:00:00Z,active,True
2026-09-01T13:23:50.552096+00:00,KXHIGHNY-26SEP01-T83,YES,bid,0.57,26.13,7,736.6999999999999,yes_dollars,KXHIGHNY-26SEP01,2026-09-02T05:00:00Z,active,True
2026-09-01T13:23:50.552096+00:00,KXHIGHNY-26SEP01-T83,YES,bid,0.55,29.0,8,765.6999999999999,yes_dollars,KXHIGHNY-26SEP01,2026-09-02T05:00:00Z,active,True
2026-09-01T13:23:50.552096+00:00,KXHIGHNY-26SEP01-T83,YES,bid,0.54,11.0,9,776.6999999999999,yes_dollars,KXHIGHNY-26SEP01,2026-09-02T05:00:00Z,active,True
2026-09-01T13:23:50.552096+00:00,KXHIGHNY-26SEP01-T83,YES,bid,0.5,35.0,10,811.6999999999999,yes_dollars,KXHIGHNY-26SEP01,2026-09-02T05:00:00Z,active,True
2026-09-01T13:23:50.552096+00:00,KXHIGHNY-26SEP01-T83,YES,bid,0.49,1.0,11,812.6999999999999,yes_dollars,KXHIGHNY-26SEP01,2026-09-02T05:00:00Z,active,True
2026-09-01T13:23:50.552096+00:00,KXHIGHNY-26SEP01-T83,YES,bid,0.45,24.37,12,837.0699999999999,yes_dollars,KXHIGHNY-26SEP01,2026-09-02T05:00:00Z,active,True
2026-09-01T13:23:50.552096+00:00,KXHIGHNY-26SEP01-T83,YES,bid,0.41,8.0,13,845.0699999999999,yes_dollars,KXHIGHNY-26SEP01,2026-09-02T05:00:00Z,active,True
2026-09-01T13:23:50.552096+00:00,KXHIGHNY-26SEP01-T83,YES,bid,0.4,30.0,14,875.0699999999999,yes_dollars,KXHIGHNY-26SEP01,2026-09-02T05:00:00Z,active,True
2026-09-01T13:23:50.552096+00:00,KXHIGHNY-26SEP01-T83,YES,bid,0.39,5.0,15,880.0699999999999,yes_dollars,KXHIGHNY-26SEP01,2026-09-02T05:00:00Z,active,True
2026-09-01T13:23:50.552096+00:00,KXHIGHNY-26SEP01-T83,YES,bid,0.35,29.97,16,910.04,yes_dollars,KXHIGHNY-26SEP01,2026-09-02T05:00:00Z,active,True
2026-09-01T13:23:50.552096+00:00,KXHIGHNY-26SEP01-T83,YES,bid,0.34,18.0,17,928.04,yes_dollars,KXHIGHNY-26SEP01,2026-09-02T05:00:00Z,active,True
2026-09-01T13:23:50.552096+00:00,KXHIGHNY-26SEP01-T83,YES,bid,0.31,10.0,18,938.04,yes_dollars,KXHIGHNY-26SEP01,2026-09-02T05:00:00Z,active,True
2026-09-01T13:23:50.552096+00:00,KXHIGHNY-26SEP01-T83,YES,bid,0.3,25.0,19,963.04,yes_dollars,KXHIGHNY-26SEP01,2026-09-02T05:00:00Z,active,True
2026-09-01T13:23:50.552096+00:00,KXHIGHNY-26SEP01-T83,YES,bid,0.27,50.0,20,1013.04,yes_dollars,KXHIGHNY-26SEP01,2026-09-02T05:00:00Z,active,True
2026-09-01T13:23:50.552096+00:00,KXHIGHNY-26SEP01-T83,NO,ask,0.36,408.0,1,408.0,yes_dollars,KXHIGHNY-26SEP01,2026-09-02T05:00:00Z,active,True
2026-09-01T13:23:50.552096+00:00,KXHIGHNY-26SEP01-T83,NO,ask,0.37,11.5,2,419.5,yes_dollars,KXHIGHNY-26SEP01,2026-09-02T05:00:00Z,active,True
2026-09-01T13:23:50.552096+00:00,KXHIGHNY-26SEP01-T83,NO,ask,0.39,90.07,3,509.57,yes_dollars,KXHIGHNY-26SEP01,2026-09-02T05:00:00Z,active,True
2026-09-01T13:23:50.552096+00:00,KXHIGHNY-26SEP01-T83,NO,ask,0.4,109.0,4,618.5699999999999,yes_dollars,KXHIGHNY-26SEP01,2026-09-02T05:00:00Z,active,True
2026-09-01T13:23:50.552096+00:00,KXHIGHNY-26SEP01-T83,NO,ask,0.41,43.0,5,661.5699999999999,yes_dollars,KXHIGHNY-26SEP01,2026-09-02T05:00:00Z,active,True
2026-09-01T13:23:50.552096+00:00,KXHIGHNY-26SEP01-T83,NO,ask,0.42,49.0,6,710.5699999999999,yes_dollars,KXHIGHNY-26SEP01,2026-09-02T05:00:00Z,active,True
2026-09-01T13:23:50.552096+00:00,KXHIGHNY-26SEP01-T83,NO,ask,0.43,26.13,7,736.6999999999999,yes_dollars,KXHIGHNY-26SEP01,2026-09-02T05:00:00Z,active,True
2026-09-01T13:23:50.552096+00:00,KXHIGHNY-26SEP01-T83,NO,ask,0.45,29.0,8,765.6999999999999,yes_dollars,KXHIGHNY-26SEP01,2026-09-02T05:00:00Z,active,True
2026-09-01T13:23:50.552096+00:00,KXHIGHNY-26SEP01-T83,NO,ask,0.46,11.0,9,776.6999999999999,yes_dollars,KXHIGHNY-26SEP01,2026-09-02T05:00:00Z,active,True
2026-09-01T13:23:50.552096+00:00,KXHIGHNY-26SEP01-T83,NO,ask,0.5,35.0,10,811.6999999999999,yes_dollars,KXHIGHNY-26SEP01,2026-09-02T05:00:00Z,active,True
2026-09-01T13:23:50.552096+00:00,KXHIGHNY-26SEP01-T83,NO,ask,0.51,1.0,11,812.6999999999999,yes_dollars,KXHIGHNY-26SEP01,2026-09-02T05:00:00Z,active,True
2026-09-01T13:23:50.552096+00:00,KXHIGHNY-26SEP01-T83,NO,ask,0.55,24.37,12,837.0699999999999,yes_dollars,KXHIGHNY-26SEP01,2026-09-02T05:00:00Z,active,True
2026-09-01T13:23:50.552096+00:00,KXHIGHNY-26SEP01-T83,NO,ask,0.59,8.0,13,845.0699999999999,yes_dollars,KXHIGHNY-26SEP01,2026-09-02T05:00:00Z,active,True
2026-09-01T13:23:50.552096+00:00,KXHIGHNY-26SEP01-T83,NO,ask,0.6,30.0,14,875.0699999999999,yes_dollars,KXHIGHNY-26SEP01,2026-09-02T05:00:00Z,active,True
2026-09-01T13:23:50.552096+00:00,KXHIGHNY-26SEP01-T83,NO,ask,0.61,5.0,15,880.0699999999999,yes_dollars,KXHIGHNY-26SEP01,2026-09-02T05:00:00Z,active,True
2026-09-01T13:23:50.552096+00:00,KXHIGHNY-26SEP01-T83,NO,ask,0.65,29.97,16,910.04,yes_dollars,KXHIGHNY-26SEP01,2026-09-02T05:00:00Z,active,True
2026-09-01T13:23:50.552096+00:00,KXHIGHNY-26SEP01-T83,NO,ask,0.66,18.0,17,928.04,yes_dollars,KXHIGHNY-26SEP01,2026-09-02T05:00:00Z,active,True
2026-09-01T13:23:50.552096+00:00,KXHIGHNY-26SEP01-T83,NO,ask,0.69,10.0,18,938.04,yes_dollars,KXHIGHNY-26SEP01,2026-09-02T05:00:00Z,active,True
2026-09-01T13:23:50.552096+00:00,KXHIGHNY-26SEP01-T83,NO,ask,0.7,25.0,19,963.04,yes_dollars,KXHIGHNY-26SEP01,2026-09-02T05:00:00Z,active,True
2026-09-01T13:23:50.552096+00:00,KXHIGHNY-26SEP01-T83,NO,ask,0.73,50.0,20,1013.04,yes_dollars,KXHIGHNY-26SEP01,2026-09-02T05:00:00Z,active,True
2026-09-01T13:23:50.552096+00:00,KXHIGHNY-26SEP01-T83,NO,bid,0.35,110.74,1,110.74,no_dollars,KXHIGHNY-26SEP01,2026-09-02T05:00:00Z,active,True
2026-09-01T13:23:50.552096+00:00,KXHIGHNY-26SEP01-T83,NO,bid,0.34,54.0,2,164.74,no_dollars,KXHIGHNY-26SEP01,2026-09-02T05:00:00Z,active,True
2026-09-01T13:23:50.552096+00:00,KXHIGHNY-26SEP01-T83,NO,bid,0.33,30.0,3,194.74,no_dollars,KXHIGHNY-26SEP01,2026-09-02T05:00:00Z,active,True
2026-09-01T13:23:50.552096+00:00,KXHIGHNY-26SEP01-T83,NO,bid,0.32,49.0,4,243.74,no_dollars,KXHIGHNY-26SEP01,2026-09-02T05:00:00Z,active,True
2026-09-01T13:23:50.552096+00:00,KXHIGHNY-26SEP01-T83,NO,bid,0.31,35.0,5,278.74,no_dollars,KXHIGHNY-26SEP01,2026-09-02T05:00:00Z,active,True
2026-09-01T13:23:50.552096+00:00,KXHIGHNY-26SEP01-T83,NO,bid,0.3,139.0,6,417.74,no_dollars,KXHIGHNY-26SEP01,2026-09-02T05:00:00Z,active,True
2026-09-01T13:23:50.552096+00:00,KXHIGHNY-26SEP01-T83,NO,bid,0.27,39.0,7,456.74,no_dollars,KXHIGHNY-26SEP01,2026-09-02T05:00:00Z,active,True
2026-09-01T13:23:50.552096+00:00,KXHIGHNY-26SEP01-T83,NO,bid,0.26,150.0,8,606.74,no_dollars,KXHIGHNY-26SEP01,2026-09-02T05:00:00Z,active,True
2026-09-01T13:23:50.552096+00:00,KXHIGHNY-26SEP01-T83,NO,bid,0.25,211.45,9,818.19,no_dollars,KXHIGHNY-26SEP01,2026-09-02T05:00:00Z,active,True
2026-09-01T13:23:50.552096+00:00,KXHIGHNY-26SEP01-T83,NO,bid,0.24,27.0,10,845.19,no_dollars,KXHIGHNY-26SEP01,2026-09-02T05:00:00Z,active,True
2026-09-01T13:23:50.552096+00:00,KXHIGHNY-26SEP01-T83,NO,bid,0.22,6.0,11,851.19,no_dollars,KXHIGHNY-26SEP01,2026-09-02T05:00:00Z,active,True
2026-09-01T13:23:50.552096+00:00,KXHIGHNY-26SEP01-T83,NO,bid,0.21,11.0,12,862.19,no_dollars,KXHIGHNY-26SEP01,2026-09-02T05:00:00Z,active,True
2026-09-01T13:23:50.552096+00:00,KXHIGHNY-26SEP01-T83,NO,bid,0.2,38.0,13,900.19,no_dollars,KXHIGHNY-26SEP01,2026-09-02T05:00:00Z,active,True
2026-09-01T13:23:50.552096+00:00,KXHIGHNY-26SEP01-T83,NO,bid,0.19,0.15,14,900.34,no_dollars,KXHIGHNY-26SEP01,2026-09-02T05:00:00Z,active,True
2026-09-01T13:23:50.552096+00:00,KXHIGHNY-26SEP01-T83,NO,bid,0.18,160.85,15,1061.19,no_dollars,KXHIGHNY-26SEP01,2026-09-02T05:00:00Z,active,True
2026-09-01T13:23:50.552096+00:00,KXHIGHNY-26SEP01-T83,NO,bid,0.17,1.5,16,1062.69,no_dollars,KXHIGHNY-26SEP01,2026-09-02T05:00:00Z,active,True
2026-09-01T13:23:50.552096+00:00,KXHIGHNY-26SEP01-T83,NO,bid,0.15,65.0,17,1127.69,no_dollars,KXHIGHNY-26SEP01,2026-09-02T05:00:00Z,active,True
2026-09-01T13:23:50.552096+00:00,KXHIGHNY-26SEP01-T83,NO,bid,0.12,50.0,18,1177.69,no_dollars,KXHIGHNY-26SEP01,2026-09-02T05:00:00Z,active,True
2026-09-01T13:23:50.552096+00:00,KXHIGHNY-26SEP01-T83,NO,bid,0.11,100.0,19,1277.69,no_dollars,KXHIGHNY-26SEP01,2026-09-02T05:00:00Z,active,True
2026-09-01T13:23:50.552096+00:00,KXHIGHNY-26SEP01-T83,NO,bid,0.1,25.0,20,1302.69,no_dollars,KXHIGHNY-26SEP01,2026-09-02T05:00:00Z,active,True
2026-09-01T13:23:50.552096+00:00,KXHIGHNY-26SEP01-T83,YES,ask,0.65,110.74,1,110.74,no_dollars,KXHIGHNY-26SEP01,2026-09-02T05:00:00Z,active,True
2026-09-01T13:23:50.552096+00:00,KXHIGHNY-26SEP01-T83,YES,ask,0.66,54.0,2,164.74,no_dollars,KXHIGHNY-26SEP01,2026-09-02T05:00:00Z,active,True
2026-09-01T13:23:50.552096+00:00,KXHIGHNY-26SEP01-T83,YES,ask,0.67,30.0,3,194.74,no_dollars,KXHIGHNY-26SEP01,2026-09-02T05:00:00Z,active,True
2026-09-01T13:23:50.552096+00:00,KXHIGHNY-26SEP01-T83,YES,ask,0.68,49.0,4,243.74,no_dollars,KXHIGHNY-26SEP01,2026-09-02T05:00:00Z,active,True
2026-09-01T13:23:50.552096+00:00,KXHIGHNY-26SEP01-T83,YES,ask,0.69,35.0,5,278.74,no_dollars,KXHIGHNY-26SEP01,2026-09-02T05:00:00Z,active,True
2026-09-01T13:23:50.552096+00:00,KXHIGHNY-26SEP01-T83,YES,ask,0.7,139.0,6,417.74,no_dollars,KXHIGHNY-26SEP01,2026-09-02T05:00:00Z,active,True
2026-09-01T13:23:50.552096+00:00,KXHIGHNY-26SEP01-T83,YES,ask,0.73,39.0,7,456.74,no_dollars,KXHIGHNY-26SEP01,2026-09-02T05:00:00Z,active,True
2026-09-01T13:23:50.552096+00:00,KXHIGHNY-26SEP01-T83,YES,ask,0.74,150.0,8,606.74,no_dollars,KXHIGHNY-26SEP01,2026-09-02T05:00:00Z,active,True
2026-09-01T13:23:50.552096+00:00,KXHIGHNY-26SEP01-T83,YES,ask,0.75,211.45,9,818.19,no_dollars,KXHIGHNY-26SEP01,2026-09-02T05:00:00Z,active,True
2026-09-01T13:23:50.552096+00:00,KXHIGHNY-26SEP01-T83,YES,ask,0.76,27.0,10,845.19,no_dollars,KXHIGHNY-26SEP01,2026-09-02T05:00:00Z,active,True
2026-09-01T13:23:50.552096+00:00,KXHIGHNY-26SEP01-T83,YES,ask,0.78,6.0,11,851.19,no_dollars,KXHIGHNY-26SEP01,2026-09-02T05:00:00Z,active,True
2026-09-01T13:23:50.552096+00:00,KXHIGHNY-26SEP01-T83,YES,ask,0.79,11.0,12,862.19,no_dollars,KXHIGHNY-26SEP01,2026-09-02T05:00:00Z,active,True
2026-09-01T13:23:50.552096+00:00,KXHIGHNY-26SEP01-T83,YES,ask,0.8,38.0,13,900.19,no_dollars,KXHIGHNY-26SEP01,2026-09-02T05:00:00Z,active,True
2026-09-01T13:23:50.552096+00:00,KXHIGHNY-26SEP01-T83,YES,ask,0.81,0.15,14,900.34,no_dollars,KXHIGHNY-26SEP01,2026-09-02T05:00:00Z,active,True
2026-09-01T13:23:50.552096+00:00,KXHIGHNY-26SEP01-T83,YES,ask,0.82,160.85,15,1061.19,no_dollars,KXHIGHNY-26SEP01,2026-09-02T05:00:00Z,active,True
2026-09-01T13:23:50.552096+00:00,KXHIGHNY-26SEP01-T83,YES,ask,0.83,1.5,16,1062.69,no_dollars,KXHIGHNY-26SEP01,2026-09-02T05:00:00Z,active,True
2026-09-01T13:23:50.552096+00:00,KXHIGHNY-26SEP01-T83,YES,ask,0.85,65.0,17,1127.69,no_dollars,KXHIGHNY-26SEP01,2026-09-02T05:00:00Z,active,True
2026-09-01T13:23:50.552096+00:00,KXHIGHNY-26SEP01-T83,YES,ask,0.88,50.0,18,1177.69,no_dollars,KXHIGHNY-26SEP01,2026-09-02T05:00:00Z,active,True
2026-09-01T13:23:50.552096+00:00,KXHIGHNY-26SEP01-T83,YES,ask,0.89,100.0,19,1277.69,no_dollars,KXHIGHNY-26SEP01,2026-09-02T05:00:00Z,active,True
2026-09-01T13:23:50.552096+00:00,KXHIGHNY-26SEP01-T83,YES,ask,0.9,25.0,20,1302.69,no_dollars,KXHIGHNY-26SEP01,2026-09-02T05:00:00Z,active,True
2026-09-01T13:23:50.552096+00:00,KXHIGHNY-26SEP01-B89.5,NO,bid,0.99,537.61,1,537.61,no_dollars,KXHIGHNY-26SEP01,2026-09-02T05:00:00Z,active,True
2026-09-01T13:23:50.552096+00:00,KXHIGHNY-26SEP01-B89.5,NO,bid,0.98,2700.0,2,3237.61,no_dollars,KXHIGHNY-26SEP01,2026-09-02T05:00:00Z,active,True
2026-09-01T13:23:50.552096+00:00,KXHIGHNY-26SEP01-B89.5,NO,bid,0.97,369.0,3,3606.61,no_dollars,KXHIGHNY-26SEP01,2026-09-02T05:00:00Z,active,True
2026-09-01T13:23:50.552096+00:00,KXHIGHNY-26SEP01-B89.5,NO,bid,0.96,120.0,4,3726.61,no_dollars,KXHIGHNY-26SEP01,2026-09-02T05:00:00Z,active,True
2026-09-01T13:23:50.552096+00:00,KXHIGHNY-26SEP01-B89.5,NO,bid,0.95,89.0,5,3815.61,no_dollars,KXHIGHNY-26SEP01,2026-09-02T05:00:00Z,active,True
2026-09-01T13:23:50.552096+00:00,KXHIGHNY-26SEP01-B89.5,NO,bid,0.93,16.0,6,3831.61,no_dollars,KXHIGHNY-26SEP01,2026-09-02T05:00:00Z,active,True
2026-09-01T13:23:50.552096+00:00,KXHIGHNY-26SEP01-B89.5,NO,bid,0.92,12.0,7,3843.61,no_dollars,KXHIGHNY-26SEP01,2026-09-02T05:00:00Z,active,True
2026-09-01T13:23:50.552096+00:00,KXHIGHNY-26SEP01-B89.5,NO,bid,0.9,10.0,8,3853.61,no_dollars,KXHIGHNY-26SEP01,2026-09-02T05:00:00Z,active,True
2026-09-01T13:23:50.552096+00:00,KXHIGHNY-26SEP01-B89.5,NO,bid,0.89,3.0,9,3856.61,no_dollars,KXHIGHNY-26SEP01,2026-09-02T05:00:00Z,active,True
2026-09-01T13:23:50.552096+00:00,KXHIGHNY-26SEP01-B89.5,NO,bid,0.85,478.0,10,4334.610000000001,no_dollars,KXHIGHNY-26SEP01,2026-09-02T05:00:00Z,active,True
2026-09-01T13:23:50.552096+00:00,KXHIGHNY-26SEP01-B89.5,NO,bid,0.84,126.0,11,4460.610000000001,no_dollars,KXHIGHNY-26SEP01,2026-09-02T05:00:00Z,active,True
2026-09-01T13:23:50.552096+00:00,KXHIGHNY-26SEP01-B89.5,NO,bid,0.75,19.0,12,4479.610000000001,no_dollars,KXHIGHNY-26SEP01,2026-09-02T05:00:00Z,active,True
2026-09-01T13:23:50.552096+00:00,KXHIGHNY-26SEP01-B89.5,NO,bid,0.74,25.0,13,4504.610000000001,no_dollars,KXHIGHNY-26SEP01,2026-09-02T05:00:00Z,active,True
2026-09-01T13:23:50.552096+00:00,KXHIGHNY-26SEP01-B89.5,NO,bid,0.7,41.0,14,4545.610000000001,no_dollars,KXHIGHNY-26SEP01,2026-09-02T05:00:00Z,active,True
2026-09-01T13:23:50.552096+00:00,KXHIGHNY-26SEP01-B89.5,NO,bid,0.69,40.0,15,4585.610000000001,no_dollars,KXHIGHNY-26SEP01,2026-09-02T05:00:00Z,active,True
2026-09-01T13:23:50.552096+00:00,KXHIGHNY-26SEP01-B89.5,NO,bid,0.68,40.0,16,4625.610000000001,no_dollars,KXHIGHNY-26SEP01,2026-09-02T05:00:00Z,active,True
2026-09-01T13:23:50.552096+00:00,KXHIGHNY-26SEP01-B89.5,NO,bid,0.67,40.0,17,4665.610000000001,no_dollars,KXHIGHNY-26SEP01,2026-09-02T05:00:00Z,active,True
2026-09-01T13:23:50.552096+00:00,KXHIGHNY-26SEP01-B89.5,NO,bid,0.66,70.0,18,4735.610000000001,no_dollars,KXHIGHNY-26SEP01,2026-09-02T05:00:00Z,active,True
2026-09-01T13:23:50.552096+00:00,KXHIGHNY-26SEP01-B89.5,NO,bid,0.65,41.0,19,4776.610000000001,no_dollars,KXHIGHNY-26SEP01,2026-09-02T05:00:00Z,active,True
2026-09-01T13:23:50.552096+00:00,KXHIGHNY-26SEP01-B89.5,NO,bid,0.64,40.0,20,4816.610000000001,no_dollars,KXHIGHNY-26SEP01,2026-09-02T05:00:00Z,active,True
2026-09-01T13:23:50.552096+00:00,KXHIGHNY-26SEP01-B89.5,YES,ask,0.01,537.61,1,537.61,no_dollars,KXHIGHNY-26SEP01,2026-09-02T05:00:00Z,active,True
2026-09-01T13:23:50.552096+00:00,KXHIGHNY-26SEP01-B89.5,YES,ask,0.02,2700.0,2,3237.61,no_dollars,KXHIGHNY-26SEP01,2026-09-02T05:00:00Z,active,True
2026-09-01T13:23:50.552096+00:00,KXHIGHNY-26SEP01-B89.5,YES,ask,0.03,369.0,3,3606.61,no_dollars,KXHIGHNY-26SEP01,2026-09-02T05:00:00Z,active,True
2026-09-01T13:23:50.552096+00:00,KXHIGHNY-26SEP01-B89.5,YES,ask,0.04,120.0,4,3726.61,no_dollars,KXHIGHNY-26SEP01,2026-09-02T05:00:00Z,active,True
2026-09-01T13:23:50.552096+00:00,KXHIGHNY-26SEP01-B89.5,YES,ask,0.05,89.0,5,3815.61,no_dollars,KXHIGHNY-26SEP01,2026-09-02T05:00:00Z,active,True
2026-09-01T13:23:50.552096+00:00,KXHIGHNY-26SEP01-B89.5,YES,ask,0.07,16.0,6,3831.61,no_dollars,KXHIGHNY-26SEP01,2026-09-02T05:00:00Z,active,True
2026-09-01T13:23:50.552096+00:00,KXHIGHNY-26SEP01-B89.5,YES,ask,0.08,12.0,7,3843.61,no_dollars,KXHIGHNY-26SEP01,2026-09-02T05:00:00Z,active,True
2026-09-01T13:23:50.552096+00:00,KXHIGHNY-26SEP01-B89.5,YES,ask,0.1,10.0,8,3853.61,no_dollars,KXHIGHNY-26SEP01,2026-09-02T05:00:00Z,active,True
2026-09-01T13:23:50.552096+00:00,KXHIGHNY-26SEP01-B89.5,YES,ask,0.11,3.0,9,3856.61,no_dollars,KXHIGHNY-26SEP01,2026-09-02T05:00:00Z,active,True
2026-09-01T13:23:50.552096+00:00,KXHIGHNY-26SEP01-B89.5,YES,ask,0.15,478.0,10,4334.610000000001,no_dollars,KXHIGHNY-26SEP01,2026-09-02T05:00:00Z,active,True
2026-09-01T13:23:50.552096+00:00,KXHIGHNY-26SEP01-B89.5,YES,ask,0.16,126.0,11,4460.610000000001,no_dollars,KXHIGHNY-26SEP01,2026-09-02T05:00:00Z,active,True
2026-09-01T13:23:50.552096+00:00,KXHIGHNY-26SEP01-B89.5,YES,ask,0.25,19.0,12,4479.610000000001,no_dollars,KXHIGHNY-26SEP01,2026-09-02T05:00:00Z,active,True
2026-09-01T13:23:50.552096+00:00,KXHIGHNY-26SEP01-B89.5,YES,ask,0.26,25.0,13,4504.610000000001,no_dollars,KXHIGHNY-26SEP01,2026-09-02T05:00:00Z,active,True
2026-09-01T13:23:50.552096+00:00,KXHIGHNY-26SEP01-B89.5,YES,ask,0.3,41.0,14,4545.610000000001,no_dollars,KXHIGHNY-26SEP01,2026-09-02T05:00:00Z,active,True
2026-09-01T13:23:50.552096+00:00,KXHIGHNY-26SEP01-B89.5,YES,ask,0.31,40.0,15,4585.610000000001,no_dollars,KXHIGHNY-26SEP01,2026-09-02T05:00:00Z,active,True
2026-09-01T13:23:50.552096+00:00,KXHIGHNY-26SEP01-B89.5,YES,ask,0.32,40.0,16,4625.610000000001,no_dollars,KXHIGHNY-26SEP01,2026-09-02T05:00:00Z,active,True
2026-09-01T13:23:50.552096+00:00,KXHIGHNY-26SEP01-B89.5,YES,ask,0.33,40.0,17,4665.610000000001,no_dollars,KXHIGHNY-26SEP01,2026-09-02T05:00:00Z,active,True
2026-09-01T13:23:50.552096+00:00,KXHIGHNY-26SEP01-B89.5,YES,ask,0.34,70.0,18,4735.610000000001,no_dollars,KXHIGHNY-26SEP01,2026-09-02T05:00:00Z,active,True
2026-09-01T13:23:50.552096+00:00,KXHIGHNY-26SEP01-B89.5,YES,ask,0.35,41.0,19,4776.610000000001,no_dollars,KXHIGHNY-26SEP01,2026-09-02T05:00:00Z,active,True
2026-09-01T13:23:50.552096+00:00,KXHIGHNY-26SEP01-B89.5,YES,ask,0.36,40.0,20,4816.610000000001,no_dollars,KXHIGHNY-26SEP01,2026-09-02T05:00:00Z,active,True
2026-09-01T13:23:50.552096+00:00,KXHIGHNY-26SEP01-B87.5,YES,bid,0.01,128.0,1,128.0,yes_dollars,KXHIGHNY-26SEP01,2026-09-02T05:00:00Z,active,True
2026-09-01T13:23:50.552096+00:00,KXHIGHNY-26SEP01-B87.5,NO,ask,0.99,128.0,1,128.0,yes_dollars,KXHIGHNY-26SEP01,2026-09-02T05:00:00Z,active,True
2026-09-01T13:23:50.552096+00:00,KXHIGHNY-26SEP01-B87.5,NO,bid,0.98,79.0,1,79.0,no_dollars,KXHIGHNY-26SEP01,2026-09-02T05:00:00Z,active,True
2026-09-01T13:23:50.552096+00:00,KXHIGHNY-26SEP01-B87.5,NO,bid,0.97,42.0,2,121.0,no_dollars,KXHIGHNY-26SEP01,2026-09-02T05:00:00Z,active,True
2026-09-01T13:23:50.552096+00:00,KXHIGHNY-26SEP01-B87.5,NO,bid,0.96,167.0,3,288.0,no_dollars,KXHIGHNY-26SEP01,2026-09-02T05:00:00Z,active,True
2026-09-01T13:23:50.552096+00:00,KXHIGHNY-26SEP01-B87.5,NO,bid,0.95,11.0,4,299.0,no_dollars,KXHIGHNY-26SEP01,2026-09-02T05:00:00Z,active,True
2026-09-01T13:23:50.552096+00:00,KXHIGHNY-26SEP01-B87.5,NO,bid,0.94,25.0,5,324.0,no_dollars,KXHIGHNY-26SEP01,2026-09-02T05:00:00Z,active,True
2026-09-01T13:23:50.552096+00:00,KXHIGHNY-26SEP01-B87.5,NO,bid,0.93,19.0,6,343.0,no_dollars,KXHIGHNY-26SEP01,2026-09-02T05:00:00Z,active,True
2026-09-01T13:23:50.552096+00:00,KXHIGHNY-26SEP01-B87.5,NO,bid,0.92,1.0,7,344.0,no_dollars,KXHIGHNY-26SEP01,2026-09-02T05:00:00Z,active,True
2026-09-01T13:23:50.552096+00:00,KXHIGHNY-26SEP01-B87.5,NO,bid,0.91,1.0,8,345.0,no_dollars,KXHIGHNY-26SEP01,2026-09-02T05:00:00Z,active,True
2026-09-01T13:23:50.552096+00:00,KXHIGHNY-26SEP01-B87.5,NO,bid,0.9,10.0,9,355.0,no_dollars,KXHIGHNY-26SEP01,2026-09-02T05:00:00Z,active,True
2026-09-01T13:23:50.552096+00:00,KXHIGHNY-26SEP01-B87.5,NO,bid,0.89,3.0,10,358.0,no_dollars,KXHIGHNY-26SEP01,2026-09-02T05:00:00Z,active,True
2026-09-01T13:23:50.552096+00:00,KXHIGHNY-26SEP01-B87.5,NO,bid,0.85,52.0,11,410.0,no_dollars,KXHIGHNY-26SEP01,2026-09-02T05:00:00Z,active,True
2026-09-01T13:23:50.552096+00:00,KXHIGHNY-26SEP01-B87.5,NO,bid,0.83,10.0,12,420.0,no_dollars,KXHIGHNY-26SEP01,2026-09-02T05:00:00Z,active,True
2026-09-01T13:23:50.552096+00:00,KXHIGHNY-26SEP01-B87.5,NO,bid,0.81,112.0,13,532.0,no_dollars,KXHIGHNY-26SEP01,2026-09-02T05:00:00Z,active,True
2026-09-01T13:23:50.552096+00:00,KXHIGHNY-26SEP01-B87.5,NO,bid,0.75,14.0,14,546.0,no_dollars,KXHIGHNY-26SEP01,2026-09-02T05:00:00Z,active,True
2026-09-01T13:23:50.552096+00:00,KXHIGHNY-26SEP01-B87.5,NO,bid,0.74,75.0,15,621.0,no_dollars,KXHIGHNY-26SEP01,2026-09-02T05:00:00Z,active,True
2026-09-01T13:23:50.552096+00:00,KXHIGHNY-26SEP01-B87.5,NO,bid,0.73,60.0,16,681.0,no_dollars,KXHIGHNY-26SEP01,2026-09-02T05:00:00Z,active,True
2026-09-01T13:23:50.552096+00:00,KXHIGHNY-26SEP01-B87.5,NO,bid,0.71,790.0,17,1471.0,no_dollars,KXHIGHNY-26SEP01,2026-09-02T05:00:00Z,active,True
2026-09-01T13:23:50.552096+00:00,KXHIGHNY-26SEP01-B87.5,NO,bid,0.7,41.0,18,1512.0,no_dollars,KXHIGHNY-26SEP01,2026-09-02T05:00:00Z,active,True
2026-09-01T13:23:50.552096+00:00,KXHIGHNY-26SEP01-B87.5,NO,bid,0.69,40.0,19,1552.0,no_dollars,KXHIGHNY-26SEP01,2026-09-02T05:00:00Z,active,True
2026-09-01T13:23:50.552096+00:00,KXHIGHNY-26SEP01-B87.5,NO,bid,0.68,40.0,20,1592.0,no_dollars,KXHIGHNY-26SEP01,2026-09-02T05:00:00Z,active,True
2026-09-01T13:23:50.552096+00:00,KXHIGHNY-26SEP01-B87.5,YES,ask,0.02,79.0,1,79.0,no_dollars,KXHIGHNY-26SEP01,2026-09-02T05:00:00Z,active,True
2026-09-01T13:23:50.552096+00:00,KXHIGHNY-26SEP01-B87.5,YES,ask,0.03,42.0,2,121.0,no_dollars,KXHIGHNY-26SEP01,2026-09-02T05:00:00Z,active,True
2026-09-01T13:23:50.552096+00:00,KXHIGHNY-26SEP01-B87.5,YES,ask,0.04,167.0,3,288.0,no_dollars,KXHIGHNY-26SEP01,2026-09-02T05:00:00Z,active,True
2026-09-01T13:23:50.552096+00:00,KXHIGHNY-26SEP01-B87.5,YES,ask,0.05,11.0,4,299.0,no_dollars,KXHIGHNY-26SEP01,2026-09-02T05:00:00Z,active,True
2026-09-01T13:23:50.552096+00:00,KXHIGHNY-26SEP01-B87.5,YES,ask,0.06,25.0,5,324.0,no_dollars,KXHIGHNY-26SEP01,2026-09-02T05:00:00Z,active,True
2026-09-01T13:23:50.552096+00:00,KXHIGHNY-26SEP01-B87.5,YES,ask,0.07,19.0,6,343.0,no_dollars,KXHIGHNY-26SEP01,2026-09-02T05:00:00Z,active,True
2026-09-01T13:23:50.552096+00:00,KXHIGHNY-26SEP01-B87.5,YES,ask,0.08,1.0,7,344.0,no_dollars,KXHIGHNY-26SEP01,2026-09-02T05:00:00Z,active,True
2026-09-01T13:23:50.552096+00:00,KXHIGHNY-26SEP01-B87.5,YES,ask,0.09,1.0,8,345.0,no_dollars,KXHIGHNY-26SEP01,2026-09-02T05:00:00Z,active,True
2026-09-01T13:23:50.552096+00:00,KXHIGHNY-26SEP01-B87.5,YES,ask,0.1,10.0,9,355.0,no_dollars,KXHIGHNY-26SEP01,2026-09-02T05:00:00Z,active,True
2026-09-01T13:23:50.552096+00:00,KXHIGHNY-26SEP01-B87.5,YES,ask,0.11,3.0,10,358.0,no_dollars,KXHIGHNY-26SEP01,2026-09-02T05:00:00Z,active,True
2026-09-01T13:23:50.552096+00:00,KXHIGHNY-26SEP01-B87.5,YES,ask,0.15,52.0,11,410.0,no_dollars,KXHIGHNY-26SEP01,2026-09-02T05:00:00Z,active,True
2026-09-01T13:23:50.552096+00:00,KXHIGHNY-26SEP01-B87.5,YES,ask,0.17,10.0,12,420.0,no_dollars,KXHIGHNY-26SEP01,2026-09-02T05:00:00Z,active,True
2026-09-01T13:23:50.552096+00:00,KXHIGHNY-26SEP01-B87.5,YES,ask,0.19,112.0,13,532.0,no_dollars,KXHIGHNY-26SEP01,2026-09-02T05:00:00Z,active,True
2026-09-01T13:23:50.552096+00:00,KXHIGHNY-26SEP01-B87.5,YES,ask,0.25,14.0,14,546.0,no_dollars,KXHIGHNY-26SEP01,2026-09-02T05:00:00Z,active,True
2026-09-01T13:23:50.552096+00:00,KXHIGHNY-26SEP01-B87.5,YES,ask,0.26,75.0,15,621.0,no_dollars,KXHIGHNY-26SEP01,2026-09-02T05:00:00Z,active,True
2026-09-01T13:23:50.552096+00:00,KXHIGHNY-26SEP01-B87.5,YES,ask,0.27,60.0,16,681.0,no_dollars,KXHIGHNY-26SEP01,2026-09-02T05:00:00Z,active,True
2026-09-01T13:23:50.552096+00:00,KXHIGHNY-26SEP01-B87.5,YES,ask,0.29,790.0,17,1471.0,no_dollars,KXHIGHNY-26SEP01,2026-09-02T05:00:00Z,active,True
2026-09-01T13:23:50.552096+00:00,KXHIGHNY-26SEP01-B87.5,YES,ask,0.3,41.0,18,1512.0,no_dollars,KXHIGHNY-26SEP01,2026-09-02T05:00:00Z,active,True
2026-09-01T13:23:50.552096+00:00,KXHIGHNY-26SEP01-B87.5,YES,ask,0.31,40.0,19,1552.0,no_dollars,KXHIGHNY-26SEP01,2026-09-02T05:00:00Z,active,True
2026-09-01T13:23:50.552096+00:00,KXHIGHNY-26SEP01-B87.5,YES,ask,0.32,40.0,20,1592.0,no_dollars,KXHIGHNY-26SEP01,2026-09-02T05:00:00Z,active,True
2026-09-01T13:23:50.552096+00:00,KXHIGHNY-26SEP01-B85.5,YES,bid,0.05,23.0,1,23.0,yes_dollars,KXHIGHNY-26SEP01,2026-09-02T05:00:00Z,active,True
2026-09-01T13:23:50.552096+00:00,KXHIGHNY-26SEP01-B85.5,YES,bid,0.04,99.0,2,122.0,yes_dollars,KXHIGHNY-26SEP01,2026-09-02T05:00:00Z,active,True
2026-09-01T13:23:50.552096+00:00,KXHIGHNY-26SEP01-B85.5,YES,bid,0.03,523.0,3,645.0,yes_dollars,KXHIGHNY-26SEP01,2026-09-02T05:00:00Z,active,True
2026-09-01T13:23:50.552096+00:00,KXHIGHNY-26SEP01-B85.5,YES,bid,0.02,170.0,4,815.0,yes_dollars,KXHIGHNY-26SEP01,2026-09-02T05:00:00Z,active,True
2026-09-01T13:23:50.552096+00:00,KXHIGHNY-26SEP01-B85.5,YES,bid,0.01,1959.56,5,2774.56,yes_dollars,KXHIGHNY-26SEP01,2026-09-02T05:00:00Z,active,True
2026-09-01T13:23:50.552096+00:00,KXHIGHNY-26SEP01-B85.5,NO,ask,0.95,23.0,1,23.0,yes_dollars,KXHIGHNY-26SEP01,2026-09-02T05:00:00Z,active,True
2026-09-01T13:23:50.552096+00:00,KXHIGHNY-26SEP01-B85.5,NO,ask,0.96,99.0,2,122.0,yes_dollars,KXHIGHNY-26SEP01,2026-09-02T05:00:00Z,active,True
2026-09-01T13:23:50.552096+00:00,KXHIGHNY-26SEP01-B85.5,NO,ask,0.97,523.0,3,645.0,yes_dollars,KXHIGHNY-26SEP01,2026-09-02T05:00:00Z,active,True
2026-09-01T13:23:50.552096+00:00,KXHIGHNY-26SEP01-B85.5,NO,ask,0.98,170.0,4,815.0,yes_dollars,KXHIGHNY-26SEP01,2026-09-02T05:00:00Z,active,True
2026-09-01T13:23:50.552096+00:00,KXHIGHNY-26SEP01-B85.5,NO,ask,0.99,1959.56,5,2774.56,yes_dollars,KXHIGHNY-26SEP01,2026-09-02T05:00:00Z,active,True
2026-09-01T13:23:50.552096+00:00,KXHIGHNY-26SEP01-B85.5,NO,bid,0.94,167.18,1,167.18,no_dollars,KXHIGHNY-26SEP01,2026-09-02T05:00:00Z,active,True
2026-09-01T13:23:50.552096+00:00,KXHIGHNY-26SEP01-B85.5,NO,bid,0.93,25.0,2,192.18,no_dollars,KXHIGHNY-26SEP01,2026-09-02T05:00:00Z,active,True
2026-09-01T13:23:50.552096+00:00,KXHIGHNY-26SEP01-B85.5,NO,bid,0.92,91.0,3,283.18,no_dollars,KXHIGHNY-26SEP01,2026-09-02T05:00:00Z,active,True
2026-09-01T13:23:50.552096+00:00,KXHIGHNY-26SEP01-B85.5,NO,bid,0.91,48.0,4,331.18,no_dollars,KXHIGHNY-26SEP01,2026-09-02T05:00:00Z,active,True
2026-09-01T13:23:50.552096+00:00,KXHIGHNY-26SEP01-B85.5,NO,bid,0.9,25.0,5,356.18,no_dollars,KXHIGHNY-26SEP01,2026-09-02T05:00:00Z,active,True
2026-09-01T13:23:50.552096+00:00,KXHIGHNY-26SEP01-B85.5,NO,bid,0.89,2.0,6,358.18,no_dollars,KXHIGHNY-26SEP01,2026-09-02T05:00:00Z,active,True
2026-09-01T13:23:50.552096+00:00,KXHIGHNY-26SEP01-B85.5,NO,bid,0.88,25.0,7,383.18,no_dollars,KXHIGHNY-26SEP01,2026-09-02T05:00:00Z,active,True
2026-09-01T13:23:50.552096+00:00,KXHIGHNY-26SEP01-B85.5,NO,bid,0.87,11.0,8,394.18,no_dollars,KXHIGHNY-26SEP01,2026-09-02T05:00:00Z,active,True
2026-09-01T13:23:50.552096+00:00,KXHIGHNY-26SEP01-B85.5,NO,bid,0.85,265.0,9,659.1800000000001,no_dollars,KXHIGHNY-26SEP01,2026-09-02T05:00:00Z,active,True
2026-09-01T13:23:50.552096+00:00,KXHIGHNY-26SEP01-B85.5,NO,bid,0.82,18.63,10,677.8100000000001,no_dollars,KXHIGHNY-26SEP01,2026-09-02T05:00:00Z,active,True
2026-09-01T13:23:50.552096+00:00,KXHIGHNY-26SEP01-B85.5,NO,bid,0.8,25.0,11,702.8100000000001,no_dollars,KXHIGHNY-26SEP01,2026-09-02T05:00:00Z,active,True
2026-09-01T13:23:50.552096+00:00,KXHIGHNY-26SEP01-B85.5,NO,bid,0.79,11.0,12,713.8100000000001,no_dollars,KXHIGHNY-26SEP01,2026-09-02T05:00:00Z,active,True
2026-09-01T13:23:50.552096+00:00,KXHIGHNY-26SEP01-B85.5,NO,bid,0.75,25.0,13,738.8100000000001,no_dollars,KXHIGHNY-26SEP01,2026-09-02T05:00:00Z,active,True
2026-09-01T13:23:50.552096+00:00,KXHIGHNY-26SEP01-B85.5,NO,bid,0.74,2.0,14,740.8100000000001,no_dollars,KXHIGHNY-26SEP01,2026-09-02T05:00:00Z,active,True
2026-09-01T13:23:50.552096+00:00,KXHIGHNY-26SEP01-B85.5,NO,bid,0.73,68.73,15,809.5400000000001,no_dollars,KXHIGHNY-26SEP01,2026-09-02T05:00:00Z,active,True
2026-09-01T13:23:50.552096+00:00,KXHIGHNY-26SEP01-B85.5,NO,bid,0.72,816.0,16,1625.54,no_dollars,KXHIGHNY-26SEP01,2026-09-02T05:00:00Z,active,True
2026-09-01T13:23:50.552096+00:00,KXHIGHNY-26SEP01-B85.5,NO,bid,0.71,60.0,17,1685.54,no_dollars,KXHIGHNY-26SEP01,2026-09-02T05:00:00Z,active,True
2026-09-01T13:23:50.552096+00:00,KXHIGHNY-26SEP01-B85.5,NO,bid,0.7,90.0,18,1775.54,no_dollars,KXHIGHNY-26SEP01,2026-09-02T05:00:00Z,active,True
2026-09-01T13:23:50.552096+00:00,KXHIGHNY-26SEP01-B85.5,NO,bid,0.69,40.0,19,1815.54,no_dollars,KXHIGHNY-26SEP01,2026-09-02T05:00:00Z,active,True
2026-09-01T13:23:50.552096+00:00,KXHIGHNY-26SEP01-B85.5,NO,bid,0.68,40.0,20,1855.54,no_dollars,KXHIGHNY-26SEP01,2026-09-02T05:00:00Z,active,True
2026-09-01T13:23:50.552096+00:00,KXHIGHNY-26SEP01-B85.5,YES,ask,0.06,167.18,1,167.18,no_dollars,KXHIGHNY-26SEP01,2026-09-02T05:00:00Z,active,True
2026-09-01T13:23:50.552096+00:00,KXHIGHNY-26SEP01-B85.5,YES,ask,0.07,25.0,2,192.18,no_dollars,KXHIGHNY-26SEP01,2026-09-02T05:00:00Z,active,True
2026-09-01T13:23:50.552096+00:00,KXHIGHNY-26SEP01-B85.5,YES,ask,0.08,91.0,3,283.18,no_dollars,KXHIGHNY-26SEP01,2026-09-02T05:00:00Z,active,True
2026-09-01T13:23:50.552096+00:00,KXHIGHNY-26SEP01-B85.5,YES,ask,0.09,48.0,4,331.18,no_dollars,KXHIGHNY-26SEP01,2026-09-02T05:00:00Z,active,True
2026-09-01T13:23:50.552096+00:00,KXHIGHNY-26SEP01-B85.5,YES,ask,0.1,25.0,5,356.18,no_dollars,KXHIGHNY-26SEP01,2026-09-02T05:00:00Z,active,True
2026-09-01T13:23:50.552096+00:00,KXHIGHNY-26SEP01-B85.5,YES,ask,0.11,2.0,6,358.18,no_dollars,KXHIGHNY-26SEP01,2026-09-02T05:00:00Z,active,True
2026-09-01T13:23:50.552096+00:00,KXHIGHNY-26SEP01-B85.5,YES,ask,0.12,25.0,7,383.18,no_dollars,KXHIGHNY-26SEP01,2026-09-02T05:00:00Z,active,True
2026-09-01T13:23:50.552096+00:00,KXHIGHNY-26SEP01-B85.5,YES,ask,0.13,11.0,8,394.18,no_dollars,KXHIGHNY-26SEP01,2026-09-02T05:00:00Z,active,True
2026-09-01T13:23:50.552096+00:00,KXHIGHNY-26SEP01-B85.5,YES,ask,0.15,265.0,9,659.1800000000001,no_dollars,KXHIGHNY-26SEP01,2026-09-02T05:00:00Z,active,True
2026-09-01T13:23:50.552096+00:00,KXHIGHNY-26SEP01-B85.5,YES,ask,0.18,18.63,10,677.8100000000001,no_dollars,KXHIGHNY-26SEP01,2026-09-02T05:00:00Z,active,True
2026-09-01T13:23:50.552096+00:00,KXHIGHNY-26SEP01-B85.5,YES,ask,0.2,25.0,11,702.8100000000001,no_dollars,KXHIGHNY-26SEP01,2026-09-02T05:00:00Z,active,True
2026-09-01T13:23:50.552096+00:00,KXHIGHNY-26SEP01-B85.5,YES,ask,0.21,11.0,12,713.8100000000001,no_dollars,KXHIGHNY-26SEP01,2026-09-02T05:00:00Z,active,True
2026-09-01T13:23:50.552096+00:00,KXHIGHNY-26SEP01-B85.5,YES,ask,0.25,25.0,13,738.8100000000001,no_dollars,KXHIGHNY-26SEP01,2026-09-02T05:00:00Z,active,True
2026-09-01T13:23:50.552096+00:00,KXHIGHNY-26SEP01-B85.5,YES,ask,0.26,2.0,14,740.8100000000001,no_dollars,KXHIGHNY-26SEP01,2026-09-02T05:00:00Z,active,True
2026-09-01T13:23:50.552096+00:00,KXHIGHNY-26SEP01-B85.5,YES,ask,0.27,68.73,15,809.5400000000001,no_dollars,KXHIGHNY-26SEP01,2026-09-02T05:00:00Z,active,True
2026-09-01T13:23:50.552096+00:00,KXHIGHNY-26SEP01-B85.5,YES,ask,0.28,816.0,16,1625.54,no_dollars,KXHIGHNY-26SEP01,2026-09-02T05:00:00Z,active,True
2026-09-01T13:23:50.552096+00:00,KXHIGHNY-26SEP01-B85.5,YES,ask,0.29,60.0,17,1685.54,no_dollars,KXHIGHNY-26SEP01,2026-09-02T05:00:00Z,active,True
2026-09-01T13:23:50.552096+00:00,KXHIGHNY-26SEP01-B85.5,YES,ask,0.3,90.0,18,1775.54,no_dollars,KXHIGHNY-26SEP01,2026-09-02T05:00:00Z,active,True
2026-09-01T13:23:50.552096+00:00,KXHIGHNY-26SEP01-B85.5,YES,ask,0.31,40.0,19,1815.54,no_dollars,KXHIGHNY-26SEP01,2026-09-02T05:00:00Z,active,True
2026-09-01T13:23:50.552096+00:00,KXHIGHNY-26SEP01-B85.5,YES,ask,0.32,40.0,20,1855.54,no_dollars,KXHIGHNY-26SEP01,2026-09-02T05:00:00Z,active,True
2026-09-01T13:23:50.552096+00:00,KXHIGHNY-26SEP01-B83.5,YES,bid,0.32,48.0,1,48.0,yes_dollars,KXHIGHNY-26SEP01,2026-09-02T05:00:00Z,active,True
2026-09-01T13:23:50.552096+00:00,KXHIGHNY-26SEP01-B83.5,YES,bid,0.3,81.06,2,129.06,yes_dollars,KXHIGHNY-26SEP01,2026-09-02T05:00:00Z,active,True
2026-09-01T13:23:50.552096+00:00,KXHIGHNY-26SEP01-B83.5,YES,bid,0.28,2.0,3,131.06,yes_dollars,KXHIGHNY-26SEP01,2026-09-02T05:00:00Z,active,True
2026-09-01T13:23:50.552096+00:00,KXHIGHNY-26SEP01-B83.5,YES,bid,0.26,56.15,4,187.21,yes_dollars,KXHIGHNY-26SEP01,2026-09-02T05:00:00Z,active,True
2026-09-01T13:23:50.552096+00:00,KXHIGHNY-26SEP01-B83.5,YES,bid,0.25,37.21,5,224.42000000000002,yes_dollars,KXHIGHNY-26SEP01,2026-09-02T05:00:00Z,active,True
2026-09-01T13:23:50.552096+00:00,KXHIGHNY-26SEP01-B83.5,YES,bid,0.24,11.0,6,235.42000000000002,yes_dollars,KXHIGHNY-26SEP01,2026-09-02T05:00:00Z,active,True
2026-09-01T13:23:50.552096+00:00,KXHIGHNY-26SEP01-B83.5,YES,bid,0.23,25.0,7,260.42,yes_dollars,KXHIGHNY-26SEP01,2026-09-02T05:00:00Z,active,True
2026-09-01T13:23:50.552096+00:00,KXHIGHNY-26SEP01-B83.5,YES,bid,0.22,71.0,8,331.42,yes_dollars,KXHIGHNY-26SEP01,2026-09-02T05:00:00Z,active,True
2026-09-01T13:23:50.552096+00:00,KXHIGHNY-26SEP01-B83.5,YES,bid,0.21,32.0,9,363.42,yes_dollars,KXHIGHNY-26SEP01,2026-09-02T05:00:00Z,active,True
2026-09-01T13:23:50.552096+00:00,KXHIGHNY-26SEP01-B83.5,YES,bid,0.2,31.0,10,394.42,yes_dollars,KXHIGHNY-26SEP01,2026-09-02T05:00:00Z,active,True
2026-09-01T13:23:50.552096+00:00,KXHIGHNY-26SEP01-B83.5,YES,bid,0.19,31.0,11,425.42,yes_dollars,KXHIGHNY-26SEP01,2026-09-02T05:00:00Z,active,True
2026-09-01T13:23:50.552096+00:00,KXHIGHNY-26SEP01-B83.5,YES,bid,0.18,63.0,12,488.42,yes_dollars,KXHIGHNY-26SEP01,2026-09-02T05:00:00Z,active,True
2026-09-01T13:23:50.552096+00:00,KXHIGHNY-26SEP01-B83.5,YES,bid,0.17,735.0,13,1223.42,yes_dollars,KXHIGHNY-26SEP01,2026-09-02T05:00:00Z,active,True
2026-09-01T13:23:50.552096+00:00,KXHIGHNY-26SEP01-B83.5,YES,bid,0.16,60.0,14,1283.42,yes_dollars,KXHIGHNY-26SEP01,2026-09-02T05:00:00Z,active,True
2026-09-01T13:23:50.552096+00:00,KXHIGHNY-26SEP01-B83.5,YES,bid,0.15,35.0,15,1318.42,yes_dollars,KXHIGHNY-26SEP01,2026-09-02T05:00:00Z,active,True
2026-09-01T13:23:50.552096+00:00,KXHIGHNY-26SEP01-B83.5,YES,bid,0.13,10.0,16,1328.42,yes_dollars,KXHIGHNY-26SEP01,2026-09-02T05:00:00Z,active,True
2026-09-01T13:23:50.552096+00:00,KXHIGHNY-26SEP01-B83.5,YES,bid,0.1,125.0,17,1453.42,yes_dollars,KXHIGHNY-26SEP01,2026-09-02T05:00:00Z,active,True
2026-09-01T13:23:50.552096+00:00,KXHIGHNY-26SEP01-B83.5,YES,bid,0.09,73.0,18,1526.42,yes_dollars,KXHIGHNY-26SEP01,2026-09-02T05:00:00Z,active,True
2026-09-01T13:23:50.552096+00:00,KXHIGHNY-26SEP01-B83.5,YES,bid,0.08,31.0,19,1557.42,yes_dollars,KXHIGHNY-26SEP01,2026-09-02T05:00:00Z,active,True
2026-09-01T13:23:50.552096+00:00,KXHIGHNY-26SEP01-B83.5,YES,bid,0.07,21.0,20,1578.42,yes_dollars,KXHIGHNY-26SEP01,2026-09-02T05:00:00Z,active,True
2026-09-01T13:23:50.552096+00:00,KXHIGHNY-26SEP01-B83.5,NO,ask,0.68,48.0,1,48.0,yes_dollars,KXHIGHNY-26SEP01,2026-09-02T05:00:00Z,active,True
2026-09-01T13:23:50.552096+00:00,KXHIGHNY-26SEP01-B83.5,NO,ask,0.7,81.06,2,129.06,yes_dollars,KXHIGHNY-26SEP01,2026-09-02T05:00:00Z,active,True
2026-09-01T13:23:50.552096+00:00,KXHIGHNY-26SEP01-B83.5,NO,ask,0.72,2.0,3,131.06,yes_dollars,KXHIGHNY-26SEP01,2026-09-02T05:00:00Z,active,True
2026-09-01T13:23:50.552096+00:00,KXHIGHNY-26SEP01-B83.5,NO,ask,0.74,56.15,4,187.21,yes_dollars,KXHIGHNY-26SEP01,2026-09-02T05:00:00Z,active,True
2026-09-01T13:23:50.552096+00:00,KXHIGHNY-26SEP01-B83.5,NO,ask,0.75,37.21,5,224.42000000000002,yes_dollars,KXHIGHNY-26SEP01,2026-09-02T05:00:00Z,active,True
2026-09-01T13:23:50.552096+00:00,KXHIGHNY-26SEP01-B83.5,NO,ask,0.76,11.0,6,235.42000000000002,yes_dollars,KXHIGHNY-26SEP01,2026-09-02T05:00:00Z,active,True
2026-09-01T13:23:50.552096+00:00,KXHIGHNY-26SEP01-B83.5,NO,ask,0.77,25.0,7,260.42,yes_dollars,KXHIGHNY-26SEP01,2026-09-02T05:00:00Z,active,True
2026-09-01T13:23:50.552096+00:00,KXHIGHNY-26SEP01-B83.5,NO,ask,0.78,71.0,8,331.42,yes_dollars,KXHIGHNY-26SEP01,2026-09-02T05:00:00Z,active,True
2026-09-01T13:23:50.552096+00:00,KXHIGHNY-26SEP01-B83.5,NO,ask,0.79,32.0,9,363.42,yes_dollars,KXHIGHNY-26SEP01,2026-09-02T05:00:00Z,active,True
2026-09-01T13:23:50.552096+00:00,KXHIGHNY-26SEP01-B83.5,NO,ask,0.8,31.0,10,394.42,yes_dollars,KXHIGHNY-26SEP01,2026-09-02T05:00:00Z,active,True
2026-09-01T13:23:50.552096+00:00,KXHIGHNY-26SEP01-B83.5,NO,ask,0.81,31.0,11,425.42,yes_dollars,KXHIGHNY-26SEP01,2026-09-02T05:00:00Z,active,True
2026-09-01T13:23:50.552096+00:00,KXHIGHNY-26SEP01-B83.5,NO,ask,0.82,63.0,12,488.42,yes_dollars,KXHIGHNY-26SEP01,2026-09-02T05:00:00Z,active,True
2026-09-01T13:23:50.552096+00:00,KXHIGHNY-26SEP01-B83.5,NO,ask,0.83,735.0,13,1223.42,yes_dollars,KXHIGHNY-26SEP01,2026-09-02T05:00:00Z,active,True
2026-09-01T13:23:50.552096+00:00,KXHIGHNY-26SEP01-B83.5,NO,ask,0.84,60.0,14,1283.42,yes_dollars,KXHIGHNY-26SEP01,2026-09-02T05:00:00Z,active,True
2026-09-01T13:23:50.552096+00:00,KXHIGHNY-26SEP01-B83.5,NO,ask,0.85,35.0,15,1318.42,yes_dollars,KXHIGHNY-26SEP01,2026-09-02T05:00:00Z,active,True
2026-09-01T13:23:50.552096+00:00,KXHIGHNY-26SEP01-B83.5,NO,ask,0.87,10.0,16,1328.42,yes_dollars,KXHIGHNY-26SEP01,2026-09-02T05:00:00Z,active,True
2026-09-01T13:23:50.552096+00:00,KXHIGHNY-26SEP01-B83.5,NO,ask,0.9,125.0,17,1453.42,yes_dollars,KXHIGHNY-26SEP01,2026-09-02T05:00:00Z,active,True
2026-09-01T13:23:50.552096+00:00,KXHIGHNY-26SEP01-B83.5,NO,ask,0.91,73.0,18,1526.42,yes_dollars,KXHIGHNY-26SEP01,2026-09-02T05:00:00Z,active,True
2026-09-01T13:23:50.552096+00:00,KXHIGHNY-26SEP01-B83.5,NO,ask,0.92,31.0,19,1557.42,yes_dollars,KXHIGHNY-26SEP01,2026-09-02T05:00:00Z,active,True
2026-09-01T13:23:50.552096+00:00,KXHIGHNY-26SEP01-B83.5,NO,ask,0.93,21.0,20,1578.42,yes_dollars,KXHIGHNY-26SEP01,2026-09-02T05:00:00Z,active,True
2026-09-01T13:23:50.552096+00:00,KXHIGHNY-26SEP01-B83.5,NO,bid,0.67,121.22,1,121.22,no_dollars,KXHIGHNY-26SEP01,2026-09-02T05:00:00Z,active,True
2026-09-01T13:23:50.552096+00:00,KXHIGHNY-26SEP01-B83.5,NO,bid,0.66,132.5,2,253.72,no_dollars,KXHIGHNY-26SEP01,2026-09-02T05:00:00Z,active,True
2026-09-01T13:23:50.552096+00:00,KXHIGHNY-26SEP01-B83.5,NO,bid,0.65,38.0,3,291.72,no_dollars,KXHIGHNY-26SEP01,2026-09-02T05:00:00Z,active,True
2026-09-01T13:23:50.552096+00:00,KXHIGHNY-26SEP01-B83.5,NO,bid,0.64,89.33,4,381.05,no_dollars,KXHIGHNY-26SEP01,2026-09-02T05:00:00Z,active,True
2026-09-01T13:23:50.552096+00:00,KXHIGHNY-26SEP01-B83.5,NO,bid,0.63,25.0,5,406.05,no_dollars,KXHIGHNY-26SEP01,2026-09-02T05:00:00Z,active,True
2026-09-01T13:23:50.552096+00:00,KXHIGHNY-26SEP01-B83.5,NO,bid,0.62,2.0,6,408.05,no_dollars,KXHIGHNY-26SEP01,2026-09-02T05:00:00Z,active,True
2026-09-01T13:23:50.552096+00:00,KXHIGHNY-26SEP01-B83.5,NO,bid,0.61,15.0,7,423.05,no_dollars,KXHIGHNY-26SEP01,2026-09-02T05:00:00Z,active,True
2026-09-01T13:23:50.552096+00:00,KXHIGHNY-26SEP01-B83.5,NO,bid,0.6,46.5,8,469.55,no_dollars,KXHIGHNY-26SEP01,2026-09-02T05:00:00Z,active,True
2026-09-01T13:23:50.552096+00:00,KXHIGHNY-26SEP01-B83.5,NO,bid,0.58,17.0,9,486.55,no_dollars,KXHIGHNY-26SEP01,2026-09-02T05:00:00Z,active,True
2026-09-01T13:23:50.552096+00:00,KXHIGHNY-26SEP01-B83.5,NO,bid,0.55,25.0,10,511.55,no_dollars,KXHIGHNY-26SEP01,2026-09-02T05:00:00Z,active,True
2026-09-01T13:23:50.552096+00:00,KXHIGHNY-26SEP01-B83.5,NO,bid,0.54,1.0,11,512.55,no_dollars,KXHIGHNY-26SEP01,2026-09-02T05:00:00Z,active,True
2026-09-01T13:23:50.552096+00:00,KXHIGHNY-26SEP01-B83.5,NO,bid,0.52,50.0,12,562.55,no_dollars,KXHIGHNY-26SEP01,2026-09-02T05:00:00Z,active,True
2026-09-01T13:23:50.552096+00:00,KXHIGHNY-26SEP01-B83.5,NO,bid,0.51,650.0,13,1212.55,no_dollars,KXHIGHNY-26SEP01,2026-09-02T05:00:00Z,active,True
2026-09-01T13:23:50.552096+00:00,KXHIGHNY-26SEP01-B83.5,NO,bid,0.5,101.76,14,1314.31,no_dollars,KXHIGHNY-26SEP01,2026-09-02T05:00:00Z,active,True
2026-09-01T13:23:50.552096+00:00,KXHIGHNY-26SEP01-B83.5,NO,bid,0.48,68.32,15,1382.6299999999999,no_dollars,KXHIGHNY-26SEP01,2026-09-02T05:00:00Z,active,True
2026-09-01T13:23:50.552096+00:00,KXHIGHNY-26SEP01-B83.5,NO,bid,0.47,62.23,16,1444.86,no_dollars,KXHIGHNY-26SEP01,2026-09-02T05:00:00Z,active,True
2026-09-01T13:23:50.552096+00:00,KXHIGHNY-26SEP01-B83.5,NO,bid,0.45,27.0,17,1471.86,no_dollars,KXHIGHNY-26SEP01,2026-09-02T05:00:00Z,active,True
2026-09-01T13:23:50.552096+00:00,KXHIGHNY-26SEP01-B83.5,NO,bid,0.41,100.0,18,1571.86,no_dollars,KXHIGHNY-26SEP01,2026-09-02T05:00:00Z,active,True
2026-09-01T13:23:50.552096+00:00,KXHIGHNY-26SEP01-B83.5,NO,bid,0.4,25.0,19,1596.86,no_dollars,KXHIGHNY-26SEP01,2026-09-02T05:00:00Z,active,True
2026-09-01T13:23:50.552096+00:00,KXHIGHNY-26SEP01-B83.5,NO,bid,0.38,120.0,20,1716.86,no_dollars,KXHIGHNY-26SEP01,2026-09-02T05:00:00Z,active,True
2026-09-01T13:23:50.552096+00:00,KXHIGHNY-26SEP01-B83.5,YES,ask,0.33,121.22,1,121.22,no_dollars,KXHIGHNY-26SEP01,2026-09-02T05:00:00Z,active,True
2026-09-01T13:23:50.552096+00:00,KXHIGHNY-26SEP01-B83.5,YES,ask,0.34,132.5,2,253.72,no_dollars,KXHIGHNY-26SEP01,2026-09-02T05:00:00Z,active,True
2026-09-01T13:23:50.552096+00:00,KXHIGHNY-26SEP01-B83.5,YES,ask,0.35,38.0,3,291.72,no_dollars,KXHIGHNY-26SEP01,2026-09-02T05:00:00Z,active,True
2026-09-01T13:23:50.552096+00:00,KXHIGHNY-26SEP01-B83.5,YES,ask,0.36,89.33,4,381.05,no_dollars,KXHIGHNY-26SEP01,2026-09-02T05:00:00Z,active,True
2026-09-01T13:23:50.552096+00:00,KXHIGHNY-26SEP01-B83.5,YES,ask,0.37,25.0,5,406.05,no_dollars,KXHIGHNY-26SEP01,2026-09-02T05:00:00Z,active,True
2026-09-01T13:23:50.552096+00:00,KXHIGHNY-26SEP01-B83.5,YES,ask,0.38,2.0,6,408.05,no_dollars,KXHIGHNY-26SEP01,2026-09-02T05:00:00Z,active,True
2026-09-01T13:23:50.552096+00:00,KXHIGHNY-26SEP01-B83.5,YES,ask,0.39,15.0,7,423.05,no_dollars,KXHIGHNY-26SEP01,2026-09-02T05:00:00Z,active,True
2026-09-01T13:23:50.552096+00:00,KXHIGHNY-26SEP01-B83.5,YES,ask,0.4,46.5,8,469.55,no_dollars,KXHIGHNY-26SEP01,2026-09-02T05:00:00Z,active,True
2026-09-01T13:23:50.552096+00:00,KXHIGHNY-26SEP01-B83.5,YES,ask,0.42,17.0,9,486.55,no_dollars,KXHIGHNY-26SEP01,2026-09-02T05:00:00Z,active,True
2026-09-01T13:23:50.552096+00:00,KXHIGHNY-26SEP01-B83.5,YES,ask,0.45,25.0,10,511.55,no_dollars,KXHIGHNY-26SEP01,2026-09-02T05:00:00Z,active,True
2026-09-01T13:23:50.552096+00:00,KXHIGHNY-26SEP01-B83.5,YES,ask,0.46,1.0,11,512.55,no_dollars,KXHIGHNY-26SEP01,2026-09-02T05:00:00Z,active,True
2026-09-01T13:23:50.552096+00:00,KXHIGHNY-26SEP01-B83.5,YES,ask,0.48,50.0,12,562.55,no_dollars,KXHIGHNY-26SEP01,2026-09-02T05:00:00Z,active,True
2026-09-01T13:23:50.552096+00:00,KXHIGHNY-26SEP01-B83.5,YES,ask,0.49,650.0,13,1212.55,no_dollars,KXHIGHNY-26SEP01,2026-09-02T05:00:00Z,active,True
2026-09-01T13:23:50.552096+00:00,KXHIGHNY-26SEP01-B83.5,YES,ask,0.5,101.76,14,1314.31,no_dollars,KXHIGHNY-26SEP01,2026-09-02T05:00:00Z,active,True
2026-09-01T13:23:50.552096+00:00,KXHIGHNY-26SEP01-B83.5,YES,ask,0.52,68.32,15,1382.6299999999999,no_dollars,KXHIGHNY-26SEP01,2026-09-02T05:00:00Z,active,True
2026-09-01T13:23:50.552096+00:00,KXHIGHNY-26SEP01-B83.5,YES,ask,0.53,62.23,16,1444.86,no_dollars,KXHIGHNY-26SEP01,2026-09-02T05:00:00Z,active,True
2026-09-01T13:23:50.552096+00:00,KXHIGHNY-26SEP01-B83.5,YES,ask,0.55,27.0,17,1471.86,no_dollars,KXHIGHNY-26SEP01,2026-09-02T05:00:00Z,active,True
2026-09-01T13:23:50.552096+00:00,KXHIGHNY-26SEP01-B83.5,YES,ask,0.59,100.0,18,1571.86,no_dollars,KXHIGHNY-26SEP01,2026-09-02T05:00:00Z,active,True
2026-09-01T13:23:50.552096+00:00,KXHIGHNY-26SEP01-B83.5,YES,ask,0.6,25.0,19,1596.86,no_dollars,KXHIGHNY-26SEP01,2026-09-02T05:00:00Z,active,True
2026-09-01T13:23:50.552096+00:00,KXHIGHNY-26SEP01-B83.5,YES,ask,0.62,120.0,20,1716.86,no_dollars,KXHIGHNY-26SEP01,2026-09-02T05:00:00Z,active,True
