fetched_at,evaluated_at,ticker,staleness_seconds,max_staleness_seconds,best_yes_bid,best_yes_bid_size,best_yes_ask,best_yes_ask_size,yes_spread,yes_midpoint,best_no_bid,best_no_bid_size,best_no_ask,best_no_ask_size,no_spread,no_midpoint,yes_bid_depth,yes_ask_depth,no_bid_depth,no_ask_depth,max_spread_dollars,orderbook_status,orderbook_reason,event_ticker,close_time,market_status,eligible
2026-09-01T01:10:19.648033+00:00,2026-09-01T01:10:19.648033+00:00,KXHIGHNY-26SEP01-T90,0.0,,,,0.01,1049.0,,,0.99,1049.0,,,,,0.0,3098.11,3098.11,0.0,,OK,,KXHIGHNY-26SEP01,2026-09-02T05:00:00Z,active,True
2026-09-01T01:10:19.648033+00:00,2026-09-01T01:10:19.648033+00:00,KXHIGHNY-26SEP01-T83,0.0,,0.64,31.0,0.67,2.0,0.030000000000000027,0.655,0.33,2.0,0.36,31.0,0.02999999999999997,0.345,548.37,1220.48,1220.48,548.37,,OK,,KXHIGHNY-26SEP01,2026-09-02T05:00:00Z,active,True
2026-09-01T01:10:19.648033+00:00,2026-09-01T01:10:19.648033+00:00,KXHIGHNY-26SEP01-B89.5,0.0,,,,0.01,82.0,,,0.99,82.0,,,,,0.0,2192.09,2192.09,0.0,,OK,,KXHIGHNY-26SEP01,2026-09-02T05:00:00Z,active,True
2026-09-01T01:10:19.648033+00:00,2026-09-01T01:10:19.648033+00:00,KXHIGHNY-26SEP01-B87.5,0.0,,0.01,863.0,0.02,109.0,0.01,0.015,0.98,109.0,0.99,863.0,0.010000000000000009,0.985,863.0,731.06,731.06,863.0,,OK,,KXHIGHNY-26SEP01,2026-09-02T05:00:00Z,active,True
2026-09-01T01:10:19.648033+00:00,2026-09-01T01:10:19.648033+00:00,KXHIGHNY-26SEP01-B85.5,0.0,,0.04,2.0,0.05,89.0,0.010000000000000002,0.045,0.95,89.0,0.96,2.0,0.010000000000000009,0.955,2767.02,1834.0,1834.0,2767.02,,OK,,KXHIGHNY-26SEP01,2026-09-02T05:00:00Z,active,True
2026-09-01T01:10:19.648033+00:00,2026-09-01T01:10:19.648033+00:00,KXHIGHNY-26SEP01-B83.5,0.0,,0.25,81.0,0.26,57.98,0.010000000000000009,0.255,0.74,57.98,0.75,81.0,0.010000000000000009,0.745,2063.56,1498.5,1498.5,2063.56,,OK,,KXHIGHNY-26SEP01,2026-09-02T05:00:00Z,active,True
2026-09-01T01:10:19.648033+00:00,2026-09-01T01:10:19.648033+00:00,KXHIGHNY-26AUG31-T85,0.0,,,,0.01,27537.51,,,0.99,27537.51,,,,,0.0,30331.51,30331.51,0.0,,OK,,KXHIGHNY-26AUG31,2026-09-01T05:00:00Z,active,True
2026-09-01T01:10:19.648033+00:00,2026-09-01T01:10:19.648033+00:00,KXHIGHNY-26AUG31-T78,0.0,,,,0.01,109601.21,,,0.99,109601.21,,,,,0.0,111949.43000000001,111949.43000000001,0.0,,OK,,KXHIGHNY-26AUG31,2026-09-01T05:00:00Z,active,True
2026-09-01T01:10:19.648033+00:00,2026-09-01T01:10:19.648033+00:00,KXHIGHNY-26AUG31-B84.5,0.0,,,,0.01,29087.25,,,0.99,29087.25,,,,,0.0,30129.25,30129.25,0.0,,OK,,KXHIGHNY-26AUG31,2026-09-01T05:00:00Z,active,True
2026-09-01T01:10:19.648033+00:00,2026-09-01T01:10:19.648033+00:00,KXHIGHNY-26AUG31-B82.5,0.0,,,,0.01,24956.15,,,0.99,24956.15,,,,,0.0,25566.49,25566.49,0.0,,OK,,KXHIGHNY-26AUG31,2026-09-01T05:00:00Z,active,True
2026-09-01T01:10:19.648033+00:00,2026-09-01T01:10:19.648033+00:00,KXHIGHNY-26AUG31-B80.5,0.0,,,,0.01,27802.71,,,0.99,27802.71,,,,,0.0,29834.92,29834.92,0.0,,OK,,KXHIGHNY-26AUG31,2026-09-01T05:00:00Z,active,True
2026-09-01T01:10:19.648033+00:00,2026-09-01T01:10:19.648033+00:00,KXHIGHNY-26AUG31-B78.5,0.0,,0.99,27840.03,,,,,,,0.01,27840.03,,,28728.059999999998,0.0,0.0,28728.059999999998,,OK,,KXHIGHNY-26AUG31,2026-09-01T05:00:00Z,active,True
2026-09-01T07:37:36.788720+00:00,2026-09-01T07:37:36.788720+00:00,KXHIGHNY-26SEP01-T90,0.0,,,,0.01,8978.72,,,0.99,8978.72,,,,,0.0,11363.72,11363.72,0.0,,OK,,KXHIGHNY-26SEP01,2026-09-02T05:00:00Z,active,True
2026-09-01T07:37:36.788720+00:00,2026-09-01T07:37:36.788720+00:00,KXHIGHNY-26SEP01-T83,0.0,,0.6,35.0,0.62,45.0,0.020000000000000018,0.61,0.38,45.0,0.4,35.0,0.020000000000000018,0.39,1327.57,1976.73,1976.73,1327.57,,OK,,KXHIGHNY-26SEP01,2026-09-02T05:00:00Z,active,True
2026-09-01T07:37:36.788720+00:00,2026-09-01T07:37:36.788720+00:00,KXHIGHNY-26SEP01-B89.5,0.0,,,,0.01,112.23,,,0.99,112.23,,,,,0.0,4877.23,4877.23,0.0,,OK,,KXHIGHNY-26SEP01,2026-09-02T05:00:00Z,active,True
2026-09-01T07:37:36.788720+00:00,2026-09-01T07:37:36.788720+00:00,KXHIGHNY-26SEP01-B87.5,0.0,,0.01,1718.43,0.02,33.0,0.01,0.015,0.98,33.0,0.99,1718.43,0.010000000000000009,0.985,1718.43,1723.0,1723.0,1718.43,,OK,,KXHIGHNY-26SEP01,2026-09-02T05:00:00Z,active,True
2026-09-01T07:37:36.788720+00:00,2026-09-01T07:37:36.788720+00:00,KXHIGHNY-26SEP01-B85.5,0.0,,0.09,56.0,0.1,75.0,0.010000000000000009,0.095,0.9,75.0,0.91,56.0,0.010000000000000009,0.905,3745.15,1842.4099999999999,1842.4099999999999,3745.15,,OK,,KXHIGHNY-26SEP01,2026-09-02T05:00:00Z,active,True
2026-09-01T07:37:36.788720+00:00,2026-09-01T07:37:36.788720+00:00,KXHIGHNY-26SEP01-B83.5,0.0,,0.27,6.16,0.28,1.0,0.010000000000000009,0.275,0.72,1.0,0.73,6.16,0.010000000000000009,0.725,2143.19,626.76,626.76,2143.19,,OK,,KXHIGHNY-26SEP01,2026-09-02T05:00:00Z,active,True
2026-09-01T13:23:50.552096+00:00,2026-09-01T13:23:50.552096+00:00,KXHIGHNY-26SEP01-T90,0.0,,,,0.01,9338.43,,,0.99,9338.43,,,,,0.0,12343.43,12343.43,0.0,,OK,,KXHIGHNY-26SEP01,2026-09-02T05:00:00Z,active,True
2026-09-01T13:23:50.552096+00:00,2026-09-01T13:23:50.552096+00:00,KXHIGHNY-26SEP01-T83,0.0,,0.64,408.0,0.65,110.74,0.010000000000000009,0.645,0.35,110.74,0.36,408.0,0.010000000000000009,0.355,1013.0400000000001,1302.69,1302.69,1013.0400000000001,,OK,,KXHIGHNY-26SEP01,2026-09-02T05:00:00Z,active,True
2026-09-01T13:23:50.552096+00:00,2026-09-01T13:23:50.552096+00:00,KXHIGHNY-26SEP01-B89.5,0.0,,,,0.01,537.61,,,0.99,537.61,,,,,0.0,4816.610000000001,4816.610000000001,0.0,,OK,,KXHIGHNY-26SEP01,2026-09-02T05:00:00Z,active,True
2026-09-01T13:23:50.552096+00:00,2026-09-01T13:23:50.552096+00:00,KXHIGHNY-26SEP01-B87.5,0.0,,0.01,128.0,0.02,79.0,0.01,0.015,0.98,79.0,0.99,128.0,0.010000000000000009,0.985,128.0,1592.0,1592.0,128.0,,OK,,KXHIGHNY-26SEP01,2026-09-02T05:00:00Z,active,True
2026-09-01T13:23:50.552096+00:00,2026-09-01T13:23:50.552096+00:00,KXHIGHNY-26SEP01-B85.5,0.0,,0.05,23.0,0.06,167.18,0.009999999999999995,0.055,0.94,167.18,0.95,23.0,0.010000000000000009,0.945,2774.56,1855.54,1855.54,2774.56,,OK,,KXHIGHNY-26SEP01,2026-09-02T05:00:00Z,active,True
2026-09-01T13:23:50.552096+00:00,2026-09-01T13:23:50.552096+00:00,KXHIGHNY-26SEP01-B83.5,0.0,,0.32,48.0,0.33,121.22,0.010000000000000009,0.325,0.67,121.22,0.68,48.0,0.010000000000000009,0.675,1578.42,1716.86,1716.86,1578.42,,OK,,KXHIGHNY-26SEP01,2026-09-02T05:00:00Z,active,True
2026-09-01T17:46:25.566929+00:00,2026-09-01T17:46:25.566929+00:00,KXHIGHNY-26SEP02-T82,0.0,,,,0.01,509.0,,,0.99,509.0,,,,,0.0,3303.0,3303.0,0.0,,OK,,KXHIGHNY-26SEP02,2026-09-03T05:00:00Z,active,True
2026-09-01T17:46:25.566929+00:00,2026-09-01T17:46:25.566929+00:00,KXHIGHNY-26SEP02-T75,0.0,,0.65,16.0,0.67,57.44,0.020000000000000018,0.66,0.33,57.44,0.35,16.0,0.019999999999999962,0.33999999999999997,1219.0,1806.44,1806.44,1219.0,,OK,,KXHIGHNY-26SEP02,2026-09-03T05:00:00Z,active,True
2026-09-01T17:46:25.566929+00:00,2026-09-01T17:46:25.566929+00:00,KXHIGHNY-26SEP02-B81.5,0.0,,0.01,183.93,0.02,31.0,0.01,0.015,0.98,31.0,0.99,183.93,0.010000000000000009,0.985,183.93,2258.25,2258.25,183.93,,OK,,KXHIGHNY-26SEP02,2026-09-03T05:00:00Z,active,True
2026-09-01T17:46:25.566929+00:00,2026-09-01T17:46:25.566929+00:00,KXHIGHNY-26SEP02-B79.5,0.0,,0.01,669.08,0.02,36.0,0.01,0.015,0.98,36.0,0.99,669.08,0.010000000000000009,0.985,669.08,856.0,856.0,669.08,,OK,,KXHIGHNY-26SEP02,2026-09-03T05:00:00Z,active,True
2026-09-01T17:46:25.566929+00:00,2026-09-01T17:46:25.566929+00:00,KXHIGHNY-26SEP02-B77.5,0.0,,0.09,53.0,0.1,19.0,0.010000000000000009,0.095,0.9,19.0,0.91,53.0,0.010000000000000009,0.905,2150.23,970.2799999999999,970.2799999999999,2150.23,,OK,,KXHIGHNY-26SEP02,2026-09-03T05:00:00Z,active,True
2026-09-01T17:46:25.566929+00:00,2026-09-01T17:46:25.566929+00:00,KXHIGHNY-26SEP02-B75.5,0.0,,0.25,25.0,0.26,64.55,0.010000000000000009,0.255,0.74,64.55,0.75,25.0,0.010000000000000009,0.745,1780.25,787.3,787.3,1780.25,,OK,,KXHIGHNY-26SEP02,2026-09-03T05:00:00Z,active,True
2026-09-01T17:46:25.566929+00:00,2026-09-01T17:46:25.566929+00:00,KXHIGHNY-26SEP01-T90,0.0,,,,0.01,17329.94,,,0.99,17329.94,,,,,0.0,20599.94,20599.94,0.0,,OK,,KXHIGHNY-26SEP01,2026-09-02T05:00:00Z,active,True
2026-09-01T17:46:25.566929+00:00,2026-09-01T17:46:25.566929+00:00,KXHIGHNY-26SEP01-T83,0.0,,0.89,3.0,0.9,204.03,0.010000000000000009,0.895,0.1,204.03,0.11,3.0,0.009999999999999995,0.10500000000000001,1284.74,2186.62,2186.62,1284.74,,OK,,KXHIGHNY-26SEP01,2026-09-02T05:00:00Z,active,True
2026-09-01T17:46:25.566929+00:00,2026-09-01T17:46:25.566929+00:00,KXHIGHNY-26SEP01-B89.5,0.0,,,,0.01,13448.46,,,0.99,13448.46,,,,,0.0,18036.46,18036.46,0.0,,OK,,KXHIGHNY-26SEP01,2026-09-02T05:00:00Z,active,True
2026-09-01T17:46:25.566929+00:00,2026-09-01T17:46:25.566929+00:00,KXHIGHNY-26SEP01-B87.5,0.0,,,,0.01,8225.73,,,0.99,8225.73,,,,,0.0,15374.73,15374.73,0.0,,OK,,KXHIGHNY-26SEP01,2026-09-02T05:00:00Z,active,True
2026-09-01T17:46:25.566929+00:00,2026-09-01T17:46:25.566929+00:00,KXHIGHNY-26SEP01-B85.5,0.0,,,,0.01,2240.97,,,0.99,2240.97,,,,,0.0,6203.699999999999,6203.699999999999,0.0,,OK,,KXHIGHNY-26SEP01,2026-09-02T05:00:00Z,active,True
2026-09-01T17:46:25.566929+00:00,2026-09-01T17:46:25.566929+00:00,KXHIGHNY-26SEP01-B83.5,0.0,,0.1,6.0,0.12,27.0,0.01999999999999999,0.11,0.88,27.0,0.9,6.0,0.020000000000000018,0.89,3948.71,1742.69,1742.69,3948.71,,OK,,KXHIGHNY-26SEP01,2026-09-02T05:00:00Z,active,True
2026-09-01T20:54:24.210873+00:00,2026-09-01T20:54:24.210873+00:00,KXHIGHNY-26SEP02-T82,0.0,,,,0.01,526.0,,,0.99,526.0,,,,,0.0,3284.0,3284.0,0.0,,OK,,KXHIGHNY-26SEP02,2026-09-03T05:00:00Z,active,True
2026-09-01T20:54:24.210873+00:00,2026-09-01T20:54:24.210873+00:00,KXHIGHNY-26SEP02-T75,0.0,,0.68,36.0,0.69,223.0,0.009999999999999898,0.685,0.31,223.0,0.32,36.0,0.010000000000000009,0.315,1961.58,2223.52,2223.52,1961.58,,OK,,KXHIGHNY-26SEP02,2026-09-03T05:00:00Z,active,True
2026-09-01T20:54:24.210873+00:00,2026-09-01T20:54:24.210873+00:00,KXHIGHNY-26SEP02-B81.5,0.0,,0.01,169.93,0.02,87.0,0.01,0.015,0.98,87.0,0.99,169.93,0.010000000000000009,0.985,169.93,2203.2999999999997,2203.2999999999997,169.93,,OK,,KXHIGHNY-26SEP02,2026-09-03T05:00:00Z,active,True
2026-09-01T20:54:24.210873+00:00,2026-09-01T20:54:24.210873+00:00,KXHIGHNY-26SEP02-B79.5,0.0,,0.01,678.18,0.02,38.0,0.01,0.015,0.98,38.0,0.99,678.18,0.010000000000000009,0.985,678.18,829.3,829.3,678.18,,OK,,KXHIGHNY-26SEP02,2026-09-03T05:00:00Z,active,True
2026-09-01T20:54:24.210873+00:00,2026-09-01T20:54:24.210873+00:00,KXHIGHNY-26SEP02-B77.5,0.0,,0.06,46.0,0.08,20.0,0.020000000000000004,0.07,0.92,20.0,0.94,46.0,0.019999999999999907,0.9299999999999999,2110.0,975.5,975.5,2110.0,,OK,,KXHIGHNY-26SEP02,2026-09-03T05:00:00Z,active,True
2026-09-01T20:54:24.210873+00:00,2026-09-01T20:54:24.210873+00:00,KXHIGHNY-26SEP02-B75.5,0.0,,0.25,4.0,0.26,37.0,0.010000000000000009,0.255,0.74,37.0,0.75,4.0,0.010000000000000009,0.745,1511.79,949.5799999999999,949.5799999999999,1511.79,,OK,,KXHIGHNY-26SEP02,2026-09-03T05:00:00Z,active,True
2026-09-01T20:54:24.210873+00:00,2026-09-01T20:54:24.210873+00:00,KXHIGHNY-26SEP01-T90,0.0,,,,0.01,17824.01,,,0.99,17824.01,,,,,0.0,21158.01,21158.01,0.0,,OK,,KXHIGHNY-26SEP01,2026-09-02T05:00:00Z,active,True
2026-09-01T20:54:24.210873+00:00,2026-09-01T20:54:24.210873+00:00,KXHIGHNY-26SEP01-T83,0.0,,0.92,55.0,0.93,316.89,0.010000000000000009,0.925,0.07,316.89,0.08,55.0,0.009999999999999995,0.07500000000000001,1019.02,6479.710000000001,6479.710000000001,1019.02,,OK,,KXHIGHNY-26SEP01,2026-09-02T05:00:00Z,active,True
2026-09-01T20:54:24.210873+00:00,2026-09-01T20:54:24.210873+00:00,KXHIGHNY-26SEP01-B89.5,0.0,,,,0.01,13952.53,,,0.99,13952.53,,,,,0.0,18475.53,18475.53,0.0,,OK,,KXHIGHNY-26SEP01,2026-09-02T05:00:00Z,active,True
2026-09-01T20:54:24.210873+00:00,2026-09-01T20:54:24.210873+00:00,KXHIGHNY-26SEP01-B87.5,0.0,,,,0.01,9124.14,,,0.99,9124.14,,,,,0.0,16168.14,16168.14,0.0,,OK,,KXHIGHNY-26SEP01,2026-09-02T05:00:00Z,active,True
2026-09-01T20:54:24.210873+00:00,2026-09-01T20:54:24.210873+00:00,KXHIGHNY-26SEP01-B85.5,0.0,,,,0.01,5214.61,,,0.99,5214.61,,,,,0.0,6514.609999999999,6514.609999999999,0.0,,OK,,KXHIGHNY-26SEP01,2026-09-02T05:00:00Z,active,True
2026-09-01T20:54:24.210873+00:00,2026-09-01T20:54:24.210873+00:00,KXHIGHNY-26SEP01-B83.5,0.0,,0.05,315.37,0.07,56.0,0.020000000000000004,0.060000000000000005,0.93,56.0,0.95,315.37,0.019999999999999907,0.94,6900.26,1395.44,1395.44,6900.26,,OK,,KXHIGHNY-26SEP01,2026-09-02T05:00:00Z,active,True
2026-09-01T23:13:22.713016+00:00,2026-09-01T23:13:22.713016+00:00,KXHIGHNY-26SEP02-T82,0.0,,,,0.01,526.0,,,0.99,526.0,,,,,0.0,3198.0,3198.0,0.0,,OK,,KXHIGHNY-26SEP02,2026-09-03T05:00:00Z,active,True
2026-09-01T23:13:22.713016+00:00,2026-09-01T23:13:22.713016+00:00,KXHIGHNY-26SEP02-T75,0.0,,0.75,3.0,0.77,14.0,0.020000000000000018,0.76,0.23,14.0,0.25,3.0,0.01999999999999999,0.24,965.0,2624.95,2624.95,965.0,,OK,,KXHIGHNY-26SEP02,2026-09-03T05:00:00Z,active,True
2026-09-01T23:13:22.713016+00:00,2026-09-01T23:13:22.713016+00:00,KXHIGHNY-26SEP02-B81.5,0.0,,0.01,169.93,0.02,177.0,0.01,0.015,0.98,177.0,0.99,169.93,0.010000000000000009,0.985,169.93,2055.0,2055.0,169.93,,OK,,KXHIGHNY-26SEP02,2026-09-03T05:00:00Z,active,True
2026-09-01T23:13:22.713016+00:00,2026-09-01T23:13:22.713016+00:00,KXHIGHNY-26SEP02-B79.5,0.0,,0.01,638.0,0.02,75.0,0.01,0.015,0.98,75.0,0.99,638.0,0.010000000000000009,0.985,638.0,1615.0,1615.0,638.0,,OK,,KXHIGHNY-26SEP02,2026-09-03T05:00:00Z,active,True
2026-09-01T23:13:22.713016+00:00,2026-09-01T23:13:22.713016+00:00,KXHIGHNY-26SEP02-B77.5,0.0,,0.04,3.0,0.05,66.0,0.010000000000000002,0.045,0.95,66.0,0.96,3.0,0.010000000000000009,0.955,1168.0,1985.0,1985.0,1168.0,,OK,,KXHIGHNY-26SEP02,2026-09-03T05:00:00Z,active,True
2026-09-01T23:13:22.713016+00:00,2026-09-01T23:13:22.713016+00:00,KXHIGHNY-26SEP02-B75.5,0.0,,0.2,25.0,0.21,60.0,0.009999999999999981,0.20500000000000002,0.79,60.0,0.8,25.0,0.010000000000000009,0.795,2441.83,855.0,855.0,2441.83,,OK,,KXHIGHNY-26SEP02,2026-09-03T05:00:00Z,active,True
2026-09-01T23:13:22.713016+00:00,2026-09-01T23:13:22.713016+00:00,KXHIGHNY-26SEP01-T90,0.0,,,,0.01,18164.01,,,0.99,18164.01,,,,,0.0,21388.01,21388.01,0.0,,OK,,KXHIGHNY-26SEP01,2026-09-02T05:00:00Z,active,True
2026-09-01T23:13:22.713016+00:00,2026-09-01T23:13:22.713016+00:00,KXHIGHNY-26SEP01-T83,0.0,,0.99,3206.14,,,,,,,0.01,3206.14,,,3888.16,0.0,0.0,3888.16,,OK,,KXHIGHNY-26SEP01,2026-09-02T05:00:00Z,active,True
2026-09-01T23:13:22.713016+00:00,2026-09-01T23:13:22.713016+00:00,KXHIGHNY-26SEP01-B89.5,0.0,,,,0.01,14286.53,,,0.99,14286.53,,,,,0.0,19202.53,19202.53,0.0,,OK,,KXHIGHNY-26SEP01,2026-09-02T05:00:00Z,active,True
2026-09-01T23:13:22.713016+00:00,2026-09-01T23:13:22.713016+00:00,KXHIGHNY-26SEP01-B87.5,0.0,,,,0.01,16096.14,,,0.99,16096.14,,,,,0.0,22881.14,22881.14,0.0,,OK,,KXHIGHNY-26SEP01,2026-09-02T05:00:00Z,active,True
2026-09-01T23:13:22.713016+00:00,2026-09-01T23:13:22.713016+00:00,KXHIGHNY-26SEP01-B85.5,0.0,,,,0.01,6282.88,,,0.99,6282.88,,,,,0.0,7254.879999999999,7254.879999999999,0.0,,OK,,KXHIGHNY-26SEP01,2026-09-02T05:00:00Z,active,True
2026-09-01T23:13:22.713016+00:00,2026-09-01T23:13:22.713016+00:00,KXHIGHNY-26SEP01-B83.5,0.0,,,,0.01,2650.62,,,0.99,2650.62,,,,,0.0,4047.8,4047.8,0.0,,OK,,KXHIGHNY-26SEP01,2026-09-02T05:00:00Z,active,True
2026-09-02T04:01:07.020071+00:00,2026-09-02T04:01:07.020071+00:00,KXHIGHNY-26SEP02-T82,0.0,,,,0.01,8092.0,,,0.99,8092.0,,,,,0.0,11788.0,11788.0,0.0,,OK,,KXHIGHNY-26SEP02,2026-09-03T05:00:00Z,active,True
2026-09-02T04:01:07.020071+00:00,2026-09-02T04:01:07.020071+00:00,KXHIGHNY-26SEP02-T75,0.0,,0.61,51.91,0.64,89.0,0.030000000000000027,0.625,0.36,89.0,0.39,51.91,0.030000000000000027,0.375,1185.9099999999999,1975.65,1975.65,1185.9099999999999,,OK,,KXHIGHNY-26SEP02,2026-09-03T05:00:00Z,active,True
2026-09-02T04:01:07.020071+00:00,2026-09-02T04:01:07.020071+00:00,KXHIGHNY-26SEP02-B81.5,0.0,,0.01,189.0,0.02,77.0,0.01,0.015,0.98,77.0,0.99,189.0,0.010000000000000009,0.985,189.0,2225.0,2225.0,189.0,,OK,,KXHIGHNY-26SEP02,2026-09-03T05:00:00Z,active,True
2026-09-02T04:01:07.020071+00:00,2026-09-02T04:01:07.020071+00:00,KXHIGHNY-26SEP02-B79.5,0.0,,0.02,271.0,0.03,19.0,0.009999999999999998,0.025,0.97,19.0,0.98,271.0,0.010000000000000009,0.975,971.0,1513.08,1513.08,971.0,,OK,,KXHIGHNY-26SEP02,2026-09-03T05:00:00Z,active,True
2026-09-02T04:01:07.020071+00:00,2026-09-02T04:01:07.020071+00:00,KXHIGHNY-26SEP02-B77.5,0.0,,0.04,5.0,0.05,63.0,0.010000000000000002,0.045,0.95,63.0,0.96,5.0,0.010000000000000009,0.955,1372.7,1989.0,1989.0,1372.7,,OK,,KXHIGHNY-26SEP02,2026-09-03T05:00:00Z,active,True
2026-09-02T04:01:07.020071+00:00,2026-09-02T04:01:07.020071+00:00,KXHIGHNY-26SEP02-B75.5,0.0,,0.29,43.93,0.3,33.0,0.010000000000000009,0.295,0.7,33.0,0.71,43.93,0.010000000000000009,0.705,1640.91,1224.0,1224.0,1640.91,,OK,,KXHIGHNY-26SEP02,2026-09-03T05:00:00Z,active,True
2026-09-02T04:01:07.020071+00:00,2026-09-02T04:01:07.020071+00:00,KXHIGHNY-26SEP01-T90,0.0,,,,0.01,16501.01,,,0.99,16501.01,,,,,0.0,19593.01,19593.01,0.0,,OK,,KXHIGHNY-26SEP01,2026-09-02T05:00:00Z,active,True
2026-09-02T04:01:07.020071+00:00,2026-09-02T04:01:07.020071+00:00,KXHIGHNY-26SEP01-T83,0.0,,0.99,4491.57,,,,,,,0.01,4491.57,,,5164.59,0.0,0.0,5164.59,,OK,,KXHIGHNY-26SEP01,2026-09-02T05:00:00Z,active,True
2026-09-02T04:01:07.020071+00:00,2026-09-02T04:01:07.020071+00:00,KXHIGHNY-26SEP01-B89.5,0.0,,,,0.01,12647.53,,,0.99,12647.53,,,,,0.0,17647.53,17647.53,0.0,,OK,,KXHIGHNY-26SEP01,2026-09-02T05:00:00Z,active,True
2026-09-02T04:01:07.020071+00:00,2026-09-02T04:01:07.020071+00:00,KXHIGHNY-26SEP01-B87.5,0.0,,,,0.01,14305.14,,,0.99,14305.14,,,,,0.0,21238.14,21238.14,0.0,,OK,,KXHIGHNY-26SEP01,2026-09-02T05:00:00Z,active,True
2026-09-02T04:01:07.020071+00:00,2026-09-02T04:01:07.020071+00:00,KXHIGHNY-26SEP01-B85.5,0.0,,,,0.01,6150.88,,,0.99,6150.88,,,,,0.0,7257.879999999999,7257.879999999999,0.0,,OK,,KXHIGHNY-26SEP01,2026-09-02T05:00:00Z,active,True
2026-09-02T04:01:07.020071+00:00,2026-09-02T04:01:07.020071+00:00,KXHIGHNY-26SEP01-B83.5,0.0,,,,0.01,1218.72,,,0.99,1218.72,,,,,0.0,2466.85,2466.85,0.0,,OK,,KXHIGHNY-26SEP01,2026-09-02T05:00:00Z,active,True
2026-09-02T08:41:14.837297+00:00,2026-09-02T08:41:14.837297+00:00,KXHIGHNY-26SEP02-T82,0.0,,,,0.01,5972.13,,,0.99,5972.13,,,,,0.0,9944.130000000001,9944.130000000001,0.0,,OK,,KXHIGHNY-26SEP02,2026-09-03T05:00:00Z,active,True
2026-09-02T08:41:14.837297+00:00,2026-09-02T08:41:14.837297+00:00,KXHIGHNY-26SEP02-T75,0.0,,0.69,520.35,0.7,296.15,0.010000000000000009,0.695,0.3,296.15,0.31,520.35,0.010000000000000009,0.305,1245.8400000000001,1513.54,1513.54,1245.8400000000001,,OK,,KXHIGHNY-26SEP02,2026-09-03T05:00:00Z,active,True
2026-09-02T08:41:14.837297+00:00,2026-09-02T08:41:14.837297+00:00,KXHIGHNY-26SEP02-B81.5,0.0,,,,0.01,368.22,,,0.99,368.22,,,,,0.0,2761.01,2761.01,0.0,,OK,,KXHIGHNY-26SEP02,2026-09-03T05:00:00Z,active,True
2026-09-02T08:41:14.837297+00:00,2026-09-02T08:41:14.837297+00:00,KXHIGHNY-26SEP02-B79.5,0.0,,0.01,188.25,0.02,10.0,0.01,0.015,0.98,10.0,0.99,188.25,0.010000000000000009,0.985,188.25,1939.08,1939.08,188.25,,OK,,KXHIGHNY-26SEP02,2026-09-03T05:00:00Z,active,True
2026-09-02T08:41:14.837297+00:00,2026-09-02T08:41:14.837297+00:00,KXHIGHNY-26SEP02-B77.5,0.0,,0.03,88.0,0.05,87.0,0.020000000000000004,0.04,0.95,87.0,0.97,88.0,0.020000000000000018,0.96,2195.1400000000003,1827.6,1827.6,2195.1400000000003,,OK,,KXHIGHNY-26SEP02,2026-09-03T05:00:00Z,active,True
2026-09-02T08:41:14.837297+00:00,2026-09-02T08:41:14.837297+00:00,KXHIGHNY-26SEP02-B75.5,0.0,,0.19,33.0,0.2,16.1,0.010000000000000009,0.195,0.8,16.1,0.81,33.0,0.010000000000000009,0.805,2601.0699999999997,1567.1,1567.1,2601.0699999999997,,OK,,KXHIGHNY-26SEP02,2026-09-03T05:00:00Z,active,True
2026-09-02T13:30:39.807510+00:00,2026-09-02T13:30:39.807510+00:00,KXHIGHNY-26SEP02-T82,0.0,,,,0.01,6088.13,,,0.99,6088.13,,,,,0.0,10189.130000000001,10189.130000000001,0.0,,OK,,KXHIGHNY-26SEP02,2026-09-03T05:00:00Z,active,True
2026-09-02T13:30:39.807510+00:00,2026-09-02T13:30:39.807510+00:00,KXHIGHNY-26SEP02-T75,0.0,,0.75,53.22,0.77,18.0,0.020000000000000018,0.76,0.23,18.0,0.25,53.22,0.01999999999999999,0.24,1422.9,2176.13,2176.13,1422.9,,OK,,KXHIGHNY-26SEP02,2026-09-03T05:00:00Z,active,True
2026-09-02T13:30:39.807510+00:00,2026-09-02T13:30:39.807510+00:00,KXHIGHNY-26SEP02-B81.5,0.0,,,,0.01,217.0,,,0.99,217.0,,,,,0.0,2432.79,2432.79,0.0,,OK,,KXHIGHNY-26SEP02,2026-09-03T05:00:00Z,active,True
2026-09-02T13:30:39.807510+00:00,2026-09-02T13:30:39.807510+00:00,KXHIGHNY-26SEP02-B79.5,0.0,,,,0.01,474.0,,,0.99,474.0,,,,,0.0,2752.2799999999997,2752.2799999999997,0.0,,OK,,KXHIGHNY-26SEP02,2026-09-03T05:00:00Z,active,True
2026-09-02T13:30:39.807510+00:00,2026-09-02T13:30:39.807510+00:00,KXHIGHNY-26SEP02-B77.5,0.0,,0.01,1714.47,0.02,5.0,0.01,0.015,0.98,5.0,0.99,1714.47,0.010000000000000009,0.985,1714.47,1917.07,1917.07,1714.47,,OK,,KXHIGHNY-26SEP02,2026-09-03T05:00:00Z,active,True
2026-09-02T13:30:39.807510+00:00,2026-09-02T13:30:39.807510+00:00,KXHIGHNY-26SEP02-B75.5,0.0,,0.21,26.0,0.23,40.52,0.020000000000000018,0.22,0.77,40.52,0.79,26.0,0.020000000000000018,0.78,3143.9799999999996,1952.0300000000002,1952.0300000000002,3143.9799999999996,,OK,,KXHIGHNY-26SEP02,2026-09-03T05:00:00Z,active,True
2026-09-02T17:49:13.214321+00:00,2026-09-02T17:49:13.214321+00:00,KXHIGHNY-26SEP03-T90,0.0,,,,0.01,35.0,,,0.99,35.0,,,,,0.0,2520.0,2520.0,0.0,,OK,,KXHIGHNY-26SEP03,2026-09-04T05:00:00Z,active,True
2026-09-02T17:49:13.214321+00:00,2026-09-02T17:49:13.214321+00:00,KXHIGHNY-26SEP03-T83,0.0,,0.31,9.0,0.32,26.6,0.010000000000000009,0.315,0.68,26.6,0.69,9.0,0.009999999999999898,0.685,1011.09,1918.6,1918.6,1011.09,,OK,,KXHIGHNY-26SEP03,2026-09-04T05:00:00Z,active,True
2026-09-02T17:49:13.214321+00:00,2026-09-02T17:49:13.214321+00:00,KXHIGHNY-26SEP03-B89.5,0.0,,0.02,195.01,0.03,20.0,0.009999999999999998,0.025,0.97,20.0,0.98,195.01,0.010000000000000009,0.975,972.01,1957.06,1957.06,972.01,,OK,,KXHIGHNY-26SEP03,2026-09-04T05:00:00Z,active,True
2026-09-02T17:49:13.214321+00:00,2026-09-02T17:49:13.214321+00:00,KXHIGHNY-26SEP03-B87.5,0.0,,0.08,138.22,0.09,78.0,0.009999999999999995,0.08499999999999999,0.91,78.0,0.92,138.22,0.010000000000000009,0.915,4356.92,851.0,851.0,4356.92,,OK,,KXHIGHNY-26SEP03,2026-09-04T05:00:00Z,active,True
2026-09-02T17:49:13.214321+00:00,2026-09-02T17:49:13.214321+00:00,KXHIGHNY-26SEP03-B85.5,0.0,,0.19,18.62,0.2,3.44,0.010000000000000009,0.195,0.8,3.44,0.81,18.62,0.010000000000000009,0.805,4569.62,1377.4099999999999,1377.4099999999999,4569.62,,OK,,KXHIGHNY-26SEP03,2026-09-04T05:00:00Z,active,True
2026-09-02T17:49:13.214321+00:00,2026-09-02T17:49:13.214321+00:00,KXHIGHNY-26SEP03-B83.5,0.0,,0.41,1.0,0.44,31.0,0.030000000000000027,0.425,0.56,31.0,0.59,1.0,0.029999999999999916,0.575,1975.05,1530.0,1530.0,1975.05,,OK,,KXHIGHNY-26SEP03,2026-09-04T05:00:00Z,active,True
2026-09-02T17:49:13.214321+00:00,2026-09-02T17:49:13.214321+00:00,KXHIGHNY-26SEP02-T82,0.0,,,,0.01,15491.8,,,0.99,15491.8,,,,,0.0,19592.8,19592.8,0.0,,OK,,KXHIGHNY-26SEP02,2026-09-03T05:00:00Z,active,True
2026-09-02T17:49:13.214321+00:00,2026-09-02T17:49:13.214321+00:00,KXHIGHNY-26SEP02-T75,0.0,,0.91,241.89,0.94,391.9,0.029999999999999916,0.925,0.06,391.9,0.09,241.89,0.03,0.075,2656.46,2309.18,2309.18,2656.46,,OK,,KXHIGHNY-26SEP02,2026-09-03T05:00:00Z,active,True
2026-09-02T17:49:13.214321+00:00,2026-09-02T17:49:13.214321+00:00,KXHIGHNY-26SEP02-B81.5,0.0,,,,0.01,12589.67,,,0.99,12589.67,,,,,0.0,19867.46,19867.46,0.0,,OK,,KXHIGHNY-26SEP02,2026-09-03T05:00:00Z,active,True
2026-09-02T17:49:13.214321+00:00,2026-09-02T17:49:13.214321+00:00,KXHIGHNY-26SEP02-B79.5,0.0,,,,0.01,5848.16,,,0.99,5848.16,,,,,0.0,8526.36,8526.36,0.0,,OK,,KXHIGHNY-26SEP02,2026-09-03T05:00:00Z,active,True
2026-09-02T17:49:13.214321+00:00,2026-09-02T17:49:13.214321+00:00,KXHIGHNY-26SEP02-B77.5,0.0,,,,0.01,82.0,,,0.99,82.0,,,,,0.0,2229.59,2229.59,0.0,,OK,,KXHIGHNY-26SEP02,2026-09-03T05:00:00Z,active,True
2026-09-02T17:49:13.214321+00:00,2026-09-02T17:49:13.214321+00:00,KXHIGHNY-26SEP02-B75.5,0.0,,0.06,41.0,0.09,371.11,0.03,0.075,0.91,371.11,0.94,41.0,0.029999999999999916,0.925,2591.4300000000003,3081.81,3081.81,2591.4300000000003,,OK,,KXHIGHNY-26SEP02,2026-09-03T05:00:00Z,active,True
2026-09-02T20:53:39.678375+00:00,2026-09-02T20:53:39.678375+00:00,KXHIGHNY-26SEP03-T90,0.0,,,,0.01,362.0,,,0.99,362.0,,,,,0.0,2835.42,2835.42,0.0,,OK,,KXHIGHNY-26SEP03,2026-09-04T05:00:00Z,active,True
2026-09-02T20:53:39.678375+00:00,2026-09-02T20:53:39.678375+00:00,KXHIGHNY-26SEP03-T83,0.0,,0.35,19.0,0.37,39.0,0.020000000000000018,0.36,0.63,39.0,0.65,19.0,0.020000000000000018,0.64,777.81,2204.0,2204.0,777.81,,OK,,KXHIGHNY-26SEP03,2026-09-04T05:00:00Z,active,True
2026-09-02T20:53:39.678375+00:00,2026-09-02T20:53:39.678375+00:00,KXHIGHNY-26SEP03-B89.5,0.0,,0.02,5.0,0.03,52.0,0.009999999999999998,0.025,0.97,52.0,0.98,5.0,0.010000000000000009,0.975,816.0,1766.52,1766.52,816.0,,OK,,KXHIGHNY-26SEP03,2026-09-04T05:00:00Z,active,True
2026-09-02T20:53:39.678375+00:00,2026-09-02T20:53:39.678375+00:00,KXHIGHNY-26SEP03-B87.5,0.0,,0.04,5.0,0.05,2.0,0.010000000000000002,0.045,0.95,2.0,0.96,5.0,0.010000000000000009,0.955,2576.72,908.1800000000001,908.1800000000001,2576.72,,OK,,KXHIGHNY-26SEP03,2026-09-04T05:00:00Z,active,True
2026-09-02T20:53:39.678375+00:00,2026-09-02T20:53:39.678375+00:00,KXHIGHNY-26SEP03-B85.5,0.0,,0.15,10.0,0.16,6.0,0.010000000000000009,0.155,0.84,6.0,0.85,10.0,0.010000000000000009,0.845,4602.7,2007.42,2007.42,4602.7,,OK,,KXHIGHNY-26SEP03,2026-09-04T05:00:00Z,active,True
2026-09-02T20:53:39.678375+00:00,2026-09-02T20:53:39.678375+00:00,KXHIGHNY-26SEP03-B83.5,0.0,,0.45,40.57,0.47,40.0,0.019999999999999962,0.45999999999999996,0.53,40.0,0.55,40.57,0.020000000000000018,0.54,1888.26,1963.46,1963.46,1888.26,,OK,,KXHIGHNY-26SEP03,2026-09-04T05:00:00Z,active,True
2026-09-02T20:53:39.678375+00:00,2026-09-02T20:53:39.678375+00:00,KXHIGHNY-26SEP02-T82,0.0,,,,0.01,15502.03,,,0.99,15502.03,,,,,0.0,19489.03,19489.03,0.0,,OK,,KXHIGHNY-26SEP02,2026-09-03T05:00:00Z,active,True
2026-09-02T20:53:39.678375+00:00,2026-09-02T20:53:39.678375+00:00,KXHIGHNY-26SEP02-T75,0.0,,0.99,25.0,,,,,,,0.01,25.0,,,2810.68,0.0,0.0,2810.68,,OK,,KXHIGHNY-26SEP02,2026-09-03T05:00:00Z,active,True
2026-09-02T20:53:39.678375+00:00,2026-09-02T20:53:39.678375+00:00,KXHIGHNY-26SEP02-B81.5,0.0,,,,0.01,12751.9,,,0.99,12751.9,,,,,0.0,19608.690000000002,19608.690000000002,0.0,,OK,,KXHIGHNY-26SEP02,2026-09-03T05:00:00Z,active,True
2026-09-02T20:53:39.678375+00:00,2026-09-02T20:53:39.678375+00:00,KXHIGHNY-26SEP02-B79.5,0.0,,,,0.01,17729.39,,,0.99,17729.39,,,,,0.0,19901.589999999997,19901.589999999997,0.0,,OK,,KXHIGHNY-26SEP02,2026-09-03T05:00:00Z,active,True
2026-09-02T20:53:39.678375+00:00,2026-09-02T20:53:39.678375+00:00,KXHIGHNY-26SEP02-B77.5,0.0,,,,0.01,1351.42,,,0.99,1351.42,,,,,0.0,3394.76,3394.76,0.0,,OK,,KXHIGHNY-26SEP02,2026-09-03T05:00:00Z,active,True
2026-09-02T20:53:39.678375+00:00,2026-09-02T20:53:39.678375+00:00,KXHIGHNY-26SEP02-B75.5,0.0,,,,0.01,156.85,,,0.99,156.85,,,,,0.0,2582.6499999999996,2582.6499999999996,0.0,,OK,,KXHIGHNY-26SEP02,2026-09-03T05:00:00Z,active,True
2026-09-02T23:13:08.657250+00:00,2026-09-02T23:13:08.657250+00:00,KXHIGHNY-26SEP03-T90,0.0,,,,0.01,6337.0,,,0.99,6337.0,,,,,0.0,8697.5,8697.5,0.0,,OK,,KXHIGHNY-26SEP03,2026-09-04T05:00:00Z,active,True
2026-09-02T23:13:08.657250+00:00,2026-09-02T23:13:08.657250+00:00,KXHIGHNY-26SEP03-T83,0.0,,0.35,6.54,0.36,69.0,0.010000000000000009,0.355,0.64,69.0,0.65,6.54,0.010000000000000009,0.645,1969.19,2042.8700000000001,2042.8700000000001,1969.19,,OK,,KXHIGHNY-26SEP03,2026-09-04T05:00:00Z,active,True
2026-09-02T23:13:08.657250+00:00,2026-09-02T23:13:08.657250+00:00,KXHIGHNY-26SEP03-B89.5,0.0,,0.01,713.0,0.03,137.0,0.019999999999999997,0.02,0.97,137.0,0.99,713.0,0.020000000000000018,0.98,713.0,1615.56,1615.56,713.0,,OK,,KXHIGHNY-26SEP03,2026-09-04T05:00:00Z,active,True
2026-09-02T23:13:08.657250+00:00,2026-09-02T23:13:08.657250+00:00,KXHIGHNY-26SEP03-B87.5,0.0,,0.05,72.0,0.07,185.0,0.020000000000000004,0.060000000000000005,0.93,185.0,0.95,72.0,0.019999999999999907,0.94,3326.85,1418.5,1418.5,3326.85,,OK,,KXHIGHNY-26SEP03,2026-09-04T05:00:00Z,active,True
2026-09-02T23:13:08.657250+00:00,2026-09-02T23:13:08.657250+00:00,KXHIGHNY-26SEP03-B85.5,0.0,,0.14,7.0,0.17,11.0,0.03,0.15500000000000003,0.83,11.0,0.86,7.0,0.030000000000000027,0.845,3657.02,1294.65,1294.65,3657.02,,OK,,KXHIGHNY-26SEP03,2026-09-04T05:00:00Z,active,True
2026-09-02T23:13:08.657250+00:00,2026-09-02T23:13:08.657250+00:00,KXHIGHNY-26SEP03-B83.5,0.0,,0.43,12.0,0.45,60.0,0.020000000000000018,0.44,0.55,60.0,0.57,12.0,0.019999999999999907,0.56,889.86,881.9699999999999,881.9699999999999,889.86,,OK,,KXHIGHNY-26SEP03,2026-09-04T05:00:00Z,active,True
2026-09-02T23:13:08.657250+00:00,2026-09-02T23:13:08.657250+00:00,KXHIGHNY-26SEP02-T82,0.0,,,,0.01,14239.03,,,0.99,14239.03,,,,,0.0,18092.03,18092.03,0.0,,OK,,KXHIGHNY-26SEP02,2026-09-03T05:00:00Z,active,True
2026-09-02T23:13:08.657250+00:00,2026-09-02T23:13:08.657250+00:00,KXHIGHNY-26SEP02-T75,0.0,,0.99,70.68,,,,,,,0.01,70.68,,,2433.1000000000004,0.0,0.0,2433.1000000000004,,OK,,KXHIGHNY-26SEP02,2026-09-03T05:00:00Z,active,True
2026-09-02T23:13:08.657250+00:00,2026-09-02T23:13:08.657250+00:00,KXHIGHNY-26SEP02-B81.5,0.0,,,,0.01,11530.9,,,0.99,11530.9,,,,,0.0,18237.690000000002,18237.690000000002,0.0,,OK,,KXHIGHNY-26SEP02,2026-09-03T05:00:00Z,active,True
2026-09-02T23:13:08.657250+00:00,2026-09-02T23:13:08.657250+00:00,KXHIGHNY-26SEP02-B79.5,0.0,,,,0.01,16508.39,,,0.99,16508.39,,,,,0.0,18614.589999999997,18614.589999999997,0.0,,OK,,KXHIGHNY-26SEP02,2026-09-03T05:00:00Z,active,True
2026-09-02T23:13:08.657250+00:00,2026-09-02T23:13:08.657250+00:00,KXHIGHNY-26SEP02-B77.5,0.0,,,,0.01,1112.82,,,0.99,1112.82,,,,,0.0,3181.16,3181.16,0.0,,OK,,KXHIGHNY-26SEP02,2026-09-03T05:00:00Z,active,True
2026-09-02T23:13:08.657250+00:00,2026-09-02T23:13:08.657250+00:00,KXHIGHNY-26SEP02-B75.5,0.0,,,,0.01,40.0,,,0.99,40.0,,,,,0.0,2551.17,2551.17,0.0,,OK,,KXHIGHNY-26SEP02,2026-09-03T05:00:00Z,active,True
2026-09-03T04:00:18.728003+00:00,2026-09-03T04:00:18.728003+00:00,KXHIGHNY-26SEP03-T90,0.0,,,,0.01,8421.49,,,0.99,8421.49,,,,,0.0,17534.489999999998,17534.489999999998,0.0,,OK,,KXHIGHNY-26SEP03,2026-09-04T05:00:00Z,active,True
2026-09-03T04:00:18.728003+00:00,2026-09-03T04:00:18.728003+00:00,KXHIGHNY-26SEP03-T83,0.0,,0.2,62.0,0.21,5.0,0.009999999999999981,0.20500000000000002,0.79,5.0,0.8,62.0,0.010000000000000009,0.795,4468.33,2192.1099999999997,2192.1099999999997,4468.33,,OK,,KXHIGHNY-26SEP03,2026-09-04T05:00:00Z,active,True
2026-09-03T04:00:18.728003+00:00,2026-09-03T04:00:18.728003+00:00,KXHIGHNY-26SEP03-B89.5,0.0,,,,0.02,267.0,,,0.98,267.0,,,,,0.0,2150.8900000000003,2150.8900000000003,0.0,,OK,,KXHIGHNY-26SEP03,2026-09-04T05:00:00Z,active,True
2026-09-03T04:00:18.728003+00:00,2026-09-03T04:00:18.728003+00:00,KXHIGHNY-26SEP03-B87.5,0.0,,0.07,107.0,0.1,65.0,0.03,0.085,0.9,65.0,0.93,107.0,0.030000000000000027,0.915,3192.52,1464.0,1464.0,3192.52,,OK,,KXHIGHNY-26SEP03,2026-09-04T05:00:00Z,active,True
2026-09-03T04:00:18.728003+00:00,2026-09-03T04:00:18.728003+00:00,KXHIGHNY-26SEP03-B85.5,0.0,,0.31,1.0,0.32,85.0,0.010000000000000009,0.315,0.68,85.0,0.69,1.0,0.009999999999999898,0.685,1956.1,1396.51,1396.51,1956.1,,OK,,KXHIGHNY-26SEP03,2026-09-04T05:00:00Z,active,True
2026-09-03T04:00:18.728003+00:00,2026-09-03T04:00:18.728003+00:00,KXHIGHNY-26SEP03-B83.5,0.0,,0.38,6.0,0.4,6.0,0.020000000000000018,0.39,0.6,6.0,0.62,6.0,0.020000000000000018,0.61,1624.54,2158.0,2158.0,1624.54,,OK,,KXHIGHNY-26SEP03,2026-09-04T05:00:00Z,active,True
2026-09-03T04:00:18.728003+00:00,2026-09-03T04:00:18.728003+00:00,KXHIGHNY-26SEP02-T82,0.0,,,,0.01,9836.0,,,0.99,9836.0,,,,,0.0,13730.0,13730.0,0.0,,OK,,KXHIGHNY-26SEP02,2026-09-03T05:00:00Z,active,True
2026-09-03T04:00:18.728003+00:00,2026-09-03T04:00:18.728003+00:00,KXHIGHNY-26SEP02-T75,0.0,,0.99,6209.61,,,,,,,0.01,6209.61,,,7784.110000000001,0.0,0.0,7784.110000000001,,OK,,KXHIGHNY-26SEP02,2026-09-03T05:00:00Z,active,True
2026-09-03T04:00:18.728003+00:00,2026-09-03T04:00:18.728003+00:00,KXHIGHNY-26SEP02-B81.5,0.0,,,,0.01,7690.42,,,0.99,7690.42,,,,,0.0,14322.01,14322.01,0.0,,OK,,KXHIGHNY-26SEP02,2026-09-03T05:00:00Z,active,True
2026-09-03T04:00:18.728003+00:00,2026-09-03T04:00:18.728003+00:00,KXHIGHNY-26SEP02-B79.5,0.0,,,,0.01,12617.87,,,0.99,12617.87,,,,,0.0,14652.070000000002,14652.070000000002,0.0,,OK,,KXHIGHNY-26SEP02,2026-09-03T05:00:00Z,active,True
2026-09-03T04:00:18.728003+00:00,2026-09-03T04:00:18.728003+00:00,KXHIGHNY-26SEP02-B77.5,0.0,,,,0.01,851.79,,,0.99,851.79,,,,,0.0,2879.13,2879.13,0.0,,OK,,KXHIGHNY-26SEP02,2026-09-03T05:00:00Z,active,True
2026-09-03T04:00:18.728003+00:00,2026-09-03T04:00:18.728003+00:00,KXHIGHNY-26SEP02-B75.5,0.0,,,,0.01,5933.63,,,0.99,5933.63,,,,,0.0,8527.130000000001,8527.130000000001,0.0,,OK,,KXHIGHNY-26SEP02,2026-09-03T05:00:00Z,active,True
2026-09-03T08:50:12.514927+00:00,2026-09-03T08:50:12.514927+00:00,KXHIGHNY-26SEP03-T90,0.0,,,,0.01,9031.56,,,0.99,9031.56,,,,,0.0,17519.559999999998,17519.559999999998,0.0,,OK,,KXHIGHNY-26SEP03,2026-09-04T05:00:00Z,active,True
2026-09-03T08:50:12.514927+00:00,2026-09-03T08:50:12.514927+00:00,KXHIGHNY-26SEP03-T83,0.0,,0.17,6.0,0.19,1.0,0.01999999999999999,0.18,0.81,1.0,0.83,6.0,0.019999999999999907,0.8200000000000001,2706.04,1010.01,1010.01,2706.04,,OK,,KXHIGHNY-26SEP03,2026-09-04T05:00:00Z,active,True
2026-09-03T08:50:12.514927+00:00,2026-09-03T08:50:12.514927+00:00,KXHIGHNY-26SEP03-B89.5,0.0,,,,0.02,18.0,,,0.98,18.0,,,,,0.0,1648.8899999999999,1648.8899999999999,0.0,,OK,,KXHIGHNY-26SEP03,2026-09-04T05:00:00Z,active,True
2026-09-03T08:50:12.514927+00:00,2026-09-03T08:50:12.514927+00:00,KXHIGHNY-26SEP03-B87.5,0.0,,0.06,126.0,0.09,50.0,0.03,0.075,0.91,50.0,0.94,126.0,0.029999999999999916,0.925,3143.6,2182.71,2182.71,3143.6,,OK,,KXHIGHNY-26SEP03,2026-09-04T05:00:00Z,active,True
2026-09-03T08:50:12.514927+00:00,2026-09-03T08:50:12.514927+00:00,KXHIGHNY-26SEP03-B85.5,0.0,,0.21,5.0,0.24,1.0,0.03,0.22499999999999998,0.76,1.0,0.79,5.0,0.030000000000000027,0.775,2815.15,1167.36,1167.36,2815.15,,OK,,KXHIGHNY-26SEP03,2026-09-04T05:00:00Z,active,True
2026-09-03T08:50:12.514927+00:00,2026-09-03T08:50:12.514927+00:00,KXHIGHNY-26SEP03-B83.5,0.0,,0.4,25.0,0.47,0.75,0.06999999999999995,0.435,0.53,0.75,0.6,25.0,0.06999999999999995,0.565,3078.54,2303.95,2303.95,3078.54,,OK,,KXHIGHNY-26SEP03,2026-09-04T05:00:00Z,active,True
2026-09-03T13:28:52.563519+00:00,2026-09-03T13:28:52.563519+00:00,KXHIGHNY-26SEP03-T90,0.0,,,,0.01,9109.19,,,0.99,9109.19,,,,,0.0,17768.190000000002,17768.190000000002,0.0,,OK,,KXHIGHNY-26SEP03,2026-09-04T05:00:00Z,active,True
2026-09-03T13:28:52.563519+00:00,2026-09-03T13:28:52.563519+00:00,KXHIGHNY-26SEP03-T83,0.0,,0.36,142.0,0.39,57.11,0.030000000000000027,0.375,0.61,57.11,0.64,142.0,0.030000000000000027,0.625,2277.2799999999997,1198.72,1198.72,2277.2799999999997,,OK,,KXHIGHNY-26SEP03,2026-09-04T05:00:00Z,active,True
2026-09-03T13:28:52.563519+00:00,2026-09-03T13:28:52.563519+00:00,KXHIGHNY-26SEP03-B89.5,0.0,,,,0.01,118.73,,,0.99,118.73,,,,,0.0,1688.12,1688.12,0.0,,OK,,KXHIGHNY-26SEP03,2026-09-04T05:00:00Z,active,True
2026-09-03T13:28:52.563519+00:00,2026-09-03T13:28:52.563519+00:00,KXHIGHNY-26SEP03-B87.5,0.0,,0.03,7.0,0.04,237.33,0.010000000000000002,0.035,0.96,237.33,0.97,7.0,0.010000000000000009,0.965,2917.85,1108.7,1108.7,2917.85,,OK,,KXHIGHNY-26SEP03,2026-09-04T05:00:00Z,active,True
2026-09-03T13:28:52.563519+00:00,2026-09-03T13:28:52.563519+00:00,KXHIGHNY-26SEP03-B85.5,0.0,,0.16,0.06,0.17,62.0,0.010000000000000009,0.165,0.83,62.0,0.84,0.06,0.010000000000000009,0.835,3097.1600000000003,1367.0900000000001,1367.0900000000001,3097.1600000000003,,OK,,KXHIGHNY-26SEP03,2026-09-04T05:00:00Z,active,True
2026-09-03T13:28:52.563519+00:00,2026-09-03T13:28:52.563519+00:00,KXHIGHNY-26SEP03-B83.5,0.0,,0.46,247.16,0.47,85.85,0.009999999999999953,0.46499999999999997,0.53,85.85,0.54,247.16,0.010000000000000009,0.535,1325.08,2306.62,2306.62,1325.08,,OK,,KXHIGHNY-26SEP03,2026-09-04T05:00:00Z,active,True
2026-09-03T17:45:21.970207+00:00,2026-09-03T17:45:21.970207+00:00,KXHIGHNY-26SEP04-T89,0.0,,,,0.01,395.0,,,0.99,395.0,,,,,0.0,2420.94,2420.94,0.0,,OK,,KXHIGHNY-26SEP04,2026-09-05T05:00:00Z,active,True
2026-09-03T17:45:21.970207+00:00,2026-09-03T17:45:21.970207+00:00,KXHIGHNY-26SEP04-T82,0.0,,0.27,40.0,0.28,8.0,0.010000000000000009,0.275,0.72,8.0,0.73,40.0,0.010000000000000009,0.725,915.0799999999999,1426.6799999999998,1426.6799999999998,915.0799999999999,,OK,,KXHIGHNY-26SEP04,2026-09-05T05:00:00Z,active,True
2026-09-03T17:45:21.970207+00:00,2026-09-03T17:45:21.970207+00:00,KXHIGHNY-26SEP04-B88.5,0.0,,,,0.01,25.0,,,0.99,25.0,,,,,0.0,1698.94,1698.94,0.0,,OK,,KXHIGHNY-26SEP04,2026-09-05T05:00:00Z,active,True
2026-09-03T17:45:21.970207+00:00,2026-09-03T17:45:21.970207+00:00,KXHIGHNY-26SEP04-B86.5,0.0,,0.07,0.99,0.09,10.44,0.01999999999999999,0.08,0.91,10.44,0.93,0.99,0.020000000000000018,0.92,2737.99,538.4200000000001,538.4200000000001,2737.99,,OK,,KXHIGHNY-26SEP04,2026-09-05T05:00:00Z,active,True
2026-09-03T17:45:21.970207+00:00,2026-09-03T17:45:21.970207+00:00,KXHIGHNY-26SEP04-B84.5,0.0,,0.26,23.0,0.29,31.0,0.02999999999999997,0.275,0.71,31.0,0.74,23.0,0.030000000000000027,0.725,2193.68,1917.2999999999997,1917.2999999999997,2193.68,,OK,,KXHIGHNY-26SEP04,2026-09-05T05:00:00Z,active,True
2026-09-03T17:45:21.970207+00:00,2026-09-03T17:45:21.970207+00:00,KXHIGHNY-26SEP04-B82.5,0.0,,0.39,32.0,0.4,10.0,0.010000000000000009,0.395,0.6,10.0,0.61,32.0,0.010000000000000009,0.605,1467.5900000000001,1836.6799999999998,1836.6799999999998,1467.5900000000001,,OK,,KXHIGHNY-26SEP04,2026-09-05T05:00:00Z,active,True
2026-09-03T17:45:21.970207+00:00,2026-09-03T17:45:21.970207+00:00,KXHIGHNY-26SEP03-T90,0.0,,,,0.01,10011.85,,,0.99,10011.85,,,,,0.0,19127.85,19127.85,0.0,,OK,,KXHIGHNY-26SEP03,2026-09-04T05:00:00Z,active,True
2026-09-03T17:45:21.970207+00:00,2026-09-03T17:45:21.970207+00:00,KXHIGHNY-26SEP03-T83,0.0,,0.31,63.0,0.32,25.0,0.010000000000000009,0.315,0.68,25.0,0.69,63.0,0.009999999999999898,0.685,2914.31,1309.28,1309.28,2914.31,,OK,,KXHIGHNY-26SEP03,2026-09-04T05:00:00Z,active,True
2026-09-03T17:45:21.970207+00:00,2026-09-03T17:45:21.970207+00:00,KXHIGHNY-26SEP03-B89.5,0.0,,,,0.01,11427.13,,,0.99,11427.13,,,,,0.0,16439.519999999997,16439.519999999997,0.0,,OK,,KXHIGHNY-26SEP03,2026-09-04T05:00:00Z,active,True
2026-09-03T17:45:21.970207+00:00,2026-09-03T17:45:21.970207+00:00,KXHIGHNY-26SEP03-B87.5,0.0,,,,0.01,4868.4,,,0.99,4868.4,,,,,0.0,12953.6,12953.6,0.0,,OK,,KXHIGHNY-26SEP03,2026-09-04T05:00:00Z,active,True
2026-09-03T17:45:21.970207+00:00,2026-09-03T17:45:21.970207+00:00,KXHIGHNY-26SEP03-B85.5,0.0,,0.09,491.44,0.1,24.0,0.010000000000000009,0.095,0.9,24.0,0.91,491.44,0.010000000000000009,0.905,5464.01,2131.6600000000003,2131.6600000000003,5464.01,,OK,,KXHIGHNY-26SEP03,2026-09-04T05:00:00Z,active,True
2026-09-03T17:45:21.970207+00:00,2026-09-03T17:45:21.970207+00:00,KXHIGHNY-26SEP03-B83.5,0.0,,0.58,26.0,0.61,104.16,0.030000000000000027,0.595,0.39,104.16,0.42,26.0,0.02999999999999997,0.405,576.26,2419.9900000000002,2419.9900000000002,576.26,,OK,,KXHIGHNY-26SEP03,2026-09-04T05:00:00Z,active,True
2026-09-03T20:51:58.032782+00:00,2026-09-03T20:51:58.032782+00:00,KXHIGHNY-26SEP04-T89,0.0,,,,0.01,6182.0,,,0.99,6182.0,,,,,0.0,8881.02,8881.02,0.0,,OK,,KXHIGHNY-26SEP04,2026-09-05T05:00:00Z,active,True
2026-09-03T20:51:58.032782+00:00,2026-09-03T20:51:58.032782+00:00,KXHIGHNY-26SEP04-T82,0.0,,0.25,6.0,0.26,344.08,0.010000000000000009,0.255,0.74,344.08,0.75,6.0,0.010000000000000009,0.745,2405.49,2395.44,2395.44,2405.49,,OK,,KXHIGHNY-26SEP04,2026-09-05T05:00:00Z,active,True
2026-09-03T20:51:58.032782+00:00,2026-09-03T20:51:58.032782+00:00,KXHIGHNY-26SEP04-B88.5,0.0,,,,0.01,43.0,,,0.99,43.0,,,,,0.0,4251.66,4251.66,0.0,,OK,,KXHIGHNY-26SEP04,2026-09-05T05:00:00Z,active,True
2026-09-03T20:51:58.032782+00:00,2026-09-03T20:51:58.032782+00:00,KXHIGHNY-26SEP04-B86.5,0.0,,0.07,36.99,0.08,5.0,0.009999999999999995,0.07500000000000001,0.92,5.0,0.93,36.99,0.010000000000000009,0.925,3763.99,679.22,679.22,3763.99,,OK,,KXHIGHNY-26SEP04,2026-09-05T05:00:00Z,active,True
2026-09-03T20:51:58.032782+00:00,2026-09-03T20:51:58.032782+00:00,KXHIGHNY-26SEP04-B84.5,0.0,,0.3,46.0,0.31,13.02,0.010000000000000009,0.305,0.69,13.02,0.7,46.0,0.010000000000000009,0.695,1061.74,1828.02,1828.02,1061.74,,OK,,KXHIGHNY-26SEP04,2026-09-05T05:00:00Z,active,True
2026-09-03T20:51:58.032782+00:00,2026-09-03T20:51:58.032782+00:00,KXHIGHNY-26SEP04-B82.5,0.0,,0.39,35.0,0.4,13.0,0.010000000000000009,0.395,0.6,13.0,0.61,35.0,0.010000000000000009,0.605,2194.3,1386.0,1386.0,2194.3,,OK,,KXHIGHNY-26SEP04,2026-09-05T05:00:00Z,active,True
2026-09-03T20:51:58.032782+00:00,2026-09-03T20:51:58.032782+00:00,KXHIGHNY-26SEP03-T90,0.0,,,,0.01,27102.04,,,0.99,27102.04,,,,,0.0,34986.04,34986.04,0.0,,OK,,KXHIGHNY-26SEP03,2026-09-04T05:00:00Z,active,True
2026-09-03T20:51:58.032782+00:00,2026-09-03T20:51:58.032782+00:00,KXHIGHNY-26SEP03-T83,0.0,,,,0.01,85550.95,,,0.99,85550.95,,,,,0.0,89045.21,89045.21,0.0,,OK,,KXHIGHNY-26SEP03,2026-09-04T05:00:00Z,active,True
2026-09-03T20:51:58.032782+00:00,2026-09-03T20:51:58.032782+00:00,KXHIGHNY-26SEP03-B89.5,0.0,,,,0.01,20715.13,,,0.99,20715.13,,,,,0.0,25739.02,25739.02,0.0,,OK,,KXHIGHNY-26SEP03,2026-09-04T05:00:00Z,active,True
2026-09-03T20:51:58.032782+00:00,2026-09-03T20:51:58.032782+00:00,KXHIGHNY-26SEP03-B87.5,0.0,,,,0.01,10437.32,,,0.99,10437.32,,,,,0.0,19796.519999999997,19796.519999999997,0.0,,OK,,KXHIGHNY-26SEP03,2026-09-04T05:00:00Z,active,True
2026-09-03T20:51:58.032782+00:00,2026-09-03T20:51:58.032782+00:00,KXHIGHNY-26SEP03-B85.5,0.0,,0.09,11.0,0.13,80.0,0.04000000000000001,0.11,0.87,80.0,0.91,11.0,0.040000000000000036,0.89,6669.26,1883.6599999999999,1883.6599999999999,6669.26,,OK,,KXHIGHNY-26SEP03,2026-09-04T05:00:00Z,active,True
2026-09-03T20:51:58.032782+00:00,2026-09-03T20:51:58.032782+00:00,KXHIGHNY-26SEP03-B83.5,0.0,,0.85,11.0,0.89,1.0,0.040000000000000036,0.87,0.11,1.0,0.15,11.0,0.039999999999999994,0.13,1623.1699999999998,3968.88,3968.88,1623.1699999999998,,OK,,KXHIGHNY-26SEP03,2026-09-04T05:00:00Z,active,True
2026-09-03T23:10:30.879305+00:00,2026-09-03T23:10:30.879305+00:00,KXHIGHNY-26SEP04-T89,0.0,,,,0.01,6133.99,,,0.99,6133.99,,,,,0.0,7875.400000000001,7875.400000000001,0.0,,OK,,KXHIGHNY-26SEP04,2026-09-05T05:00:00Z,active,True
2026-09-03T23:10:30.879305+00:00,2026-09-03T23:10:30.879305+00:00,KXHIGHNY-26SEP04-T82,0.0,,0.07,25.0,0.09,6.0,0.01999999999999999,0.08,0.91,6.0,0.93,25.0,0.020000000000000018,0.92,3529.13,2310.31,2310.31,3529.13,,OK,,KXHIGHNY-26SEP04,2026-09-05T05:00:00Z,active,True
2026-09-03T23:10:30.879305+00:00,2026-09-03T23:10:30.879305+00:00,KXHIGHNY-26SEP04-B88.5,0.0,,0.01,741.01,0.02,2599.0,0.01,0.015,0.98,2599.0,0.99,741.01,0.010000000000000009,0.985,741.01,3842.8400000000006,3842.8400000000006,741.01,,OK,,KXHIGHNY-26SEP04,2026-09-05T05:00:00Z,active,True
2026-09-03T23:10:30.879305+00:00,2026-09-03T23:10:30.879305+00:00,KXHIGHNY-26SEP04-B86.5,0.0,,0.12,1.0,0.13,64.0,0.010000000000000009,0.125,0.87,64.0,0.88,1.0,0.010000000000000009,0.875,2671.45,712.2500000000001,712.2500000000001,2671.45,,OK,,KXHIGHNY-26SEP04,2026-09-05T05:00:00Z,active,True
2026-09-03T23:10:30.879305+00:00,2026-09-03T23:10:30.879305+00:00,KXHIGHNY-26SEP04-B84.5,0.0,,0.45,6.0,0.46,2.0,0.010000000000000009,0.455,0.54,2.0,0.55,6.0,0.010000000000000009,0.545,1238.5200000000002,1175.18,1175.18,1238.5200000000002,,OK,,KXHIGHNY-26SEP04,2026-09-05T05:00:00Z,active,True
2026-09-03T23:10:30.879305+00:00,2026-09-03T23:10:30.879305+00:00,KXHIGHNY-26SEP04-B82.5,0.0,,0.26,1.14,0.27,24.0,0.010000000000000009,0.265,0.73,24.0,0.74,1.14,0.010000000000000009,0.735,2432.51,757.24,757.24,2432.51,,OK,,KXHIGHNY-26SEP04,2026-09-05T05:00:00Z,active,True
2026-09-03T23:10:30.879305+00:00,2026-09-03T23:10:30.879305+00:00,KXHIGHNY-26SEP03-T90,0.0,,,,0.01,27415.75,,,0.99,27415.75,,,,,0.0,35443.75,35443.75,0.0,,OK,,KXHIGHNY-26SEP03,2026-09-04T05:00:00Z,active,True
2026-09-03T23:10:30.879305+00:00,2026-09-03T23:10:30.879305+00:00,KXHIGHNY-26SEP03-T83,0.0,,,,0.01,184186.38,,,0.99,184186.38,,,,,0.0,185433.64,185433.64,0.0,,OK,,KXHIGHNY-26SEP03,2026-09-04T05:00:00Z,active,True
2026-09-03T23:10:30.879305+00:00,2026-09-03T23:10:30.879305+00:00,KXHIGHNY-26SEP03-B89.5,0.0,,,,0.01,18982.76,,,0.99,18982.76,,,,,0.0,23882.649999999998,23882.649999999998,0.0,,OK,,KXHIGHNY-26SEP03,2026-09-04T05:00:00Z,active,True
2026-09-03T23:10:30.879305+00:00,2026-09-03T23:10:30.879305+00:00,KXHIGHNY-26SEP03-B87.5,0.0,,,,0.01,17588.62,,,0.99,17588.62,,,,,0.0,26982.82,26982.82,0.0,,OK,,KXHIGHNY-26SEP03,2026-09-04T05:00:00Z,active,True
2026-09-03T23:10:30.879305+00:00,2026-09-03T23:10:30.879305+00:00,KXHIGHNY-26SEP03-B85.5,0.0,,0.03,35.0,0.04,10.0,0.010000000000000002,0.035,0.96,10.0,0.97,35.0,0.010000000000000009,0.965,19441.93,1621.7,1621.7,19441.93,,OK,,KXHIGHNY-26SEP03,2026-09-04T05:00:00Z,active,True
2026-09-03T23:10:30.879305+00:00,2026-09-03T23:10:30.879305+00:00,KXHIGHNY-26SEP03-B83.5,0.0,,0.96,17.75,0.97,25.0,0.010000000000000009,0.965,0.03,25.0,0.04,17.75,0.010000000000000002,0.035,690.8299999999999,16042.53,16042.53,690.8299999999999,,OK,,KXHIGHNY-26SEP03,2026-09-04T05:00:00Z,active,True
2026-09-04T04:02:05.078175+00:00,2026-09-04T04:02:05.078175+00:00,KXHIGHNY-26SEP04-T89,0.0,,,,0.01,5968.99,,,0.99,5968.99,,,,,0.0,8220.99,8220.99,0.0,,OK,,KXHIGHNY-26SEP04,2026-09-05T05:00:00Z,active,True
2026-09-04T04:02:05.078175+00:00,2026-09-04T04:02:05.078175+00:00,KXHIGHNY-26SEP04-T82,0.0,,0.02,137.73,0.03,130.0,0.009999999999999998,0.025,0.97,130.0,0.98,137.73,0.010000000000000009,0.975,3779.59,1908.35,1908.35,3779.59,,OK,,KXHIGHNY-26SEP04,2026-09-05T05:00:00Z,active,True
2026-09-04T04:02:05.078175+00:00,2026-09-04T04:02:05.078175+00:00,KXHIGHNY-26SEP04-B88.5,0.0,,0.01,113.0,0.02,2069.6,0.01,0.015,0.98,2069.6,0.99,113.0,0.010000000000000009,0.985,113.0,3719.09,3719.09,113.0,,OK,,KXHIGHNY-26SEP04,2026-09-05T05:00:00Z,active,True
2026-09-04T04:02:05.078175+00:00,2026-09-04T04:02:05.078175+00:00,KXHIGHNY-26SEP04-B86.5,0.0,,0.11,258.71,0.13,231.0,0.020000000000000004,0.12,0.87,231.0,0.89,258.71,0.020000000000000018,0.88,3646.71,1171.25,1171.25,3646.71,,OK,,KXHIGHNY-26SEP04,2026-09-05T05:00:00Z,active,True
2026-09-04T04:02:05.078175+00:00,2026-09-04T04:02:05.078175+00:00,KXHIGHNY-26SEP04-B84.5,0.0,,0.54,4.63,0.57,4.43,0.029999999999999916,0.5549999999999999,0.43,4.43,0.46,4.63,0.030000000000000027,0.445,1122.87,3341.4400000000005,3341.4400000000005,1122.87,,OK,,KXHIGHNY-26SEP04,2026-09-05T05:00:00Z,active,True
2026-09-04T04:02:05.078175+00:00,2026-09-04T04:02:05.078175+00:00,KXHIGHNY-26SEP04-B82.5,0.0,,0.32,86.8,0.33,90.0,0.010000000000000009,0.325,0.67,90.0,0.68,86.8,0.010000000000000009,0.675,2164.4300000000003,2373.0,2373.0,2164.4300000000003,,OK,,KXHIGHNY-26SEP04,2026-09-05T05:00:00Z,active,True
2026-09-04T04:02:05.078175+00:00,2026-09-04T04:02:05.078175+00:00,KXHIGHNY-26SEP03-T90,0.0,,,,0.01,46543.75,,,0.99,46543.75,,,,,0.0,54513.75,54513.75,0.0,,OK,,KXHIGHNY-26SEP03,2026-09-04T05:00:00Z,active,True
2026-09-04T04:02:05.078175+00:00,2026-09-04T04:02:05.078175+00:00,KXHIGHNY-26SEP03-T83,0.0,,,,0.01,181218.67,,,0.99,181218.67,,,,,0.0,182498.93000000002,182498.93000000002,0.0,,OK,,KXHIGHNY-26SEP03,2026-09-04T05:00:00Z,active,True
2026-09-04T04:02:05.078175+00:00,2026-09-04T04:02:05.078175+00:00,KXHIGHNY-26SEP03-B89.5,0.0,,,,0.01,40261.28,,,0.99,40261.28,,,,,0.0,45156.17,45156.17,0.0,,OK,,KXHIGHNY-26SEP03,2026-09-04T05:00:00Z,active,True
2026-09-04T04:02:05.078175+00:00,2026-09-04T04:02:05.078175+00:00,KXHIGHNY-26SEP03-B87.5,0.0,,,,0.01,32485.35,,,0.99,32485.35,,,,,0.0,41920.55,41920.55,0.0,,OK,,KXHIGHNY-26SEP03,2026-09-04T05:00:00Z,active,True
2026-09-04T04:02:05.078175+00:00,2026-09-04T04:02:05.078175+00:00,KXHIGHNY-26SEP03-B85.5,0.0,,,,0.01,26769.45,,,0.99,26769.45,,,,,0.0,30384.33,30384.33,0.0,,OK,,KXHIGHNY-26SEP03,2026-09-04T05:00:00Z,active,True
2026-09-04T04:02:05.078175+00:00,2026-09-04T04:02:05.078175+00:00,KXHIGHNY-26SEP03-B83.5,0.0,,0.99,26213.77,,,,,,,0.01,26213.77,,,27321.440000000002,0.0,0.0,27321.440000000002,,OK,,KXHIGHNY-26SEP03,2026-09-04T05:00:00Z,active,True
2026-09-04T08:45:18.122082+00:00,2026-09-04T08:45:18.122082+00:00,KXHIGHNY-26SEP04-T89,0.0,,,,0.01,9717.9,,,0.99,9717.9,,,,,0.0,11622.9,11622.9,0.0,,OK,,KXHIGHNY-26SEP04,2026-09-05T05:00:00Z,active,True
2026-09-04T08:45:18.122082+00:00,2026-09-04T08:45:18.122082+00:00,KXHIGHNY-26SEP04-T82,0.0,,0.02,717.74,0.03,165.0,0.009999999999999998,0.025,0.97,165.0,0.98,717.74,0.010000000000000009,0.975,4549.33,1652.08,1652.08,4549.33,,OK,,KXHIGHNY-26SEP04,2026-09-05T05:00:00Z,active,True
2026-09-04T08:45:18.122082+00:00,2026-09-04T08:45:18.122082+00:00,KXHIGHNY-26SEP04-B88.5,0.0,,,,0.01,10199.17,,,0.99,10199.17,,,,,0.0,20530.260000000002,20530.260000000002,0.0,,OK,,KXHIGHNY-26SEP04,2026-09-05T05:00:00Z,active,True
2026-09-04T08:45:18.122082+00:00,2026-09-04T08:45:18.122082+00:00,KXHIGHNY-26SEP04-B86.5,0.0,,0.12,1.0,0.13,113.24,0.010000000000000009,0.125,0.87,113.24,0.88,1.0,0.010000000000000009,0.875,4278.25,905.11,905.11,4278.25,,OK,,KXHIGHNY-26SEP04,2026-09-05T05:00:00Z,active,True
2026-09-04T08:45:18.122082+00:00,2026-09-04T08:45:18.122082+00:00,KXHIGHNY-26SEP04-B84.5,0.0,,0.48,91.97,0.49,86.0,0.010000000000000009,0.485,0.51,86.0,0.52,91.97,0.010000000000000009,0.515,972.96,1912.81,1912.81,972.96,,OK,,KXHIGHNY-26SEP04,2026-09-05T05:00:00Z,active,True
2026-09-04T08:45:18.122082+00:00,2026-09-04T08:45:18.122082+00:00,KXHIGHNY-26SEP04-B82.5,0.0,,0.41,126.29,0.43,47.0,0.020000000000000018,0.42,0.57,47.0,0.59,126.29,0.020000000000000018,0.58,1894.24,2662.16,2662.16,1894.24,,OK,,KXHIGHNY-26SEP04,2026-09-05T05:00:00Z,active,True
2026-09-04T13:23:26.883820+00:00,2026-09-04T13:23:26.883820+00:00,KXHIGHNY-26SEP04-T89,0.0,,,,0.01,9974.24,,,0.99,9974.24,,,,,0.0,11677.24,11677.24,0.0,,OK,,KXHIGHNY-26SEP04,2026-09-05T05:00:00Z,active,True
2026-09-04T13:23:26.883820+00:00,2026-09-04T13:23:26.883820+00:00,KXHIGHNY-26SEP04-T82,0.0,,,,0.01,118.45,,,0.99,118.45,,,,,0.0,3560.8900000000003,3560.8900000000003,0.0,,OK,,KXHIGHNY-26SEP04,2026-09-05T05:00:00Z,active,True
2026-09-04T13:23:26.883820+00:00,2026-09-04T13:23:26.883820+00:00,KXHIGHNY-26SEP04-B88.5,0.0,,,,0.01,8173.67,,,0.99,8173.67,,,,,0.0,20000.500000000004,20000.500000000004,0.0,,OK,,KXHIGHNY-26SEP04,2026-09-05T05:00:00Z,active,True
2026-09-04T13:23:26.883820+00:00,2026-09-04T13:23:26.883820+00:00,KXHIGHNY-26SEP04-B86.5,0.0,,0.15,145.62,0.18,4.69,0.03,0.16499999999999998,0.82,4.69,0.85,145.62,0.030000000000000027,0.835,4554.41,1416.47,1416.47,4554.41,,OK,,KXHIGHNY-26SEP04,2026-09-05T05:00:00Z,active,True
2026-09-04T13:23:26.883820+00:00,2026-09-04T13:23:26.883820+00:00,KXHIGHNY-26SEP04-B84.5,0.0,,0.59,2.53,0.6,1.71,0.010000000000000009,0.595,0.4,1.71,0.41,2.53,0.009999999999999953,0.405,1301.54,3869.1200000000003,3869.1200000000003,1301.54,,OK,,KXHIGHNY-26SEP04,2026-09-05T05:00:00Z,active,True
2026-09-04T13:23:26.883820+00:00,2026-09-04T13:23:26.883820+00:00,KXHIGHNY-26SEP04-B82.5,0.0,,0.26,2.78,0.27,41.0,0.010000000000000009,0.265,0.73,41.0,0.74,2.78,0.010000000000000009,0.735,3438.33,1242.93,1242.93,3438.33,,OK,,KXHIGHNY-26SEP04,2026-09-05T05:00:00Z,active,True
2026-09-04T17:32:06.103818+00:00,2026-09-04T17:32:06.103818+00:00,KXHIGHNY-26SEP05-T86,0.0,,,,0.01,227.0,,,0.99,227.0,,,,,0.0,2939.94,2939.94,0.0,,OK,,KXHIGHNY-26SEP05,2026-09-06T05:00:00Z,active,True
2026-09-04T17:32:06.103818+00:00,2026-09-04T17:32:06.103818+00:00,KXHIGHNY-26SEP05-T79,0.0,,0.3,104.0,0.31,6.0,0.010000000000000009,0.305,0.69,6.0,0.7,104.0,0.010000000000000009,0.695,1714.3799999999997,1746.5700000000002,1746.5700000000002,1714.3799999999997,,OK,,KXHIGHNY-26SEP05,2026-09-06T05:00:00Z,active,True
2026-09-04T17:32:06.103818+00:00,2026-09-04T17:32:06.103818+00:00,KXHIGHNY-26SEP05-B85.5,0.0,,0.01,613.0,0.02,25.0,0.01,0.015,0.98,25.0,0.99,613.0,0.010000000000000009,0.985,613.0,1256.0,1256.0,613.0,,OK,,KXHIGHNY-26SEP05,2026-09-06T05:00:00Z,active,True
2026-09-04T17:32:06.103818+00:00,2026-09-04T17:32:06.103818+00:00,KXHIGHNY-26SEP05-B83.5,0.0,,0.02,193.99,0.03,50.0,0.009999999999999998,0.025,0.97,50.0,0.98,193.99,0.010000000000000009,0.975,930.0600000000001,1634.8899999999999,1634.8899999999999,930.0600000000001,,OK,,KXHIGHNY-26SEP05,2026-09-06T05:00:00Z,active,True
2026-09-04T17:32:06.103818+00:00,2026-09-04T17:32:06.103818+00:00,KXHIGHNY-26SEP05-B81.5,0.0,,0.21,127.46,0.23,44.17,0.020000000000000018,0.22,0.77,44.17,0.79,127.46,0.020000000000000018,0.78,5129.11,872.33,872.33,5129.11,,OK,,KXHIGHNY-26SEP05,2026-09-06T05:00:00Z,active,True
2026-09-04T17:32:06.103818+00:00,2026-09-04T17:32:06.103818+00:00,KXHIGHNY-26SEP05-B79.5,0.0,,0.47,34.99,0.48,12.0,0.010000000000000009,0.475,0.52,12.0,0.53,34.99,0.010000000000000009,0.525,1585.9699999999998,1501.1,1501.1,1585.9699999999998,,OK,,KXHIGHNY-26SEP05,2026-09-06T05:00:00Z,active,True
2026-09-04T17:32:06.103818+00:00,2026-09-04T17:32:06.103818+00:00,KXHIGHNY-26SEP04-T89,0.0,,,,0.01,10351.83,,,0.99,10351.83,,,,,0.0,12018.83,12018.83,0.0,,OK,,KXHIGHNY-26SEP04,2026-09-05T05:00:00Z,active,True
2026-09-04T17:32:06.103818+00:00,2026-09-04T17:32:06.103818+00:00,KXHIGHNY-26SEP04-T82,0.0,,,,0.01,101001.53,,,0.99,101001.53,,,,,0.0,109029.97,109029.97,0.0,,OK,,KXHIGHNY-26SEP04,2026-09-05T05:00:00Z,active,True
2026-09-04T17:32:06.103818+00:00,2026-09-04T17:32:06.103818+00:00,KXHIGHNY-26SEP04-B88.5,0.0,,,,0.01,1135.81,,,0.99,1135.81,,,,,0.0,12560.64,12560.64,0.0,,OK,,KXHIGHNY-26SEP04,2026-09-05T05:00:00Z,active,True
2026-09-04T17:32:06.103818+00:00,2026-09-04T17:32:06.103818+00:00,KXHIGHNY-26SEP04-B86.5,0.0,,0.08,96.0,0.1,238.29,0.020000000000000004,0.09,0.9,238.29,0.92,96.0,0.020000000000000018,0.91,2606.7599999999998,1797.69,1797.69,2606.7599999999998,,OK,,KXHIGHNY-26SEP04,2026-09-05T05:00:00Z,active,True
2026-09-04T17:32:06.103818+00:00,2026-09-04T17:32:06.103818+00:00,KXHIGHNY-26SEP04-B84.5,0.0,,0.71,51.0,0.73,37.0,0.020000000000000018,0.72,0.27,37.0,0.29,51.0,0.019999999999999962,0.28,1454.5600000000002,4313.39,4313.39,1454.5600000000002,,OK,,KXHIGHNY-26SEP04,2026-09-05T05:00:00Z,active,True
2026-09-04T17:32:06.103818+00:00,2026-09-04T17:32:06.103818+00:00,KXHIGHNY-26SEP04-B82.5,0.0,,0.21,454.0,0.23,22.0,0.020000000000000018,0.22,0.77,22.0,0.79,454.0,0.020000000000000018,0.78,17203.03,3740.0600000000004,3740.0600000000004,17203.03,,OK,,KXHIGHNY-26SEP04,2026-09-05T05:00:00Z,active,True
2026-09-04T20:38:24.693430+00:00,2026-09-04T20:38:24.693430+00:00,KXHIGHNY-26SEP05-T86,0.0,,,,0.01,8052.0,,,0.99,8052.0,,,,,0.0,10686.0,10686.0,0.0,,OK,,KXHIGHNY-26SEP05,2026-09-06T05:00:00Z,active,True
2026-09-04T20:38:24.693430+00:00,2026-09-04T20:38:24.693430+00:00,KXHIGHNY-26SEP05-T79,0.0,,0.3,41.0,0.31,133.0,0.010000000000000009,0.305,0.69,133.0,0.7,41.0,0.010000000000000009,0.695,1013.0,1715.85,1715.85,1013.0,,OK,,KXHIGHNY-26SEP05,2026-09-06T05:00:00Z,active,True
2026-09-04T20:38:24.693430+00:00,2026-09-04T20:38:24.693430+00:00,KXHIGHNY-26SEP05-B85.5,0.0,,0.01,331.94,0.02,149.0,0.01,0.015,0.98,149.0,0.99,331.94,0.010000000000000009,0.985,331.94,1318.06,1318.06,331.94,,OK,,KXHIGHNY-26SEP05,2026-09-06T05:00:00Z,active,True
2026-09-04T20:38:24.693430+00:00,2026-09-04T20:38:24.693430+00:00,KXHIGHNY-26SEP05-B83.5,0.0,,0.01,485.08,0.02,154.0,0.01,0.015,0.98,154.0,0.99,485.08,0.010000000000000009,0.985,485.08,1060.99,1060.99,485.08,,OK,,KXHIGHNY-26SEP05,2026-09-06T05:00:00Z,active,True
2026-09-04T20:38:24.693430+00:00,2026-09-04T20:38:24.693430+00:00,KXHIGHNY-26SEP05-B81.5,0.0,,0.2,175.83,0.21,221.44,0.009999999999999981,0.20500000000000002,0.79,221.44,0.8,175.83,0.010000000000000009,0.795,6119.65,1892.42,1892.42,6119.65,,OK,,KXHIGHNY-26SEP05,2026-09-06T05:00:00Z,active,True
2026-09-04T20:38:24.693430+00:00,2026-09-04T20:38:24.693430+00:00,KXHIGHNY-26SEP05-B79.5,0.0,,0.51,32.0,0.52,51.0,0.010000000000000009,0.515,0.48,51.0,0.49,32.0,0.010000000000000009,0.485,1480.22,2552.79,2552.79,1480.22,,OK,,KXHIGHNY-26SEP05,2026-09-06T05:00:00Z,active,True
2026-09-04T20:38:24.693430+00:00,2026-09-04T20:38:24.693430+00:00,KXHIGHNY-26SEP04-T89,0.0,,,,0.01,17335.45,,,0.99,17335.45,,,,,0.0,18860.45,18860.45,0.0,,OK,,KXHIGHNY-26SEP04,2026-09-05T05:00:00Z,active,True
2026-09-04T20:38:24.693430+00:00,2026-09-04T20:38:24.693430+00:00,KXHIGHNY-26SEP04-T82,0.0,,,,0.01,301059.02,,,0.99,301059.02,,,,,0.0,305647.48,305647.48,0.0,,OK,,KXHIGHNY-26SEP04,2026-09-05T05:00:00Z,active,True
2026-09-04T20:38:24.693430+00:00,2026-09-04T20:38:24.693430+00:00,KXHIGHNY-26SEP04-B88.5,0.0,,,,0.01,10106.92,,,0.99,10106.92,,,,,0.0,21149.750000000004,21149.750000000004,0.0,,OK,,KXHIGHNY-26SEP04,2026-09-05T05:00:00Z,active,True
2026-09-04T20:38:24.693430+00:00,2026-09-04T20:38:24.693430+00:00,KXHIGHNY-26SEP04-B86.5,0.0,,0.01,0.61,0.02,226.0,0.01,0.015,0.98,226.0,0.99,0.61,0.010000000000000009,0.985,0.61,3217.7299999999996,3217.7299999999996,0.61,,OK,,KXHIGHNY-26SEP04,2026-09-05T05:00:00Z,active,True
2026-09-04T20:38:24.693430+00:00,2026-09-04T20:38:24.693430+00:00,KXHIGHNY-26SEP04-B84.5,0.0,,0.98,25.0,,,,,,,0.02,25.0,,,1603.7600000000002,0.0,0.0,1603.7600000000002,,OK,,KXHIGHNY-26SEP04,2026-09-05T05:00:00Z,active,True
2026-09-04T20:38:24.693430+00:00,2026-09-04T20:38:24.693430+00:00,KXHIGHNY-26SEP04-B82.5,0.0,,,,0.01,275464.64,,,0.99,275464.64,,,,,0.0,276718.64,276718.64,0.0,,OK,,KXHIGHNY-26SEP04,2026-09-05T05:00:00Z,active,True
2026-09-04T22:56:47.403215+00:00,2026-09-04T22:56:47.403215+00:00,KXHIGHNY-26SEP05-T86,0.0,,,,0.01,8185.88,,,0.99,8185.88,,,,,0.0,11192.53,11192.53,0.0,,OK,,KXHIGHNY-26SEP05,2026-09-06T05:00:00Z,active,True
2026-09-04T22:56:47.403215+00:00,2026-09-04T22:56:47.403215+00:00,KXHIGHNY-26SEP05-T79,0.0,,0.38,9.86,0.39,81.0,0.010000000000000009,0.385,0.61,81.0,0.62,9.86,0.010000000000000009,0.615,2138.5200000000004,1150.98,1150.98,2138.5200000000004,,OK,,KXHIGHNY-26SEP05,2026-09-06T05:00:00Z,active,True
2026-09-04T22:56:47.403215+00:00,2026-09-04T22:56:47.403215+00:00,KXHIGHNY-26SEP05-B85.5,0.0,,0.01,96.06,0.02,144.0,0.01,0.015,0.98,144.0,0.99,96.06,0.010000000000000009,0.985,96.06,1545.0399999999997,1545.0399999999997,96.06,,OK,,KXHIGHNY-26SEP05,2026-09-06T05:00:00Z,active,True
2026-09-04T22:56:47.403215+00:00,2026-09-04T22:56:47.403215+00:00,KXHIGHNY-26SEP05-B83.5,0.0,,0.01,849.47,0.02,184.0,0.01,0.015,0.98,184.0,0.99,849.47,0.010000000000000009,0.985,849.47,1328.9699999999998,1328.9699999999998,849.47,,OK,,KXHIGHNY-26SEP05,2026-09-06T05:00:00Z,active,True
2026-09-04T22:56:47.403215+00:00,2026-09-04T22:56:47.403215+00:00,KXHIGHNY-26SEP05-B81.5,0.0,,0.16,129.97,0.19,48.0,0.03,0.175,0.81,48.0,0.84,129.97,0.029999999999999916,0.825,6692.05,2189.05,2189.05,6692.05,,OK,,KXHIGHNY-26SEP05,2026-09-06T05:00:00Z,active,True
2026-09-04T22:56:47.403215+00:00,2026-09-04T22:56:47.403215+00:00,KXHIGHNY-26SEP05-B79.5,0.0,,0.43,37.1,0.46,71.0,0.030000000000000027,0.445,0.54,71.0,0.57,37.1,0.029999999999999916,0.5549999999999999,910.5799999999999,1895.73,1895.73,910.5799999999999,,OK,,KXHIGHNY-26SEP05,2026-09-06T05:00:00Z,active,True
2026-09-04T22:56:47.403215+00:00,2026-09-04T22:56:47.403215+00:00,KXHIGHNY-26SEP04-T89,0.0,,,,0.01,36877.45,,,0.99,36877.45,,,,,0.0,38654.45,38654.45,0.0,,OK,,KXHIGHNY-26SEP04,2026-09-05T05:00:00Z,active,True
2026-09-04T22:56:47.403215+00:00,2026-09-04T22:56:47.403215+00:00,KXHIGHNY-26SEP04-T82,0.0,,,,0.01,301416.2,,,0.99,301416.2,,,,,0.0,306306.66,306306.66,0.0,,OK,,KXHIGHNY-26SEP04,2026-09-05T05:00:00Z,active,True
2026-09-04T22:56:47.403215+00:00,2026-09-04T22:56:47.403215+00:00,KXHIGHNY-26SEP04-B88.5,0.0,,,,0.01,30005.92,,,0.99,30005.92,,,,,0.0,42100.74999999999,42100.74999999999,0.0,,OK,,KXHIGHNY-26SEP04,2026-09-05T05:00:00Z,active,True
2026-09-04T22:56:47.403215+00:00,2026-09-04T22:56:47.403215+00:00,KXHIGHNY-26SEP04-B86.5,0.0,,,,0.01,13823.82,,,0.99,13823.82,,,,,0.0,16673.55,16673.55,0.0,,OK,,KXHIGHNY-26SEP04,2026-09-05T05:00:00Z,active,True
2026-09-04T22:56:47.403215+00:00,2026-09-04T22:56:47.403215+00:00,KXHIGHNY-26SEP04-B84.5,0.0,,0.99,10850.67,,,,,,,0.01,10850.67,,,12417.43,0.0,0.0,12417.43,,OK,,KXHIGHNY-26SEP04,2026-09-05T05:00:00Z,active,True
2026-09-04T22:56:47.403215+00:00,2026-09-04T22:56:47.403215+00:00,KXHIGHNY-26SEP04-B82.5,0.0,,,,0.01,274920.67,,,0.99,274920.67,,,,,0.0,276481.67,276481.67,0.0,,OK,,KXHIGHNY-26SEP04,2026-09-05T05:00:00Z,active,True
2026-09-05T00:47:48.713691+00:00,2026-09-05T00:47:48.713691+00:00,KXHIGHNY-26SEP05-T86,0.0,,,,0.01,8267.88,,,0.99,8267.88,,,,,0.0,10940.22,10940.22,0.0,,OK,,KXHIGHNY-26SEP05,2026-09-06T05:00:00Z,active,True
2026-09-05T00:47:48.713691+00:00,2026-09-05T00:47:48.713691+00:00,KXHIGHNY-26SEP05-T79,0.0,,0.35,26.64,0.36,193.0,0.010000000000000009,0.355,0.64,193.0,0.65,26.64,0.010000000000000009,0.645,2171.3100000000004,1976.46,1976.46,2171.3100000000004,,OK,,KXHIGHNY-26SEP05,2026-09-06T05:00:00Z,active,True
2026-09-05T00:47:48.713691+00:00,2026-09-05T00:47:48.713691+00:00,KXHIGHNY-26SEP05-B85.5,0.0,,0.01,68.06,0.02,443.21,0.01,0.015,0.98,443.21,0.99,68.06,0.010000000000000009,0.985,68.06,1786.6799999999996,1786.6799999999996,68.06,,OK,,KXHIGHNY-26SEP05,2026-09-06T05:00:00Z,active,True
2026-09-05T00:47:48.713691+00:00,2026-09-05T00:47:48.713691+00:00,KXHIGHNY-26SEP05-B83.5,0.0,,0.01,221.47,0.02,221.0,0.01,0.015,0.98,221.0,0.99,221.47,0.010000000000000009,0.985,221.47,1341.65,1341.65,221.47,,OK,,KXHIGHNY-26SEP05,2026-09-06T05:00:00Z,active,True
2026-09-05T00:47:48.713691+00:00,2026-09-05T00:47:48.713691+00:00,KXHIGHNY-26SEP05-B81.5,0.0,,0.19,19.31,0.2,38.09,0.010000000000000009,0.195,0.8,38.09,0.81,19.31,0.010000000000000009,0.805,6621.27,1033.3899999999999,1033.3899999999999,6621.27,,OK,,KXHIGHNY-26SEP05,2026-09-06T05:00:00Z,active,True
2026-09-05T00:47:48.713691+00:00,2026-09-05T00:47:48.713691+00:00,KXHIGHNY-26SEP05-B79.5,0.0,,0.46,27.01,0.47,33.28,0.009999999999999953,0.46499999999999997,0.53,33.28,0.54,27.01,0.010000000000000009,0.535,794.6899999999999,2083.75,2083.75,794.6899999999999,,OK,,KXHIGHNY-26SEP05,2026-09-06T05:00:00Z,active,True
2026-09-05T00:47:48.713691+00:00,2026-09-05T00:47:48.713691+00:00,KXHIGHNY-26SEP04-T89,0.0,,,,0.01,51759.45,,,0.99,51759.45,,,,,0.0,53247.45,53247.45,0.0,,OK,,KXHIGHNY-26SEP04,2026-09-05T05:00:00Z,active,True
2026-09-05T00:47:48.713691+00:00,2026-09-05T00:47:48.713691+00:00,KXHIGHNY-26SEP04-T82,0.0,,,,0.01,301391.2,,,0.99,301391.2,,,,,0.0,306081.66,306081.66,0.0,,OK,,KXHIGHNY-26SEP04,2026-09-05T05:00:00Z,active,True
2026-09-05T00:47:48.713691+00:00,2026-09-05T00:47:48.713691+00:00,KXHIGHNY-26SEP04-B88.5,0.0,,,,0.01,44980.92,,,0.99,44980.92,,,,,0.0,56214.74999999999,56214.74999999999,0.0,,OK,,KXHIGHNY-26SEP04,2026-09-05T05:00:00Z,active,True
2026-09-05T00:47:48.713691+00:00,2026-09-05T00:47:48.713691+00:00,KXHIGHNY-26SEP04-B86.5,0.0,,,,0.01,39279.21,,,0.99,39279.21,,,,,0.0,41209.68,41209.68,0.0,,OK,,KXHIGHNY-26SEP04,2026-09-05T05:00:00Z,active,True
2026-09-05T00:47:48.713691+00:00,2026-09-05T00:47:48.713691+00:00,KXHIGHNY-26SEP04-B84.5,0.0,,0.99,36618.6,,,,,,,0.01,36618.6,,,37049.83,0.0,0.0,37049.83,,OK,,KXHIGHNY-26SEP04,2026-09-05T05:00:00Z,active,True
2026-09-05T00:47:48.713691+00:00,2026-09-05T00:47:48.713691+00:00,KXHIGHNY-26SEP04-B82.5,0.0,,,,0.01,273469.94,,,0.99,273469.94,,,,,0.0,275389.04000000004,275389.04000000004,0.0,,OK,,KXHIGHNY-26SEP04,2026-09-05T05:00:00Z,active,True
2026-09-05T05:30:54.976906+00:00,2026-09-05T05:30:54.976906+00:00,KXHIGHNY-26SEP05-T86,0.0,,,,0.01,8843.95,,,0.99,8843.95,,,,,0.0,11558.95,11558.95,0.0,,OK,,KXHIGHNY-26SEP05,2026-09-06T05:00:00Z,active,True
2026-09-05T05:30:54.976906+00:00,2026-09-05T05:30:54.976906+00:00,KXHIGHNY-26SEP05-T79,0.0,,0.25,13.05,0.27,3.0,0.020000000000000018,0.26,0.73,3.0,0.75,13.05,0.020000000000000018,0.74,3974.98,680.17,680.17,3974.98,,OK,,KXHIGHNY-26SEP05,2026-09-06T05:00:00Z,active,True
2026-09-05T05:30:54.976906+00:00,2026-09-05T05:30:54.976906+00:00,KXHIGHNY-26SEP05-B85.5,0.0,,,,0.01,134.0,,,0.99,134.0,,,,,0.0,1568.0,1568.0,0.0,,OK,,KXHIGHNY-26SEP05,2026-09-06T05:00:00Z,active,True
2026-09-05T05:30:54.976906+00:00,2026-09-05T05:30:54.976906+00:00,KXHIGHNY-26SEP05-B83.5,0.0,,0.01,196.12,0.02,236.72,0.01,0.015,0.98,236.72,0.99,196.12,0.010000000000000009,0.985,196.12,1319.71,1319.71,196.12,,OK,,KXHIGHNY-26SEP05,2026-09-06T05:00:00Z,active,True
2026-09-05T05:30:54.976906+00:00,2026-09-05T05:30:54.976906+00:00,KXHIGHNY-26SEP05-B81.5,0.0,,0.19,1.46,0.2,98.0,0.010000000000000009,0.195,0.8,98.0,0.81,1.46,0.010000000000000009,0.805,6134.07,1405.3899999999999,1405.3899999999999,6134.07,,OK,,KXHIGHNY-26SEP05,2026-09-06T05:00:00Z,active,True
2026-09-05T05:30:54.976906+00:00,2026-09-05T05:30:54.976906+00:00,KXHIGHNY-26SEP05-B79.5,0.0,,0.55,125.0,0.57,32.0,0.019999999999999907,0.56,0.43,32.0,0.45,125.0,0.020000000000000018,0.44,750.8299999999999,2201.03,2201.03,750.8299999999999,,OK,,KXHIGHNY-26SEP05,2026-09-06T05:00:00Z,active,True
2026-09-05T10:23:16.132420+00:00,2026-09-05T10:23:16.132420+00:00,KXHIGHNY-26SEP05-T86,0.0,,,,0.01,9169.95,,,0.99,9169.95,,,,,0.0,11890.95,11890.95,0.0,,OK,,KXHIGHNY-26SEP05,2026-09-06T05:00:00Z,active,True
2026-09-05T10:23:16.132420+00:00,2026-09-05T10:23:16.132420+00:00,KXHIGHNY-26SEP05-T79,0.0,,0.26,10.0,0.27,337.12,0.010000000000000009,0.265,0.73,337.12,0.74,10.0,0.010000000000000009,0.735,1983.49,1090.6,1090.6,1983.49,,OK,,KXHIGHNY-26SEP05,2026-09-06T05:00:00Z,active,True
2026-09-05T10:23:16.132420+00:00,2026-09-05T10:23:16.132420+00:00,KXHIGHNY-26SEP05-B85.5,0.0,,,,0.01,445.0,,,0.99,445.0,,,,,0.0,2543.0,2543.0,0.0,,OK,,KXHIGHNY-26SEP05,2026-09-06T05:00:00Z,active,True
2026-09-05T10:23:16.132420+00:00,2026-09-05T10:23:16.132420+00:00,KXHIGHNY-26SEP05-B83.5,0.0,,0.01,676.5,0.02,116.0,0.01,0.015,0.98,116.0,0.99,676.5,0.010000000000000009,0.985,676.5,1503.8,1503.8,676.5,,OK,,KXHIGHNY-26SEP05,2026-09-06T05:00:00Z,active,True
2026-09-05T10:23:16.132420+00:00,2026-09-05T10:23:16.132420+00:00,KXHIGHNY-26SEP05-B81.5,0.0,,0.13,11.0,0.14,45.0,0.010000000000000009,0.135,0.86,45.0,0.87,11.0,0.010000000000000009,0.865,4864.8099999999995,1419.4499999999998,1419.4499999999998,4864.8099999999995,,OK,,KXHIGHNY-26SEP05,2026-09-06T05:00:00Z,active,True
2026-09-05T10:23:16.132420+00:00,2026-09-05T10:23:16.132420+00:00,KXHIGHNY-26SEP05-B79.5,0.0,,0.6,93.0,0.62,77.77,0.020000000000000018,0.61,0.38,77.77,0.4,93.0,0.020000000000000018,0.39,1081.1699999999998,2918.6,2918.6,1081.1699999999998,,OK,,KXHIGHNY-26SEP05,2026-09-06T05:00:00Z,active,True
2026-09-05T13:49:02.806736+00:00,2026-09-05T13:49:02.806736+00:00,KXHIGHNY-26SEP05-T86,0.0,,,,0.01,9124.44,,,0.99,9124.44,,,,,0.0,16677.440000000002,16677.440000000002,0.0,,OK,,KXHIGHNY-26SEP05,2026-09-06T05:00:00Z,active,True
2026-09-05T13:49:02.806736+00:00,2026-09-05T13:49:02.806736+00:00,KXHIGHNY-26SEP05-T79,0.0,,0.16,4.0,0.17,67.0,0.010000000000000009,0.165,0.83,67.0,0.84,4.0,0.010000000000000009,0.835,3847.24,2228.49,2228.49,3847.24,,OK,,KXHIGHNY-26SEP05,2026-09-06T05:00:00Z,active,True
2026-09-05T13:49:02.806736+00:00,2026-09-05T13:49:02.806736+00:00,KXHIGHNY-26SEP05-B85.5,0.0,,,,0.01,618.0,,,0.99,618.0,,,,,0.0,1984.0,1984.0,0.0,,OK,,KXHIGHNY-26SEP05,2026-09-06T05:00:00Z,active,True
2026-09-05T13:49:02.806736+00:00,2026-09-05T13:49:02.806736+00:00,KXHIGHNY-26SEP05-B83.5,0.0,,,,0.01,58.0,,,0.99,58.0,,,,,0.0,1442.3,1442.3,0.0,,OK,,KXHIGHNY-26SEP05,2026-09-06T05:00:00Z,active,True
2026-09-05T13:49:02.806736+00:00,2026-09-05T13:49:02.806736+00:00,KXHIGHNY-26SEP05-B81.5,0.0,,0.19,2.0,0.2,35.0,0.010000000000000009,0.195,0.8,35.0,0.81,2.0,0.010000000000000009,0.805,5986.83,1191.69,1191.69,5986.83,,OK,,KXHIGHNY-26SEP05,2026-09-06T05:00:00Z,active,True
2026-09-05T13:49:02.806736+00:00,2026-09-05T13:49:02.806736+00:00,KXHIGHNY-26SEP05-B79.5,0.0,,0.65,223.22,0.66,4.56,0.010000000000000009,0.655,0.34,4.56,0.35,223.22,0.009999999999999953,0.345,2966.58,2839.92,2839.92,2966.58,,OK,,KXHIGHNY-26SEP05,2026-09-06T05:00:00Z,active,True
2026-09-05T16:42:56.989603+00:00,2026-09-05T16:42:56.989603+00:00,KXHIGHNY-26SEP06-T80,0.0,,0.01,263.92,0.02,196.0,0.01,0.015,0.98,196.0,0.99,263.92,0.010000000000000009,0.985,263.92,2331.04,2331.04,263.92,,OK,,KXHIGHNY-26SEP06,2026-09-07T05:00:00Z,active,True
2026-09-05T16:42:56.989603+00:00,2026-09-05T16:42:56.989603+00:00,KXHIGHNY-26SEP06-T73,0.0,,0.15,31.0,0.19,6.74,0.04000000000000001,0.16999999999999998,0.81,6.74,0.85,31.0,0.039999999999999925,0.8300000000000001,2774.27,924.78,924.78,2774.27,,OK,,KXHIGHNY-26SEP06,2026-09-07T05:00:00Z,active,True
2026-09-05T16:42:56.989603+00:00,2026-09-05T16:42:56.989603+00:00,KXHIGHNY-26SEP06-B79.5,0.0,,0.01,1227.87,0.02,6.0,0.01,0.015,0.98,6.0,0.99,1227.87,0.010000000000000009,0.985,1227.87,1533.98,1533.98,1227.87,,OK,,KXHIGHNY-26SEP06,2026-09-07T05:00:00Z,active,True
2026-09-05T16:42:56.989603+00:00,2026-09-05T16:42:56.989603+00:00,KXHIGHNY-26SEP06-B77.5,0.0,,0.04,154.8,0.05,2.0,0.010000000000000002,0.045,0.95,2.0,0.96,154.8,0.010000000000000009,0.955,1903.9099999999999,700.89,700.89,1903.9099999999999,,OK,,KXHIGHNY-26SEP06,2026-09-07T05:00:00Z,active,True
2026-09-05T16:42:56.989603+00:00,2026-09-05T16:42:56.989603+00:00,KXHIGHNY-26SEP06-B75.5,0.0,,0.33,9.19,0.34,10.0,0.010000000000000009,0.335,0.66,10.0,0.67,9.19,0.010000000000000009,0.665,524.17,293.22,293.22,524.17,,OK,,KXHIGHNY-26SEP06,2026-09-07T05:00:00Z,active,True
2026-09-05T16:42:56.989603+00:00,2026-09-05T16:42:56.989603+00:00,KXHIGHNY-26SEP06-B73.5,0.0,,0.41,1.0,0.42,129.0,0.010000000000000009,0.415,0.58,129.0,0.59,1.0,0.010000000000000009,0.585,1526.3200000000002,1328.39,1328.39,1526.3200000000002,,OK,,KXHIGHNY-26SEP06,2026-09-07T05:00:00Z,active,True
2026-09-05T16:42:56.989603+00:00,2026-09-05T16:42:56.989603+00:00,KXHIGHNY-26SEP05-T86,0.0,,,,0.01,9714.62,,,0.99,9714.62,,,,,0.0,17063.620000000003,17063.620000000003,0.0,,OK,,KXHIGHNY-26SEP05,2026-09-06T05:00:00Z,active,True
2026-09-05T16:42:56.989603+00:00,2026-09-05T16:42:56.989603+00:00,KXHIGHNY-26SEP05-T79,0.0,,0.43,468.0,0.45,217.0,0.020000000000000018,0.44,0.55,217.0,0.57,468.0,0.019999999999999907,0.56,831.5899999999999,1949.1,1949.1,831.5899999999999,,OK,,KXHIGHNY-26SEP05,2026-09-06T05:00:00Z,active,True
2026-09-05T16:42:56.989603+00:00,2026-09-05T16:42:56.989603+00:00,KXHIGHNY-26SEP05-B85.5,0.0,,,,0.01,5720.59,,,0.99,5720.59,,,,,0.0,7112.59,7112.59,0.0,,OK,,KXHIGHNY-26SEP05,2026-09-06T05:00:00Z,active,True
2026-09-05T16:42:56.989603+00:00,2026-09-05T16:42:56.989603+00:00,KXHIGHNY-26SEP05-B83.5,0.0,,0.01,183.94,0.02,8.41,0.01,0.015,0.98,8.41,0.99,183.94,0.010000000000000009,0.985,183.94,1152.9,1152.9,183.94,,OK,,KXHIGHNY-26SEP05,2026-09-06T05:00:00Z,active,True
2026-09-05T16:42:56.989603+00:00,2026-09-05T16:42:56.989603+00:00,KXHIGHNY-26SEP05-B81.5,0.0,,0.04,1294.78,0.06,223.89,0.019999999999999997,0.05,0.94,223.89,0.96,1294.78,0.020000000000000018,0.95,3375.2799999999997,1492.1100000000001,1492.1100000000001,3375.2799999999997,,OK,,KXHIGHNY-26SEP05,2026-09-06T05:00:00Z,active,True
2026-09-05T16:42:56.989603+00:00,2026-09-05T16:42:56.989603+00:00,KXHIGHNY-26SEP05-B79.5,0.0,,0.51,59.53,0.53,25.0,0.020000000000000018,0.52,0.47,25.0,0.49,59.53,0.020000000000000018,0.48,620.4499999999999,2487.26,2487.26,620.4499999999999,,OK,,KXHIGHNY-26SEP05,2026-09-06T05:00:00Z,active,True
2026-09-05T18:56:27.087696+00:00,2026-09-05T18:56:27.087696+00:00,KXHIGHNY-26SEP06-T80,0.0,,,,0.01,341.0,,,0.99,341.0,,,,,0.0,2773.4700000000003,2773.4700000000003,0.0,,OK,,KXHIGHNY-26SEP06,2026-09-07T05:00:00Z,active,True
2026-09-05T18:56:27.087696+00:00,2026-09-05T18:56:27.087696+00:00,KXHIGHNY-26SEP06-T73,0.0,,0.24,81.13,0.25,39.01,0.010000000000000009,0.245,0.75,39.01,0.76,81.13,0.010000000000000009,0.755,4039.4300000000003,1975.99,1975.99,4039.4300000000003,,OK,,KXHIGHNY-26SEP06,2026-09-07T05:00:00Z,active,True
2026-09-05T18:56:27.087696+00:00,2026-09-05T18:56:27.087696+00:00,KXHIGHNY-26SEP06-B79.5,0.0,,0.01,611.87,0.02,69.06,0.01,0.015,0.98,69.06,0.99,611.87,0.010000000000000009,0.985,611.87,1620.53,1620.53,611.87,,OK,,KXHIGHNY-26SEP06,2026-09-07T05:00:00Z,active,True
2026-09-05T18:56:27.087696+00:00,2026-09-05T18:56:27.087696+00:00,KXHIGHNY-26SEP06-B77.5,0.0,,0.04,137.8,0.05,44.0,0.010000000000000002,0.045,0.95,44.0,0.96,137.8,0.010000000000000009,0.955,1872.32,695.1400000000001,695.1400000000001,1872.32,,OK,,KXHIGHNY-26SEP06,2026-09-07T05:00:00Z,active,True
2026-09-05T18:56:27.087696+00:00,2026-09-05T18:56:27.087696+00:00,KXHIGHNY-26SEP06-B75.5,0.0,,0.32,21.0,0.34,59.0,0.020000000000000018,0.33,0.66,59.0,0.68,21.0,0.020000000000000018,0.67,1844.8,2343.12,2343.12,1844.8,,OK,,KXHIGHNY-26SEP06,2026-09-07T05:00:00Z,active,True
2026-09-05T18:56:27.087696+00:00,2026-09-05T18:56:27.087696+00:00,KXHIGHNY-26SEP06-B73.5,0.0,,0.38,7.0,0.41,31.0,0.02999999999999997,0.395,0.59,31.0,0.62,7.0,0.030000000000000027,0.605,1673.26,1500.05,1500.05,1673.26,,OK,,KXHIGHNY-26SEP06,2026-09-07T05:00:00Z,active,True
2026-09-05T18:56:27.087696+00:00,2026-09-05T18:56:27.087696+00:00,KXHIGHNY-26SEP05-T86,0.0,,,,0.01,17071.56,,,0.99,17071.56,,,,,0.0,24272.56,24272.56,0.0,,OK,,KXHIGHNY-26SEP05,2026-09-06T05:00:00Z,active,True
2026-09-05T18:56:27.087696+00:00,2026-09-05T18:56:27.087696+00:00,KXHIGHNY-26SEP05-T79,0.0,,0.73,2.0,0.76,18.24,0.030000000000000027,0.745,0.24,18.24,0.27,2.0,0.030000000000000027,0.255,1713.0,3541.6299999999997,3541.6299999999997,1713.0,,OK,,KXHIGHNY-26SEP05,2026-09-06T05:00:00Z,active,True
2026-09-05T18:56:27.087696+00:00,2026-09-05T18:56:27.087696+00:00,KXHIGHNY-26SEP05-B85.5,0.0,,,,0.01,13445.12,,,0.99,13445.12,,,,,0.0,17950.120000000003,17950.120000000003,0.0,,OK,,KXHIGHNY-26SEP05,2026-09-06T05:00:00Z,active,True
2026-09-05T18:56:27.087696+00:00,2026-09-05T18:56:27.087696+00:00,KXHIGHNY-26SEP05-B83.5,0.0,,,,0.01,436.83,,,0.99,436.83,,,,,0.0,1637.32,1637.32,0.0,,OK,,KXHIGHNY-26SEP05,2026-09-06T05:00:00Z,active,True
2026-09-05T18:56:27.087696+00:00,2026-09-05T18:56:27.087696+00:00,KXHIGHNY-26SEP05-B81.5,0.0,,0.01,974.76,0.02,609.22,0.01,0.015,0.98,609.22,0.99,974.76,0.010000000000000009,0.985,974.76,2920.2700000000004,2920.2700000000004,974.76,,OK,,KXHIGHNY-26SEP05,2026-09-06T05:00:00Z,active,True
2026-09-05T18:56:27.087696+00:00,2026-09-05T18:56:27.087696+00:00,KXHIGHNY-26SEP05-B79.5,0.0,,0.21,31.0,0.22,1.07,0.010000000000000009,0.215,0.78,1.07,0.79,31.0,0.010000000000000009,0.785,2205.46,421.27,421.27,2205.46,,OK,,KXHIGHNY-26SEP05,2026-09-06T05:00:00Z,active,True
2026-09-05T21:03:52.139917+00:00,2026-09-05T21:03:52.139917+00:00,KXHIGHNY-26SEP06-T80,0.0,,,,0.01,519.0,,,0.99,519.0,,,,,0.0,3880.21,3880.21,0.0,,OK,,KXHIGHNY-26SEP06,2026-09-07T05:00:00Z,active,True
2026-09-05T21:03:52.139917+00:00,2026-09-05T21:03:52.139917+00:00,KXHIGHNY-26SEP06-T73,0.0,,0.22,50.01,0.23,5.0,0.010000000000000009,0.225,0.77,5.0,0.78,50.01,0.010000000000000009,0.775,3605.57,1390.6799999999998,1390.6799999999998,3605.57,,OK,,KXHIGHNY-26SEP06,2026-09-07T05:00:00Z,active,True
2026-09-05T21:03:52.139917+00:00,2026-09-05T21:03:52.139917+00:00,KXHIGHNY-26SEP06-B79.5,0.0,,0.01,569.96,0.02,119.06,0.01,0.015,0.98,119.06,0.99,569.96,0.010000000000000009,0.985,569.96,3004.85,3004.85,569.96,,OK,,KXHIGHNY-26SEP06,2026-09-07T05:00:00Z,active,True
2026-09-05T21:03:52.139917+00:00,2026-09-05T21:03:52.139917+00:00,KXHIGHNY-26SEP06-B77.5,0.0,,0.04,106.0,0.08,78.0,0.04,0.06,0.92,78.0,0.96,106.0,0.039999999999999925,0.94,2744.0,1870.04,1870.04,2744.0,,OK,,KXHIGHNY-26SEP06,2026-09-07T05:00:00Z,active,True
2026-09-05T21:03:52.139917+00:00,2026-09-05T21:03:52.139917+00:00,KXHIGHNY-26SEP06-B75.5,0.0,,0.23,1.0,0.24,80.2,0.009999999999999981,0.235,0.76,80.2,0.77,1.0,0.010000000000000009,0.765,3072.08,569.2,569.2,3072.08,,OK,,KXHIGHNY-26SEP06,2026-09-07T05:00:00Z,active,True
2026-09-05T21:03:52.139917+00:00,2026-09-05T21:03:52.139917+00:00,KXHIGHNY-26SEP06-B73.5,0.0,,0.49,7.99,0.51,101.0,0.020000000000000018,0.5,0.49,101.0,0.51,7.99,0.020000000000000018,0.5,1950.7,2046.57,2046.57,1950.7,,OK,,KXHIGHNY-26SEP06,2026-09-07T05:00:00Z,active,True
2026-09-05T21:03:52.139917+00:00,2026-09-05T21:03:52.139917+00:00,KXHIGHNY-26SEP05-T86,0.0,,,,0.01,16808.74,,,0.99,16808.74,,,,,0.0,23956.25,23956.25,0.0,,OK,,KXHIGHNY-26SEP05,2026-09-06T05:00:00Z,active,True
2026-09-05T21:03:52.139917+00:00,2026-09-05T21:03:52.139917+00:00,KXHIGHNY-26SEP05-T79,0.0,,,,0.01,131822.98,,,0.99,131822.98,,,,,0.0,146177.98,146177.98,0.0,,OK,,KXHIGHNY-26SEP05,2026-09-06T05:00:00Z,active,True
2026-09-05T21:03:52.139917+00:00,2026-09-05T21:03:52.139917+00:00,KXHIGHNY-26SEP05-B85.5,0.0,,,,0.01,13374.33,,,0.99,13374.33,,,,,0.0,19671.33,19671.33,0.0,,OK,,KXHIGHNY-26SEP05,2026-09-06T05:00:00Z,active,True
2026-09-05T21:03:52.139917+00:00,2026-09-05T21:03:52.139917+00:00,KXHIGHNY-26SEP05-B83.5,0.0,,,,0.02,61.0,,,0.98,61.0,,,,,0.0,925.49,925.49,0.0,,OK,,KXHIGHNY-26SEP05,2026-09-06T05:00:00Z,active,True
2026-09-05T21:03:52.139917+00:00,2026-09-05T21:03:52.139917+00:00,KXHIGHNY-26SEP05-B81.5,0.0,,,,0.02,25.0,,,0.98,25.0,,,,,0.0,2339.57,2339.57,0.0,,OK,,KXHIGHNY-26SEP05,2026-09-06T05:00:00Z,active,True
2026-09-05T21:03:52.139917+00:00,2026-09-05T21:03:52.139917+00:00,KXHIGHNY-26SEP05-B79.5,0.0,,0.98,62.01,,,,,,,0.02,62.01,,,2461.92,0.0,0.0,2461.92,,OK,,KXHIGHNY-26SEP05,2026-09-06T05:00:00Z,active,True
2026-09-05T22:47:30.624745+00:00,2026-09-05T22:47:30.624745+00:00,KXHIGHNY-26SEP06-T80,0.0,,,,0.01,504.0,,,0.99,504.0,,,,,0.0,2940.9800000000005,2940.9800000000005,0.0,,OK,,KXHIGHNY-26SEP06,2026-09-07T05:00:00Z,active,True
2026-09-05T22:47:30.624745+00:00,2026-09-05T22:47:30.624745+00:00,KXHIGHNY-26SEP06-T73,0.0,,0.22,3.0,0.23,113.0,0.010000000000000009,0.225,0.77,113.0,0.78,3.0,0.010000000000000009,0.775,2842.31,1287.0600000000002,1287.0600000000002,2842.31,,OK,,KXHIGHNY-26SEP06,2026-09-07T05:00:00Z,active,True
2026-09-05T22:47:30.624745+00:00,2026-09-05T22:47:30.624745+00:00,KXHIGHNY-26SEP06-B79.5,0.0,,0.01,559.96,0.02,144.06,0.01,0.015,0.98,144.06,0.99,559.96,0.010000000000000009,0.985,559.96,2282.6800000000003,2282.6800000000003,559.96,,OK,,KXHIGHNY-26SEP06,2026-09-07T05:00:00Z,active,True
2026-09-05T22:47:30.624745+00:00,2026-09-05T22:47:30.624745+00:00,KXHIGHNY-26SEP06-B77.5,0.0,,0.05,50.0,0.08,250.0,0.03,0.065,0.92,250.0,0.95,50.0,0.029999999999999916,0.935,2415.7,1188.1100000000001,1188.1100000000001,2415.7,,OK,,KXHIGHNY-26SEP06,2026-09-07T05:00:00Z,active,True
2026-09-05T22:47:30.624745+00:00,2026-09-05T22:47:30.624745+00:00,KXHIGHNY-26SEP06-B75.5,0.0,,0.22,66.43,0.23,34.27,0.010000000000000009,0.225,0.77,34.27,0.78,66.43,0.010000000000000009,0.775,2437.0099999999998,1734.27,1734.27,2437.0099999999998,,OK,,KXHIGHNY-26SEP06,2026-09-07T05:00:00Z,active,True
2026-09-05T22:47:30.624745+00:00,2026-09-05T22:47:30.624745+00:00,KXHIGHNY-26SEP06-B73.5,0.0,,0.51,62.14,0.53,34.55,0.020000000000000018,0.52,0.47,34.55,0.49,62.14,0.020000000000000018,0.48,569.0999999999999,1905.96,1905.96,569.0999999999999,,OK,,KXHIGHNY-26SEP06,2026-09-07T05:00:00Z,active,True
2026-09-05T22:47:30.624745+00:00,2026-09-05T22:47:30.624745+00:00,KXHIGHNY-26SEP05-T86,0.0,,,,0.01,37002.74,,,0.99,37002.74,,,,,0.0,44120.25,44120.25,0.0,,OK,,KXHIGHNY-26SEP05,2026-09-06T05:00:00Z,active,True
2026-09-05T22:47:30.624745+00:00,2026-09-05T22:47:30.624745+00:00,KXHIGHNY-26SEP05-T79,0.0,,,,0.01,130880.87,,,0.99,130880.87,,,,,0.0,147251.94999999998,147251.94999999998,0.0,,OK,,KXHIGHNY-26SEP05,2026-09-06T05:00:00Z,active,True
2026-09-05T22:47:30.624745+00:00,2026-09-05T22:47:30.624745+00:00,KXHIGHNY-26SEP05-B85.5,0.0,,,,0.01,32262.33,,,0.99,32262.33,,,,,0.0,33671.33,33671.33,0.0,,OK,,KXHIGHNY-26SEP05,2026-09-06T05:00:00Z,active,True
2026-09-05T22:47:30.624745+00:00,2026-09-05T22:47:30.624745+00:00,KXHIGHNY-26SEP05-B83.5,0.0,,,,0.01,22999.0,,,0.99,22999.0,,,,,0.0,25161.13,25161.13,0.0,,OK,,KXHIGHNY-26SEP05,2026-09-06T05:00:00Z,active,True
2026-09-05T22:47:30.624745+00:00,2026-09-05T22:47:30.624745+00:00,KXHIGHNY-26SEP05-B81.5,0.0,,,,0.01,5408.77,,,0.99,5408.77,,,,,0.0,7554.590000000001,7554.590000000001,0.0,,OK,,KXHIGHNY-26SEP05,2026-09-06T05:00:00Z,active,True
2026-09-05T22:47:30.624745+00:00,2026-09-05T22:47:30.624745+00:00,KXHIGHNY-26SEP05-B79.5,0.0,,0.99,5068.43,,,,,,,0.01,5068.43,,,7764.280000000001,0.0,0.0,7764.280000000001,,OK,,KXHIGHNY-26SEP05,2026-09-06T05:00:00Z,active,True
2026-09-06T00:46:39.452455+00:00,2026-09-06T00:46:39.452455+00:00,KXHIGHNY-26SEP06-T80,0.0,,,,0.01,632.93,,,0.99,632.93,,,,,0.0,2396.3399999999997,2396.3399999999997,0.0,,OK,,KXHIGHNY-26SEP06,2026-09-07T05:00:00Z,active,True
2026-09-06T00:46:39.452455+00:00,2026-09-06T00:46:39.452455+00:00,KXHIGHNY-26SEP06-T73,0.0,,0.2,40.49,0.21,80.0,0.009999999999999981,0.20500000000000002,0.79,80.0,0.8,40.49,0.010000000000000009,0.795,4018.78,1150.31,1150.31,4018.78,,OK,,KXHIGHNY-26SEP06,2026-09-07T05:00:00Z,active,True
2026-09-06T00:46:39.452455+00:00,2026-09-06T00:46:39.452455+00:00,KXHIGHNY-26SEP06-B79.5,0.0,,0.01,432.03,0.02,86.88,0.01,0.015,0.98,86.88,0.99,432.03,0.010000000000000009,0.985,432.03,1088.2099999999998,1088.2099999999998,432.03,,OK,,KXHIGHNY-26SEP06,2026-09-07T05:00:00Z,active,True
2026-09-06T00:46:39.452455+00:00,2026-09-06T00:46:39.452455+00:00,KXHIGHNY-26SEP06-B77.5,0.0,,0.02,15.0,0.03,28.89,0.009999999999999998,0.025,0.97,28.89,0.98,15.0,0.010000000000000009,0.975,2725.22,1090.8999999999999,1090.8999999999999,2725.22,,OK,,KXHIGHNY-26SEP06,2026-09-07T05:00:00Z,active,True
2026-09-06T00:46:39.452455+00:00,2026-09-06T00:46:39.452455+00:00,KXHIGHNY-26SEP06-B75.5,0.0,,0.3,11.0,0.32,59.23,0.020000000000000018,0.31,0.68,59.23,0.7,11.0,0.019999999999999907,0.69,763.15,1569.3999999999999,1569.3999999999999,763.15,,OK,,KXHIGHNY-26SEP06,2026-09-07T05:00:00Z,active,True
2026-09-06T00:46:39.452455+00:00,2026-09-06T00:46:39.452455+00:00,KXHIGHNY-26SEP06-B73.5,0.0,,0.48,32.01,0.49,53.61,0.010000000000000009,0.485,0.51,53.61,0.52,32.01,0.010000000000000009,0.515,1581.53,1658.1799999999998,1658.1799999999998,1581.53,,OK,,KXHIGHNY-26SEP06,2026-09-07T05:00:00Z,active,True
2026-09-06T00:46:39.452455+00:00,2026-09-06T00:46:39.452455+00:00,KXHIGHNY-26SEP05-T86,0.0,,,,0.01,36426.68,,,0.99,36426.68,,,,,0.0,43369.740000000005,43369.740000000005,0.0,,OK,,KXHIGHNY-26SEP05,2026-09-06T05:00:00Z,active,True
2026-09-06T00:46:39.452455+00:00,2026-09-06T00:46:39.452455+00:00,KXHIGHNY-26SEP05-T79,0.0,,,,0.01,130805.91,,,0.99,130805.91,,,,,0.0,149447.99,149447.99,0.0,,OK,,KXHIGHNY-26SEP05,2026-09-06T05:00:00Z,active,True
2026-09-06T00:46:39.452455+00:00,2026-09-06T00:46:39.452455+00:00,KXHIGHNY-26SEP05-B85.5,0.0,,,,0.01,32262.33,,,0.99,32262.33,,,,,0.0,33726.33,33726.33,0.0,,OK,,KXHIGHNY-26SEP05,2026-09-06T05:00:00Z,active,True
2026-09-06T00:46:39.452455+00:00,2026-09-06T00:46:39.452455+00:00,KXHIGHNY-26SEP05-B83.5,0.0,,,,0.01,22999.0,,,0.99,22999.0,,,,,0.0,24419.49,24419.49,0.0,,OK,,KXHIGHNY-26SEP05,2026-09-06T05:00:00Z,active,True
2026-09-06T00:46:39.452455+00:00,2026-09-06T00:46:39.452455+00:00,KXHIGHNY-26SEP05-B81.5,0.0,,,,0.01,23773.41,,,0.99,23773.41,,,,,0.0,25713.23,25713.23,0.0,,OK,,KXHIGHNY-26SEP05,2026-09-06T05:00:00Z,active,True
2026-09-06T00:46:39.452455+00:00,2026-09-06T00:46:39.452455+00:00,KXHIGHNY-26SEP05-B79.5,0.0,,0.99,24743.77,,,,,,,0.01,24743.77,,,26814.74,0.0,0.0,26814.74,,OK,,KXHIGHNY-26SEP05,2026-09-06T05:00:00Z,active,True
2026-09-06T05:43:39.016565+00:00,2026-09-06T05:43:39.016565+00:00,KXHIGHNY-26SEP06-T80,0.0,,,,0.01,759.0,,,0.99,759.0,,,,,0.0,2542.06,2542.06,0.0,,OK,,KXHIGHNY-26SEP06,2026-09-07T05:00:00Z,active,True
2026-09-06T05:43:39.016565+00:00,2026-09-06T05:43:39.016565+00:00,KXHIGHNY-26SEP06-T73,0.0,,0.05,222.0,0.07,34.41,0.020000000000000004,0.060000000000000005,0.93,34.41,0.95,222.0,0.019999999999999907,0.94,2952.54,1902.9500000000003,1902.9500000000003,2952.54,,OK,,KXHIGHNY-26SEP06,2026-09-07T05:00:00Z,active,True
2026-09-06T05:43:39.016565+00:00,2026-09-06T05:43:39.016565+00:00,KXHIGHNY-26SEP06-B79.5,0.0,,0.02,100.0,0.03,52.0,0.009999999999999998,0.025,0.97,52.0,0.98,100.0,0.010000000000000009,0.975,681.47,1181.0,1181.0,681.47,,OK,,KXHIGHNY-26SEP06,2026-09-07T05:00:00Z,active,True
2026-09-06T05:43:39.016565+00:00,2026-09-06T05:43:39.016565+00:00,KXHIGHNY-26SEP06-B77.5,0.0,,0.07,15.0,0.09,282.46,0.01999999999999999,0.08,0.91,282.46,0.93,15.0,0.020000000000000018,0.92,5112.65,931.66,931.66,5112.65,,OK,,KXHIGHNY-26SEP06,2026-09-07T05:00:00Z,active,True
2026-09-06T05:43:39.016565+00:00,2026-09-06T05:43:39.016565+00:00,KXHIGHNY-26SEP06-B75.5,0.0,,0.45,14.0,0.46,57.82,0.010000000000000009,0.455,0.54,57.82,0.55,14.0,0.010000000000000009,0.545,808.44,1881.8200000000002,1881.8200000000002,808.44,,OK,,KXHIGHNY-26SEP06,2026-09-07T05:00:00Z,active,True
2026-09-06T05:43:39.016565+00:00,2026-09-06T05:43:39.016565+00:00,KXHIGHNY-26SEP06-B73.5,0.0,,0.42,6.96,0.44,1.74,0.020000000000000018,0.43,0.56,1.74,0.58,6.96,0.019999999999999907,0.5700000000000001,456.27,1829.1599999999999,1829.1599999999999,456.27,,OK,,KXHIGHNY-26SEP06,2026-09-07T05:00:00Z,active,True
2026-09-06T10:41:55.828351+00:00,2026-09-06T10:41:55.828351+00:00,KXHIGHNY-26SEP06-T80,0.0,,,,0.01,6842.79,,,0.99,6842.79,,,,,0.0,10089.36,10089.36,0.0,,OK,,KXHIGHNY-26SEP06,2026-09-07T05:00:00Z,active,True
2026-09-06T10:41:55.828351+00:00,2026-09-06T10:41:55.828351+00:00,KXHIGHNY-26SEP06-T73,0.0,,0.04,22.54,0.05,45.0,0.010000000000000002,0.045,0.95,45.0,0.96,22.54,0.010000000000000009,0.955,2992.84,1635.83,1635.83,2992.84,,OK,,KXHIGHNY-26SEP06,2026-09-07T05:00:00Z,active,True
2026-09-06T10:41:55.828351+00:00,2026-09-06T10:41:55.828351+00:00,KXHIGHNY-26SEP06-B79.5,0.0,,0.01,503.25,0.02,7082.68,0.01,0.015,0.98,7082.68,0.99,503.25,0.010000000000000009,0.985,503.25,15003.01,15003.01,503.25,,OK,,KXHIGHNY-26SEP06,2026-09-07T05:00:00Z,active,True
2026-09-06T10:41:55.828351+00:00,2026-09-06T10:41:55.828351+00:00,KXHIGHNY-26SEP06-B77.5,0.0,,0.07,159.0,0.09,14.74,0.01999999999999999,0.08,0.91,14.74,0.93,159.0,0.020000000000000018,0.92,5558.5,1408.89,1408.89,5558.5,,OK,,KXHIGHNY-26SEP06,2026-09-07T05:00:00Z,active,True
2026-09-06T10:41:55.828351+00:00,2026-09-06T10:41:55.828351+00:00,KXHIGHNY-26SEP06-B75.5,0.0,,0.47,8.95,0.48,18.95,0.010000000000000009,0.475,0.52,18.95,0.53,8.95,0.010000000000000009,0.525,656.76,2029.95,2029.95,656.76,,OK,,KXHIGHNY-26SEP06,2026-09-07T05:00:00Z,active,True
2026-09-06T10:41:55.828351+00:00,2026-09-06T10:41:55.828351+00:00,KXHIGHNY-26SEP06-B73.5,0.0,,0.42,107.53,0.44,3.16,0.020000000000000018,0.43,0.56,3.16,0.58,107.53,0.019999999999999907,0.5700000000000001,1624.29,2280.77,2280.77,1624.29,,OK,,KXHIGHNY-26SEP06,2026-09-07T05:00:00Z,active,True
2026-09-06T14:04:08.629455+00:00,2026-09-06T14:04:08.629455+00:00,KXHIGHNY-26SEP07-T84,0.0,,0.01,91.0,0.03,626.0,0.019999999999999997,0.02,0.97,626.0,0.99,91.0,0.020000000000000018,0.98,91.0,3663.0,3663.0,91.0,,OK,,KXHIGHNY-26SEP07,2026-09-08T05:00:00Z,active,True
2026-09-06T14:04:08.629455+00:00,2026-09-06T14:04:08.629455+00:00,KXHIGHNY-26SEP07-T77,0.0,,0.11,85.0,0.17,4.0,0.06000000000000001,0.14,0.83,4.0,0.89,85.0,0.06000000000000005,0.86,2577.0,854.0,854.0,2577.0,,OK,,KXHIGHNY-26SEP07,2026-09-08T05:00:00Z,active,True
2026-09-06T14:04:08.629455+00:00,2026-09-06T14:04:08.629455+00:00,KXHIGHNY-26SEP07-B83.5,0.0,,0.02,35.0,0.04,70.0,0.02,0.03,0.96,70.0,0.98,35.0,0.020000000000000018,0.97,679.0,3019.0,3019.0,679.0,,OK,,KXHIGHNY-26SEP07,2026-09-08T05:00:00Z,active,True
2026-09-06T14:04:08.629455+00:00,2026-09-06T14:04:08.629455+00:00,KXHIGHNY-26SEP07-B81.5,0.0,,0.02,208.0,0.09,55.0,0.06999999999999999,0.055,0.91,55.0,0.98,208.0,0.06999999999999995,0.9450000000000001,1522.0,2525.0,2525.0,1522.0,,OK,,KXHIGHNY-26SEP07,2026-09-08T05:00:00Z,active,True
2026-09-06T14:04:08.629455+00:00,2026-09-06T14:04:08.629455+00:00,KXHIGHNY-26SEP07-B79.5,0.0,,0.36,53.0,0.37,1.0,0.010000000000000009,0.365,0.63,1.0,0.64,53.0,0.010000000000000009,0.635,3417.0,2950.0,2950.0,3417.0,,OK,,KXHIGHNY-26SEP07,2026-09-08T05:00:00Z,active,True
2026-09-06T14:04:08.629455+00:00,2026-09-06T14:04:08.629455+00:00,KXHIGHNY-26SEP07-B77.5,0.0,,0.36,71.0,0.4,1.0,0.040000000000000036,0.38,0.6,1.0,0.64,71.0,0.040000000000000036,0.62,2052.0,2739.0,2739.0,2052.0,,OK,,KXHIGHNY-26SEP07,2026-09-08T05:00:00Z,active,True
2026-09-06T14:04:08.629455+00:00,2026-09-06T14:04:08.629455+00:00,KXHIGHNY-26SEP06-T80,0.0,,,,0.01,7048.02,,,0.99,7048.02,,,,,0.0,10047.59,10047.59,0.0,,OK,,KXHIGHNY-26SEP06,2026-09-07T05:00:00Z,active,True
2026-09-06T14:04:08.629455+00:00,2026-09-06T14:04:08.629455+00:00,KXHIGHNY-26SEP06-T73,0.0,,0.05,71.01,0.07,57.0,0.020000000000000004,0.060000000000000005,0.93,57.0,0.95,71.01,0.019999999999999907,0.94,2333.58,994.9,994.9,2333.58,,OK,,KXHIGHNY-26SEP06,2026-09-07T05:00:00Z,active,True
2026-09-06T14:04:08.629455+00:00,2026-09-06T14:04:08.629455+00:00,KXHIGHNY-26SEP06-B79.5,0.0,,,,0.01,462.95,,,0.99,462.95,,,,,0.0,13057.08,13057.08,0.0,,OK,,KXHIGHNY-26SEP06,2026-09-07T05:00:00Z,active,True
2026-09-06T14:04:08.629455+00:00,2026-09-06T14:04:08.629455+00:00,KXHIGHNY-26SEP06-B77.5,0.0,,0.07,42.3,0.09,31.24,0.01999999999999999,0.08,0.91,31.24,0.93,42.3,0.020000000000000018,0.92,5470.66,1415.83,1415.83,5470.66,,OK,,KXHIGHNY-26SEP06,2026-09-07T05:00:00Z,active,True
2026-09-06T14:04:08.629455+00:00,2026-09-06T14:04:08.629455+00:00,KXHIGHNY-26SEP06-B75.5,0.0,,0.49,14.0,0.5,58.19,0.010000000000000009,0.495,0.5,58.19,0.51,14.0,0.010000000000000009,0.505,642.3199999999999,1623.4,1623.4,642.3199999999999,,OK,,KXHIGHNY-26SEP06,2026-09-07T05:00:00Z,active,True
2026-09-06T14:04:08.629455+00:00,2026-09-06T14:04:08.629455+00:00,KXHIGHNY-26SEP06-B73.5,0.0,,0.38,28.0,0.4,151.32,0.020000000000000018,0.39,0.6,151.32,0.62,28.0,0.020000000000000018,0.61,1524.07,1667.32,1667.32,1524.07,,OK,,KXHIGHNY-26SEP06,2026-09-07T05:00:00Z,active,True
2026-09-06T16:53:22.492488+00:00,2026-09-06T16:53:22.492488+00:00,KXHIGHNY-26SEP07-T84,0.0,,,,0.01,9100.0,,,0.99,9100.0,,,,,0.0,11984.0,11984.0,0.0,,OK,,KXHIGHNY-26SEP07,2026-09-08T05:00:00Z,active,True
2026-09-06T16:53:22.492488+00:00,2026-09-06T16:53:22.492488+00:00,KXHIGHNY-26SEP07-T77,0.0,,0.05,57.0,0.06,35.0,0.009999999999999995,0.055,0.94,35.0,0.95,57.0,0.010000000000000009,0.945,3074.0,1298.06,1298.06,3074.0,,OK,,KXHIGHNY-26SEP07,2026-09-08T05:00:00Z,active,True
2026-09-06T16:53:22.492488+00:00,2026-09-06T16:53:22.492488+00:00,KXHIGHNY-26SEP07-B83.5,0.0,,0.02,151.58,0.03,107.0,0.009999999999999998,0.025,0.97,107.0,0.98,151.58,0.010000000000000009,0.975,755.44,2435.0,2435.0,755.44,,OK,,KXHIGHNY-26SEP07,2026-09-08T05:00:00Z,active,True
2026-09-06T16:53:22.492488+00:00,2026-09-06T16:53:22.492488+00:00,KXHIGHNY-26SEP07-B81.5,0.0,,0.07,45.0,0.08,56.02,0.009999999999999995,0.07500000000000001,0.92,56.02,0.93,45.0,0.010000000000000009,0.925,4118.0,788.49,788.49,4118.0,,OK,,KXHIGHNY-26SEP07,2026-09-08T05:00:00Z,active,True
2026-09-06T16:53:22.492488+00:00,2026-09-06T16:53:22.492488+00:00,KXHIGHNY-26SEP07-B79.5,0.0,,0.5,128.0,0.51,109.0,0.010000000000000009,0.505,0.49,109.0,0.5,128.0,0.010000000000000009,0.495,755.64,2545.0,2545.0,755.64,,OK,,KXHIGHNY-26SEP07,2026-09-08T05:00:00Z,active,True
2026-09-06T16:53:22.492488+00:00,2026-09-06T16:53:22.492488+00:00,KXHIGHNY-26SEP07-B77.5,0.0,,0.38,77.62,0.39,40.0,0.010000000000000009,0.385,0.61,40.0,0.62,77.62,0.010000000000000009,0.615,782.62,2193.0,2193.0,782.62,,OK,,KXHIGHNY-26SEP07,2026-09-08T05:00:00Z,active,True
2026-09-06T16:53:22.492488+00:00,2026-09-06T16:53:22.492488+00:00,KXHIGHNY-26SEP06-T80,0.0,,,,0.01,10660.52,,,0.99,10660.52,,,,,0.0,13847.09,13847.09,0.0,,OK,,KXHIGHNY-26SEP06,2026-09-07T05:00:00Z,active,True
2026-09-06T16:53:22.492488+00:00,2026-09-06T16:53:22.492488+00:00,KXHIGHNY-26SEP06-T73,0.0,,,,0.01,87582.46,,,0.99,87582.46,,,,,0.0,99266.14000000001,99266.14000000001,0.0,,OK,,KXHIGHNY-26SEP06,2026-09-07T05:00:00Z,active,True
2026-09-06T16:53:22.492488+00:00,2026-09-06T16:53:22.492488+00:00,KXHIGHNY-26SEP06-B79.5,0.0,,,,0.01,10801.83,,,0.99,10801.83,,,,,0.0,23424.36,23424.36,0.0,,OK,,KXHIGHNY-26SEP06,2026-09-07T05:00:00Z,active,True
2026-09-06T16:53:22.492488+00:00,2026-09-06T16:53:22.492488+00:00,KXHIGHNY-26SEP06-B77.5,0.0,,0.04,259.54,0.07,100.0,0.030000000000000006,0.05500000000000001,0.93,100.0,0.96,259.54,0.029999999999999916,0.9450000000000001,5156.47,2566.75,2566.75,5156.47,,OK,,KXHIGHNY-26SEP06,2026-09-07T05:00:00Z,active,True
2026-09-06T16:53:22.492488+00:00,2026-09-06T16:53:22.492488+00:00,KXHIGHNY-26SEP06-B75.5,0.0,,0.51,26.0,0.58,7.0,0.06999999999999995,0.5449999999999999,0.42,7.0,0.49,26.0,0.07,0.45499999999999996,1195.26,2105.29,2105.29,1195.26,,OK,,KXHIGHNY-26SEP06,2026-09-07T05:00:00Z,active,True
2026-09-06T16:53:22.492488+00:00,2026-09-06T16:53:22.492488+00:00,KXHIGHNY-26SEP06-B73.5,0.0,,0.41,6.0,0.45,27.0,0.040000000000000036,0.43,0.55,27.0,0.59,6.0,0.039999999999999925,0.5700000000000001,1777.4,1041.9099999999999,1041.9099999999999,1777.4,,OK,,KXHIGHNY-26SEP06,2026-09-07T05:00:00Z,active,True
2026-09-06T18:59:23.252582+00:00,2026-09-06T18:59:23.252582+00:00,KXHIGHNY-26SEP07-T84,0.0,,,,0.01,9100.0,,,0.99,9100.0,,,,,0.0,11536.470000000001,11536.470000000001,0.0,,OK,,KXHIGHNY-26SEP07,2026-09-08T05:00:00Z,active,True
2026-09-06T18:59:23.252582+00:00,2026-09-06T18:59:23.252582+00:00,KXHIGHNY-26SEP07-T77,0.0,,0.05,33.54,0.07,25.0,0.020000000000000004,0.060000000000000005,0.93,25.0,0.95,33.54,0.019999999999999907,0.94,3546.54,933.04,933.04,3546.54,,OK,,KXHIGHNY-26SEP07,2026-09-08T05:00:00Z,active,True
2026-09-06T18:59:23.252582+00:00,2026-09-06T18:59:23.252582+00:00,KXHIGHNY-26SEP07-B83.5,0.0,,0.02,150.0,0.03,133.0,0.009999999999999998,0.025,0.97,133.0,0.98,150.0,0.010000000000000009,0.975,752.86,785.4200000000001,785.4200000000001,752.86,,OK,,KXHIGHNY-26SEP07,2026-09-08T05:00:00Z,active,True
2026-09-06T18:59:23.252582+00:00,2026-09-06T18:59:23.252582+00:00,KXHIGHNY-26SEP07-B81.5,0.0,,0.1,3.0,0.11,192.0,0.009999999999999995,0.10500000000000001,0.89,192.0,0.9,3.0,0.010000000000000009,0.895,4346.18,1100.19,1100.19,4346.18,,OK,,KXHIGHNY-26SEP07,2026-09-08T05:00:00Z,active,True
2026-09-06T18:59:23.252582+00:00,2026-09-06T18:59:23.252582+00:00,KXHIGHNY-26SEP07-B79.5,0.0,,0.47,204.0,0.48,43.01,0.010000000000000009,0.475,0.52,43.01,0.53,204.0,0.010000000000000009,0.525,1818.3400000000001,2560.13,2560.13,1818.3400000000001,,OK,,KXHIGHNY-26SEP07,2026-09-08T05:00:00Z,active,True
2026-09-06T18:59:23.252582+00:00,2026-09-06T18:59:23.252582+00:00,KXHIGHNY-26SEP07-B77.5,0.0,,0.37,44.65,0.38,14.0,0.010000000000000009,0.375,0.62,14.0,0.63,44.65,0.010000000000000009,0.625,1479.3700000000001,477.29999999999995,477.29999999999995,1479.3700000000001,,OK,,KXHIGHNY-26SEP07,2026-09-08T05:00:00Z,active,True
2026-09-06T18:59:23.252582+00:00,2026-09-06T18:59:23.252582+00:00,KXHIGHNY-26SEP06-T80,0.0,,,,0.01,11093.96,,,0.99,11093.96,,,,,0.0,13964.529999999999,13964.529999999999,0.0,,OK,,KXHIGHNY-26SEP06,2026-09-07T05:00:00Z,active,True
2026-09-06T18:59:23.252582+00:00,2026-09-06T18:59:23.252582+00:00,KXHIGHNY-26SEP06-T73,0.0,,,,0.01,189161.1,,,0.99,189161.1,,,,,0.0,199926.68,199926.68,0.0,,OK,,KXHIGHNY-26SEP06,2026-09-07T05:00:00Z,active,True
2026-09-06T18:59:23.252582+00:00,2026-09-06T18:59:23.252582+00:00,KXHIGHNY-26SEP06-B79.5,0.0,,,,0.01,16533.45,,,0.99,16533.45,,,,,0.0,28828.8,28828.8,0.0,,OK,,KXHIGHNY-26SEP06,2026-09-07T05:00:00Z,active,True
2026-09-06T18:59:23.252582+00:00,2026-09-06T18:59:23.252582+00:00,KXHIGHNY-26SEP06-B77.5,0.0,,0.02,120.15,0.03,429.83,0.009999999999999998,0.025,0.97,429.83,0.98,120.15,0.010000000000000009,0.975,4944.21,2920.88,2920.88,4944.21,,OK,,KXHIGHNY-26SEP06,2026-09-07T05:00:00Z,active,True
2026-09-06T18:59:23.252582+00:00,2026-09-06T18:59:23.252582+00:00,KXHIGHNY-26SEP06-B75.5,0.0,,0.56,24.0,0.57,37.0,0.009999999999999898,0.565,0.43,37.0,0.44,24.0,0.010000000000000009,0.435,1245.54,2086.54,2086.54,1245.54,,OK,,KXHIGHNY-26SEP06,2026-09-07T05:00:00Z,active,True
2026-09-06T18:59:23.252582+00:00,2026-09-06T18:59:23.252582+00:00,KXHIGHNY-26SEP06-B73.5,0.0,,0.39,26.0,0.4,28.0,0.010000000000000009,0.395,0.6,28.0,0.61,26.0,0.010000000000000009,0.605,2057.12,2317.51,2317.51,2057.12,,OK,,KXHIGHNY-26SEP06,2026-09-07T05:00:00Z,active,True
2026-09-06T21:11:57.667131+00:00,2026-09-06T21:11:57.667131+00:00,KXHIGHNY-26SEP07-T84,0.0,,,,0.01,9251.0,,,0.99,9251.0,,,,,0.0,12095.499999999998,12095.499999999998,0.0,,OK,,KXHIGHNY-26SEP07,2026-09-08T05:00:00Z,active,True
2026-09-06T21:11:57.667131+00:00,2026-09-06T21:11:57.667131+00:00,KXHIGHNY-26SEP07-T77,0.0,,0.04,17.01,0.05,48.0,0.010000000000000002,0.045,0.95,48.0,0.96,17.01,0.010000000000000009,0.955,2367.01,1967.69,1967.69,2367.01,,OK,,KXHIGHNY-26SEP07,2026-09-08T05:00:00Z,active,True
2026-09-06T21:11:57.667131+00:00,2026-09-06T21:11:57.667131+00:00,KXHIGHNY-26SEP07-B83.5,0.0,,0.02,292.91,0.03,32.26,0.009999999999999998,0.025,0.97,32.26,0.98,292.91,0.010000000000000009,0.975,913.77,1367.96,1367.96,913.77,,OK,,KXHIGHNY-26SEP07,2026-09-08T05:00:00Z,active,True
2026-09-06T21:11:57.667131+00:00,2026-09-06T21:11:57.667131+00:00,KXHIGHNY-26SEP07-B81.5,0.0,,0.12,25.0,0.13,62.35,0.010000000000000009,0.125,0.87,62.35,0.88,25.0,0.010000000000000009,0.875,3656.92,2149.8,2149.8,3656.92,,OK,,KXHIGHNY-26SEP07,2026-09-08T05:00:00Z,active,True
2026-09-06T21:11:57.667131+00:00,2026-09-06T21:11:57.667131+00:00,KXHIGHNY-26SEP07-B79.5,0.0,,0.42,75.0,0.43,37.0,0.010000000000000009,0.425,0.57,37.0,0.58,75.0,0.010000000000000009,0.575,1067.42,1948.01,1948.01,1067.42,,OK,,KXHIGHNY-26SEP07,2026-09-08T05:00:00Z,active,True
2026-09-06T21:11:57.667131+00:00,2026-09-06T21:11:57.667131+00:00,KXHIGHNY-26SEP07-B77.5,0.0,,0.36,53.0,0.38,73.75,0.020000000000000018,0.37,0.62,73.75,0.64,53.0,0.020000000000000018,0.63,2636.66,1696.94,1696.94,2636.66,,OK,,KXHIGHNY-26SEP07,2026-09-08T05:00:00Z,active,True
2026-09-06T21:11:57.667131+00:00,2026-09-06T21:11:57.667131+00:00,KXHIGHNY-26SEP06-T80,0.0,,,,0.01,9471.49,,,0.99,9471.49,,,,,0.0,12308.06,12308.06,0.0,,OK,,KXHIGHNY-26SEP06,2026-09-07T05:00:00Z,active,True
2026-09-06T21:11:57.667131+00:00,2026-09-06T21:11:57.667131+00:00,KXHIGHNY-26SEP06-T73,0.0,,,,0.01,187457.25,,,0.99,187457.25,,,,,0.0,195499.83,195499.83,0.0,,OK,,KXHIGHNY-26SEP06,2026-09-07T05:00:00Z,active,True
2026-09-06T21:11:57.667131+00:00,2026-09-06T21:11:57.667131+00:00,KXHIGHNY-26SEP06-B79.5,0.0,,,,0.01,14719.98,,,0.99,14719.98,,,,,0.0,26799.329999999998,26799.329999999998,0.0,,OK,,KXHIGHNY-26SEP06,2026-09-07T05:00:00Z,active,True
2026-09-06T21:11:57.667131+00:00,2026-09-06T21:11:57.667131+00:00,KXHIGHNY-26SEP06-B77.5,0.0,,0.04,6.65,0.08,312.3,0.04,0.06,0.92,312.3,0.96,6.65,0.039999999999999925,0.94,4341.16,2291.45,2291.45,4341.16,,OK,,KXHIGHNY-26SEP06,2026-09-07T05:00:00Z,active,True
2026-09-06T21:11:57.667131+00:00,2026-09-06T21:11:57.667131+00:00,KXHIGHNY-26SEP06-B75.5,0.0,,0.94,26.0,0.97,40.98,0.030000000000000027,0.955,0.03,40.98,0.06,26.0,0.03,0.045,2927.0299999999997,2793.02,2793.02,2927.0299999999997,,OK,,KXHIGHNY-26SEP06,2026-09-07T05:00:00Z,active,True
2026-09-06T21:11:57.667131+00:00,2026-09-06T21:11:57.667131+00:00,KXHIGHNY-26SEP06-B73.5,0.0,,,,0.01,151866.29,,,0.99,151866.29,,,,,0.0,153519.29,153519.29,0.0,,OK,,KXHIGHNY-26SEP06,2026-09-07T05:00:00Z,active,True
2026-09-06T23:41:31.786513+00:00,2026-09-06T23:41:31.786513+00:00,KXHIGHNY-26SEP07-T84,0.0,,,,0.01,9111.0,,,0.99,9111.0,,,,,0.0,11438.0,11438.0,0.0,,OK,,KXHIGHNY-26SEP07,2026-09-08T05:00:00Z,active,True
2026-09-06T23:41:31.786513+00:00,2026-09-06T23:41:31.786513+00:00,KXHIGHNY-26SEP07-T77,0.0,,0.02,253.01,0.03,60.01,0.009999999999999998,0.025,0.97,60.01,0.98,253.01,0.010000000000000009,0.975,1117.01,2395.0699999999997,2395.0699999999997,1117.01,,OK,,KXHIGHNY-26SEP07,2026-09-08T05:00:00Z,active,True
2026-09-06T23:41:31.786513+00:00,2026-09-06T23:41:31.786513+00:00,KXHIGHNY-26SEP07-B83.5,0.0,,0.02,95.91,0.03,100.26,0.009999999999999998,0.025,0.97,100.26,0.98,95.91,0.010000000000000009,0.975,698.77,2414.26,2414.26,698.77,,OK,,KXHIGHNY-26SEP07,2026-09-08T05:00:00Z,active,True
2026-09-06T23:41:31.786513+00:00,2026-09-06T23:41:31.786513+00:00,KXHIGHNY-26SEP07-B81.5,0.0,,0.11,3.45,0.13,123.0,0.020000000000000004,0.12,0.87,123.0,0.89,3.45,0.020000000000000018,0.88,4182.88,1229.8200000000002,1229.8200000000002,4182.88,,OK,,KXHIGHNY-26SEP07,2026-09-08T05:00:00Z,active,True
2026-09-06T23:41:31.786513+00:00,2026-09-06T23:41:31.786513+00:00,KXHIGHNY-26SEP07-B79.5,0.0,,0.52,10.26,0.56,68.84,0.040000000000000036,0.54,0.44,68.84,0.48,10.26,0.03999999999999998,0.45999999999999996,653.26,2974.84,2974.84,653.26,,OK,,KXHIGHNY-26SEP07,2026-09-08T05:00:00Z,active,True
2026-09-06T23:41:31.786513+00:00,2026-09-06T23:41:31.786513+00:00,KXHIGHNY-26SEP07-B77.5,0.0,,0.31,85.0,0.32,31.0,0.010000000000000009,0.315,0.68,31.0,0.69,85.0,0.009999999999999898,0.685,1688.54,1831.38,1831.38,1688.54,,OK,,KXHIGHNY-26SEP07,2026-09-08T05:00:00Z,active,True
2026-09-06T23:41:31.786513+00:00,2026-09-06T23:41:31.786513+00:00,KXHIGHNY-26SEP06-T80,0.0,,,,0.01,58758.55,,,0.99,58758.55,,,,,0.0,61682.12,61682.12,0.0,,OK,,KXHIGHNY-26SEP06,2026-09-07T05:00:00Z,active,True
2026-09-06T23:41:31.786513+00:00,2026-09-06T23:41:31.786513+00:00,KXHIGHNY-26SEP06-T73,0.0,,,,0.01,186909.52,,,0.99,186909.52,,,,,0.0,195384.90999999997,195384.90999999997,0.0,,OK,,KXHIGHNY-26SEP06,2026-09-07T05:00:00Z,active,True
2026-09-06T23:41:31.786513+00:00,2026-09-06T23:41:31.786513+00:00,KXHIGHNY-26SEP06-B79.5,0.0,,,,0.01,34205.01,,,0.99,34205.01,,,,,0.0,46357.36,46357.36,0.0,,OK,,KXHIGHNY-26SEP06,2026-09-07T05:00:00Z,active,True
2026-09-06T23:41:31.786513+00:00,2026-09-06T23:41:31.786513+00:00,KXHIGHNY-26SEP06-B77.5,0.0,,,,0.01,8855.2,,,0.99,8855.2,,,,,0.0,9725.580000000002,9725.580000000002,0.0,,OK,,KXHIGHNY-26SEP06,2026-09-07T05:00:00Z,active,True
2026-09-06T23:41:31.786513+00:00,2026-09-06T23:41:31.786513+00:00,KXHIGHNY-26SEP06-B75.5,0.0,,0.99,9589.28,,,,,,,0.01,9589.28,,,11913.85,0.0,0.0,11913.85,,OK,,KXHIGHNY-26SEP06,2026-09-07T05:00:00Z,active,True
2026-09-06T23:41:31.786513+00:00,2026-09-06T23:41:31.786513+00:00,KXHIGHNY-26SEP06-B73.5,0.0,,,,0.01,136567.56,,,0.99,136567.56,,,,,0.0,138310.07,138310.07,0.0,,OK,,KXHIGHNY-26SEP06,2026-09-07T05:00:00Z,active,True
2026-09-07T04:05:09.735336+00:00,2026-09-07T04:05:09.735336+00:00,KXHIGHNY-26SEP07-T84,0.0,,,,0.01,2180.97,,,0.99,2180.97,,,,,0.0,4754.969999999999,4754.969999999999,0.0,,OK,,KXHIGHNY-26SEP07,2026-09-08T05:00:00Z,active,True
2026-09-07T04:05:09.735336+00:00,2026-09-07T04:05:09.735336+00:00,KXHIGHNY-26SEP07-T77,0.0,,0.02,98.03,0.03,156.0,0.009999999999999998,0.025,0.97,156.0,0.98,98.03,0.010000000000000009,0.975,885.03,2376.06,2376.06,885.03,,OK,,KXHIGHNY-26SEP07,2026-09-08T05:00:00Z,active,True
2026-09-07T04:05:09.735336+00:00,2026-09-07T04:05:09.735336+00:00,KXHIGHNY-26SEP07-B83.5,0.0,,0.01,542.86,0.02,303.01,0.01,0.015,0.98,303.01,0.99,542.86,0.010000000000000009,0.985,542.86,1889.56,1889.56,542.86,,OK,,KXHIGHNY-26SEP07,2026-09-08T05:00:00Z,active,True
2026-09-07T04:05:09.735336+00:00,2026-09-07T04:05:09.735336+00:00,KXHIGHNY-26SEP07-B81.5,0.0,,0.11,99.0,0.13,31.0,0.020000000000000004,0.12,0.87,31.0,0.89,99.0,0.020000000000000018,0.88,3528.15,720.4,720.4,3528.15,,OK,,KXHIGHNY-26SEP07,2026-09-08T05:00:00Z,active,True
2026-09-07T04:05:09.735336+00:00,2026-09-07T04:05:09.735336+00:00,KXHIGHNY-26SEP07-B79.5,0.0,,0.62,13.8,0.63,56.0,0.010000000000000009,0.625,0.37,56.0,0.38,13.8,0.010000000000000009,0.375,1704.37,2939.83,2939.83,1704.37,,OK,,KXHIGHNY-26SEP07,2026-09-08T05:00:00Z,active,True
2026-09-07T04:05:09.735336+00:00,2026-09-07T04:05:09.735336+00:00,KXHIGHNY-26SEP07-B77.5,0.0,,0.26,259.77,0.27,166.98,0.010000000000000009,0.265,0.73,166.98,0.74,259.77,0.010000000000000009,0.735,2174.77,1992.98,1992.98,2174.77,,OK,,KXHIGHNY-26SEP07,2026-09-08T05:00:00Z,active,True
2026-09-07T04:05:09.735336+00:00,2026-09-07T04:05:09.735336+00:00,KXHIGHNY-26SEP06-T80,0.0,,,,0.01,58383.52,,,0.99,58383.52,,,,,0.0,61366.09,61366.09,0.0,,OK,,KXHIGHNY-26SEP06,2026-09-07T05:00:00Z,active,True
2026-09-07T04:05:09.735336+00:00,2026-09-07T04:05:09.735336+00:00,KXHIGHNY-26SEP06-T73,0.0,,,,0.01,186526.01,,,0.99,186526.01,,,,,0.0,194982.4,194982.4,0.0,,OK,,KXHIGHNY-26SEP06,2026-09-07T05:00:00Z,active,True
2026-09-07T04:05:09.735336+00:00,2026-09-07T04:05:09.735336+00:00,KXHIGHNY-26SEP06-B79.5,0.0,,,,0.01,34147.9,,,0.99,34147.9,,,,,0.0,46322.25,46322.25,0.0,,OK,,KXHIGHNY-26SEP06,2026-09-07T05:00:00Z,active,True
2026-09-07T04:05:09.735336+00:00,2026-09-07T04:05:09.735336+00:00,KXHIGHNY-26SEP06-B77.5,0.0,,,,0.01,28368.32,,,0.99,28368.32,,,,,0.0,29235.7,29235.7,0.0,,OK,,KXHIGHNY-26SEP06,2026-09-07T05:00:00Z,active,True
2026-09-07T04:05:09.735336+00:00,2026-09-07T04:05:09.735336+00:00,KXHIGHNY-26SEP06-B75.5,0.0,,0.99,28866.81,,,,,,,0.01,28866.81,,,31036.380000000005,0.0,0.0,31036.380000000005,,OK,,KXHIGHNY-26SEP06,2026-09-07T05:00:00Z,active,True
2026-09-07T04:05:09.735336+00:00,2026-09-07T04:05:09.735336+00:00,KXHIGHNY-26SEP06-B73.5,0.0,,,,0.01,131066.54,,,0.99,131066.54,,,,,0.0,133431.78999999998,133431.78999999998,0.0,,OK,,KXHIGHNY-26SEP06,2026-09-07T05:00:00Z,active,True
2026-09-07T09:15:28.355553+00:00,2026-09-07T09:15:28.355553+00:00,KXHIGHNY-26SEP07-T84,0.0,,,,0.01,5288.24,,,0.99,5288.24,,,,,0.0,9432.24,9432.24,0.0,,OK,,KXHIGHNY-26SEP07,2026-09-08T05:00:00Z,active,True
2026-09-07T09:15:28.355553+00:00,2026-09-07T09:15:28.355553+00:00,KXHIGHNY-26SEP07-T77,0.0,,0.01,805.91,0.02,9.0,0.01,0.015,0.98,9.0,0.99,805.91,0.010000000000000009,0.985,805.91,700.1800000000001,700.1800000000001,805.91,,OK,,KXHIGHNY-26SEP07,2026-09-08T05:00:00Z,active,True
2026-09-07T09:15:28.355553+00:00,2026-09-07T09:15:28.355553+00:00,KXHIGHNY-26SEP07-B83.5,0.0,,0.01,571.2,0.02,70.82,0.01,0.015,0.98,70.82,0.99,571.2,0.010000000000000009,0.985,571.2,1532.04,1532.04,571.2,,OK,,KXHIGHNY-26SEP07,2026-09-08T05:00:00Z,active,True
2026-09-07T09:15:28.355553+00:00,2026-09-07T09:15:28.355553+00:00,KXHIGHNY-26SEP07-B81.5,0.0,,0.07,53.21,0.08,32.0,0.009999999999999995,0.07500000000000001,0.92,32.0,0.93,53.21,0.010000000000000009,0.925,3710.21,727.58,727.58,3710.21,,OK,,KXHIGHNY-26SEP07,2026-09-08T05:00:00Z,active,True
2026-09-07T09:15:28.355553+00:00,2026-09-07T09:15:28.355553+00:00,KXHIGHNY-26SEP07-B79.5,0.0,,0.58,34.43,0.61,56.0,0.030000000000000027,0.595,0.39,56.0,0.42,34.43,0.02999999999999997,0.405,713.0,1966.58,1966.58,713.0,,OK,,KXHIGHNY-26SEP07,2026-09-08T05:00:00Z,active,True
2026-09-07T09:15:28.355553+00:00,2026-09-07T09:15:28.355553+00:00,KXHIGHNY-26SEP07-B77.5,0.0,,0.33,19.21,0.34,73.0,0.010000000000000009,0.335,0.66,73.0,0.67,19.21,0.010000000000000009,0.665,2123.9,513.71,513.71,2123.9,,OK,,KXHIGHNY-26SEP07,2026-09-08T05:00:00Z,active,True
2026-09-07T15:42:03.979881+00:00,2026-09-07T15:42:03.979881+00:00,KXHIGHNY-26SEP08-T87,0.0,,,,0.01,25.0,,,0.99,25.0,,,,,0.0,2657.0,2657.0,0.0,,OK,,KXHIGHNY-26SEP08,2026-09-09T05:00:00Z,active,True
2026-09-07T15:42:03.979881+00:00,2026-09-07T15:42:03.979881+00:00,KXHIGHNY-26SEP08-T80,0.0,,0.07,5.0,0.08,2.0,0.009999999999999995,0.07500000000000001,0.92,2.0,0.93,5.0,0.010000000000000009,0.925,3241.0,801.06,801.06,3241.0,,OK,,KXHIGHNY-26SEP08,2026-09-09T05:00:00Z,active,True
2026-09-07T15:42:03.979881+00:00,2026-09-07T15:42:03.979881+00:00,KXHIGHNY-26SEP08-B86.5,0.0,,0.01,377.08,0.02,40.0,0.01,0.015,0.98,40.0,0.99,377.08,0.010000000000000009,0.985,377.08,1192.0,1192.0,377.08,,OK,,KXHIGHNY-26SEP08,2026-09-09T05:00:00Z,active,True
2026-09-07T15:42:03.979881+00:00,2026-09-07T15:42:03.979881+00:00,KXHIGHNY-26SEP08-B84.5,0.0,,0.05,75.64,0.06,6.0,0.009999999999999995,0.055,0.94,6.0,0.95,75.64,0.010000000000000009,0.945,3019.64,711.0,711.0,3019.64,,OK,,KXHIGHNY-26SEP08,2026-09-09T05:00:00Z,active,True
2026-09-07T15:42:03.979881+00:00,2026-09-07T15:42:03.979881+00:00,KXHIGHNY-26SEP08-B82.5,0.0,,0.4,8.33,0.43,0.9,0.02999999999999997,0.41500000000000004,0.57,0.9,0.6,8.33,0.030000000000000027,0.585,1061.33,2319.9,2319.9,1061.33,,OK,,KXHIGHNY-26SEP08,2026-09-09T05:00:00Z,active,True
2026-09-07T15:42:03.979881+00:00,2026-09-07T15:42:03.979881+00:00,KXHIGHNY-26SEP08-B80.5,0.0,,0.42,199.0,0.43,85.0,0.010000000000000009,0.425,0.57,85.0,0.58,199.0,0.010000000000000009,0.575,1910.01,1840.0,1840.0,1910.01,,OK,,KXHIGHNY-26SEP08,2026-09-09T05:00:00Z,active,True
2026-09-07T15:42:03.979881+00:00,2026-09-07T15:42:03.979881+00:00,KXHIGHNY-26SEP07-T84,0.0,,,,0.01,4189.42,,,0.99,4189.42,,,,,0.0,13078.42,13078.42,0.0,,OK,,KXHIGHNY-26SEP07,2026-09-08T05:00:00Z,active,True
2026-09-07T15:42:03.979881+00:00,2026-09-07T15:42:03.979881+00:00,KXHIGHNY-26SEP07-T77,0.0,,,,0.01,25.0,,,0.99,25.0,,,,,0.0,1907.28,1907.28,0.0,,OK,,KXHIGHNY-26SEP07,2026-09-08T05:00:00Z,active,True
2026-09-07T15:42:03.979881+00:00,2026-09-07T15:42:03.979881+00:00,KXHIGHNY-26SEP07-B83.5,0.0,,0.01,456.06,0.02,370.0,0.01,0.015,0.98,370.0,0.99,456.06,0.010000000000000009,0.985,456.06,940.28,940.28,456.06,,OK,,KXHIGHNY-26SEP07,2026-09-08T05:00:00Z,active,True
2026-09-07T15:42:03.979881+00:00,2026-09-07T15:42:03.979881+00:00,KXHIGHNY-26SEP07-B81.5,0.0,,0.15,13.0,0.17,630.0,0.020000000000000018,0.16,0.83,630.0,0.85,13.0,0.020000000000000018,0.84,3349.99,923.0200000000001,923.0200000000001,3349.99,,OK,,KXHIGHNY-26SEP07,2026-09-08T05:00:00Z,active,True
2026-09-07T15:42:03.979881+00:00,2026-09-07T15:42:03.979881+00:00,KXHIGHNY-26SEP07-B79.5,0.0,,0.67,20.0,0.69,20.69,0.019999999999999907,0.6799999999999999,0.31,20.69,0.33,20.0,0.020000000000000018,0.32,1232.0,2056.8900000000003,2056.8900000000003,1232.0,,OK,,KXHIGHNY-26SEP07,2026-09-08T05:00:00Z,active,True
2026-09-07T15:42:03.979881+00:00,2026-09-07T15:42:03.979881+00:00,KXHIGHNY-26SEP07-B77.5,0.0,,0.18,132.03,0.19,44.0,0.010000000000000009,0.185,0.81,44.0,0.82,132.03,0.009999999999999898,0.815,5833.91,712.62,712.62,5833.91,,OK,,KXHIGHNY-26SEP07,2026-09-08T05:00:00Z,active,True
2026-09-07T19:47:29.072044+00:00,2026-09-07T19:47:29.072044+00:00,KXHIGHNY-26SEP08-T87,0.0,,,,0.01,331.0,,,0.99,331.0,,,,,0.0,3330.0,3330.0,0.0,,OK,,KXHIGHNY-26SEP08,2026-09-09T05:00:00Z,active,True
2026-09-07T19:47:29.072044+00:00,2026-09-07T19:47:29.072044+00:00,KXHIGHNY-26SEP08-T80,0.0,,0.07,2.92,0.08,125.47,0.009999999999999995,0.07500000000000001,0.92,125.47,0.93,2.92,0.010000000000000009,0.925,2902.14,1120.53,1120.53,2902.14,,OK,,KXHIGHNY-26SEP08,2026-09-09T05:00:00Z,active,True
2026-09-07T19:47:29.072044+00:00,2026-09-07T19:47:29.072044+00:00,KXHIGHNY-26SEP08-B86.5,0.0,,0.01,600.08,0.02,12.82,0.01,0.015,0.98,12.82,0.99,600.08,0.010000000000000009,0.985,600.08,1351.34,1351.34,600.08,,OK,,KXHIGHNY-26SEP08,2026-09-09T05:00:00Z,active,True
2026-09-07T19:47:29.072044+00:00,2026-09-07T19:47:29.072044+00:00,KXHIGHNY-26SEP08-B84.5,0.0,,0.05,182.0,0.06,12.74,0.009999999999999995,0.055,0.94,12.74,0.95,182.0,0.010000000000000009,0.945,3181.0,695.33,695.33,3181.0,,OK,,KXHIGHNY-26SEP08,2026-09-09T05:00:00Z,active,True
2026-09-07T19:47:29.072044+00:00,2026-09-07T19:47:29.072044+00:00,KXHIGHNY-26SEP08-B82.5,0.0,,0.36,51.0,0.38,48.93,0.020000000000000018,0.37,0.62,48.93,0.64,51.0,0.020000000000000018,0.63,1045.87,668.72,668.72,1045.87,,OK,,KXHIGHNY-26SEP08,2026-09-09T05:00:00Z,active,True
2026-09-07T19:47:29.072044+00:00,2026-09-07T19:47:29.072044+00:00,KXHIGHNY-26SEP08-B80.5,0.0,,0.47,27.0,0.48,15.01,0.010000000000000009,0.475,0.52,15.01,0.53,27.0,0.010000000000000009,0.525,632.0,1906.01,1906.01,632.0,,OK,,KXHIGHNY-26SEP08,2026-09-09T05:00:00Z,active,True
2026-09-07T19:47:29.072044+00:00,2026-09-07T19:47:29.072044+00:00,KXHIGHNY-26SEP07-T84,0.0,,,,0.01,20657.51,,,0.99,20657.51,,,,,0.0,27557.51,27557.51,0.0,,OK,,KXHIGHNY-26SEP07,2026-09-08T05:00:00Z,active,True
2026-09-07T19:47:29.072044+00:00,2026-09-07T19:47:29.072044+00:00,KXHIGHNY-26SEP07-T77,0.0,,,,0.01,70694.56,,,0.99,70694.56,,,,,0.0,74502.84,74502.84,0.0,,OK,,KXHIGHNY-26SEP07,2026-09-08T05:00:00Z,active,True
2026-09-07T19:47:29.072044+00:00,2026-09-07T19:47:29.072044+00:00,KXHIGHNY-26SEP07-B83.5,0.0,,,,0.01,14368.91,,,0.99,14368.91,,,,,0.0,19301.4,19301.4,0.0,,OK,,KXHIGHNY-26SEP07,2026-09-08T05:00:00Z,active,True
2026-09-07T19:47:29.072044+00:00,2026-09-07T19:47:29.072044+00:00,KXHIGHNY-26SEP07-B81.5,0.0,,,,0.02,52.0,,,0.98,52.0,,,,,0.0,1203.3300000000002,1203.3300000000002,0.0,,OK,,KXHIGHNY-26SEP07,2026-09-08T05:00:00Z,active,True
2026-09-07T19:47:29.072044+00:00,2026-09-07T19:47:29.072044+00:00,KXHIGHNY-26SEP07-B79.5,0.0,,0.6,57.0,0.64,68.45,0.040000000000000036,0.62,0.36,68.45,0.4,57.0,0.040000000000000036,0.38,774.26,3025.83,3025.83,774.26,,OK,,KXHIGHNY-26SEP07,2026-09-08T05:00:00Z,active,True
2026-09-07T19:47:29.072044+00:00,2026-09-07T19:47:29.072044+00:00,KXHIGHNY-26SEP07-B77.5,0.0,,0.34,221.25,0.38,149.0,0.03999999999999998,0.36,0.62,149.0,0.66,221.25,0.040000000000000036,0.64,2188.25,1926.9300000000003,1926.9300000000003,2188.25,,OK,,KXHIGHNY-26SEP07,2026-09-08T05:00:00Z,active,True
2026-09-07T22:42:54.330651+00:00,2026-09-07T22:42:54.330651+00:00,KXHIGHNY-26SEP08-T87,0.0,,,,0.01,37.0,,,0.99,37.0,,,,,0.0,3116.0,3116.0,0.0,,OK,,KXHIGHNY-26SEP08,2026-09-09T05:00:00Z,active,True
2026-09-07T22:42:54.330651+00:00,2026-09-07T22:42:54.330651+00:00,KXHIGHNY-26SEP08-T80,0.0,,0.05,71.85,0.06,39.0,0.009999999999999995,0.055,0.94,39.0,0.95,71.85,0.010000000000000009,0.945,3028.85,1011.7,1011.7,3028.85,,OK,,KXHIGHNY-26SEP08,2026-09-09T05:00:00Z,active,True
2026-09-07T22:42:54.330651+00:00,2026-09-07T22:42:54.330651+00:00,KXHIGHNY-26SEP08-B86.5,0.0,,0.01,510.08,0.02,44.01,0.01,0.015,0.98,44.01,0.99,510.08,0.010000000000000009,0.985,510.08,1503.01,1503.01,510.08,,OK,,KXHIGHNY-26SEP08,2026-09-09T05:00:00Z,active,True
2026-09-07T22:42:54.330651+00:00,2026-09-07T22:42:54.330651+00:00,KXHIGHNY-26SEP08-B84.5,0.0,,0.07,84.0,0.08,28.0,0.009999999999999995,0.07500000000000001,0.92,28.0,0.93,84.0,0.010000000000000009,0.925,4136.0,889.15,889.15,4136.0,,OK,,KXHIGHNY-26SEP08,2026-09-09T05:00:00Z,active,True
2026-09-07T22:42:54.330651+00:00,2026-09-07T22:42:54.330651+00:00,KXHIGHNY-26SEP08-B82.5,0.0,,0.45,33.58,0.47,12.0,0.019999999999999962,0.45999999999999996,0.53,12.0,0.55,33.58,0.020000000000000018,0.54,1919.58,2114.8199999999997,2114.8199999999997,1919.58,,OK,,KXHIGHNY-26SEP08,2026-09-09T05:00:00Z,active,True
2026-09-07T22:42:54.330651+00:00,2026-09-07T22:42:54.330651+00:00,KXHIGHNY-26SEP08-B80.5,0.0,,0.44,12.0,0.45,60.0,0.010000000000000009,0.445,0.55,60.0,0.56,12.0,0.010000000000000009,0.555,871.0,1768.0,1768.0,871.0,,OK,,KXHIGHNY-26SEP08,2026-09-09T05:00:00Z,active,True
2026-09-07T22:42:54.330651+00:00,2026-09-07T22:42:54.330651+00:00,KXHIGHNY-26SEP07-T84,0.0,,,,0.01,22842.34,,,0.99,22842.34,,,,,0.0,30428.34,30428.34,0.0,,OK,,KXHIGHNY-26SEP07,2026-09-08T05:00:00Z,active,True
2026-09-07T22:42:54.330651+00:00,2026-09-07T22:42:54.330651+00:00,KXHIGHNY-26SEP07-T77,0.0,,,,0.01,56395.78,,,0.99,56395.78,,,,,0.0,61435.18,61435.18,0.0,,OK,,KXHIGHNY-26SEP07,2026-09-08T05:00:00Z,active,True
2026-09-07T22:42:54.330651+00:00,2026-09-07T22:42:54.330651+00:00,KXHIGHNY-26SEP07-B83.5,0.0,,,,0.01,25042.99,,,0.99,25042.99,,,,,0.0,29820.480000000003,29820.480000000003,0.0,,OK,,KXHIGHNY-26SEP07,2026-09-08T05:00:00Z,active,True
2026-09-07T22:42:54.330651+00:00,2026-09-07T22:42:54.330651+00:00,KXHIGHNY-26SEP07-B81.5,0.0,,,,0.01,14072.71,,,0.99,14072.71,,,,,0.0,17770.069999999996,17770.069999999996,0.0,,OK,,KXHIGHNY-26SEP07,2026-09-08T05:00:00Z,active,True
2026-09-07T22:42:54.330651+00:00,2026-09-07T22:42:54.330651+00:00,KXHIGHNY-26SEP07-B79.5,0.0,,0.03,26.0,0.05,1.0,0.020000000000000004,0.04,0.95,1.0,0.97,26.0,0.020000000000000018,0.96,199.43,578.6500000000001,578.6500000000001,199.43,,OK,,KXHIGHNY-26SEP07,2026-09-08T05:00:00Z,active,True
2026-09-07T22:42:54.330651+00:00,2026-09-07T22:42:54.330651+00:00,KXHIGHNY-26SEP07-B77.5,0.0,,0.96,81.53,0.99,36.0,0.030000000000000027,0.975,0.01,36.0,0.04,81.53,0.03,0.025,1488.4,36.0,36.0,1488.4,,OK,,KXHIGHNY-26SEP07,2026-09-08T05:00:00Z,active,True
2026-09-08T01:04:28.895161+00:00,2026-09-08T01:04:28.895161+00:00,KXHIGHNY-26SEP08-T87,0.0,,,,0.01,319.0,,,0.99,319.0,,,,,0.0,2753.07,2753.07,0.0,,OK,,KXHIGHNY-26SEP08,2026-09-09T05:00:00Z,active,True
2026-09-08T01:04:28.895161+00:00,2026-09-08T01:04:28.895161+00:00,KXHIGHNY-26SEP08-T80,0.0,,0.03,94.63,0.05,81.06,0.020000000000000004,0.04,0.95,81.06,0.97,94.63,0.020000000000000018,0.96,1819.63,1823.2899999999997,1823.2899999999997,1819.63,,OK,,KXHIGHNY-26SEP08,2026-09-09T05:00:00Z,active,True
2026-09-08T01:04:28.895161+00:00,2026-09-08T01:04:28.895161+00:00,KXHIGHNY-26SEP08-B86.5,0.0,,0.01,337.08,0.02,184.0,0.01,0.015,0.98,184.0,0.99,337.08,0.010000000000000009,0.985,337.08,1635.09,1635.09,337.08,,OK,,KXHIGHNY-26SEP08,2026-09-09T05:00:00Z,active,True
2026-09-08T01:04:28.895161+00:00,2026-09-08T01:04:28.895161+00:00,KXHIGHNY-26SEP08-B84.5,0.0,,0.06,4.89,0.07,85.0,0.010000000000000009,0.065,0.93,85.0,0.94,4.89,0.009999999999999898,0.935,3292.46,1687.47,1687.47,3292.46,,OK,,KXHIGHNY-26SEP08,2026-09-09T05:00:00Z,active,True
2026-09-08T01:04:28.895161+00:00,2026-09-08T01:04:28.895161+00:00,KXHIGHNY-26SEP08-B82.5,0.0,,0.46,33.21,0.48,17.0,0.019999999999999962,0.47,0.52,17.0,0.54,33.21,0.020000000000000018,0.53,1734.26,1996.8,1996.8,1734.26,,OK,,KXHIGHNY-26SEP08,2026-09-09T05:00:00Z,active,True
2026-09-08T01:04:28.895161+00:00,2026-09-08T01:04:28.895161+00:00,KXHIGHNY-26SEP08-B80.5,0.0,,0.42,27.69,0.43,189.0,0.010000000000000009,0.425,0.57,189.0,0.58,27.69,0.010000000000000009,0.575,703.72,853.0,853.0,703.72,,OK,,KXHIGHNY-26SEP08,2026-09-09T05:00:00Z,active,True
2026-09-08T01:04:28.895161+00:00,2026-09-08T01:04:28.895161+00:00,KXHIGHNY-26SEP07-T84,0.0,,,,0.01,36721.34,,,0.99,36721.34,,,,,0.0,44117.34,44117.34,0.0,,OK,,KXHIGHNY-26SEP07,2026-09-08T05:00:00Z,active,True
2026-09-08T01:04:28.895161+00:00,2026-09-08T01:04:28.895161+00:00,KXHIGHNY-26SEP07-T77,0.0,,,,0.01,50249.76,,,0.99,50249.76,,,,,0.0,56027.59,56027.59,0.0,,OK,,KXHIGHNY-26SEP07,2026-09-08T05:00:00Z,active,True
2026-09-08T01:04:28.895161+00:00,2026-09-08T01:04:28.895161+00:00,KXHIGHNY-26SEP07-B83.5,0.0,,,,0.01,34418.48,,,0.99,34418.48,,,,,0.0,39250.97,39250.97,0.0,,OK,,KXHIGHNY-26SEP07,2026-09-08T05:00:00Z,active,True
2026-09-08T01:04:28.895161+00:00,2026-09-08T01:04:28.895161+00:00,KXHIGHNY-26SEP07-B81.5,0.0,,,,0.01,45072.9,,,0.99,45072.9,,,,,0.0,48617.51,48617.51,0.0,,OK,,KXHIGHNY-26SEP07,2026-09-08T05:00:00Z,active,True
2026-09-08T01:04:28.895161+00:00,2026-09-08T01:04:28.895161+00:00,KXHIGHNY-26SEP07-B79.5,0.0,,,,0.01,61545.49,,,0.99,61545.49,,,,,0.0,72315.3,72315.3,0.0,,OK,,KXHIGHNY-26SEP07,2026-09-08T05:00:00Z,active,True
2026-09-08T01:04:28.895161+00:00,2026-09-08T01:04:28.895161+00:00,KXHIGHNY-26SEP07-B77.5,0.0,,0.99,83258.66,,,,,,,0.01,83258.66,,,98456.17,0.0,0.0,98456.17,,OK,,KXHIGHNY-26SEP07,2026-09-08T05:00:00Z,active,True
2026-09-08T05:50:55.000335+00:00,2026-09-08T05:50:55.000335+00:00,KXHIGHNY-26SEP08-T87,0.0,,,,0.01,9708.48,,,0.99,9708.48,,,,,0.0,12340.48,12340.48,0.0,,OK,,KXHIGHNY-26SEP08,2026-09-09T05:00:00Z,active,True
2026-09-08T05:50:55.000335+00:00,2026-09-08T05:50:55.000335+00:00,KXHIGHNY-26SEP08-T80,0.0,,0.06,111.35,0.08,71.0,0.020000000000000004,0.07,0.92,71.0,0.94,111.35,0.019999999999999907,0.9299999999999999,2552.15,1441.4500000000003,1441.4500000000003,2552.15,,OK,,KXHIGHNY-26SEP08,2026-09-09T05:00:00Z,active,True
2026-09-08T05:50:55.000335+00:00,2026-09-08T05:50:55.000335+00:00,KXHIGHNY-26SEP08-B86.5,0.0,,0.01,135.03,0.02,92.0,0.01,0.015,0.98,92.0,0.99,135.03,0.010000000000000009,0.985,135.03,1332.77,1332.77,135.03,,OK,,KXHIGHNY-26SEP08,2026-09-09T05:00:00Z,active,True
2026-09-08T05:50:55.000335+00:00,2026-09-08T05:50:55.000335+00:00,KXHIGHNY-26SEP08-B84.5,0.0,,0.02,8.04,0.03,147.1,0.009999999999999998,0.025,0.97,147.1,0.98,8.04,0.010000000000000009,0.975,1232.04,1337.8,1337.8,1232.04,,OK,,KXHIGHNY-26SEP08,2026-09-09T05:00:00Z,active,True
2026-09-08T05:50:55.000335+00:00,2026-09-08T05:50:55.000335+00:00,KXHIGHNY-26SEP08-B82.5,0.0,,0.35,10.0,0.36,110.0,0.010000000000000009,0.355,0.64,110.0,0.65,10.0,0.010000000000000009,0.645,1480.02,797.0,797.0,1480.02,,OK,,KXHIGHNY-26SEP08,2026-09-09T05:00:00Z,active,True
2026-09-08T05:50:55.000335+00:00,2026-09-08T05:50:55.000335+00:00,KXHIGHNY-26SEP08-B80.5,0.0,,0.53,46.0,0.54,34.0,0.010000000000000009,0.535,0.46,34.0,0.47,46.0,0.009999999999999953,0.46499999999999997,663.79,2508.67,2508.67,663.79,,OK,,KXHIGHNY-26SEP08,2026-09-09T05:00:00Z,active,True
2026-09-08T11:00:52.981530+00:00,2026-09-08T11:00:52.981530+00:00,KXHIGHNY-26SEP08-T87,0.0,,,,0.01,9674.6,,,0.99,9674.6,,,,,0.0,12344.6,12344.6,0.0,,OK,,KXHIGHNY-26SEP08,2026-09-09T05:00:00Z,active,True
2026-09-08T11:00:52.981530+00:00,2026-09-08T11:00:52.981530+00:00,KXHIGHNY-26SEP08-T80,0.0,,0.14,13.38,0.15,51.0,0.009999999999999981,0.14500000000000002,0.85,51.0,0.86,13.38,0.010000000000000009,0.855,4615.1900000000005,1161.96,1161.96,4615.1900000000005,,OK,,KXHIGHNY-26SEP08,2026-09-09T05:00:00Z,active,True
2026-09-08T11:00:52.981530+00:00,2026-09-08T11:00:52.981530+00:00,KXHIGHNY-26SEP08-B86.5,0.0,,,,0.01,218.97,,,0.99,218.97,,,,,0.0,1603.8899999999999,1603.8899999999999,0.0,,OK,,KXHIGHNY-26SEP08,2026-09-09T05:00:00Z,active,True
2026-09-08T11:00:52.981530+00:00,2026-09-08T11:00:52.981530+00:00,KXHIGHNY-26SEP08-B84.5,0.0,,0.01,630.04,0.03,243.27,0.019999999999999997,0.02,0.97,243.27,0.99,630.04,0.020000000000000018,0.98,630.04,1637.9699999999998,1637.9699999999998,630.04,,OK,,KXHIGHNY-26SEP08,2026-09-09T05:00:00Z,active,True
2026-09-08T11:00:52.981530+00:00,2026-09-08T11:00:52.981530+00:00,KXHIGHNY-26SEP08-B82.5,0.0,,0.23,31.0,0.26,31.0,0.03,0.245,0.74,31.0,0.77,31.0,0.030000000000000027,0.755,5232.35,509.22999999999996,509.22999999999996,5232.35,,OK,,KXHIGHNY-26SEP08,2026-09-09T05:00:00Z,active,True
2026-09-08T11:00:52.981530+00:00,2026-09-08T11:00:52.981530+00:00,KXHIGHNY-26SEP08-B80.5,0.0,,0.59,27.0,0.61,64.0,0.020000000000000018,0.6,0.39,64.0,0.41,27.0,0.019999999999999962,0.4,613.8100000000001,3278.35,3278.35,613.8100000000001,,OK,,KXHIGHNY-26SEP08,2026-09-09T05:00:00Z,active,True
2026-09-08T15:01:59.378824+00:00,2026-09-08T15:01:59.378824+00:00,KXHIGHNY-26SEP09-T91,0.0,,0.01,496.95,0.02,30.0,0.01,0.015,0.98,30.0,0.99,496.95,0.010000000000000009,0.985,496.95,2644.06,2644.06,496.95,,OK,,KXHIGHNY-26SEP09,2026-09-10T05:00:00Z,active,True
2026-09-08T15:01:59.378824+00:00,2026-09-08T15:01:59.378824+00:00,KXHIGHNY-26SEP09-T84,0.0,,0.44,2.0,0.45,83.0,0.010000000000000009,0.445,0.55,83.0,0.56,2.0,0.010000000000000009,0.555,283.0,1631.0,1631.0,283.0,,OK,,KXHIGHNY-26SEP09,2026-09-10T05:00:00Z,active,True
2026-09-08T15:01:59.378824+00:00,2026-09-08T15:01:59.378824+00:00,KXHIGHNY-26SEP09-B90.5,0.0,,0.03,32.57,0.04,74.0,0.010000000000000002,0.035,0.96,74.0,0.97,32.57,0.010000000000000009,0.965,810.5699999999999,1862.0,1862.0,810.5699999999999,,OK,,KXHIGHNY-26SEP09,2026-09-10T05:00:00Z,active,True
2026-09-08T15:01:59.378824+00:00,2026-09-08T15:01:59.378824+00:00,KXHIGHNY-26SEP09-B88.5,0.0,,0.04,28.0,0.05,103.0,0.010000000000000002,0.045,0.95,103.0,0.96,28.0,0.010000000000000009,0.955,2075.0,1925.0,1925.0,2075.0,,OK,,KXHIGHNY-26SEP09,2026-09-10T05:00:00Z,active,True
2026-09-08T15:01:59.378824+00:00,2026-09-08T15:01:59.378824+00:00,KXHIGHNY-26SEP09-B86.5,0.0,,0.09,834.1,0.1,11.0,0.010000000000000009,0.095,0.9,11.0,0.91,834.1,0.010000000000000009,0.905,4931.1,909.85,909.85,4931.1,,OK,,KXHIGHNY-26SEP09,2026-09-10T05:00:00Z,active,True
2026-09-08T15:01:59.378824+00:00,2026-09-08T15:01:59.378824+00:00,KXHIGHNY-26SEP09-B84.5,0.0,,0.34,183.7,0.37,26.0,0.02999999999999997,0.355,0.63,26.0,0.66,183.7,0.030000000000000027,0.645,1433.7,1305.27,1305.27,1433.7,,OK,,KXHIGHNY-26SEP09,2026-09-10T05:00:00Z,active,True
2026-09-08T15:01:59.378824+00:00,2026-09-08T15:01:59.378824+00:00,KXHIGHNY-26SEP08-T87,0.0,,,,0.01,14908.46,,,0.99,14908.46,,,,,0.0,22508.46,22508.46,0.0,,OK,,KXHIGHNY-26SEP08,2026-09-09T05:00:00Z,active,True
2026-09-08T15:01:59.378824+00:00,2026-09-08T15:01:59.378824+00:00,KXHIGHNY-26SEP08-T80,0.0,,0.08,1105.44,0.1,21.0,0.020000000000000004,0.09,0.9,21.0,0.92,1105.44,0.020000000000000018,0.91,3522.94,1493.87,1493.87,3522.94,,OK,,KXHIGHNY-26SEP08,2026-09-09T05:00:00Z,active,True
2026-09-08T15:01:59.378824+00:00,2026-09-08T15:01:59.378824+00:00,KXHIGHNY-26SEP08-B86.5,0.0,,,,0.01,12303.74,,,0.99,12303.74,,,,,0.0,19397.850000000002,19397.850000000002,0.0,,OK,,KXHIGHNY-26SEP08,2026-09-09T05:00:00Z,active,True
2026-09-08T15:01:59.378824+00:00,2026-09-08T15:01:59.378824+00:00,KXHIGHNY-26SEP08-B84.5,0.0,,0.02,230.0,0.03,117.0,0.009999999999999998,0.025,0.97,117.0,0.98,230.0,0.010000000000000009,0.975,1284.04,1094.83,1094.83,1284.04,,OK,,KXHIGHNY-26SEP08,2026-09-09T05:00:00Z,active,True
2026-09-08T15:01:59.378824+00:00,2026-09-08T15:01:59.378824+00:00,KXHIGHNY-26SEP08-B82.5,0.0,,0.4,3.0,0.43,58.0,0.02999999999999997,0.41500000000000004,0.57,58.0,0.6,3.0,0.030000000000000027,0.585,700.54,2361.55,2361.55,700.54,,OK,,KXHIGHNY-26SEP08,2026-09-09T05:00:00Z,active,True
2026-09-08T15:01:59.378824+00:00,2026-09-08T15:01:59.378824+00:00,KXHIGHNY-26SEP08-B80.5,0.0,,0.46,26.0,0.48,62.58,0.019999999999999962,0.47,0.52,62.58,0.54,26.0,0.020000000000000018,0.53,732.73,2187.51,2187.51,732.73,,OK,,KXHIGHNY-26SEP08,2026-09-09T05:00:00Z,active,True
2026-09-08T18:27:12.001430+00:00,2026-09-08T18:27:12.001430+00:00,KXHIGHNY-26SEP09-T91,0.0,,,,0.01,1918.05,,,0.99,1918.05,,,,,0.0,4354.470000000001,4354.470000000001,0.0,,OK,,KXHIGHNY-26SEP09,2026-09-10T05:00:00Z,active,True
2026-09-08T18:27:12.001430+00:00,2026-09-08T18:27:12.001430+00:00,KXHIGHNY-26SEP09-T84,0.0,,0.41,1.0,0.43,6.0,0.020000000000000018,0.42,0.57,6.0,0.59,1.0,0.020000000000000018,0.58,366.51,627.51,627.51,366.51,,OK,,KXHIGHNY-26SEP09,2026-09-10T05:00:00Z,active,True
2026-09-08T18:27:12.001430+00:00,2026-09-08T18:27:12.001430+00:00,KXHIGHNY-26SEP09-B90.5,0.0,,0.01,643.0,0.03,108.0,0.019999999999999997,0.02,0.97,108.0,0.99,643.0,0.020000000000000018,0.98,643.0,873.48,873.48,643.0,,OK,,KXHIGHNY-26SEP09,2026-09-10T05:00:00Z,active,True
2026-09-08T18:27:12.001430+00:00,2026-09-08T18:27:12.001430+00:00,KXHIGHNY-26SEP09-B88.5,0.0,,0.03,78.0,0.05,152.0,0.020000000000000004,0.04,0.95,152.0,0.97,78.0,0.020000000000000018,0.96,1616.0,486.73,486.73,1616.0,,OK,,KXHIGHNY-26SEP09,2026-09-10T05:00:00Z,active,True
2026-09-08T18:27:12.001430+00:00,2026-09-08T18:27:12.001430+00:00,KXHIGHNY-26SEP09-B86.5,0.0,,0.13,5.0,0.15,11.0,0.01999999999999999,0.14,0.85,11.0,0.87,5.0,0.020000000000000018,0.86,4887.43,407.96,407.96,4887.43,,OK,,KXHIGHNY-26SEP09,2026-09-10T05:00:00Z,active,True
2026-09-08T18:27:12.001430+00:00,2026-09-08T18:27:12.001430+00:00,KXHIGHNY-26SEP09-B84.5,0.0,,0.4,16.0,0.41,1.25,0.009999999999999953,0.405,0.59,1.25,0.6,16.0,0.010000000000000009,0.595,617.94,1810.56,1810.56,617.94,,OK,,KXHIGHNY-26SEP09,2026-09-10T05:00:00Z,active,True
2026-09-08T18:27:12.001430+00:00,2026-09-08T18:27:12.001430+00:00,KXHIGHNY-26SEP08-T87,0.0,,,,0.01,15069.03,,,0.99,15069.03,,,,,0.0,22486.03,22486.03,0.0,,OK,,KXHIGHNY-26SEP08,2026-09-09T05:00:00Z,active,True
2026-09-08T18:27:12.001430+00:00,2026-09-08T18:27:12.001430+00:00,KXHIGHNY-26SEP08-T80,0.0,,0.05,5.0,0.06,123.81,0.009999999999999995,0.055,0.94,123.81,0.95,5.0,0.010000000000000009,0.945,1422.5,1329.39,1329.39,1422.5,,OK,,KXHIGHNY-26SEP08,2026-09-09T05:00:00Z,active,True
2026-09-08T18:27:12.001430+00:00,2026-09-08T18:27:12.001430+00:00,KXHIGHNY-26SEP08-B86.5,0.0,,,,0.01,14149.73,,,0.99,14149.73,,,,,0.0,21171.2,21171.2,0.0,,OK,,KXHIGHNY-26SEP08,2026-09-09T05:00:00Z,active,True
2026-09-08T18:27:12.001430+00:00,2026-09-08T18:27:12.001430+00:00,KXHIGHNY-26SEP08-B84.5,0.0,,,,0.01,4628.34,,,0.99,4628.34,,,,,0.0,14444.970000000001,14444.970000000001,0.0,,OK,,KXHIGHNY-26SEP08,2026-09-09T05:00:00Z,active,True
2026-09-08T18:27:12.001430+00:00,2026-09-08T18:27:12.001430+00:00,KXHIGHNY-26SEP08-B82.5,0.0,,0.2,8.0,0.22,5.86,0.01999999999999999,0.21000000000000002,0.78,5.86,0.8,8.0,0.020000000000000018,0.79,2768.0699999999997,1237.5900000000001,1237.5900000000001,2768.0699999999997,,OK,,KXHIGHNY-26SEP08,2026-09-09T05:00:00Z,active,True
2026-09-08T18:27:12.001430+00:00,2026-09-08T18:27:12.001430+00:00,KXHIGHNY-26SEP08-B80.5,0.0,,0.71,3.0,0.75,190.99,0.040000000000000036,0.73,0.25,190.99,0.29,3.0,0.03999999999999998,0.27,1861.49,2056.87,2056.87,1861.49,,OK,,KXHIGHNY-26SEP08,2026-09-09T05:00:00Z,active,True
2026-09-08T21:44:26.171105+00:00,2026-09-08T21:44:26.171105+00:00,KXHIGHNY-26SEP09-T91,0.0,,,,0.01,1937.25,,,0.99,1937.25,,,,,0.0,4725.25,4725.25,0.0,,OK,,KXHIGHNY-26SEP09,2026-09-10T05:00:00Z,active,True
2026-09-08T21:44:26.171105+00:00,2026-09-08T21:44:26.171105+00:00,KXHIGHNY-26SEP09-T84,0.0,,0.42,26.29,0.43,8.41,0.010000000000000009,0.425,0.57,8.41,0.58,26.29,0.010000000000000009,0.575,1858.6200000000001,814.41,814.41,1858.6200000000001,,OK,,KXHIGHNY-26SEP09,2026-09-10T05:00:00Z,active,True
2026-09-08T21:44:26.171105+00:00,2026-09-08T21:44:26.171105+00:00,KXHIGHNY-26SEP09-B90.5,0.0,,0.01,616.47,0.02,119.0,0.01,0.015,0.98,119.0,0.99,616.47,0.010000000000000009,0.985,616.47,1323.06,1323.06,616.47,,OK,,KXHIGHNY-26SEP09,2026-09-10T05:00:00Z,active,True
2026-09-08T21:44:26.171105+00:00,2026-09-08T21:44:26.171105+00:00,KXHIGHNY-26SEP09-B88.5,0.0,,0.02,138.81,0.03,80.0,0.009999999999999998,0.025,0.97,80.0,0.98,138.81,0.010000000000000009,0.975,1566.81,2008.0,2008.0,1566.81,,OK,,KXHIGHNY-26SEP09,2026-09-10T05:00:00Z,active,True
2026-09-08T21:44:26.171105+00:00,2026-09-08T21:44:26.171105+00:00,KXHIGHNY-26SEP09-B86.5,0.0,,0.16,8.97,0.17,11.45,0.010000000000000009,0.165,0.83,11.45,0.84,8.97,0.010000000000000009,0.835,5613.07,1819.75,1819.75,5613.07,,OK,,KXHIGHNY-26SEP09,2026-09-10T05:00:00Z,active,True
2026-09-08T21:44:26.171105+00:00,2026-09-08T21:44:26.171105+00:00,KXHIGHNY-26SEP09-B84.5,0.0,,0.4,84.18,0.41,50.0,0.009999999999999953,0.405,0.59,50.0,0.6,84.18,0.010000000000000009,0.595,2074.3,1923.03,1923.03,2074.3,,OK,,KXHIGHNY-26SEP09,2026-09-10T05:00:00Z,active,True
2026-09-08T21:44:26.171105+00:00,2026-09-08T21:44:26.171105+00:00,KXHIGHNY-26SEP08-T87,0.0,,,,0.01,23045.96,,,0.99,23045.96,,,,,0.0,30522.96,30522.96,0.0,,OK,,KXHIGHNY-26SEP08,2026-09-09T05:00:00Z,active,True
2026-09-08T21:44:26.171105+00:00,2026-09-08T21:44:26.171105+00:00,KXHIGHNY-26SEP08-T80,0.0,,,,0.01,242282.78,,,0.99,242282.78,,,,,0.0,245604.2,245604.2,0.0,,OK,,KXHIGHNY-26SEP08,2026-09-09T05:00:00Z,active,True
2026-09-08T21:44:26.171105+00:00,2026-09-08T21:44:26.171105+00:00,KXHIGHNY-26SEP08-B86.5,0.0,,,,0.01,29248.19,,,0.99,29248.19,,,,,0.0,36740.25,36740.25,0.0,,OK,,KXHIGHNY-26SEP08,2026-09-09T05:00:00Z,active,True
2026-09-08T21:44:26.171105+00:00,2026-09-08T21:44:26.171105+00:00,KXHIGHNY-26SEP08-B84.5,0.0,,,,0.01,16695.7,,,0.99,16695.7,,,,,0.0,30509.330000000005,30509.330000000005,0.0,,OK,,KXHIGHNY-26SEP08,2026-09-09T05:00:00Z,active,True
2026-09-08T21:44:26.171105+00:00,2026-09-08T21:44:26.171105+00:00,KXHIGHNY-26SEP08-B82.5,0.0,,,,0.01,12259.94,,,0.99,12259.94,,,,,0.0,13906.980000000001,13906.980000000001,0.0,,OK,,KXHIGHNY-26SEP08,2026-09-09T05:00:00Z,active,True
2026-09-08T21:44:26.171105+00:00,2026-09-08T21:44:26.171105+00:00,KXHIGHNY-26SEP08-B80.5,0.0,,0.99,10996.93,,,,,,,0.01,10996.93,,,12745.33,0.0,0.0,12745.33,,OK,,KXHIGHNY-26SEP08,2026-09-09T05:00:00Z,active,True
2026-09-08T23:58:44.913619+00:00,2026-09-08T23:58:44.913619+00:00,KXHIGHNY-26SEP09-T91,0.0,,,,0.01,1956.67,,,0.99,1956.67,,,,,0.0,4687.67,4687.67,0.0,,OK,,KXHIGHNY-26SEP09,2026-09-10T05:00:00Z,active,True
2026-09-08T23:58:44.913619+00:00,2026-09-08T23:58:44.913619+00:00,KXHIGHNY-26SEP09-T84,0.0,,0.44,52.0,0.45,364.94,0.010000000000000009,0.445,0.55,364.94,0.56,52.0,0.010000000000000009,0.555,729.9499999999999,2146.94,2146.94,729.9499999999999,,OK,,KXHIGHNY-26SEP09,2026-09-10T05:00:00Z,active,True
2026-09-08T23:58:44.913619+00:00,2026-09-08T23:58:44.913619+00:00,KXHIGHNY-26SEP09-B90.5,0.0,,0.01,547.74,0.02,117.61,0.01,0.015,0.98,117.61,0.99,547.74,0.010000000000000009,0.985,547.74,1513.67,1513.67,547.74,,OK,,KXHIGHNY-26SEP09,2026-09-10T05:00:00Z,active,True
2026-09-08T23:58:44.913619+00:00,2026-09-08T23:58:44.913619+00:00,KXHIGHNY-26SEP09-B88.5,0.0,,0.01,771.0,0.02,36.01,0.01,0.015,0.98,36.01,0.99,771.0,0.010000000000000009,0.985,771.0,1296.01,1296.01,771.0,,OK,,KXHIGHNY-26SEP09,2026-09-10T05:00:00Z,active,True
2026-09-08T23:58:44.913619+00:00,2026-09-08T23:58:44.913619+00:00,KXHIGHNY-26SEP09-B86.5,0.0,,0.15,138.75,0.17,20.0,0.020000000000000018,0.16,0.83,20.0,0.85,138.75,0.020000000000000018,0.84,5462.75,773.5,773.5,5462.75,,OK,,KXHIGHNY-26SEP09,2026-09-10T05:00:00Z,active,True
2026-09-08T23:58:44.913619+00:00,2026-09-08T23:58:44.913619+00:00,KXHIGHNY-26SEP09-B84.5,0.0,,0.4,305.51,0.41,51.0,0.009999999999999953,0.405,0.59,51.0,0.6,305.51,0.010000000000000009,0.595,2580.15,1813.28,1813.28,2580.15,,OK,,KXHIGHNY-26SEP09,2026-09-10T05:00:00Z,active,True
2026-09-08T23:58:44.913619+00:00,2026-09-08T23:58:44.913619+00:00,KXHIGHNY-26SEP08-T87,0.0,,,,0.01,52734.96,,,0.99,52734.96,,,,,0.0,60222.96,60222.96,0.0,,OK,,KXHIGHNY-26SEP08,2026-09-09T05:00:00Z,active,True
2026-09-08T23:58:44.913619+00:00,2026-09-08T23:58:44.913619+00:00,KXHIGHNY-26SEP08-T80,0.0,,,,0.01,339000.07,,,0.99,339000.07,,,,,0.0,343733.59,343733.59,0.0,,OK,,KXHIGHNY-26SEP08,2026-09-09T05:00:00Z,active,True
2026-09-08T23:58:44.913619+00:00,2026-09-08T23:58:44.913619+00:00,KXHIGHNY-26SEP08-B86.5,0.0,,,,0.01,59147.19,,,0.99,59147.19,,,,,0.0,66728.25,66728.25,0.0,,OK,,KXHIGHNY-26SEP08,2026-09-09T05:00:00Z,active,True
2026-09-08T23:58:44.913619+00:00,2026-09-08T23:58:44.913619+00:00,KXHIGHNY-26SEP08-B84.5,0.0,,,,0.01,50435.78,,,0.99,50435.78,,,,,0.0,64341.409999999996,64341.409999999996,0.0,,OK,,KXHIGHNY-26SEP08,2026-09-09T05:00:00Z,active,True
2026-09-08T23:58:44.913619+00:00,2026-09-08T23:58:44.913619+00:00,KXHIGHNY-26SEP08-B82.5,0.0,,,,0.01,21379.47,,,0.99,21379.47,,,,,0.0,23883.289999999997,23883.289999999997,0.0,,OK,,KXHIGHNY-26SEP08,2026-09-09T05:00:00Z,active,True
2026-09-08T23:58:44.913619+00:00,2026-09-08T23:58:44.913619+00:00,KXHIGHNY-26SEP08-B80.5,0.0,,0.99,46695.08,,,,,,,0.01,46695.08,,,48940.52999999999,0.0,0.0,48940.52999999999,,OK,,KXHIGHNY-26SEP08,2026-09-09T05:00:00Z,active,True
2026-09-09T04:13:34.636138+00:00,2026-09-09T04:13:34.636138+00:00,KXHIGHNY-26SEP09-T91,0.0,,,,0.01,7205.25,,,0.99,7205.25,,,,,0.0,10038.25,10038.25,0.0,,OK,,KXHIGHNY-26SEP09,2026-09-10T05:00:00Z,active,True
2026-09-09T04:13:34.636138+00:00,2026-09-09T04:13:34.636138+00:00,KXHIGHNY-26SEP09-T84,0.0,,0.5,12.43,0.51,130.0,0.010000000000000009,0.505,0.49,130.0,0.5,12.43,0.010000000000000009,0.495,996.13,2617.59,2617.59,996.13,,OK,,KXHIGHNY-26SEP09,2026-09-10T05:00:00Z,active,True
2026-09-09T04:13:34.636138+00:00,2026-09-09T04:13:34.636138+00:00,KXHIGHNY-26SEP09-B90.5,0.0,,0.01,165.16,0.02,455.61,0.01,0.015,0.98,455.61,0.99,165.16,0.010000000000000009,0.985,165.16,2628.84,2628.84,165.16,,OK,,KXHIGHNY-26SEP09,2026-09-10T05:00:00Z,active,True
2026-09-09T04:13:34.636138+00:00,2026-09-09T04:13:34.636138+00:00,KXHIGHNY-26SEP09-B88.5,0.0,,0.01,1001.42,0.02,194.0,0.01,0.015,0.98,194.0,0.99,1001.42,0.010000000000000009,0.985,1001.42,1221.17,1221.17,1001.42,,OK,,KXHIGHNY-26SEP09,2026-09-10T05:00:00Z,active,True
2026-09-09T04:13:34.636138+00:00,2026-09-09T04:13:34.636138+00:00,KXHIGHNY-26SEP09-B86.5,0.0,,0.11,43.0,0.13,97.75,0.020000000000000004,0.12,0.87,97.75,0.89,43.0,0.020000000000000018,0.88,4443.85,1045.05,1045.05,4443.85,,OK,,KXHIGHNY-26SEP09,2026-09-10T05:00:00Z,active,True
2026-09-09T04:13:34.636138+00:00,2026-09-09T04:13:34.636138+00:00,KXHIGHNY-26SEP09-B84.5,0.0,,0.4,2.17,0.41,108.0,0.009999999999999953,0.405,0.59,108.0,0.6,2.17,0.010000000000000009,0.595,1059.18,2278.0,2278.0,1059.18,,OK,,KXHIGHNY-26SEP09,2026-09-10T05:00:00Z,active,True
2026-09-09T04:13:34.636138+00:00,2026-09-09T04:13:34.636138+00:00,KXHIGHNY-26SEP08-T87,0.0,,,,0.01,52576.45,,,0.99,52576.45,,,,,0.0,60052.45,60052.45,0.0,,OK,,KXHIGHNY-26SEP08,2026-09-09T05:00:00Z,active,True
2026-09-09T04:13:34.636138+00:00,2026-09-09T04:13:34.636138+00:00,KXHIGHNY-26SEP08-T80,0.0,,,,0.01,303498.34,,,0.99,303498.34,,,,,0.0,308100.86000000004,308100.86000000004,0.0,,OK,,KXHIGHNY-26SEP08,2026-09-09T05:00:00Z,active,True
2026-09-09T04:13:34.636138+00:00,2026-09-09T04:13:34.636138+00:00,KXHIGHNY-26SEP08-B86.5,0.0,,,,0.01,59105.19,,,0.99,59105.19,,,,,0.0,66597.25,66597.25,0.0,,OK,,KXHIGHNY-26SEP08,2026-09-09T05:00:00Z,active,True
2026-09-09T04:13:34.636138+00:00,2026-09-09T04:13:34.636138+00:00,KXHIGHNY-26SEP08-B84.5,0.0,,,,0.01,40892.6,,,0.99,40892.6,,,,,0.0,42622.229999999996,42622.229999999996,0.0,,OK,,KXHIGHNY-26SEP08,2026-09-09T05:00:00Z,active,True
2026-09-09T04:13:34.636138+00:00,2026-09-09T04:13:34.636138+00:00,KXHIGHNY-26SEP08-B82.5,0.0,,,,0.01,19255.63,,,0.99,19255.63,,,,,0.0,21357.93,21357.93,0.0,,OK,,KXHIGHNY-26SEP08,2026-09-09T05:00:00Z,active,True
2026-09-09T04:13:34.636138+00:00,2026-09-09T04:13:34.636138+00:00,KXHIGHNY-26SEP08-B80.5,0.0,,0.99,44155.91,,,,,,,0.01,44155.91,,,46036.81,0.0,0.0,46036.81,,OK,,KXHIGHNY-26SEP08,2026-09-09T05:00:00Z,active,True
2026-09-09T09:31:55.695268+00:00,2026-09-09T09:31:55.695268+00:00,KXHIGHNY-26SEP09-T91,0.0,,,,0.01,12825.46,,,0.99,12825.46,,,,,0.0,15294.46,15294.46,0.0,,OK,,KXHIGHNY-26SEP09,2026-09-10T05:00:00Z,active,True
2026-09-09T09:31:55.695268+00:00,2026-09-09T09:31:55.695268+00:00,KXHIGHNY-26SEP09-T84,0.0,,0.68,68.0,0.69,42.0,0.009999999999999898,0.685,0.31,42.0,0.32,68.0,0.010000000000000009,0.315,2052.73,2204.18,2204.18,2052.73,,OK,,KXHIGHNY-26SEP09,2026-09-10T05:00:00Z,active,True
2026-09-09T09:31:55.695268+00:00,2026-09-09T09:31:55.695268+00:00,KXHIGHNY-26SEP09-B90.5,0.0,,,,0.01,83.0,,,0.99,83.0,,,,,0.0,1946.0,1946.0,0.0,,OK,,KXHIGHNY-26SEP09,2026-09-10T05:00:00Z,active,True
2026-09-09T09:31:55.695268+00:00,2026-09-09T09:31:55.695268+00:00,KXHIGHNY-26SEP09-B88.5,0.0,,0.01,312.29,0.02,44.0,0.01,0.015,0.98,44.0,0.99,312.29,0.010000000000000009,0.985,312.29,1157.0,1157.0,312.29,,OK,,KXHIGHNY-26SEP09,2026-09-10T05:00:00Z,active,True
2026-09-09T09:31:55.695268+00:00,2026-09-09T09:31:55.695268+00:00,KXHIGHNY-26SEP09-B86.5,0.0,,0.05,10.0,0.06,61.0,0.009999999999999995,0.055,0.94,61.0,0.95,10.0,0.010000000000000009,0.945,2731.59,1518.5,1518.5,2731.59,,OK,,KXHIGHNY-26SEP09,2026-09-10T05:00:00Z,active,True
2026-09-09T09:31:55.695268+00:00,2026-09-09T09:31:55.695268+00:00,KXHIGHNY-26SEP09-B84.5,0.0,,0.23,26.0,0.25,101.0,0.01999999999999999,0.24,0.75,101.0,0.77,26.0,0.020000000000000018,0.76,2374.11,832.0,832.0,2374.11,,OK,,KXHIGHNY-26SEP09,2026-09-10T05:00:00Z,active,True
2026-09-09T14:20:04.748822+00:00,2026-09-09T14:20:04.748822+00:00,KXHIGHNY-26SEP10-T92,0.0,,,,0.01,31.0,,,0.99,31.0,,,,,0.0,1725.06,1725.06,0.0,,OK,,KXHIGHNY-26SEP10,2026-09-11T05:00:00Z,active,True
2026-09-09T14:20:04.748822+00:00,2026-09-09T14:20:04.748822+00:00,KXHIGHNY-26SEP10-T85,0.0,,0.29,29.0,0.32,36.0,0.030000000000000027,0.305,0.68,36.0,0.71,29.0,0.029999999999999916,0.6950000000000001,994.0,1257.0,1257.0,994.0,,OK,,KXHIGHNY-26SEP10,2026-09-11T05:00:00Z,active,True
2026-09-09T14:20:04.748822+00:00,2026-09-09T14:20:04.748822+00:00,KXHIGHNY-26SEP10-B91.5,0.0,,0.02,59.0,0.03,41.65,0.009999999999999998,0.025,0.97,41.65,0.98,59.0,0.010000000000000009,0.975,703.0,1362.65,1362.65,703.0,,OK,,KXHIGHNY-26SEP10,2026-09-11T05:00:00Z,active,True
2026-09-09T14:20:04.748822+00:00,2026-09-09T14:20:04.748822+00:00,KXHIGHNY-26SEP10-B89.5,0.0,,0.01,1291.0,0.03,79.59,0.019999999999999997,0.02,0.97,79.59,0.99,1291.0,0.020000000000000018,0.98,1291.0,1509.5900000000001,1509.5900000000001,1291.0,,OK,,KXHIGHNY-26SEP10,2026-09-11T05:00:00Z,active,True
2026-09-09T14:20:04.748822+00:00,2026-09-09T14:20:04.748822+00:00,KXHIGHNY-26SEP10-B87.5,0.0,,0.25,1.0,0.26,30.0,0.010000000000000009,0.255,0.74,30.0,0.75,1.0,0.010000000000000009,0.745,1576.0,1285.0,1285.0,1576.0,,OK,,KXHIGHNY-26SEP10,2026-09-11T05:00:00Z,active,True
2026-09-09T14:20:04.748822+00:00,2026-09-09T14:20:04.748822+00:00,KXHIGHNY-26SEP10-B85.5,0.0,,0.41,83.0,0.42,5.0,0.010000000000000009,0.415,0.58,5.0,0.59,83.0,0.010000000000000009,0.585,1652.0,2128.0,2128.0,1652.0,,OK,,KXHIGHNY-26SEP10,2026-09-11T05:00:00Z,active,True
2026-09-09T14:20:04.748822+00:00,2026-09-09T14:20:04.748822+00:00,KXHIGHNY-26SEP09-T91,0.0,,,,0.01,13267.33,,,0.99,13267.33,,,,,0.0,20444.33,20444.33,0.0,,OK,,KXHIGHNY-26SEP09,2026-09-10T05:00:00Z,active,True
2026-09-09T14:20:04.748822+00:00,2026-09-09T14:20:04.748822+00:00,KXHIGHNY-26SEP09-T84,0.0,,0.57,48.0,0.58,67.0,0.010000000000000009,0.575,0.42,67.0,0.43,48.0,0.010000000000000009,0.425,4479.78,1918.8300000000002,1918.8300000000002,4479.78,,OK,,KXHIGHNY-26SEP09,2026-09-10T05:00:00Z,active,True
2026-09-09T14:20:04.748822+00:00,2026-09-09T14:20:04.748822+00:00,KXHIGHNY-26SEP09-B90.5,0.0,,,,0.01,10188.7,,,0.99,10188.7,,,,,0.0,16723.7,16723.7,0.0,,OK,,KXHIGHNY-26SEP09,2026-09-10T05:00:00Z,active,True
2026-09-09T14:20:04.748822+00:00,2026-09-09T14:20:04.748822+00:00,KXHIGHNY-26SEP09-B88.5,0.0,,,,0.01,355.54,,,0.99,355.54,,,,,0.0,1203.54,1203.54,0.0,,OK,,KXHIGHNY-26SEP09,2026-09-10T05:00:00Z,active,True
2026-09-09T14:20:04.748822+00:00,2026-09-09T14:20:04.748822+00:00,KXHIGHNY-26SEP09-B86.5,0.0,,0.06,76.0,0.08,134.0,0.020000000000000004,0.07,0.92,134.0,0.94,76.0,0.019999999999999907,0.9299999999999999,2580.23,1113.87,1113.87,2580.23,,OK,,KXHIGHNY-26SEP09,2026-09-10T05:00:00Z,active,True
2026-09-09T14:20:04.748822+00:00,2026-09-09T14:20:04.748822+00:00,KXHIGHNY-26SEP09-B84.5,0.0,,0.4,42.19,0.41,48.28,0.009999999999999953,0.405,0.59,48.28,0.6,42.19,0.010000000000000009,0.595,452.05,1703.46,1703.46,452.05,,OK,,KXHIGHNY-26SEP09,2026-09-10T05:00:00Z,active,True
2026-09-09T18:26:53.596091+00:00,2026-09-09T18:26:53.596091+00:00,KXHIGHNY-26SEP10-T92,0.0,,,,0.01,35.0,,,0.99,35.0,,,,,0.0,2062.6699999999996,2062.6699999999996,0.0,,OK,,KXHIGHNY-26SEP10,2026-09-11T05:00:00Z,active,True
2026-09-09T18:26:53.596091+00:00,2026-09-09T18:26:53.596091+00:00,KXHIGHNY-26SEP10-T85,0.0,,0.25,106.0,0.26,120.0,0.010000000000000009,0.255,0.74,120.0,0.75,106.0,0.010000000000000009,0.745,1663.07,606.22,606.22,1663.07,,OK,,KXHIGHNY-26SEP10,2026-09-11T05:00:00Z,active,True
2026-09-09T18:26:53.596091+00:00,2026-09-09T18:26:53.596091+00:00,KXHIGHNY-26SEP10-B91.5,0.0,,0.01,622.82,0.02,21.0,0.01,0.015,0.98,21.0,0.99,622.82,0.010000000000000009,0.985,622.82,621.9000000000001,621.9000000000001,622.82,,OK,,KXHIGHNY-26SEP10,2026-09-11T05:00:00Z,active,True
2026-09-09T18:26:53.596091+00:00,2026-09-09T18:26:53.596091+00:00,KXHIGHNY-26SEP10-B89.5,0.0,,0.03,131.88,0.04,116.0,0.010000000000000002,0.035,0.96,116.0,0.97,131.88,0.010000000000000009,0.965,1639.88,425.6,425.6,1639.88,,OK,,KXHIGHNY-26SEP10,2026-09-11T05:00:00Z,active,True
2026-09-09T18:26:53.596091+00:00,2026-09-09T18:26:53.596091+00:00,KXHIGHNY-26SEP10-B87.5,0.0,,0.33,4.56,0.34,5.56,0.010000000000000009,0.335,0.66,5.56,0.67,4.56,0.010000000000000009,0.665,1854.2500000000002,1632.9499999999998,1632.9499999999998,1854.2500000000002,,OK,,KXHIGHNY-26SEP10,2026-09-11T05:00:00Z,active,True
2026-09-09T18:26:53.596091+00:00,2026-09-09T18:26:53.596091+00:00,KXHIGHNY-26SEP10-B85.5,0.0,,0.41,22.78,0.42,69.0,0.010000000000000009,0.415,0.58,69.0,0.59,22.78,0.010000000000000009,0.585,1261.5299999999997,1742.3,1742.3,1261.5299999999997,,OK,,KXHIGHNY-26SEP10,2026-09-11T05:00:00Z,active,True
2026-09-09T18:26:53.596091+00:00,2026-09-09T18:26:53.596091+00:00,KXHIGHNY-26SEP09-T91,0.0,,,,0.01,21840.1,,,0.99,21840.1,,,,,0.0,29028.1,29028.1,0.0,,OK,,KXHIGHNY-26SEP09,2026-09-10T05:00:00Z,active,True
2026-09-09T18:26:53.596091+00:00,2026-09-09T18:26:53.596091+00:00,KXHIGHNY-26SEP09-T84,0.0,,0.69,405.18,0.7,199.2,0.010000000000000009,0.695,0.3,199.2,0.31,405.18,0.010000000000000009,0.305,2985.8,2248.84,2248.84,2985.8,,OK,,KXHIGHNY-26SEP09,2026-09-10T05:00:00Z,active,True
2026-09-09T18:26:53.596091+00:00,2026-09-09T18:26:53.596091+00:00,KXHIGHNY-26SEP09-B90.5,0.0,,,,0.01,18479.47,,,0.99,18479.47,,,,,0.0,24637.47,24637.47,0.0,,OK,,KXHIGHNY-26SEP09,2026-09-10T05:00:00Z,active,True
2026-09-09T18:26:53.596091+00:00,2026-09-09T18:26:53.596091+00:00,KXHIGHNY-26SEP09-B88.5,0.0,,,,0.01,15799.37,,,0.99,15799.37,,,,,0.0,19318.370000000003,19318.370000000003,0.0,,OK,,KXHIGHNY-26SEP09,2026-09-10T05:00:00Z,active,True
2026-09-09T18:26:53.596091+00:00,2026-09-09T18:26:53.596091+00:00,KXHIGHNY-26SEP09-B86.5,0.0,,,,0.02,143.0,,,0.98,143.0,,,,,0.0,3962.9399999999996,3962.9399999999996,0.0,,OK,,KXHIGHNY-26SEP09,2026-09-10T05:00:00Z,active,True
2026-09-09T18:26:53.596091+00:00,2026-09-09T18:26:53.596091+00:00,KXHIGHNY-26SEP09-B84.5,0.0,,0.3,5.11,0.31,410.23,0.010000000000000009,0.305,0.69,410.23,0.7,5.11,0.010000000000000009,0.695,1697.66,2182.56,2182.56,1697.66,,OK,,KXHIGHNY-26SEP09,2026-09-10T05:00:00Z,active,True
2026-09-09T21:36:00.965514+00:00,2026-09-09T21:36:00.965514+00:00,KXHIGHNY-26SEP10-T92,0.0,,,,0.01,18.0,,,0.99,18.0,,,,,0.0,2192.89,2192.89,0.0,,OK,,KXHIGHNY-26SEP10,2026-09-11T05:00:00Z,active,True
2026-09-09T21:36:00.965514+00:00,2026-09-09T21:36:00.965514+00:00,KXHIGHNY-26SEP10-T85,0.0,,0.27,54.0,0.28,26.16,0.010000000000000009,0.275,0.72,26.16,0.73,54.0,0.010000000000000009,0.725,2444.91,680.64,680.64,2444.91,,OK,,KXHIGHNY-26SEP10,2026-09-11T05:00:00Z,active,True
2026-09-09T21:36:00.965514+00:00,2026-09-09T21:36:00.965514+00:00,KXHIGHNY-26SEP10-B91.5,0.0,,0.01,622.04,0.02,20.0,0.01,0.015,0.98,20.0,0.99,622.04,0.010000000000000009,0.985,622.04,1104.06,1104.06,622.04,,OK,,KXHIGHNY-26SEP10,2026-09-11T05:00:00Z,active,True
2026-09-09T21:36:00.965514+00:00,2026-09-09T21:36:00.965514+00:00,KXHIGHNY-26SEP10-B89.5,0.0,,0.03,125.88,0.04,63.15,0.010000000000000002,0.035,0.96,63.15,0.97,125.88,0.010000000000000009,0.965,1741.88,820.27,820.27,1741.88,,OK,,KXHIGHNY-26SEP10,2026-09-11T05:00:00Z,active,True
2026-09-09T21:36:00.965514+00:00,2026-09-09T21:36:00.965514+00:00,KXHIGHNY-26SEP10-B87.5,0.0,,0.27,24.0,0.28,2.0,0.010000000000000009,0.275,0.72,2.0,0.73,24.0,0.010000000000000009,0.725,2276.0,794.8299999999999,794.8299999999999,2276.0,,OK,,KXHIGHNY-26SEP10,2026-09-11T05:00:00Z,active,True
2026-09-09T21:36:00.965514+00:00,2026-09-09T21:36:00.965514+00:00,KXHIGHNY-26SEP10-B85.5,0.0,,0.37,9.02,0.38,65.63,0.010000000000000009,0.375,0.62,65.63,0.63,9.02,0.010000000000000009,0.625,2321.0299999999997,1751.19,1751.19,2321.0299999999997,,OK,,KXHIGHNY-26SEP10,2026-09-11T05:00:00Z,active,True
2026-09-09T21:36:00.965514+00:00,2026-09-09T21:36:00.965514+00:00,KXHIGHNY-26SEP09-T91,0.0,,,,0.01,67561.74,,,0.99,67561.74,,,,,0.0,74682.74,74682.74,0.0,,OK,,KXHIGHNY-26SEP09,2026-09-10T05:00:00Z,active,True
2026-09-09T21:36:00.965514+00:00,2026-09-09T21:36:00.965514+00:00,KXHIGHNY-26SEP09-T84,0.0,,0.99,25523.41,,,,,,,0.01,25523.41,,,32088.579999999998,0.0,0.0,32088.579999999998,,OK,,KXHIGHNY-26SEP09,2026-09-10T05:00:00Z,active,True
2026-09-09T21:36:00.965514+00:00,2026-09-09T21:36:00.965514+00:00,KXHIGHNY-26SEP09-B90.5,0.0,,,,0.01,48728.11,,,0.99,48728.11,,,,,0.0,55286.11,55286.11,0.0,,OK,,KXHIGHNY-26SEP09,2026-09-10T05:00:00Z,active,True
2026-09-09T21:36:00.965514+00:00,2026-09-09T21:36:00.965514+00:00,KXHIGHNY-26SEP09-B88.5,0.0,,,,0.01,53612.01,,,0.99,53612.01,,,,,0.0,57100.01,57100.01,0.0,,OK,,KXHIGHNY-26SEP09,2026-09-10T05:00:00Z,active,True
2026-09-09T21:36:00.965514+00:00,2026-09-09T21:36:00.965514+00:00,KXHIGHNY-26SEP09-B86.5,0.0,,,,0.01,11415.09,,,0.99,11415.09,,,,,0.0,12371.79,12371.79,0.0,,OK,,KXHIGHNY-26SEP09,2026-09-10T05:00:00Z,active,True
2026-09-09T21:36:00.965514+00:00,2026-09-09T21:36:00.965514+00:00,KXHIGHNY-26SEP09-B84.5,0.0,,,,0.01,21130.37,,,0.99,21130.37,,,,,0.0,24425.36,24425.36,0.0,,OK,,KXHIGHNY-26SEP09,2026-09-10T05:00:00Z,active,True
2026-09-09T23:59:39.311011+00:00,2026-09-09T23:59:39.311011+00:00,KXHIGHNY-26SEP10-T92,0.0,,,,0.01,39.97,,,0.99,39.97,,,,,0.0,2389.56,2389.56,0.0,,OK,,KXHIGHNY-26SEP10,2026-09-11T05:00:00Z,active,True
2026-09-09T23:59:39.311011+00:00,2026-09-09T23:59:39.311011+00:00,KXHIGHNY-26SEP10-T85,0.0,,0.26,65.03,0.27,211.77,0.010000000000000009,0.265,0.73,211.77,0.74,65.03,0.010000000000000009,0.735,2233.09,770.61,770.61,2233.09,,OK,,KXHIGHNY-26SEP10,2026-09-11T05:00:00Z,active,True
2026-09-09T23:59:39.311011+00:00,2026-09-09T23:59:39.311011+00:00,KXHIGHNY-26SEP10-B91.5,0.0,,0.01,532.78,0.02,71.0,0.01,0.015,0.98,71.0,0.99,532.78,0.010000000000000009,0.985,532.78,1149.59,1149.59,532.78,,OK,,KXHIGHNY-26SEP10,2026-09-11T05:00:00Z,active,True
2026-09-09T23:59:39.311011+00:00,2026-09-09T23:59:39.311011+00:00,KXHIGHNY-26SEP10-B89.5,0.0,,0.06,26.0,0.07,9.0,0.010000000000000009,0.065,0.93,9.0,0.94,26.0,0.009999999999999898,0.935,2228.0,449.08,449.08,2228.0,,OK,,KXHIGHNY-26SEP10,2026-09-11T05:00:00Z,active,True
2026-09-09T23:59:39.311011+00:00,2026-09-09T23:59:39.311011+00:00,KXHIGHNY-26SEP10-B87.5,0.0,,0.34,27.0,0.35,10.7,0.009999999999999953,0.345,0.65,10.7,0.66,27.0,0.010000000000000009,0.655,1850.47,708.03,708.03,1850.47,,OK,,KXHIGHNY-26SEP10,2026-09-11T05:00:00Z,active,True
2026-09-09T23:59:39.311011+00:00,2026-09-09T23:59:39.311011+00:00,KXHIGHNY-26SEP10-B85.5,0.0,,0.35,24.03,0.36,17.55,0.010000000000000009,0.355,0.64,17.55,0.65,24.03,0.010000000000000009,0.645,1325.58,1562.55,1562.55,1325.58,,OK,,KXHIGHNY-26SEP10,2026-09-11T05:00:00Z,active,True
2026-09-09T23:59:39.311011+00:00,2026-09-09T23:59:39.311011+00:00,KXHIGHNY-26SEP09-T91,0.0,,,,0.01,67527.74,,,0.99,67527.74,,,,,0.0,74600.74,74600.74,0.0,,OK,,KXHIGHNY-26SEP09,2026-09-10T05:00:00Z,active,True
2026-09-09T23:59:39.311011+00:00,2026-09-09T23:59:39.311011+00:00,KXHIGHNY-26SEP09-T84,0.0,,0.99,35500.67,,,,,,,0.01,35500.67,,,42106.65,0.0,0.0,42106.65,,OK,,KXHIGHNY-26SEP09,2026-09-10T05:00:00Z,active,True
2026-09-09T23:59:39.311011+00:00,2026-09-09T23:59:39.311011+00:00,KXHIGHNY-26SEP09-B90.5,0.0,,,,0.01,48404.11,,,0.99,48404.11,,,,,0.0,54918.11,54918.11,0.0,,OK,,KXHIGHNY-26SEP09,2026-09-10T05:00:00Z,active,True
2026-09-09T23:59:39.311011+00:00,2026-09-09T23:59:39.311011+00:00,KXHIGHNY-26SEP09-B88.5,0.0,,,,0.01,38386.01,,,0.99,38386.01,,,,,0.0,39387.01,39387.01,0.0,,OK,,KXHIGHNY-26SEP09,2026-09-10T05:00:00Z,active,True
2026-09-09T23:59:39.311011+00:00,2026-09-09T23:59:39.311011+00:00,KXHIGHNY-26SEP09-B86.5,0.0,,,,0.01,31259.69,,,0.99,31259.69,,,,,0.0,32128.789999999997,32128.789999999997,0.0,,OK,,KXHIGHNY-26SEP09,2026-09-10T05:00:00Z,active,True
2026-09-09T23:59:39.311011+00:00,2026-09-09T23:59:39.311011+00:00,KXHIGHNY-26SEP09-B84.5,0.0,,,,0.01,46969.04,,,0.99,46969.04,,,,,0.0,53210.659999999996,53210.659999999996,0.0,,OK,,KXHIGHNY-26SEP09,2026-09-10T05:00:00Z,active,True
2026-09-10T04:10:55.411032+00:00,2026-09-10T04:10:55.411032+00:00,KXHIGHNY-26SEP10-T92,0.0,,,,0.01,83.0,,,0.99,83.0,,,,,0.0,2664.06,2664.06,0.0,,OK,,KXHIGHNY-26SEP10,2026-09-11T05:00:00Z,active,True
2026-09-10T04:10:55.411032+00:00,2026-09-10T04:10:55.411032+00:00,KXHIGHNY-26SEP10-T85,0.0,,0.11,1.0,0.12,33.81,0.009999999999999995,0.11499999999999999,0.88,33.81,0.89,1.0,0.010000000000000009,0.885,3335.62,761.56,761.56,3335.62,,OK,,KXHIGHNY-26SEP10,2026-09-11T05:00:00Z,active,True
2026-09-10T04:10:55.411032+00:00,2026-09-10T04:10:55.411032+00:00,KXHIGHNY-26SEP10-B91.5,0.0,,0.01,396.93,0.02,195.21,0.01,0.015,0.98,195.21,0.99,396.93,0.010000000000000009,0.985,396.93,1609.12,1609.12,396.93,,OK,,KXHIGHNY-26SEP10,2026-09-11T05:00:00Z,active,True
2026-09-10T04:10:55.411032+00:00,2026-09-10T04:10:55.411032+00:00,KXHIGHNY-26SEP10-B89.5,0.0,,0.03,78.12,0.04,25.0,0.010000000000000002,0.035,0.96,25.0,0.97,78.12,0.010000000000000009,0.965,1575.12,1359.8,1359.8,1575.12,,OK,,KXHIGHNY-26SEP10,2026-09-11T05:00:00Z,active,True
2026-09-10T04:10:55.411032+00:00,2026-09-10T04:10:55.411032+00:00,KXHIGHNY-26SEP10-B87.5,0.0,,0.43,44.48,0.45,397.57,0.020000000000000018,0.44,0.55,397.57,0.57,44.48,0.019999999999999907,0.56,1334.07,1985.51,1985.51,1334.07,,OK,,KXHIGHNY-26SEP10,2026-09-11T05:00:00Z,active,True
2026-09-10T04:10:55.411032+00:00,2026-09-10T04:10:55.411032+00:00,KXHIGHNY-26SEP10-B85.5,0.0,,0.39,197.78,0.43,85.0,0.03999999999999998,0.41000000000000003,0.57,85.0,0.61,197.78,0.040000000000000036,0.59,1242.78,2153.74,2153.74,1242.78,,OK,,KXHIGHNY-26SEP10,2026-09-11T05:00:00Z,active,True
2026-09-10T04:10:55.411032+00:00,2026-09-10T04:10:55.411032+00:00,KXHIGHNY-26SEP09-T91,0.0,,,,0.01,60088.74,,,0.99,60088.74,,,,,0.0,67119.73999999999,67119.73999999999,0.0,,OK,,KXHIGHNY-26SEP09,2026-09-10T05:00:00Z,active,True
2026-09-10T04:10:55.411032+00:00,2026-09-10T04:10:55.411032+00:00,KXHIGHNY-26SEP09-T84,0.0,,0.99,31879.44,,,,,,,0.01,31879.44,,,38400.61,0.0,0.0,38400.61,,OK,,KXHIGHNY-26SEP09,2026-09-10T05:00:00Z,active,True
2026-09-10T04:10:55.411032+00:00,2026-09-10T04:10:55.411032+00:00,KXHIGHNY-26SEP09-B90.5,0.0,,,,0.01,39101.32,,,0.99,39101.32,,,,,0.0,45631.32,45631.32,0.0,,OK,,KXHIGHNY-26SEP09,2026-09-10T05:00:00Z,active,True
2026-09-10T04:10:55.411032+00:00,2026-09-10T04:10:55.411032+00:00,KXHIGHNY-26SEP09-B88.5,0.0,,,,0.01,38011.01,,,0.99,38011.01,,,,,0.0,39068.770000000004,39068.770000000004,0.0,,OK,,KXHIGHNY-26SEP09,2026-09-10T05:00:00Z,active,True
2026-09-10T04:10:55.411032+00:00,2026-09-10T04:10:55.411032+00:00,KXHIGHNY-26SEP09-B86.5,0.0,,,,0.01,124763.08,,,0.99,124763.08,,,,,0.0,134575.87000000002,134575.87000000002,0.0,,OK,,KXHIGHNY-26SEP09,2026-09-10T05:00:00Z,active,True
2026-09-10T04:10:55.411032+00:00,2026-09-10T04:10:55.411032+00:00,KXHIGHNY-26SEP09-B84.5,0.0,,,,0.01,38321.93,,,0.99,38321.93,,,,,0.0,45551.66,45551.66,0.0,,OK,,KXHIGHNY-26SEP09,2026-09-10T05:00:00Z,active,True
2026-09-10T09:31:18.041905+00:00,2026-09-10T09:31:18.041905+00:00,KXHIGHNY-26SEP10-T92,0.0,,,,0.01,3265.48,,,0.99,3265.48,,,,,0.0,5298.54,5298.54,0.0,,OK,,KXHIGHNY-26SEP10,2026-09-11T05:00:00Z,active,True
2026-09-10T09:31:18.041905+00:00,2026-09-10T09:31:18.041905+00:00,KXHIGHNY-26SEP10-T85,0.0,,0.11,10.0,0.12,42.06,0.009999999999999995,0.11499999999999999,0.88,42.06,0.89,10.0,0.010000000000000009,0.885,2568.4300000000003,652.06,652.06,2568.4300000000003,,OK,,KXHIGHNY-26SEP10,2026-09-11T05:00:00Z,active,True
2026-09-10T09:31:18.041905+00:00,2026-09-10T09:31:18.041905+00:00,KXHIGHNY-26SEP10-B91.5,0.0,,0.01,397.13,0.02,605.0,0.01,0.015,0.98,605.0,0.99,397.13,0.010000000000000009,0.985,397.13,1779.99,1779.99,397.13,,OK,,KXHIGHNY-26SEP10,2026-09-11T05:00:00Z,active,True
2026-09-10T09:31:18.041905+00:00,2026-09-10T09:31:18.041905+00:00,KXHIGHNY-26SEP10-B89.5,0.0,,0.03,21.0,0.04,44.97,0.010000000000000002,0.035,0.96,44.97,0.97,21.0,0.010000000000000009,0.965,1926.0,1262.29,1262.29,1926.0,,OK,,KXHIGHNY-26SEP10,2026-09-11T05:00:00Z,active,True
2026-09-10T09:31:18.041905+00:00,2026-09-10T09:31:18.041905+00:00,KXHIGHNY-26SEP10-B87.5,0.0,,0.43,25.0,0.44,10.0,0.010000000000000009,0.435,0.56,10.0,0.57,25.0,0.009999999999999898,0.565,1106.74,2107.87,2107.87,1106.74,,OK,,KXHIGHNY-26SEP10,2026-09-11T05:00:00Z,active,True
2026-09-10T09:31:18.041905+00:00,2026-09-10T09:31:18.041905+00:00,KXHIGHNY-26SEP10-B85.5,0.0,,0.42,47.0,0.44,43.0,0.020000000000000018,0.43,0.56,43.0,0.58,47.0,0.019999999999999907,0.5700000000000001,1802.77,1720.5900000000001,1720.5900000000001,1802.77,,OK,,KXHIGHNY-26SEP10,2026-09-11T05:00:00Z,active,True
2026-09-10T14:13:14.278368+00:00,2026-09-10T14:13:14.278368+00:00,KXHIGHNY-26SEP11-T86,0.0,,,,0.02,47.0,,,0.98,47.0,,,,,0.0,1885.0,1885.0,0.0,,OK,,KXHIGHNY-26SEP11,2026-09-12T05:00:00Z,active,True
2026-09-10T14:13:14.278368+00:00,2026-09-10T14:13:14.278368+00:00,KXHIGHNY-26SEP11-T79,0.0,,0.27,2.12,0.28,50.0,0.010000000000000009,0.275,0.72,50.0,0.73,2.12,0.010000000000000009,0.725,3429.12,2158.0,2158.0,3429.12,,OK,,KXHIGHNY-26SEP11,2026-09-12T05:00:00Z,active,True
2026-09-10T14:13:14.278368+00:00,2026-09-10T14:13:14.278368+00:00,KXHIGHNY-26SEP11-B85.5,0.0,,0.02,60.0,0.03,11.0,0.009999999999999998,0.025,0.97,11.0,0.98,60.0,0.010000000000000009,0.975,728.0,1475.0,1475.0,728.0,,OK,,KXHIGHNY-26SEP11,2026-09-12T05:00:00Z,active,True
2026-09-10T14:13:14.278368+00:00,2026-09-10T14:13:14.278368+00:00,KXHIGHNY-26SEP11-B83.5,0.0,,0.03,148.0,0.04,5.0,0.010000000000000002,0.035,0.96,5.0,0.97,148.0,0.010000000000000009,0.965,881.0,2673.0,2673.0,881.0,,OK,,KXHIGHNY-26SEP11,2026-09-12T05:00:00Z,active,True
2026-09-10T14:13:14.278368+00:00,2026-09-10T14:13:14.278368+00:00,KXHIGHNY-26SEP11-B81.5,0.0,,0.22,50.0,0.25,6.0,0.03,0.235,0.75,6.0,0.78,50.0,0.030000000000000027,0.765,3297.0,1327.0,1327.0,3297.0,,OK,,KXHIGHNY-26SEP11,2026-09-12T05:00:00Z,active,True
2026-09-10T14:13:14.278368+00:00,2026-09-10T14:13:14.278368+00:00,KXHIGHNY-26SEP11-B79.5,0.0,,0.42,15.0,0.45,17.0,0.030000000000000027,0.435,0.55,17.0,0.58,15.0,0.029999999999999916,0.565,1458.0,2538.0,2538.0,1458.0,,OK,,KXHIGHNY-26SEP11,2026-09-12T05:00:00Z,active,True
2026-09-10T14:13:14.278368+00:00,2026-09-10T14:13:14.278368+00:00,KXHIGHNY-26SEP10-T92,0.0,,,,0.01,3189.93,,,0.99,3189.93,,,,,0.0,10383.99,10383.99,0.0,,OK,,KXHIGHNY-26SEP10,2026-09-11T05:00:00Z,active,True
2026-09-10T14:13:14.278368+00:00,2026-09-10T14:13:14.278368+00:00,KXHIGHNY-26SEP10-T85,0.0,,0.09,1080.86,0.11,36.0,0.020000000000000004,0.1,0.89,36.0,0.91,1080.86,0.020000000000000018,0.9,8419.01,552.14,552.14,8419.01,,OK,,KXHIGHNY-26SEP10,2026-09-11T05:00:00Z,active,True
2026-09-10T14:13:14.278368+00:00,2026-09-10T14:13:14.278368+00:00,KXHIGHNY-26SEP10-B91.5,0.0,,,,0.01,4570.95,,,0.99,4570.95,,,,,0.0,5356.95,5356.95,0.0,,OK,,KXHIGHNY-26SEP10,2026-09-11T05:00:00Z,active,True
2026-09-10T14:13:14.278368+00:00,2026-09-10T14:13:14.278368+00:00,KXHIGHNY-26SEP10-B89.5,0.0,,0.04,65.0,0.05,218.0,0.010000000000000002,0.045,0.95,218.0,0.96,65.0,0.010000000000000009,0.955,1791.0,861.71,861.71,1791.0,,OK,,KXHIGHNY-26SEP10,2026-09-11T05:00:00Z,active,True
2026-09-10T14:13:14.278368+00:00,2026-09-10T14:13:14.278368+00:00,KXHIGHNY-26SEP10-B87.5,0.0,,0.28,16.05,0.29,20.0,0.009999999999999953,0.28500000000000003,0.71,20.0,0.72,16.05,0.010000000000000009,0.715,2432.7999999999997,1248.27,1248.27,2432.7999999999997,,OK,,KXHIGHNY-26SEP10,2026-09-11T05:00:00Z,active,True
2026-09-10T14:13:14.278368+00:00,2026-09-10T14:13:14.278368+00:00,KXHIGHNY-26SEP10-B85.5,0.0,,0.56,39.0,0.59,50.67,0.029999999999999916,0.575,0.41,50.67,0.44,39.0,0.030000000000000027,0.425,1620.25,2868.87,2868.87,1620.25,,OK,,KXHIGHNY-26SEP10,2026-09-11T05:00:00Z,active,True
2026-09-10T18:15:59.626440+00:00,2026-09-10T18:15:59.626440+00:00,KXHIGHNY-26SEP11-T86,0.0,,0.01,2.0,0.02,48.0,0.01,0.015,0.98,48.0,0.99,2.0,0.010000000000000009,0.985,2.0,2478.41,2478.41,2.0,,OK,,KXHIGHNY-26SEP11,2026-09-12T05:00:00Z,active,True
2026-09-10T18:15:59.626440+00:00,2026-09-10T18:15:59.626440+00:00,KXHIGHNY-26SEP11-T79,0.0,,0.19,51.0,0.2,55.0,0.010000000000000009,0.195,0.8,55.0,0.81,51.0,0.010000000000000009,0.805,3493.71,1223.88,1223.88,3493.71,,OK,,KXHIGHNY-26SEP11,2026-09-12T05:00:00Z,active,True
2026-09-10T18:15:59.626440+00:00,2026-09-10T18:15:59.626440+00:00,KXHIGHNY-26SEP11-B85.5,0.0,,0.01,654.38,0.03,79.0,0.019999999999999997,0.02,0.97,79.0,0.99,654.38,0.020000000000000018,0.98,654.38,1761.6100000000001,1761.6100000000001,654.38,,OK,,KXHIGHNY-26SEP11,2026-09-12T05:00:00Z,active,True
2026-09-10T18:15:59.626440+00:00,2026-09-10T18:15:59.626440+00:00,KXHIGHNY-26SEP11-B83.5,0.0,,0.05,51.0,0.06,16.0,0.009999999999999995,0.055,0.94,16.0,0.95,51.0,0.010000000000000009,0.945,2721.0,491.1,491.1,2721.0,,OK,,KXHIGHNY-26SEP11,2026-09-12T05:00:00Z,active,True
2026-09-10T18:15:59.626440+00:00,2026-09-10T18:15:59.626440+00:00,KXHIGHNY-26SEP11-B81.5,0.0,,0.25,27.0,0.26,96.62,0.010000000000000009,0.255,0.74,96.62,0.75,27.0,0.010000000000000009,0.745,2637.01,563.13,563.13,2637.01,,OK,,KXHIGHNY-26SEP11,2026-09-12T05:00:00Z,active,True
2026-09-10T18:15:59.626440+00:00,2026-09-10T18:15:59.626440+00:00,KXHIGHNY-26SEP11-B79.5,0.0,,0.47,194.0,0.48,29.0,0.010000000000000009,0.475,0.52,29.0,0.53,194.0,0.010000000000000009,0.525,1729.0,1562.0,1562.0,1729.0,,OK,,KXHIGHNY-26SEP11,2026-09-12T05:00:00Z,active,True
2026-09-10T18:15:59.626440+00:00,2026-09-10T18:15:59.626440+00:00,KXHIGHNY-26SEP10-T92,0.0,,,,0.01,18309.31,,,0.99,18309.31,,,,,0.0,25030.370000000003,25030.370000000003,0.0,,OK,,KXHIGHNY-26SEP10,2026-09-11T05:00:00Z,active,True
2026-09-10T18:15:59.626440+00:00,2026-09-10T18:15:59.626440+00:00,KXHIGHNY-26SEP10-T85,0.0,,0.27,150.0,0.28,10.0,0.010000000000000009,0.275,0.72,10.0,0.73,150.0,0.010000000000000009,0.725,3335.3900000000003,1328.0,1328.0,3335.3900000000003,,OK,,KXHIGHNY-26SEP10,2026-09-11T05:00:00Z,active,True
2026-09-10T18:15:59.626440+00:00,2026-09-10T18:15:59.626440+00:00,KXHIGHNY-26SEP10-B91.5,0.0,,,,0.01,15407.82,,,0.99,15407.82,,,,,0.0,18746.82,18746.82,0.0,,OK,,KXHIGHNY-26SEP10,2026-09-11T05:00:00Z,active,True
2026-09-10T18:15:59.626440+00:00,2026-09-10T18:15:59.626440+00:00,KXHIGHNY-26SEP10-B89.5,0.0,,,,0.01,24088.44,,,0.99,24088.44,,,,,0.0,32961.259999999995,32961.259999999995,0.0,,OK,,KXHIGHNY-26SEP10,2026-09-11T05:00:00Z,active,True
2026-09-10T18:15:59.626440+00:00,2026-09-10T18:15:59.626440+00:00,KXHIGHNY-26SEP10-B87.5,0.0,,0.09,32.0,0.12,49.58,0.03,0.105,0.88,49.58,0.91,32.0,0.030000000000000027,0.895,2698.1499999999996,2910.86,2910.86,2698.1499999999996,,OK,,KXHIGHNY-26SEP10,2026-09-11T05:00:00Z,active,True
2026-09-10T18:15:59.626440+00:00,2026-09-10T18:15:59.626440+00:00,KXHIGHNY-26SEP10-B85.5,0.0,,0.64,10.0,0.65,6.0,0.010000000000000009,0.645,0.35,6.0,0.36,10.0,0.010000000000000009,0.355,1596.3899999999999,2388.1600000000003,2388.1600000000003,1596.3899999999999,,OK,,KXHIGHNY-26SEP10,2026-09-11T05:00:00Z,active,True
2026-09-10T21:31:14.592667+00:00,2026-09-10T21:31:14.592667+00:00,KXHIGHNY-26SEP11-T86,0.0,,,,0.01,6810.0,,,0.99,6810.0,,,,,0.0,20875.460000000003,20875.460000000003,0.0,,OK,,KXHIGHNY-26SEP11,2026-09-12T05:00:00Z,active,True
2026-09-10T21:31:14.592667+00:00,2026-09-10T21:31:14.592667+00:00,KXHIGHNY-26SEP11-T79,0.0,,0.17,106.02,0.18,15.77,0.009999999999999981,0.175,0.82,15.77,0.83,106.02,0.010000000000000009,0.825,4243.9400000000005,1165.65,1165.65,4243.9400000000005,,OK,,KXHIGHNY-26SEP11,2026-09-12T05:00:00Z,active,True
2026-09-10T21:31:14.592667+00:00,2026-09-10T21:31:14.592667+00:00,KXHIGHNY-26SEP11-B85.5,0.0,,0.01,679.62,0.02,23.0,0.01,0.015,0.98,23.0,0.99,679.62,0.010000000000000009,0.985,679.62,2559.31,2559.31,679.62,,OK,,KXHIGHNY-26SEP11,2026-09-12T05:00:00Z,active,True
2026-09-10T21:31:14.592667+00:00,2026-09-10T21:31:14.592667+00:00,KXHIGHNY-26SEP11-B83.5,0.0,,0.06,51.21,0.07,14.0,0.010000000000000009,0.065,0.93,14.0,0.94,51.21,0.009999999999999898,0.935,2742.21,1880.59,1880.59,2742.21,,OK,,KXHIGHNY-26SEP11,2026-09-12T05:00:00Z,active,True
2026-09-10T21:31:14.592667+00:00,2026-09-10T21:31:14.592667+00:00,KXHIGHNY-26SEP11-B81.5,0.0,,0.23,32.0,0.24,160.3,0.009999999999999981,0.235,0.76,160.3,0.77,32.0,0.010000000000000009,0.765,5795.0,1305.59,1305.59,5795.0,,OK,,KXHIGHNY-26SEP11,2026-09-12T05:00:00Z,active,True
2026-09-10T21:31:14.592667+00:00,2026-09-10T21:31:14.592667+00:00,KXHIGHNY-26SEP11-B79.5,0.0,,0.47,101.66,0.48,56.62,0.010000000000000009,0.475,0.52,56.62,0.53,101.66,0.010000000000000009,0.525,2254.66,1141.23,1141.23,2254.66,,OK,,KXHIGHNY-26SEP11,2026-09-12T05:00:00Z,active,True
2026-09-10T21:31:14.592667+00:00,2026-09-10T21:31:14.592667+00:00,KXHIGHNY-26SEP10-T92,0.0,,,,0.01,67064.75,,,0.99,67064.75,,,,,0.0,74337.81,74337.81,0.0,,OK,,KXHIGHNY-26SEP10,2026-09-11T05:00:00Z,active,True
2026-09-10T21:31:14.592667+00:00,2026-09-10T21:31:14.592667+00:00,KXHIGHNY-26SEP10-T85,0.0,,0.96,34.0,0.97,177.61,0.010000000000000009,0.965,0.03,177.61,0.04,34.0,0.010000000000000002,0.035,1617.1100000000001,2178.25,2178.25,1617.1100000000001,,OK,,KXHIGHNY-26SEP10,2026-09-11T05:00:00Z,active,True
2026-09-10T21:31:14.592667+00:00,2026-09-10T21:31:14.592667+00:00,KXHIGHNY-26SEP10-B91.5,0.0,,,,0.01,64460.95,,,0.99,64460.95,,,,,0.0,67536.95,67536.95,0.0,,OK,,KXHIGHNY-26SEP10,2026-09-11T05:00:00Z,active,True
2026-09-10T21:31:14.592667+00:00,2026-09-10T21:31:14.592667+00:00,KXHIGHNY-26SEP10-B89.5,0.0,,,,0.01,76005.73,,,0.99,76005.73,,,,,0.0,85085.90999999999,85085.90999999999,0.0,,OK,,KXHIGHNY-26SEP10,2026-09-11T05:00:00Z,active,True
2026-09-10T21:31:14.592667+00:00,2026-09-10T21:31:14.592667+00:00,KXHIGHNY-26SEP10-B87.5,0.0,,,,0.01,45040.62,,,0.99,45040.62,,,,,0.0,65504.740000000005,65504.740000000005,0.0,,OK,,KXHIGHNY-26SEP10,2026-09-11T05:00:00Z,active,True
2026-09-10T21:31:14.592667+00:00,2026-09-10T21:31:14.592667+00:00,KXHIGHNY-26SEP10-B85.5,0.0,,0.02,60.0,0.04,619.29,0.02,0.03,0.96,619.29,0.98,60.0,0.020000000000000018,0.97,1167.41,1759.31,1759.31,1167.41,,OK,,KXHIGHNY-26SEP10,2026-09-11T05:00:00Z,active,True
2026-09-10T23:55:33.133399+00:00,2026-09-10T23:55:33.133399+00:00,KXHIGHNY-26SEP11-T86,0.0,,,,0.01,6722.49,,,0.99,6722.49,,,,,0.0,18515.489999999998,18515.489999999998,0.0,,OK,,KXHIGHNY-26SEP11,2026-09-12T05:00:00Z,active,True
2026-09-10T23:55:33.133399+00:00,2026-09-10T23:55:33.133399+00:00,KXHIGHNY-26SEP11-T79,0.0,,0.21,3.0,0.22,64.0,0.010000000000000009,0.215,0.78,64.0,0.79,3.0,0.010000000000000009,0.785,4570.63,1055.88,1055.88,4570.63,,OK,,KXHIGHNY-26SEP11,2026-09-12T05:00:00Z,active,True
2026-09-10T23:55:33.133399+00:00,2026-09-10T23:55:33.133399+00:00,KXHIGHNY-26SEP11-B85.5,0.0,,0.01,612.38,0.03,193.4,0.019999999999999997,0.02,0.97,193.4,0.99,612.38,0.020000000000000018,0.98,612.38,865.21,865.21,612.38,,OK,,KXHIGHNY-26SEP11,2026-09-12T05:00:00Z,active,True
2026-09-10T23:55:33.133399+00:00,2026-09-10T23:55:33.133399+00:00,KXHIGHNY-26SEP11-B83.5,0.0,,0.05,28.0,0.07,1.29,0.020000000000000004,0.060000000000000005,0.93,1.29,0.95,28.0,0.019999999999999907,0.94,2194.0,600.96,600.96,2194.0,,OK,,KXHIGHNY-26SEP11,2026-09-12T05:00:00Z,active,True
2026-09-10T23:55:33.133399+00:00,2026-09-10T23:55:33.133399+00:00,KXHIGHNY-26SEP11-B81.5,0.0,,0.24,25.0,0.25,37.0,0.010000000000000009,0.245,0.75,37.0,0.76,25.0,0.010000000000000009,0.755,2530.09,1352.0,1352.0,2530.09,,OK,,KXHIGHNY-26SEP11,2026-09-12T05:00:00Z,active,True
2026-09-10T23:55:33.133399+00:00,2026-09-10T23:55:33.133399+00:00,KXHIGHNY-26SEP11-B79.5,0.0,,0.51,1.0,0.52,49.09,0.010000000000000009,0.515,0.48,49.09,0.49,1.0,0.010000000000000009,0.485,1718.71,1870.0900000000001,1870.0900000000001,1718.71,,OK,,KXHIGHNY-26SEP11,2026-09-12T05:00:00Z,active,True
2026-09-10T23:55:33.133399+00:00,2026-09-10T23:55:33.133399+00:00,KXHIGHNY-26SEP10-T92,0.0,,,,0.01,67496.75,,,0.99,67496.75,,,,,0.0,74319.81,74319.81,0.0,,OK,,KXHIGHNY-26SEP10,2026-09-11T05:00:00Z,active,True
2026-09-10T23:55:33.133399+00:00,2026-09-10T23:55:33.133399+00:00,KXHIGHNY-26SEP10-T85,0.0,,0.99,36111.0,,,,,,,0.01,36111.0,,,37086.94,0.0,0.0,37086.94,,OK,,KXHIGHNY-26SEP10,2026-09-11T05:00:00Z,active,True
2026-09-10T23:55:33.133399+00:00,2026-09-10T23:55:33.133399+00:00,KXHIGHNY-26SEP10-B91.5,0.0,,,,0.01,64536.91,,,0.99,64536.91,,,,,0.0,65041.91,65041.91,0.0,,OK,,KXHIGHNY-26SEP10,2026-09-11T05:00:00Z,active,True
2026-09-10T23:55:33.133399+00:00,2026-09-10T23:55:33.133399+00:00,KXHIGHNY-26SEP10-B89.5,0.0,,,,0.01,83329.14,,,0.99,83329.14,,,,,0.0,92428.31999999999,92428.31999999999,0.0,,OK,,KXHIGHNY-26SEP10,2026-09-11T05:00:00Z,active,True
2026-09-10T23:55:33.133399+00:00,2026-09-10T23:55:33.133399+00:00,KXHIGHNY-26SEP10-B87.5,0.0,,,,0.01,54226.2,,,0.99,54226.2,,,,,0.0,74669.61,74669.61,0.0,,OK,,KXHIGHNY-26SEP10,2026-09-11T05:00:00Z,active,True
2026-09-10T23:55:33.133399+00:00,2026-09-10T23:55:33.133399+00:00,KXHIGHNY-26SEP10-B85.5,0.0,,,,0.01,34899.0,,,0.99,34899.0,,,,,0.0,36708.6,36708.6,0.0,,OK,,KXHIGHNY-26SEP10,2026-09-11T05:00:00Z,active,True
2026-09-11T04:10:03.204025+00:00,2026-09-11T04:10:03.204025+00:00,KXHIGHNY-26SEP11-T86,0.0,,,,0.01,180.0,,,0.99,180.0,,,,,0.0,2223.0,2223.0,0.0,,OK,,KXHIGHNY-26SEP11,2026-09-12T05:00:00Z,active,True
2026-09-11T04:10:03.204025+00:00,2026-09-11T04:10:03.204025+00:00,KXHIGHNY-26SEP11-T79,0.0,,0.2,41.0,0.23,1.64,0.03,0.21500000000000002,0.77,1.64,0.8,41.0,0.030000000000000027,0.785,4114.1,2429.41,2429.41,4114.1,,OK,,KXHIGHNY-26SEP11,2026-09-12T05:00:00Z,active,True
2026-09-11T04:10:03.204025+00:00,2026-09-11T04:10:03.204025+00:00,KXHIGHNY-26SEP11-B85.5,0.0,,0.01,533.42,0.02,109.0,0.01,0.015,0.98,109.0,0.99,533.42,0.010000000000000009,0.985,533.42,871.96,871.96,533.42,,OK,,KXHIGHNY-26SEP11,2026-09-12T05:00:00Z,active,True
2026-09-11T04:10:03.204025+00:00,2026-09-11T04:10:03.204025+00:00,KXHIGHNY-26SEP11-B83.5,0.0,,0.05,59.64,0.06,25.0,0.009999999999999995,0.055,0.94,25.0,0.95,59.64,0.010000000000000009,0.945,1663.6399999999999,1026.75,1026.75,1663.6399999999999,,OK,,KXHIGHNY-26SEP11,2026-09-12T05:00:00Z,active,True
2026-09-11T04:10:03.204025+00:00,2026-09-11T04:10:03.204025+00:00,KXHIGHNY-26SEP11-B81.5,0.0,,0.26,6.0,0.28,59.0,0.020000000000000018,0.27,0.72,59.0,0.74,6.0,0.020000000000000018,0.73,5004.75,1714.4,1714.4,5004.75,,OK,,KXHIGHNY-26SEP11,2026-09-12T05:00:00Z,active,True
2026-09-11T04:10:03.204025+00:00,2026-09-11T04:10:03.204025+00:00,KXHIGHNY-26SEP11-B79.5,0.0,,0.46,26.0,0.48,38.0,0.019999999999999962,0.47,0.52,38.0,0.54,26.0,0.020000000000000018,0.53,1905.51,2236.75,2236.75,1905.51,,OK,,KXHIGHNY-26SEP11,2026-09-12T05:00:00Z,active,True
2026-09-11T04:10:03.204025+00:00,2026-09-11T04:10:03.204025+00:00,KXHIGHNY-26SEP10-T92,0.0,,,,0.01,67081.24,,,0.99,67081.24,,,,,0.0,73973.81000000001,73973.81000000001,0.0,,OK,,KXHIGHNY-26SEP10,2026-09-11T05:00:00Z,active,True
2026-09-11T04:10:03.204025+00:00,2026-09-11T04:10:03.204025+00:00,KXHIGHNY-26SEP10-T85,0.0,,0.99,64799.11,,,,,,,0.01,64799.11,,,67102.4,0.0,0.0,67102.4,,OK,,KXHIGHNY-26SEP10,2026-09-11T05:00:00Z,active,True
2026-09-11T04:10:03.204025+00:00,2026-09-11T04:10:03.204025+00:00,KXHIGHNY-26SEP10-B91.5,0.0,,,,0.01,64369.4,,,0.99,64369.4,,,,,0.0,65024.91,65024.91,0.0,,OK,,KXHIGHNY-26SEP10,2026-09-11T05:00:00Z,active,True
2026-09-11T04:10:03.204025+00:00,2026-09-11T04:10:03.204025+00:00,KXHIGHNY-26SEP10-B89.5,0.0,,,,0.01,82688.23,,,0.99,82688.23,,,,,0.0,91573.55999999998,91573.55999999998,0.0,,OK,,KXHIGHNY-26SEP10,2026-09-11T05:00:00Z,active,True
2026-09-11T04:10:03.204025+00:00,2026-09-11T04:10:03.204025+00:00,KXHIGHNY-26SEP10-B87.5,0.0,,,,0.01,51881.14,,,0.99,51881.14,,,,,0.0,71819.79999999999,71819.79999999999,0.0,,OK,,KXHIGHNY-26SEP10,2026-09-11T05:00:00Z,active,True
2026-09-11T04:10:03.204025+00:00,2026-09-11T04:10:03.204025+00:00,KXHIGHNY-26SEP10-B85.5,0.0,,,,0.01,76406.59,,,0.99,76406.59,,,,,0.0,79868.38,79868.38,0.0,,OK,,KXHIGHNY-26SEP10,2026-09-11T05:00:00Z,active,True
2026-09-11T09:28:35.650603+00:00,2026-09-11T09:28:35.650603+00:00,KXHIGHNY-26SEP11-T86,0.0,,,,0.01,11724.63,,,0.99,11724.63,,,,,0.0,13782.63,13782.63,0.0,,OK,,KXHIGHNY-26SEP11,2026-09-12T05:00:00Z,active,True
2026-09-11T09:28:35.650603+00:00,2026-09-11T09:28:35.650603+00:00,KXHIGHNY-26SEP11-T79,0.0,,0.15,6.51,0.16,2.0,0.010000000000000009,0.155,0.84,2.0,0.85,6.51,0.010000000000000009,0.845,3971.61,988.9999999999999,988.9999999999999,3971.61,,OK,,KXHIGHNY-26SEP11,2026-09-12T05:00:00Z,active,True
2026-09-11T09:28:35.650603+00:00,2026-09-11T09:28:35.650603+00:00,KXHIGHNY-26SEP11-B85.5,0.0,,,,0.01,233.34,,,0.99,233.34,,,,,0.0,1052.6,1052.6,0.0,,OK,,KXHIGHNY-26SEP11,2026-09-12T05:00:00Z,active,True
2026-09-11T09:28:35.650603+00:00,2026-09-11T09:28:35.650603+00:00,KXHIGHNY-26SEP11-B83.5,0.0,,0.02,26.0,0.03,113.0,0.009999999999999998,0.025,0.97,113.0,0.98,26.0,0.010000000000000009,0.975,2361.0,1797.15,1797.15,2361.0,,OK,,KXHIGHNY-26SEP11,2026-09-12T05:00:00Z,active,True
2026-09-11T09:28:35.650603+00:00,2026-09-11T09:28:35.650603+00:00,KXHIGHNY-26SEP11-B81.5,0.0,,0.28,11.0,0.31,31.36,0.02999999999999997,0.29500000000000004,0.69,31.36,0.72,11.0,0.030000000000000027,0.705,1616.8600000000001,1512.65,1512.65,1616.8600000000001,,OK,,KXHIGHNY-26SEP11,2026-09-12T05:00:00Z,active,True
2026-09-11T09:28:35.650603+00:00,2026-09-11T09:28:35.650603+00:00,KXHIGHNY-26SEP11-B79.5,0.0,,0.54,15.66,0.55,2.0,0.010000000000000009,0.545,0.45,2.0,0.46,15.66,0.010000000000000009,0.455,732.7,1701.23,1701.23,732.7,,OK,,KXHIGHNY-26SEP11,2026-09-12T05:00:00Z,active,True
2026-09-11T14:12:32.604870+00:00,2026-09-11T14:12:32.604870+00:00,KXHIGHNY-26SEP12-T82,0.0,,0.01,1237.82,0.03,336.0,0.019999999999999997,0.02,0.97,336.0,0.99,1237.82,0.020000000000000018,0.98,1237.82,1595.0,1595.0,1237.82,,OK,,KXHIGHNY-26SEP12,2026-09-13T05:00:00Z,active,True
2026-09-11T14:12:32.604870+00:00,2026-09-11T14:12:32.604870+00:00,KXHIGHNY-26SEP12-T75,0.0,,0.03,25.0,0.04,33.0,0.010000000000000002,0.035,0.96,33.0,0.97,25.0,0.010000000000000009,0.965,1474.0,1132.0,1132.0,1474.0,,OK,,KXHIGHNY-26SEP12,2026-09-13T05:00:00Z,active,True
2026-09-11T14:12:32.604870+00:00,2026-09-11T14:12:32.604870+00:00,KXHIGHNY-26SEP12-B81.5,0.0,,0.13,2.0,0.14,55.0,0.010000000000000009,0.135,0.86,55.0,0.87,2.0,0.010000000000000009,0.865,1150.0,832.0,832.0,1150.0,,OK,,KXHIGHNY-26SEP12,2026-09-13T05:00:00Z,active,True
2026-09-11T14:12:32.604870+00:00,2026-09-11T14:12:32.604870+00:00,KXHIGHNY-26SEP12-B79.5,0.0,,0.22,115.0,0.28,12.0,0.060000000000000026,0.25,0.72,12.0,0.78,115.0,0.06000000000000005,0.75,3413.0,1920.0,1920.0,3413.0,,OK,,KXHIGHNY-26SEP12,2026-09-13T05:00:00Z,active,True
2026-09-11T14:12:32.604870+00:00,2026-09-11T14:12:32.604870+00:00,KXHIGHNY-26SEP12-B77.5,0.0,,0.39,21.0,0.4,39.0,0.010000000000000009,0.395,0.6,39.0,0.61,21.0,0.010000000000000009,0.605,640.0,1160.0,1160.0,640.0,,OK,,KXHIGHNY-26SEP12,2026-09-13T05:00:00Z,active,True
2026-09-11T14:12:32.604870+00:00,2026-09-11T14:12:32.604870+00:00,KXHIGHNY-26SEP12-B75.5,0.0,,0.21,35.0,0.25,96.65,0.04000000000000001,0.22999999999999998,0.75,96.65,0.79,35.0,0.040000000000000036,0.77,3688.0,821.65,821.65,3688.0,,OK,,KXHIGHNY-26SEP12,2026-09-13T05:00:00Z,active,True
2026-09-11T14:12:32.604870+00:00,2026-09-11T14:12:32.604870+00:00,KXHIGHNY-26SEP11-T86,0.0,,,,0.01,12174.68,,,0.99,12174.68,,,,,0.0,19812.68,19812.68,0.0,,OK,,KXHIGHNY-26SEP11,2026-09-12T05:00:00Z,active,True
2026-09-11T14:12:32.604870+00:00,2026-09-11T14:12:32.604870+00:00,KXHIGHNY-26SEP11-T79,0.0,,0.34,636.82,0.35,7.54,0.009999999999999953,0.345,0.65,7.54,0.66,636.82,0.010000000000000009,0.655,2689.7300000000005,1719.1599999999999,1719.1599999999999,2689.7300000000005,,OK,,KXHIGHNY-26SEP11,2026-09-12T05:00:00Z,active,True
2026-09-11T14:12:32.604870+00:00,2026-09-11T14:12:32.604870+00:00,KXHIGHNY-26SEP11-B85.5,0.0,,,,0.01,3288.57,,,0.99,3288.57,,,,,0.0,11705.83,11705.83,0.0,,OK,,KXHIGHNY-26SEP11,2026-09-12T05:00:00Z,active,True
2026-09-11T14:12:32.604870+00:00,2026-09-11T14:12:32.604870+00:00,KXHIGHNY-26SEP11-B83.5,0.0,,0.02,122.0,0.03,122.0,0.009999999999999998,0.025,0.97,122.0,0.98,122.0,0.010000000000000009,0.975,615.48,1293.01,1293.01,615.48,,OK,,KXHIGHNY-26SEP11,2026-09-12T05:00:00Z,active,True
2026-09-11T14:12:32.604870+00:00,2026-09-11T14:12:32.604870+00:00,KXHIGHNY-26SEP11-B81.5,0.0,,0.22,27.0,0.23,3.0,0.010000000000000009,0.225,0.77,3.0,0.78,27.0,0.010000000000000009,0.775,3213.78,1082.91,1082.91,3213.78,,OK,,KXHIGHNY-26SEP11,2026-09-12T05:00:00Z,active,True
2026-09-11T14:12:32.604870+00:00,2026-09-11T14:12:32.604870+00:00,KXHIGHNY-26SEP11-B79.5,0.0,,0.43,41.02,0.45,2.0,0.020000000000000018,0.44,0.55,2.0,0.57,41.02,0.019999999999999907,0.56,1368.3200000000002,1741.65,1741.65,1368.3200000000002,,OK,,KXHIGHNY-26SEP11,2026-09-12T05:00:00Z,active,True
2026-09-11T18:19:49.626203+00:00,2026-09-11T18:19:49.626203+00:00,KXHIGHNY-26SEP12-T82,0.0,,,,0.01,3716.74,,,0.99,3716.74,,,,,0.0,11393.369999999999,11393.369999999999,0.0,,OK,,KXHIGHNY-26SEP12,2026-09-13T05:00:00Z,active,True
2026-09-11T18:19:49.626203+00:00,2026-09-11T18:19:49.626203+00:00,KXHIGHNY-26SEP12-T75,0.0,,0.02,217.57,0.04,89.19,0.02,0.03,0.96,89.19,0.98,217.57,0.020000000000000018,0.97,1524.57,1048.12,1048.12,1524.57,,OK,,KXHIGHNY-26SEP12,2026-09-13T05:00:00Z,active,True
2026-09-11T18:19:49.626203+00:00,2026-09-11T18:19:49.626203+00:00,KXHIGHNY-26SEP12-B81.5,0.0,,0.05,26.99,0.06,12.0,0.009999999999999995,0.055,0.94,12.0,0.95,26.99,0.010000000000000009,0.945,2198.42,488.02000000000004,488.02000000000004,2198.42,,OK,,KXHIGHNY-26SEP12,2026-09-13T05:00:00Z,active,True
2026-09-11T18:19:49.626203+00:00,2026-09-11T18:19:49.626203+00:00,KXHIGHNY-26SEP12-B79.5,0.0,,0.28,22.0,0.29,49.32,0.009999999999999953,0.28500000000000003,0.71,49.32,0.72,22.0,0.010000000000000009,0.715,1490.26,1249.32,1249.32,1490.26,,OK,,KXHIGHNY-26SEP12,2026-09-13T05:00:00Z,active,True
2026-09-11T18:19:49.626203+00:00,2026-09-11T18:19:49.626203+00:00,KXHIGHNY-26SEP12-B77.5,0.0,,0.48,39.0,0.49,93.87,0.010000000000000009,0.485,0.51,93.87,0.52,39.0,0.010000000000000009,0.515,1347.41,1721.69,1721.69,1347.41,,OK,,KXHIGHNY-26SEP12,2026-09-13T05:00:00Z,active,True
2026-09-11T18:19:49.626203+00:00,2026-09-11T18:19:49.626203+00:00,KXHIGHNY-26SEP12-B75.5,0.0,,0.16,7.73,0.17,29.06,0.010000000000000009,0.165,0.83,29.06,0.84,7.73,0.010000000000000009,0.835,4089.73,676.9599999999999,676.9599999999999,4089.73,,OK,,KXHIGHNY-26SEP12,2026-09-13T05:00:00Z,active,True
2026-09-11T18:19:49.626203+00:00,2026-09-11T18:19:49.626203+00:00,KXHIGHNY-26SEP11-T86,0.0,,,,0.01,12213.93,,,0.99,12213.93,,,,,0.0,19517.93,19517.93,0.0,,OK,,KXHIGHNY-26SEP11,2026-09-12T05:00:00Z,active,True
2026-09-11T18:19:49.626203+00:00,2026-09-11T18:19:49.626203+00:00,KXHIGHNY-26SEP11-T79,0.0,,0.16,54.66,0.17,31.0,0.010000000000000009,0.165,0.83,31.0,0.84,54.66,0.010000000000000009,0.835,2173.36,1434.0,1434.0,2173.36,,OK,,KXHIGHNY-26SEP11,2026-09-12T05:00:00Z,active,True
2026-09-11T18:19:49.626203+00:00,2026-09-11T18:19:49.626203+00:00,KXHIGHNY-26SEP11-B85.5,0.0,,,,0.01,15640.55,,,0.99,15640.55,,,,,0.0,19169.809999999998,19169.809999999998,0.0,,OK,,KXHIGHNY-26SEP11,2026-09-12T05:00:00Z,active,True
2026-09-11T18:19:49.626203+00:00,2026-09-11T18:19:49.626203+00:00,KXHIGHNY-26SEP11-B83.5,0.0,,,,0.01,19736.14,,,0.99,19736.14,,,,,0.0,34683.950000000004,34683.950000000004,0.0,,OK,,KXHIGHNY-26SEP11,2026-09-12T05:00:00Z,active,True
2026-09-11T18:19:49.626203+00:00,2026-09-11T18:19:49.626203+00:00,KXHIGHNY-26SEP11-B81.5,0.0,,0.12,30.0,0.16,59.45,0.04000000000000001,0.14,0.84,59.45,0.88,30.0,0.040000000000000036,0.86,2329.54,1648.4899999999998,1648.4899999999998,2329.54,,OK,,KXHIGHNY-26SEP11,2026-09-12T05:00:00Z,active,True
2026-09-11T18:19:49.626203+00:00,2026-09-11T18:19:49.626203+00:00,KXHIGHNY-26SEP11-B79.5,0.0,,0.67,15.0,0.73,24.4,0.05999999999999994,0.7,0.27,24.4,0.33,15.0,0.06,0.30000000000000004,1511.0,2538.17,2538.17,1511.0,,OK,,KXHIGHNY-26SEP11,2026-09-12T05:00:00Z,active,True
2026-09-11T21:38:38.510025+00:00,2026-09-11T21:38:38.510025+00:00,KXHIGHNY-26SEP12-T82,0.0,,,,0.01,6725.74,,,0.99,6725.74,,,,,0.0,14583.439999999999,14583.439999999999,0.0,,OK,,KXHIGHNY-26SEP12,2026-09-13T05:00:00Z,active,True
2026-09-11T21:38:38.510025+00:00,2026-09-11T21:38:38.510025+00:00,KXHIGHNY-26SEP12-T75,0.0,,0.02,282.45,0.03,17.0,0.009999999999999998,0.025,0.97,17.0,0.98,282.45,0.010000000000000009,0.975,1589.45,1313.02,1313.02,1589.45,,OK,,KXHIGHNY-26SEP12,2026-09-13T05:00:00Z,active,True
2026-09-11T21:38:38.510025+00:00,2026-09-11T21:38:38.510025+00:00,KXHIGHNY-26SEP12-B81.5,0.0,,0.03,237.96,0.04,111.33,0.010000000000000002,0.035,0.96,111.33,0.97,237.96,0.010000000000000009,0.965,2195.96,1270.33,1270.33,2195.96,,OK,,KXHIGHNY-26SEP12,2026-09-13T05:00:00Z,active,True
2026-09-11T21:38:38.510025+00:00,2026-09-11T21:38:38.510025+00:00,KXHIGHNY-26SEP12-B79.5,0.0,,0.36,20.0,0.37,53.22,0.010000000000000009,0.365,0.63,53.22,0.64,20.0,0.010000000000000009,0.635,755.0999999999999,1648.22,1648.22,755.0999999999999,,OK,,KXHIGHNY-26SEP12,2026-09-13T05:00:00Z,active,True
2026-09-11T21:38:38.510025+00:00,2026-09-11T21:38:38.510025+00:00,KXHIGHNY-26SEP12-B77.5,0.0,,0.46,49.09,0.47,3.0,0.009999999999999953,0.46499999999999997,0.53,3.0,0.54,49.09,0.010000000000000009,0.535,836.09,1800.84,1800.84,836.09,,OK,,KXHIGHNY-26SEP12,2026-09-13T05:00:00Z,active,True
2026-09-11T21:38:38.510025+00:00,2026-09-11T21:38:38.510025+00:00,KXHIGHNY-26SEP12-B75.5,0.0,,0.12,9.34,0.13,56.12,0.010000000000000009,0.125,0.87,56.12,0.88,9.34,0.010000000000000009,0.875,3779.37,986.12,986.12,3779.37,,OK,,KXHIGHNY-26SEP12,2026-09-13T05:00:00Z,active,True
2026-09-11T21:38:38.510025+00:00,2026-09-11T21:38:38.510025+00:00,KXHIGHNY-26SEP11-T86,0.0,,,,0.01,49449.43,,,0.99,49449.43,,,,,0.0,56897.43,56897.43,0.0,,OK,,KXHIGHNY-26SEP11,2026-09-12T05:00:00Z,active,True
2026-09-11T21:38:38.510025+00:00,2026-09-11T21:38:38.510025+00:00,KXHIGHNY-26SEP11-T79,0.0,,,,0.01,268432.2,,,0.99,268432.2,,,,,0.0,270095.65,270095.65,0.0,,OK,,KXHIGHNY-26SEP11,2026-09-12T05:00:00Z,active,True
2026-09-11T21:38:38.510025+00:00,2026-09-11T21:38:38.510025+00:00,KXHIGHNY-26SEP11-B85.5,0.0,,,,0.01,43180.64,,,0.99,43180.64,,,,,0.0,46603.9,46603.9,0.0,,OK,,KXHIGHNY-26SEP11,2026-09-12T05:00:00Z,active,True
2026-09-11T21:38:38.510025+00:00,2026-09-11T21:38:38.510025+00:00,KXHIGHNY-26SEP11-B83.5,0.0,,,,0.01,38796.73,,,0.99,38796.73,,,,,0.0,46801.950000000004,46801.950000000004,0.0,,OK,,KXHIGHNY-26SEP11,2026-09-12T05:00:00Z,active,True
2026-09-11T21:38:38.510025+00:00,2026-09-11T21:38:38.510025+00:00,KXHIGHNY-26SEP11-B81.5,0.0,,,,0.01,13458.36,,,0.99,13458.36,,,,,0.0,18343.83,18343.83,0.0,,OK,,KXHIGHNY-26SEP11,2026-09-12T05:00:00Z,active,True
2026-09-11T21:38:38.510025+00:00,2026-09-11T21:38:38.510025+00:00,KXHIGHNY-26SEP11-B79.5,0.0,,0.99,6895.7,,,,,,,0.01,6895.7,,,7491.8099999999995,0.0,0.0,7491.8099999999995,,OK,,KXHIGHNY-26SEP11,2026-09-12T05:00:00Z,active,True
2026-09-12T00:02:19.736457+00:00,2026-09-12T00:02:19.736457+00:00,KXHIGHNY-26SEP12-T82,0.0,,,,0.01,6112.74,,,0.99,6112.74,,,,,0.0,14020.439999999999,14020.439999999999,0.0,,OK,,KXHIGHNY-26SEP12,2026-09-13T05:00:00Z,active,True
2026-09-12T00:02:19.736457+00:00,2026-09-12T00:02:19.736457+00:00,KXHIGHNY-26SEP12-T75,0.0,,0.01,707.28,0.02,132.0,0.01,0.015,0.98,132.0,0.99,707.28,0.010000000000000009,0.985,707.28,1543.92,1543.92,707.28,,OK,,KXHIGHNY-26SEP12,2026-09-13T05:00:00Z,active,True
2026-09-12T00:02:19.736457+00:00,2026-09-12T00:02:19.736457+00:00,KXHIGHNY-26SEP12-B81.5,0.0,,0.04,5.72,0.05,44.0,0.010000000000000002,0.045,0.95,44.0,0.96,5.72,0.010000000000000009,0.955,2494.7200000000003,905.0,905.0,2494.7200000000003,,OK,,KXHIGHNY-26SEP12,2026-09-13T05:00:00Z,active,True
2026-09-12T00:02:19.736457+00:00,2026-09-12T00:02:19.736457+00:00,KXHIGHNY-26SEP12-B79.5,0.0,,0.35,30.0,0.36,38.23,0.010000000000000009,0.355,0.64,38.23,0.65,30.0,0.010000000000000009,0.645,739.01,1454.54,1454.54,739.01,,OK,,KXHIGHNY-26SEP12,2026-09-13T05:00:00Z,active,True
2026-09-12T00:02:19.736457+00:00,2026-09-12T00:02:19.736457+00:00,KXHIGHNY-26SEP12-B77.5,0.0,,0.48,7.3,0.51,2.0,0.030000000000000027,0.495,0.49,2.0,0.52,7.3,0.030000000000000027,0.505,817.3,1206.25,1206.25,817.3,,OK,,KXHIGHNY-26SEP12,2026-09-13T05:00:00Z,active,True
2026-09-12T00:02:19.736457+00:00,2026-09-12T00:02:19.736457+00:00,KXHIGHNY-26SEP12-B75.5,0.0,,0.1,40.0,0.12,12.0,0.01999999999999999,0.11,0.88,12.0,0.9,40.0,0.020000000000000018,0.89,4023.0,990.5,990.5,4023.0,,OK,,KXHIGHNY-26SEP12,2026-09-13T05:00:00Z,active,True
2026-09-12T00:02:19.736457+00:00,2026-09-12T00:02:19.736457+00:00,KXHIGHNY-26SEP11-T86,0.0,,,,0.01,49449.43,,,0.99,49449.43,,,,,0.0,52912.43,52912.43,0.0,,OK,,KXHIGHNY-26SEP11,2026-09-12T05:00:00Z,active,True
2026-09-12T00:02:19.736457+00:00,2026-09-12T00:02:19.736457+00:00,KXHIGHNY-26SEP11-T79,0.0,,,,0.01,287095.02,,,0.99,287095.02,,,,,0.0,288805.49000000005,288805.49000000005,0.0,,OK,,KXHIGHNY-26SEP11,2026-09-12T05:00:00Z,active,True
2026-09-12T00:02:19.736457+00:00,2026-09-12T00:02:19.736457+00:00,KXHIGHNY-26SEP11-B85.5,0.0,,,,0.01,43146.83,,,0.99,43146.83,,,,,0.0,46586.090000000004,46586.090000000004,0.0,,OK,,KXHIGHNY-26SEP11,2026-09-12T05:00:00Z,active,True
2026-09-12T00:02:19.736457+00:00,2026-09-12T00:02:19.736457+00:00,KXHIGHNY-26SEP11-B83.5,0.0,,,,0.01,25271.01,,,0.99,25271.01,,,,,0.0,26328.899999999998,26328.899999999998,0.0,,OK,,KXHIGHNY-26SEP11,2026-09-12T05:00:00Z,active,True
2026-09-12T00:02:19.736457+00:00,2026-09-12T00:02:19.736457+00:00,KXHIGHNY-26SEP11-B81.5,0.0,,,,0.01,29308.65,,,0.99,29308.65,,,,,0.0,31607.54,31607.54,0.0,,OK,,KXHIGHNY-26SEP11,2026-09-12T05:00:00Z,active,True
2026-09-12T00:02:19.736457+00:00,2026-09-12T00:02:19.736457+00:00,KXHIGHNY-26SEP11-B79.5,0.0,,0.99,76115.93,,,,,,,0.01,76115.93,,,76731.04,0.0,0.0,76731.04,,OK,,KXHIGHNY-26SEP11,2026-09-12T05:00:00Z,active,True
2026-09-12T04:09:33.258217+00:00,2026-09-12T04:09:33.258217+00:00,KXHIGHNY-26SEP12-T82,0.0,,,,0.01,116.0,,,0.99,116.0,,,,,0.0,1929.7,1929.7,0.0,,OK,,KXHIGHNY-26SEP12,2026-09-13T05:00:00Z,active,True
2026-09-12T04:09:33.258217+00:00,2026-09-12T04:09:33.258217+00:00,KXHIGHNY-26SEP12-T75,0.0,,0.01,850.0,0.02,140.51,0.01,0.015,0.98,140.51,0.99,850.0,0.010000000000000009,0.985,850.0,1431.57,1431.57,850.0,,OK,,KXHIGHNY-26SEP12,2026-09-13T05:00:00Z,active,True
2026-09-12T04:09:33.258217+00:00,2026-09-12T04:09:33.258217+00:00,KXHIGHNY-26SEP12-B81.5,0.0,,0.04,5.0,0.05,46.58,0.010000000000000002,0.045,0.95,46.58,0.96,5.0,0.010000000000000009,0.955,1968.0,1609.5900000000001,1609.5900000000001,1968.0,,OK,,KXHIGHNY-26SEP12,2026-09-13T05:00:00Z,active,True
2026-09-12T04:09:33.258217+00:00,2026-09-12T04:09:33.258217+00:00,KXHIGHNY-26SEP12-B79.5,0.0,,0.34,48.0,0.36,84.84,0.019999999999999962,0.35,0.64,84.84,0.66,48.0,0.020000000000000018,0.65,733.04,1965.15,1965.15,733.04,,OK,,KXHIGHNY-26SEP12,2026-09-13T05:00:00Z,active,True
2026-09-12T04:09:33.258217+00:00,2026-09-12T04:09:33.258217+00:00,KXHIGHNY-26SEP12-B77.5,0.0,,0.48,100.0,0.49,20.0,0.010000000000000009,0.485,0.51,20.0,0.52,100.0,0.010000000000000009,0.515,1011.0,1891.28,1891.28,1011.0,,OK,,KXHIGHNY-26SEP12,2026-09-13T05:00:00Z,active,True
2026-09-12T04:09:33.258217+00:00,2026-09-12T04:09:33.258217+00:00,KXHIGHNY-26SEP12-B75.5,0.0,,0.12,84.0,0.13,49.54,0.010000000000000009,0.125,0.87,49.54,0.88,84.0,0.010000000000000009,0.875,3411.08,968.54,968.54,3411.08,,OK,,KXHIGHNY-26SEP12,2026-09-13T05:00:00Z,active,True
2026-09-12T04:09:33.258217+00:00,2026-09-12T04:09:33.258217+00:00,KXHIGHNY-26SEP11-T86,0.0,,,,0.01,48917.88,,,0.99,48917.88,,,,,0.0,51965.88,51965.88,0.0,,OK,,KXHIGHNY-26SEP11,2026-09-12T05:00:00Z,active,True
2026-09-12T04:09:33.258217+00:00,2026-09-12T04:09:33.258217+00:00,KXHIGHNY-26SEP11-T79,0.0,,,,0.01,267016.91,,,0.99,267016.91,,,,,0.0,268935.4,268935.4,0.0,,OK,,KXHIGHNY-26SEP11,2026-09-12T05:00:00Z,active,True
2026-09-12T04:09:33.258217+00:00,2026-09-12T04:09:33.258217+00:00,KXHIGHNY-26SEP11-B85.5,0.0,,,,0.01,33685.12,,,0.99,33685.12,,,,,0.0,34184.380000000005,34184.380000000005,0.0,,OK,,KXHIGHNY-26SEP11,2026-09-12T05:00:00Z,active,True
2026-09-12T04:09:33.258217+00:00,2026-09-12T04:09:33.258217+00:00,KXHIGHNY-26SEP11-B83.5,0.0,,,,0.01,24937.68,,,0.99,24937.68,,,,,0.0,25932.15,25932.15,0.0,,OK,,KXHIGHNY-26SEP11,2026-09-12T05:00:00Z,active,True
2026-09-12T04:09:33.258217+00:00,2026-09-12T04:09:33.258217+00:00,KXHIGHNY-26SEP11-B81.5,0.0,,,,0.01,20403.27,,,0.99,20403.27,,,,,0.0,23282.670000000002,23282.670000000002,0.0,,OK,,KXHIGHNY-26SEP11,2026-09-12T05:00:00Z,active,True
2026-09-12T04:09:33.258217+00:00,2026-09-12T04:09:33.258217+00:00,KXHIGHNY-26SEP11-B79.5,0.0,,0.99,73450.12,,,,,,,0.01,73450.12,,,73939.98,0.0,0.0,73939.98,,OK,,KXHIGHNY-26SEP11,2026-09-12T05:00:00Z,active,True
2026-09-12T09:09:20.094168+00:00,2026-09-12T09:09:20.094168+00:00,KXHIGHNY-26SEP12-T82,0.0,,,,0.01,374.53,,,0.99,374.53,,,,,0.0,1658.27,1658.27,0.0,,OK,,KXHIGHNY-26SEP12,2026-09-13T05:00:00Z,active,True
2026-09-12T09:09:20.094168+00:00,2026-09-12T09:09:20.094168+00:00,KXHIGHNY-26SEP12-T75,0.0,,0.01,264.26,0.02,39.97,0.01,0.015,0.98,39.97,0.99,264.26,0.010000000000000009,0.985,264.26,1936.97,1936.97,264.26,,OK,,KXHIGHNY-26SEP12,2026-09-13T05:00:00Z,active,True
2026-09-12T09:09:20.094168+00:00,2026-09-12T09:09:20.094168+00:00,KXHIGHNY-26SEP12-B81.5,0.0,,0.04,50.19,0.06,54.66,0.019999999999999997,0.05,0.94,54.66,0.96,50.19,0.020000000000000018,0.95,2336.9,1499.6599999999999,1499.6599999999999,2336.9,,OK,,KXHIGHNY-26SEP12,2026-09-13T05:00:00Z,active,True
2026-09-12T09:09:20.094168+00:00,2026-09-12T09:09:20.094168+00:00,KXHIGHNY-26SEP12-B79.5,0.0,,0.2,236.0,0.22,58.0,0.01999999999999999,0.21000000000000002,0.78,58.0,0.8,236.0,0.020000000000000018,0.79,5279.0,581.4399999999999,581.4399999999999,5279.0,,OK,,KXHIGHNY-26SEP12,2026-09-13T05:00:00Z,active,True
2026-09-12T09:09:20.094168+00:00,2026-09-12T09:09:20.094168+00:00,KXHIGHNY-26SEP12-B77.5,0.0,,0.58,37.0,0.6,20.52,0.020000000000000018,0.59,0.4,20.52,0.42,37.0,0.019999999999999962,0.41000000000000003,807.24,2234.54,2234.54,807.24,,OK,,KXHIGHNY-26SEP12,2026-09-13T05:00:00Z,active,True
2026-09-12T09:09:20.094168+00:00,2026-09-12T09:09:20.094168+00:00,KXHIGHNY-26SEP12-B75.5,0.0,,0.13,27.0,0.14,12.28,0.010000000000000009,0.135,0.86,12.28,0.87,27.0,0.010000000000000009,0.865,3852.56,878.13,878.13,3852.56,,OK,,KXHIGHNY-26SEP12,2026-09-13T05:00:00Z,active,True
2026-09-12T13:30:39.026640+00:00,2026-09-12T13:30:39.026640+00:00,KXHIGHNY-26SEP12-T82,0.0,,,,0.01,61.0,,,0.99,61.0,,,,,0.0,6062.0,6062.0,0.0,,OK,,KXHIGHNY-26SEP12,2026-09-13T05:00:00Z,active,True
2026-09-12T13:30:39.026640+00:00,2026-09-12T13:30:39.026640+00:00,KXHIGHNY-26SEP12-T75,0.0,,0.01,134.91,0.02,49.88,0.01,0.015,0.98,49.88,0.99,134.91,0.010000000000000009,0.985,134.91,1275.15,1275.15,134.91,,OK,,KXHIGHNY-26SEP12,2026-09-13T05:00:00Z,active,True
2026-09-12T13:30:39.026640+00:00,2026-09-12T13:30:39.026640+00:00,KXHIGHNY-26SEP12-B81.5,0.0,,0.02,28.08,0.03,116.0,0.009999999999999998,0.025,0.97,116.0,0.98,28.08,0.010000000000000009,0.975,650.1600000000001,1115.0,1115.0,650.1600000000001,,OK,,KXHIGHNY-26SEP12,2026-09-13T05:00:00Z,active,True
2026-09-12T13:30:39.026640+00:00,2026-09-12T13:30:39.026640+00:00,KXHIGHNY-26SEP12-B79.5,0.0,,0.18,99.0,0.19,22.0,0.010000000000000009,0.185,0.81,22.0,0.82,99.0,0.009999999999999898,0.815,7263.5,1420.29,1420.29,7263.5,,OK,,KXHIGHNY-26SEP12,2026-09-13T05:00:00Z,active,True
2026-09-12T13:30:39.026640+00:00,2026-09-12T13:30:39.026640+00:00,KXHIGHNY-26SEP12-B77.5,0.0,,0.57,11.0,0.59,77.0,0.020000000000000018,0.58,0.41,77.0,0.43,11.0,0.020000000000000018,0.42,777.65,1577.0600000000004,1577.0600000000004,777.65,,OK,,KXHIGHNY-26SEP12,2026-09-13T05:00:00Z,active,True
2026-09-12T13:30:39.026640+00:00,2026-09-12T13:30:39.026640+00:00,KXHIGHNY-26SEP12-B75.5,0.0,,0.25,0.68,0.26,43.88,0.010000000000000009,0.255,0.74,43.88,0.75,0.68,0.010000000000000009,0.745,1727.68,795.88,795.88,1727.68,,OK,,KXHIGHNY-26SEP12,2026-09-13T05:00:00Z,active,True
2026-09-12T16:53:52.835984+00:00,2026-09-12T16:53:52.835984+00:00,KXHIGHNY-26SEP13-T85,0.0,,0.01,551.44,0.02,26.47,0.01,0.015,0.98,26.47,0.99,551.44,0.010000000000000009,0.985,551.44,2015.71,2015.71,551.44,,OK,,KXHIGHNY-26SEP13,2026-09-14T05:00:00Z,active,True
2026-09-12T16:53:52.835984+00:00,2026-09-12T16:53:52.835984+00:00,KXHIGHNY-26SEP13-T78,0.0,,0.34,0.8,0.35,359.39,0.009999999999999953,0.345,0.65,359.39,0.66,0.8,0.010000000000000009,0.655,1764.91,829.12,829.12,1764.91,,OK,,KXHIGHNY-26SEP13,2026-09-14T05:00:00Z,active,True
2026-09-12T16:53:52.835984+00:00,2026-09-12T16:53:52.835984+00:00,KXHIGHNY-26SEP13-B84.5,0.0,,0.03,25.0,0.04,0.09,0.010000000000000002,0.035,0.96,0.09,0.97,25.0,0.010000000000000009,0.965,1633.0,720.09,720.09,1633.0,,OK,,KXHIGHNY-26SEP13,2026-09-14T05:00:00Z,active,True
2026-09-12T16:53:52.835984+00:00,2026-09-12T16:53:52.835984+00:00,KXHIGHNY-26SEP13-B82.5,0.0,,0.08,123.67,0.09,17.0,0.009999999999999995,0.08499999999999999,0.91,17.0,0.92,123.67,0.010000000000000009,0.915,3826.67,619.3199999999999,619.3199999999999,3826.67,,OK,,KXHIGHNY-26SEP13,2026-09-14T05:00:00Z,active,True
2026-09-12T16:53:52.835984+00:00,2026-09-12T16:53:52.835984+00:00,KXHIGHNY-26SEP13-B80.5,0.0,,0.2,267.99,0.21,1.0,0.009999999999999981,0.20500000000000002,0.79,1.0,0.8,267.99,0.010000000000000009,0.795,4602.99,1700.3,1700.3,4602.99,,OK,,KXHIGHNY-26SEP13,2026-09-14T05:00:00Z,active,True
2026-09-12T16:53:52.835984+00:00,2026-09-12T16:53:52.835984+00:00,KXHIGHNY-26SEP13-B78.5,0.0,,0.3,61.0,0.31,8.0,0.010000000000000009,0.305,0.69,8.0,0.7,61.0,0.010000000000000009,0.695,2263.01,1617.1100000000001,1617.1100000000001,2263.01,,OK,,KXHIGHNY-26SEP13,2026-09-14T05:00:00Z,active,True
2026-09-12T16:53:52.835984+00:00,2026-09-12T16:53:52.835984+00:00,KXHIGHNY-26SEP12-T82,0.0,,,,0.01,5061.18,,,0.99,5061.18,,,,,0.0,10660.58,10660.58,0.0,,OK,,KXHIGHNY-26SEP12,2026-09-13T05:00:00Z,active,True
2026-09-12T16:53:52.835984+00:00,2026-09-12T16:53:52.835984+00:00,KXHIGHNY-26SEP12-T75,0.0,,,,0.01,138091.18,,,0.99,138091.18,,,,,0.0,139339.44999999998,139339.44999999998,0.0,,OK,,KXHIGHNY-26SEP12,2026-09-13T05:00:00Z,active,True
2026-09-12T16:53:52.835984+00:00,2026-09-12T16:53:52.835984+00:00,KXHIGHNY-26SEP12-B81.5,0.0,,,,0.01,26.0,,,0.99,26.0,,,,,0.0,1387.07,1387.07,0.0,,OK,,KXHIGHNY-26SEP12,2026-09-13T05:00:00Z,active,True
2026-09-12T16:53:52.835984+00:00,2026-09-12T16:53:52.835984+00:00,KXHIGHNY-26SEP12-B79.5,0.0,,0.18,20.85,0.19,26.0,0.010000000000000009,0.185,0.81,26.0,0.82,20.85,0.009999999999999898,0.815,3717.67,1702.27,1702.27,3717.67,,OK,,KXHIGHNY-26SEP12,2026-09-13T05:00:00Z,active,True
2026-09-12T16:53:52.835984+00:00,2026-09-12T16:53:52.835984+00:00,KXHIGHNY-26SEP12-B77.5,0.0,,0.73,15.0,0.75,11.0,0.020000000000000018,0.74,0.25,11.0,0.27,15.0,0.020000000000000018,0.26,649.8,1664.0900000000001,1664.0900000000001,649.8,,OK,,KXHIGHNY-26SEP12,2026-09-13T05:00:00Z,active,True
2026-09-12T16:53:52.835984+00:00,2026-09-12T16:53:52.835984+00:00,KXHIGHNY-26SEP12-B75.5,0.0,,0.06,49.0,0.08,11.0,0.020000000000000004,0.07,0.92,11.0,0.94,49.0,0.019999999999999907,0.9299999999999999,1668.52,831.5500000000001,831.5500000000001,1668.52,,OK,,KXHIGHNY-26SEP12,2026-09-13T05:00:00Z,active,True
2026-09-12T19:06:40.138108+00:00,2026-09-12T19:06:40.138108+00:00,KXHIGHNY-26SEP13-T85,0.0,,,,0.01,30.0,,,0.99,30.0,,,,,0.0,2813.7799999999997,2813.7799999999997,0.0,,OK,,KXHIGHNY-26SEP13,2026-09-14T05:00:00Z,active,True
2026-09-12T19:06:40.138108+00:00,2026-09-12T19:06:40.138108+00:00,KXHIGHNY-26SEP13-T78,0.0,,0.3,58.78,0.31,55.73,0.010000000000000009,0.305,0.69,55.73,0.7,58.78,0.010000000000000009,0.695,717.4799999999999,758.6400000000001,758.6400000000001,717.4799999999999,,OK,,KXHIGHNY-26SEP13,2026-09-14T05:00:00Z,active,True
2026-09-12T19:06:40.138108+00:00,2026-09-12T19:06:40.138108+00:00,KXHIGHNY-26SEP13-B84.5,0.0,,0.03,25.11,0.04,67.33,0.010000000000000002,0.035,0.96,67.33,0.97,25.11,0.010000000000000009,0.965,1558.1100000000001,1610.6200000000001,1610.6200000000001,1558.1100000000001,,OK,,KXHIGHNY-26SEP13,2026-09-14T05:00:00Z,active,True
2026-09-12T19:06:40.138108+00:00,2026-09-12T19:06:40.138108+00:00,KXHIGHNY-26SEP13-B82.5,0.0,,0.08,61.31,0.09,11.34,0.009999999999999995,0.08499999999999999,0.91,11.34,0.92,61.31,0.010000000000000009,0.915,3682.4,763.63,763.63,3682.4,,OK,,KXHIGHNY-26SEP13,2026-09-14T05:00:00Z,active,True
2026-09-12T19:06:40.138108+00:00,2026-09-12T19:06:40.138108+00:00,KXHIGHNY-26SEP13-B80.5,0.0,,0.22,15.28,0.23,1.0,0.010000000000000009,0.225,0.77,1.0,0.78,15.28,0.010000000000000009,0.775,3109.0899999999997,1734.77,1734.77,3109.0899999999997,,OK,,KXHIGHNY-26SEP13,2026-09-14T05:00:00Z,active,True
2026-09-12T19:06:40.138108+00:00,2026-09-12T19:06:40.138108+00:00,KXHIGHNY-26SEP13-B78.5,0.0,,0.36,24.0,0.37,4.0,0.010000000000000009,0.365,0.63,4.0,0.64,24.0,0.010000000000000009,0.635,2162.35,767.4699999999999,767.4699999999999,2162.35,,OK,,KXHIGHNY-26SEP13,2026-09-14T05:00:00Z,active,True
2026-09-12T19:06:40.138108+00:00,2026-09-12T19:06:40.138108+00:00,KXHIGHNY-26SEP12-T82,0.0,,,,0.01,5214.08,,,0.99,5214.08,,,,,0.0,10953.48,10953.48,0.0,,OK,,KXHIGHNY-26SEP12,2026-09-13T05:00:00Z,active,True
2026-09-12T19:06:40.138108+00:00,2026-09-12T19:06:40.138108+00:00,KXHIGHNY-26SEP12-T75,0.0,,,,0.01,138665.61,,,0.99,138665.61,,,,,0.0,139957.89999999997,139957.89999999997,0.0,,OK,,KXHIGHNY-26SEP12,2026-09-13T05:00:00Z,active,True
2026-09-12T19:06:40.138108+00:00,2026-09-12T19:06:40.138108+00:00,KXHIGHNY-26SEP12-B81.5,0.0,,,,0.01,63.75,,,0.99,63.75,,,,,0.0,1140.82,1140.82,0.0,,OK,,KXHIGHNY-26SEP12,2026-09-13T05:00:00Z,active,True
2026-09-12T19:06:40.138108+00:00,2026-09-12T19:06:40.138108+00:00,KXHIGHNY-26SEP12-B79.5,0.0,,0.09,33.0,0.13,65.0,0.04000000000000001,0.11,0.87,65.0,0.91,33.0,0.040000000000000036,0.89,1499.44,1410.1699999999998,1410.1699999999998,1499.44,,OK,,KXHIGHNY-26SEP12,2026-09-13T05:00:00Z,active,True
2026-09-12T19:06:40.138108+00:00,2026-09-12T19:06:40.138108+00:00,KXHIGHNY-26SEP12-B77.5,0.0,,0.86,19.0,0.91,43.02,0.050000000000000044,0.885,0.09,43.02,0.14,19.0,0.05000000000000002,0.115,619.9,3294.63,3294.63,619.9,,OK,,KXHIGHNY-26SEP12,2026-09-13T05:00:00Z,active,True
2026-09-12T19:06:40.138108+00:00,2026-09-12T19:06:40.138108+00:00,KXHIGHNY-26SEP12-B75.5,0.0,,,,0.01,70641.08,,,0.99,70641.08,,,,,0.0,71916.08,71916.08,0.0,,OK,,KXHIGHNY-26SEP12,2026-09-13T05:00:00Z,active,True
2026-09-12T21:24:53.675796+00:00,2026-09-12T21:24:53.675796+00:00,KXHIGHNY-26SEP13-T85,0.0,,,,0.01,35.0,,,0.99,35.0,,,,,0.0,2150.0,2150.0,0.0,,OK,,KXHIGHNY-26SEP13,2026-09-14T05:00:00Z,active,True
2026-09-12T21:24:53.675796+00:00,2026-09-12T21:24:53.675796+00:00,KXHIGHNY-26SEP13-T78,0.0,,0.16,9.52,0.17,94.76,0.010000000000000009,0.165,0.83,94.76,0.84,9.52,0.010000000000000009,0.835,3371.01,1054.3400000000001,1054.3400000000001,3371.01,,OK,,KXHIGHNY-26SEP13,2026-09-14T05:00:00Z,active,True
2026-09-12T21:24:53.675796+00:00,2026-09-12T21:24:53.675796+00:00,KXHIGHNY-26SEP13-B84.5,0.0,,0.03,99.02,0.04,64.33,0.010000000000000002,0.035,0.96,64.33,0.97,99.02,0.010000000000000009,0.965,1733.02,947.3299999999999,947.3299999999999,1733.02,,OK,,KXHIGHNY-26SEP13,2026-09-14T05:00:00Z,active,True
2026-09-12T21:24:53.675796+00:00,2026-09-12T21:24:53.675796+00:00,KXHIGHNY-26SEP13-B82.5,0.0,,0.07,5.0,0.08,25.12,0.009999999999999995,0.07500000000000001,0.92,25.12,0.93,5.0,0.010000000000000009,0.925,4653.3099999999995,750.79,750.79,4653.3099999999995,,OK,,KXHIGHNY-26SEP13,2026-09-14T05:00:00Z,active,True
2026-09-12T21:24:53.675796+00:00,2026-09-12T21:24:53.675796+00:00,KXHIGHNY-26SEP13-B80.5,0.0,,0.26,151.0,0.27,1.36,0.010000000000000009,0.265,0.73,1.36,0.74,151.0,0.010000000000000009,0.735,2739.29,1685.97,1685.97,2739.29,,OK,,KXHIGHNY-26SEP13,2026-09-14T05:00:00Z,active,True
2026-09-12T21:24:53.675796+00:00,2026-09-12T21:24:53.675796+00:00,KXHIGHNY-26SEP13-B78.5,0.0,,0.41,8.92,0.42,71.36,0.010000000000000009,0.415,0.58,71.36,0.59,8.92,0.010000000000000009,0.585,1692.67,2146.99,2146.99,1692.67,,OK,,KXHIGHNY-26SEP13,2026-09-14T05:00:00Z,active,True
2026-09-12T21:24:53.675796+00:00,2026-09-12T21:24:53.675796+00:00,KXHIGHNY-26SEP12-T82,0.0,,,,0.01,37773.08,,,0.99,37773.08,,,,,0.0,43424.48,43424.48,0.0,,OK,,KXHIGHNY-26SEP12,2026-09-13T05:00:00Z,active,True
2026-09-12T21:24:53.675796+00:00,2026-09-12T21:24:53.675796+00:00,KXHIGHNY-26SEP12-T75,0.0,,,,0.01,138824.59,,,0.99,138824.59,,,,,0.0,140094.87999999998,140094.87999999998,0.0,,OK,,KXHIGHNY-26SEP12,2026-09-13T05:00:00Z,active,True
2026-09-12T21:24:53.675796+00:00,2026-09-12T21:24:53.675796+00:00,KXHIGHNY-26SEP12-B81.5,0.0,,,,0.01,35045.75,,,0.99,35045.75,,,,,0.0,36072.82,36072.82,0.0,,OK,,KXHIGHNY-26SEP12,2026-09-13T05:00:00Z,active,True
2026-09-12T21:24:53.675796+00:00,2026-09-12T21:24:53.675796+00:00,KXHIGHNY-26SEP12-B79.5,0.0,,,,0.01,53732.46,,,0.99,53732.46,,,,,0.0,55169.27,55169.27,0.0,,OK,,KXHIGHNY-26SEP12,2026-09-13T05:00:00Z,active,True
2026-09-12T21:24:53.675796+00:00,2026-09-12T21:24:53.675796+00:00,KXHIGHNY-26SEP12-B77.5,0.0,,0.99,54794.33,,,,,,,0.01,54794.33,,,56003.130000000005,0.0,0.0,56003.130000000005,,OK,,KXHIGHNY-26SEP12,2026-09-13T05:00:00Z,active,True
2026-09-12T21:24:53.675796+00:00,2026-09-12T21:24:53.675796+00:00,KXHIGHNY-26SEP12-B75.5,0.0,,,,0.01,168065.65,,,0.99,168065.65,,,,,0.0,169350.65,169350.65,0.0,,OK,,KXHIGHNY-26SEP12,2026-09-13T05:00:00Z,active,True
2026-09-12T23:53:39.458046+00:00,2026-09-12T23:53:39.458046+00:00,KXHIGHNY-26SEP13-T85,0.0,,,,0.01,30.0,,,0.99,30.0,,,,,0.0,2667.53,2667.53,0.0,,OK,,KXHIGHNY-26SEP13,2026-09-14T05:00:00Z,active,True
2026-09-12T23:53:39.458046+00:00,2026-09-12T23:53:39.458046+00:00,KXHIGHNY-26SEP13-T78,0.0,,0.26,22.0,0.27,34.81,0.010000000000000009,0.265,0.73,34.81,0.74,22.0,0.010000000000000009,0.735,2140.67,865.05,865.05,2140.67,,OK,,KXHIGHNY-26SEP13,2026-09-14T05:00:00Z,active,True
2026-09-12T23:53:39.458046+00:00,2026-09-12T23:53:39.458046+00:00,KXHIGHNY-26SEP13-B84.5,0.0,,0.02,136.0,0.03,40.0,0.009999999999999998,0.025,0.97,40.0,0.98,136.0,0.010000000000000009,0.975,1409.0,1097.8799999999999,1097.8799999999999,1409.0,,OK,,KXHIGHNY-26SEP13,2026-09-14T05:00:00Z,active,True
2026-09-12T23:53:39.458046+00:00,2026-09-12T23:53:39.458046+00:00,KXHIGHNY-26SEP13-B82.5,0.0,,0.06,43.41,0.08,0.04,0.020000000000000004,0.07,0.92,0.04,0.94,43.41,0.019999999999999907,0.9299999999999999,3850.41,1390.9099999999999,1390.9099999999999,3850.41,,OK,,KXHIGHNY-26SEP13,2026-09-14T05:00:00Z,active,True
2026-09-12T23:53:39.458046+00:00,2026-09-12T23:53:39.458046+00:00,KXHIGHNY-26SEP13-B80.5,0.0,,0.23,15.35,0.26,55.54,0.03,0.245,0.74,55.54,0.77,15.35,0.030000000000000027,0.755,3208.41,684.52,684.52,3208.41,,OK,,KXHIGHNY-26SEP13,2026-09-14T05:00:00Z,active,True
2026-09-12T23:53:39.458046+00:00,2026-09-12T23:53:39.458046+00:00,KXHIGHNY-26SEP13-B78.5,0.0,,0.4,34.16,0.43,16.25,0.02999999999999997,0.41500000000000004,0.57,16.25,0.6,34.16,0.030000000000000027,0.585,2179.16,1626.6399999999999,1626.6399999999999,2179.16,,OK,,KXHIGHNY-26SEP13,2026-09-14T05:00:00Z,active,True
2026-09-12T23:53:39.458046+00:00,2026-09-12T23:53:39.458046+00:00,KXHIGHNY-26SEP12-T82,0.0,,,,0.01,37772.08,,,0.99,37772.08,,,,,0.0,38683.08,38683.08,0.0,,OK,,KXHIGHNY-26SEP12,2026-09-13T05:00:00Z,active,True
2026-09-12T23:53:39.458046+00:00,2026-09-12T23:53:39.458046+00:00,KXHIGHNY-26SEP12-T75,0.0,,,,0.01,137673.07,,,0.99,137673.07,,,,,0.0,138965.36,138965.36,0.0,,OK,,KXHIGHNY-26SEP12,2026-09-13T05:00:00Z,active,True
2026-09-12T23:53:39.458046+00:00,2026-09-12T23:53:39.458046+00:00,KXHIGHNY-26SEP12-B81.5,0.0,,,,0.01,34734.65,,,0.99,34734.65,,,,,0.0,35818.72,35818.72,0.0,,OK,,KXHIGHNY-26SEP12,2026-09-13T05:00:00Z,active,True
2026-09-12T23:53:39.458046+00:00,2026-09-12T23:53:39.458046+00:00,KXHIGHNY-26SEP12-B79.5,0.0,,,,0.01,53274.44,,,0.99,53274.44,,,,,0.0,54717.25000000001,54717.25000000001,0.0,,OK,,KXHIGHNY-26SEP12,2026-09-13T05:00:00Z,active,True
2026-09-12T23:53:39.458046+00:00,2026-09-12T23:53:39.458046+00:00,KXHIGHNY-26SEP12-B77.5,0.0,,0.99,56719.6,,,,,,,0.01,56719.6,,,57933.4,0.0,0.0,57933.4,,OK,,KXHIGHNY-26SEP12,2026-09-13T05:00:00Z,active,True
2026-09-12T23:53:39.458046+00:00,2026-09-12T23:53:39.458046+00:00,KXHIGHNY-26SEP12-B75.5,0.0,,,,0.01,165889.76,,,0.99,165889.76,,,,,0.0,167266.76,167266.76,0.0,,OK,,KXHIGHNY-26SEP12,2026-09-13T05:00:00Z,active,True
2026-09-13T04:21:03.636533+00:00,2026-09-13T04:21:03.636533+00:00,KXHIGHNY-26SEP13-T85,0.0,,,,0.01,167.49,,,0.99,167.49,,,,,0.0,2176.12,2176.12,0.0,,OK,,KXHIGHNY-26SEP13,2026-09-14T05:00:00Z,active,True
2026-09-13T04:21:03.636533+00:00,2026-09-13T04:21:03.636533+00:00,KXHIGHNY-26SEP13-T78,0.0,,0.25,35.77,0.29,49.74,0.03999999999999998,0.27,0.71,49.74,0.75,35.77,0.040000000000000036,0.73,3527.95,980.1,980.1,3527.95,,OK,,KXHIGHNY-26SEP13,2026-09-14T05:00:00Z,active,True
2026-09-13T04:21:03.636533+00:00,2026-09-13T04:21:03.636533+00:00,KXHIGHNY-26SEP13-B84.5,0.0,,0.02,179.32,0.03,59.0,0.009999999999999998,0.025,0.97,59.0,0.98,179.32,0.010000000000000009,0.975,830.3199999999999,1058.05,1058.05,830.3199999999999,,OK,,KXHIGHNY-26SEP13,2026-09-14T05:00:00Z,active,True
2026-09-13T04:21:03.636533+00:00,2026-09-13T04:21:03.636533+00:00,KXHIGHNY-26SEP13-B82.5,0.0,,0.07,25.03,0.09,28.0,0.01999999999999999,0.08,0.91,28.0,0.93,25.03,0.020000000000000018,0.92,2753.94,789.6600000000001,789.6600000000001,2753.94,,OK,,KXHIGHNY-26SEP13,2026-09-14T05:00:00Z,active,True
2026-09-13T04:21:03.636533+00:00,2026-09-13T04:21:03.636533+00:00,KXHIGHNY-26SEP13-B80.5,0.0,,0.23,39.0,0.26,0.06,0.03,0.245,0.74,0.06,0.77,39.0,0.030000000000000027,0.755,3123.8199999999997,707.86,707.86,3123.8199999999997,,OK,,KXHIGHNY-26SEP13,2026-09-14T05:00:00Z,active,True
2026-09-13T04:21:03.636533+00:00,2026-09-13T04:21:03.636533+00:00,KXHIGHNY-26SEP13-B78.5,0.0,,0.36,1.0,0.38,0.08,0.020000000000000018,0.37,0.62,0.08,0.64,1.0,0.020000000000000018,0.63,1805.46,1660.94,1660.94,1805.46,,OK,,KXHIGHNY-26SEP13,2026-09-14T05:00:00Z,active,True
2026-09-13T04:21:03.636533+00:00,2026-09-13T04:21:03.636533+00:00,KXHIGHNY-26SEP12-T82,0.0,,,,0.01,37767.08,,,0.99,37767.08,,,,,0.0,38450.08,38450.08,0.0,,OK,,KXHIGHNY-26SEP12,2026-09-13T05:00:00Z,active,True
2026-09-13T04:21:03.636533+00:00,2026-09-13T04:21:03.636533+00:00,KXHIGHNY-26SEP12-T75,0.0,,,,0.01,137602.56,,,0.99,137602.56,,,,,0.0,138744.84999999998,138744.84999999998,0.0,,OK,,KXHIGHNY-26SEP12,2026-09-13T05:00:00Z,active,True
2026-09-13T04:21:03.636533+00:00,2026-09-13T04:21:03.636533+00:00,KXHIGHNY-26SEP12-B81.5,0.0,,,,0.01,34729.65,,,0.99,34729.65,,,,,0.0,35701.92,35701.92,0.0,,OK,,KXHIGHNY-26SEP12,2026-09-13T05:00:00Z,active,True
2026-09-13T04:21:03.636533+00:00,2026-09-13T04:21:03.636533+00:00,KXHIGHNY-26SEP12-B79.5,0.0,,,,0.01,52994.9,,,0.99,52994.9,,,,,0.0,54571.04,54571.04,0.0,,OK,,KXHIGHNY-26SEP12,2026-09-13T05:00:00Z,active,True
2026-09-13T04:21:03.636533+00:00,2026-09-13T04:21:03.636533+00:00,KXHIGHNY-26SEP12-B77.5,0.0,,0.99,52529.79,,,,,,,0.01,52529.79,,,53504.590000000004,0.0,0.0,53504.590000000004,,OK,,KXHIGHNY-26SEP12,2026-09-13T05:00:00Z,active,True
2026-09-13T04:21:03.636533+00:00,2026-09-13T04:21:03.636533+00:00,KXHIGHNY-26SEP12-B75.5,0.0,,,,0.01,165814.25,,,0.99,165814.25,,,,,0.0,167853.25,167853.25,0.0,,OK,,KXHIGHNY-26SEP12,2026-09-13T05:00:00Z,active,True
2026-09-13T10:06:40.485353+00:00,2026-09-13T10:06:40.485353+00:00,KXHIGHNY-26SEP13-T85,0.0,,,,0.01,5828.22,,,0.99,5828.22,,,,,0.0,7675.22,7675.22,0.0,,OK,,KXHIGHNY-26SEP13,2026-09-14T05:00:00Z,active,True
2026-09-13T10:06:40.485353+00:00,2026-09-13T10:06:40.485353+00:00,KXHIGHNY-26SEP13-T78,0.0,,0.31,8.0,0.34,66.0,0.030000000000000027,0.325,0.66,66.0,0.69,8.0,0.029999999999999916,0.675,1221.37,1047.15,1047.15,1221.37,,OK,,KXHIGHNY-26SEP13,2026-09-14T05:00:00Z,active,True
2026-09-13T10:06:40.485353+00:00,2026-09-13T10:06:40.485353+00:00,KXHIGHNY-26SEP13-B84.5,0.0,,0.01,347.12,0.02,33.0,0.01,0.015,0.98,33.0,0.99,347.12,0.010000000000000009,0.985,347.12,939.51,939.51,347.12,,OK,,KXHIGHNY-26SEP13,2026-09-14T05:00:00Z,active,True
2026-09-13T10:06:40.485353+00:00,2026-09-13T10:06:40.485353+00:00,KXHIGHNY-26SEP13-B82.5,0.0,,0.05,24.95,0.06,15.0,0.009999999999999995,0.055,0.94,15.0,0.95,24.95,0.010000000000000009,0.945,2388.95,607.67,607.67,2388.95,,OK,,KXHIGHNY-26SEP13,2026-09-14T05:00:00Z,active,True
2026-09-13T10:06:40.485353+00:00,2026-09-13T10:06:40.485353+00:00,KXHIGHNY-26SEP13-B80.5,0.0,,0.24,35.0,0.28,16.0,0.040000000000000036,0.26,0.72,16.0,0.76,35.0,0.040000000000000036,0.74,3014.0,627.98,627.98,3014.0,,OK,,KXHIGHNY-26SEP13,2026-09-14T05:00:00Z,active,True
2026-09-13T10:06:40.485353+00:00,2026-09-13T10:06:40.485353+00:00,KXHIGHNY-26SEP13-B78.5,0.0,,0.39,5.0,0.41,11.0,0.019999999999999962,0.4,0.59,11.0,0.61,5.0,0.020000000000000018,0.6,712.14,1752.0900000000001,1752.0900000000001,712.14,,OK,,KXHIGHNY-26SEP13,2026-09-14T05:00:00Z,active,True
2026-09-13T14:16:57.562152+00:00,2026-09-13T14:16:57.562152+00:00,KXHIGHNY-26SEP14-T81,0.0,,,,0.01,569.0,,,0.99,569.0,,,,,0.0,2986.0,2986.0,0.0,,OK,,KXHIGHNY-26SEP14,2026-09-15T05:00:00Z,active,True
2026-09-13T14:16:57.562152+00:00,2026-09-13T14:16:57.562152+00:00,KXHIGHNY-26SEP14-T74,0.0,,0.36,20.0,0.37,32.0,0.010000000000000009,0.365,0.63,32.0,0.64,20.0,0.010000000000000009,0.635,2127.0,1596.0,1596.0,2127.0,,OK,,KXHIGHNY-26SEP14,2026-09-15T05:00:00Z,active,True
2026-09-13T14:16:57.562152+00:00,2026-09-13T14:16:57.562152+00:00,KXHIGHNY-26SEP14-B80.5,0.0,,0.01,649.0,0.02,1.0,0.01,0.015,0.98,1.0,0.99,649.0,0.010000000000000009,0.985,649.0,1502.24,1502.24,649.0,,OK,,KXHIGHNY-26SEP14,2026-09-15T05:00:00Z,active,True
2026-09-13T14:16:57.562152+00:00,2026-09-13T14:16:57.562152+00:00,KXHIGHNY-26SEP14-B78.5,0.0,,0.03,25.0,0.04,1.0,0.010000000000000002,0.035,0.96,1.0,0.97,25.0,0.010000000000000009,0.965,735.0,683.0,683.0,735.0,,OK,,KXHIGHNY-26SEP14,2026-09-15T05:00:00Z,active,True
2026-09-13T14:16:57.562152+00:00,2026-09-13T14:16:57.562152+00:00,KXHIGHNY-26SEP14-B76.5,0.0,,0.17,66.0,0.19,6.0,0.01999999999999999,0.18,0.81,6.0,0.83,66.0,0.019999999999999907,0.8200000000000001,2315.0,1050.0,1050.0,2315.0,,OK,,KXHIGHNY-26SEP14,2026-09-15T05:00:00Z,active,True
2026-09-13T14:16:57.562152+00:00,2026-09-13T14:16:57.562152+00:00,KXHIGHNY-26SEP14-B74.5,0.0,,0.4,50.0,0.42,6.0,0.019999999999999962,0.41000000000000003,0.58,6.0,0.6,50.0,0.020000000000000018,0.59,778.0,1579.0,1579.0,778.0,,OK,,KXHIGHNY-26SEP14,2026-09-15T05:00:00Z,active,True
2026-09-13T14:16:57.562152+00:00,2026-09-13T14:16:57.562152+00:00,KXHIGHNY-26SEP13-T85,0.0,,,,0.01,6021.33,,,0.99,6021.33,,,,,0.0,8215.33,8215.33,0.0,,OK,,KXHIGHNY-26SEP13,2026-09-14T05:00:00Z,active,True
2026-09-13T14:16:57.562152+00:00,2026-09-13T14:16:57.562152+00:00,KXHIGHNY-26SEP13-T78,0.0,,0.42,16.52,0.43,2.0,0.010000000000000009,0.425,0.57,2.0,0.58,16.52,0.010000000000000009,0.575,1210.6999999999998,913.81,913.81,1210.6999999999998,,OK,,KXHIGHNY-26SEP13,2026-09-14T05:00:00Z,active,True
2026-09-13T14:16:57.562152+00:00,2026-09-13T14:16:57.562152+00:00,KXHIGHNY-26SEP13-B84.5,0.0,,,,0.01,159.75,,,0.99,159.75,,,,,0.0,716.8399999999999,716.8399999999999,0.0,,OK,,KXHIGHNY-26SEP13,2026-09-14T05:00:00Z,active,True
2026-09-13T14:16:57.562152+00:00,2026-09-13T14:16:57.562152+00:00,KXHIGHNY-26SEP13-B82.5,0.0,,0.01,817.52,0.02,6.0,0.01,0.015,0.98,6.0,0.99,817.52,0.010000000000000009,0.985,817.52,718.5500000000001,718.5500000000001,817.52,,OK,,KXHIGHNY-26SEP13,2026-09-14T05:00:00Z,active,True
2026-09-13T14:16:57.562152+00:00,2026-09-13T14:16:57.562152+00:00,KXHIGHNY-26SEP13-B80.5,0.0,,0.11,1.0,0.13,65.0,0.020000000000000004,0.12,0.87,65.0,0.89,1.0,0.020000000000000018,0.88,3065.74,689.91,689.91,3065.74,,OK,,KXHIGHNY-26SEP13,2026-09-14T05:00:00Z,active,True
2026-09-13T14:16:57.562152+00:00,2026-09-13T14:16:57.562152+00:00,KXHIGHNY-26SEP13-B78.5,0.0,,0.49,101.0,0.51,5.0,0.020000000000000018,0.5,0.49,5.0,0.51,101.0,0.020000000000000018,0.5,1541.6100000000001,2033.6000000000004,2033.6000000000004,1541.6100000000001,,OK,,KXHIGHNY-26SEP13,2026-09-14T05:00:00Z,active,True
2026-09-13T18:02:40.711162+00:00,2026-09-13T18:02:40.711162+00:00,KXHIGHNY-26SEP14-T81,0.0,,,,0.01,486.0,,,0.99,486.0,,,,,0.0,3098.0,3098.0,0.0,,OK,,KXHIGHNY-26SEP14,2026-09-15T05:00:00Z,active,True
2026-09-13T18:02:40.711162+00:00,2026-09-13T18:02:40.711162+00:00,KXHIGHNY-26SEP14-T74,0.0,,0.38,1.0,0.4,1.0,0.020000000000000018,0.39,0.6,1.0,0.62,1.0,0.020000000000000018,0.61,1989.89,1146.78,1146.78,1989.89,,OK,,KXHIGHNY-26SEP14,2026-09-15T05:00:00Z,active,True
2026-09-13T18:02:40.711162+00:00,2026-09-13T18:02:40.711162+00:00,KXHIGHNY-26SEP14-B80.5,0.0,,0.01,206.07,0.02,193.51,0.01,0.015,0.98,193.51,0.99,206.07,0.010000000000000009,0.985,206.07,2295.51,2295.51,206.07,,OK,,KXHIGHNY-26SEP14,2026-09-15T05:00:00Z,active,True
2026-09-13T18:02:40.711162+00:00,2026-09-13T18:02:40.711162+00:00,KXHIGHNY-26SEP14-B78.5,0.0,,0.03,83.1,0.04,11.9,0.010000000000000002,0.035,0.96,11.9,0.97,83.1,0.010000000000000009,0.965,1125.1,819.9,819.9,1125.1,,OK,,KXHIGHNY-26SEP14,2026-09-15T05:00:00Z,active,True
2026-09-13T18:02:40.711162+00:00,2026-09-13T18:02:40.711162+00:00,KXHIGHNY-26SEP14-B76.5,0.0,,0.13,3.0,0.15,33.77,0.01999999999999999,0.14,0.85,33.77,0.87,3.0,0.020000000000000018,0.86,4480.0,920.88,920.88,4480.0,,OK,,KXHIGHNY-26SEP14,2026-09-15T05:00:00Z,active,True
2026-09-13T18:02:40.711162+00:00,2026-09-13T18:02:40.711162+00:00,KXHIGHNY-26SEP14-B74.5,0.0,,0.47,87.89,0.48,81.0,0.010000000000000009,0.475,0.52,81.0,0.53,87.89,0.010000000000000009,0.525,1269.6,1783.0,1783.0,1269.6,,OK,,KXHIGHNY-26SEP14,2026-09-15T05:00:00Z,active,True
2026-09-13T18:02:40.711162+00:00,2026-09-13T18:02:40.711162+00:00,KXHIGHNY-26SEP13-T85,0.0,,,,0.01,6345.11,,,0.99,6345.11,,,,,0.0,8683.109999999999,8683.109999999999,0.0,,OK,,KXHIGHNY-26SEP13,2026-09-14T05:00:00Z,active,True
2026-09-13T18:02:40.711162+00:00,2026-09-13T18:02:40.711162+00:00,KXHIGHNY-26SEP13-T78,0.0,,0.66,99.0,0.67,172.59,0.010000000000000009,0.665,0.33,172.59,0.34,99.0,0.010000000000000009,0.335,1609.17,2607.35,2607.35,1609.17,,OK,,KXHIGHNY-26SEP13,2026-09-14T05:00:00Z,active,True
2026-09-13T18:02:40.711162+00:00,2026-09-13T18:02:40.711162+00:00,KXHIGHNY-26SEP13-B84.5,0.0,,,,0.01,578.49,,,0.99,578.49,,,,,0.0,1481.98,1481.98,0.0,,OK,,KXHIGHNY-26SEP13,2026-09-14T05:00:00Z,active,True
2026-09-13T18:02:40.711162+00:00,2026-09-13T18:02:40.711162+00:00,KXHIGHNY-26SEP13-B82.5,0.0,,,,0.01,6.0,,,0.99,6.0,,,,,0.0,895.52,895.52,0.0,,OK,,KXHIGHNY-26SEP13,2026-09-14T05:00:00Z,active,True
2026-09-13T18:02:40.711162+00:00,2026-09-13T18:02:40.711162+00:00,KXHIGHNY-26SEP13-B80.5,0.0,,0.05,66.0,0.1,27.0,0.05,0.07500000000000001,0.9,27.0,0.95,66.0,0.04999999999999993,0.925,1040.67,836.31,836.31,1040.67,,OK,,KXHIGHNY-26SEP13,2026-09-14T05:00:00Z,active,True
2026-09-13T18:02:40.711162+00:00,2026-09-13T18:02:40.711162+00:00,KXHIGHNY-26SEP13-B78.5,0.0,,0.22,20.0,0.23,9.02,0.010000000000000009,0.225,0.77,9.02,0.78,20.0,0.010000000000000009,0.775,3246.25,1429.3,1429.3,3246.25,,OK,,KXHIGHNY-26SEP13,2026-09-14T05:00:00Z,active,True
2026-09-13T20:36:59.955998+00:00,2026-09-13T20:36:59.955998+00:00,KXHIGHNY-26SEP14-T81,0.0,,,,0.01,486.9,,,0.99,486.9,,,,,0.0,2921.9,2921.9,0.0,,OK,,KXHIGHNY-26SEP14,2026-09-15T05:00:00Z,active,True
2026-09-13T20:36:59.955998+00:00,2026-09-13T20:36:59.955998+00:00,KXHIGHNY-26SEP14-T74,0.0,,0.4,15.1,0.41,38.61,0.009999999999999953,0.405,0.59,38.61,0.6,15.1,0.010000000000000009,0.595,770.74,728.4300000000001,728.4300000000001,770.74,,OK,,KXHIGHNY-26SEP14,2026-09-15T05:00:00Z,active,True
2026-09-13T20:36:59.955998+00:00,2026-09-13T20:36:59.955998+00:00,KXHIGHNY-26SEP14-B80.5,0.0,,0.01,63.4,0.02,246.0,0.01,0.015,0.98,246.0,0.99,63.4,0.010000000000000009,0.985,63.4,2220.0,2220.0,63.4,,OK,,KXHIGHNY-26SEP14,2026-09-15T05:00:00Z,active,True
2026-09-13T20:36:59.955998+00:00,2026-09-13T20:36:59.955998+00:00,KXHIGHNY-26SEP14-B78.5,0.0,,0.02,641.92,0.04,97.0,0.02,0.03,0.96,97.0,0.98,641.92,0.020000000000000018,0.97,1266.92,1185.0,1185.0,1266.92,,OK,,KXHIGHNY-26SEP14,2026-09-15T05:00:00Z,active,True
2026-09-13T20:36:59.955998+00:00,2026-09-13T20:36:59.955998+00:00,KXHIGHNY-26SEP14-B76.5,0.0,,0.1,27.98,0.12,16.0,0.01999999999999999,0.11,0.88,16.0,0.9,27.98,0.020000000000000018,0.89,3784.98,607.25,607.25,3784.98,,OK,,KXHIGHNY-26SEP14,2026-09-15T05:00:00Z,active,True
2026-09-13T20:36:59.955998+00:00,2026-09-13T20:36:59.955998+00:00,KXHIGHNY-26SEP14-B74.5,0.0,,0.5,29.85,0.51,14.0,0.010000000000000009,0.505,0.49,14.0,0.5,29.85,0.010000000000000009,0.495,1115.85,1260.0,1260.0,1115.85,,OK,,KXHIGHNY-26SEP14,2026-09-15T05:00:00Z,active,True
2026-09-13T20:36:59.955998+00:00,2026-09-13T20:36:59.955998+00:00,KXHIGHNY-26SEP13-T85,0.0,,,,0.01,12608.6,,,0.99,12608.6,,,,,0.0,14941.6,14941.6,0.0,,OK,,KXHIGHNY-26SEP13,2026-09-14T05:00:00Z,active,True
2026-09-13T20:36:59.955998+00:00,2026-09-13T20:36:59.955998+00:00,KXHIGHNY-26SEP13-T78,0.0,,,,0.01,306004.17,,,0.99,306004.17,,,,,0.0,307554.5,307554.5,0.0,,OK,,KXHIGHNY-26SEP13,2026-09-14T05:00:00Z,active,True
2026-09-13T20:36:59.955998+00:00,2026-09-13T20:36:59.955998+00:00,KXHIGHNY-26SEP13-B84.5,0.0,,,,0.01,1071.6,,,0.99,1071.6,,,,,0.0,1734.09,1734.09,0.0,,OK,,KXHIGHNY-26SEP13,2026-09-14T05:00:00Z,active,True
2026-09-13T20:36:59.955998+00:00,2026-09-13T20:36:59.955998+00:00,KXHIGHNY-26SEP13-B82.5,0.0,,,,0.01,33.01,,,0.99,33.01,,,,,0.0,894.19,894.19,0.0,,OK,,KXHIGHNY-26SEP13,2026-09-14T05:00:00Z,active,True
2026-09-13T20:36:59.955998+00:00,2026-09-13T20:36:59.955998+00:00,KXHIGHNY-26SEP13-B80.5,0.0,,0.06,36.0,0.11,6.0,0.05,0.08499999999999999,0.89,6.0,0.94,36.0,0.04999999999999993,0.915,1987.77,1531.64,1531.64,1987.77,,OK,,KXHIGHNY-26SEP13,2026-09-14T05:00:00Z,active,True
2026-09-13T20:36:59.955998+00:00,2026-09-13T20:36:59.955998+00:00,KXHIGHNY-26SEP13-B78.5,0.0,,0.87,12.0,0.9,170.0,0.030000000000000027,0.885,0.1,170.0,0.13,12.0,0.03,0.115,654.5,2990.18,2990.18,654.5,,OK,,KXHIGHNY-26SEP13,2026-09-14T05:00:00Z,active,True
2026-09-13T23:03:34.296660+00:00,2026-09-13T23:03:34.296660+00:00,KXHIGHNY-26SEP14-T81,0.0,,,,0.01,491.9,,,0.99,491.9,,,,,0.0,2771.9,2771.9,0.0,,OK,,KXHIGHNY-26SEP14,2026-09-15T05:00:00Z,active,True
2026-09-13T23:03:34.296660+00:00,2026-09-13T23:03:34.296660+00:00,KXHIGHNY-26SEP14-T74,0.0,,0.4,25.0,0.41,41.35,0.009999999999999953,0.405,0.59,41.35,0.6,25.0,0.010000000000000009,0.595,489.03999999999996,560.35,560.35,489.03999999999996,,OK,,KXHIGHNY-26SEP14,2026-09-15T05:00:00Z,active,True
2026-09-13T23:03:34.296660+00:00,2026-09-13T23:03:34.296660+00:00,KXHIGHNY-26SEP14-B80.5,0.0,,0.01,54.25,0.02,56.0,0.01,0.015,0.98,56.0,0.99,54.25,0.010000000000000009,0.985,54.25,2226.0,2226.0,54.25,,OK,,KXHIGHNY-26SEP14,2026-09-15T05:00:00Z,active,True
2026-09-13T23:03:34.296660+00:00,2026-09-13T23:03:34.296660+00:00,KXHIGHNY-26SEP14-B78.5,0.0,,0.02,513.02,0.03,11.0,0.009999999999999998,0.025,0.97,11.0,0.98,513.02,0.010000000000000009,0.975,1137.02,612.0,612.0,1137.02,,OK,,KXHIGHNY-26SEP14,2026-09-15T05:00:00Z,active,True
2026-09-13T23:03:34.296660+00:00,2026-09-13T23:03:34.296660+00:00,KXHIGHNY-26SEP14-B76.5,0.0,,0.08,4.89,0.09,6.0,0.009999999999999995,0.08499999999999999,0.91,6.0,0.92,4.89,0.010000000000000009,0.915,3170.12,662.88,662.88,3170.12,,OK,,KXHIGHNY-26SEP14,2026-09-15T05:00:00Z,active,True
2026-09-13T23:03:34.296660+00:00,2026-09-13T23:03:34.296660+00:00,KXHIGHNY-26SEP14-B74.5,0.0,,0.49,31.42,0.53,18.12,0.040000000000000036,0.51,0.47,18.12,0.51,31.42,0.040000000000000036,0.49,1289.5,1481.12,1481.12,1289.5,,OK,,KXHIGHNY-26SEP14,2026-09-15T05:00:00Z,active,True
2026-09-13T23:03:34.296660+00:00,2026-09-13T23:03:34.296660+00:00,KXHIGHNY-26SEP13-T85,0.0,,,,0.01,31830.67,,,0.99,31830.67,,,,,0.0,33970.66999999999,33970.66999999999,0.0,,OK,,KXHIGHNY-26SEP13,2026-09-14T05:00:00Z,active,True
2026-09-13T23:03:34.296660+00:00,2026-09-13T23:03:34.296660+00:00,KXHIGHNY-26SEP13-T78,0.0,,,,0.01,294448.16,,,0.99,294448.16,,,,,0.0,296053.72000000003,296053.72000000003,0.0,,OK,,KXHIGHNY-26SEP13,2026-09-14T05:00:00Z,active,True
2026-09-13T23:03:34.296660+00:00,2026-09-13T23:03:34.296660+00:00,KXHIGHNY-26SEP13-B84.5,0.0,,,,0.01,26418.22,,,0.99,26418.22,,,,,0.0,26861.710000000003,26861.710000000003,0.0,,OK,,KXHIGHNY-26SEP13,2026-09-14T05:00:00Z,active,True
2026-09-13T23:03:34.296660+00:00,2026-09-13T23:03:34.296660+00:00,KXHIGHNY-26SEP13-B82.5,0.0,,,,0.01,143.61,,,0.99,143.61,,,,,0.0,774.28,774.28,0.0,,OK,,KXHIGHNY-26SEP13,2026-09-14T05:00:00Z,active,True
2026-09-13T23:03:34.296660+00:00,2026-09-13T23:03:34.296660+00:00,KXHIGHNY-26SEP13-B80.5,0.0,,0.05,327.71,0.06,59.0,0.009999999999999995,0.055,0.94,59.0,0.95,327.71,0.010000000000000009,0.945,1771.81,1673.43,1673.43,1771.81,,OK,,KXHIGHNY-26SEP13,2026-09-14T05:00:00Z,active,True
2026-09-13T23:03:34.296660+00:00,2026-09-13T23:03:34.296660+00:00,KXHIGHNY-26SEP13-B78.5,0.0,,0.93,45.0,0.95,173.85,0.019999999999999907,0.94,0.05,173.85,0.07,45.0,0.020000000000000004,0.060000000000000005,1557.74,1825.4699999999998,1825.4699999999998,1557.74,,OK,,KXHIGHNY-26SEP13,2026-09-14T05:00:00Z,active,True
2026-09-14T00:55:26.745472+00:00,2026-09-14T00:55:26.745472+00:00,KXHIGHNY-26SEP14-T81,0.0,,,,0.01,5606.22,,,0.99,5606.22,,,,,0.0,7985.22,7985.22,0.0,,OK,,KXHIGHNY-26SEP14,2026-09-15T05:00:00Z,active,True
2026-09-14T00:55:26.745472+00:00,2026-09-14T00:55:26.745472+00:00,KXHIGHNY-26SEP14-T74,0.0,,0.31,15.0,0.34,46.76,0.030000000000000027,0.325,0.66,46.76,0.69,15.0,0.029999999999999916,0.675,1898.68,652.76,652.76,1898.68,,OK,,KXHIGHNY-26SEP14,2026-09-15T05:00:00Z,active,True
2026-09-14T00:55:26.745472+00:00,2026-09-14T00:55:26.745472+00:00,KXHIGHNY-26SEP14-B80.5,0.0,,,,0.01,373.32,,,0.99,373.32,,,,,0.0,2493.3199999999997,2493.3199999999997,0.0,,OK,,KXHIGHNY-26SEP14,2026-09-15T05:00:00Z,active,True
2026-09-14T00:55:26.745472+00:00,2026-09-14T00:55:26.745472+00:00,KXHIGHNY-26SEP14-B78.5,0.0,,0.02,593.15,0.03,66.0,0.009999999999999998,0.025,0.97,66.0,0.98,593.15,0.010000000000000009,0.975,1228.15,995.3199999999999,995.3199999999999,1228.15,,OK,,KXHIGHNY-26SEP14,2026-09-15T05:00:00Z,active,True
2026-09-14T00:55:26.745472+00:00,2026-09-14T00:55:26.745472+00:00,KXHIGHNY-26SEP14-B76.5,0.0,,0.1,28.54,0.11,34.8,0.009999999999999995,0.10500000000000001,0.89,34.8,0.9,28.54,0.010000000000000009,0.895,3983.54,667.45,667.45,3983.54,,OK,,KXHIGHNY-26SEP14,2026-09-15T05:00:00Z,active,True
2026-09-14T00:55:26.745472+00:00,2026-09-14T00:55:26.745472+00:00,KXHIGHNY-26SEP14-B74.5,0.0,,0.57,7.58,0.6,95.79,0.030000000000000027,0.585,0.4,95.79,0.43,7.58,0.02999999999999997,0.41500000000000004,1340.36,1033.3700000000001,1033.3700000000001,1340.36,,OK,,KXHIGHNY-26SEP14,2026-09-15T05:00:00Z,active,True
2026-09-14T00:55:26.745472+00:00,2026-09-14T00:55:26.745472+00:00,KXHIGHNY-26SEP13-T85,0.0,,,,0.01,32566.16,,,0.99,32566.16,,,,,0.0,34772.159999999996,34772.159999999996,0.0,,OK,,KXHIGHNY-26SEP13,2026-09-14T05:00:00Z,active,True
2026-09-14T00:55:26.745472+00:00,2026-09-14T00:55:26.745472+00:00,KXHIGHNY-26SEP13-T78,0.0,,,,0.01,293400.18,,,0.99,293400.18,,,,,0.0,295306.28,295306.28,0.0,,OK,,KXHIGHNY-26SEP13,2026-09-14T05:00:00Z,active,True
2026-09-14T00:55:26.745472+00:00,2026-09-14T00:55:26.745472+00:00,KXHIGHNY-26SEP13-B84.5,0.0,,,,0.01,26232.46,,,0.99,26232.46,,,,,0.0,26801.97,26801.97,0.0,,OK,,KXHIGHNY-26SEP13,2026-09-14T05:00:00Z,active,True
2026-09-14T00:55:26.745472+00:00,2026-09-14T00:55:26.745472+00:00,KXHIGHNY-26SEP13-B82.5,0.0,,,,0.01,51386.38,,,0.99,51386.38,,,,,0.0,54222.049999999996,54222.049999999996,0.0,,OK,,KXHIGHNY-26SEP13,2026-09-14T05:00:00Z,active,True
2026-09-14T00:55:26.745472+00:00,2026-09-14T00:55:26.745472+00:00,KXHIGHNY-26SEP13-B80.5,0.0,,,,0.01,87375.08,,,0.99,87375.08,,,,,0.0,88712.90999999999,88712.90999999999,0.0,,OK,,KXHIGHNY-26SEP13,2026-09-14T05:00:00Z,active,True
2026-09-14T00:55:26.745472+00:00,2026-09-14T00:55:26.745472+00:00,KXHIGHNY-26SEP13-B78.5,0.0,,0.99,106441.84,,,,,,,0.01,106441.84,,,107782.56,0.0,0.0,107782.56,,OK,,KXHIGHNY-26SEP13,2026-09-14T05:00:00Z,active,True
2026-09-14T05:59:11.576720+00:00,2026-09-14T05:59:11.576720+00:00,KXHIGHNY-26SEP14-T81,0.0,,,,0.01,10184.15,,,0.99,10184.15,,,,,0.0,12465.15,12465.15,0.0,,OK,,KXHIGHNY-26SEP14,2026-09-15T05:00:00Z,active,True
2026-09-14T05:59:11.576720+00:00,2026-09-14T05:59:11.576720+00:00,KXHIGHNY-26SEP14-T74,0.0,,,,0.01,14845.16,,,0.99,14845.16,,,,,0.0,16503.75,16503.75,0.0,,OK,,KXHIGHNY-26SEP14,2026-09-15T05:00:00Z,active,True
2026-09-14T05:59:11.576720+00:00,2026-09-14T05:59:11.576720+00:00,KXHIGHNY-26SEP14-B80.5,0.0,,,,0.01,8372.4,,,0.99,8372.4,,,,,0.0,15108.43,15108.43,0.0,,OK,,KXHIGHNY-26SEP14,2026-09-15T05:00:00Z,active,True
2026-09-14T05:59:11.576720+00:00,2026-09-14T05:59:11.576720+00:00,KXHIGHNY-26SEP14-B78.5,0.0,,0.02,1153.86,0.03,25.0,0.009999999999999998,0.025,0.97,25.0,0.98,1153.86,0.010000000000000009,0.975,2757.5699999999997,3210.6800000000003,3210.6800000000003,2757.5699999999997,,OK,,KXHIGHNY-26SEP14,2026-09-15T05:00:00Z,active,True
2026-09-14T05:59:11.576720+00:00,2026-09-14T05:59:11.576720+00:00,KXHIGHNY-26SEP14-B76.5,0.0,,0.16,36.0,0.17,20.0,0.010000000000000009,0.165,0.83,20.0,0.84,36.0,0.010000000000000009,0.835,3754.5499999999997,785.63,785.63,3754.5499999999997,,OK,,KXHIGHNY-26SEP14,2026-09-15T05:00:00Z,active,True
2026-09-14T05:59:11.576720+00:00,2026-09-14T05:59:11.576720+00:00,KXHIGHNY-26SEP14-B74.5,0.0,,0.78,6.0,0.79,54.64,0.010000000000000009,0.785,0.21,54.64,0.22,6.0,0.010000000000000009,0.215,410.42,2661.71,2661.71,410.42,,OK,,KXHIGHNY-26SEP14,2026-09-15T05:00:00Z,active,True
2026-09-14T12:26:01.130384+00:00,2026-09-14T12:26:01.130384+00:00,KXHIGHNY-26SEP14-T81,0.0,,,,0.01,10282.47,,,0.99,10282.47,,,,,0.0,14077.47,14077.47,0.0,,OK,,KXHIGHNY-26SEP14,2026-09-15T05:00:00Z,active,True
2026-09-14T12:26:01.130384+00:00,2026-09-14T12:26:01.130384+00:00,KXHIGHNY-26SEP14-T74,0.0,,,,0.01,35546.17,,,0.99,35546.17,,,,,0.0,41216.67999999999,41216.67999999999,0.0,,OK,,KXHIGHNY-26SEP14,2026-09-15T05:00:00Z,active,True
2026-09-14T12:26:01.130384+00:00,2026-09-14T12:26:01.130384+00:00,KXHIGHNY-26SEP14-B80.5,0.0,,,,0.01,6486.83,,,0.99,6486.83,,,,,0.0,15035.86,15035.86,0.0,,OK,,KXHIGHNY-26SEP14,2026-09-15T05:00:00Z,active,True
2026-09-14T12:26:01.130384+00:00,2026-09-14T12:26:01.130384+00:00,KXHIGHNY-26SEP14-B78.5,0.0,,0.02,1312.23,0.03,227.23,0.009999999999999998,0.025,0.97,227.23,0.98,1312.23,0.010000000000000009,0.975,2925.94,1283.17,1283.17,2925.94,,OK,,KXHIGHNY-26SEP14,2026-09-15T05:00:00Z,active,True
2026-09-14T12:26:01.130384+00:00,2026-09-14T12:26:01.130384+00:00,KXHIGHNY-26SEP14-B76.5,0.0,,0.21,41.0,0.25,77.0,0.04000000000000001,0.22999999999999998,0.75,77.0,0.79,41.0,0.040000000000000036,0.77,2687.1,662.08,662.08,2687.1,,OK,,KXHIGHNY-26SEP14,2026-09-15T05:00:00Z,active,True
2026-09-14T12:26:01.130384+00:00,2026-09-14T12:26:01.130384+00:00,KXHIGHNY-26SEP14-B74.5,0.0,,0.76,5.0,0.78,27.0,0.020000000000000018,0.77,0.22,27.0,0.24,5.0,0.01999999999999999,0.22999999999999998,765.65,3050.1099999999997,3050.1099999999997,765.65,,OK,,KXHIGHNY-26SEP14,2026-09-15T05:00:00Z,active,True
2026-09-14T18:29:12.044011+00:00,2026-09-14T18:29:12.044011+00:00,KXHIGHNY-26SEP15-T77,0.0,,,,0.01,1103.0,,,0.99,1103.0,,,,,0.0,2966.0,2966.0,0.0,,OK,,KXHIGHNY-26SEP15,2026-09-16T05:00:00Z,active,True
2026-09-14T18:29:12.044011+00:00,2026-09-14T18:29:12.044011+00:00,KXHIGHNY-26SEP15-T70,0.0,,0.08,5.0,0.09,129.33,0.009999999999999995,0.08499999999999999,0.91,129.33,0.92,5.0,0.010000000000000009,0.915,3785.0,696.33,696.33,3785.0,,OK,,KXHIGHNY-26SEP15,2026-09-16T05:00:00Z,active,True
2026-09-14T18:29:12.044011+00:00,2026-09-14T18:29:12.044011+00:00,KXHIGHNY-26SEP15-B76.5,0.0,,0.01,467.6,0.02,142.0,0.01,0.015,0.98,142.0,0.99,467.6,0.010000000000000009,0.985,467.6,1958.0,1958.0,467.6,,OK,,KXHIGHNY-26SEP15,2026-09-16T05:00:00Z,active,True
2026-09-14T18:29:12.044011+00:00,2026-09-14T18:29:12.044011+00:00,KXHIGHNY-26SEP15-B74.5,0.0,,0.09,54.0,0.1,2.0,0.010000000000000009,0.095,0.9,2.0,0.91,54.0,0.010000000000000009,0.905,3168.0,1831.0,1831.0,3168.0,,OK,,KXHIGHNY-26SEP15,2026-09-16T05:00:00Z,active,True
2026-09-14T18:29:12.044011+00:00,2026-09-14T18:29:12.044011+00:00,KXHIGHNY-26SEP15-B72.5,0.0,,0.41,25.91,0.42,1.0,0.010000000000000009,0.415,0.58,1.0,0.59,25.91,0.010000000000000009,0.585,1591.9099999999999,2096.0,2096.0,1591.9099999999999,,OK,,KXHIGHNY-26SEP15,2026-09-16T05:00:00Z,active,True
2026-09-14T18:29:12.044011+00:00,2026-09-14T18:29:12.044011+00:00,KXHIGHNY-26SEP15-B70.5,0.0,,0.41,36.0,0.42,100.1,0.010000000000000009,0.415,0.58,100.1,0.59,36.0,0.010000000000000009,0.585,1703.3,2376.1,2376.1,1703.3,,OK,,KXHIGHNY-26SEP15,2026-09-16T05:00:00Z,active,True
2026-09-14T18:29:12.044011+00:00,2026-09-14T18:29:12.044011+00:00,KXHIGHNY-26SEP14-T81,0.0,,,,0.01,22473.38,,,0.99,22473.38,,,,,0.0,29708.38,29708.38,0.0,,OK,,KXHIGHNY-26SEP14,2026-09-15T05:00:00Z,active,True
2026-09-14T18:29:12.044011+00:00,2026-09-14T18:29:12.044011+00:00,KXHIGHNY-26SEP14-T74,0.0,,,,0.01,110565.74,,,0.99,110565.74,,,,,0.0,114548.68000000001,114548.68000000001,0.0,,OK,,KXHIGHNY-26SEP14,2026-09-15T05:00:00Z,active,True
2026-09-14T18:29:12.044011+00:00,2026-09-14T18:29:12.044011+00:00,KXHIGHNY-26SEP14-B80.5,0.0,,,,0.01,16093.52,,,0.99,16093.52,,,,,0.0,27904.55,27904.55,0.0,,OK,,KXHIGHNY-26SEP14,2026-09-15T05:00:00Z,active,True
2026-09-14T18:29:12.044011+00:00,2026-09-14T18:29:12.044011+00:00,KXHIGHNY-26SEP14-B78.5,0.0,,,,0.01,15033.67,,,0.99,15033.67,,,,,0.0,24961.32,24961.32,0.0,,OK,,KXHIGHNY-26SEP14,2026-09-15T05:00:00Z,active,True
2026-09-14T18:29:12.044011+00:00,2026-09-14T18:29:12.044011+00:00,KXHIGHNY-26SEP14-B76.5,0.0,,0.13,1.0,0.14,2.82,0.010000000000000009,0.135,0.86,2.82,0.87,1.0,0.010000000000000009,0.865,3564.0099999999998,635.3199999999999,635.3199999999999,3564.0099999999998,,OK,,KXHIGHNY-26SEP14,2026-09-15T05:00:00Z,active,True
2026-09-14T18:29:12.044011+00:00,2026-09-14T18:29:12.044011+00:00,KXHIGHNY-26SEP14-B74.5,0.0,,0.84,42.0,0.87,66.5,0.030000000000000027,0.855,0.13,66.5,0.16,42.0,0.03,0.14500000000000002,1418.0,6962.3099999999995,6962.3099999999995,1418.0,,OK,,KXHIGHNY-26SEP14,2026-09-15T05:00:00Z,active,True
2026-09-14T22:23:25.746406+00:00,2026-09-14T22:23:25.746406+00:00,KXHIGHNY-26SEP15-T77,0.0,,,,0.01,1057.0,,,0.99,1057.0,,,,,0.0,5199.2,5199.2,0.0,,OK,,KXHIGHNY-26SEP15,2026-09-16T05:00:00Z,active,True
2026-09-14T22:23:25.746406+00:00,2026-09-14T22:23:25.746406+00:00,KXHIGHNY-26SEP15-T70,0.0,,0.04,117.0,0.05,14.01,0.010000000000000002,0.045,0.95,14.01,0.96,117.0,0.010000000000000009,0.955,2228.0,2144.36,2144.36,2228.0,,OK,,KXHIGHNY-26SEP15,2026-09-16T05:00:00Z,active,True
2026-09-14T22:23:25.746406+00:00,2026-09-14T22:23:25.746406+00:00,KXHIGHNY-26SEP15-B76.5,0.0,,0.01,588.85,0.02,18.0,0.01,0.015,0.98,18.0,0.99,588.85,0.010000000000000009,0.985,588.85,3287.2,3287.2,588.85,,OK,,KXHIGHNY-26SEP15,2026-09-16T05:00:00Z,active,True
2026-09-14T22:23:25.746406+00:00,2026-09-14T22:23:25.746406+00:00,KXHIGHNY-26SEP15-B74.5,0.0,,0.1,30.0,0.11,1.02,0.009999999999999995,0.10500000000000001,0.89,1.02,0.9,30.0,0.010000000000000009,0.895,3515.8,3230.78,3230.78,3515.8,,OK,,KXHIGHNY-26SEP15,2026-09-16T05:00:00Z,active,True
2026-09-14T22:23:25.746406+00:00,2026-09-14T22:23:25.746406+00:00,KXHIGHNY-26SEP15-B72.5,0.0,,0.51,1.0,0.52,3.0,0.010000000000000009,0.515,0.48,3.0,0.49,1.0,0.010000000000000009,0.485,3052.1,1876.1,1876.1,3052.1,,OK,,KXHIGHNY-26SEP15,2026-09-16T05:00:00Z,active,True
2026-09-14T22:23:25.746406+00:00,2026-09-14T22:23:25.746406+00:00,KXHIGHNY-26SEP15-B70.5,0.0,,0.31,267.0,0.32,25.39,0.010000000000000009,0.315,0.68,25.39,0.69,267.0,0.009999999999999898,0.685,3701.2999999999997,478.46000000000004,478.46000000000004,3701.2999999999997,,OK,,KXHIGHNY-26SEP15,2026-09-16T05:00:00Z,active,True
2026-09-14T22:23:25.746406+00:00,2026-09-14T22:23:25.746406+00:00,KXHIGHNY-26SEP14-T81,0.0,,,,0.01,52354.38,,,0.99,52354.38,,,,,0.0,59333.38,59333.38,0.0,,OK,,KXHIGHNY-26SEP14,2026-09-15T05:00:00Z,active,True
2026-09-14T22:23:25.746406+00:00,2026-09-14T22:23:25.746406+00:00,KXHIGHNY-26SEP14-T74,0.0,,,,0.01,307641.51,,,0.99,307641.51,,,,,0.0,311208.45,311208.45,0.0,,OK,,KXHIGHNY-26SEP14,2026-09-15T05:00:00Z,active,True
2026-09-14T22:23:25.746406+00:00,2026-09-14T22:23:25.746406+00:00,KXHIGHNY-26SEP14-B80.5,0.0,,,,0.01,53310.52,,,0.99,53310.52,,,,,0.0,64417.549999999996,64417.549999999996,0.0,,OK,,KXHIGHNY-26SEP14,2026-09-15T05:00:00Z,active,True
2026-09-14T22:23:25.746406+00:00,2026-09-14T22:23:25.746406+00:00,KXHIGHNY-26SEP14-B78.5,0.0,,,,0.01,45571.24,,,0.99,45571.24,,,,,0.0,55799.89,55799.89,0.0,,OK,,KXHIGHNY-26SEP14,2026-09-15T05:00:00Z,active,True
2026-09-14T22:23:25.746406+00:00,2026-09-14T22:23:25.746406+00:00,KXHIGHNY-26SEP14-B76.5,0.0,,,,0.01,47383.54,,,0.99,47383.54,,,,,0.0,48722.41,48722.41,0.0,,OK,,KXHIGHNY-26SEP14,2026-09-15T05:00:00Z,active,True
2026-09-14T22:23:25.746406+00:00,2026-09-14T22:23:25.746406+00:00,KXHIGHNY-26SEP14-B74.5,0.0,,0.99,30619.05,,,,,,,0.01,30619.05,,,31766.57,0.0,0.0,31766.57,,OK,,KXHIGHNY-26SEP14,2026-09-15T05:00:00Z,active,True
2026-09-15T01:19:16.844898+00:00,2026-09-15T01:19:16.844898+00:00,KXHIGHNY-26SEP15-T77,0.0,,,,0.01,1135.0,,,0.99,1135.0,,,,,0.0,3874.09,3874.09,0.0,,OK,,KXHIGHNY-26SEP15,2026-09-16T05:00:00Z,active,True
2026-09-15T01:19:16.844898+00:00,2026-09-15T01:19:16.844898+00:00,KXHIGHNY-26SEP15-T70,0.0,,0.05,445.0,0.06,109.83,0.009999999999999995,0.055,0.94,109.83,0.95,445.0,0.010000000000000009,0.945,3827.0200000000004,1396.8999999999999,1396.8999999999999,3827.0200000000004,,OK,,KXHIGHNY-26SEP15,2026-09-16T05:00:00Z,active,True
2026-09-15T01:19:16.844898+00:00,2026-09-15T01:19:16.844898+00:00,KXHIGHNY-26SEP15-B76.5,0.0,,0.01,673.76,0.02,291.0,0.01,0.015,0.98,291.0,0.99,673.76,0.010000000000000009,0.985,673.76,1414.09,1414.09,673.76,,OK,,KXHIGHNY-26SEP15,2026-09-16T05:00:00Z,active,True
2026-09-15T01:19:16.844898+00:00,2026-09-15T01:19:16.844898+00:00,KXHIGHNY-26SEP15-B74.5,0.0,,0.1,195.0,0.11,133.89,0.009999999999999995,0.10500000000000001,0.89,133.89,0.9,195.0,0.010000000000000009,0.895,3710.7799999999997,1028.98,1028.98,3710.7799999999997,,OK,,KXHIGHNY-26SEP15,2026-09-16T05:00:00Z,active,True
2026-09-15T01:19:16.844898+00:00,2026-09-15T01:19:16.844898+00:00,KXHIGHNY-26SEP15-B72.5,0.0,,0.5,88.51,0.51,110.0,0.010000000000000009,0.505,0.49,110.0,0.5,88.51,0.010000000000000009,0.495,758.61,1324.09,1324.09,758.61,,OK,,KXHIGHNY-26SEP15,2026-09-16T05:00:00Z,active,True
2026-09-15T01:19:16.844898+00:00,2026-09-15T01:19:16.844898+00:00,KXHIGHNY-26SEP15-B70.5,0.0,,0.33,25.01,0.34,103.48,0.010000000000000009,0.335,0.66,103.48,0.67,25.01,0.010000000000000009,0.665,1892.07,1865.48,1865.48,1892.07,,OK,,KXHIGHNY-26SEP15,2026-09-16T05:00:00Z,active,True
2026-09-15T01:19:16.844898+00:00,2026-09-15T01:19:16.844898+00:00,KXHIGHNY-26SEP14-T81,0.0,,,,0.01,52161.38,,,0.99,52161.38,,,,,0.0,59452.38,59452.38,0.0,,OK,,KXHIGHNY-26SEP14,2026-09-15T05:00:00Z,active,True
2026-09-15T01:19:16.844898+00:00,2026-09-15T01:19:16.844898+00:00,KXHIGHNY-26SEP14-T74,0.0,,,,0.01,306712.9,,,0.99,306712.9,,,,,0.0,310278.84,310278.84,0.0,,OK,,KXHIGHNY-26SEP14,2026-09-15T05:00:00Z,active,True
2026-09-15T01:19:16.844898+00:00,2026-09-15T01:19:16.844898+00:00,KXHIGHNY-26SEP14-B80.5,0.0,,,,0.01,53257.52,,,0.99,53257.52,,,,,0.0,64666.549999999996,64666.549999999996,0.0,,OK,,KXHIGHNY-26SEP14,2026-09-15T05:00:00Z,active,True
2026-09-15T01:19:16.844898+00:00,2026-09-15T01:19:16.844898+00:00,KXHIGHNY-26SEP14-B78.5,0.0,,,,0.01,45354.24,,,0.99,45354.24,,,,,0.0,55956.89,55956.89,0.0,,OK,,KXHIGHNY-26SEP14,2026-09-15T05:00:00Z,active,True
2026-09-15T01:19:16.844898+00:00,2026-09-15T01:19:16.844898+00:00,KXHIGHNY-26SEP14-B76.5,0.0,,,,0.01,101080.06,,,0.99,101080.06,,,,,0.0,102369.72,102369.72,0.0,,OK,,KXHIGHNY-26SEP14,2026-09-15T05:00:00Z,active,True
2026-09-15T01:19:16.844898+00:00,2026-09-15T01:19:16.844898+00:00,KXHIGHNY-26SEP14-B74.5,0.0,,0.99,81988.96,,,,,,,0.01,81988.96,,,83103.48000000001,0.0,0.0,83103.48000000001,,OK,,KXHIGHNY-26SEP14,2026-09-15T05:00:00Z,active,True
2026-09-15T07:32:18.776411+00:00,2026-09-15T07:32:18.776411+00:00,KXHIGHNY-26SEP15-T77,0.0,,,,0.01,1900.07,,,0.99,1900.07,,,,,0.0,3882.0699999999997,3882.0699999999997,0.0,,OK,,KXHIGHNY-26SEP15,2026-09-16T05:00:00Z,active,True
2026-09-15T07:32:18.776411+00:00,2026-09-15T07:32:18.776411+00:00,KXHIGHNY-26SEP15-T70,0.0,,0.01,1289.33,0.02,61.0,0.01,0.015,0.98,61.0,0.99,1289.33,0.010000000000000009,0.985,1289.33,1114.23,1114.23,1289.33,,OK,,KXHIGHNY-26SEP15,2026-09-16T05:00:00Z,active,True
2026-09-15T07:32:18.776411+00:00,2026-09-15T07:32:18.776411+00:00,KXHIGHNY-26SEP15-B76.5,0.0,,0.01,180.75,0.02,48.0,0.01,0.015,0.98,48.0,0.99,180.75,0.010000000000000009,0.985,180.75,1085.99,1085.99,180.75,,OK,,KXHIGHNY-26SEP15,2026-09-16T05:00:00Z,active,True
2026-09-15T07:32:18.776411+00:00,2026-09-15T07:32:18.776411+00:00,KXHIGHNY-26SEP15-B74.5,0.0,,0.11,38.0,0.12,29.0,0.009999999999999995,0.11499999999999999,0.88,29.0,0.89,38.0,0.010000000000000009,0.885,3461.7799999999997,524.37,524.37,3461.7799999999997,,OK,,KXHIGHNY-26SEP15,2026-09-16T05:00:00Z,active,True
2026-09-15T07:32:18.776411+00:00,2026-09-15T07:32:18.776411+00:00,KXHIGHNY-26SEP15-B72.5,0.0,,0.61,34.31,0.62,43.43,0.010000000000000009,0.615,0.38,43.43,0.39,34.31,0.010000000000000009,0.385,947.91,2837.75,2837.75,947.91,,OK,,KXHIGHNY-26SEP15,2026-09-16T05:00:00Z,active,True
2026-09-15T07:32:18.776411+00:00,2026-09-15T07:32:18.776411+00:00,KXHIGHNY-26SEP15-B70.5,0.0,,0.25,1.0,0.26,25.0,0.010000000000000009,0.255,0.74,25.0,0.75,1.0,0.010000000000000009,0.745,1496.46,567.1,567.1,1496.46,,OK,,KXHIGHNY-26SEP15,2026-09-16T05:00:00Z,active,True
2026-09-15T13:22:30.548763+00:00,2026-09-15T13:22:30.548763+00:00,KXHIGHNY-26SEP15-T77,0.0,,,,0.01,13913.47,,,0.99,13913.47,,,,,0.0,26578.47,26578.47,0.0,,OK,,KXHIGHNY-26SEP15,2026-09-16T05:00:00Z,active,True
2026-09-15T13:22:30.548763+00:00,2026-09-15T13:22:30.548763+00:00,KXHIGHNY-26SEP15-T70,0.0,,0.01,4854.53,0.02,128.0,0.01,0.015,0.98,128.0,0.99,4854.53,0.010000000000000009,0.985,4854.53,1651.98,1651.98,4854.53,,OK,,KXHIGHNY-26SEP15,2026-09-16T05:00:00Z,active,True
2026-09-15T13:22:30.548763+00:00,2026-09-15T13:22:30.548763+00:00,KXHIGHNY-26SEP15-B76.5,0.0,,,,0.01,14384.95,,,0.99,14384.95,,,,,0.0,30585.19,30585.19,0.0,,OK,,KXHIGHNY-26SEP15,2026-09-16T05:00:00Z,active,True
2026-09-15T13:22:30.548763+00:00,2026-09-15T13:22:30.548763+00:00,KXHIGHNY-26SEP15-B74.5,0.0,,0.05,299.25,0.06,26.0,0.009999999999999995,0.055,0.94,26.0,0.95,299.25,0.010000000000000009,0.945,3871.6,1618.62,1618.62,3871.6,,OK,,KXHIGHNY-26SEP15,2026-09-16T05:00:00Z,active,True
2026-09-15T13:22:30.548763+00:00,2026-09-15T13:22:30.548763+00:00,KXHIGHNY-26SEP15-B72.5,0.0,,0.65,12.0,0.67,1.0,0.020000000000000018,0.66,0.33,1.0,0.35,12.0,0.019999999999999962,0.33999999999999997,710.4300000000001,2833.7799999999997,2833.7799999999997,710.4300000000001,,OK,,KXHIGHNY-26SEP15,2026-09-16T05:00:00Z,active,True
2026-09-15T13:22:30.548763+00:00,2026-09-15T13:22:30.548763+00:00,KXHIGHNY-26SEP15-B70.5,0.0,,0.29,4.93,0.3,33.0,0.010000000000000009,0.295,0.7,33.0,0.71,4.93,0.010000000000000009,0.705,2634.75,1521.21,1521.21,2634.75,,OK,,KXHIGHNY-26SEP15,2026-09-16T05:00:00Z,active,True
2026-09-15T18:04:31.698755+00:00,2026-09-15T18:04:31.698755+00:00,KXHIGHNY-26SEP16-T82,0.0,,0.01,858.21,0.02,204.0,0.01,0.015,0.98,204.0,0.99,858.21,0.010000000000000009,0.985,858.21,1843.24,1843.24,858.21,,OK,,KXHIGHNY-26SEP16,2026-09-17T05:00:00Z,active,True
2026-09-15T18:04:31.698755+00:00,2026-09-15T18:04:31.698755+00:00,KXHIGHNY-26SEP16-T75,0.0,,0.02,124.18,0.03,122.26,0.009999999999999998,0.025,0.97,122.26,0.98,124.18,0.010000000000000009,0.975,1430.18,1157.26,1157.26,1430.18,,OK,,KXHIGHNY-26SEP16,2026-09-17T05:00:00Z,active,True
2026-09-15T18:04:31.698755+00:00,2026-09-15T18:04:31.698755+00:00,KXHIGHNY-26SEP16-B81.5,0.0,,0.11,131.37,0.12,9.0,0.009999999999999995,0.11499999999999999,0.88,9.0,0.89,131.37,0.010000000000000009,0.885,4051.37,2032.0,2032.0,4051.37,,OK,,KXHIGHNY-26SEP16,2026-09-17T05:00:00Z,active,True
2026-09-15T18:04:31.698755+00:00,2026-09-15T18:04:31.698755+00:00,KXHIGHNY-26SEP16-B79.5,0.0,,0.37,14.0,0.38,40.59,0.010000000000000009,0.375,0.62,40.59,0.63,14.0,0.010000000000000009,0.625,1483.5900000000001,1746.6,1746.6,1483.5900000000001,,OK,,KXHIGHNY-26SEP16,2026-09-17T05:00:00Z,active,True
2026-09-15T18:04:31.698755+00:00,2026-09-15T18:04:31.698755+00:00,KXHIGHNY-26SEP16-B77.5,0.0,,0.4,177.0,0.41,31.0,0.009999999999999953,0.405,0.59,31.0,0.6,177.0,0.010000000000000009,0.595,2096.01,938.88,938.88,2096.01,,OK,,KXHIGHNY-26SEP16,2026-09-17T05:00:00Z,active,True
2026-09-15T18:04:31.698755+00:00,2026-09-15T18:04:31.698755+00:00,KXHIGHNY-26SEP16-B75.5,0.0,,0.07,33.06,0.08,14.0,0.009999999999999995,0.07500000000000001,0.92,14.0,0.93,33.06,0.010000000000000009,0.925,4272.0599999999995,961.05,961.05,4272.0599999999995,,OK,,KXHIGHNY-26SEP16,2026-09-17T05:00:00Z,active,True
2026-09-15T18:04:31.698755+00:00,2026-09-15T18:04:31.698755+00:00,KXHIGHNY-26SEP15-T77,0.0,,,,0.01,18589.72,,,0.99,18589.72,,,,,0.0,27064.72,27064.72,0.0,,OK,,KXHIGHNY-26SEP15,2026-09-16T05:00:00Z,active,True
2026-09-15T18:04:31.698755+00:00,2026-09-15T18:04:31.698755+00:00,KXHIGHNY-26SEP15-T70,0.0,,,,0.01,256902.47,,,0.99,256902.47,,,,,0.0,263200.85,263200.85,0.0,,OK,,KXHIGHNY-26SEP15,2026-09-16T05:00:00Z,active,True
2026-09-15T18:04:31.698755+00:00,2026-09-15T18:04:31.698755+00:00,KXHIGHNY-26SEP15-B76.5,0.0,,,,0.01,20203.84,,,0.99,20203.84,,,,,0.0,36907.08,36907.08,0.0,,OK,,KXHIGHNY-26SEP15,2026-09-16T05:00:00Z,active,True
2026-09-15T18:04:31.698755+00:00,2026-09-15T18:04:31.698755+00:00,KXHIGHNY-26SEP15-B74.5,0.0,,0.02,200.0,0.03,256.86,0.009999999999999998,0.025,0.97,256.86,0.98,200.0,0.010000000000000009,0.975,2130.6,1593.02,1593.02,2130.6,,OK,,KXHIGHNY-26SEP15,2026-09-16T05:00:00Z,active,True
2026-09-15T18:04:31.698755+00:00,2026-09-15T18:04:31.698755+00:00,KXHIGHNY-26SEP15-B72.5,0.0,,0.77,46.0,0.82,31.0,0.04999999999999993,0.7949999999999999,0.18,31.0,0.23,46.0,0.05000000000000002,0.20500000000000002,1263.62,3800.51,3800.51,1263.62,,OK,,KXHIGHNY-26SEP15,2026-09-16T05:00:00Z,active,True
2026-09-15T18:04:31.698755+00:00,2026-09-15T18:04:31.698755+00:00,KXHIGHNY-26SEP15-B70.5,0.0,,0.19,1.0,0.2,22.0,0.010000000000000009,0.195,0.8,22.0,0.81,1.0,0.010000000000000009,0.805,3806.4900000000002,1746.02,1746.02,3806.4900000000002,,OK,,KXHIGHNY-26SEP15,2026-09-16T05:00:00Z,active,True
2026-09-15T21:12:56.213527+00:00,2026-09-15T21:12:56.213527+00:00,KXHIGHNY-26SEP16-T82,0.0,,0.01,460.99,0.02,224.24,0.01,0.015,0.98,224.24,0.99,460.99,0.010000000000000009,0.985,460.99,3734.4,3734.4,460.99,,OK,,KXHIGHNY-26SEP16,2026-09-17T05:00:00Z,active,True
2026-09-15T21:12:56.213527+00:00,2026-09-15T21:12:56.213527+00:00,KXHIGHNY-26SEP16-T75,0.0,,0.01,1164.58,0.02,2896.0,0.01,0.015,0.98,2896.0,0.99,1164.58,0.010000000000000009,0.985,1164.58,9165.920000000002,9165.920000000002,1164.58,,OK,,KXHIGHNY-26SEP16,2026-09-17T05:00:00Z,active,True
2026-09-15T21:12:56.213527+00:00,2026-09-15T21:12:56.213527+00:00,KXHIGHNY-26SEP16-B81.5,0.0,,0.08,89.0,0.09,11.0,0.009999999999999995,0.08499999999999999,0.91,11.0,0.92,89.0,0.010000000000000009,0.915,3938.3,3010.7799999999997,3010.7799999999997,3938.3,,OK,,KXHIGHNY-26SEP16,2026-09-17T05:00:00Z,active,True
2026-09-15T21:12:56.213527+00:00,2026-09-15T21:12:56.213527+00:00,KXHIGHNY-26SEP16-B79.5,0.0,,0.44,28.0,0.45,33.71,0.010000000000000009,0.445,0.55,33.71,0.56,28.0,0.010000000000000009,0.555,2771.36,3009.2400000000002,3009.2400000000002,2771.36,,OK,,KXHIGHNY-26SEP16,2026-09-17T05:00:00Z,active,True
2026-09-15T21:12:56.213527+00:00,2026-09-15T21:12:56.213527+00:00,KXHIGHNY-26SEP16-B77.5,0.0,,0.38,84.0,0.39,3.7,0.010000000000000009,0.385,0.61,3.7,0.62,84.0,0.010000000000000009,0.615,3947.18,2590.15,2590.15,3947.18,,OK,,KXHIGHNY-26SEP16,2026-09-17T05:00:00Z,active,True
2026-09-15T21:12:56.213527+00:00,2026-09-15T21:12:56.213527+00:00,KXHIGHNY-26SEP16-B75.5,0.0,,0.07,25.0,0.08,24.98,0.009999999999999995,0.07500000000000001,0.92,24.98,0.93,25.0,0.010000000000000009,0.925,4404.0,2936.94,2936.94,4404.0,,OK,,KXHIGHNY-26SEP16,2026-09-17T05:00:00Z,active,True
2026-09-15T21:12:56.213527+00:00,2026-09-15T21:12:56.213527+00:00,KXHIGHNY-26SEP15-T77,0.0,,,,0.01,27454.34,,,0.99,27454.34,,,,,0.0,35277.34,35277.34,0.0,,OK,,KXHIGHNY-26SEP15,2026-09-16T05:00:00Z,active,True
2026-09-15T21:12:56.213527+00:00,2026-09-15T21:12:56.213527+00:00,KXHIGHNY-26SEP15-T70,0.0,,,,0.01,286589.61,,,0.99,286589.61,,,,,0.0,288721.84,288721.84,0.0,,OK,,KXHIGHNY-26SEP15,2026-09-16T05:00:00Z,active,True
2026-09-15T21:12:56.213527+00:00,2026-09-15T21:12:56.213527+00:00,KXHIGHNY-26SEP15-B76.5,0.0,,,,0.01,30690.43,,,0.99,30690.43,,,,,0.0,33952.670000000006,33952.670000000006,0.0,,OK,,KXHIGHNY-26SEP15,2026-09-16T05:00:00Z,active,True
2026-09-15T21:12:56.213527+00:00,2026-09-15T21:12:56.213527+00:00,KXHIGHNY-26SEP15-B74.5,0.0,,,,0.01,25047.76,,,0.99,25047.76,,,,,0.0,28750.359999999997,28750.359999999997,0.0,,OK,,KXHIGHNY-26SEP15,2026-09-16T05:00:00Z,active,True
2026-09-15T21:12:56.213527+00:00,2026-09-15T21:12:56.213527+00:00,KXHIGHNY-26SEP15-B72.5,0.0,,0.99,24832.23,,,,,,,0.01,24832.23,,,27946.559999999998,0.0,0.0,27946.559999999998,,OK,,KXHIGHNY-26SEP15,2026-09-16T05:00:00Z,active,True
2026-09-15T21:12:56.213527+00:00,2026-09-15T21:12:56.213527+00:00,KXHIGHNY-26SEP15-B70.5,0.0,,,,0.01,308257.48,,,0.99,308257.48,,,,,0.0,309878.44999999995,309878.44999999995,0.0,,OK,,KXHIGHNY-26SEP15,2026-09-16T05:00:00Z,active,True
2026-09-16T00:05:42.638974+00:00,2026-09-16T00:05:42.638974+00:00,KXHIGHNY-26SEP16-T82,0.0,,0.01,349.0,0.02,142.24,0.01,0.015,0.98,142.24,0.99,349.0,0.010000000000000009,0.985,349.0,2038.24,2038.24,349.0,,OK,,KXHIGHNY-26SEP16,2026-09-17T05:00:00Z,active,True
2026-09-16T00:05:42.638974+00:00,2026-09-16T00:05:42.638974+00:00,KXHIGHNY-26SEP16-T75,0.0,,0.01,1162.57,0.02,5224.0,0.01,0.015,0.98,5224.0,0.99,1162.57,0.010000000000000009,0.985,1162.57,10628.26,10628.26,1162.57,,OK,,KXHIGHNY-26SEP16,2026-09-17T05:00:00Z,active,True
2026-09-16T00:05:42.638974+00:00,2026-09-16T00:05:42.638974+00:00,KXHIGHNY-26SEP16-B81.5,0.0,,0.08,56.0,0.09,11.0,0.009999999999999995,0.08499999999999999,0.91,11.0,0.92,56.0,0.010000000000000009,0.915,2069.52,697.0,697.0,2069.52,,OK,,KXHIGHNY-26SEP16,2026-09-17T05:00:00Z,active,True
2026-09-16T00:05:42.638974+00:00,2026-09-16T00:05:42.638974+00:00,KXHIGHNY-26SEP16-B79.5,0.0,,0.47,8.54,0.48,1.0,0.010000000000000009,0.475,0.52,1.0,0.53,8.54,0.010000000000000009,0.525,1846.15,1891.52,1891.52,1846.15,,OK,,KXHIGHNY-26SEP16,2026-09-17T05:00:00Z,active,True
2026-09-16T00:05:42.638974+00:00,2026-09-16T00:05:42.638974+00:00,KXHIGHNY-26SEP16-B77.5,0.0,,0.35,24.0,0.36,66.28,0.010000000000000009,0.355,0.64,66.28,0.65,24.0,0.010000000000000009,0.645,1767.02,681.78,681.78,1767.02,,OK,,KXHIGHNY-26SEP16,2026-09-17T05:00:00Z,active,True
2026-09-16T00:05:42.638974+00:00,2026-09-16T00:05:42.638974+00:00,KXHIGHNY-26SEP16-B75.5,0.0,,0.08,135.51,0.09,124.0,0.009999999999999995,0.08499999999999999,0.91,124.0,0.92,135.51,0.010000000000000009,0.915,5543.01,1685.4699999999998,1685.4699999999998,5543.01,,OK,,KXHIGHNY-26SEP16,2026-09-17T05:00:00Z,active,True
2026-09-16T00:05:42.638974+00:00,2026-09-16T00:05:42.638974+00:00,KXHIGHNY-26SEP15-T77,0.0,,,,0.01,59303.34,,,0.99,59303.34,,,,,0.0,66690.34,66690.34,0.0,,OK,,KXHIGHNY-26SEP15,2026-09-16T05:00:00Z,active,True
2026-09-16T00:05:42.638974+00:00,2026-09-16T00:05:42.638974+00:00,KXHIGHNY-26SEP15-T70,0.0,,,,0.01,284207.61,,,0.99,284207.61,,,,,0.0,285939.84,285939.84,0.0,,OK,,KXHIGHNY-26SEP15,2026-09-16T05:00:00Z,active,True
2026-09-16T00:05:42.638974+00:00,2026-09-16T00:05:42.638974+00:00,KXHIGHNY-26SEP15-B76.5,0.0,,,,0.01,75154.95,,,0.99,75154.95,,,,,0.0,77629.18999999999,77629.18999999999,0.0,,OK,,KXHIGHNY-26SEP15,2026-09-16T05:00:00Z,active,True
2026-09-16T00:05:42.638974+00:00,2026-09-16T00:05:42.638974+00:00,KXHIGHNY-26SEP15-B74.5,0.0,,,,0.01,55906.74,,,0.99,55906.74,,,,,0.0,59247.61,59247.61,0.0,,OK,,KXHIGHNY-26SEP15,2026-09-16T05:00:00Z,active,True
2026-09-16T00:05:42.638974+00:00,2026-09-16T00:05:42.638974+00:00,KXHIGHNY-26SEP15-B72.5,0.0,,0.99,57649.45,,,,,,,0.01,57649.45,,,60700.78,0.0,0.0,60700.78,,OK,,KXHIGHNY-26SEP15,2026-09-16T05:00:00Z,active,True
2026-09-16T00:05:42.638974+00:00,2026-09-16T00:05:42.638974+00:00,KXHIGHNY-26SEP15-B70.5,0.0,,,,0.01,300898.47,,,0.99,300898.47,,,,,0.0,302950.47,302950.47,0.0,,OK,,KXHIGHNY-26SEP15,2026-09-16T05:00:00Z,active,True
2026-09-16T04:41:02.513067+00:00,2026-09-16T04:41:02.513067+00:00,KXHIGHNY-26SEP16-T82,0.0,,,,0.01,30.0,,,0.99,30.0,,,,,0.0,2211.12,2211.12,0.0,,OK,,KXHIGHNY-26SEP16,2026-09-17T05:00:00Z,active,True
2026-09-16T04:41:02.513067+00:00,2026-09-16T04:41:02.513067+00:00,KXHIGHNY-26SEP16-T75,0.0,,,,0.01,273.39,,,0.99,273.39,,,,,0.0,2404.83,2404.83,0.0,,OK,,KXHIGHNY-26SEP16,2026-09-17T05:00:00Z,active,True
2026-09-16T04:41:02.513067+00:00,2026-09-16T04:41:02.513067+00:00,KXHIGHNY-26SEP16-B81.5,0.0,,0.1,131.28,0.11,35.0,0.009999999999999995,0.10500000000000001,0.89,35.0,0.9,131.28,0.010000000000000009,0.895,2878.2799999999997,972.3299999999999,972.3299999999999,2878.2799999999997,,OK,,KXHIGHNY-26SEP16,2026-09-17T05:00:00Z,active,True
2026-09-16T04:41:02.513067+00:00,2026-09-16T04:41:02.513067+00:00,KXHIGHNY-26SEP16-B79.5,0.0,,0.38,1.0,0.39,51.0,0.010000000000000009,0.385,0.61,51.0,0.62,1.0,0.010000000000000009,0.615,2311.09,1567.67,1567.67,2311.09,,OK,,KXHIGHNY-26SEP16,2026-09-17T05:00:00Z,active,True
2026-09-16T04:41:02.513067+00:00,2026-09-16T04:41:02.513067+00:00,KXHIGHNY-26SEP16-B77.5,0.0,,0.46,55.0,0.49,11.0,0.02999999999999997,0.475,0.51,11.0,0.54,55.0,0.030000000000000027,0.525,673.02,1651.22,1651.22,673.02,,OK,,KXHIGHNY-26SEP16,2026-09-17T05:00:00Z,active,True
2026-09-16T04:41:02.513067+00:00,2026-09-16T04:41:02.513067+00:00,KXHIGHNY-26SEP16-B75.5,0.0,,0.08,42.95,0.09,28.24,0.009999999999999995,0.08499999999999999,0.91,28.24,0.92,42.95,0.010000000000000009,0.915,3525.95,716.11,716.11,3525.95,,OK,,KXHIGHNY-26SEP16,2026-09-17T05:00:00Z,active,True
2026-09-16T09:48:09.406318+00:00,2026-09-16T09:48:09.406318+00:00,KXHIGHNY-26SEP16-T82,0.0,,,,0.02,78.0,,,0.98,78.0,,,,,0.0,2027.73,2027.73,0.0,,OK,,KXHIGHNY-26SEP16,2026-09-17T05:00:00Z,active,True
2026-09-16T09:48:09.406318+00:00,2026-09-16T09:48:09.406318+00:00,KXHIGHNY-26SEP16-T75,0.0,,,,0.01,16140.37,,,0.99,16140.37,,,,,0.0,24086.81,24086.81,0.0,,OK,,KXHIGHNY-26SEP16,2026-09-17T05:00:00Z,active,True
2026-09-16T09:48:09.406318+00:00,2026-09-16T09:48:09.406318+00:00,KXHIGHNY-26SEP16-B81.5,0.0,,0.04,123.08,0.05,26.0,0.010000000000000002,0.045,0.95,26.0,0.96,123.08,0.010000000000000009,0.955,2610.08,900.57,900.57,2610.08,,OK,,KXHIGHNY-26SEP16,2026-09-17T05:00:00Z,active,True
2026-09-16T09:48:09.406318+00:00,2026-09-16T09:48:09.406318+00:00,KXHIGHNY-26SEP16-B79.5,0.0,,0.36,164.37,0.39,31.0,0.030000000000000027,0.375,0.61,31.0,0.64,164.37,0.030000000000000027,0.625,1759.69,1036.31,1036.31,1759.69,,OK,,KXHIGHNY-26SEP16,2026-09-17T05:00:00Z,active,True
2026-09-16T09:48:09.406318+00:00,2026-09-16T09:48:09.406318+00:00,KXHIGHNY-26SEP16-B77.5,0.0,,0.52,60.0,0.53,23.65,0.010000000000000009,0.525,0.47,23.65,0.48,60.0,0.010000000000000009,0.475,810.0,2134.74,2134.74,810.0,,OK,,KXHIGHNY-26SEP16,2026-09-17T05:00:00Z,active,True
2026-09-16T09:48:09.406318+00:00,2026-09-16T09:48:09.406318+00:00,KXHIGHNY-26SEP16-B75.5,0.0,,0.06,20.0,0.07,31.0,0.010000000000000009,0.065,0.93,31.0,0.94,20.0,0.009999999999999898,0.935,2354.9,1308.67,1308.67,2354.9,,OK,,KXHIGHNY-26SEP16,2026-09-17T05:00:00Z,active,True
2026-09-16T14:45:40.652404+00:00,2026-09-16T14:45:40.652404+00:00,KXHIGHNY-26SEP17-T87,0.0,,,,0.01,100.0,,,0.99,100.0,,,,,0.0,1778.0,1778.0,0.0,,OK,,KXHIGHNY-26SEP17,2026-09-18T05:00:00Z,active,True
2026-09-16T14:45:40.652404+00:00,2026-09-16T14:45:40.652404+00:00,KXHIGHNY-26SEP17-T80,0.0,,0.12,91.0,0.13,0.02,0.010000000000000009,0.125,0.87,0.02,0.88,91.0,0.010000000000000009,0.875,2528.0,694.06,694.06,2528.0,,OK,,KXHIGHNY-26SEP17,2026-09-18T05:00:00Z,active,True
2026-09-16T14:45:40.652404+00:00,2026-09-16T14:45:40.652404+00:00,KXHIGHNY-26SEP17-B86.5,0.0,,0.01,692.0,0.02,25.0,0.01,0.015,0.98,25.0,0.99,692.0,0.010000000000000009,0.985,692.0,731.24,731.24,692.0,,OK,,KXHIGHNY-26SEP17,2026-09-18T05:00:00Z,active,True
2026-09-16T14:45:40.652404+00:00,2026-09-16T14:45:40.652404+00:00,KXHIGHNY-26SEP17-B84.5,0.0,,0.15,25.0,0.17,7.0,0.020000000000000018,0.16,0.83,7.0,0.85,25.0,0.020000000000000018,0.84,1878.0,647.0,647.0,1878.0,,OK,,KXHIGHNY-26SEP17,2026-09-18T05:00:00Z,active,True
2026-09-16T14:45:40.652404+00:00,2026-09-16T14:45:40.652404+00:00,KXHIGHNY-26SEP17-B82.5,0.0,,0.31,10.0,0.33,42.98,0.020000000000000018,0.32,0.67,42.98,0.69,10.0,0.019999999999999907,0.6799999999999999,2085.15,1771.98,1771.98,2085.15,,OK,,KXHIGHNY-26SEP17,2026-09-18T05:00:00Z,active,True
2026-09-16T14:45:40.652404+00:00,2026-09-16T14:45:40.652404+00:00,KXHIGHNY-26SEP17-B80.5,0.0,,0.32,39.28,0.33,1.0,0.010000000000000009,0.325,0.67,1.0,0.68,39.28,0.010000000000000009,0.675,1513.28,612.62,612.62,1513.28,,OK,,KXHIGHNY-26SEP17,2026-09-18T05:00:00Z,active,True
2026-09-16T14:45:40.652404+00:00,2026-09-16T14:45:40.652404+00:00,KXHIGHNY-26SEP16-T82,0.0,,,,0.01,33.0,,,0.99,33.0,,,,,0.0,2292.94,2292.94,0.0,,OK,,KXHIGHNY-26SEP16,2026-09-17T05:00:00Z,active,True
2026-09-16T14:45:40.652404+00:00,2026-09-16T14:45:40.652404+00:00,KXHIGHNY-26SEP16-T75,0.0,,,,0.01,12836.13,,,0.99,12836.13,,,,,0.0,20040.309999999998,20040.309999999998,0.0,,OK,,KXHIGHNY-26SEP16,2026-09-17T05:00:00Z,active,True
2026-09-16T14:45:40.652404+00:00,2026-09-16T14:45:40.652404+00:00,KXHIGHNY-26SEP16-B81.5,0.0,,0.03,45.0,0.04,68.0,0.010000000000000002,0.035,0.96,68.0,0.97,45.0,0.010000000000000009,0.965,1486.3200000000002,1139.58,1139.58,1486.3200000000002,,OK,,KXHIGHNY-26SEP16,2026-09-17T05:00:00Z,active,True
2026-09-16T14:45:40.652404+00:00,2026-09-16T14:45:40.652404+00:00,KXHIGHNY-26SEP16-B79.5,0.0,,0.3,41.95,0.31,35.0,0.010000000000000009,0.305,0.69,35.0,0.7,41.95,0.010000000000000009,0.695,1859.3500000000001,1147.6,1147.6,1859.3500000000001,,OK,,KXHIGHNY-26SEP16,2026-09-17T05:00:00Z,active,True
2026-09-16T14:45:40.652404+00:00,2026-09-16T14:45:40.652404+00:00,KXHIGHNY-26SEP16-B77.5,0.0,,0.56,41.0,0.58,7.0,0.019999999999999907,0.5700000000000001,0.42,7.0,0.44,41.0,0.020000000000000018,0.43,1044.0,2721.6099999999997,2721.6099999999997,1044.0,,OK,,KXHIGHNY-26SEP16,2026-09-17T05:00:00Z,active,True
2026-09-16T14:45:40.652404+00:00,2026-09-16T14:45:40.652404+00:00,KXHIGHNY-26SEP16-B75.5,0.0,,0.09,44.0,0.11,28.0,0.020000000000000004,0.1,0.89,28.0,0.91,44.0,0.020000000000000018,0.9,1764.37,683.81,683.81,1764.37,,OK,,KXHIGHNY-26SEP16,2026-09-17T05:00:00Z,active,True
2026-09-16T18:47:35.062711+00:00,2026-09-16T18:47:35.062711+00:00,KXHIGHNY-26SEP17-T87,0.0,,,,0.01,41.0,,,0.99,41.0,,,,,0.0,1964.05,1964.05,0.0,,OK,,KXHIGHNY-26SEP17,2026-09-18T05:00:00Z,active,True
2026-09-16T18:47:35.062711+00:00,2026-09-16T18:47:35.062711+00:00,KXHIGHNY-26SEP17-T80,0.0,,0.2,90.01,0.21,24.27,0.009999999999999981,0.20500000000000002,0.79,24.27,0.8,90.01,0.010000000000000009,0.795,4381.01,537.46,537.46,4381.01,,OK,,KXHIGHNY-26SEP17,2026-09-18T05:00:00Z,active,True
2026-09-16T18:47:35.062711+00:00,2026-09-16T18:47:35.062711+00:00,KXHIGHNY-26SEP17-B86.5,0.0,,0.01,568.11,0.02,54.25,0.01,0.015,0.98,54.25,0.99,568.11,0.010000000000000009,0.985,568.11,1025.25,1025.25,568.11,,OK,,KXHIGHNY-26SEP17,2026-09-18T05:00:00Z,active,True
2026-09-16T18:47:35.062711+00:00,2026-09-16T18:47:35.062711+00:00,KXHIGHNY-26SEP17-B84.5,0.0,,0.08,132.11,0.09,6.0,0.009999999999999995,0.08499999999999999,0.91,6.0,0.92,132.11,0.010000000000000009,0.915,3747.1499999999996,350.07000000000005,350.07000000000005,3747.1499999999996,,OK,,KXHIGHNY-26SEP17,2026-09-18T05:00:00Z,active,True
2026-09-16T18:47:35.062711+00:00,2026-09-16T18:47:35.062711+00:00,KXHIGHNY-26SEP17-B82.5,0.0,,0.32,24.0,0.33,60.0,0.010000000000000009,0.325,0.67,60.0,0.68,24.0,0.010000000000000009,0.675,1814.6999999999998,1792.99,1792.99,1814.6999999999998,,OK,,KXHIGHNY-26SEP17,2026-09-18T05:00:00Z,active,True
2026-09-16T18:47:35.062711+00:00,2026-09-16T18:47:35.062711+00:00,KXHIGHNY-26SEP17-B80.5,0.0,,0.42,49.0,0.43,92.08,0.010000000000000009,0.425,0.57,92.08,0.58,49.0,0.010000000000000009,0.575,1721.22,1925.8500000000001,1925.8500000000001,1721.22,,OK,,KXHIGHNY-26SEP17,2026-09-18T05:00:00Z,active,True
2026-09-16T18:47:35.062711+00:00,2026-09-16T18:47:35.062711+00:00,KXHIGHNY-26SEP16-T82,0.0,,,,0.01,20583.94,,,0.99,20583.94,,,,,0.0,27174.879999999997,27174.879999999997,0.0,,OK,,KXHIGHNY-26SEP16,2026-09-17T05:00:00Z,active,True
2026-09-16T18:47:35.062711+00:00,2026-09-16T18:47:35.062711+00:00,KXHIGHNY-26SEP16-T75,0.0,,,,0.01,70951.14,,,0.99,70951.14,,,,,0.0,85983.85,85983.85,0.0,,OK,,KXHIGHNY-26SEP16,2026-09-17T05:00:00Z,active,True
2026-09-16T18:47:35.062711+00:00,2026-09-16T18:47:35.062711+00:00,KXHIGHNY-26SEP16-B81.5,0.0,,,,0.01,15060.24,,,0.99,15060.24,,,,,0.0,21307.57,21307.57,0.0,,OK,,KXHIGHNY-26SEP16,2026-09-17T05:00:00Z,active,True
2026-09-16T18:47:35.062711+00:00,2026-09-16T18:47:35.062711+00:00,KXHIGHNY-26SEP16-B79.5,0.0,,0.04,20.0,0.05,15.0,0.010000000000000002,0.045,0.95,15.0,0.96,20.0,0.010000000000000009,0.955,4905.47,1809.1200000000001,1809.1200000000001,4905.47,,OK,,KXHIGHNY-26SEP16,2026-09-17T05:00:00Z,active,True
2026-09-16T18:47:35.062711+00:00,2026-09-16T18:47:35.062711+00:00,KXHIGHNY-26SEP16-B77.5,0.0,,0.66,38.77,0.69,1.0,0.029999999999999916,0.675,0.31,1.0,0.34,38.77,0.030000000000000027,0.325,1145.73,1127.49,1127.49,1145.73,,OK,,KXHIGHNY-26SEP16,2026-09-17T05:00:00Z,active,True
2026-09-16T18:47:35.062711+00:00,2026-09-16T18:47:35.062711+00:00,KXHIGHNY-26SEP16-B75.5,0.0,,0.26,29.0,0.3,38.0,0.03999999999999998,0.28,0.7,38.0,0.74,29.0,0.040000000000000036,0.72,5882.5,496.41,496.41,5882.5,,OK,,KXHIGHNY-26SEP16,2026-09-17T05:00:00Z,active,True
2026-09-16T22:00:17.684636+00:00,2026-09-16T22:00:17.684636+00:00,KXHIGHNY-26SEP17-T87,0.0,,,,0.01,141.6,,,0.99,141.6,,,,,0.0,2362.6,2362.6,0.0,,OK,,KXHIGHNY-26SEP17,2026-09-18T05:00:00Z,active,True
2026-09-16T22:00:17.684636+00:00,2026-09-16T22:00:17.684636+00:00,KXHIGHNY-26SEP17-T80,0.0,,0.25,48.26,0.26,6.35,0.010000000000000009,0.255,0.74,6.35,0.75,48.26,0.010000000000000009,0.745,2831.74,516.56,516.56,2831.74,,OK,,KXHIGHNY-26SEP17,2026-09-18T05:00:00Z,active,True
2026-09-16T22:00:17.684636+00:00,2026-09-16T22:00:17.684636+00:00,KXHIGHNY-26SEP17-B86.5,0.0,,0.01,171.33,0.02,58.9,0.01,0.015,0.98,58.9,0.99,171.33,0.010000000000000009,0.985,171.33,1612.9,1612.9,171.33,,OK,,KXHIGHNY-26SEP17,2026-09-18T05:00:00Z,active,True
2026-09-16T22:00:17.684636+00:00,2026-09-16T22:00:17.684636+00:00,KXHIGHNY-26SEP17-B84.5,0.0,,0.04,75.95,0.07,36.0,0.030000000000000006,0.05500000000000001,0.93,36.0,0.96,75.95,0.029999999999999916,0.9450000000000001,2246.95,723.86,723.86,2246.95,,OK,,KXHIGHNY-26SEP17,2026-09-18T05:00:00Z,active,True
2026-09-16T22:00:17.684636+00:00,2026-09-16T22:00:17.684636+00:00,KXHIGHNY-26SEP17-B82.5,0.0,,0.26,51.01,0.28,41.0,0.020000000000000018,0.27,0.72,41.0,0.74,51.01,0.020000000000000018,0.73,2351.1800000000003,1815.96,1815.96,2351.1800000000003,,OK,,KXHIGHNY-26SEP17,2026-09-18T05:00:00Z,active,True
2026-09-16T22:00:17.684636+00:00,2026-09-16T22:00:17.684636+00:00,KXHIGHNY-26SEP17-B80.5,0.0,,0.46,2.01,0.48,6.0,0.019999999999999962,0.47,0.52,6.0,0.54,2.01,0.020000000000000018,0.53,879.04,1966.67,1966.67,879.04,,OK,,KXHIGHNY-26SEP17,2026-09-18T05:00:00Z,active,True
2026-09-16T22:00:17.684636+00:00,2026-09-16T22:00:17.684636+00:00,KXHIGHNY-26SEP16-T82,0.0,,,,0.01,58812.04,,,0.99,58812.04,,,,,0.0,65537.98000000001,65537.98000000001,0.0,,OK,,KXHIGHNY-26SEP16,2026-09-17T05:00:00Z,active,True
2026-09-16T22:00:17.684636+00:00,2026-09-16T22:00:17.684636+00:00,KXHIGHNY-26SEP16-T75,0.0,,,,0.01,300538.54,,,0.99,300538.54,,,,,0.0,302154.25,302154.25,0.0,,OK,,KXHIGHNY-26SEP16,2026-09-17T05:00:00Z,active,True
2026-09-16T22:00:17.684636+00:00,2026-09-16T22:00:17.684636+00:00,KXHIGHNY-26SEP16-B81.5,0.0,,,,0.01,47819.43,,,0.99,47819.43,,,,,0.0,58963.76,58963.76,0.0,,OK,,KXHIGHNY-26SEP16,2026-09-17T05:00:00Z,active,True
2026-09-16T22:00:17.684636+00:00,2026-09-16T22:00:17.684636+00:00,KXHIGHNY-26SEP16-B79.5,0.0,,,,0.01,32202.96,,,0.99,32202.96,,,,,0.0,33374.28,33374.28,0.0,,OK,,KXHIGHNY-26SEP16,2026-09-17T05:00:00Z,active,True
2026-09-16T22:00:17.684636+00:00,2026-09-16T22:00:17.684636+00:00,KXHIGHNY-26SEP16-B77.5,0.0,,0.99,30098.78,,,,,,,0.01,30098.78,,,34774.979999999996,0.0,0.0,34774.979999999996,,OK,,KXHIGHNY-26SEP16,2026-09-17T05:00:00Z,active,True
2026-09-16T22:00:17.684636+00:00,2026-09-16T22:00:17.684636+00:00,KXHIGHNY-26SEP16-B75.5,0.0,,,,0.01,302284.8,,,0.99,302284.8,,,,,0.0,304207.86,304207.86,0.0,,OK,,KXHIGHNY-26SEP16,2026-09-17T05:00:00Z,active,True
2026-09-17T00:16:06.365784+00:00,2026-09-17T00:16:06.365784+00:00,KXHIGHNY-26SEP17-T87,0.0,,,,0.01,357.6,,,0.99,357.6,,,,,0.0,2038.56,2038.56,0.0,,OK,,KXHIGHNY-26SEP17,2026-09-18T05:00:00Z,active,True
2026-09-17T00:16:06.365784+00:00,2026-09-17T00:16:06.365784+00:00,KXHIGHNY-26SEP17-T80,0.0,,0.2,26.85,0.21,6.0,0.009999999999999981,0.20500000000000002,0.79,6.0,0.8,26.85,0.010000000000000009,0.795,4866.59,603.09,603.09,4866.59,,OK,,KXHIGHNY-26SEP17,2026-09-18T05:00:00Z,active,True
2026-09-17T00:16:06.365784+00:00,2026-09-17T00:16:06.365784+00:00,KXHIGHNY-26SEP17-B86.5,0.0,,0.01,112.22,0.02,457.01,0.01,0.015,0.98,457.01,0.99,112.22,0.010000000000000009,0.985,112.22,1664.17,1664.17,112.22,,OK,,KXHIGHNY-26SEP17,2026-09-18T05:00:00Z,active,True
2026-09-17T00:16:06.365784+00:00,2026-09-17T00:16:06.365784+00:00,KXHIGHNY-26SEP17-B84.5,0.0,,0.03,59.98,0.04,420.46,0.010000000000000002,0.035,0.96,420.46,0.97,59.98,0.010000000000000009,0.965,1582.08,1068.5,1068.5,1582.08,,OK,,KXHIGHNY-26SEP17,2026-09-18T05:00:00Z,active,True
2026-09-17T00:16:06.365784+00:00,2026-09-17T00:16:06.365784+00:00,KXHIGHNY-26SEP17-B82.5,0.0,,0.28,29.0,0.29,35.0,0.009999999999999953,0.28500000000000003,0.71,35.0,0.72,29.0,0.010000000000000009,0.715,2193.74,741.12,741.12,2193.74,,OK,,KXHIGHNY-26SEP17,2026-09-18T05:00:00Z,active,True
2026-09-17T00:16:06.365784+00:00,2026-09-17T00:16:06.365784+00:00,KXHIGHNY-26SEP17-B80.5,0.0,,0.51,13.0,0.52,31.0,0.010000000000000009,0.515,0.48,31.0,0.49,13.0,0.010000000000000009,0.485,679.97,1823.5199999999998,1823.5199999999998,679.97,,OK,,KXHIGHNY-26SEP17,2026-09-18T05:00:00Z,active,True
2026-09-17T00:16:06.365784+00:00,2026-09-17T00:16:06.365784+00:00,KXHIGHNY-26SEP16-T82,0.0,,,,0.01,58147.04,,,0.99,58147.04,,,,,0.0,64650.98,64650.98,0.0,,OK,,KXHIGHNY-26SEP16,2026-09-17T05:00:00Z,active,True
2026-09-17T00:16:06.365784+00:00,2026-09-17T00:16:06.365784+00:00,KXHIGHNY-26SEP16-T75,0.0,,,,0.01,298409.95,,,0.99,298409.95,,,,,0.0,299931.66000000003,299931.66000000003,0.0,,OK,,KXHIGHNY-26SEP16,2026-09-17T05:00:00Z,active,True
2026-09-17T00:16:06.365784+00:00,2026-09-17T00:16:06.365784+00:00,KXHIGHNY-26SEP16-B81.5,0.0,,,,0.01,47533.38,,,0.99,47533.38,,,,,0.0,58648.71,58648.71,0.0,,OK,,KXHIGHNY-26SEP16,2026-09-17T05:00:00Z,active,True
2026-09-17T00:16:06.365784+00:00,2026-09-17T00:16:06.365784+00:00,KXHIGHNY-26SEP16-B79.5,0.0,,,,0.01,30143.83,,,0.99,30143.83,,,,,0.0,31388.660000000003,31388.660000000003,0.0,,OK,,KXHIGHNY-26SEP16,2026-09-17T05:00:00Z,active,True
2026-09-17T00:16:06.365784+00:00,2026-09-17T00:16:06.365784+00:00,KXHIGHNY-26SEP16-B77.5,0.0,,0.99,30879.34,,,,,,,0.01,30879.34,,,35523.72,0.0,0.0,35523.72,,OK,,KXHIGHNY-26SEP16,2026-09-17T05:00:00Z,active,True
2026-09-17T00:16:06.365784+00:00,2026-09-17T00:16:06.365784+00:00,KXHIGHNY-26SEP16-B75.5,0.0,,,,0.01,292049.36,,,0.99,292049.36,,,,,0.0,298604.61000000004,298604.61000000004,0.0,,OK,,KXHIGHNY-26SEP16,2026-09-17T05:00:00Z,active,True
2026-09-17T05:57:45.280036+00:00,2026-09-17T05:57:45.280036+00:00,KXHIGHNY-26SEP17-T87,0.0,,,,0.01,5737.77,,,0.99,5737.77,,,,,0.0,7412.77,7412.77,0.0,,OK,,KXHIGHNY-26SEP17,2026-09-18T05:00:00Z,active,True
2026-09-17T05:57:45.280036+00:00,2026-09-17T05:57:45.280036+00:00,KXHIGHNY-26SEP17-T80,0.0,,0.08,1.0,0.09,66.0,0.009999999999999995,0.08499999999999999,0.91,66.0,0.92,1.0,0.010000000000000009,0.915,2910.8599999999997,700.39,700.39,2910.8599999999997,,OK,,KXHIGHNY-26SEP17,2026-09-18T05:00:00Z,active,True
2026-09-17T05:57:45.280036+00:00,2026-09-17T05:57:45.280036+00:00,KXHIGHNY-26SEP17-B86.5,0.0,,,,0.01,186.58,,,0.99,186.58,,,,,0.0,1857.58,1857.58,0.0,,OK,,KXHIGHNY-26SEP17,2026-09-18T05:00:00Z,active,True
2026-09-17T05:57:45.280036+00:00,2026-09-17T05:57:45.280036+00:00,KXHIGHNY-26SEP17-B84.5,0.0,,0.05,58.0,0.06,47.0,0.009999999999999995,0.055,0.94,47.0,0.95,58.0,0.010000000000000009,0.945,2066.9300000000003,1457.0,1457.0,2066.9300000000003,,OK,,KXHIGHNY-26SEP17,2026-09-18T05:00:00Z,active,True
2026-09-17T05:57:45.280036+00:00,2026-09-17T05:57:45.280036+00:00,KXHIGHNY-26SEP17-B82.5,0.0,,0.31,88.0,0.32,38.0,0.010000000000000009,0.315,0.68,38.0,0.69,88.0,0.009999999999999898,0.685,1741.81,2852.59,2852.59,1741.81,,OK,,KXHIGHNY-26SEP17,2026-09-18T05:00:00Z,active,True
2026-09-17T05:57:45.280036+00:00,2026-09-17T05:57:45.280036+00:00,KXHIGHNY-26SEP17-B80.5,0.0,,0.58,95.69,0.59,93.0,0.010000000000000009,0.585,0.41,93.0,0.42,95.69,0.010000000000000009,0.415,817.97,2358.49,2358.49,817.97,,OK,,KXHIGHNY-26SEP17,2026-09-18T05:00:00Z,active,True
2026-09-17T11:25:05.229892+00:00,2026-09-17T11:25:05.229892+00:00,KXHIGHNY-26SEP17-T87,0.0,,,,0.01,1440.22,,,0.99,1440.22,,,,,0.0,4717.22,4717.22,0.0,,OK,,KXHIGHNY-26SEP17,2026-09-18T05:00:00Z,active,True
2026-09-17T11:25:05.229892+00:00,2026-09-17T11:25:05.229892+00:00,KXHIGHNY-26SEP17-T80,0.0,,0.19,1232.89,0.2,187.97,0.010000000000000009,0.195,0.8,187.97,0.81,1232.89,0.010000000000000009,0.805,6115.08,699.36,699.36,6115.08,,OK,,KXHIGHNY-26SEP17,2026-09-18T05:00:00Z,active,True
2026-09-17T11:25:05.229892+00:00,2026-09-17T11:25:05.229892+00:00,KXHIGHNY-26SEP17-B86.5,0.0,,,,0.01,747.07,,,0.99,747.07,,,,,0.0,2489.07,2489.07,0.0,,OK,,KXHIGHNY-26SEP17,2026-09-18T05:00:00Z,active,True
2026-09-17T11:25:05.229892+00:00,2026-09-17T11:25:05.229892+00:00,KXHIGHNY-26SEP17-B84.5,0.0,,0.01,954.36,0.02,69.0,0.01,0.015,0.98,69.0,0.99,954.36,0.010000000000000009,0.985,954.36,1063.7,1063.7,954.36,,OK,,KXHIGHNY-26SEP17,2026-09-18T05:00:00Z,active,True
2026-09-17T11:25:05.229892+00:00,2026-09-17T11:25:05.229892+00:00,KXHIGHNY-26SEP17-B82.5,0.0,,0.27,110.0,0.29,53.0,0.019999999999999962,0.28,0.71,53.0,0.73,110.0,0.020000000000000018,0.72,1903.38,1226.05,1226.05,1903.38,,OK,,KXHIGHNY-26SEP17,2026-09-18T05:00:00Z,active,True
2026-09-17T11:25:05.229892+00:00,2026-09-17T11:25:05.229892+00:00,KXHIGHNY-26SEP17-B80.5,0.0,,0.55,8.0,0.56,70.85,0.010000000000000009,0.555,0.44,70.85,0.45,8.0,0.010000000000000009,0.445,677.0,2214.4700000000003,2214.4700000000003,677.0,,OK,,KXHIGHNY-26SEP17,2026-09-18T05:00:00Z,active,True
2026-09-17T16:43:18.726900+00:00,2026-09-17T16:43:18.726900+00:00,KXHIGHNY-26SEP18-T87,0.0,,,,0.01,1818.25,,,0.99,1818.25,,,,,0.0,4145.650000000001,4145.650000000001,0.0,,OK,,KXHIGHNY-26SEP18,2026-09-19T05:00:00Z,active,True
2026-09-17T16:43:18.726900+00:00,2026-09-17T16:43:18.726900+00:00,KXHIGHNY-26SEP18-T80,0.0,,0.35,17.0,0.37,157.27,0.020000000000000018,0.36,0.63,157.27,0.65,17.0,0.020000000000000018,0.64,1576.65,1095.62,1095.62,1576.65,,OK,,KXHIGHNY-26SEP18,2026-09-19T05:00:00Z,active,True
2026-09-17T16:43:18.726900+00:00,2026-09-17T16:43:18.726900+00:00,KXHIGHNY-26SEP18-B86.5,0.0,,,,0.01,25.0,,,0.99,25.0,,,,,0.0,2268.4000000000005,2268.4000000000005,0.0,,OK,,KXHIGHNY-26SEP18,2026-09-19T05:00:00Z,active,True
2026-09-17T16:43:18.726900+00:00,2026-09-17T16:43:18.726900+00:00,KXHIGHNY-26SEP18-B84.5,0.0,,0.02,125.0,0.03,38.24,0.009999999999999998,0.025,0.97,38.24,0.98,125.0,0.010000000000000009,0.975,1399.0,1512.6499999999999,1512.6499999999999,1399.0,,OK,,KXHIGHNY-26SEP18,2026-09-19T05:00:00Z,active,True
2026-09-17T16:43:18.726900+00:00,2026-09-17T16:43:18.726900+00:00,KXHIGHNY-26SEP18-B82.5,0.0,,0.1,255.03,0.11,30.0,0.009999999999999995,0.10500000000000001,0.89,30.0,0.9,255.03,0.010000000000000009,0.895,3564.4900000000002,483.0799999999999,483.0799999999999,3564.4900000000002,,OK,,KXHIGHNY-26SEP18,2026-09-19T05:00:00Z,active,True
2026-09-17T16:43:18.726900+00:00,2026-09-17T16:43:18.726900+00:00,KXHIGHNY-26SEP18-B80.5,0.0,,0.46,38.84,0.48,2.0,0.019999999999999962,0.47,0.52,2.0,0.54,38.84,0.020000000000000018,0.53,809.24,2005.5599999999997,2005.5599999999997,809.24,,OK,,KXHIGHNY-26SEP18,2026-09-19T05:00:00Z,active,True
2026-09-17T16:43:18.726900+00:00,2026-09-17T16:43:18.726900+00:00,KXHIGHNY-26SEP17-T87,0.0,,,,0.01,14264.29,,,0.99,14264.29,,,,,0.0,16340.29,16340.29,0.0,,OK,,KXHIGHNY-26SEP17,2026-09-18T05:00:00Z,active,True
2026-09-17T16:43:18.726900+00:00,2026-09-17T16:43:18.726900+00:00,KXHIGHNY-26SEP17-T80,0.0,,,,0.01,281552.69,,,0.99,281552.69,,,,,0.0,282940.69,282940.69,0.0,,OK,,KXHIGHNY-26SEP17,2026-09-18T05:00:00Z,active,True
2026-09-17T16:43:18.726900+00:00,2026-09-17T16:43:18.726900+00:00,KXHIGHNY-26SEP17-B86.5,0.0,,,,0.01,20942.69,,,0.99,20942.69,,,,,0.0,29567.69,29567.69,0.0,,OK,,KXHIGHNY-26SEP17,2026-09-18T05:00:00Z,active,True
2026-09-17T16:43:18.726900+00:00,2026-09-17T16:43:18.726900+00:00,KXHIGHNY-26SEP17-B84.5,0.0,,0.06,1502.94,0.07,16.59,0.010000000000000009,0.065,0.93,16.59,0.94,1502.94,0.009999999999999898,0.935,3619.99,1457.8000000000002,1457.8000000000002,3619.99,,OK,,KXHIGHNY-26SEP17,2026-09-18T05:00:00Z,active,True
2026-09-17T16:43:18.726900+00:00,2026-09-17T16:43:18.726900+00:00,KXHIGHNY-26SEP17-B82.5,0.0,,0.88,32.0,0.91,41.0,0.030000000000000027,0.895,0.09,41.0,0.12,32.0,0.03,0.105,2065.0,4048.46,4048.46,2065.0,,OK,,KXHIGHNY-26SEP17,2026-09-18T05:00:00Z,active,True
2026-09-17T16:43:18.726900+00:00,2026-09-17T16:43:18.726900+00:00,KXHIGHNY-26SEP17-B80.5,0.0,,0.04,75.88,0.05,6.0,0.010000000000000002,0.045,0.95,6.0,0.96,75.88,0.010000000000000009,0.955,1302.4099999999999,590.46,590.46,1302.4099999999999,,OK,,KXHIGHNY-26SEP17,2026-09-18T05:00:00Z,active,True
2026-09-17T20:07:48.927050+00:00,2026-09-17T20:07:48.927050+00:00,KXHIGHNY-26SEP18-T87,0.0,,,,0.01,13178.25,,,0.99,13178.25,,,,,0.0,20975.160000000003,20975.160000000003,0.0,,OK,,KXHIGHNY-26SEP18,2026-09-19T05:00:00Z,active,True
2026-09-17T20:07:48.927050+00:00,2026-09-17T20:07:48.927050+00:00,KXHIGHNY-26SEP18-T80,0.0,,0.33,13.71,0.34,119.0,0.010000000000000009,0.335,0.66,119.0,0.67,13.71,0.010000000000000009,0.665,1711.62,1080.0,1080.0,1711.62,,OK,,KXHIGHNY-26SEP18,2026-09-19T05:00:00Z,active,True
2026-09-17T20:07:48.927050+00:00,2026-09-17T20:07:48.927050+00:00,KXHIGHNY-26SEP18-B86.5,0.0,,,,0.01,10816.0,,,0.99,10816.0,,,,,0.0,15494.779999999999,15494.779999999999,0.0,,OK,,KXHIGHNY-26SEP18,2026-09-19T05:00:00Z,active,True
2026-09-17T20:07:48.927050+00:00,2026-09-17T20:07:48.927050+00:00,KXHIGHNY-26SEP18-B84.5,0.0,,0.02,122.0,0.03,1184.0,0.009999999999999998,0.025,0.97,1184.0,0.98,122.0,0.010000000000000009,0.975,1414.0,3195.9100000000003,3195.9100000000003,1414.0,,OK,,KXHIGHNY-26SEP18,2026-09-19T05:00:00Z,active,True
2026-09-17T20:07:48.927050+00:00,2026-09-17T20:07:48.927050+00:00,KXHIGHNY-26SEP18-B82.5,0.0,,0.18,75.0,0.19,8.88,0.010000000000000009,0.185,0.81,8.88,0.82,75.0,0.009999999999999898,0.815,3221.15,925.79,925.79,3221.15,,OK,,KXHIGHNY-26SEP18,2026-09-19T05:00:00Z,active,True
2026-09-17T20:07:48.927050+00:00,2026-09-17T20:07:48.927050+00:00,KXHIGHNY-26SEP18-B80.5,0.0,,0.46,33.0,0.49,70.0,0.02999999999999997,0.475,0.51,70.0,0.54,33.0,0.030000000000000027,0.525,1810.4,1830.27,1830.27,1810.4,,OK,,KXHIGHNY-26SEP18,2026-09-19T05:00:00Z,active,True
2026-09-17T20:07:48.927050+00:00,2026-09-17T20:07:48.927050+00:00,KXHIGHNY-26SEP17-T87,0.0,,,,0.01,52966.77,,,0.99,52966.77,,,,,0.0,54563.77,54563.77,0.0,,OK,,KXHIGHNY-26SEP17,2026-09-18T05:00:00Z,active,True
2026-09-17T20:07:48.927050+00:00,2026-09-17T20:07:48.927050+00:00,KXHIGHNY-26SEP17-T80,0.0,,,,0.01,281722.71,,,0.99,281722.71,,,,,0.0,283341.12000000005,283341.12000000005,0.0,,OK,,KXHIGHNY-26SEP17,2026-09-18T05:00:00Z,active,True
2026-09-17T20:07:48.927050+00:00,2026-09-17T20:07:48.927050+00:00,KXHIGHNY-26SEP17-B86.5,0.0,,,,0.01,51738.71,,,0.99,51738.71,,,,,0.0,60637.71,60637.71,0.0,,OK,,KXHIGHNY-26SEP17,2026-09-18T05:00:00Z,active,True
2026-09-17T20:07:48.927050+00:00,2026-09-17T20:07:48.927050+00:00,KXHIGHNY-26SEP17-B84.5,0.0,,,,0.01,55014.15,,,0.99,55014.15,,,,,0.0,56150.35,56150.35,0.0,,OK,,KXHIGHNY-26SEP17,2026-09-18T05:00:00Z,active,True
2026-09-17T20:07:48.927050+00:00,2026-09-17T20:07:48.927050+00:00,KXHIGHNY-26SEP17-B82.5,0.0,,0.99,44611.09,,,,,,,0.01,44611.09,,,45371.659999999996,0.0,0.0,45371.659999999996,,OK,,KXHIGHNY-26SEP17,2026-09-18T05:00:00Z,active,True
2026-09-17T20:07:48.927050+00:00,2026-09-17T20:07:48.927050+00:00,KXHIGHNY-26SEP17-B80.5,0.0,,,,0.01,278353.3,,,0.99,278353.3,,,,,0.0,279678.82,279678.82,0.0,,OK,,KXHIGHNY-26SEP17,2026-09-18T05:00:00Z,active,True
2026-09-17T23:28:58.970433+00:00,2026-09-17T23:28:58.970433+00:00,KXHIGHNY-26SEP18-T87,0.0,,,,0.01,13140.69,,,0.99,13140.69,,,,,0.0,21026.079999999998,21026.079999999998,0.0,,OK,,KXHIGHNY-26SEP18,2026-09-19T05:00:00Z,active,True
2026-09-17T23:28:58.970433+00:00,2026-09-17T23:28:58.970433+00:00,KXHIGHNY-26SEP18-T80,0.0,,0.3,13.61,0.31,244.06,0.010000000000000009,0.305,0.69,244.06,0.7,13.61,0.010000000000000009,0.695,1606.6100000000001,946.22,946.22,1606.6100000000001,,OK,,KXHIGHNY-26SEP18,2026-09-19T05:00:00Z,active,True
2026-09-17T23:28:58.970433+00:00,2026-09-17T23:28:58.970433+00:00,KXHIGHNY-26SEP18-B86.5,0.0,,,,0.01,10928.44,,,0.99,10928.44,,,,,0.0,15659.800000000001,15659.800000000001,0.0,,OK,,KXHIGHNY-26SEP18,2026-09-19T05:00:00Z,active,True
2026-09-17T23:28:58.970433+00:00,2026-09-17T23:28:58.970433+00:00,KXHIGHNY-26SEP18-B84.5,0.0,,0.01,1291.46,0.02,140.21,0.01,0.015,0.98,140.21,0.99,1291.46,0.010000000000000009,0.985,1291.46,2452.29,2452.29,1291.46,,OK,,KXHIGHNY-26SEP18,2026-09-19T05:00:00Z,active,True
2026-09-17T23:28:58.970433+00:00,2026-09-17T23:28:58.970433+00:00,KXHIGHNY-26SEP18-B82.5,0.0,,0.21,126.87,0.22,23.0,0.010000000000000009,0.215,0.78,23.0,0.79,126.87,0.010000000000000009,0.785,2811.2599999999993,555.32,555.32,2811.2599999999993,,OK,,KXHIGHNY-26SEP18,2026-09-19T05:00:00Z,active,True
2026-09-17T23:28:58.970433+00:00,2026-09-17T23:28:58.970433+00:00,KXHIGHNY-26SEP18-B80.5,0.0,,0.5,55.0,0.52,13.0,0.020000000000000018,0.51,0.48,13.0,0.5,55.0,0.020000000000000018,0.49,1556.45,2301.12,2301.12,1556.45,,OK,,KXHIGHNY-26SEP18,2026-09-19T05:00:00Z,active,True
2026-09-17T23:28:58.970433+00:00,2026-09-17T23:28:58.970433+00:00,KXHIGHNY-26SEP17-T87,0.0,,,,0.01,52050.29,,,0.99,52050.29,,,,,0.0,53587.29,53587.29,0.0,,OK,,KXHIGHNY-26SEP17,2026-09-18T05:00:00Z,active,True
2026-09-17T23:28:58.970433+00:00,2026-09-17T23:28:58.970433+00:00,KXHIGHNY-26SEP17-T80,0.0,,,,0.01,279295.61,,,0.99,279295.61,,,,,0.0,280892.02,280892.02,0.0,,OK,,KXHIGHNY-26SEP17,2026-09-18T05:00:00Z,active,True
2026-09-17T23:28:58.970433+00:00,2026-09-17T23:28:58.970433+00:00,KXHIGHNY-26SEP17-B86.5,0.0,,,,0.01,51541.96,,,0.99,51541.96,,,,,0.0,60481.96,60481.96,0.0,,OK,,KXHIGHNY-26SEP17,2026-09-18T05:00:00Z,active,True
2026-09-17T23:28:58.970433+00:00,2026-09-17T23:28:58.970433+00:00,KXHIGHNY-26SEP17-B84.5,0.0,,,,0.01,51506.49,,,0.99,51506.49,,,,,0.0,52628.54,52628.54,0.0,,OK,,KXHIGHNY-26SEP17,2026-09-18T05:00:00Z,active,True
2026-09-17T23:28:58.970433+00:00,2026-09-17T23:28:58.970433+00:00,KXHIGHNY-26SEP17-B82.5,0.0,,0.99,54257.02,,,,,,,0.01,54257.02,,,54936.59,0.0,0.0,54936.59,,OK,,KXHIGHNY-26SEP17,2026-09-18T05:00:00Z,active,True
2026-09-17T23:28:58.970433+00:00,2026-09-17T23:28:58.970433+00:00,KXHIGHNY-26SEP17-B80.5,0.0,,,,0.01,271690.26,,,0.99,271690.26,,,,,0.0,274125.47000000003,274125.47000000003,0.0,,OK,,KXHIGHNY-26SEP17,2026-09-18T05:00:00Z,active,True
2026-09-18T04:14:21.982881+00:00,2026-09-18T04:14:21.982881+00:00,KXHIGHNY-26SEP18-T87,0.0,,,,0.01,3305.19,,,0.99,3305.19,,,,,0.0,5735.1900000000005,5735.1900000000005,0.0,,OK,,KXHIGHNY-26SEP18,2026-09-19T05:00:00Z,active,True
2026-09-18T04:14:21.982881+00:00,2026-09-18T04:14:21.982881+00:00,KXHIGHNY-26SEP18-T80,0.0,,0.1,89.9,0.11,52.79,0.009999999999999995,0.10500000000000001,0.89,52.79,0.9,89.9,0.010000000000000009,0.895,2573.57,1403.79,1403.79,2573.57,,OK,,KXHIGHNY-26SEP18,2026-09-19T05:00:00Z,active,True
2026-09-18T04:14:21.982881+00:00,2026-09-18T04:14:21.982881+00:00,KXHIGHNY-26SEP18-B86.5,0.0,,,,0.01,752.94,,,0.99,752.94,,,,,0.0,2874.94,2874.94,0.0,,OK,,KXHIGHNY-26SEP18,2026-09-19T05:00:00Z,active,True
2026-09-18T04:14:21.982881+00:00,2026-09-18T04:14:21.982881+00:00,KXHIGHNY-26SEP18-B84.5,0.0,,0.04,366.87,0.05,2.0,0.010000000000000002,0.045,0.95,2.0,0.96,366.87,0.010000000000000009,0.955,2069.92,822.73,822.73,2069.92,,OK,,KXHIGHNY-26SEP18,2026-09-19T05:00:00Z,active,True
2026-09-18T04:14:21.982881+00:00,2026-09-18T04:14:21.982881+00:00,KXHIGHNY-26SEP18-B82.5,0.0,,0.34,79.0,0.37,69.11,0.02999999999999997,0.355,0.63,69.11,0.66,79.0,0.030000000000000027,0.645,1811.05,1746.45,1746.45,1811.05,,OK,,KXHIGHNY-26SEP18,2026-09-19T05:00:00Z,active,True
2026-09-18T04:14:21.982881+00:00,2026-09-18T04:14:21.982881+00:00,KXHIGHNY-26SEP18-B80.5,0.0,,0.53,16.0,0.54,47.21,0.010000000000000009,0.535,0.46,47.21,0.47,16.0,0.009999999999999953,0.46499999999999997,773.69,2608.21,2608.21,773.69,,OK,,KXHIGHNY-26SEP18,2026-09-19T05:00:00Z,active,True
2026-09-18T04:14:21.982881+00:00,2026-09-18T04:14:21.982881+00:00,KXHIGHNY-26SEP17-T87,0.0,,,,0.01,51946.29,,,0.99,51946.29,,,,,0.0,53547.29,53547.29,0.0,,OK,,KXHIGHNY-26SEP17,2026-09-18T05:00:00Z,active,True
2026-09-18T04:14:21.982881+00:00,2026-09-18T04:14:21.982881+00:00,KXHIGHNY-26SEP17-T80,0.0,,,,0.01,279282.61,,,0.99,279282.61,,,,,0.0,280926.02,280926.02,0.0,,OK,,KXHIGHNY-26SEP17,2026-09-18T05:00:00Z,active,True
2026-09-18T04:14:21.982881+00:00,2026-09-18T04:14:21.982881+00:00,KXHIGHNY-26SEP17-B86.5,0.0,,,,0.01,51433.96,,,0.99,51433.96,,,,,0.0,60424.96,60424.96,0.0,,OK,,KXHIGHNY-26SEP17,2026-09-18T05:00:00Z,active,True
2026-09-18T04:14:21.982881+00:00,2026-09-18T04:14:21.982881+00:00,KXHIGHNY-26SEP17-B84.5,0.0,,,,0.01,51215.14,,,0.99,51215.14,,,,,0.0,52340.19,52340.19,0.0,,OK,,KXHIGHNY-26SEP17,2026-09-18T05:00:00Z,active,True
2026-09-18T04:14:21.982881+00:00,2026-09-18T04:14:21.982881+00:00,KXHIGHNY-26SEP17-B82.5,0.0,,0.99,51174.05,,,,,,,0.01,51174.05,,,52251.05,0.0,0.0,52251.05,,OK,,KXHIGHNY-26SEP17,2026-09-18T05:00:00Z,active,True
2026-09-18T04:14:21.982881+00:00,2026-09-18T04:14:21.982881+00:00,KXHIGHNY-26SEP17-B80.5,0.0,,,,0.01,265724.2,,,0.99,265724.2,,,,,0.0,268904.91000000003,268904.91000000003,0.0,,OK,,KXHIGHNY-26SEP17,2026-09-18T05:00:00Z,active,True
2026-09-18T09:33:08.093525+00:00,2026-09-18T09:33:08.093525+00:00,KXHIGHNY-26SEP18-T87,0.0,,,,0.01,16200.24,,,0.99,16200.24,,,,,0.0,18266.239999999998,18266.239999999998,0.0,,OK,,KXHIGHNY-26SEP18,2026-09-19T05:00:00Z,active,True
2026-09-18T09:33:08.093525+00:00,2026-09-18T09:33:08.093525+00:00,KXHIGHNY-26SEP18-T80,0.0,,0.08,1.0,0.09,51.0,0.009999999999999995,0.08499999999999999,0.91,51.0,0.92,1.0,0.010000000000000009,0.915,2847.6800000000003,834.39,834.39,2847.6800000000003,,OK,,KXHIGHNY-26SEP18,2026-09-19T05:00:00Z,active,True
2026-09-18T09:33:08.093525+00:00,2026-09-18T09:33:08.093525+00:00,KXHIGHNY-26SEP18-B86.5,0.0,,,,0.01,10318.57,,,0.99,10318.57,,,,,0.0,12904.57,12904.57,0.0,,OK,,KXHIGHNY-26SEP18,2026-09-19T05:00:00Z,active,True
2026-09-18T09:33:08.093525+00:00,2026-09-18T09:33:08.093525+00:00,KXHIGHNY-26SEP18-B84.5,0.0,,0.01,1355.53,0.02,259.07,0.01,0.015,0.98,259.07,0.99,1355.53,0.010000000000000009,0.985,1355.53,3613.11,3613.11,1355.53,,OK,,KXHIGHNY-26SEP18,2026-09-19T05:00:00Z,active,True
2026-09-18T09:33:08.093525+00:00,2026-09-18T09:33:08.093525+00:00,KXHIGHNY-26SEP18-B82.5,0.0,,0.31,4.0,0.32,1.0,0.010000000000000009,0.315,0.68,1.0,0.69,4.0,0.009999999999999898,0.685,1690.8,599.71,599.71,1690.8,,OK,,KXHIGHNY-26SEP18,2026-09-19T05:00:00Z,active,True
2026-09-18T09:33:08.093525+00:00,2026-09-18T09:33:08.093525+00:00,KXHIGHNY-26SEP18-B80.5,0.0,,0.62,2.0,0.63,53.72,0.010000000000000009,0.625,0.37,53.72,0.38,2.0,0.010000000000000009,0.375,746.34,3058.6600000000003,3058.6600000000003,746.34,,OK,,KXHIGHNY-26SEP18,2026-09-19T05:00:00Z,active,True
2026-09-18T14:18:19.756588+00:00,2026-09-18T14:18:19.756588+00:00,KXHIGHNY-26SEP19-T76,0.0,,,,0.01,25.0,,,0.99,25.0,,,,,0.0,2170.0,2170.0,0.0,,OK,,KXHIGHNY-26SEP19,2026-09-20T05:00:00Z,active,True
2026-09-18T14:18:19.756588+00:00,2026-09-18T14:18:19.756588+00:00,KXHIGHNY-26SEP19-T69,0.0,,0.19,4.0,0.2,0.12,0.010000000000000009,0.195,0.8,0.12,0.81,4.0,0.010000000000000009,0.805,1353.0,713.12,713.12,1353.0,,OK,,KXHIGHNY-26SEP19,2026-09-20T05:00:00Z,active,True
2026-09-18T14:18:19.756588+00:00,2026-09-18T14:18:19.756588+00:00,KXHIGHNY-26SEP19-B75.5,0.0,,0.02,59.0,0.03,2.0,0.009999999999999998,0.025,0.97,2.0,0.98,59.0,0.010000000000000009,0.975,758.0,632.0,632.0,758.0,,OK,,KXHIGHNY-26SEP19,2026-09-20T05:00:00Z,active,True
2026-09-18T14:18:19.756588+00:00,2026-09-18T14:18:19.756588+00:00,KXHIGHNY-26SEP19-B73.5,0.0,,0.09,229.0,0.12,2.0,0.03,0.105,0.88,2.0,0.91,229.0,0.030000000000000027,0.895,3159.0,1248.0,1248.0,3159.0,,OK,,KXHIGHNY-26SEP19,2026-09-20T05:00:00Z,active,True
2026-09-18T14:18:19.756588+00:00,2026-09-18T14:18:19.756588+00:00,KXHIGHNY-26SEP19-B71.5,0.0,,0.29,91.0,0.3,30.0,0.010000000000000009,0.295,0.7,30.0,0.71,91.0,0.010000000000000009,0.705,1321.0,613.0,613.0,1321.0,,OK,,KXHIGHNY-26SEP19,2026-09-20T05:00:00Z,active,True
2026-09-18T14:18:19.756588+00:00,2026-09-18T14:18:19.756588+00:00,KXHIGHNY-26SEP19-B69.5,0.0,,0.35,14.0,0.36,15.0,0.010000000000000009,0.355,0.64,15.0,0.65,14.0,0.010000000000000009,0.645,746.0,777.0,777.0,746.0,,OK,,KXHIGHNY-26SEP19,2026-09-20T05:00:00Z,active,True
2026-09-18T14:18:19.756588+00:00,2026-09-18T14:18:19.756588+00:00,KXHIGHNY-26SEP18-T87,0.0,,,,0.01,17983.69,,,0.99,17983.69,,,,,0.0,23566.019999999997,23566.019999999997,0.0,,OK,,KXHIGHNY-26SEP18,2026-09-19T05:00:00Z,active,True
2026-09-18T14:18:19.756588+00:00,2026-09-18T14:18:19.756588+00:00,KXHIGHNY-26SEP18-T80,0.0,,0.08,151.91,0.09,63.0,0.009999999999999995,0.08499999999999999,0.91,63.0,0.92,151.91,0.010000000000000009,0.915,2026.9099999999999,897.05,897.05,2026.9099999999999,,OK,,KXHIGHNY-26SEP18,2026-09-19T05:00:00Z,active,True
2026-09-18T14:18:19.756588+00:00,2026-09-18T14:18:19.756588+00:00,KXHIGHNY-26SEP18-B86.5,0.0,,,,0.01,16298.35,,,0.99,16298.35,,,,,0.0,21929.35,21929.35,0.0,,OK,,KXHIGHNY-26SEP18,2026-09-19T05:00:00Z,active,True
2026-09-18T14:18:19.756588+00:00,2026-09-18T14:18:19.756588+00:00,KXHIGHNY-26SEP18-B84.5,0.0,,,,0.01,6603.2,,,0.99,6603.2,,,,,0.0,16563.42,16563.42,0.0,,OK,,KXHIGHNY-26SEP18,2026-09-19T05:00:00Z,active,True
2026-09-18T14:18:19.756588+00:00,2026-09-18T14:18:19.756588+00:00,KXHIGHNY-26SEP18-B82.5,0.0,,0.37,33.0,0.38,50.0,0.010000000000000009,0.375,0.62,50.0,0.63,33.0,0.010000000000000009,0.625,1840.85,1933.31,1933.31,1840.85,,OK,,KXHIGHNY-26SEP18,2026-09-19T05:00:00Z,active,True
2026-09-18T14:18:19.756588+00:00,2026-09-18T14:18:19.756588+00:00,KXHIGHNY-26SEP18-B80.5,0.0,,0.57,67.87,0.58,33.0,0.010000000000000009,0.575,0.42,33.0,0.43,67.87,0.010000000000000009,0.425,869.79,2022.82,2022.82,869.79,,OK,,KXHIGHNY-26SEP18,2026-09-19T05:00:00Z,active,True
2026-09-18T18:15:26.111588+00:00,2026-09-18T18:15:26.111588+00:00,KXHIGHNY-26SEP19-T76,0.0,,0.01,1.06,0.02,337.24,0.01,0.015,0.98,337.24,0.99,1.06,0.010000000000000009,0.985,1.06,2425.24,2425.24,1.06,,OK,,KXHIGHNY-26SEP19,2026-09-20T05:00:00Z,active,True
2026-09-18T18:15:26.111588+00:00,2026-09-18T18:15:26.111588+00:00,KXHIGHNY-26SEP19-T69,0.0,,0.2,6.46,0.21,30.37,0.009999999999999981,0.20500000000000002,0.79,30.37,0.8,6.46,0.010000000000000009,0.795,3006.46,704.86,704.86,3006.46,,OK,,KXHIGHNY-26SEP19,2026-09-20T05:00:00Z,active,True
2026-09-18T18:15:26.111588+00:00,2026-09-18T18:15:26.111588+00:00,KXHIGHNY-26SEP19-B75.5,0.0,,0.01,386.56,0.02,181.36,0.01,0.015,0.98,181.36,0.99,386.56,0.010000000000000009,0.985,386.56,1542.3600000000001,1542.3600000000001,386.56,,OK,,KXHIGHNY-26SEP19,2026-09-20T05:00:00Z,active,True
2026-09-18T18:15:26.111588+00:00,2026-09-18T18:15:26.111588+00:00,KXHIGHNY-26SEP19-B73.5,0.0,,0.07,48.49,0.08,166.0,0.009999999999999995,0.07500000000000001,0.92,166.0,0.93,48.49,0.010000000000000009,0.925,2031.19,763.0,763.0,2031.19,,OK,,KXHIGHNY-26SEP19,2026-09-20T05:00:00Z,active,True
2026-09-18T18:15:26.111588+00:00,2026-09-18T18:15:26.111588+00:00,KXHIGHNY-26SEP19-B71.5,0.0,,0.33,1.0,0.34,1.0,0.010000000000000009,0.335,0.66,1.0,0.67,1.0,0.010000000000000009,0.665,1814.98,1445.92,1445.92,1814.98,,OK,,KXHIGHNY-26SEP19,2026-09-20T05:00:00Z,active,True
2026-09-18T18:15:26.111588+00:00,2026-09-18T18:15:26.111588+00:00,KXHIGHNY-26SEP19-B69.5,0.0,,0.39,19.0,0.4,11.1,0.010000000000000009,0.395,0.6,11.1,0.61,19.0,0.010000000000000009,0.605,1507.06,2031.1399999999999,2031.1399999999999,1507.06,,OK,,KXHIGHNY-26SEP19,2026-09-20T05:00:00Z,active,True
2026-09-18T18:15:26.111588+00:00,2026-09-18T18:15:26.111588+00:00,KXHIGHNY-26SEP18-T87,0.0,,,,0.01,25951.12,,,0.99,25951.12,,,,,0.0,31846.449999999997,31846.449999999997,0.0,,OK,,KXHIGHNY-26SEP18,2026-09-19T05:00:00Z,active,True
2026-09-18T18:15:26.111588+00:00,2026-09-18T18:15:26.111588+00:00,KXHIGHNY-26SEP18-T80,0.0,,,,0.01,84087.95,,,0.99,84087.95,,,,,0.0,87826.62,87826.62,0.0,,OK,,KXHIGHNY-26SEP18,2026-09-19T05:00:00Z,active,True
2026-09-18T18:15:26.111588+00:00,2026-09-18T18:15:26.111588+00:00,KXHIGHNY-26SEP18-B86.5,0.0,,,,0.01,16819.78,,,0.99,16819.78,,,,,0.0,19282.78,19282.78,0.0,,OK,,KXHIGHNY-26SEP18,2026-09-19T05:00:00Z,active,True
2026-09-18T18:15:26.111588+00:00,2026-09-18T18:15:26.111588+00:00,KXHIGHNY-26SEP18-B84.5,0.0,,,,0.01,16297.91,,,0.99,16297.91,,,,,0.0,29374.639999999996,29374.639999999996,0.0,,OK,,KXHIGHNY-26SEP18,2026-09-19T05:00:00Z,active,True
2026-09-18T18:15:26.111588+00:00,2026-09-18T18:15:26.111588+00:00,KXHIGHNY-26SEP18-B82.5,0.0,,0.15,31.0,0.18,93.0,0.03,0.16499999999999998,0.82,93.0,0.85,31.0,0.030000000000000027,0.835,2957.66,1841.71,1841.71,2957.66,,OK,,KXHIGHNY-26SEP18,2026-09-19T05:00:00Z,active,True
2026-09-18T18:15:26.111588+00:00,2026-09-18T18:15:26.111588+00:00,KXHIGHNY-26SEP18-B80.5,0.0,,0.82,107.0,0.84,29.0,0.020000000000000018,0.83,0.16,29.0,0.18,107.0,0.01999999999999999,0.16999999999999998,1442.71,4728.67,4728.67,1442.71,,OK,,KXHIGHNY-26SEP18,2026-09-19T05:00:00Z,active,True
2026-09-18T21:33:49.542812+00:00,2026-09-18T21:33:49.542812+00:00,KXHIGHNY-26SEP19-T76,0.0,,,,0.01,54.0,,,0.99,54.0,,,,,0.0,2469.0,2469.0,0.0,,OK,,KXHIGHNY-26SEP19,2026-09-20T05:00:00Z,active,True
2026-09-18T21:33:49.542812+00:00,2026-09-18T21:33:49.542812+00:00,KXHIGHNY-26SEP19-T69,0.0,,0.13,5.0,0.14,6.03,0.010000000000000009,0.135,0.86,6.03,0.87,5.0,0.010000000000000009,0.865,1896.6399999999999,858.55,858.55,1896.6399999999999,,OK,,KXHIGHNY-26SEP19,2026-09-20T05:00:00Z,active,True
2026-09-18T21:33:49.542812+00:00,2026-09-18T21:33:49.542812+00:00,KXHIGHNY-26SEP19-B75.5,0.0,,0.01,332.53,0.02,51.24,0.01,0.015,0.98,51.24,0.99,332.53,0.010000000000000009,0.985,332.53,1233.8899999999999,1233.8899999999999,332.53,,OK,,KXHIGHNY-26SEP19,2026-09-20T05:00:00Z,active,True
2026-09-18T21:33:49.542812+00:00,2026-09-18T21:33:49.542812+00:00,KXHIGHNY-26SEP19-B73.5,0.0,,0.07,27.32,0.08,22.0,0.009999999999999995,0.07500000000000001,0.92,22.0,0.93,27.32,0.010000000000000009,0.925,3589.9,746.0,746.0,3589.9,,OK,,KXHIGHNY-26SEP19,2026-09-20T05:00:00Z,active,True
2026-09-18T21:33:49.542812+00:00,2026-09-18T21:33:49.542812+00:00,KXHIGHNY-26SEP19-B71.5,0.0,,0.35,27.47,0.37,12.52,0.020000000000000018,0.36,0.63,12.52,0.65,27.47,0.020000000000000018,0.64,1178.47,1173.62,1173.62,1178.47,,OK,,KXHIGHNY-26SEP19,2026-09-20T05:00:00Z,active,True
2026-09-18T21:33:49.542812+00:00,2026-09-18T21:33:49.542812+00:00,KXHIGHNY-26SEP19-B69.5,0.0,,0.43,13.0,0.44,63.19,0.010000000000000009,0.435,0.56,63.19,0.57,13.0,0.009999999999999898,0.565,1524.52,1710.87,1710.87,1524.52,,OK,,KXHIGHNY-26SEP19,2026-09-20T05:00:00Z,active,True
2026-09-18T21:33:49.542812+00:00,2026-09-18T21:33:49.542812+00:00,KXHIGHNY-26SEP18-T87,0.0,,,,0.01,58376.84,,,0.99,58376.84,,,,,0.0,60923.84,60923.84,0.0,,OK,,KXHIGHNY-26SEP18,2026-09-19T05:00:00Z,active,True
2026-09-18T21:33:49.542812+00:00,2026-09-18T21:33:49.542812+00:00,KXHIGHNY-26SEP18-T80,0.0,,,,0.01,83107.74,,,0.99,83107.74,,,,,0.0,84917.67,84917.67,0.0,,OK,,KXHIGHNY-26SEP18,2026-09-19T05:00:00Z,active,True
2026-09-18T21:33:49.542812+00:00,2026-09-18T21:33:49.542812+00:00,KXHIGHNY-26SEP18-B86.5,0.0,,,,0.01,54570.5,,,0.99,54570.5,,,,,0.0,56873.5,56873.5,0.0,,OK,,KXHIGHNY-26SEP18,2026-09-19T05:00:00Z,active,True
2026-09-18T21:33:49.542812+00:00,2026-09-18T21:33:49.542812+00:00,KXHIGHNY-26SEP18-B84.5,0.0,,,,0.01,35515.3,,,0.99,35515.3,,,,,0.0,50811.0,50811.0,0.0,,OK,,KXHIGHNY-26SEP18,2026-09-19T05:00:00Z,active,True
2026-09-18T21:33:49.542812+00:00,2026-09-18T21:33:49.542812+00:00,KXHIGHNY-26SEP18-B82.5,0.0,,,,0.01,58701.7,,,0.99,58701.7,,,,,0.0,59947.729999999996,59947.729999999996,0.0,,OK,,KXHIGHNY-26SEP18,2026-09-19T05:00:00Z,active,True
2026-09-18T21:33:49.542812+00:00,2026-09-18T21:33:49.542812+00:00,KXHIGHNY-26SEP18-B80.5,0.0,,0.99,59454.8,,,,,,,0.01,59454.8,,,60338.27,0.0,0.0,60338.27,,OK,,KXHIGHNY-26SEP18,2026-09-19T05:00:00Z,active,True
2026-09-19T00:04:47.745910+00:00,2026-09-19T00:04:47.745910+00:00,KXHIGHNY-26SEP19-T76,0.0,,,,0.01,37.0,,,0.99,37.0,,,,,0.0,2680.0,2680.0,0.0,,OK,,KXHIGHNY-26SEP19,2026-09-20T05:00:00Z,active,True
2026-09-19T00:04:47.745910+00:00,2026-09-19T00:04:47.745910+00:00,KXHIGHNY-26SEP19-T69,0.0,,0.1,29.0,0.11,1.0,0.009999999999999995,0.10500000000000001,0.89,1.0,0.9,29.0,0.010000000000000009,0.895,4284.0,846.75,846.75,4284.0,,OK,,KXHIGHNY-26SEP19,2026-09-20T05:00:00Z,active,True
2026-09-19T00:04:47.745910+00:00,2026-09-19T00:04:47.745910+00:00,KXHIGHNY-26SEP19-B75.5,0.0,,0.01,932.35,0.02,36.0,0.01,0.015,0.98,36.0,0.99,932.35,0.010000000000000009,0.985,932.35,1383.81,1383.81,932.35,,OK,,KXHIGHNY-26SEP19,2026-09-20T05:00:00Z,active,True
2026-09-19T00:04:47.745910+00:00,2026-09-19T00:04:47.745910+00:00,KXHIGHNY-26SEP19-B73.5,0.0,,0.06,63.95,0.07,43.0,0.010000000000000009,0.065,0.93,43.0,0.94,63.95,0.009999999999999898,0.935,3611.98,906.05,906.05,3611.98,,OK,,KXHIGHNY-26SEP19,2026-09-20T05:00:00Z,active,True
2026-09-19T00:04:47.745910+00:00,2026-09-19T00:04:47.745910+00:00,KXHIGHNY-26SEP19-B71.5,0.0,,0.4,24.55,0.42,7.0,0.019999999999999962,0.41000000000000003,0.58,7.0,0.6,24.55,0.020000000000000018,0.59,1040.03,1459.92,1459.92,1040.03,,OK,,KXHIGHNY-26SEP19,2026-09-20T05:00:00Z,active,True
2026-09-19T00:04:47.745910+00:00,2026-09-19T00:04:47.745910+00:00,KXHIGHNY-26SEP19-B69.5,0.0,,0.42,7.16,0.43,39.98,0.010000000000000009,0.425,0.57,39.98,0.58,7.16,0.010000000000000009,0.575,680.6099999999999,896.89,896.89,680.6099999999999,,OK,,KXHIGHNY-26SEP19,2026-09-20T05:00:00Z,active,True
2026-09-19T00:04:47.745910+00:00,2026-09-19T00:04:47.745910+00:00,KXHIGHNY-26SEP18-T87,0.0,,,,0.01,58526.84,,,0.99,58526.84,,,,,0.0,61103.84,61103.84,0.0,,OK,,KXHIGHNY-26SEP18,2026-09-19T05:00:00Z,active,True
2026-09-19T00:04:47.745910+00:00,2026-09-19T00:04:47.745910+00:00,KXHIGHNY-26SEP18-T80,0.0,,,,0.01,183000.7,,,0.99,183000.7,,,,,0.0,184800.96000000002,184800.96000000002,0.0,,OK,,KXHIGHNY-26SEP18,2026-09-19T05:00:00Z,active,True
2026-09-19T00:04:47.745910+00:00,2026-09-19T00:04:47.745910+00:00,KXHIGHNY-26SEP18-B86.5,0.0,,,,0.01,54739.5,,,0.99,54739.5,,,,,0.0,57004.5,57004.5,0.0,,OK,,KXHIGHNY-26SEP18,2026-09-19T05:00:00Z,active,True
2026-09-19T00:04:47.745910+00:00,2026-09-19T00:04:47.745910+00:00,KXHIGHNY-26SEP18-B84.5,0.0,,,,0.01,35686.3,,,0.99,35686.3,,,,,0.0,50997.0,50997.0,0.0,,OK,,KXHIGHNY-26SEP18,2026-09-19T05:00:00Z,active,True
2026-09-19T00:04:47.745910+00:00,2026-09-19T00:04:47.745910+00:00,KXHIGHNY-26SEP18-B82.5,0.0,,,,0.01,50798.28,,,0.99,50798.28,,,,,0.0,52559.659999999996,52559.659999999996,0.0,,OK,,KXHIGHNY-26SEP18,2026-09-19T05:00:00Z,active,True
2026-09-19T00:04:47.745910+00:00,2026-09-19T00:04:47.745910+00:00,KXHIGHNY-26SEP18-B80.5,0.0,,0.99,62661.07,,,,,,,0.01,62661.07,,,63424.71,0.0,0.0,63424.71,,OK,,KXHIGHNY-26SEP18,2026-09-19T05:00:00Z,active,True
2026-09-19T04:27:21.326655+00:00,2026-09-19T04:27:21.326655+00:00,KXHIGHNY-26SEP19-T76,0.0,,,,0.01,89.0,,,0.99,89.0,,,,,0.0,2072.0,2072.0,0.0,,OK,,KXHIGHNY-26SEP19,2026-09-20T05:00:00Z,active,True
2026-09-19T04:27:21.326655+00:00,2026-09-19T04:27:21.326655+00:00,KXHIGHNY-26SEP19-T69,0.0,,0.03,575.45,0.05,273.0,0.020000000000000004,0.04,0.95,273.0,0.97,575.45,0.020000000000000018,0.96,2320.45,1534.96,1534.96,2320.45,,OK,,KXHIGHNY-26SEP19,2026-09-20T05:00:00Z,active,True
2026-09-19T04:27:21.326655+00:00,2026-09-19T04:27:21.326655+00:00,KXHIGHNY-26SEP19-B75.5,0.0,,0.01,128.33,0.02,94.0,0.01,0.015,0.98,94.0,0.99,128.33,0.010000000000000009,0.985,128.33,1607.5099999999998,1607.5099999999998,128.33,,OK,,KXHIGHNY-26SEP19,2026-09-20T05:00:00Z,active,True
2026-09-19T04:27:21.326655+00:00,2026-09-19T04:27:21.326655+00:00,KXHIGHNY-26SEP19-B73.5,0.0,,0.03,2.0,0.04,72.97,0.010000000000000002,0.035,0.96,72.97,0.97,2.0,0.010000000000000009,0.965,1305.07,1690.29,1690.29,1305.07,,OK,,KXHIGHNY-26SEP19,2026-09-20T05:00:00Z,active,True
2026-09-19T04:27:21.326655+00:00,2026-09-19T04:27:21.326655+00:00,KXHIGHNY-26SEP19-B71.5,0.0,,0.5,11.52,0.53,6.0,0.030000000000000027,0.515,0.47,6.0,0.5,11.52,0.030000000000000027,0.485,788.77,1733.59,1733.59,788.77,,OK,,KXHIGHNY-26SEP19,2026-09-20T05:00:00Z,active,True
2026-09-19T04:27:21.326655+00:00,2026-09-19T04:27:21.326655+00:00,KXHIGHNY-26SEP19-B69.5,0.0,,0.43,26.0,0.44,98.81,0.010000000000000009,0.435,0.56,98.81,0.57,26.0,0.009999999999999898,0.565,789.65,917.88,917.88,789.65,,OK,,KXHIGHNY-26SEP19,2026-09-20T05:00:00Z,active,True
2026-09-19T04:27:21.326655+00:00,2026-09-19T04:27:21.326655+00:00,KXHIGHNY-26SEP18-T87,0.0,,,,0.01,55817.84,,,0.99,55817.84,,,,,0.0,57607.84,57607.84,0.0,,OK,,KXHIGHNY-26SEP18,2026-09-19T05:00:00Z,active,True
2026-09-19T04:27:21.326655+00:00,2026-09-19T04:27:21.326655+00:00,KXHIGHNY-26SEP18-T80,0.0,,,,0.01,176679.09,,,0.99,176679.09,,,,,0.0,178549.68,178549.68,0.0,,OK,,KXHIGHNY-26SEP18,2026-09-19T05:00:00Z,active,True
2026-09-19T04:27:21.326655+00:00,2026-09-19T04:27:21.326655+00:00,KXHIGHNY-26SEP18-B86.5,0.0,,,,0.01,52032.5,,,0.99,52032.5,,,,,0.0,54110.5,54110.5,0.0,,OK,,KXHIGHNY-26SEP18,2026-09-19T05:00:00Z,active,True
2026-09-19T04:27:21.326655+00:00,2026-09-19T04:27:21.326655+00:00,KXHIGHNY-26SEP18-B84.5,0.0,,,,0.01,35580.3,,,0.99,35580.3,,,,,0.0,50949.0,50949.0,0.0,,OK,,KXHIGHNY-26SEP18,2026-09-19T05:00:00Z,active,True
2026-09-19T04:27:21.326655+00:00,2026-09-19T04:27:21.326655+00:00,KXHIGHNY-26SEP18-B82.5,0.0,,,,0.01,48023.15,,,0.99,48023.15,,,,,0.0,49655.02,49655.02,0.0,,OK,,KXHIGHNY-26SEP18,2026-09-19T05:00:00Z,active,True
2026-09-19T04:27:21.326655+00:00,2026-09-19T04:27:21.326655+00:00,KXHIGHNY-26SEP18-B80.5,0.0,,0.99,59264.05,,,,,,,0.01,59264.05,,,60799.670000000006,0.0,0.0,60799.670000000006,,OK,,KXHIGHNY-26SEP18,2026-09-19T05:00:00Z,active,True
2026-09-19T09:19:24.666210+00:00,2026-09-19T09:19:24.666210+00:00,KXHIGHNY-26SEP19-T76,0.0,,,,0.01,370.74,,,0.99,370.74,,,,,0.0,2511.54,2511.54,0.0,,OK,,KXHIGHNY-26SEP19,2026-09-20T05:00:00Z,active,True
2026-09-19T09:19:24.666210+00:00,2026-09-19T09:19:24.666210+00:00,KXHIGHNY-26SEP19-T69,0.0,,0.02,1929.29,0.03,331.0,0.009999999999999998,0.025,0.97,331.0,0.98,1929.29,0.010000000000000009,0.975,6811.29,1790.06,1790.06,6811.29,,OK,,KXHIGHNY-26SEP19,2026-09-20T05:00:00Z,active,True
2026-09-19T09:19:24.666210+00:00,2026-09-19T09:19:24.666210+00:00,KXHIGHNY-26SEP19-B75.5,0.0,,0.01,103.32,0.02,53.0,0.01,0.015,0.98,53.0,0.99,103.32,0.010000000000000009,0.985,103.32,1162.79,1162.79,103.32,,OK,,KXHIGHNY-26SEP19,2026-09-20T05:00:00Z,active,True
2026-09-19T09:19:24.666210+00:00,2026-09-19T09:19:24.666210+00:00,KXHIGHNY-26SEP19-B73.5,0.0,,0.04,46.0,0.06,42.0,0.019999999999999997,0.05,0.94,42.0,0.96,46.0,0.020000000000000018,0.95,2241.0,1438.79,1438.79,2241.0,,OK,,KXHIGHNY-26SEP19,2026-09-20T05:00:00Z,active,True
2026-09-19T09:19:24.666210+00:00,2026-09-19T09:19:24.666210+00:00,KXHIGHNY-26SEP19-B71.5,0.0,,0.6,60.0,0.61,33.0,0.010000000000000009,0.605,0.39,33.0,0.4,60.0,0.010000000000000009,0.395,1501.19,1557.9800000000002,1557.9800000000002,1501.19,,OK,,KXHIGHNY-26SEP19,2026-09-20T05:00:00Z,active,True
2026-09-19T09:19:24.666210+00:00,2026-09-19T09:19:24.666210+00:00,KXHIGHNY-26SEP19-B69.5,0.0,,0.29,1.17,0.31,42.0,0.020000000000000018,0.3,0.69,42.0,0.71,1.17,0.020000000000000018,0.7,1649.67,670.0,670.0,1649.67,,OK,,KXHIGHNY-26SEP19,2026-09-20T05:00:00Z,active,True
2026-09-19T13:49:13.012875+00:00,2026-09-19T13:49:13.012875+00:00,KXHIGHNY-26SEP19-T76,0.0,,,,0.01,2169.15,,,0.99,2169.15,,,,,0.0,6045.950000000001,6045.950000000001,0.0,,OK,,KXHIGHNY-26SEP19,2026-09-20T05:00:00Z,active,True
2026-09-19T13:49:13.012875+00:00,2026-09-19T13:49:13.012875+00:00,KXHIGHNY-26SEP19-T69,0.0,,0.03,259.19,0.04,179.81,0.010000000000000002,0.035,0.96,179.81,0.97,259.19,0.010000000000000009,0.965,3157.19,1028.09,1028.09,3157.19,,OK,,KXHIGHNY-26SEP19,2026-09-20T05:00:00Z,active,True
2026-09-19T13:49:13.012875+00:00,2026-09-19T13:49:13.012875+00:00,KXHIGHNY-26SEP19-B75.5,0.0,,,,0.01,35.0,,,0.99,35.0,,,,,0.0,1132.29,1132.29,0.0,,OK,,KXHIGHNY-26SEP19,2026-09-20T05:00:00Z,active,True
2026-09-19T13:49:13.012875+00:00,2026-09-19T13:49:13.012875+00:00,KXHIGHNY-26SEP19-B73.5,0.0,,0.13,6.0,0.14,80.0,0.010000000000000009,0.135,0.86,80.0,0.87,6.0,0.010000000000000009,0.865,2515.05,718.88,718.88,2515.05,,OK,,KXHIGHNY-26SEP19,2026-09-20T05:00:00Z,active,True
2026-09-19T13:49:13.012875+00:00,2026-09-19T13:49:13.012875+00:00,KXHIGHNY-26SEP19-B71.5,0.0,,0.52,46.0,0.56,16.0,0.040000000000000036,0.54,0.44,16.0,0.48,46.0,0.03999999999999998,0.45999999999999996,843.13,1954.68,1954.68,843.13,,OK,,KXHIGHNY-26SEP19,2026-09-20T05:00:00Z,active,True
2026-09-19T13:49:13.012875+00:00,2026-09-19T13:49:13.012875+00:00,KXHIGHNY-26SEP19-B69.5,0.0,,0.29,428.5,0.3,6.0,0.010000000000000009,0.295,0.7,6.0,0.71,428.5,0.010000000000000009,0.705,2922.5299999999997,1444.0,1444.0,2922.5299999999997,,OK,,KXHIGHNY-26SEP19,2026-09-20T05:00:00Z,active,True
2026-09-19T17:07:10.572188+00:00,2026-09-19T17:07:10.572188+00:00,KXHIGHNY-26SEP20-T78,0.0,,,,0.01,731.0,,,0.99,731.0,,,,,0.0,3412.0,3412.0,0.0,,OK,,KXHIGHNY-26SEP20,2026-09-21T05:00:00Z,active,True
2026-09-19T17:07:10.572188+00:00,2026-09-19T17:07:10.572188+00:00,KXHIGHNY-26SEP20-T71,0.0,,0.67,1.0,0.68,86.0,0.010000000000000009,0.675,0.32,86.0,0.33,1.0,0.010000000000000009,0.325,1955.47,1167.33,1167.33,1955.47,,OK,,KXHIGHNY-26SEP20,2026-09-21T05:00:00Z,active,True
2026-09-19T17:07:10.572188+00:00,2026-09-19T17:07:10.572188+00:00,KXHIGHNY-26SEP20-B77.5,0.0,,0.01,257.13,0.02,41.0,0.01,0.015,0.98,41.0,0.99,257.13,0.010000000000000009,0.985,257.13,1393.0,1393.0,257.13,,OK,,KXHIGHNY-26SEP20,2026-09-21T05:00:00Z,active,True
2026-09-19T17:07:10.572188+00:00,2026-09-19T17:07:10.572188+00:00,KXHIGHNY-26SEP20-B75.5,0.0,,0.04,19.0,0.05,143.0,0.010000000000000002,0.045,0.95,143.0,0.96,19.0,0.010000000000000009,0.955,1517.27,1083.0,1083.0,1517.27,,OK,,KXHIGHNY-26SEP20,2026-09-21T05:00:00Z,active,True
2026-09-19T17:07:10.572188+00:00,2026-09-19T17:07:10.572188+00:00,KXHIGHNY-26SEP20-B73.5,0.0,,0.09,5.0,0.1,82.0,0.010000000000000009,0.095,0.9,82.0,0.91,5.0,0.010000000000000009,0.905,3174.0,1237.0,1237.0,3174.0,,OK,,KXHIGHNY-26SEP20,2026-09-21T05:00:00Z,active,True
2026-09-19T17:07:10.572188+00:00,2026-09-19T17:07:10.572188+00:00,KXHIGHNY-26SEP20-B71.5,0.0,,0.21,51.86,0.24,50.0,0.03,0.22499999999999998,0.76,50.0,0.79,51.86,0.030000000000000027,0.775,3206.86,752.0,752.0,3206.86,,OK,,KXHIGHNY-26SEP20,2026-09-21T05:00:00Z,active,True
2026-09-19T17:07:10.572188+00:00,2026-09-19T17:07:10.572188+00:00,KXHIGHNY-26SEP19-T76,0.0,,,,0.01,13892.31,,,0.99,13892.31,,,,,0.0,15881.109999999999,15881.109999999999,0.0,,OK,,KXHIGHNY-26SEP19,2026-09-20T05:00:00Z,active,True
2026-09-19T17:07:10.572188+00:00,2026-09-19T17:07:10.572188+00:00,KXHIGHNY-26SEP19-T69,0.0,,0.03,57.0,0.06,65.0,0.03,0.045,0.94,65.0,0.97,57.0,0.030000000000000027,0.955,1821.62,1483.65,1483.65,1821.62,,OK,,KXHIGHNY-26SEP19,2026-09-20T05:00:00Z,active,True
2026-09-19T17:07:10.572188+00:00,2026-09-19T17:07:10.572188+00:00,KXHIGHNY-26SEP19-B75.5,0.0,,,,0.02,98.0,,,0.98,98.0,,,,,0.0,1014.6600000000001,1014.6600000000001,0.0,,OK,,KXHIGHNY-26SEP19,2026-09-20T05:00:00Z,active,True
2026-09-19T17:07:10.572188+00:00,2026-09-19T17:07:10.572188+00:00,KXHIGHNY-26SEP19-B73.5,0.0,,,,0.01,125.0,,,0.99,125.0,,,,,0.0,1570.69,1570.69,0.0,,OK,,KXHIGHNY-26SEP19,2026-09-20T05:00:00Z,active,True
2026-09-19T17:07:10.572188+00:00,2026-09-19T17:07:10.572188+00:00,KXHIGHNY-26SEP19-B71.5,0.0,,0.57,21.0,0.58,30.0,0.010000000000000009,0.575,0.42,30.0,0.43,21.0,0.010000000000000009,0.425,2422.94,396.82,396.82,2422.94,,OK,,KXHIGHNY-26SEP19,2026-09-20T05:00:00Z,active,True
2026-09-19T17:07:10.572188+00:00,2026-09-19T17:07:10.572188+00:00,KXHIGHNY-26SEP19-B69.5,0.0,,0.38,1.0,0.4,27.0,0.020000000000000018,0.39,0.6,27.0,0.62,1.0,0.020000000000000018,0.61,2391.43,2880.89,2880.89,2391.43,,OK,,KXHIGHNY-26SEP19,2026-09-20T05:00:00Z,active,True
2026-09-19T19:17:42.557930+00:00,2026-09-19T19:17:42.557930+00:00,KXHIGHNY-26SEP20-T78,0.0,,,,0.01,770.0,,,0.99,770.0,,,,,0.0,2926.7999999999997,2926.7999999999997,0.0,,OK,,KXHIGHNY-26SEP20,2026-09-21T05:00:00Z,active,True
2026-09-19T19:17:42.557930+00:00,2026-09-19T19:17:42.557930+00:00,KXHIGHNY-26SEP20-T71,0.0,,0.68,30.0,0.69,27.0,0.009999999999999898,0.685,0.31,27.0,0.32,30.0,0.010000000000000009,0.315,1621.67,934.68,934.68,1621.67,,OK,,KXHIGHNY-26SEP20,2026-09-21T05:00:00Z,active,True
2026-09-19T19:17:42.557930+00:00,2026-09-19T19:17:42.557930+00:00,KXHIGHNY-26SEP20-B77.5,0.0,,0.01,194.03,0.02,106.0,0.01,0.015,0.98,106.0,0.99,194.03,0.010000000000000009,0.985,194.03,1240.46,1240.46,194.03,,OK,,KXHIGHNY-26SEP20,2026-09-21T05:00:00Z,active,True
2026-09-19T19:17:42.557930+00:00,2026-09-19T19:17:42.557930+00:00,KXHIGHNY-26SEP20-B75.5,0.0,,0.04,3.0,0.05,159.0,0.010000000000000002,0.045,0.95,159.0,0.96,3.0,0.010000000000000009,0.955,1425.64,878.46,878.46,1425.64,,OK,,KXHIGHNY-26SEP20,2026-09-21T05:00:00Z,active,True
2026-09-19T19:17:42.557930+00:00,2026-09-19T19:17:42.557930+00:00,KXHIGHNY-26SEP20-B73.5,0.0,,0.06,1.0,0.07,66.0,0.010000000000000009,0.065,0.93,66.0,0.94,1.0,0.009999999999999898,0.935,3339.14,970.1199999999999,970.1199999999999,3339.14,,OK,,KXHIGHNY-26SEP20,2026-09-21T05:00:00Z,active,True
2026-09-19T19:17:42.557930+00:00,2026-09-19T19:17:42.557930+00:00,KXHIGHNY-26SEP20-B71.5,0.0,,0.22,22.38,0.23,30.0,0.010000000000000009,0.225,0.77,30.0,0.78,22.38,0.010000000000000009,0.775,2951.44,1778.4799999999998,1778.4799999999998,2951.44,,OK,,KXHIGHNY-26SEP20,2026-09-21T05:00:00Z,active,True
2026-09-19T19:17:42.557930+00:00,2026-09-19T19:17:42.557930+00:00,KXHIGHNY-26SEP19-T76,0.0,,,,0.01,14501.06,,,0.99,14501.06,,,,,0.0,16575.86,16575.86,0.0,,OK,,KXHIGHNY-26SEP19,2026-09-20T05:00:00Z,active,True
2026-09-19T19:17:42.557930+00:00,2026-09-19T19:17:42.557930+00:00,KXHIGHNY-26SEP19-T69,0.0,,,,0.01,167921.51,,,0.99,167921.51,,,,,0.0,171207.67,171207.67,0.0,,OK,,KXHIGHNY-26SEP19,2026-09-20T05:00:00Z,active,True
2026-09-19T19:17:42.557930+00:00,2026-09-19T19:17:42.557930+00:00,KXHIGHNY-26SEP19-B75.5,0.0,,,,0.01,5180.72,,,0.99,5180.72,,,,,0.0,8713.89,8713.89,0.0,,OK,,KXHIGHNY-26SEP19,2026-09-20T05:00:00Z,active,True
2026-09-19T19:17:42.557930+00:00,2026-09-19T19:17:42.557930+00:00,KXHIGHNY-26SEP19-B73.5,0.0,,0.01,28.0,0.02,36.0,0.01,0.015,0.98,36.0,0.99,28.0,0.010000000000000009,0.985,28.0,2075.48,2075.48,28.0,,OK,,KXHIGHNY-26SEP19,2026-09-20T05:00:00Z,active,True
2026-09-19T19:17:42.557930+00:00,2026-09-19T19:17:42.557930+00:00,KXHIGHNY-26SEP19-B71.5,0.0,,0.12,42.0,0.17,1.0,0.05000000000000002,0.14500000000000002,0.83,1.0,0.88,42.0,0.050000000000000044,0.855,2359.17,1849.22,1849.22,2359.17,,OK,,KXHIGHNY-26SEP19,2026-09-20T05:00:00Z,active,True
2026-09-19T19:17:42.557930+00:00,2026-09-19T19:17:42.557930+00:00,KXHIGHNY-26SEP19-B69.5,0.0,,0.81,8.0,0.87,10.0,0.05999999999999994,0.8400000000000001,0.13,10.0,0.19,8.0,0.06,0.16,374.0,2570.79,2570.79,374.0,,OK,,KXHIGHNY-26SEP19,2026-09-20T05:00:00Z,active,True
2026-09-19T22:16:42.775180+00:00,2026-09-19T22:16:42.775180+00:00,KXHIGHNY-26SEP20-T78,0.0,,,,0.01,764.84,,,0.99,764.84,,,,,0.0,3118.84,3118.84,0.0,,OK,,KXHIGHNY-26SEP20,2026-09-21T05:00:00Z,active,True
2026-09-19T22:16:42.775180+00:00,2026-09-19T22:16:42.775180+00:00,KXHIGHNY-26SEP20-T71,0.0,,0.76,50.0,0.77,29.0,0.010000000000000009,0.765,0.23,29.0,0.24,50.0,0.009999999999999981,0.235,769.88,3523.02,3523.02,769.88,,OK,,KXHIGHNY-26SEP20,2026-09-21T05:00:00Z,active,True
2026-09-19T22:16:42.775180+00:00,2026-09-19T22:16:42.775180+00:00,KXHIGHNY-26SEP20-B77.5,0.0,,,,0.01,40.0,,,0.99,40.0,,,,,0.0,2511.0,2511.0,0.0,,OK,,KXHIGHNY-26SEP20,2026-09-21T05:00:00Z,active,True
2026-09-19T22:16:42.775180+00:00,2026-09-19T22:16:42.775180+00:00,KXHIGHNY-26SEP20-B75.5,0.0,,0.01,602.0,0.02,100.24,0.01,0.015,0.98,100.24,0.99,602.0,0.010000000000000009,0.985,602.0,1484.24,1484.24,602.0,,OK,,KXHIGHNY-26SEP20,2026-09-21T05:00:00Z,active,True
2026-09-19T22:16:42.775180+00:00,2026-09-19T22:16:42.775180+00:00,KXHIGHNY-26SEP20-B73.5,0.0,,0.03,121.0,0.04,241.0,0.010000000000000002,0.035,0.96,241.0,0.97,121.0,0.010000000000000009,0.965,2499.04,1401.0,1401.0,2499.04,,OK,,KXHIGHNY-26SEP20,2026-09-21T05:00:00Z,active,True
2026-09-19T22:16:42.775180+00:00,2026-09-19T22:16:42.775180+00:00,KXHIGHNY-26SEP20-B71.5,0.0,,0.2,77.0,0.21,81.0,0.009999999999999981,0.20500000000000002,0.79,81.0,0.8,77.0,0.010000000000000009,0.795,4426.21,1795.0,1795.0,4426.21,,OK,,KXHIGHNY-26SEP20,2026-09-21T05:00:00Z,active,True
2026-09-19T22:16:42.775180+00:00,2026-09-19T22:16:42.775180+00:00,KXHIGHNY-26SEP19-T76,0.0,,,,0.01,9326.62,,,0.99,9326.62,,,,,0.0,11404.42,11404.42,0.0,,OK,,KXHIGHNY-26SEP19,2026-09-20T05:00:00Z,active,True
2026-09-19T22:16:42.775180+00:00,2026-09-19T22:16:42.775180+00:00,KXHIGHNY-26SEP19-T69,0.0,,,,0.01,166475.0,,,0.99,166475.0,,,,,0.0,167421.18,167421.18,0.0,,OK,,KXHIGHNY-26SEP19,2026-09-20T05:00:00Z,active,True
2026-09-19T22:16:42.775180+00:00,2026-09-19T22:16:42.775180+00:00,KXHIGHNY-26SEP19-B75.5,0.0,,,,0.01,10299.28,,,0.99,10299.28,,,,,0.0,11219.45,11219.45,0.0,,OK,,KXHIGHNY-26SEP19,2026-09-20T05:00:00Z,active,True
2026-09-19T22:16:42.775180+00:00,2026-09-19T22:16:42.775180+00:00,KXHIGHNY-26SEP19-B73.5,0.0,,,,0.01,8597.0,,,0.99,8597.0,,,,,0.0,10577.570000000002,10577.570000000002,0.0,,OK,,KXHIGHNY-26SEP19,2026-09-20T05:00:00Z,active,True
2026-09-19T22:16:42.775180+00:00,2026-09-19T22:16:42.775180+00:00,KXHIGHNY-26SEP19-B71.5,0.0,,,,0.01,15832.85,,,0.99,15832.85,,,,,0.0,17052.460000000003,17052.460000000003,0.0,,OK,,KXHIGHNY-26SEP19,2026-09-20T05:00:00Z,active,True
2026-09-19T22:16:42.775180+00:00,2026-09-19T22:16:42.775180+00:00,KXHIGHNY-26SEP19-B69.5,0.0,,0.99,15916.21,,,,,,,0.01,15916.21,,,16583.269999999997,0.0,0.0,16583.269999999997,,OK,,KXHIGHNY-26SEP19,2026-09-20T05:00:00Z,active,True
2026-09-20T00:54:31.439544+00:00,2026-09-20T00:54:31.439544+00:00,KXHIGHNY-26SEP20-T78,0.0,,,,0.01,957.84,,,0.99,957.84,,,,,0.0,2875.69,2875.69,0.0,,OK,,KXHIGHNY-26SEP20,2026-09-21T05:00:00Z,active,True
2026-09-20T00:54:31.439544+00:00,2026-09-20T00:54:31.439544+00:00,KXHIGHNY-26SEP20-T71,0.0,,0.72,2.0,0.73,103.0,0.010000000000000009,0.725,0.27,103.0,0.28,2.0,0.010000000000000009,0.275,559.1099999999999,3331.6499999999996,3331.6499999999996,559.1099999999999,,OK,,KXHIGHNY-26SEP20,2026-09-21T05:00:00Z,active,True
2026-09-20T00:54:31.439544+00:00,2026-09-20T00:54:31.439544+00:00,KXHIGHNY-26SEP20-B77.5,0.0,,,,0.01,246.0,,,0.99,246.0,,,,,0.0,2410.4599999999996,2410.4599999999996,0.0,,OK,,KXHIGHNY-26SEP20,2026-09-21T05:00:00Z,active,True
2026-09-20T00:54:31.439544+00:00,2026-09-20T00:54:31.439544+00:00,KXHIGHNY-26SEP20-B75.5,0.0,,0.01,536.0,0.02,269.24,0.01,0.015,0.98,269.24,0.99,536.0,0.010000000000000009,0.985,536.0,1446.28,1446.28,536.0,,OK,,KXHIGHNY-26SEP20,2026-09-21T05:00:00Z,active,True
2026-09-20T00:54:31.439544+00:00,2026-09-20T00:54:31.439544+00:00,KXHIGHNY-26SEP20-B73.5,0.0,,0.03,117.0,0.04,156.0,0.010000000000000002,0.035,0.96,156.0,0.97,117.0,0.010000000000000009,0.965,2091.0,1376.98,1376.98,2091.0,,OK,,KXHIGHNY-26SEP20,2026-09-21T05:00:00Z,active,True
2026-09-20T00:54:31.439544+00:00,2026-09-20T00:54:31.439544+00:00,KXHIGHNY-26SEP20-B71.5,0.0,,0.23,87.0,0.24,0.62,0.009999999999999981,0.235,0.76,0.62,0.77,87.0,0.010000000000000009,0.765,2341.21,708.9,708.9,2341.21,,OK,,KXHIGHNY-26SEP20,2026-09-21T05:00:00Z,active,True
2026-09-20T00:54:31.439544+00:00,2026-09-20T00:54:31.439544+00:00,KXHIGHNY-26SEP19-T76,0.0,,,,0.01,39300.62,,,0.99,39300.62,,,,,0.0,41747.420000000006,41747.420000000006,0.0,,OK,,KXHIGHNY-26SEP19,2026-09-20T05:00:00Z,active,True
2026-09-20T00:54:31.439544+00:00,2026-09-20T00:54:31.439544+00:00,KXHIGHNY-26SEP19-T69,0.0,,,,0.01,165854.86,,,0.99,165854.86,,,,,0.0,167076.03999999998,167076.03999999998,0.0,,OK,,KXHIGHNY-26SEP19,2026-09-20T05:00:00Z,active,True
2026-09-20T00:54:31.439544+00:00,2026-09-20T00:54:31.439544+00:00,KXHIGHNY-26SEP19-B75.5,0.0,,,,0.01,20429.28,,,0.99,20429.28,,,,,0.0,21729.45,21729.45,0.0,,OK,,KXHIGHNY-26SEP19,2026-09-20T05:00:00Z,active,True
2026-09-20T00:54:31.439544+00:00,2026-09-20T00:54:31.439544+00:00,KXHIGHNY-26SEP19-B73.5,0.0,,,,0.01,18396.07,,,0.99,18396.07,,,,,0.0,20019.639999999996,20019.639999999996,0.0,,OK,,KXHIGHNY-26SEP19,2026-09-20T05:00:00Z,active,True
2026-09-20T00:54:31.439544+00:00,2026-09-20T00:54:31.439544+00:00,KXHIGHNY-26SEP19-B71.5,0.0,,,,0.01,21162.66,,,0.99,21162.66,,,,,0.0,22374.39,22374.39,0.0,,OK,,KXHIGHNY-26SEP19,2026-09-20T05:00:00Z,active,True
2026-09-20T00:54:31.439544+00:00,2026-09-20T00:54:31.439544+00:00,KXHIGHNY-26SEP19-B69.5,0.0,,0.99,25443.65,,,,,,,0.01,25443.65,,,25855.22,0.0,0.0,25855.22,,OK,,KXHIGHNY-26SEP19,2026-09-20T05:00:00Z,active,True
2026-09-20T05:57:52.388706+00:00,2026-09-20T05:57:52.388706+00:00,KXHIGHNY-26SEP20-T78,0.0,,,,0.01,1048.88,,,0.99,1048.88,,,,,0.0,2941.88,2941.88,0.0,,OK,,KXHIGHNY-26SEP20,2026-09-21T05:00:00Z,active,True
2026-09-20T05:57:52.388706+00:00,2026-09-20T05:57:52.388706+00:00,KXHIGHNY-26SEP20-T71,0.0,,0.81,57.0,0.83,18.0,0.019999999999999907,0.8200000000000001,0.17,18.0,0.19,57.0,0.01999999999999999,0.18,694.6700000000001,5538.9,5538.9,694.6700000000001,,OK,,KXHIGHNY-26SEP20,2026-09-21T05:00:00Z,active,True
2026-09-20T05:57:52.388706+00:00,2026-09-20T05:57:52.388706+00:00,KXHIGHNY-26SEP20-B77.5,0.0,,,,0.01,439.04,,,0.99,439.04,,,,,0.0,2297.04,2297.04,0.0,,OK,,KXHIGHNY-26SEP20,2026-09-21T05:00:00Z,active,True
2026-09-20T05:57:52.388706+00:00,2026-09-20T05:57:52.388706+00:00,KXHIGHNY-26SEP20-B75.5,0.0,,,,0.01,197.63,,,0.99,197.63,,,,,0.0,2284.63,2284.63,0.0,,OK,,KXHIGHNY-26SEP20,2026-09-21T05:00:00Z,active,True
2026-09-20T05:57:52.388706+00:00,2026-09-20T05:57:52.388706+00:00,KXHIGHNY-26SEP20-B73.5,0.0,,0.01,1042.73,0.02,102.0,0.01,0.015,0.98,102.0,0.99,1042.73,0.010000000000000009,0.985,1042.73,1331.0,1331.0,1042.73,,OK,,KXHIGHNY-26SEP20,2026-09-21T05:00:00Z,active,True
2026-09-20T05:57:52.388706+00:00,2026-09-20T05:57:52.388706+00:00,KXHIGHNY-26SEP20-B71.5,0.0,,0.17,6.0,0.18,35.06,0.009999999999999981,0.175,0.82,35.06,0.83,6.0,0.010000000000000009,0.825,5185.32,650.06,650.06,5185.32,,OK,,KXHIGHNY-26SEP20,2026-09-21T05:00:00Z,active,True
2026-09-20T11:04:49.511192+00:00,2026-09-20T11:04:49.511192+00:00,KXHIGHNY-26SEP20-T78,0.0,,,,0.01,10807.42,,,0.99,10807.42,,,,,0.0,12699.42,12699.42,0.0,,OK,,KXHIGHNY-26SEP20,2026-09-21T05:00:00Z,active,True
2026-09-20T11:04:49.511192+00:00,2026-09-20T11:04:49.511192+00:00,KXHIGHNY-26SEP20-T71,0.0,,0.88,1.0,0.89,75.0,0.010000000000000009,0.885,0.11,75.0,0.12,1.0,0.009999999999999995,0.11499999999999999,491.16999999999996,4964.38,4964.38,491.16999999999996,,OK,,KXHIGHNY-26SEP20,2026-09-21T05:00:00Z,active,True
2026-09-20T11:04:49.511192+00:00,2026-09-20T11:04:49.511192+00:00,KXHIGHNY-26SEP20-B77.5,0.0,,,,0.01,6497.42,,,0.99,6497.42,,,,,0.0,23285.45,23285.45,0.0,,OK,,KXHIGHNY-26SEP20,2026-09-21T05:00:00Z,active,True
2026-09-20T11:04:49.511192+00:00,2026-09-20T11:04:49.511192+00:00,KXHIGHNY-26SEP20-B75.5,0.0,,,,0.01,541.01,,,0.99,541.01,,,,,0.0,2512.01,2512.01,0.0,,OK,,KXHIGHNY-26SEP20,2026-09-21T05:00:00Z,active,True
2026-09-20T11:04:49.511192+00:00,2026-09-20T11:04:49.511192+00:00,KXHIGHNY-26SEP20-B73.5,0.0,,0.01,664.96,0.02,219.18,0.01,0.015,0.98,219.18,0.99,664.96,0.010000000000000009,0.985,664.96,1427.18,1427.18,664.96,,OK,,KXHIGHNY-26SEP20,2026-09-21T05:00:00Z,active,True
2026-09-20T11:04:49.511192+00:00,2026-09-20T11:04:49.511192+00:00,KXHIGHNY-26SEP20-B71.5,0.0,,0.1,20.5,0.11,88.0,0.009999999999999995,0.10500000000000001,0.89,88.0,0.9,20.5,0.010000000000000009,0.895,4215.66,626.14,626.14,4215.66,,OK,,KXHIGHNY-26SEP20,2026-09-21T05:00:00Z,active,True
2026-09-20T14:40:00.241464+00:00,2026-09-20T14:40:00.241464+00:00,KXHIGHNY-26SEP21-T73,0.0,,0.01,439.4,0.02,241.0,0.01,0.015,0.98,241.0,0.99,439.4,0.010000000000000009,0.985,439.4,1264.0,1264.0,439.4,,OK,,KXHIGHNY-26SEP21,2026-09-22T05:00:00Z,active,True
2026-09-20T14:40:00.241464+00:00,2026-09-20T14:40:00.241464+00:00,KXHIGHNY-26SEP21-T66,0.0,,0.05,55.0,0.08,10.0,0.03,0.065,0.92,10.0,0.95,55.0,0.029999999999999916,0.935,3066.0,1879.0,1879.0,3066.0,,OK,,KXHIGHNY-26SEP21,2026-09-22T05:00:00Z,active,True
2026-09-20T14:40:00.241464+00:00,2026-09-20T14:40:00.241464+00:00,KXHIGHNY-26SEP21-B72.5,0.0,,0.04,310.0,0.05,32.0,0.010000000000000002,0.045,0.95,32.0,0.96,310.0,0.010000000000000009,0.955,1176.0,1446.0,1446.0,1176.0,,OK,,KXHIGHNY-26SEP21,2026-09-22T05:00:00Z,active,True
2026-09-20T14:40:00.241464+00:00,2026-09-20T14:40:00.241464+00:00,KXHIGHNY-26SEP21-B70.5,0.0,,0.32,1.0,0.34,1.0,0.020000000000000018,0.33,0.66,1.0,0.68,1.0,0.020000000000000018,0.67,3485.0,1052.0,1052.0,3485.0,,OK,,KXHIGHNY-26SEP21,2026-09-22T05:00:00Z,active,True
2026-09-20T14:40:00.241464+00:00,2026-09-20T14:40:00.241464+00:00,KXHIGHNY-26SEP21-B68.5,0.0,,0.43,50.0,0.44,2.0,0.010000000000000009,0.435,0.56,2.0,0.57,50.0,0.009999999999999898,0.565,1793.0,743.9,743.9,1793.0,,OK,,KXHIGHNY-26SEP21,2026-09-22T05:00:00Z,active,True
2026-09-20T14:40:00.241464+00:00,2026-09-20T14:40:00.241464+00:00,KXHIGHNY-26SEP21-B66.5,0.0,,0.18,25.0,0.19,53.0,0.010000000000000009,0.185,0.81,53.0,0.82,25.0,0.009999999999999898,0.815,2819.0,1741.0,1741.0,2819.0,,OK,,KXHIGHNY-26SEP21,2026-09-22T05:00:00Z,active,True
2026-09-20T14:40:00.241464+00:00,2026-09-20T14:40:00.241464+00:00,KXHIGHNY-26SEP20-T78,0.0,,,,0.01,11296.63,,,0.99,11296.63,,,,,0.0,13365.63,13365.63,0.0,,OK,,KXHIGHNY-26SEP20,2026-09-21T05:00:00Z,active,True
2026-09-20T14:40:00.241464+00:00,2026-09-20T14:40:00.241464+00:00,KXHIGHNY-26SEP20-T71,0.0,,0.86,34.0,0.88,21.0,0.020000000000000018,0.87,0.12,21.0,0.14,34.0,0.020000000000000018,0.13,556.45,4959.63,4959.63,556.45,,OK,,KXHIGHNY-26SEP20,2026-09-21T05:00:00Z,active,True
2026-09-20T14:40:00.241464+00:00,2026-09-20T14:40:00.241464+00:00,KXHIGHNY-26SEP20-B77.5,0.0,,,,0.01,7033.38,,,0.99,7033.38,,,,,0.0,23641.410000000003,23641.410000000003,0.0,,OK,,KXHIGHNY-26SEP20,2026-09-21T05:00:00Z,active,True
2026-09-20T14:40:00.241464+00:00,2026-09-20T14:40:00.241464+00:00,KXHIGHNY-26SEP20-B75.5,0.0,,,,0.01,1114.97,,,0.99,1114.97,,,,,0.0,3314.9700000000003,3314.9700000000003,0.0,,OK,,KXHIGHNY-26SEP20,2026-09-21T05:00:00Z,active,True
2026-09-20T14:40:00.241464+00:00,2026-09-20T14:40:00.241464+00:00,KXHIGHNY-26SEP20-B73.5,0.0,,,,0.01,6.0,,,0.99,6.0,,,,,0.0,1421.0,1421.0,0.0,,OK,,KXHIGHNY-26SEP20,2026-09-21T05:00:00Z,active,True
2026-09-20T14:40:00.241464+00:00,2026-09-20T14:40:00.241464+00:00,KXHIGHNY-26SEP20-B71.5,0.0,,0.11,23.0,0.12,50.0,0.009999999999999995,0.11499999999999999,0.88,50.0,0.89,23.0,0.010000000000000009,0.885,3654.4300000000003,621.3199999999999,621.3199999999999,3654.4300000000003,,OK,,KXHIGHNY-26SEP20,2026-09-21T05:00:00Z,active,True
2026-09-20T18:09:34.016451+00:00,2026-09-20T18:09:34.016451+00:00,KXHIGHNY-26SEP21-T73,0.0,,0.01,430.15,0.02,222.0,0.01,0.015,0.98,222.0,0.99,430.15,0.010000000000000009,0.985,430.15,1353.0,1353.0,430.15,,OK,,KXHIGHNY-26SEP21,2026-09-22T05:00:00Z,active,True
2026-09-20T18:09:34.016451+00:00,2026-09-20T18:09:34.016451+00:00,KXHIGHNY-26SEP21-T66,0.0,,0.03,461.34,0.04,60.0,0.010000000000000002,0.035,0.96,60.0,0.97,461.34,0.010000000000000009,0.965,1886.34,1388.12,1388.12,1886.34,,OK,,KXHIGHNY-26SEP21,2026-09-22T05:00:00Z,active,True
2026-09-20T18:09:34.016451+00:00,2026-09-20T18:09:34.016451+00:00,KXHIGHNY-26SEP21-B72.5,0.0,,0.05,68.76,0.06,16.0,0.009999999999999995,0.055,0.94,16.0,0.95,68.76,0.010000000000000009,0.945,1745.04,1372.0,1372.0,1745.04,,OK,,KXHIGHNY-26SEP21,2026-09-22T05:00:00Z,active,True
2026-09-20T18:09:34.016451+00:00,2026-09-20T18:09:34.016451+00:00,KXHIGHNY-26SEP21-B70.5,0.0,,0.31,68.0,0.32,86.49,0.010000000000000009,0.315,0.68,86.49,0.69,68.0,0.009999999999999898,0.685,1829.35,774.49,774.49,1829.35,,OK,,KXHIGHNY-26SEP21,2026-09-22T05:00:00Z,active,True
2026-09-20T18:09:34.016451+00:00,2026-09-20T18:09:34.016451+00:00,KXHIGHNY-26SEP21-B68.5,0.0,,0.47,50.0,0.5,56.0,0.030000000000000027,0.485,0.5,56.0,0.53,50.0,0.030000000000000027,0.515,1575.0,1329.0,1329.0,1575.0,,OK,,KXHIGHNY-26SEP21,2026-09-22T05:00:00Z,active,True
2026-09-20T18:09:34.016451+00:00,2026-09-20T18:09:34.016451+00:00,KXHIGHNY-26SEP21-B66.5,0.0,,0.08,78.46,0.09,128.0,0.009999999999999995,0.08499999999999999,0.91,128.0,0.92,78.46,0.010000000000000009,0.915,5662.46,1477.0,1477.0,5662.46,,OK,,KXHIGHNY-26SEP21,2026-09-22T05:00:00Z,active,True
2026-09-20T18:09:34.016451+00:00,2026-09-20T18:09:34.016451+00:00,KXHIGHNY-26SEP20-T78,0.0,,,,0.01,11445.18,,,0.99,11445.18,,,,,0.0,14045.18,14045.18,0.0,,OK,,KXHIGHNY-26SEP20,2026-09-21T05:00:00Z,active,True
2026-09-20T18:09:34.016451+00:00,2026-09-20T18:09:34.016451+00:00,KXHIGHNY-26SEP20-T71,0.0,,0.96,144.8,0.98,35.0,0.020000000000000018,0.97,0.02,35.0,0.04,144.8,0.02,0.03,1531.67,2886.52,2886.52,1531.67,,OK,,KXHIGHNY-26SEP20,2026-09-21T05:00:00Z,active,True
2026-09-20T18:09:34.016451+00:00,2026-09-20T18:09:34.016451+00:00,KXHIGHNY-26SEP20-B77.5,0.0,,,,0.01,10501.93,,,0.99,10501.93,,,,,0.0,27417.96,27417.96,0.0,,OK,,KXHIGHNY-26SEP20,2026-09-21T05:00:00Z,active,True
2026-09-20T18:09:34.016451+00:00,2026-09-20T18:09:34.016451+00:00,KXHIGHNY-26SEP20-B75.5,0.0,,,,0.01,10193.89,,,0.99,10193.89,,,,,0.0,17001.89,17001.89,0.0,,OK,,KXHIGHNY-26SEP20,2026-09-21T05:00:00Z,active,True
2026-09-20T18:09:34.016451+00:00,2026-09-20T18:09:34.016451+00:00,KXHIGHNY-26SEP20-B73.5,0.0,,,,0.02,138.08,,,0.98,138.08,,,,,0.0,2016.08,2016.08,0.0,,OK,,KXHIGHNY-26SEP20,2026-09-21T05:00:00Z,active,True
2026-09-20T18:09:34.016451+00:00,2026-09-20T18:09:34.016451+00:00,KXHIGHNY-26SEP20-B71.5,0.0,,0.02,61.0,0.04,4.93,0.02,0.03,0.96,4.93,0.98,61.0,0.020000000000000018,0.97,1748.86,836.82,836.82,1748.86,,OK,,KXHIGHNY-26SEP20,2026-09-21T05:00:00Z,active,True
2026-09-20T21:22:38.140671+00:00,2026-09-20T21:22:38.140671+00:00,KXHIGHNY-26SEP21-T73,0.0,,0.01,405.13,0.02,262.0,0.01,0.015,0.98,262.0,0.99,405.13,0.010000000000000009,0.985,405.13,1498.0,1498.0,405.13,,OK,,KXHIGHNY-26SEP21,2026-09-22T05:00:00Z,active,True
2026-09-20T21:22:38.140671+00:00,2026-09-20T21:22:38.140671+00:00,KXHIGHNY-26SEP21-T66,0.0,,0.02,175.04,0.03,92.0,0.009999999999999998,0.025,0.97,92.0,0.98,175.04,0.010000000000000009,0.975,1485.04,1977.95,1977.95,1485.04,,OK,,KXHIGHNY-26SEP21,2026-09-22T05:00:00Z,active,True
2026-09-20T21:22:38.140671+00:00,2026-09-20T21:22:38.140671+00:00,KXHIGHNY-26SEP21-B72.5,0.0,,0.02,203.33,0.04,52.29,0.02,0.03,0.96,52.29,0.98,203.33,0.020000000000000018,0.97,895.33,1379.29,1379.29,895.33,,OK,,KXHIGHNY-26SEP21,2026-09-22T05:00:00Z,active,True
2026-09-20T21:22:38.140671+00:00,2026-09-20T21:22:38.140671+00:00,KXHIGHNY-26SEP21-B70.5,0.0,,0.44,51.0,0.45,64.82,0.010000000000000009,0.445,0.55,64.82,0.56,51.0,0.010000000000000009,0.555,1848.06,2030.82,2030.82,1848.06,,OK,,KXHIGHNY-26SEP21,2026-09-22T05:00:00Z,active,True
2026-09-20T21:22:38.140671+00:00,2026-09-20T21:22:38.140671+00:00,KXHIGHNY-26SEP21-B68.5,0.0,,0.46,12.08,0.47,75.75,0.009999999999999953,0.46499999999999997,0.53,75.75,0.54,12.08,0.010000000000000009,0.535,1927.26,2317.69,2317.69,1927.26,,OK,,KXHIGHNY-26SEP21,2026-09-22T05:00:00Z,active,True
2026-09-20T21:22:38.140671+00:00,2026-09-20T21:22:38.140671+00:00,KXHIGHNY-26SEP21-B66.5,0.0,,0.06,417.0,0.07,38.0,0.010000000000000009,0.065,0.93,38.0,0.94,417.0,0.009999999999999898,0.935,4864.0,1186.73,1186.73,4864.0,,OK,,KXHIGHNY-26SEP21,2026-09-22T05:00:00Z,active,True
2026-09-20T21:22:38.140671+00:00,2026-09-20T21:22:38.140671+00:00,KXHIGHNY-26SEP20-T78,0.0,,,,0.01,31767.96,,,0.99,31767.96,,,,,0.0,34753.96,34753.96,0.0,,OK,,KXHIGHNY-26SEP20,2026-09-21T05:00:00Z,active,True
2026-09-20T21:22:38.140671+00:00,2026-09-20T21:22:38.140671+00:00,KXHIGHNY-26SEP20-T71,0.0,,0.97,125.81,0.99,1654.65,0.020000000000000018,0.98,0.01,1654.65,0.03,125.81,0.019999999999999997,0.02,1946.27,1654.65,1654.65,1946.27,,OK,,KXHIGHNY-26SEP20,2026-09-21T05:00:00Z,active,True
2026-09-20T21:22:38.140671+00:00,2026-09-20T21:22:38.140671+00:00,KXHIGHNY-26SEP20-B77.5,0.0,,,,0.01,30943.71,,,0.99,30943.71,,,,,0.0,48587.74,48587.74,0.0,,OK,,KXHIGHNY-26SEP20,2026-09-21T05:00:00Z,active,True
2026-09-20T21:22:38.140671+00:00,2026-09-20T21:22:38.140671+00:00,KXHIGHNY-26SEP20-B75.5,0.0,,,,0.01,30630.67,,,0.99,30630.67,,,,,0.0,37552.67,37552.67,0.0,,OK,,KXHIGHNY-26SEP20,2026-09-21T05:00:00Z,active,True
2026-09-20T21:22:38.140671+00:00,2026-09-20T21:22:38.140671+00:00,KXHIGHNY-26SEP20-B73.5,0.0,,,,0.01,388.27,,,0.99,388.27,,,,,0.0,2049.35,2049.35,0.0,,OK,,KXHIGHNY-26SEP20,2026-09-21T05:00:00Z,active,True
2026-09-20T21:22:38.140671+00:00,2026-09-20T21:22:38.140671+00:00,KXHIGHNY-26SEP20-B71.5,0.0,,0.01,50.0,0.04,93.0,0.03,0.025,0.96,93.0,0.99,50.0,0.030000000000000027,0.975,50.0,1972.64,1972.64,50.0,,OK,,KXHIGHNY-26SEP20,2026-09-21T05:00:00Z,active,True
2026-09-21T00:02:37.137984+00:00,2026-09-21T00:02:37.137984+00:00,KXHIGHNY-26SEP21-T73,0.0,,0.01,899.24,0.02,257.0,0.01,0.015,0.98,257.0,0.99,899.24,0.010000000000000009,0.985,899.24,1215.3899999999999,1215.3899999999999,899.24,,OK,,KXHIGHNY-26SEP21,2026-09-22T05:00:00Z,active,True
2026-09-21T00:02:37.137984+00:00,2026-09-21T00:02:37.137984+00:00,KXHIGHNY-26SEP21-T66,0.0,,0.01,1575.73,0.02,4.33,0.01,0.015,0.98,4.33,0.99,1575.73,0.010000000000000009,0.985,1575.73,2086.67,2086.67,1575.73,,OK,,KXHIGHNY-26SEP21,2026-09-22T05:00:00Z,active,True
2026-09-21T00:02:37.137984+00:00,2026-09-21T00:02:37.137984+00:00,KXHIGHNY-26SEP21-B72.5,0.0,,0.04,251.97,0.05,11.03,0.010000000000000002,0.045,0.95,11.03,0.96,251.97,0.010000000000000009,0.955,2374.9700000000003,924.4200000000001,924.4200000000001,2374.9700000000003,,OK,,KXHIGHNY-26SEP21,2026-09-22T05:00:00Z,active,True
2026-09-21T00:02:37.137984+00:00,2026-09-21T00:02:37.137984+00:00,KXHIGHNY-26SEP21-B70.5,0.0,,0.48,52.0,0.49,1.0,0.010000000000000009,0.485,0.51,1.0,0.52,52.0,0.010000000000000009,0.515,1807.04,2357.39,2357.39,1807.04,,OK,,KXHIGHNY-26SEP21,2026-09-22T05:00:00Z,active,True
2026-09-21T00:02:37.137984+00:00,2026-09-21T00:02:37.137984+00:00,KXHIGHNY-26SEP21-B68.5,0.0,,0.4,5.39,0.41,88.83,0.009999999999999953,0.405,0.59,88.83,0.6,5.39,0.010000000000000009,0.595,2120.23,2217.77,2217.77,2120.23,,OK,,KXHIGHNY-26SEP21,2026-09-22T05:00:00Z,active,True
2026-09-21T00:02:37.137984+00:00,2026-09-21T00:02:37.137984+00:00,KXHIGHNY-26SEP21-B66.5,0.0,,0.04,477.0,0.05,2.0,0.010000000000000002,0.045,0.95,2.0,0.96,477.0,0.010000000000000009,0.955,2849.0,1116.12,1116.12,2849.0,,OK,,KXHIGHNY-26SEP21,2026-09-22T05:00:00Z,active,True
2026-09-21T00:02:37.137984+00:00,2026-09-21T00:02:37.137984+00:00,KXHIGHNY-26SEP20-T78,0.0,,,,0.01,31650.96,,,0.99,31650.96,,,,,0.0,34103.96,34103.96,0.0,,OK,,KXHIGHNY-26SEP20,2026-09-21T05:00:00Z,active,True
2026-09-21T00:02:37.137984+00:00,2026-09-21T00:02:37.137984+00:00,KXHIGHNY-26SEP20-T71,0.0,,0.97,30.0,,,,,,,0.03,30.0,,,1689.0200000000002,0.0,0.0,1689.0200000000002,,OK,,KXHIGHNY-26SEP20,2026-09-21T05:00:00Z,active,True
2026-09-21T00:02:37.137984+00:00,2026-09-21T00:02:37.137984+00:00,KXHIGHNY-26SEP20-B77.5,0.0,,,,0.01,30737.2,,,0.99,30737.2,,,,,0.0,47553.229999999996,47553.229999999996,0.0,,OK,,KXHIGHNY-26SEP20,2026-09-21T05:00:00Z,active,True
2026-09-21T00:02:37.137984+00:00,2026-09-21T00:02:37.137984+00:00,KXHIGHNY-26SEP20-B75.5,0.0,,,,0.01,30522.67,,,0.99,30522.67,,,,,0.0,37696.67,37696.67,0.0,,OK,,KXHIGHNY-26SEP20,2026-09-21T05:00:00Z,active,True
2026-09-21T00:02:37.137984+00:00,2026-09-21T00:02:37.137984+00:00,KXHIGHNY-26SEP20-B73.5,0.0,,,,0.01,30.0,,,0.99,30.0,,,,,0.0,1117.77,1117.77,0.0,,OK,,KXHIGHNY-26SEP20,2026-09-21T05:00:00Z,active,True
2026-09-21T00:02:37.137984+00:00,2026-09-21T00:02:37.137984+00:00,KXHIGHNY-26SEP20-B71.5,0.0,,,,0.03,30.0,,,0.97,30.0,,,,,0.0,1799.87,1799.87,0.0,,OK,,KXHIGHNY-26SEP20,2026-09-21T05:00:00Z,active,True
2026-09-21T04:28:53.508774+00:00,2026-09-21T04:28:53.508774+00:00,KXHIGHNY-26SEP21-T73,0.0,,0.04,88.0,0.05,37.0,0.010000000000000002,0.045,0.95,37.0,0.96,88.0,0.010000000000000009,0.955,889.55,1533.56,1533.56,889.55,,OK,,KXHIGHNY-26SEP21,2026-09-22T05:00:00Z,active,True
2026-09-21T04:28:53.508774+00:00,2026-09-21T04:28:53.508774+00:00,KXHIGHNY-26SEP21-T66,0.0,,,,0.01,262.21,,,0.99,262.21,,,,,0.0,3457.16,3457.16,0.0,,OK,,KXHIGHNY-26SEP21,2026-09-22T05:00:00Z,active,True
2026-09-21T04:28:53.508774+00:00,2026-09-21T04:28:53.508774+00:00,KXHIGHNY-26SEP21-B72.5,0.0,,0.34,63.11,0.37,72.14,0.02999999999999997,0.355,0.63,72.14,0.66,63.11,0.030000000000000027,0.645,2605.19,1953.8999999999999,1953.8999999999999,2605.19,,OK,,KXHIGHNY-26SEP21,2026-09-22T05:00:00Z,active,True
2026-09-21T04:28:53.508774+00:00,2026-09-21T04:28:53.508774+00:00,KXHIGHNY-26SEP21-B70.5,0.0,,0.49,9.36,0.5,118.14,0.010000000000000009,0.495,0.5,118.14,0.51,9.36,0.010000000000000009,0.505,1442.4,2496.42,2496.42,1442.4,,OK,,KXHIGHNY-26SEP21,2026-09-22T05:00:00Z,active,True
2026-09-21T04:28:53.508774+00:00,2026-09-21T04:28:53.508774+00:00,KXHIGHNY-26SEP21-B68.5,0.0,,0.13,40.0,0.14,38.0,0.010000000000000009,0.135,0.86,38.0,0.87,40.0,0.010000000000000009,0.865,3982.3,1303.25,1303.25,3982.3,,OK,,KXHIGHNY-26SEP21,2026-09-22T05:00:00Z,active,True
2026-09-21T04:28:53.508774+00:00,2026-09-21T04:28:53.508774+00:00,KXHIGHNY-26SEP21-B66.5,0.0,,0.01,1406.36,0.02,86.0,0.01,0.015,0.98,86.0,0.99,1406.36,0.010000000000000009,0.985,1406.36,1679.73,1679.73,1406.36,,OK,,KXHIGHNY-26SEP21,2026-09-22T05:00:00Z,active,True
2026-09-21T04:28:53.508774+00:00,2026-09-21T04:28:53.508774+00:00,KXHIGHNY-26SEP20-T78,0.0,,,,0.01,31829.96,,,0.99,31829.96,,,,,0.0,34060.96,34060.96,0.0,,OK,,KXHIGHNY-26SEP20,2026-09-21T05:00:00Z,active,True
2026-09-21T04:28:53.508774+00:00,2026-09-21T04:28:53.508774+00:00,KXHIGHNY-26SEP20-T71,0.0,,0.96,82.0,0.99,165.0,0.030000000000000027,0.975,0.01,165.0,0.04,82.0,0.03,0.025,1618.01,165.0,165.0,1618.01,,OK,,KXHIGHNY-26SEP20,2026-09-21T05:00:00Z,active,True
2026-09-21T04:28:53.508774+00:00,2026-09-21T04:28:53.508774+00:00,KXHIGHNY-26SEP20-B77.5,0.0,,,,0.01,30767.2,,,0.99,30767.2,,,,,0.0,47636.229999999996,47636.229999999996,0.0,,OK,,KXHIGHNY-26SEP20,2026-09-21T05:00:00Z,active,True
2026-09-21T04:28:53.508774+00:00,2026-09-21T04:28:53.508774+00:00,KXHIGHNY-26SEP20-B75.5,0.0,,,,0.01,27674.57,,,0.99,27674.57,,,,,0.0,34954.57,34954.57,0.0,,OK,,KXHIGHNY-26SEP20,2026-09-21T05:00:00Z,active,True
2026-09-21T04:28:53.508774+00:00,2026-09-21T04:28:53.508774+00:00,KXHIGHNY-26SEP20-B73.5,0.0,,,,0.02,30.0,,,0.98,30.0,,,,,0.0,1041.22,1041.22,0.0,,OK,,KXHIGHNY-26SEP20,2026-09-21T05:00:00Z,active,True
2026-09-21T04:28:53.508774+00:00,2026-09-21T04:28:53.508774+00:00,KXHIGHNY-26SEP20-B71.5,0.0,,0.01,27.0,0.03,82.0,0.019999999999999997,0.02,0.97,82.0,0.99,27.0,0.020000000000000018,0.98,27.0,1437.9399999999998,1437.9399999999998,27.0,,OK,,KXHIGHNY-26SEP20,2026-09-21T05:00:00Z,active,True
2026-09-21T10:34:43.741962+00:00,2026-09-21T10:34:43.741962+00:00,KXHIGHNY-26SEP21-T73,0.0,,0.01,460.69,0.02,6.0,0.01,0.015,0.98,6.0,0.99,460.69,0.010000000000000009,0.985,460.69,890.38,890.38,460.69,,OK,,KXHIGHNY-26SEP21,2026-09-22T05:00:00Z,active,True
2026-09-21T10:34:43.741962+00:00,2026-09-21T10:34:43.741962+00:00,KXHIGHNY-26SEP21-T66,0.0,,,,0.01,464.03,,,0.99,464.03,,,,,0.0,3156.9799999999996,3156.9799999999996,0.0,,OK,,KXHIGHNY-26SEP21,2026-09-22T05:00:00Z,active,True
2026-09-21T10:34:43.741962+00:00,2026-09-21T10:34:43.741962+00:00,KXHIGHNY-26SEP21-B72.5,0.0,,0.23,6.0,0.25,26.74,0.01999999999999999,0.24,0.75,26.74,0.77,6.0,0.020000000000000018,0.76,2996.8199999999997,478.74,478.74,2996.8199999999997,,OK,,KXHIGHNY-26SEP21,2026-09-22T05:00:00Z,active,True
2026-09-21T10:34:43.741962+00:00,2026-09-21T10:34:43.741962+00:00,KXHIGHNY-26SEP21-B70.5,0.0,,0.55,40.0,0.56,20.0,0.010000000000000009,0.555,0.44,20.0,0.45,40.0,0.010000000000000009,0.445,493.86,2362.82,2362.82,493.86,,OK,,KXHIGHNY-26SEP21,2026-09-22T05:00:00Z,active,True
2026-09-21T10:34:43.741962+00:00,2026-09-21T10:34:43.741962+00:00,KXHIGHNY-26SEP21-B68.5,0.0,,0.14,63.0,0.15,22.0,0.009999999999999981,0.14500000000000002,0.85,22.0,0.86,63.0,0.010000000000000009,0.855,4417.04,1410.25,1410.25,4417.04,,OK,,KXHIGHNY-26SEP21,2026-09-22T05:00:00Z,active,True
2026-09-21T10:34:43.741962+00:00,2026-09-21T10:34:43.741962+00:00,KXHIGHNY-26SEP21-B66.5,0.0,,0.01,1013.07,0.02,116.0,0.01,0.015,0.98,116.0,0.99,1013.07,0.010000000000000009,0.985,1013.07,2517.73,2517.73,1013.07,,OK,,KXHIGHNY-26SEP21,2026-09-22T05:00:00Z,active,True
2026-09-21T16:56:28.576634+00:00,2026-09-21T16:56:28.576634+00:00,KXHIGHNY-26SEP22-T70,0.0,,,,0.01,276.71,,,0.99,276.71,,,,,0.0,2158.71,2158.71,0.0,,OK,,KXHIGHNY-26SEP22,2026-09-23T05:00:00Z,active,True
2026-09-21T16:56:28.576634+00:00,2026-09-21T16:56:28.576634+00:00,KXHIGHNY-26SEP22-T63,0.0,,0.18,1.0,0.2,25.0,0.020000000000000018,0.19,0.8,25.0,0.82,1.0,0.019999999999999907,0.81,3339.0,678.5799999999999,678.5799999999999,3339.0,,OK,,KXHIGHNY-26SEP22,2026-09-23T05:00:00Z,active,True
2026-09-21T16:56:28.576634+00:00,2026-09-21T16:56:28.576634+00:00,KXHIGHNY-26SEP22-B69.5,0.0,,0.01,1170.4,0.02,6.0,0.01,0.015,0.98,6.0,0.99,1170.4,0.010000000000000009,0.985,1170.4,1225.24,1225.24,1170.4,,OK,,KXHIGHNY-26SEP22,2026-09-23T05:00:00Z,active,True
2026-09-21T16:56:28.576634+00:00,2026-09-21T16:56:28.576634+00:00,KXHIGHNY-26SEP22-B67.5,0.0,,0.06,151.0,0.07,1.0,0.010000000000000009,0.065,0.93,1.0,0.94,151.0,0.009999999999999898,0.935,2556.0,1568.0,1568.0,2556.0,,OK,,KXHIGHNY-26SEP22,2026-09-23T05:00:00Z,active,True
2026-09-21T16:56:28.576634+00:00,2026-09-21T16:56:28.576634+00:00,KXHIGHNY-26SEP22-B65.5,0.0,,0.28,45.0,0.29,88.0,0.009999999999999953,0.28500000000000003,0.71,88.0,0.72,45.0,0.010000000000000009,0.715,1919.0,1546.0,1546.0,1919.0,,OK,,KXHIGHNY-26SEP22,2026-09-23T05:00:00Z,active,True
2026-09-21T16:56:28.576634+00:00,2026-09-21T16:56:28.576634+00:00,KXHIGHNY-26SEP22-B63.5,0.0,,0.44,249.64,0.45,9.0,0.010000000000000009,0.445,0.55,9.0,0.56,249.64,0.010000000000000009,0.555,1651.6399999999999,1672.0,1672.0,1651.6399999999999,,OK,,KXHIGHNY-26SEP22,2026-09-23T05:00:00Z,active,True
2026-09-21T16:56:28.576634+00:00,2026-09-21T16:56:28.576634+00:00,KXHIGHNY-26SEP21-T73,0.0,,,,0.01,302.29,,,0.99,302.29,,,,,0.0,2240.67,2240.67,0.0,,OK,,KXHIGHNY-26SEP21,2026-09-22T05:00:00Z,active,True
2026-09-21T16:56:28.576634+00:00,2026-09-21T16:56:28.576634+00:00,KXHIGHNY-26SEP21-T66,0.0,,,,0.01,24170.68,,,0.99,24170.68,,,,,0.0,28072.68,28072.68,0.0,,OK,,KXHIGHNY-26SEP21,2026-09-22T05:00:00Z,active,True
2026-09-21T16:56:28.576634+00:00,2026-09-21T16:56:28.576634+00:00,KXHIGHNY-26SEP21-B72.5,0.0,,0.14,5.0,0.15,60.0,0.009999999999999981,0.14500000000000002,0.85,60.0,0.86,5.0,0.010000000000000009,0.855,3015.3,1422.03,1422.03,3015.3,,OK,,KXHIGHNY-26SEP21,2026-09-22T05:00:00Z,active,True
2026-09-21T16:56:28.576634+00:00,2026-09-21T16:56:28.576634+00:00,KXHIGHNY-26SEP21-B70.5,0.0,,0.86,11.0,0.87,37.0,0.010000000000000009,0.865,0.13,37.0,0.14,11.0,0.010000000000000009,0.135,603.0,2169.23,2169.23,603.0,,OK,,KXHIGHNY-26SEP21,2026-09-22T05:00:00Z,active,True
2026-09-21T16:56:28.576634+00:00,2026-09-21T16:56:28.576634+00:00,KXHIGHNY-26SEP21-B68.5,0.0,,0.01,321.62,0.02,57.0,0.01,0.015,0.98,57.0,0.99,321.62,0.010000000000000009,0.985,321.62,1778.8,1778.8,321.62,,OK,,KXHIGHNY-26SEP21,2026-09-22T05:00:00Z,active,True
2026-09-21T16:56:28.576634+00:00,2026-09-21T16:56:28.576634+00:00,KXHIGHNY-26SEP21-B66.5,0.0,,,,0.01,61244.18,,,0.99,61244.18,,,,,0.0,65399.91,65399.91,0.0,,OK,,KXHIGHNY-26SEP21,2026-09-22T05:00:00Z,active,True
2026-09-21T20:56:23.667806+00:00,2026-09-21T20:56:23.667806+00:00,KXHIGHNY-26SEP22-T70,0.0,,,,0.01,298.86,,,0.99,298.86,,,,,0.0,1777.71,1777.71,0.0,,OK,,KXHIGHNY-26SEP22,2026-09-23T05:00:00Z,active,True
2026-09-21T20:56:23.667806+00:00,2026-09-21T20:56:23.667806+00:00,KXHIGHNY-26SEP22-T63,0.0,,0.11,1.61,0.12,41.0,0.009999999999999995,0.11499999999999999,0.88,41.0,0.89,1.61,0.010000000000000009,0.885,3431.9,760.8299999999999,760.8299999999999,3431.9,,OK,,KXHIGHNY-26SEP22,2026-09-23T05:00:00Z,active,True
2026-09-21T20:56:23.667806+00:00,2026-09-21T20:56:23.667806+00:00,KXHIGHNY-26SEP22-B69.5,0.0,,0.01,963.94,0.02,206.0,0.01,0.015,0.98,206.0,0.99,963.94,0.010000000000000009,0.985,963.94,1333.6000000000001,1333.6000000000001,963.94,,OK,,KXHIGHNY-26SEP22,2026-09-23T05:00:00Z,active,True
2026-09-21T20:56:23.667806+00:00,2026-09-21T20:56:23.667806+00:00,KXHIGHNY-26SEP22-B67.5,0.0,,0.07,27.54,0.08,37.0,0.009999999999999995,0.07500000000000001,0.92,37.0,0.93,27.54,0.010000000000000009,0.925,2946.54,502.36,502.36,2946.54,,OK,,KXHIGHNY-26SEP22,2026-09-23T05:00:00Z,active,True
2026-09-21T20:56:23.667806+00:00,2026-09-21T20:56:23.667806+00:00,KXHIGHNY-26SEP22-B65.5,0.0,,0.4,9.99,0.41,36.0,0.009999999999999953,0.405,0.59,36.0,0.6,9.99,0.010000000000000009,0.595,1515.12,1975.8899999999999,1975.8899999999999,1515.12,,OK,,KXHIGHNY-26SEP22,2026-09-23T05:00:00Z,active,True
2026-09-21T20:56:23.667806+00:00,2026-09-21T20:56:23.667806+00:00,KXHIGHNY-26SEP22-B63.5,0.0,,0.4,25.0,0.41,43.0,0.009999999999999953,0.405,0.59,43.0,0.6,25.0,0.010000000000000009,0.595,1331.3600000000001,1850.41,1850.41,1331.3600000000001,,OK,,KXHIGHNY-26SEP22,2026-09-23T05:00:00Z,active,True
2026-09-21T20:56:23.667806+00:00,2026-09-21T20:56:23.667806+00:00,KXHIGHNY-26SEP21-T73,0.0,,,,0.01,17314.54,,,0.99,17314.54,,,,,0.0,18737.08,18737.08,0.0,,OK,,KXHIGHNY-26SEP21,2026-09-22T05:00:00Z,active,True
2026-09-21T20:56:23.667806+00:00,2026-09-21T20:56:23.667806+00:00,KXHIGHNY-26SEP21-T66,0.0,,,,0.01,125504.58,,,0.99,125504.58,,,,,0.0,127823.6,127823.6,0.0,,OK,,KXHIGHNY-26SEP21,2026-09-22T05:00:00Z,active,True
2026-09-21T20:56:23.667806+00:00,2026-09-21T20:56:23.667806+00:00,KXHIGHNY-26SEP21-B72.5,0.0,,0.99,43099.25,,,,,,,0.01,43099.25,,,45046.060000000005,0.0,0.0,45046.060000000005,,OK,,KXHIGHNY-26SEP21,2026-09-22T05:00:00Z,active,True
2026-09-21T20:56:23.667806+00:00,2026-09-21T20:56:23.667806+00:00,KXHIGHNY-26SEP21-B70.5,0.0,,,,0.01,310676.6,,,0.99,310676.6,,,,,0.0,311853.6,311853.6,0.0,,OK,,KXHIGHNY-26SEP21,2026-09-22T05:00:00Z,active,True
2026-09-21T20:56:23.667806+00:00,2026-09-21T20:56:23.667806+00:00,KXHIGHNY-26SEP21-B68.5,0.0,,,,0.01,172509.54,,,0.99,172509.54,,,,,0.0,173573.80000000002,173573.80000000002,0.0,,OK,,KXHIGHNY-26SEP21,2026-09-22T05:00:00Z,active,True
2026-09-21T20:56:23.667806+00:00,2026-09-21T20:56:23.667806+00:00,KXHIGHNY-26SEP21-B66.5,0.0,,,,0.01,162899.36,,,0.99,162899.36,,,,,0.0,165389.58,165389.58,0.0,,OK,,KXHIGHNY-26SEP21,2026-09-22T05:00:00Z,active,True
2026-09-21T23:59:17.569471+00:00,2026-09-21T23:59:17.569471+00:00,KXHIGHNY-26SEP22-T70,0.0,,,,0.01,6.87,,,0.99,6.87,,,,,0.0,1375.87,1375.87,0.0,,OK,,KXHIGHNY-26SEP22,2026-09-23T05:00:00Z,active,True
2026-09-21T23:59:17.569471+00:00,2026-09-21T23:59:17.569471+00:00,KXHIGHNY-26SEP22-T63,0.0,,0.09,90.0,0.1,84.0,0.010000000000000009,0.095,0.9,84.0,0.91,90.0,0.010000000000000009,0.905,3219.0,1011.0,1011.0,3219.0,,OK,,KXHIGHNY-26SEP22,2026-09-23T05:00:00Z,active,True
2026-09-21T23:59:17.569471+00:00,2026-09-21T23:59:17.569471+00:00,KXHIGHNY-26SEP22-B69.5,0.0,,0.03,94.0,0.04,36.02,0.010000000000000002,0.035,0.96,36.02,0.97,94.0,0.010000000000000009,0.965,780.9,1433.52,1433.52,780.9,,OK,,KXHIGHNY-26SEP22,2026-09-23T05:00:00Z,active,True
2026-09-21T23:59:17.569471+00:00,2026-09-21T23:59:17.569471+00:00,KXHIGHNY-26SEP22-B67.5,0.0,,0.16,89.0,0.17,1.0,0.010000000000000009,0.165,0.83,1.0,0.84,89.0,0.010000000000000009,0.835,3718.87,393.0,393.0,3718.87,,OK,,KXHIGHNY-26SEP22,2026-09-23T05:00:00Z,active,True
2026-09-21T23:59:17.569471+00:00,2026-09-21T23:59:17.569471+00:00,KXHIGHNY-26SEP22-B65.5,0.0,,0.42,36.89,0.44,99.53,0.020000000000000018,0.43,0.56,99.53,0.58,36.89,0.019999999999999907,0.5700000000000001,1389.8899999999999,2057.92,2057.92,1389.8899999999999,,OK,,KXHIGHNY-26SEP22,2026-09-23T05:00:00Z,active,True
2026-09-21T23:59:17.569471+00:00,2026-09-21T23:59:17.569471+00:00,KXHIGHNY-26SEP22-B63.5,0.0,,0.31,11.0,0.32,54.0,0.010000000000000009,0.315,0.68,54.0,0.69,11.0,0.009999999999999898,0.685,1941.0,693.0,693.0,1941.0,,OK,,KXHIGHNY-26SEP22,2026-09-23T05:00:00Z,active,True
2026-09-21T23:59:17.569471+00:00,2026-09-21T23:59:17.569471+00:00,KXHIGHNY-26SEP21-T73,0.0,,,,0.01,14477.74,,,0.99,14477.74,,,,,0.0,15047.119999999999,15047.119999999999,0.0,,OK,,KXHIGHNY-26SEP21,2026-09-22T05:00:00Z,active,True
2026-09-21T23:59:17.569471+00:00,2026-09-21T23:59:17.569471+00:00,KXHIGHNY-26SEP21-T66,0.0,,,,0.01,124150.93,,,0.99,124150.93,,,,,0.0,126500.95,126500.95,0.0,,OK,,KXHIGHNY-26SEP21,2026-09-22T05:00:00Z,active,True
2026-09-21T23:59:17.569471+00:00,2026-09-21T23:59:17.569471+00:00,KXHIGHNY-26SEP21-B72.5,0.0,,0.99,43995.52,,,,,,,0.01,43995.52,,,46423.619999999995,0.0,0.0,46423.619999999995,,OK,,KXHIGHNY-26SEP21,2026-09-22T05:00:00Z,active,True
2026-09-21T23:59:17.569471+00:00,2026-09-21T23:59:17.569471+00:00,KXHIGHNY-26SEP21-B70.5,0.0,,,,0.01,307517.2,,,0.99,307517.2,,,,,0.0,308816.19,308816.19,0.0,,OK,,KXHIGHNY-26SEP21,2026-09-22T05:00:00Z,active,True
2026-09-21T23:59:17.569471+00:00,2026-09-21T23:59:17.569471+00:00,KXHIGHNY-26SEP21-B68.5,0.0,,,,0.01,171678.54,,,0.99,171678.54,,,,,0.0,172788.54,172788.54,0.0,,OK,,KXHIGHNY-26SEP21,2026-09-22T05:00:00Z,active,True
2026-09-21T23:59:17.569471+00:00,2026-09-21T23:59:17.569471+00:00,KXHIGHNY-26SEP21-B66.5,0.0,,,,0.01,158674.42,,,0.99,158674.42,,,,,0.0,161189.23,161189.23,0.0,,OK,,KXHIGHNY-26SEP21,2026-09-22T05:00:00Z,active,True
2026-09-22T04:24:19.131327+00:00,2026-09-22T04:24:19.131327+00:00,KXHIGHNY-26SEP22-T70,0.0,,0.01,45.25,0.02,81.24,0.01,0.015,0.98,81.24,0.99,45.25,0.010000000000000009,0.985,45.25,1142.03,1142.03,45.25,,OK,,KXHIGHNY-26SEP22,2026-09-23T05:00:00Z,active,True
2026-09-22T04:24:19.131327+00:00,2026-09-22T04:24:19.131327+00:00,KXHIGHNY-26SEP22-T63,0.0,,0.04,637.16,0.05,124.0,0.010000000000000002,0.045,0.95,124.0,0.96,637.16,0.010000000000000009,0.955,3675.16,1758.0,1758.0,3675.16,,OK,,KXHIGHNY-26SEP22,2026-09-23T05:00:00Z,active,True
2026-09-22T04:24:19.131327+00:00,2026-09-22T04:24:19.131327+00:00,KXHIGHNY-26SEP22-B69.5,0.0,,0.04,11.0,0.05,85.73,0.010000000000000002,0.045,0.95,85.73,0.96,11.0,0.010000000000000009,0.955,867.9,1816.73,1816.73,867.9,,OK,,KXHIGHNY-26SEP22,2026-09-23T05:00:00Z,active,True
2026-09-22T04:24:19.131327+00:00,2026-09-22T04:24:19.131327+00:00,KXHIGHNY-26SEP22-B67.5,0.0,,0.27,50.0,0.29,58.0,0.019999999999999962,0.28,0.71,58.0,0.73,50.0,0.020000000000000018,0.72,1749.0,720.0,720.0,1749.0,,OK,,KXHIGHNY-26SEP22,2026-09-23T05:00:00Z,active,True
2026-09-22T04:24:19.131327+00:00,2026-09-22T04:24:19.131327+00:00,KXHIGHNY-26SEP22-B65.5,0.0,,0.49,1.0,0.5,136.04,0.010000000000000009,0.495,0.5,136.04,0.51,1.0,0.010000000000000009,0.505,1412.56,1678.3899999999999,1678.3899999999999,1412.56,,OK,,KXHIGHNY-26SEP22,2026-09-23T05:00:00Z,active,True
2026-09-22T04:24:19.131327+00:00,2026-09-22T04:24:19.131327+00:00,KXHIGHNY-26SEP22-B63.5,0.0,,0.2,66.0,0.21,76.0,0.009999999999999981,0.20500000000000002,0.79,76.0,0.8,66.0,0.010000000000000009,0.795,3869.74,542.0,542.0,3869.74,,OK,,KXHIGHNY-26SEP22,2026-09-23T05:00:00Z,active,True
2026-09-22T04:24:19.131327+00:00,2026-09-22T04:24:19.131327+00:00,KXHIGHNY-26SEP21-T73,0.0,,,,0.01,12798.44,,,0.99,12798.44,,,,,0.0,13454.460000000001,13454.460000000001,0.0,,OK,,KXHIGHNY-26SEP21,2026-09-22T05:00:00Z,active,True
2026-09-22T04:24:19.131327+00:00,2026-09-22T04:24:19.131327+00:00,KXHIGHNY-26SEP21-T66,0.0,,,,0.01,121604.82,,,0.99,121604.82,,,,,0.0,123033.84000000001,123033.84000000001,0.0,,OK,,KXHIGHNY-26SEP21,2026-09-22T05:00:00Z,active,True
2026-09-22T04:24:19.131327+00:00,2026-09-22T04:24:19.131327+00:00,KXHIGHNY-26SEP21-B72.5,0.0,,0.99,38348.71,,,,,,,0.01,38348.71,,,40237.42999999999,0.0,0.0,40237.42999999999,,OK,,KXHIGHNY-26SEP21,2026-09-22T05:00:00Z,active,True
2026-09-22T04:24:19.131327+00:00,2026-09-22T04:24:19.131327+00:00,KXHIGHNY-26SEP21-B70.5,0.0,,,,0.01,282113.32,,,0.99,282113.32,,,,,0.0,283862.32,283862.32,0.0,,OK,,KXHIGHNY-26SEP21,2026-09-22T05:00:00Z,active,True
2026-09-22T04:24:19.131327+00:00,2026-09-22T04:24:19.131327+00:00,KXHIGHNY-26SEP21-B68.5,0.0,,,,0.01,151050.84,,,0.99,151050.84,,,,,0.0,152059.84,152059.84,0.0,,OK,,KXHIGHNY-26SEP21,2026-09-22T05:00:00Z,active,True
2026-09-22T04:24:19.131327+00:00,2026-09-22T04:24:19.131327+00:00,KXHIGHNY-26SEP21-B66.5,0.0,,,,0.01,130654.37,,,0.99,130654.37,,,,,0.0,133472.77000000002,133472.77000000002,0.0,,OK,,KXHIGHNY-26SEP21,2026-09-22T05:00:00Z,active,True
2026-09-22T09:47:01.767214+00:00,2026-09-22T09:47:01.767214+00:00,KXHIGHNY-26SEP22-T70,0.0,,,,0.01,14669.01,,,0.99,14669.01,,,,,0.0,28858.800000000003,28858.800000000003,0.0,,OK,,KXHIGHNY-26SEP22,2026-09-23T05:00:00Z,active,True
2026-09-22T09:47:01.767214+00:00,2026-09-22T09:47:01.767214+00:00,KXHIGHNY-26SEP22-T63,0.0,,0.04,37.38,0.05,70.0,0.010000000000000002,0.045,0.95,70.0,0.96,37.38,0.010000000000000009,0.955,1924.6,1895.21,1895.21,1924.6,,OK,,KXHIGHNY-26SEP22,2026-09-23T05:00:00Z,active,True
2026-09-22T09:47:01.767214+00:00,2026-09-22T09:47:01.767214+00:00,KXHIGHNY-26SEP22-B69.5,0.0,,0.02,31.0,0.03,7.0,0.009999999999999998,0.025,0.97,7.0,0.98,31.0,0.010000000000000009,0.975,1050.9,951.4000000000001,951.4000000000001,1050.9,,OK,,KXHIGHNY-26SEP22,2026-09-23T05:00:00Z,active,True
2026-09-22T09:47:01.767214+00:00,2026-09-22T09:47:01.767214+00:00,KXHIGHNY-26SEP22-B67.5,0.0,,0.19,51.0,0.21,38.0,0.01999999999999999,0.2,0.79,38.0,0.81,51.0,0.020000000000000018,0.8,4111.96,427.95,427.95,4111.96,,OK,,KXHIGHNY-26SEP22,2026-09-23T05:00:00Z,active,True
2026-09-22T09:47:01.767214+00:00,2026-09-22T09:47:01.767214+00:00,KXHIGHNY-26SEP22-B65.5,0.0,,0.56,3.0,0.57,6.0,0.009999999999999898,0.565,0.43,6.0,0.44,3.0,0.010000000000000009,0.435,1426.51,2590.8900000000003,2590.8900000000003,1426.51,,OK,,KXHIGHNY-26SEP22,2026-09-23T05:00:00Z,active,True
2026-09-22T09:47:01.767214+00:00,2026-09-22T09:47:01.767214+00:00,KXHIGHNY-26SEP22-B63.5,0.0,,0.21,30.0,0.22,107.0,0.010000000000000009,0.215,0.78,107.0,0.79,30.0,0.010000000000000009,0.785,3594.48,576.95,576.95,3594.48,,OK,,KXHIGHNY-26SEP22,2026-09-23T05:00:00Z,active,True
2026-09-22T14:35:45.949233+00:00,2026-09-22T14:35:45.949233+00:00,KXHIGHNY-26SEP23-T72,0.0,,0.01,118.63,0.02,235.24,0.01,0.015,0.98,235.24,0.99,118.63,0.010000000000000009,0.985,118.63,1723.24,1723.24,118.63,,OK,,KXHIGHNY-26SEP23,2026-09-24T05:00:00Z,active,True
2026-09-22T14:35:45.949233+00:00,2026-09-22T14:35:45.949233+00:00,KXHIGHNY-26SEP23-T65,0.0,,0.08,95.0,0.1,16.0,0.020000000000000004,0.09,0.9,16.0,0.92,95.0,0.020000000000000018,0.91,2688.0,2910.0,2910.0,2688.0,,OK,,KXHIGHNY-26SEP23,2026-09-24T05:00:00Z,active,True
2026-09-22T14:35:45.949233+00:00,2026-09-22T14:35:45.949233+00:00,KXHIGHNY-26SEP23-B71.5,0.0,,0.03,11.0,0.04,6.0,0.010000000000000002,0.035,0.96,6.0,0.97,11.0,0.010000000000000009,0.965,865.0,3026.0,3026.0,865.0,,OK,,KXHIGHNY-26SEP23,2026-09-24T05:00:00Z,active,True
2026-09-22T14:35:45.949233+00:00,2026-09-22T14:35:45.949233+00:00,KXHIGHNY-26SEP23-B69.5,0.0,,0.09,51.0,0.11,39.0,0.020000000000000004,0.1,0.89,39.0,0.91,51.0,0.020000000000000018,0.9,2497.95,1642.0,1642.0,2497.95,,OK,,KXHIGHNY-26SEP23,2026-09-24T05:00:00Z,active,True
2026-09-22T14:35:45.949233+00:00,2026-09-22T14:35:45.949233+00:00,KXHIGHNY-26SEP23-B67.5,0.0,,0.37,63.0,0.39,3.24,0.020000000000000018,0.38,0.61,3.24,0.63,63.0,0.020000000000000018,0.62,2210.0,1836.24,1836.24,2210.0,,OK,,KXHIGHNY-26SEP23,2026-09-24T05:00:00Z,active,True
2026-09-22T14:35:45.949233+00:00,2026-09-22T14:35:45.949233+00:00,KXHIGHNY-26SEP23-B65.5,0.0,,0.34,6.0,0.35,1.0,0.009999999999999953,0.345,0.65,1.0,0.66,6.0,0.010000000000000009,0.655,2015.0,1354.0,1354.0,2015.0,,OK,,KXHIGHNY-26SEP23,2026-09-24T05:00:00Z,active,True
2026-09-22T14:35:45.949233+00:00,2026-09-22T14:35:45.949233+00:00,KXHIGHNY-26SEP22-T70,0.0,,,,0.01,14751.43,,,0.99,14751.43,,,,,0.0,29019.730000000003,29019.730000000003,0.0,,OK,,KXHIGHNY-26SEP22,2026-09-23T05:00:00Z,active,True
2026-09-22T14:35:45.949233+00:00,2026-09-22T14:35:45.949233+00:00,KXHIGHNY-26SEP22-T63,0.0,,0.01,1186.62,0.02,3.0,0.01,0.015,0.98,3.0,0.99,1186.62,0.010000000000000009,0.985,1186.62,938.0,938.0,1186.62,,OK,,KXHIGHNY-26SEP22,2026-09-23T05:00:00Z,active,True
2026-09-22T14:35:45.949233+00:00,2026-09-22T14:35:45.949233+00:00,KXHIGHNY-26SEP22-B69.5,0.0,,0.06,76.0,0.07,15.0,0.010000000000000009,0.065,0.93,15.0,0.94,76.0,0.009999999999999898,0.935,908.44,786.44,786.44,908.44,,OK,,KXHIGHNY-26SEP22,2026-09-23T05:00:00Z,active,True
2026-09-22T14:35:45.949233+00:00,2026-09-22T14:35:45.949233+00:00,KXHIGHNY-26SEP22-B67.5,0.0,,0.38,79.0,0.4,38.0,0.020000000000000018,0.39,0.6,38.0,0.62,79.0,0.020000000000000018,0.61,2148.8999999999996,489.0,489.0,2148.8999999999996,,OK,,KXHIGHNY-26SEP22,2026-09-23T05:00:00Z,active,True
2026-09-22T14:35:45.949233+00:00,2026-09-22T14:35:45.949233+00:00,KXHIGHNY-26SEP22-B65.5,0.0,,0.45,5.0,0.46,20.0,0.010000000000000009,0.455,0.54,20.0,0.55,5.0,0.010000000000000009,0.545,1239.25,1419.2,1419.2,1239.25,,OK,,KXHIGHNY-26SEP22,2026-09-23T05:00:00Z,active,True
2026-09-22T14:35:45.949233+00:00,2026-09-22T14:35:45.949233+00:00,KXHIGHNY-26SEP22-B63.5,0.0,,0.1,93.23,0.11,30.0,0.009999999999999995,0.10500000000000001,0.89,30.0,0.9,93.23,0.010000000000000009,0.895,1723.62,597.99,597.99,1723.62,,OK,,KXHIGHNY-26SEP22,2026-09-23T05:00:00Z,active,True
2026-09-22T18:41:49.012526+00:00,2026-09-22T18:41:49.012526+00:00,KXHIGHNY-26SEP23-T72,0.0,,0.01,62.67,0.02,751.54,0.01,0.015,0.98,751.54,0.99,62.67,0.010000000000000009,0.985,62.67,3655.29,3655.29,62.67,,OK,,KXHIGHNY-26SEP23,2026-09-24T05:00:00Z,active,True
2026-09-22T18:41:49.012526+00:00,2026-09-22T18:41:49.012526+00:00,KXHIGHNY-26SEP23-T65,0.0,,0.03,435.0,0.05,316.0,0.020000000000000004,0.04,0.95,316.0,0.97,435.0,0.020000000000000018,0.96,2425.0,1376.51,1376.51,2425.0,,OK,,KXHIGHNY-26SEP23,2026-09-24T05:00:00Z,active,True
2026-09-22T18:41:49.012526+00:00,2026-09-22T18:41:49.012526+00:00,KXHIGHNY-26SEP23-B71.5,0.0,,0.02,47.85,0.03,291.3,0.009999999999999998,0.025,0.97,291.3,0.98,47.85,0.010000000000000009,0.975,752.25,1733.02,1733.02,752.25,,OK,,KXHIGHNY-26SEP23,2026-09-24T05:00:00Z,active,True
2026-09-22T18:41:49.012526+00:00,2026-09-22T18:41:49.012526+00:00,KXHIGHNY-26SEP23-B69.5,0.0,,0.09,182.31,0.1,1.0,0.010000000000000009,0.095,0.9,1.0,0.91,182.31,0.010000000000000009,0.905,5493.09,1174.25,1174.25,5493.09,,OK,,KXHIGHNY-26SEP23,2026-09-24T05:00:00Z,active,True
2026-09-22T18:41:49.012526+00:00,2026-09-22T18:41:49.012526+00:00,KXHIGHNY-26SEP23-B67.5,0.0,,0.54,295.36,0.55,118.91,0.010000000000000009,0.545,0.45,118.91,0.46,295.36,0.010000000000000009,0.455,1071.4899999999998,2343.31,2343.31,1071.4899999999998,,OK,,KXHIGHNY-26SEP23,2026-09-24T05:00:00Z,active,True
2026-09-22T18:41:49.012526+00:00,2026-09-22T18:41:49.012526+00:00,KXHIGHNY-26SEP23-B65.5,0.0,,0.26,0.31,0.27,111.39,0.010000000000000009,0.265,0.73,111.39,0.74,0.31,0.010000000000000009,0.735,2143.3899999999994,1105.49,1105.49,2143.3899999999994,,OK,,KXHIGHNY-26SEP23,2026-09-24T05:00:00Z,active,True
2026-09-22T18:41:49.012526+00:00,2026-09-22T18:41:49.012526+00:00,KXHIGHNY-26SEP22-T70,0.0,,,,0.01,658.0,,,0.99,658.0,,,,,0.0,1723.3,1723.3,0.0,,OK,,KXHIGHNY-26SEP22,2026-09-23T05:00:00Z,active,True
2026-09-22T18:41:49.012526+00:00,2026-09-22T18:41:49.012526+00:00,KXHIGHNY-26SEP22-T63,0.0,,,,0.01,125565.74,,,0.99,125565.74,,,,,0.0,127923.74,127923.74,0.0,,OK,,KXHIGHNY-26SEP22,2026-09-23T05:00:00Z,active,True
2026-09-22T18:41:49.012526+00:00,2026-09-22T18:41:49.012526+00:00,KXHIGHNY-26SEP22-B69.5,0.0,,0.04,64.0,0.08,36.0,0.04,0.06,0.92,36.0,0.96,64.0,0.039999999999999925,0.94,236.0,2228.81,2228.81,236.0,,OK,,KXHIGHNY-26SEP22,2026-09-23T05:00:00Z,active,True
2026-09-22T18:41:49.012526+00:00,2026-09-22T18:41:49.012526+00:00,KXHIGHNY-26SEP22-B67.5,0.0,,0.93,755.0,0.94,358.91,0.009999999999999898,0.935,0.06,358.91,0.07,755.0,0.010000000000000009,0.065,4029.83,3226.33,3226.33,4029.83,,OK,,KXHIGHNY-26SEP22,2026-09-23T05:00:00Z,active,True
2026-09-22T18:41:49.012526+00:00,2026-09-22T18:41:49.012526+00:00,KXHIGHNY-26SEP22-B65.5,0.0,,,,0.01,48261.3,,,0.99,48261.3,,,,,0.0,50214.33,50214.33,0.0,,OK,,KXHIGHNY-26SEP22,2026-09-23T05:00:00Z,active,True
2026-09-22T18:41:49.012526+00:00,2026-09-22T18:41:49.012526+00:00,KXHIGHNY-26SEP22-B63.5,0.0,,,,0.01,73419.86,,,0.99,73419.86,,,,,0.0,76518.3,76518.3,0.0,,OK,,KXHIGHNY-26SEP22,2026-09-23T05:00:00Z,active,True
2026-09-22T21:55:55.126077+00:00,2026-09-22T21:55:55.126077+00:00,KXHIGHNY-26SEP23-T72,0.0,,0.01,72.67,0.02,260.84,0.01,0.015,0.98,260.84,0.99,72.67,0.010000000000000009,0.985,72.67,3095.84,3095.84,72.67,,OK,,KXHIGHNY-26SEP23,2026-09-24T05:00:00Z,active,True
2026-09-22T21:55:55.126077+00:00,2026-09-22T21:55:55.126077+00:00,KXHIGHNY-26SEP23-T65,0.0,,0.06,15.36,0.07,141.0,0.010000000000000009,0.065,0.93,141.0,0.94,15.36,0.009999999999999898,0.935,3001.06,1565.7,1565.7,3001.06,,OK,,KXHIGHNY-26SEP23,2026-09-24T05:00:00Z,active,True
2026-09-22T21:55:55.126077+00:00,2026-09-22T21:55:55.126077+00:00,KXHIGHNY-26SEP23-B71.5,0.0,,0.02,108.84,0.03,106.55,0.009999999999999998,0.025,0.97,106.55,0.98,108.84,0.010000000000000009,0.975,831.74,1864.55,1864.55,831.74,,OK,,KXHIGHNY-26SEP23,2026-09-24T05:00:00Z,active,True
2026-09-22T21:55:55.126077+00:00,2026-09-22T21:55:55.126077+00:00,KXHIGHNY-26SEP23-B69.5,0.0,,0.13,99.1,0.14,94.0,0.010000000000000009,0.135,0.86,94.0,0.87,99.1,0.010000000000000009,0.865,4437.889999999999,813.0799999999999,813.0799999999999,4437.889999999999,,OK,,KXHIGHNY-26SEP23,2026-09-24T05:00:00Z,active,True
2026-09-22T21:55:55.126077+00:00,2026-09-22T21:55:55.126077+00:00,KXHIGHNY-26SEP23-B67.5,0.0,,0.49,108.96,0.5,29.0,0.010000000000000009,0.495,0.5,29.0,0.51,108.96,0.010000000000000009,0.505,1065.96,869.8499999999999,869.8499999999999,1065.96,,OK,,KXHIGHNY-26SEP23,2026-09-24T05:00:00Z,active,True
2026-09-22T21:55:55.126077+00:00,2026-09-22T21:55:55.126077+00:00,KXHIGHNY-26SEP23-B65.5,0.0,,0.25,55.0,0.26,54.0,0.010000000000000009,0.255,0.74,54.0,0.75,55.0,0.010000000000000009,0.745,2355.0,1915.7,1915.7,2355.0,,OK,,KXHIGHNY-26SEP23,2026-09-24T05:00:00Z,active,True
2026-09-22T21:55:55.126077+00:00,2026-09-22T21:55:55.126077+00:00,KXHIGHNY-26SEP22-T70,0.0,,,,0.01,2266.51,,,0.99,2266.51,,,,,0.0,5431.81,5431.81,0.0,,OK,,KXHIGHNY-26SEP22,2026-09-23T05:00:00Z,active,True
2026-09-22T21:55:55.126077+00:00,2026-09-22T21:55:55.126077+00:00,KXHIGHNY-26SEP22-T63,0.0,,,,0.01,325767.74,,,0.99,325767.74,,,,,0.0,327640.64999999997,327640.64999999997,0.0,,OK,,KXHIGHNY-26SEP22,2026-09-23T05:00:00Z,active,True
2026-09-22T21:55:55.126077+00:00,2026-09-22T21:55:55.126077+00:00,KXHIGHNY-26SEP22-B69.5,0.0,,,,0.01,4731.9,,,0.99,4731.9,,,,,0.0,5772.3,5772.3,0.0,,OK,,KXHIGHNY-26SEP22,2026-09-23T05:00:00Z,active,True
2026-09-22T21:55:55.126077+00:00,2026-09-22T21:55:55.126077+00:00,KXHIGHNY-26SEP22-B67.5,0.0,,0.99,8956.95,,,,,,,0.01,8956.95,,,10784.630000000001,0.0,0.0,10784.630000000001,,OK,,KXHIGHNY-26SEP22,2026-09-23T05:00:00Z,active,True
2026-09-22T21:55:55.126077+00:00,2026-09-22T21:55:55.126077+00:00,KXHIGHNY-26SEP22-B65.5,0.0,,,,0.01,146325.57,,,0.99,146325.57,,,,,0.0,148437.97999999998,148437.97999999998,0.0,,OK,,KXHIGHNY-26SEP22,2026-09-23T05:00:00Z,active,True
2026-09-22T21:55:55.126077+00:00,2026-09-22T21:55:55.126077+00:00,KXHIGHNY-26SEP22-B63.5,0.0,,,,0.01,173467.1,,,0.99,173467.1,,,,,0.0,176151.37000000002,176151.37000000002,0.0,,OK,,KXHIGHNY-26SEP22,2026-09-23T05:00:00Z,active,True
2026-09-23T00:13:51.494794+00:00,2026-09-23T00:13:51.494794+00:00,KXHIGHNY-26SEP23-T72,0.0,,,,0.01,341.33,,,0.99,341.33,,,,,0.0,4257.1,4257.1,0.0,,OK,,KXHIGHNY-26SEP23,2026-09-24T05:00:00Z,active,True
2026-09-23T00:13:51.494794+00:00,2026-09-23T00:13:51.494794+00:00,KXHIGHNY-26SEP23-T65,0.0,,0.04,48.0,0.05,154.0,0.010000000000000002,0.045,0.95,154.0,0.96,48.0,0.010000000000000009,0.955,1986.9,1191.14,1191.14,1986.9,,OK,,KXHIGHNY-26SEP23,2026-09-24T05:00:00Z,active,True
2026-09-23T00:13:51.494794+00:00,2026-09-23T00:13:51.494794+00:00,KXHIGHNY-26SEP23-B71.5,0.0,,0.02,95.84,0.03,277.75,0.009999999999999998,0.025,0.97,277.75,0.98,95.84,0.010000000000000009,0.975,876.14,1748.84,1748.84,876.14,,OK,,KXHIGHNY-26SEP23,2026-09-24T05:00:00Z,active,True
2026-09-23T00:13:51.494794+00:00,2026-09-23T00:13:51.494794+00:00,KXHIGHNY-26SEP23-B69.5,0.0,,0.13,29.14,0.14,225.0,0.010000000000000009,0.135,0.86,225.0,0.87,29.14,0.010000000000000009,0.865,4281.29,1104.19,1104.19,4281.29,,OK,,KXHIGHNY-26SEP23,2026-09-24T05:00:00Z,active,True
2026-09-23T00:13:51.494794+00:00,2026-09-23T00:13:51.494794+00:00,KXHIGHNY-26SEP23-B67.5,0.0,,0.5,63.0,0.51,83.11,0.010000000000000009,0.505,0.49,83.11,0.5,63.0,0.010000000000000009,0.495,738.1300000000001,1944.06,1944.06,738.1300000000001,,OK,,KXHIGHNY-26SEP23,2026-09-24T05:00:00Z,active,True
2026-09-23T00:13:51.494794+00:00,2026-09-23T00:13:51.494794+00:00,KXHIGHNY-26SEP23-B65.5,0.0,,0.28,85.0,0.3,123.0,0.019999999999999962,0.29000000000000004,0.7,123.0,0.72,85.0,0.020000000000000018,0.71,2015.95,1680.65,1680.65,2015.95,,OK,,KXHIGHNY-26SEP23,2026-09-24T05:00:00Z,active,True
2026-09-23T00:13:51.494794+00:00,2026-09-23T00:13:51.494794+00:00,KXHIGHNY-26SEP22-T70,0.0,,,,0.01,10028.51,,,0.99,10028.51,,,,,0.0,13177.810000000001,13177.810000000001,0.0,,OK,,KXHIGHNY-26SEP22,2026-09-23T05:00:00Z,active,True
2026-09-23T00:13:51.494794+00:00,2026-09-23T00:13:51.494794+00:00,KXHIGHNY-26SEP22-T63,0.0,,,,0.01,325672.68,,,0.99,325672.68,,,,,0.0,327510.58999999997,327510.58999999997,0.0,,OK,,KXHIGHNY-26SEP22,2026-09-23T05:00:00Z,active,True
2026-09-23T00:13:51.494794+00:00,2026-09-23T00:13:51.494794+00:00,KXHIGHNY-26SEP22-B69.5,0.0,,,,0.01,10300.2,,,0.99,10300.2,,,,,0.0,11340.6,11340.6,0.0,,OK,,KXHIGHNY-26SEP22,2026-09-23T05:00:00Z,active,True
2026-09-23T00:13:51.494794+00:00,2026-09-23T00:13:51.494794+00:00,KXHIGHNY-26SEP22-B67.5,0.0,,0.99,13481.66,,,,,,,0.01,13481.66,,,15264.34,0.0,0.0,15264.34,,OK,,KXHIGHNY-26SEP22,2026-09-23T05:00:00Z,active,True
2026-09-23T00:13:51.494794+00:00,2026-09-23T00:13:51.494794+00:00,KXHIGHNY-26SEP22-B65.5,0.0,,,,0.01,146073.58,,,0.99,146073.58,,,,,0.0,148259.73999999996,148259.73999999996,0.0,,OK,,KXHIGHNY-26SEP22,2026-09-23T05:00:00Z,active,True
2026-09-23T00:13:51.494794+00:00,2026-09-23T00:13:51.494794+00:00,KXHIGHNY-26SEP22-B63.5,0.0,,,,0.01,172745.6,,,0.99,172745.6,,,,,0.0,175599.4,175599.4,0.0,,OK,,KXHIGHNY-26SEP22,2026-09-23T05:00:00Z,active,True
2026-09-23T05:45:02.275891+00:00,2026-09-23T05:45:02.275891+00:00,KXHIGHNY-26SEP23-T72,0.0,,,,0.01,541.0,,,0.99,541.0,,,,,0.0,2838.6800000000003,2838.6800000000003,0.0,,OK,,KXHIGHNY-26SEP23,2026-09-24T05:00:00Z,active,True
2026-09-23T05:45:02.275891+00:00,2026-09-23T05:45:02.275891+00:00,KXHIGHNY-26SEP23-T65,0.0,,0.03,145.0,0.04,242.0,0.010000000000000002,0.035,0.96,242.0,0.97,145.0,0.010000000000000009,0.965,1983.0,1053.7,1053.7,1983.0,,OK,,KXHIGHNY-26SEP23,2026-09-24T05:00:00Z,active,True
2026-09-23T05:45:02.275891+00:00,2026-09-23T05:45:02.275891+00:00,KXHIGHNY-26SEP23-B71.5,0.0,,0.01,653.7,0.02,84.0,0.01,0.015,0.98,84.0,0.99,653.7,0.010000000000000009,0.985,653.7,1587.55,1587.55,653.7,,OK,,KXHIGHNY-26SEP23,2026-09-24T05:00:00Z,active,True
2026-09-23T05:45:02.275891+00:00,2026-09-23T05:45:02.275891+00:00,KXHIGHNY-26SEP23-B69.5,0.0,,0.07,100.0,0.08,73.0,0.009999999999999995,0.07500000000000001,0.92,73.0,0.93,100.0,0.010000000000000009,0.925,3196.0,784.0,784.0,3196.0,,OK,,KXHIGHNY-26SEP23,2026-09-24T05:00:00Z,active,True
2026-09-23T05:45:02.275891+00:00,2026-09-23T05:45:02.275891+00:00,KXHIGHNY-26SEP23-B67.5,0.0,,0.51,81.0,0.52,148.0,0.010000000000000009,0.515,0.48,148.0,0.49,81.0,0.010000000000000009,0.485,594.0,2253.54,2253.54,594.0,,OK,,KXHIGHNY-26SEP23,2026-09-24T05:00:00Z,active,True
2026-09-23T05:45:02.275891+00:00,2026-09-23T05:45:02.275891+00:00,KXHIGHNY-26SEP23-B65.5,0.0,,0.29,160.2,0.3,27.0,0.010000000000000009,0.295,0.7,27.0,0.71,160.2,0.010000000000000009,0.705,2009.2,1175.0,1175.0,2009.2,,OK,,KXHIGHNY-26SEP23,2026-09-24T05:00:00Z,active,True
2026-09-23T11:15:42.805498+00:00,2026-09-23T11:15:42.805498+00:00,KXHIGHNY-26SEP23-T72,0.0,,,,0.01,2523.09,,,0.99,2523.09,,,,,0.0,6338.77,6338.77,0.0,,OK,,KXHIGHNY-26SEP23,2026-09-24T05:00:00Z,active,True
2026-09-23T11:15:42.805498+00:00,2026-09-23T11:15:42.805498+00:00,KXHIGHNY-26SEP23-T65,0.0,,0.03,97.74,0.05,81.0,0.020000000000000004,0.04,0.95,81.0,0.97,97.74,0.020000000000000018,0.96,1705.74,1061.93,1061.93,1705.74,,OK,,KXHIGHNY-26SEP23,2026-09-24T05:00:00Z,active,True
2026-09-23T11:15:42.805498+00:00,2026-09-23T11:15:42.805498+00:00,KXHIGHNY-26SEP23-B71.5,0.0,,0.01,113.74,0.02,131.33,0.01,0.015,0.98,131.33,0.99,113.74,0.010000000000000009,0.985,113.74,1925.3000000000002,1925.3000000000002,113.74,,OK,,KXHIGHNY-26SEP23,2026-09-24T05:00:00Z,active,True
2026-09-23T11:15:42.805498+00:00,2026-09-23T11:15:42.805498+00:00,KXHIGHNY-26SEP23-B69.5,0.0,,0.11,76.0,0.12,91.0,0.009999999999999995,0.11499999999999999,0.88,91.0,0.89,76.0,0.010000000000000009,0.885,2639.9,629.9200000000001,629.9200000000001,2639.9,,OK,,KXHIGHNY-26SEP23,2026-09-24T05:00:00Z,active,True
2026-09-23T11:15:42.805498+00:00,2026-09-23T11:15:42.805498+00:00,KXHIGHNY-26SEP23-B67.5,0.0,,0.47,316.37,0.48,7.0,0.010000000000000009,0.475,0.52,7.0,0.53,316.37,0.010000000000000009,0.525,1724.07,1892.14,1892.14,1724.07,,OK,,KXHIGHNY-26SEP23,2026-09-24T05:00:00Z,active,True
2026-09-23T11:15:42.805498+00:00,2026-09-23T11:15:42.805498+00:00,KXHIGHNY-26SEP23-B65.5,0.0,,0.41,73.7,0.43,32.0,0.020000000000000018,0.42,0.57,32.0,0.59,73.7,0.020000000000000018,0.58,726.71,2122.34,2122.34,726.71,,OK,,KXHIGHNY-26SEP23,2026-09-24T05:00:00Z,active,True
2026-09-23T16:37:28.932403+00:00,2026-09-23T16:37:28.932403+00:00,KXHIGHNY-26SEP24-T73,0.0,,,,0.01,1875.72,,,0.99,1875.72,,,,,0.0,3345.7200000000003,3345.7200000000003,0.0,,OK,,KXHIGHNY-26SEP24,2026-09-25T05:00:00Z,active,True
2026-09-23T16:37:28.932403+00:00,2026-09-23T16:37:28.932403+00:00,KXHIGHNY-26SEP24-T66,0.0,,0.19,70.0,0.21,84.0,0.01999999999999999,0.2,0.79,84.0,0.81,70.0,0.020000000000000018,0.8,3681.0,716.5699999999999,716.5699999999999,3681.0,,OK,,KXHIGHNY-26SEP24,2026-09-25T05:00:00Z,active,True
2026-09-23T16:37:28.932403+00:00,2026-09-23T16:37:28.932403+00:00,KXHIGHNY-26SEP24-B72.5,0.0,,0.02,287.56,0.03,298.1,0.009999999999999998,0.025,0.97,298.1,0.98,287.56,0.010000000000000009,0.975,761.24,1971.4299999999998,1971.4299999999998,761.24,,OK,,KXHIGHNY-26SEP24,2026-09-25T05:00:00Z,active,True
2026-09-23T16:37:28.932403+00:00,2026-09-23T16:37:28.932403+00:00,KXHIGHNY-26SEP24-B70.5,0.0,,0.06,369.0,0.07,1.0,0.010000000000000009,0.065,0.93,1.0,0.94,369.0,0.009999999999999898,0.935,2311.45,2164.7599999999998,2164.7599999999998,2311.45,,OK,,KXHIGHNY-26SEP24,2026-09-25T05:00:00Z,active,True
2026-09-23T16:37:28.932403+00:00,2026-09-23T16:37:28.932403+00:00,KXHIGHNY-26SEP24-B68.5,0.0,,0.33,1.0,0.34,12.0,0.010000000000000009,0.335,0.66,12.0,0.67,1.0,0.010000000000000009,0.665,684.99,682.0,682.0,684.99,,OK,,KXHIGHNY-26SEP24,2026-09-25T05:00:00Z,active,True
2026-09-23T16:37:28.932403+00:00,2026-09-23T16:37:28.932403+00:00,KXHIGHNY-26SEP24-B66.5,0.0,,0.36,6.0,0.4,75.0,0.040000000000000036,0.38,0.6,75.0,0.64,6.0,0.040000000000000036,0.62,1300.0,1730.45,1730.45,1300.0,,OK,,KXHIGHNY-26SEP24,2026-09-25T05:00:00Z,active,True
2026-09-23T16:37:28.932403+00:00,2026-09-23T16:37:28.932403+00:00,KXHIGHNY-26SEP23-T72,0.0,,,,0.01,10187.03,,,0.99,10187.03,,,,,0.0,12075.710000000001,12075.710000000001,0.0,,OK,,KXHIGHNY-26SEP23,2026-09-24T05:00:00Z,active,True
2026-09-23T16:37:28.932403+00:00,2026-09-23T16:37:28.932403+00:00,KXHIGHNY-26SEP23-T65,0.0,,,,0.01,11313.0,,,0.99,11313.0,,,,,0.0,17352.7,17352.7,0.0,,OK,,KXHIGHNY-26SEP23,2026-09-24T05:00:00Z,active,True
2026-09-23T16:37:28.932403+00:00,2026-09-23T16:37:28.932403+00:00,KXHIGHNY-26SEP23-B71.5,0.0,,,,0.01,14785.27,,,0.99,14785.27,,,,,0.0,16055.58,16055.58,0.0,,OK,,KXHIGHNY-26SEP23,2026-09-24T05:00:00Z,active,True
2026-09-23T16:37:28.932403+00:00,2026-09-23T16:37:28.932403+00:00,KXHIGHNY-26SEP23-B69.5,0.0,,0.03,106.03,0.04,144.0,0.010000000000000002,0.035,0.96,144.0,0.97,106.03,0.010000000000000009,0.965,9815.25,1680.33,1680.33,9815.25,,OK,,KXHIGHNY-26SEP23,2026-09-24T05:00:00Z,active,True
2026-09-23T16:37:28.932403+00:00,2026-09-23T16:37:28.932403+00:00,KXHIGHNY-26SEP23-B67.5,0.0,,0.64,40.0,0.65,17.48,0.010000000000000009,0.645,0.35,17.48,0.36,40.0,0.010000000000000009,0.355,1412.52,2079.35,2079.35,1412.52,,OK,,KXHIGHNY-26SEP23,2026-09-24T05:00:00Z,active,True
2026-09-23T16:37:28.932403+00:00,2026-09-23T16:37:28.932403+00:00,KXHIGHNY-26SEP23-B65.5,0.0,,0.27,18.0,0.3,81.0,0.02999999999999997,0.28500000000000003,0.7,81.0,0.73,18.0,0.030000000000000027,0.715,2689.63,843.3199999999999,843.3199999999999,2689.63,,OK,,KXHIGHNY-26SEP23,2026-09-24T05:00:00Z,active,True
2026-09-23T20:06:21.882183+00:00,2026-09-23T20:06:21.882183+00:00,KXHIGHNY-26SEP24-T73,0.0,,,,0.01,1825.72,,,0.99,1825.72,,,,,0.0,3515.95,3515.95,0.0,,OK,,KXHIGHNY-26SEP24,2026-09-25T05:00:00Z,active,True
2026-09-23T20:06:21.882183+00:00,2026-09-23T20:06:21.882183+00:00,KXHIGHNY-26SEP24-T66,0.0,,0.16,71.26,0.17,371.0,0.010000000000000009,0.165,0.83,371.0,0.84,71.26,0.010000000000000009,0.835,4054.26,1006.0,1006.0,4054.26,,OK,,KXHIGHNY-26SEP24,2026-09-25T05:00:00Z,active,True
2026-09-23T20:06:21.882183+00:00,2026-09-23T20:06:21.882183+00:00,KXHIGHNY-26SEP24-B72.5,0.0,,0.02,323.22,0.03,349.0,0.009999999999999998,0.025,0.97,349.0,0.98,323.22,0.010000000000000009,0.975,796.9000000000001,1437.21,1437.21,796.9000000000001,,OK,,KXHIGHNY-26SEP24,2026-09-25T05:00:00Z,active,True
2026-09-23T20:06:21.882183+00:00,2026-09-23T20:06:21.882183+00:00,KXHIGHNY-26SEP24-B70.5,0.0,,0.07,373.69,0.08,119.29,0.009999999999999995,0.07500000000000001,0.92,119.29,0.93,373.69,0.010000000000000009,0.925,2125.69,768.11,768.11,2125.69,,OK,,KXHIGHNY-26SEP24,2026-09-25T05:00:00Z,active,True
2026-09-23T20:06:21.882183+00:00,2026-09-23T20:06:21.882183+00:00,KXHIGHNY-26SEP24-B68.5,0.0,,0.3,149.86,0.31,67.94,0.010000000000000009,0.305,0.69,67.94,0.7,149.86,0.010000000000000009,0.695,1865.92,1835.44,1835.44,1865.92,,OK,,KXHIGHNY-26SEP24,2026-09-25T05:00:00Z,active,True
2026-09-23T20:06:21.882183+00:00,2026-09-23T20:06:21.882183+00:00,KXHIGHNY-26SEP24-B66.5,0.0,,0.43,84.3,0.44,32.0,0.010000000000000009,0.435,0.56,32.0,0.57,84.3,0.009999999999999898,0.565,908.3,1702.6,1702.6,908.3,,OK,,KXHIGHNY-26SEP24,2026-09-25T05:00:00Z,active,True
2026-09-23T20:06:21.882183+00:00,2026-09-23T20:06:21.882183+00:00,KXHIGHNY-26SEP23-T72,0.0,,,,0.01,24487.37,,,0.99,24487.37,,,,,0.0,31392.05,31392.05,0.0,,OK,,KXHIGHNY-26SEP23,2026-09-24T05:00:00Z,active,True
2026-09-23T20:06:21.882183+00:00,2026-09-23T20:06:21.882183+00:00,KXHIGHNY-26SEP23-T65,0.0,,,,0.01,106206.02,,,0.99,106206.02,,,,,0.0,108144.64,108144.64,0.0,,OK,,KXHIGHNY-26SEP23,2026-09-24T05:00:00Z,active,True
2026-09-23T20:06:21.882183+00:00,2026-09-23T20:06:21.882183+00:00,KXHIGHNY-26SEP23-B71.5,0.0,,,,0.01,46.0,,,0.99,46.0,,,,,0.0,1691.31,1691.31,0.0,,OK,,KXHIGHNY-26SEP23,2026-09-24T05:00:00Z,active,True
2026-09-23T20:06:21.882183+00:00,2026-09-23T20:06:21.882183+00:00,KXHIGHNY-26SEP23-B69.5,0.0,,0.01,460.01,0.02,6.0,0.01,0.015,0.98,6.0,0.99,460.01,0.010000000000000009,0.985,460.01,1905.37,1905.37,460.01,,OK,,KXHIGHNY-26SEP23,2026-09-24T05:00:00Z,active,True
2026-09-23T20:06:21.882183+00:00,2026-09-23T20:06:21.882183+00:00,KXHIGHNY-26SEP23-B67.5,0.0,,0.74,22.0,0.78,13.0,0.040000000000000036,0.76,0.22,13.0,0.26,22.0,0.04000000000000001,0.24,1495.26,3627.54,3627.54,1495.26,,OK,,KXHIGHNY-26SEP23,2026-09-24T05:00:00Z,active,True
2026-09-23T20:06:21.882183+00:00,2026-09-23T20:06:21.882183+00:00,KXHIGHNY-26SEP23-B65.5,0.0,,0.22,1.0,0.24,181.15,0.01999999999999999,0.22999999999999998,0.76,181.15,0.78,1.0,0.020000000000000018,0.77,1720.8400000000001,3408.79,3408.79,1720.8400000000001,,OK,,KXHIGHNY-26SEP23,2026-09-24T05:00:00Z,active,True
2026-09-23T22:54:56.582454+00:00,2026-09-23T22:54:56.582454+00:00,KXHIGHNY-26SEP24-T73,0.0,,,,0.01,15424.72,,,0.99,15424.72,,,,,0.0,16982.280000000002,16982.280000000002,0.0,,OK,,KXHIGHNY-26SEP24,2026-09-25T05:00:00Z,active,True
2026-09-23T22:54:56.582454+00:00,2026-09-23T22:54:56.582454+00:00,KXHIGHNY-26SEP24-T66,0.0,,0.15,54.0,0.16,168.0,0.010000000000000009,0.155,0.84,168.0,0.85,54.0,0.010000000000000009,0.845,3203.0,770.2800000000001,770.2800000000001,3203.0,,OK,,KXHIGHNY-26SEP24,2026-09-25T05:00:00Z,active,True
2026-09-23T22:54:56.582454+00:00,2026-09-23T22:54:56.582454+00:00,KXHIGHNY-26SEP24-B72.5,0.0,,0.02,249.22,0.03,356.0,0.009999999999999998,0.025,0.97,356.0,0.98,249.22,0.010000000000000009,0.975,695.9,1388.33,1388.33,695.9,,OK,,KXHIGHNY-26SEP24,2026-09-25T05:00:00Z,active,True
2026-09-23T22:54:56.582454+00:00,2026-09-23T22:54:56.582454+00:00,KXHIGHNY-26SEP24-B70.5,0.0,,0.07,406.0,0.08,36.0,0.009999999999999995,0.07500000000000001,0.92,36.0,0.93,406.0,0.010000000000000009,0.925,2681.35,1726.82,1726.82,2681.35,,OK,,KXHIGHNY-26SEP24,2026-09-25T05:00:00Z,active,True
2026-09-23T22:54:56.582454+00:00,2026-09-23T22:54:56.582454+00:00,KXHIGHNY-26SEP24-B68.5,0.0,,0.31,15.86,0.32,55.0,0.010000000000000009,0.315,0.68,55.0,0.69,15.86,0.009999999999999898,0.685,1774.37,847.8,847.8,1774.37,,OK,,KXHIGHNY-26SEP24,2026-09-25T05:00:00Z,active,True
2026-09-23T22:54:56.582454+00:00,2026-09-23T22:54:56.582454+00:00,KXHIGHNY-26SEP24-B66.5,0.0,,0.46,107.55,0.47,7.05,0.009999999999999953,0.46499999999999997,0.53,7.05,0.54,107.55,0.010000000000000009,0.535,841.45,934.1800000000001,934.1800000000001,841.45,,OK,,KXHIGHNY-26SEP24,2026-09-25T05:00:00Z,active,True
2026-09-23T22:54:56.582454+00:00,2026-09-23T22:54:56.582454+00:00,KXHIGHNY-26SEP23-T72,0.0,,,,0.01,22601.4,,,0.99,22601.4,,,,,0.0,24320.08,24320.08,0.0,,OK,,KXHIGHNY-26SEP23,2026-09-24T05:00:00Z,active,True
2026-09-23T22:54:56.582454+00:00,2026-09-23T22:54:56.582454+00:00,KXHIGHNY-26SEP23-T65,0.0,,,,0.01,305976.97,,,0.99,305976.97,,,,,0.0,307227.58999999997,307227.58999999997,0.0,,OK,,KXHIGHNY-26SEP23,2026-09-24T05:00:00Z,active,True
2026-09-23T22:54:56.582454+00:00,2026-09-23T22:54:56.582454+00:00,KXHIGHNY-26SEP23-B71.5,0.0,,,,0.01,14938.83,,,0.99,14938.83,,,,,0.0,20252.14,20252.14,0.0,,OK,,KXHIGHNY-26SEP23,2026-09-24T05:00:00Z,active,True
2026-09-23T22:54:56.582454+00:00,2026-09-23T22:54:56.582454+00:00,KXHIGHNY-26SEP23-B69.5,0.0,,,,0.02,931.37,,,0.98,931.37,,,,,0.0,2911.4900000000002,2911.4900000000002,0.0,,OK,,KXHIGHNY-26SEP23,2026-09-24T05:00:00Z,active,True
2026-09-23T22:54:56.582454+00:00,2026-09-23T22:54:56.582454+00:00,KXHIGHNY-26SEP23-B67.5,0.0,,0.98,554.79,,,,,,,0.02,554.79,,,1633.3799999999999,0.0,0.0,1633.3799999999999,,OK,,KXHIGHNY-26SEP23,2026-09-24T05:00:00Z,active,True
2026-09-23T22:54:56.582454+00:00,2026-09-23T22:54:56.582454+00:00,KXHIGHNY-26SEP23-B65.5,0.0,,,,0.01,203288.2,,,0.99,203288.2,,,,,0.0,205234.62000000002,205234.62000000002,0.0,,OK,,KXHIGHNY-26SEP23,2026-09-24T05:00:00Z,active,True
2026-09-24T01:16:44.065264+00:00,2026-09-24T01:16:44.065264+00:00,KXHIGHNY-26SEP24-T73,0.0,,,,0.01,15598.72,,,0.99,15598.72,,,,,0.0,17200.77,17200.77,0.0,,OK,,KXHIGHNY-26SEP24,2026-09-25T05:00:00Z,active,True
2026-09-24T01:16:44.065264+00:00,2026-09-24T01:16:44.065264+00:00,KXHIGHNY-26SEP24-T66,0.0,,0.09,62.0,0.1,136.0,0.010000000000000009,0.095,0.9,136.0,0.91,62.0,0.010000000000000009,0.905,3110.0,1192.83,1192.83,3110.0,,OK,,KXHIGHNY-26SEP24,2026-09-25T05:00:00Z,active,True
2026-09-24T01:16:44.065264+00:00,2026-09-24T01:16:44.065264+00:00,KXHIGHNY-26SEP24-B72.5,0.0,,0.02,230.22,0.03,695.0,0.009999999999999998,0.025,0.97,695.0,0.98,230.22,0.010000000000000009,0.975,626.9,1842.02,1842.02,626.9,,OK,,KXHIGHNY-26SEP24,2026-09-25T05:00:00Z,active,True
2026-09-24T01:16:44.065264+00:00,2026-09-24T01:16:44.065264+00:00,KXHIGHNY-26SEP24-B70.5,0.0,,0.06,275.0,0.07,59.0,0.010000000000000009,0.065,0.93,59.0,0.94,275.0,0.009999999999999898,0.935,1963.01,977.8199999999999,977.8199999999999,1963.01,,OK,,KXHIGHNY-26SEP24,2026-09-25T05:00:00Z,active,True
2026-09-24T01:16:44.065264+00:00,2026-09-24T01:16:44.065264+00:00,KXHIGHNY-26SEP24-B68.5,0.0,,0.34,77.1,0.36,162.42,0.019999999999999962,0.35,0.64,162.42,0.66,77.1,0.020000000000000018,0.65,1768.8,1741.6399999999999,1741.6399999999999,1768.8,,OK,,KXHIGHNY-26SEP24,2026-09-25T05:00:00Z,active,True
2026-09-24T01:16:44.065264+00:00,2026-09-24T01:16:44.065264+00:00,KXHIGHNY-26SEP24-B66.5,0.0,,0.48,28.4,0.49,110.36,0.010000000000000009,0.485,0.51,110.36,0.52,28.4,0.010000000000000009,0.515,871.3,1408.25,1408.25,871.3,,OK,,KXHIGHNY-26SEP24,2026-09-25T05:00:00Z,active,True
2026-09-24T01:16:44.065264+00:00,2026-09-24T01:16:44.065264+00:00,KXHIGHNY-26SEP23-T72,0.0,,,,0.01,21803.4,,,0.99,21803.4,,,,,0.0,23567.08,23567.08,0.0,,OK,,KXHIGHNY-26SEP23,2026-09-24T05:00:00Z,active,True
2026-09-24T01:16:44.065264+00:00,2026-09-24T01:16:44.065264+00:00,KXHIGHNY-26SEP23-T65,0.0,,,,0.01,304810.97,,,0.99,304810.97,,,,,0.0,306144.58999999997,306144.58999999997,0.0,,OK,,KXHIGHNY-26SEP23,2026-09-24T05:00:00Z,active,True
2026-09-24T01:16:44.065264+00:00,2026-09-24T01:16:44.065264+00:00,KXHIGHNY-26SEP23-B71.5,0.0,,,,0.01,15022.83,,,0.99,15022.83,,,,,0.0,20449.14,20449.14,0.0,,OK,,KXHIGHNY-26SEP23,2026-09-24T05:00:00Z,active,True
2026-09-24T01:16:44.065264+00:00,2026-09-24T01:16:44.065264+00:00,KXHIGHNY-26SEP23-B69.5,0.0,,,,0.01,25798.41,,,0.99,25798.41,,,,,0.0,26955.53,26955.53,0.0,,OK,,KXHIGHNY-26SEP23,2026-09-24T05:00:00Z,active,True
2026-09-24T01:16:44.065264+00:00,2026-09-24T01:16:44.065264+00:00,KXHIGHNY-26SEP23-B67.5,0.0,,0.99,18900.73,,,,,,,0.01,18900.73,,,19960.32,0.0,0.0,19960.32,,OK,,KXHIGHNY-26SEP23,2026-09-24T05:00:00Z,active,True
2026-09-24T01:16:44.065264+00:00,2026-09-24T01:16:44.065264+00:00,KXHIGHNY-26SEP23-B65.5,0.0,,,,0.01,199227.6,,,0.99,199227.6,,,,,0.0,201862.54,201862.54,0.0,,OK,,KXHIGHNY-26SEP23,2026-09-24T05:00:00Z,active,True
2026-09-24T07:29:30.965813+00:00,2026-09-24T07:29:30.965813+00:00,KXHIGHNY-26SEP24-T73,0.0,,,,0.01,19544.72,,,0.99,19544.72,,,,,0.0,21326.72,21326.72,0.0,,OK,,KXHIGHNY-26SEP24,2026-09-25T05:00:00Z,active,True
2026-09-24T07:29:30.965813+00:00,2026-09-24T07:29:30.965813+00:00,KXHIGHNY-26SEP24-T66,0.0,,0.14,35.0,0.18,5.0,0.03999999999999998,0.16,0.82,5.0,0.86,35.0,0.040000000000000036,0.84,1979.27,333.84000000000003,333.84000000000003,1979.27,,OK,,KXHIGHNY-26SEP24,2026-09-25T05:00:00Z,active,True
2026-09-24T07:29:30.965813+00:00,2026-09-24T07:29:30.965813+00:00,KXHIGHNY-26SEP24-B72.5,0.0,,0.01,338.19,0.02,781.0,0.01,0.015,0.98,781.0,0.99,338.19,0.010000000000000009,0.985,338.19,3484.0,3484.0,338.19,,OK,,KXHIGHNY-26SEP24,2026-09-25T05:00:00Z,active,True
2026-09-24T07:29:30.965813+00:00,2026-09-24T07:29:30.965813+00:00,KXHIGHNY-26SEP24-B70.5,0.0,,0.03,297.0,0.06,3.0,0.03,0.045,0.94,3.0,0.97,297.0,0.030000000000000027,0.955,1226.0,1345.82,1345.82,1226.0,,OK,,KXHIGHNY-26SEP24,2026-09-25T05:00:00Z,active,True
2026-09-24T07:29:30.965813+00:00,2026-09-24T07:29:30.965813+00:00,KXHIGHNY-26SEP24-B68.5,0.0,,0.11,1.0,0.17,81.0,0.06000000000000001,0.14,0.83,81.0,0.89,1.0,0.06000000000000005,0.86,1719.99,660.84,660.84,1719.99,,OK,,KXHIGHNY-26SEP24,2026-09-25T05:00:00Z,active,True
2026-09-24T07:29:30.965813+00:00,2026-09-24T07:29:30.965813+00:00,KXHIGHNY-26SEP24-B66.5,0.0,,0.58,6.0,0.6,1.0,0.020000000000000018,0.59,0.4,1.0,0.42,6.0,0.019999999999999962,0.41000000000000003,516.0,2173.12,2173.12,516.0,,OK,,KXHIGHNY-26SEP24,2026-09-25T05:00:00Z,active,True
2026-09-24T13:27:26.924851+00:00,2026-09-24T13:27:26.924851+00:00,KXHIGHNY-26SEP24-T73,0.0,,,,0.01,19831.2,,,0.99,19831.2,,,,,0.0,21511.2,21511.2,0.0,,OK,,KXHIGHNY-26SEP24,2026-09-25T05:00:00Z,active,True
2026-09-24T13:27:26.924851+00:00,2026-09-24T13:27:26.924851+00:00,KXHIGHNY-26SEP24-T66,0.0,,0.12,335.5,0.13,6.0,0.010000000000000009,0.125,0.87,6.0,0.88,335.5,0.010000000000000009,0.875,4408.87,1607.78,1607.78,4408.87,,OK,,KXHIGHNY-26SEP24,2026-09-25T05:00:00Z,active,True
2026-09-24T13:27:26.924851+00:00,2026-09-24T13:27:26.924851+00:00,KXHIGHNY-26SEP24-B72.5,0.0,,,,0.01,287.0,,,0.99,287.0,,,,,0.0,3462.0,3462.0,0.0,,OK,,KXHIGHNY-26SEP24,2026-09-25T05:00:00Z,active,True
2026-09-24T13:27:26.924851+00:00,2026-09-24T13:27:26.924851+00:00,KXHIGHNY-26SEP24-B70.5,0.0,,0.01,885.2,0.02,26.0,0.01,0.015,0.98,26.0,0.99,885.2,0.010000000000000009,0.985,885.2,1059.36,1059.36,885.2,,OK,,KXHIGHNY-26SEP24,2026-09-25T05:00:00Z,active,True
2026-09-24T13:27:26.924851+00:00,2026-09-24T13:27:26.924851+00:00,KXHIGHNY-26SEP24-B68.5,0.0,,0.21,4.0,0.22,71.0,0.010000000000000009,0.215,0.78,71.0,0.79,4.0,0.010000000000000009,0.785,4093.79,682.84,682.84,4093.79,,OK,,KXHIGHNY-26SEP24,2026-09-25T05:00:00Z,active,True
2026-09-24T13:27:26.924851+00:00,2026-09-24T13:27:26.924851+00:00,KXHIGHNY-26SEP24-B66.5,0.0,,0.65,56.0,0.66,15.0,0.010000000000000009,0.655,0.34,15.0,0.35,56.0,0.009999999999999953,0.345,695.51,2281.06,2281.06,695.51,,OK,,KXHIGHNY-26SEP24,2026-09-25T05:00:00Z,active,True
