latitude,longitude,elevation,utc_offset_seconds,timezone,timezone_abbreviation
40.808434,-74.0199,33.0,-14400,America/New_York,GMT-4

time,weather_code (wmo code),temperature_2m_min (°F),temperature_2m_max (°F),sunset (iso8601),sunrise (iso8601),daylight_duration (s),sunshine_duration (s),precipitation_sum (inch),precipitation_hours (h),wind_speed_10m_max (mp/h),wind_gusts_10m_max (mp/h),wind_direction_10m_dominant (°),shortwave_radiation_sum (MJ/m²),cloud_cover_mean (%),dew_point_2m_mean (°F),relative_humidity_2m_mean (%),wind_speed_10m_mean (mp/h),surface_pressure_mean (hPa)
2022-01-01,63,45.8,53.3,2022-01-01T17:39,2022-01-01T08:20,33514.39,0.00,0.764,19.0,8.6,13.9,161,1.66,100,49.3,99,4.3,1004.9
2022-01-02,65,37.0,55.8,2022-01-02T17:39,2022-01-02T08:20,33559.05,0.00,0.630,8.0,15.6,32.7,318,2.22,100,45.5,88,8.5,1000.6
2022-01-03,73,24.3,35.8,2022-01-03T17:40,2022-01-03T08:20,33607.58,0.00,0.055,6.0,18.2,34.4,359,1.35,87,13.4,50,12.3,1015.2
2022-01-04,3,20.2,33.5,2022-01-04T17:41,2022-01-04T08:20,33660.48,33001.32,0.000,0.0,12.4,22.6,287,9.21,26,10.5,51,7.2,1023.8
2022-01-05,51,28.5,44.7,2022-01-05T17:42,2022-01-05T08:20,33717.64,0.00,0.020,4.0,13.5,23.7,216,3.14,89,31.2,84,7.9,1011.0
2022-01-06,3,30.9,39.7,2022-01-06T17:43,2022-01-06T08:20,33778.94,28685.25,0.000,0.0,12.5,23.7,269,8.49,83,23.8,65,7.9,1007.1
2022-01-07,75,22.0,32.2,2022-01-07T17:44,2022-01-07T08:20,33844.22,26352.19,0.354,11.0,16.6,30.2,313,8.92,61,21.0,72,11.7,1008.1
2022-01-08,1,17.1,26.2,2022-01-08T17:45,2022-01-08T08:20,33913.33,33320.06,0.000,0.0,13.4,23.5,277,10.00,9,13.1,71,7.7,1028.4
2022-01-09,53,22.7,39.4,2022-01-09T17:46,2022-01-09T08:19,33986.14,3600.00,0.201,12.0,14.8,26.2,220,2.96,96,28.5,85,10.5,1019.7
2022-01-10,3,24.5,39.7,2022-01-10T17:47,2022-01-10T08:19,34062.51,33145.01,0.000,0.0,15.0,27.5,295,9.92,37,14.6,55,12.1,1015.5
2022-01-11,1,16.4,24.7,2022-01-11T17:48,2022-01-11T08:19,34142.28,32131.76,0.000,0.0,16.6,31.5,316,10.00,7,-1.6,40,10.8,1026.5
2022-01-12,3,19.0,40.5,2022-01-12T17:49,2022-01-12T08:19,34225.31,33600.33,0.000,0.0,12.8,24.4,213,8.77,63,12.9,53,9.1,1019.3
2022-01-13,3,25.6,45.0,2022-01-13T17:50,2022-01-13T08:18,34311.46,25115.27,0.000,0.0,6.0,11.6,193,8.22,92,25.7,74,3.9,1011.7
2022-01-14,3,23.2,41.2,2022-01-14T17:51,2022-01-14T08:18,34400.60,29573.76,0.000,0.0,21.5,38.9,358,8.20,81,27.2,75,13.5,1005.9
2022-01-15,3,12.2,22.7,2022-01-15T17:52,2022-01-15T08:18,34492.58,33908.71,0.000,0.0,13.9,28.6,345,9.95,46,-5.5,36,9.6,1019.5
2022-01-16,75,8.0,34.5,2022-01-16T17:54,2022-01-16T08:17,34587.26,13761.05,0.173,4.0,17.5,29.3,36,5.54,56,6.0,57,8.9,1021.5
2022-01-17,73,32.9,49.6,2022-01-17T17:55,2022-01-17T08:17,34684.50,3832.30,1.323,12.0,33.6,62.0,183,4.19,95,32.9,81,17.6,986.4
2022-01-18,3,23.4,35.3,2022-01-18T17:56,2022-01-18T08:16,34784.17,31048.57,0.000,0.0,19.2,36.2,294,7.90,50,16.3,57,12.7,1006.4
2022-01-19,3,23.5,45.9,2022-01-19T17:57,2022-01-19T08:16,34886.13,18189.45,0.000,0.0,14.6,26.8,208,6.84,79,25.3,69,8.9,1014.3
2022-01-20,73,22.3,41.6,2022-01-20T17:58,2022-01-20T08:15,34990.27,17644.66,0.287,10.0,13.8,24.8,315,6.04,85,23.9,69,10.4,1016.4
2022-01-21,3,11.4,22.6,2022-01-21T17:59,2022-01-21T08:14,35096.42,30017.09,0.000,0.0,13.6,24.8,2,9.56,81,0.2,47,11.5,1029.1
2022-01-22,3,10.0,29.8,2022-01-22T18:01,2022-01-22T08:14,35204.48,34629.78,0.000,0.0,11.4,20.4,1,11.24,41,3.5,50,6.9,1023.8
2022-01-23,71,21.2,37.2,2022-01-23T18:02,2022-01-23T08:13,35314.71,26147.61,0.020,3.0,8.8,17.4,243,9.38,66,8.8,45,6.4,1009.2
2022-01-24,71,27.3,32.6,2022-01-24T18:03,2022-01-24T08:12,35428.21,25770.19,0.012,2.0,9.4,19.2,307,7.56,91,21.5,72,4.4,1007.5
2022-01-25,3,25.2,43.5,2022-01-25T18:04,2022-01-25T08:12,35544.90,26311.67,0.000,0.0,10.5,21.0,270,8.00,63,24.6,68,6.5,1010.0
2022-01-26,0,17.8,26.7,2022-01-26T18:05,2022-01-26T08:11,35664.58,35021.05,0.000,0.0,12.7,24.6,328,11.72,0,5.7,50,9.2,1022.9
2022-01-27,3,14.9,31.6,2022-01-27T18:07,2022-01-27T08:10,35787.07,35070.98,0.000,0.0,11.6,23.0,184,11.35,16,6.5,51,5.6,1025.3
2022-01-28,73,26.7,34.0,2022-01-28T18:08,2022-01-28T08:09,35912.17,0.00,0.094,13.0,11.6,19.5,251,4.06,100,20.8,69,4.9,1016.0
2022-01-29,75,9.0,29.1,2022-01-29T18:09,2022-01-29T08:08,36039.71,0.00,0.693,19.0,24.7,45.2,336,4.23,98,8.5,71,17.8,1003.3
2022-01-30,3,7.3,22.5,2022-01-30T18:10,2022-01-30T08:07,36169.51,35232.79,0.000,0.0,17.7,31.1,290,12.68,28,3.5,63,10.1,1011.3
2022-01-31,3,1.4,26.1,2022-01-31T18:12,2022-01-31T08:06,36301.40,35290.42,0.000,0.0,7.6,11.2,23,11.49,38,5.9,73,4.2,1023.0
2022-02-01,3,8.1,30.6,2022-02-01T18:13,2022-02-01T08:05,36435.20,35349.75,0.000,0.0,7.6,13.2,36,12.62,30,13.5,76,5.8,1029.5
2022-02-02,3,19.3,39.0,2022-02-02T18:14,2022-02-02T08:04,36570.74,28990.73,0.000,0.0,6.6,10.1,93,9.85,96,29.1,94,4.0,1026.4
2022-02-03,61,36.3,48.7,2022-02-03T18:15,2022-02-03T08:03,36707.87,0.00,0.516,17.0,9.2,14.8,194,2.11,100,41.1,98,5.7,1019.5
2022-02-04,71,28.0,54.8,2022-02-04T18:17,2022-02-04T08:02,36846.40,0.00,1.047,23.0,18.4,31.3,313,1.94,100,36.8,91,12.5,1009.3
2022-02-05,71,19.9,28.8,2022-02-05T18:18,2022-02-05T08:01,36986.19,32400.00,0.016,3.0,16.6,31.3,322,12.80,42,9.7,54,12.4,1019.8
2022-02-06,3,16.4,29.8,2022-02-06T18:19,2022-02-06T08:00,37127.09,35668.95,0.000,0.0,10.1,19.7,83,11.96,29,8.1,55,5.9,1031.4
2022-02-07,73,23.4,37.3,2022-02-07T18:20,2022-02-07T07:59,37268.93,0.00,0.169,13.0,8.5,15.2,7,2.31,96,28.7,87,6.1,1021.6
2022-02-08,55,29.8,46.5,2022-02-08T18:21,2022-02-08T07:58,37411.57,32300.58,0.154,5.0,15.5,27.5,301,12.79,37,28.4,74,9.9,1010.0
2022-02-09,1,23.9,41.6,2022-02-09T18:23,2022-02-09T07:57,37554.86,35954.72,0.000,0.0,10.3,20.8,203,13.19,1,23.0,68,7.1,1013.4
2022-02-10,3,31.8,51.7,2022-02-10T18:24,2022-02-10T07:56,37698.66,35987.20,0.000,0.0,20.2,36.9,244,12.80,28,29.5,68,8.5,1007.8
2022-02-11,3,25.5,53.5,2022-02-11T18:25,2022-02-11T07:54,37842.82,36002.46,0.000,0.0,16.5,29.5,188,13.69,17,28.3,65,8.4,1010.6
2022-02-12,3,42.9,55.8,2022-02-12T18:26,2022-02-12T07:53,37987.65,36000.00,0.000,0.0,15.5,27.5,252,11.73,84,32.1,51,11.2,1009.9
2022-02-13,73,26.3,41.1,2022-02-13T18:28,2022-02-13T07:52,38134.41,0.00,0.205,17.0,10.8,18.8,8,3.22,100,23.9,72,8.0,1015.8
2022-02-14,3,13.5,26.1,2022-02-14T18:29,2022-02-14T07:51,38283.05,36527.12,0.000,0.0,16.4,30.6,316,15.07,14,4.0,52,11.4,1017.3
2022-02-15,3,15.6,31.8,2022-02-15T18:30,2022-02-15T07:49,38433.42,36806.39,0.000,0.0,8.0,17.7,276,14.99,6,2.2,43,6.2,1031.9
2022-02-16,3,23.1,43.4,2022-02-16T18:31,2022-02-16T07:48,38585.37,26753.18,0.000,0.0,13.1,25.5,187,12.25,66,23.6,68,8.4,1032.8
2022-02-17,61,41.4,62.2,2022-02-17T18:32,2022-02-17T07:47,38738.74,20028.97,0.087,2.0,19.7,35.1,201,8.60,100,44.0,74,15.5,1016.0
2022-02-18,63,27.2,60.3,2022-02-18T18:34,2022-02-18T07:45,38893.39,33720.13,0.469,6.0,27.4,49.2,261,13.99,48,31.7,63,18.0,1002.7
2022-02-19,71,22.3,38.1,2022-02-19T18:35,2022-02-19T07:44,39049.17,26795.25,0.016,4.0,22.0,40.0,260,10.07,29,13.5,53,12.1,1012.5
2022-02-20,3,20.3,36.6,2022-02-20T18:36,2022-02-20T07:42,39205.94,37554.03,0.000,0.0,14.6,27.5,250,15.01,22,8.2,45,9.7,1025.2
2022-02-21,3,28.9,50.0,2022-02-21T18:37,2022-02-21T07:41,39363.57,37827.63,0.000,0.0,11.9,21.9,192,14.90,29,27.2,68,7.0,1022.8
2022-02-22,61,31.9,56.7,2022-02-22T18:38,2022-02-22T07:40,39521.91,13033.66,0.185,8.0,23.9,47.2,175,5.98,95,42.6,88,10.1,1019.2
2022-02-23,51,38.5,65.9,2022-02-23T18:40,2022-02-23T07:38,39680.84,24854.16,0.004,1.0,18.1,33.8,261,10.60,88,46.9,74,13.8,1011.7
2022-02-24,3,29.0,36.0,2022-02-24T18:41,2022-02-24T07:37,39840.21,8182.92,0.000,0.0,14.5,25.5,13,6.36,98,13.3,47,8.2,1026.1
2022-02-25,73,28.0,43.4,2022-02-25T18:42,2022-02-25T07:35,39999.91,13088.69,0.705,13.0,16.1,32.9,358,5.47,82,26.8,77,10.3,1016.7
2022-02-26,3,20.2,37.3,2022-02-26T18:43,2022-02-26T07:34,40159.80,34072.98,0.000,0.0,16.1,30.2,308,13.02,74,14.2,55,9.0,1024.5
2022-02-27,3,25.2,46.6,2022-02-27T18:44,2022-02-27T07:32,40319.76,38684.57,0.000,0.0,20.6,36.7,262,16.76,20,18.4,52,12.0,1012.9
2022-02-28,3,23.6,34.9,2022-02-28T18:45,2022-02-28T07:31,40479.66,38059.90,0.000,0.0,14.2,26.6,329,17.24,37,11.5,48,9.0,1019.5
2022-03-01,51,25.6,42.7,2022-03-01T18:47,2022-03-01T07:29,40639.38,12129.75,0.008,2.0,13.9,25.7,172,8.03,91,26.7,70,7.8,1016.9
2022-03-02,3,35.0,50.8,2022-03-02T18:48,2022-03-02T07:28,40798.79,38751.10,0.000,0.0,10.6,21.5,275,16.47,40,31.1,67,7.7,1010.7
2022-03-03,55,26.9,41.6,2022-03-03T18:49,2022-03-03T07:26,40957.78,38707.93,0.154,6.0,15.3,28.0,305,17.46,50,21.3,55,12.5,1013.1
2022-03-04,3,19.5,37.9,2022-03-04T18:50,2022-03-04T07:25,41116.63,40024.66,0.000,0.0,12.6,23.9,280,18.19,21,10.1,48,6.9,1028.3
2022-03-05,51,24.3,42.6,2022-03-05T18:51,2022-03-05T07:23,41276.53,28004.84,0.004,1.0,11.0,19.7,176,12.11,94,22.3,62,6.0,1027.6
2022-03-06,53,37.6,67.4,2022-03-06T18:52,2022-03-06T07:21,41437.46,10083.71,0.063,7.0,18.6,34.0,222,8.57,99,48.5,83,12.5,1013.4
2022-03-07,63,52.4,73.1,2022-03-07T18:53,2022-03-07T07:20,41599.30,26751.15,0.185,4.0,23.5,44.7,228,11.78,97,54.0,73,13.8,1003.4
2022-03-08,3,34.7,55.9,2022-03-08T18:54,2022-03-08T07:18,41761.95,41234.03,0.000,0.0,20.1,41.4,307,17.63,80,24.2,51,12.3,1012.7
2022-03-09,75,33.7,38.0,2022-03-09T18:55,2022-03-09T07:17,41925.29,0.00,0.661,15.0,10.9,20.1,69,1.60,100,32.0,87,7.9,1013.8
2022-03-10,3,29.5,48.5,2022-03-10T18:57,2022-03-10T07:15,42089.21,33222.39,0.000,0.0,7.7,14.8,243,15.77,84,31.7,81,3.8,1016.6
2022-03-11,3,30.5,51.4,2022-03-11T18:58,2022-03-11T07:13,42253.60,41726.40,0.000,0.0,12.7,24.4,178,18.44,28,32.4,76,6.7,1013.8
2022-03-12,75,24.4,44.0,2022-03-12T18:59,2022-03-12T07:12,42418.34,0.00,0.602,11.0,22.3,39.8,315,2.42,91,28.3,80,12.6,995.3
2022-03-13,71,21.2,37.2,2022-03-13T19:00,2022-03-13T07:10,42583.34,38681.18,0.008,2.0,20.8,38.9,267,18.75,53,9.9,47,13.8,1015.4
2022-03-14,3,28.0,55.8,2022-03-14T19:01,2022-03-14T07:08,42748.48,42221.80,0.000,0.0,13.0,22.6,226,19.17,53,27.5,59,8.6,1023.5
2022-03-15,3,37.9,60.6,2022-03-15T19:02,2022-03-15T07:07,42913.66,38330.70,0.000,0.0,13.4,22.6,211,16.72,78,36.6,62,7.3,1019.1
2022-03-16,51,38.0,61.2,2022-03-16T19:03,2022-03-16T07:05,43078.76,42552.30,0.012,1.0,11.7,22.6,183,19.34,21,41.3,75,5.8,1018.0
2022-03-17,61,39.2,54.4,2022-03-17T19:04,2022-03-17T07:03,43243.68,1530.29,0.256,13.0,10.4,19.7,41,5.45,95,45.9,96,6.6,1012.7
2022-03-18,3,45.6,69.7,2022-03-18T19:05,2022-03-18T07:02,43408.32,40558.32,0.000,0.0,10.0,19.7,181,18.67,54,50.2,89,5.6,1011.3
2022-03-19,65,44.1,65.2,2022-03-19T19:06,2022-03-19T07:00,43572.56,36000.00,0.366,3.0,10.1,20.4,146,12.93,81,51.7,90,7.2,1005.8
2022-03-20,51,44.6,58.8,2022-03-20T19:07,2022-03-20T06:58,43736.30,20558.94,0.004,1.0,16.8,30.4,284,11.19,58,41.3,69,11.5,1004.6
2022-03-21,3,41.2,60.3,2022-03-21T19:09,2022-03-21T06:57,43899.44,43079.84,0.000,0.0,18.6,33.3,299,19.70,30,29.1,46,12.1,1013.1
2022-03-22,3,39.3,55.3,2022-03-22T19:10,2022-03-22T06:55,44061.85,35978.32,0.000,0.0,14.4,27.5,311,19.86,74,23.4,41,9.5,1017.1
2022-03-23,55,34.6,47.3,2022-03-23T19:11,2022-03-23T06:53,44223.44,21116.65,0.087,3.0,12.2,21.5,73,11.64,99,26.5,58,8.7,1019.4
2022-03-24,63,38.6,50.0,2022-03-24T19:12,2022-03-24T06:52,44384.46,0.00,0.843,16.0,16.9,31.5,57,5.75,100,42.2,91,12.1,1008.9
2022-03-25,63,41.8,60.3,2022-03-25T19:13,2022-03-25T06:50,44546.02,35838.44,0.224,4.0,17.2,32.4,274,16.92,76,39.6,72,8.4,998.8
2022-03-26,71,41.1,50.5,2022-03-26T19:14,2022-03-26T06:49,44708.10,34344.82,0.240,8.0,13.4,25.5,251,13.80,82,35.2,66,8.4,994.8
2022-03-27,71,30.3,45.8,2022-03-27T19:15,2022-03-27T06:47,44870.62,23648.25,0.012,3.0,16.4,29.5,288,13.19,56,24.2,55,13.7,999.6
2022-03-28,71,22.8,32.3,2022-03-28T19:16,2022-03-28T06:45,45033.46,43200.00,0.012,3.0,19.5,36.7,303,19.04,61,3.5,36,16.6,1008.5
2022-03-29,2,22.8,38.1,2022-03-29T19:17,2022-03-29T06:44,45196.53,43200.00,0.000,0.0,18.2,33.8,311,21.10,25,10.2,43,13.4,1016.1
2022-03-30,3,25.9,42.9,2022-03-30T19:18,2022-03-30T06:42,45359.73,29652.25,0.000,0.0,10.6,19.0,215,12.42,66,19.4,54,6.2,1017.9
2022-03-31,65,38.6,66.4,2022-03-31T19:19,2022-03-31T06:40,45522.96,7346.73,0.472,4.0,23.5,41.8,194,8.90,93,49.8,81,13.9,1002.1
2022-04-01,51,41.8,59.6,2022-04-01T19:20,2022-04-01T06:39,45686.11,28800.00,0.055,8.0,20.6,38.5,277,12.72,68,41.1,70,12.9,998.7
2022-04-02,3,34.7,52.2,2022-04-02T19:21,2022-04-02T06:37,45849.09,43200.00,0.000,0.0,16.3,29.8,286,23.15,50,26.4,54,9.7,1012.6
2022-04-03,61,38.3,47.2,2022-04-03T19:22,2022-04-03T06:35,46011.78,8726.33,0.122,5.0,13.6,23.7,274,6.93,91,36.2,79,5.3,1006.1
2022-04-04,51,37.0,54.2,2022-04-04T19:23,2022-04-04T06:34,46174.09,36927.95,0.004,1.0,14.7,25.7,304,17.36,65,30.6,58,10.0,1010.3
2022-04-05,53,34.1,54.0,2022-04-05T19:24,2022-04-05T06:32,46335.90,15107.14,0.067,3.0,10.4,20.4,121,10.19,72,35.3,73,5.2,1013.2
2022-04-06,61,43.3,54.8,2022-04-06T19:25,2022-04-06T06:30,46497.12,6808.38,0.689,14.0,19.4,38.7,55,7.86,100,44.9,88,12.8,1006.4
2022-04-07,65,42.3,53.0,2022-04-07T19:26,2022-04-07T06:29,46657.62,0.00,2.917,14.0,21.7,40.3,98,3.56,99,45.4,91,13.3,1003.9
2022-04-08,63,45.0,62.0,2022-04-08T19:28,2022-04-08T06:27,46817.30,43497.14,0.205,4.0,13.2,26.6,253,22.74,40,41.3,68,10.0,998.1
2022-04-09,55,41.3,56.8,2022-04-09T19:29,2022-04-09T06:26,46976.04,41495.03,0.189,12.0,12.5,26.6,263,19.40,65,39.4,72,6.9,999.5
2022-04-10,3,38.5,49.9,2022-04-10T19:30,2022-04-10T06:24,47133.73,33449.41,0.000,0.0,18.2,33.8,307,15.85,69,29.3,56,13.2,1004.5
2022-04-11,3,35.4,55.8,2022-04-11T19:31,2022-04-11T06:22,47290.26,44384.83,0.000,0.0,11.6,22.6,246,23.90,49,32.7,61,8.1,1014.3
2022-04-12,53,46.1,68.9,2022-04-12T19:32,2022-04-12T06:21,47445.50,29190.93,0.063,3.0,11.1,22.4,271,17.92,50,44.6,69,7.0,1012.3
2022-04-13,3,45.0,66.2,2022-04-13T19:33,2022-04-13T06:19,47599.68,28236.24,0.000,0.0,11.6,23.3,112,19.57,70,47.5,73,6.1,1011.8
2022-04-14,51,57.3,82.8,2022-04-14T19:34,2022-04-14T06:18,47753.88,35690.41,0.008,2.0,16.1,28.6,249,20.07,89,56.5,70,9.7,1004.7
2022-04-15,51,43.5,66.7,2022-04-15T19:35,2022-04-15T06:16,47908.07,46062.67,0.004,1.0,16.7,28.6,243,25.35,25,33.2,44,9.4,1014.4
2022-04-16,61,45.5,67.0,2022-04-16T19:36,2022-04-16T06:15,48062.15,15222.11,0.268,7.0,15.2,29.5,217,14.62,94,41.5,58,12.3,1009.6
2022-04-17,51,39.2,50.3,2022-04-17T19:37,2022-04-17T06:13,48216.03,46851.76,0.020,2.0,18.7,35.1,313,23.07,29,28.1,56,11.5,1015.5
2022-04-18,63,34.9,51.3,2022-04-18T19:38,2022-04-18T06:12,48369.59,26146.35,0.240,5.0,19.1,32.9,90,16.10,65,31.5,65,10.0,1020.8
2022-04-19,63,40.4,52.0,2022-04-19T19:39,2022-04-19T06:10,48522.71,37431.27,1.067,9.0,25.6,52.8,282,19.73,54,33.4,65,18.4,1002.3
2022-04-20,3,38.3,57.2,2022-04-20T19:40,2022-04-20T06:09,48675.30,47660.16,0.000,0.0,16.6,30.4,282,26.15,23,29.5,52,10.6,1021.6
2022-04-21,51,39.0,55.6,2022-04-21T19:41,2022-04-21T06:07,48827.23,24659.26,0.020,2.0,20.3,37.4,164,15.83,89,40.6,75,9.4,1026.4
2022-04-22,3,47.5,64.8,2022-04-22T19:42,2022-04-22T06:06,48978.40,47469.46,0.000,0.0,13.2,26.8,301,26.19,26,40.7,60,9.2,1023.7
2022-04-23,3,43.6,58.6,2022-04-23T19:43,2022-04-23T06:04,49128.68,21957.79,0.000,0.0,9.3,18.1,119,16.00,86,37.5,62,5.6,1023.9
2022-04-24,3,44.9,60.7,2022-04-24T19:44,2022-04-24T06:03,49277.95,47970.64,0.000,0.0,13.5,26.8,114,23.41,38,39.5,64,7.3,1020.0
2022-04-25,3,43.2,59.5,2022-04-25T19:45,2022-04-25T06:02,49426.09,40796.42,0.000,0.0,13.0,25.7,119,22.63,94,36.2,60,7.1,1019.8
2022-04-26,55,50.0,60.3,2022-04-26T19:47,2022-04-26T06:00,49572.97,0.00,0.138,11.0,7.9,15.7,71,6.47,100,50.4,85,4.5,1013.7
2022-04-27,53,40.9,56.2,2022-04-27T19:48,2022-04-27T05:59,49718.46,42493.52,0.031,1.0,19.0,35.1,303,21.20,57,33.3,56,14.8,1010.0
2022-04-28,3,37.8,54.3,2022-04-28T19:49,2022-04-28T05:57,49862.45,46702.23,0.000,0.0,20.6,38.0,318,26.90,23,21.1,40,15.4,1012.5
2022-04-29,0,37.7,59.6,2022-04-29T19:50,2022-04-29T05:56,50004.78,49447.18,0.000,0.0,16.5,31.8,316,28.34,0,20.0,33,13.0,1014.6
2022-04-30,3,39.5,64.0,2022-04-30T19:51,2022-04-30T05:55,50145.32,49586.46,0.000,0.0,12.0,21.9,322,28.02,9,27.8,42,8.0,1015.6
2022-05-01,53,41.8,65.9,2022-05-01T19:52,2022-05-01T05:54,50283.94,40238.07,0.035,1.0,11.1,21.9,149,25.49,66,38.7,61,6.1,1015.4
2022-05-02,61,49.7,57.7,2022-05-02T19:53,2022-05-02T05:52,50420.48,3918.31,0.114,9.0,10.1,19.0,62,7.36,90,49.5,86,6.6,1013.4
2022-05-03,3,45.5,65.2,2022-05-03T19:54,2022-05-03T05:51,50555.16,41334.68,0.000,0.0,12.5,23.9,85,21.23,66,47.1,80,6.8,1016.6
2022-05-04,55,48.6,68.4,2022-05-04T19:55,2022-05-04T05:50,50688.96,11528.67,0.213,10.0,10.8,20.4,141,11.30,88,51.7,86,5.5,1011.6
2022-05-05,3,51.7,70.8,2022-05-05T19:56,2022-05-05T05:49,50821.86,49423.12,0.000,0.0,10.5,20.4,13,26.30,74,48.7,68,5.8,1013.6
2022-05-06,63,49.9,57.3,2022-05-06T19:57,2022-05-06T05:48,50953.75,0.00,0.878,17.0,8.1,14.8,117,3.87,100,51.0,88,5.4,1010.0
2022-05-07,63,45.1,51.0,2022-05-07T19:58,2022-05-07T05:46,51084.51,0.00,1.193,24.0,19.1,35.1,49,3.07,100,44.0,86,15.7,1007.0
2022-05-08,55,44.8,55.8,2022-05-08T19:59,2022-05-08T05:45,51214.02,12418.80,0.094,7.0,17.4,32.2,45,11.16,98,34.5,57,14.0,1015.0
2022-05-09,3,42.5,66.1,2022-05-09T20:00,2022-05-09T05:44,51342.16,50156.64,0.000,0.0,14.3,27.1,33,28.71,6,32.2,44,12.4,1019.5
2022-05-10,3,46.0,68.3,2022-05-10T20:01,2022-05-10T05:43,51468.82,43200.00,0.000,0.0,14.0,26.2,40,27.51,14,31.5,39,12.0,1022.9
2022-05-11,3,47.8,69.6,2022-05-11T20:02,2022-05-11T05:42,51593.85,44075.26,0.000,0.0,12.4,23.5,45,21.12,37,42.8,57,8.8,1021.2
2022-05-12,3,52.2,70.6,2022-05-12T20:03,2022-05-12T05:41,51717.13,22470.16,0.000,0.0,10.4,20.4,65,14.13,72,55.1,84,6.1,1021.8
2022-05-13,53,56.5,70.8,2022-05-13T20:04,2022-05-13T05:40,51838.54,2534.89,0.051,7.0,8.5,16.6,79,8.79,100,59.7,93,6.2,1020.6
2022-05-14,61,58.0,70.8,2022-05-14T20:05,2022-05-14T05:39,51957.93,4993.04,0.276,10.0,10.2,20.6,147,10.55,100,61.4,95,4.6,1014.4
2022-05-15,53,58.2,76.6,2022-05-15T20:06,2022-05-15T05:38,52075.18,35189.21,0.043,7.0,12.3,24.8,179,19.65,87,61.1,90,5.6,1007.6
2022-05-16,63,60.4,74.6,2022-05-16T20:07,2022-05-16T05:37,52190.14,32421.16,0.299,6.0,14.7,31.1,211,19.65,65,62.8,88,8.5,1001.4
2022-05-17,51,53.4,73.7,2022-05-17T20:08,2022-05-17T05:36,52302.68,50400.00,0.004,1.0,19.7,37.1,286,26.18,7,47.4,58,12.3,1004.0
2022-05-18,3,52.2,70.4,2022-05-18T20:09,2022-05-18T05:35,52412.64,46800.00,0.000,0.0,11.4,19.9,295,27.20,61,43.7,54,8.0,1009.9
2022-05-19,63,54.7,71.7,2022-05-19T20:10,2022-05-19T05:34,52519.89,19263.54,0.567,16.0,7.4,15.4,158,12.34,82,54.0,80,5.2,1004.4
2022-05-20,61,51.4,72.1,2022-05-20T20:11,2022-05-20T05:34,52624.28,33448.05,0.142,2.0,12.9,25.3,124,19.71,78,58.2,88,6.8,1009.4
2022-05-21,3,60.7,89.0,2022-05-21T20:12,2022-05-21T05:33,52725.66,43200.00,0.000,0.0,12.2,22.8,171,26.67,51,67.3,82,5.4,1011.4
2022-05-22,51,68.8,86.9,2022-05-22T20:13,2022-05-22T05:32,52823.88,50400.00,0.008,2.0,12.3,23.9,237,25.11,53,67.5,73,7.8,1011.8
2022-05-23,3,60.1,72.4,2022-05-23T20:13,2022-05-23T05:31,52919.07,46800.00,0.000,0.0,13.3,23.3,355,26.89,100,48.0,53,9.9,1017.2
2022-05-24,51,56.0,67.4,2022-05-24T20:14,2022-05-24T05:31,53011.99,25269.32,0.004,1.0,11.3,22.1,111,16.88,98,50.7,69,6.7,1021.4
2022-05-25,3,52.5,67.6,2022-05-25T20:15,2022-05-25T05:30,53102.62,50400.00,0.000,0.0,10.8,21.0,140,23.25,95,48.0,69,5.0,1024.4
2022-05-26,3,52.0,68.0,2022-05-26T20:16,2022-05-26T05:29,53190.87,48355.16,0.000,0.0,14.2,26.6,153,24.36,89,53.1,77,7.9,1020.5
2022-05-27,53,61.4,74.8,2022-05-27T20:17,2022-05-27T05:29,53276.64,10989.68,0.189,10.0,13.8,32.0,177,12.82,100,64.0,89,8.7,1009.4
2022-05-28,63,64.6,73.8,2022-05-28T20:18,2022-05-28T05:28,53359.85,43536.60,0.480,12.0,13.7,27.3,263,18.22,76,63.4,84,7.0,1003.5
2022-05-29,3,56.8,76.7,2022-05-29T20:18,2022-05-29T05:28,53440.39,47926.29,0.000,0.0,9.9,17.9,258,23.54,38,56.0,70,5.3,1012.9
2022-05-30,3,59.3,85.0,2022-05-30T20:19,2022-05-30T05:27,53518.17,50400.00,0.000,0.0,13.7,25.9,202,27.66,60,62.5,74,6.2,1014.5
2022-05-31,3,68.1,91.8,2022-05-31T20:20,2022-05-31T05:27,53593.09,50104.96,0.000,0.0,10.4,19.7,282,27.50,67,64.7,61,8.6,1010.3
2022-06-01,63,60.2,72.9,2022-06-01T20:21,2022-06-01T05:26,53665.05,38829.12,0.535,5.0,11.1,23.3,117,22.30,99,58.2,79,7.8,1009.7
2022-06-02,63,60.9,80.2,2022-06-02T20:21,2022-06-02T05:26,53733.96,28749.40,0.429,11.0,8.3,16.3,217,16.81,98,64.5,86,4.7,1003.5
2022-06-03,51,64.7,77.7,2022-06-03T20:22,2022-06-03T05:25,53799.73,43200.00,0.020,4.0,8.8,19.9,84,21.09,89,61.8,78,5.2,1003.7
2022-06-04,1,56.3,80.8,2022-06-04T20:23,2022-06-04T05:25,53862.25,50908.43,0.000,0.0,13.0,24.8,244,28.35,4,54.1,63,5.7,1007.3
2022-06-05,3,56.1,76.5,2022-06-05T20:24,2022-06-05T05:25,53921.42,50901.02,0.000,0.0,8.8,17.0,304,29.35,30,46.7,52,4.5,1011.3
2022-06-06,3,56.3,79.6,2022-06-06T20:24,2022-06-06T05:25,53977.16,50547.90,0.000,0.0,14.4,26.2,191,28.14,35,50.1,55,7.0,1013.0
2022-06-07,53,58.1,76.3,2022-06-07T20:25,2022-06-07T05:24,54029.36,36488.64,0.059,5.0,20.4,37.8,179,21.10,87,56.2,67,12.1,1012.7
2022-06-08,51,66.7,84.0,2022-06-08T20:25,2022-06-08T05:24,54077.93,46800.00,0.016,3.0,14.5,29.1,224,27.91,76,61.9,71,8.4,1007.5
2022-06-09,63,65.6,82.6,2022-06-09T20:26,2022-06-09T05:24,54122.77,43200.00,0.524,11.0,17.5,32.4,252,23.77,55,62.3,72,12.0,1000.7
2022-06-10,3,59.5,79.2,2022-06-10T20:27,2022-06-10T05:24,54163.80,46246.95,0.000,0.0,13.6,23.9,289,27.10,62,51.4,56,7.9,1006.4
2022-06-11,51,60.6,75.4,2022-06-11T20:27,2022-06-11T05:24,54200.91,24879.20,0.008,2.0,7.1,14.1,280,15.40,80,54.3,62,4.5,1009.2
2022-06-12,61,61.1,73.0,2022-06-12T20:27,2022-06-12T05:24,54234.12,17920.98,0.366,10.0,14.6,27.7,179,12.30,92,61.8,85,8.1,1010.4
2022-06-13,63,64.3,82.1,2022-06-13T20:28,2022-06-13T05:23,54263.71,50400.00,0.268,9.0,7.5,19.9,254,24.16,60,65.1,76,4.1,1008.6
2022-06-14,3,65.7,84.4,2022-06-14T20:28,2022-06-14T05:23,54289.68,39288.57,0.000,0.0,11.9,24.8,10,23.55,67,55.7,56,5.7,1009.2
2022-06-15,3,63.5,82.0,2022-06-15T20:29,2022-06-15T05:23,54312.04,50400.00,0.000,0.0,16.9,32.0,142,27.08,71,58.9,67,7.6,1014.3
2022-06-16,63,64.2,73.8,2022-06-16T20:29,2022-06-16T05:24,54330.78,20650.50,0.362,5.0,17.6,31.3,172,15.72,92,60.7,77,10.2,1015.4
2022-06-17,3,66.7,89.5,2022-06-17T20:29,2022-06-17T05:24,54345.89,50528.91,0.000,0.0,18.9,34.4,268,25.08,37,61.4,62,10.9,1002.6
2022-06-18,3,59.7,71.1,2022-06-18T20:30,2022-06-18T05:24,54357.39,38289.84,0.000,0.0,19.2,36.9,320,22.54,46,48.5,53,15.2,1002.5
2022-06-19,3,54.6,72.5,2022-06-19T20:30,2022-06-19T05:24,54365.26,50537.90,0.000,0.0,18.8,36.5,324,27.82,24,39.2,42,13.3,1010.0
2022-06-20,3,55.4,79.9,2022-06-20T20:30,2022-06-20T05:24,54369.51,50893.83,0.000,0.0,11.4,19.7,308,27.91,57,44.0,45,7.8,1015.2
2022-06-21,53,58.5,79.1,2022-06-21T20:31,2022-06-21T05:24,54370.15,19327.86,0.039,3.0,8.1,15.0,175,14.14,100,51.4,56,4.5,1015.7
2022-06-22,53,62.2,69.3,2022-06-22T20:31,2022-06-22T05:25,54367.18,14822.88,0.130,11.0,14.4,27.3,127,12.68,99,60.0,83,9.8,1012.9
2022-06-23,51,60.5,72.9,2022-06-23T20:31,2022-06-23T05:25,54360.61,41189.37,0.031,6.0,9.7,19.5,127,16.71,83,59.4,78,6.7,1011.1
2022-06-24,51,58.5,80.3,2022-06-24T20:31,2022-06-24T05:25,54350.45,50191.09,0.039,6.0,12.0,23.3,204,24.69,28,61.7,78,4.9,1012.4
2022-06-25,2,64.8,90.8,2022-06-25T20:31,2022-06-25T05:26,54336.71,50400.00,0.000,0.0,15.5,29.3,224,28.98,12,61.7,66,5.0,1014.8
2022-06-26,3,68.1,87.7,2022-06-26T20:31,2022-06-26T05:26,54319.41,50400.00,0.000,0.0,19.2,34.7,188,26.54,35,62.7,64,10.0,1014.0
2022-06-27,63,67.8,79.4,2022-06-27T20:31,2022-06-27T05:26,54298.55,14629.00,0.461,9.0,12.7,26.8,224,11.54,84,66.3,76,8.4,1010.6
2022-06-28,3,66.6,81.7,2022-06-28T20:31,2022-06-28T05:27,54274.17,46800.00,0.000,0.0,8.9,17.7,334,27.82,61,53.0,54,5.7,1016.0
2022-06-29,3,64.0,84.4,2022-06-29T20:31,2022-06-29T05:27,54246.27,50400.00,0.000,0.0,16.9,32.0,195,27.54,33,58.0,62,6.2,1018.5
2022-06-30,2,63.4,88.4,2022-06-30T20:31,2022-06-30T05:28,54214.87,50400.00,0.000,0.0,11.9,23.3,274,28.28,15,57.8,57,6.6,1017.3
2022-07-01,51,68.5,92.9,2022-07-01T20:31,2022-07-01T05:28,54180.00,50400.00,0.004,1.0,20.0,36.0,215,24.91,43,66.0,67,9.4,1012.6
2022-07-02,61,73.8,87.7,2022-07-02T20:31,2022-07-02T05:29,54141.55,34345.40,0.157,5.0,12.0,24.8,229,17.49,91,70.4,77,8.9,1008.8
2022-07-03,3,70.0,88.4,2022-07-03T20:31,2022-07-03T05:29,54099.18,32400.00,0.000,0.0,9.8,19.5,341,23.48,49,59.1,60,5.4,1011.7
2022-07-04,3,63.7,87.8,2022-07-04T20:30,2022-07-04T05:30,54052.94,45313.78,0.000,0.0,9.6,17.0,302,28.01,26,50.0,43,6.0,1015.9
2022-07-05,51,68.7,86.2,2022-07-05T20:30,2022-07-05T05:30,54002.96,28760.40,0.020,2.0,18.9,35.1,191,19.15,89,61.8,64,10.1,1011.8
2022-07-06,51,71.3,89.2,2022-07-06T20:30,2022-07-06T05:31,53949.32,43839.61,0.008,1.0,11.8,23.0,299,23.62,84,65.8,66,8.9,1006.4
2022-07-07,3,68.4,81.7,2022-07-07T20:30,2022-07-07T05:31,53892.13,34497.97,0.000,0.0,11.9,23.3,110,16.40,87,62.3,66,8.1,1011.4
2022-07-08,51,67.0,85.6,2022-07-08T20:29,2022-07-08T05:32,53831.51,45885.79,0.071,8.0,9.3,19.2,187,20.80,97,66.3,77,4.5,1011.5
2022-07-09,3,69.1,86.2,2022-07-09T20:29,2022-07-09T05:33,53767.55,48362.75,0.000,0.0,12.9,27.3,63,25.14,92,61.7,65,6.6,1012.3
2022-07-10,3,65.1,82.0,2022-07-10T20:28,2022-07-10T05:33,53700.37,50400.00,0.000,0.0,14.4,27.1,106,28.73,13,55.4,56,7.8,1013.6
2022-07-11,1,63.9,84.4,2022-07-11T20:28,2022-07-11T05:34,53630.06,50400.00,0.000,0.0,20.3,36.9,190,27.17,6,59.0,64,9.8,1009.8
2022-07-12,51,67.1,92.9,2022-07-12T20:28,2022-07-12T05:35,53556.73,43200.00,0.012,3.0,19.4,36.0,219,24.33,41,64.2,61,11.5,1004.1
2022-07-13,3,70.3,91.6,2022-07-13T20:27,2022-07-13T05:36,53480.50,50002.88,0.000,0.0,16.7,32.2,210,24.64,51,63.8,60,7.3,1006.9
2022-07-14,53,70.2,89.8,2022-07-14T20:26,2022-07-14T05:37,53401.46,47308.79,0.031,1.0,10.1,21.0,321,23.00,43,62.5,59,5.1,1010.3
2022-07-15,2,68.7,84.6,2022-07-15T20:26,2022-07-15T05:37,53319.72,50400.00,0.000,0.0,12.4,25.1,124,23.25,24,59.2,58,7.0,1015.9
2022-07-16,61,69.1,82.8,2022-07-16T20:25,2022-07-16T05:38,53235.38,33723.59,0.173,10.0,9.7,20.8,154,19.22,87,67.7,80,5.1,1015.0
2022-07-17,55,68.4,83.1,2022-07-17T20:25,2022-07-17T05:39,53148.55,37651.32,0.102,5.0,11.0,21.9,163,20.37,81,68.5,80,5.3,1012.4
2022-07-18,65,72.6,86.0,2022-07-18T20:24,2022-07-18T05:40,53059.33,17838.95,0.614,13.0,14.9,30.6,198,14.04,96,71.9,84,8.4,1008.4
2022-07-19,3,70.2,91.5,2022-07-19T20:23,2022-07-19T05:41,52967.82,49921.38,0.000,0.0,13.6,25.3,264,25.84,44,66.6,65,9.1,1004.0
2022-07-20,51,72.4,93.4,2022-07-20T20:23,2022-07-20T05:41,52874.12,50400.00,0.004,1.0,11.0,21.7,214,25.19,11,68.2,62,7.0,1003.7
2022-07-21,63,76.5,91.9,2022-07-21T20:22,2022-07-21T05:42,52778.33,50361.70,0.224,1.0,14.9,33.1,211,21.79,24,71.3,68,8.7,1001.0
2022-07-22,3,71.6,94.4,2022-07-22T20:21,2022-07-22T05:43,52680.27,50400.00,0.000,0.0,17.1,32.2,218,24.49,12,66.6,63,6.0,1006.7
2022-07-23,3,73.8,95.5,2022-07-23T20:20,2022-07-23T05:44,52579.12,50400.00,0.000,0.0,14.7,29.3,206,27.19,43,66.2,60,5.5,1011.4
2022-07-24,3,75.7,97.0,2022-07-24T20:19,2022-07-24T05:45,52474.98,49961.55,0.000,0.0,17.6,32.2,232,24.93,88,64.8,52,8.8,1011.0
2022-07-25,65,76.6,88.6,2022-07-25T20:18,2022-07-25T05:46,52367.99,32368.17,0.681,5.0,13.8,30.4,221,15.01,72,71.9,74,10.1,1007.8
2022-07-26,3,68.4,84.8,2022-07-26T20:18,2022-07-26T05:47,52258.30,42659.02,0.000,0.0,12.1,24.2,277,21.54,71,59.4,57,6.5,1010.9
2022-07-27,3,64.6,83.9,2022-07-27T20:17,2022-07-27T05:48,52146.06,39117.06,0.000,0.0,12.8,24.4,188,22.09,62,61.4,64,5.7,1009.6
2022-07-28,55,72.5,88.9,2022-07-28T20:16,2022-07-28T05:49,52031.41,45608.84,0.063,4.0,14.7,28.2,198,21.00,64,71.6,78,7.3,1006.3
2022-07-29,51,72.6,87.9,2022-07-29T20:15,2022-07-29T05:49,51914.49,25261.72,0.008,1.0,11.4,21.7,257,13.33,91,65.7,64,7.1,1008.1
2022-07-30,53,72.1,90.2,2022-07-30T20:14,2022-07-30T05:50,51795.45,50400.00,0.039,2.0,13.7,26.2,313,25.29,46,59.6,55,8.2,1012.0
2022-07-31,3,66.8,85.1,2022-07-31T20:13,2022-07-31T05:51,51674.42,37971.39,0.000,0.0,11.8,22.6,151,20.46,67,62.4,64,5.8,1016.6
2022-08-01,63,70.0,80.3,2022-08-01T20:11,2022-08-01T05:52,51551.54,19434.56,0.476,13.0,12.1,21.3,196,12.52,74,66.2,76,5.1,1010.4
2022-08-02,51,70.7,91.7,2022-08-02T20:10,2022-08-02T05:53,51426.94,50400.00,0.004,1.0,10.5,21.0,246,23.77,31,66.4,65,5.8,1005.8
2022-08-03,3,70.3,90.3,2022-08-03T20:09,2022-08-03T05:54,51300.74,50400.00,0.000,0.0,13.2,25.1,245,26.65,18,64.4,64,6.6,1010.9
2022-08-04,3,71.0,92.8,2022-08-04T20:08,2022-08-04T05:55,51173.08,50381.66,0.000,0.0,16.2,29.8,193,24.54,19,68.3,67,7.5,1012.9
2022-08-05,51,73.8,90.9,2022-08-05T20:07,2022-08-05T05:56,51044.08,34826.89,0.004,1.0,8.5,17.2,224,16.98,78,68.8,64,4.9,1015.6
2022-08-06,51,74.4,90.7,2022-08-06T20:06,2022-08-06T05:57,50913.87,49203.97,0.012,3.0,15.7,30.2,213,21.94,58,71.0,71,8.6,1018.0
2022-08-07,61,74.8,93.8,2022-08-07T20:04,2022-08-07T05:58,50782.56,43991.68,0.142,7.0,16.7,32.4,223,20.70,68,72.1,73,10.3,1016.6
2022-08-08,53,77.7,94.1,2022-08-08T20:03,2022-08-08T05:59,50650.28,50068.90,0.039,2.0,13.8,27.1,221,22.90,47,71.5,65,10.0,1011.5
2022-08-09,63,79.2,98.3,2022-08-09T20:02,2022-08-09T06:00,50517.13,46129.85,0.232,2.0,12.2,28.2,250,20.41,54,73.8,69,8.8,1008.8
2022-08-10,51,73.4,89.6,2022-08-10T20:01,2022-08-10T06:01,50383.23,46544.81,0.004,1.0,13.0,25.5,358,18.42,52,67.7,69,6.9,1012.1
2022-08-11,51,72.9,89.9,2022-08-11T19:59,2022-08-11T06:02,50248.36,35857.41,0.020,2.0,9.6,18.8,332,20.76,84,64.9,65,4.8,1008.3
2022-08-12,3,70.2,84.3,2022-08-12T19:58,2022-08-12T06:03,50111.52,47397.47,0.000,0.0,13.2,25.3,4,24.76,42,53.5,47,9.8,1011.1
2022-08-13,1,63.8,80.9,2022-08-13T19:57,2022-08-13T06:04,49972.79,49396.61,0.000,0.0,12.5,24.6,10,25.16,4,50.1,49,8.4,1014.5
2022-08-14,3,62.3,82.2,2022-08-14T19:55,2022-08-14T06:05,49832.29,49182.78,0.000,0.0,15.2,28.0,183,22.35,49,54.5,56,6.9,1013.7
2022-08-15,3,64.3,82.8,2022-08-15T19:54,2022-08-15T06:06,49690.14,47225.89,0.000,0.0,10.5,22.4,166,21.79,55,57.4,60,5.1,1011.7
2022-08-16,3,64.8,82.6,2022-08-16T19:53,2022-08-16T06:07,49546.50,46928.80,0.000,0.0,14.1,28.0,65,23.50,71,57.8,62,7.3,1012.0
2022-08-17,51,65.3,80.5,2022-08-17T19:51,2022-08-17T06:08,49401.48,38691.58,0.016,3.0,12.5,20.4,8,15.27,61,57.5,62,5.0,1011.5
2022-08-18,3,63.3,87.4,2022-08-18T19:50,2022-08-18T06:09,49255.20,48303.24,0.000,0.0,10.9,21.9,292,22.27,13,55.0,56,5.6,1008.8
2022-08-19,3,64.3,89.3,2022-08-19T19:48,2022-08-19T06:10,49107.80,45909.41,0.000,0.0,16.7,30.9,201,21.47,33,57.8,54,6.7,1013.3
2022-08-20,3,70.6,89.2,2022-08-20T19:47,2022-08-20T06:11,48959.38,47171.05,0.000,0.0,12.2,24.2,186,21.21,40,63.4,61,6.6,1016.6
2022-08-21,3,69.1,82.7,2022-08-21T19:45,2022-08-21T06:12,48810.07,32728.71,0.000,0.0,13.0,25.1,152,17.22,79,66.9,75,6.7,1015.4
2022-08-22,63,70.9,76.6,2022-08-22T19:44,2022-08-22T06:13,48659.98,18497.18,0.783,20.0,10.6,21.3,132,12.18,95,69.4,88,5.3,1009.2
2022-08-23,63,70.1,84.8,2022-08-23T19:42,2022-08-23T06:14,48509.22,43627.88,0.280,6.0,9.1,18.1,237,21.36,46,67.3,77,4.5,1006.0
2022-08-24,2,67.9,88.2,2022-08-24T19:41,2022-08-24T06:15,48357.91,45872.70,0.000,0.0,9.0,17.7,289,22.81,10,60.8,60,5.8,1010.1
2022-08-25,3,67.6,90.1,2022-08-25T19:39,2022-08-25T06:16,48206.15,44812.90,0.000,0.0,12.4,22.4,240,23.06,29,60.6,58,5.5,1012.6
2022-08-26,65,70.9,85.8,2022-08-26T19:38,2022-08-26T06:17,48054.05,40928.20,1.067,7.0,13.7,25.9,213,18.84,50,67.3,73,6.6,1009.8
2022-08-27,1,68.7,85.0,2022-08-27T19:36,2022-08-27T06:18,47901.71,44530.54,0.000,0.0,7.9,16.3,11,21.17,10,65.9,71,5.4,1011.5
2022-08-28,51,71.2,81.8,2022-08-28T19:35,2022-08-28T06:19,47749.23,34159.59,0.031,5.0,10.8,20.8,109,15.17,54,68.6,81,7.5,1016.5
2022-08-29,51,70.3,83.8,2022-08-29T19:33,2022-08-29T06:20,47596.72,43747.63,0.004,1.0,14.8,27.7,173,19.17,29,70.5,83,7.3,1015.2
2022-08-30,61,71.0,86.4,2022-08-30T19:31,2022-08-30T06:21,47444.27,43078.21,0.106,2.0,17.4,32.7,188,19.48,47,70.9,81,9.8,1008.1
2022-08-31,51,69.0,83.8,2022-08-31T19:30,2022-08-31T06:22,47291.65,44200.25,0.031,4.0,12.8,25.1,289,21.92,23,60.3,63,8.1,1005.1
2022-09-01,1,67.3,85.0,2022-09-01T19:28,2022-09-01T06:23,47137.86,44273.40,0.000,0.0,11.2,22.1,295,23.33,5,52.5,47,9.0,1009.5
2022-09-02,3,60.2,77.6,2022-09-02T19:27,2022-09-02T06:24,46982.90,44095.15,0.000,0.0,9.2,17.9,66,23.02,16,55.2,63,6.4,1019.3
2022-09-03,3,63.4,80.4,2022-09-03T19:25,2022-09-03T06:25,46826.90,35926.73,0.000,0.0,10.7,19.9,143,19.51,75,61.7,73,5.1,1020.2
2022-09-04,51,69.0,85.9,2022-09-04T19:23,2022-09-04T06:26,46669.96,43200.00,0.047,8.0,7.4,17.0,213,16.19,92,66.8,75,4.3,1015.8
2022-09-05,61,69.4,83.1,2022-09-05T19:22,2022-09-05T06:27,46512.20,22657.32,0.165,8.0,8.4,19.7,113,14.56,100,68.8,80,4.0,1014.6
2022-09-06,63,68.7,72.5,2022-09-06T19:20,2022-09-06T06:28,46353.71,2736.75,1.224,20.0,12.4,22.1,120,4.39,95,67.9,90,7.7,1011.9
2022-09-07,55,65.3,73.0,2022-09-07T19:18,2022-09-07T06:29,46194.59,5739.00,0.075,4.0,13.6,24.2,48,7.74,100,62.8,82,9.9,1011.6
2022-09-08,3,64.1,75.3,2022-09-08T19:17,2022-09-08T06:30,46034.96,28500.89,0.000,0.0,9.6,19.0,29,13.02,54,60.9,76,6.2,1009.4
2022-09-09,0,61.6,79.5,2022-09-09T19:15,2022-09-09T06:31,45874.91,43372.26,0.000,0.0,7.3,14.8,63,22.10,0,58.0,72,5.3,1013.7
2022-09-10,3,59.7,81.5,2022-09-10T19:13,2022-09-10T06:32,45714.53,43400.68,0.000,0.0,7.9,15.4,209,21.45,48,59.5,72,4.4,1019.0
2022-09-11,61,66.2,76.3,2022-09-11T19:12,2022-09-11T06:33,45553.92,2172.58,0.508,13.0,7.7,13.6,205,6.30,100,63.4,81,3.8,1016.1
2022-09-12,63,68.6,82.6,2022-09-12T19:10,2022-09-12T06:34,45393.19,36014.78,0.350,7.0,9.2,16.6,230,14.15,93,68.3,84,4.7,1006.9
2022-09-13,61,69.1,79.1,2022-09-13T19:08,2022-09-13T06:35,45232.42,31736.04,0.327,16.0,12.1,21.0,219,12.47,70,67.2,83,5.7,1003.8
2022-09-14,2,60.6,79.7,2022-09-14T19:07,2022-09-14T06:35,45071.72,43211.75,0.000,0.0,12.5,23.0,283,20.13,7,57.7,68,8.0,1009.5
2022-09-15,1,60.3,71.7,2022-09-15T19:05,2022-09-15T06:36,44911.16,43200.00,0.000,0.0,11.3,23.0,328,21.45,4,52.4,62,8.5,1016.3
2022-09-16,3,53.6,74.8,2022-09-16T19:03,2022-09-16T06:37,44750.86,43131.12,0.000,0.0,6.4,13.4,336,21.10,33,49.4,62,3.9,1018.0
2022-09-17,3,62.4,73.5,2022-09-17T19:02,2022-09-17T06:38,44590.90,43030.36,0.000,0.0,10.5,19.9,115,18.50,54,57.8,73,6.1,1019.8
2022-09-18,3,63.0,83.9,2022-09-18T19:00,2022-09-18T06:39,44431.37,42930.12,0.000,0.0,12.5,22.8,233,19.80,42,61.1,70,9.0,1013.9
2022-09-19,63,66.5,86.4,2022-09-19T18:58,2022-09-19T06:40,44272.36,35105.65,0.193,3.0,13.9,27.5,241,17.26,51,62.8,71,8.0,1008.8
2022-09-20,3,64.0,78.4,2022-09-20T18:57,2022-09-20T06:41,44113.63,42730.95,0.000,0.0,11.8,21.9,296,16.74,19,60.3,72,7.6,1007.9
2022-09-21,3,61.1,80.0,2022-09-21T18:55,2022-09-21T06:42,43954.13,42339.13,0.000,0.0,12.0,22.8,252,18.78,38,59.7,74,6.5,1009.0
2022-09-22,63,58.0,77.0,2022-09-22T18:53,2022-09-22T06:43,43793.88,13840.06,0.358,7.0,15.3,27.7,273,6.37,56,58.0,72,10.3,1000.7
2022-09-23,0,50.3,61.8,2022-09-23T18:51,2022-09-23T06:44,43633.00,42428.46,0.000,0.0,19.3,35.3,323,20.07,4,39.0,54,14.9,1008.9
2022-09-24,3,49.4,69.3,2022-09-24T18:50,2022-09-24T06:45,43471.56,42326.73,0.000,0.0,11.7,23.3,295,17.61,38,42.2,57,7.9,1011.1
2022-09-25,51,53.5,75.0,2022-09-25T18:48,2022-09-25T06:46,43309.69,12836.09,0.012,1.0,13.8,25.5,207,9.51,75,52.8,70,6.8,1003.1
2022-09-26,3,55.9,74.8,2022-09-26T18:46,2022-09-26T06:47,43147.48,42122.59,0.000,0.0,15.5,28.4,239,17.58,12,51.4,65,10.1,1001.5
2022-09-27,3,56.8,70.7,2022-09-27T18:45,2022-09-27T06:48,42985.03,36782.66,0.000,0.0,12.6,24.4,245,16.79,56,45.8,56,8.2,1006.7
2022-09-28,3,50.8,69.8,2022-09-28T18:43,2022-09-28T06:49,42822.45,37277.13,0.000,0.0,10.9,21.5,298,14.98,38,45.7,59,7.9,1015.0
2022-09-29,3,52.3,66.7,2022-09-29T18:41,2022-09-29T06:50,42659.83,38649.60,0.000,0.0,12.0,23.0,8,18.13,48,46.0,63,9.9,1022.7
2022-09-30,3,50.9,62.4,2022-09-30T18:40,2022-09-30T06:51,42497.27,15849.33,0.000,0.0,10.0,19.5,38,10.63,100,46.2,68,8.5,1021.3
2022-10-01,63,52.9,63.6,2022-10-01T18:38,2022-10-01T06:52,42334.89,7345.91,0.634,14.0,19.2,34.7,40,6.42,100,52.6,82,13.3,1012.9
2022-10-02,61,51.9,59.0,2022-10-02T18:36,2022-10-02T06:53,42172.78,0.00,0.248,9.0,19.2,36.2,34,2.49,100,43.9,65,15.7,1014.3
2022-10-03,63,48.8,53.5,2022-10-03T18:35,2022-10-03T06:54,42011.04,0.00,0.610,14.0,17.6,32.4,29,3.39,100,40.1,67,15.0,1018.5
2022-10-04,65,47.2,55.2,2022-10-04T18:33,2022-10-04T06:56,41849.78,0.00,6.189,24.0,18.7,37.4,18,3.28,100,48.0,88,16.8,1011.7
2022-10-05,63,54.7,60.7,2022-10-05T18:31,2022-10-05T06:57,41689.11,1169.23,0.413,12.0,16.3,29.5,15,5.08,88,54.2,90,11.6,1008.8
2022-10-06,3,52.3,72.6,2022-10-06T18:30,2022-10-06T06:58,41529.12,39929.69,0.000,0.0,7.9,13.2,314,17.16,32,53.1,78,4.8,1010.6
2022-10-07,51,53.1,75.0,2022-10-07T18:28,2022-10-07T06:59,41369.93,39399.64,0.012,1.0,10.5,19.7,275,16.00,40,53.5,73,6.5,1010.8
2022-10-08,51,44.9,58.5,2022-10-08T18:26,2022-10-08T07:00,41211.64,36688.03,0.024,2.0,12.3,21.9,316,13.75,41,39.4,61,8.3,1016.4
2022-10-09,2,42.9,61.8,2022-10-09T18:25,2022-10-09T07:01,41054.36,39273.22,0.000,0.0,12.1,23.0,258,16.60,6,39.0,64,7.5,1016.7
2022-10-10,3,45.5,67.7,2022-10-10T18:23,2022-10-10T07:02,40897.83,36878.20,0.000,0.0,10.5,20.8,253,15.15,34,42.1,62,5.9,1018.3
2022-10-11,0,46.6,68.0,2022-10-11T18:22,2022-10-11T07:03,40740.90,39145.48,0.000,0.0,8.8,16.1,233,16.19,0,47.9,75,4.6,1021.6
2022-10-12,3,48.7,67.1,2022-10-12T18:20,2022-10-12T07:04,40583.59,39080.95,0.000,0.0,14.5,26.2,189,16.08,59,48.6,72,7.4,1018.5
2022-10-13,61,56.3,70.0,2022-10-13T18:19,2022-10-13T07:05,40426.03,9263.57,0.185,6.0,17.0,30.6,163,6.02,100,59.5,88,10.8,1007.8
2022-10-14,63,50.6,66.4,2022-10-14T18:17,2022-10-14T07:06,40268.33,33262.46,0.264,4.0,14.0,28.9,318,12.43,36,48.5,74,8.2,1007.8
2022-10-15,1,46.3,66.5,2022-10-15T18:16,2022-10-15T07:07,40110.60,38884.84,0.000,0.0,14.8,26.6,175,15.72,5,47.2,73,7.1,1012.0
2022-10-16,3,50.0,64.0,2022-10-16T18:14,2022-10-16T07:08,39952.97,37828.75,0.000,0.0,7.7,15.0,295,13.12,45,46.6,74,4.6,1009.9
2022-10-17,53,51.5,65.8,2022-10-17T18:13,2022-10-17T07:09,39795.56,29977.41,0.130,14.0,10.2,22.1,200,9.74,97,51.4,79,5.7,1001.9
2022-10-18,53,45.4,56.7,2022-10-18T18:11,2022-10-18T07:10,39638.49,36000.00,0.055,4.0,10.5,18.6,275,14.92,44,37.1,60,7.7,1000.5
2022-10-19,3,39.8,53.9,2022-10-19T18:10,2022-10-19T07:12,39481.90,36477.36,0.000,0.0,15.7,30.6,240,12.45,21,33.0,60,9.3,1006.1
2022-10-20,0,41.4,57.7,2022-10-20T18:08,2022-10-20T07:13,39325.89,38550.55,0.000,0.0,15.7,29.5,223,15.27,2,34.8,59,10.8,1011.0
2022-10-21,0,41.5,60.9,2022-10-21T18:07,2022-10-21T07:14,39170.61,38482.73,0.000,0.0,7.0,12.5,215,15.01,0,38.6,65,4.5,1015.9
2022-10-22,3,42.9,64.0,2022-10-22T18:05,2022-10-22T07:15,39016.18,36451.30,0.000,0.0,7.0,14.5,192,14.45,36,43.7,73,4.2,1020.4
2022-10-23,65,49.5,60.4,2022-10-23T18:04,2022-10-23T07:16,38862.75,0.00,0.594,10.0,12.2,21.0,30,4.06,100,49.9,82,8.7,1020.7
2022-10-24,63,53.8,61.5,2022-10-24T18:02,2022-10-24T07:17,38710.44,0.00,0.937,16.0,11.3,22.1,35,3.34,100,55.6,94,9.6,1017.2
2022-10-25,55,59.0,70.1,2022-10-25T18:01,2022-10-25T07:18,38559.39,19808.66,0.169,8.0,7.8,15.9,109,6.21,93,63.2,96,5.5,1014.3
2022-10-26,51,60.4,70.2,2022-10-26T18:00,2022-10-26T07:19,38409.75,21310.08,0.008,2.0,10.1,18.1,202,7.48,79,62.7,92,5.6,1006.3
2022-10-27,0,50.6,63.4,2022-10-27T17:58,2022-10-27T07:21,38261.66,37160.19,0.000,0.0,15.0,28.0,331,13.66,2,44.5,63,10.6,1014.8
2022-10-28,3,43.7,55.8,2022-10-28T17:57,2022-10-28T07:22,38115.27,34347.75,0.000,0.0,11.9,20.4,32,11.93,74,36.3,62,8.6,1028.1
2022-10-29,1,42.0,58.4,2022-10-29T17:56,2022-10-29T07:23,37970.72,37086.80,0.000,0.0,6.5,14.1,30,13.82,8,39.5,72,4.8,1027.0
2022-10-30,3,39.3,61.3,2022-10-30T17:54,2022-10-30T07:24,37827.75,37052.70,0.000,0.0,5.9,11.2,12,13.63,49,40.3,75,4.1,1020.0
2022-10-31,61,49.7,63.2,2022-10-31T17:53,2022-10-31T07:25,37685.11,23488.57,0.189,5.0,9.0,18.1,219,7.59,96,51.1,84,4.3,1014.0
2022-11-01,61,56.2,67.1,2022-11-01T17:52,2022-11-01T07:26,37542.84,19734.84,0.220,10.0,9.6,17.7,269,5.84,73,56.9,90,6.0,1012.4
2022-11-02,0,51.0,68.3,2022-11-02T17:51,2022-11-02T07:28,37401.07,35982.53,0.000,0.0,10.4,18.3,350,12.59,1,50.7,75,5.9,1020.7
2022-11-03,0,47.6,64.3,2022-11-03T17:50,2022-11-03T07:29,37259.96,35625.36,0.000,0.0,6.7,12.8,137,12.51,1,48.3,81,4.3,1024.5
2022-11-04,3,45.4,68.2,2022-11-04T17:48,2022-11-04T07:30,37119.63,34049.44,0.000,0.0,8.5,15.9,198,10.74,59,53.4,89,4.8,1023.4
2022-11-05,3,59.0,72.9,2022-11-05T17:47,2022-11-05T07:31,36980.25,34422.17,0.000,0.0,16.8,28.9,182,10.43,73,59.9,85,9.8,1019.6
2022-11-06,63,63.8,74.1,2022-11-06T17:46,2022-11-06T07:32,36841.95,17996.87,0.122,3.0,13.7,25.7,193,6.20,75,61.7,81,10.9,1018.2
2022-11-07,51,57.9,74.8,2022-11-07T17:45,2022-11-07T07:33,36704.91,34840.80,0.028,4.0,13.8,24.4,268,11.39,18,52.4,64,10.5,1018.1
2022-11-08,2,45.9,56.2,2022-11-08T17:44,2022-11-08T07:35,36569.26,34826.68,0.000,0.0,14.3,24.8,355,12.02,11,30.8,47,10.5,1029.1
2022-11-09,3,39.6,51.1,2022-11-09T17:43,2022-11-09T07:36,36435.17,34801.87,0.000,0.0,11.3,19.9,42,11.79,11,33.0,63,6.2,1032.4
2022-11-10,3,44.3,63.5,2022-11-10T17:42,2022-11-10T07:37,36302.81,34626.06,0.000,0.0,8.6,16.8,219,11.13,19,46.6,82,5.5,1024.1
2022-11-11,63,52.2,65.9,2022-11-11T17:41,2022-11-11T07:38,36172.34,0.00,0.862,13.0,20.8,36.2,161,2.15,100,58.2,93,7.5,1011.5
2022-11-12,53,57.0,68.4,2022-11-12T17:40,2022-11-12T07:39,36043.93,33691.14,0.075,5.0,20.1,36.2,229,9.99,58,58.3,80,12.1,998.7
2022-11-13,61,42.6,56.7,2022-11-13T17:39,2022-11-13T07:41,35917.74,19226.91,0.126,6.0,16.3,30.9,317,5.94,64,39.7,68,10.5,1007.6
2022-11-14,1,35.9,45.6,2022-11-14T17:38,2022-11-14T07:42,35793.96,34096.85,0.000,0.0,12.4,21.9,312,11.25,3,25.9,56,8.9,1021.5
2022-11-15,61,35.0,45.4,2022-11-15T17:37,2022-11-15T07:43,35672.77,10823.39,0.287,6.0,13.3,22.8,35,5.73,75,31.4,73,6.9,1025.2
2022-11-16,63,39.0,52.2,2022-11-16T17:37,2022-11-16T07:44,35554.35,24492.56,0.476,10.0,17.3,31.5,322,7.49,88,37.8,77,12.8,1009.4
2022-11-17,3,36.0,46.8,2022-11-17T17:36,2022-11-17T07:45,35438.88,30250.16,0.000,0.0,19.2,35.8,268,9.01,45,26.3,59,12.1,1010.0
2022-11-18,73,32.6,43.1,2022-11-18T17:35,2022-11-18T07:46,35326.54,33536.11,0.020,2.0,18.4,34.2,254,10.40,24,23.0,57,11.3,1015.1
2022-11-19,2,28.9,39.6,2022-11-19T17:34,2022-11-19T07:48,35217.12,33562.28,0.000,0.0,11.9,23.3,250,10.85,10,19.6,55,8.3,1017.6
2022-11-20,71,27.9,36.0,2022-11-20T17:34,2022-11-20T07:49,35109.49,33587.50,0.008,1.0,20.4,37.8,278,10.58,8,14.9,49,12.6,1015.8
2022-11-21,3,25.7,39.2,2022-11-21T17:33,2022-11-21T07:50,35003.68,33611.74,0.000,0.0,14.6,25.5,231,10.43,22,16.4,52,9.5,1024.7
2022-11-22,1,32.4,49.1,2022-11-22T17:33,2022-11-22T07:51,34899.80,33289.25,0.000,0.0,12.4,22.8,247,10.16,1,26.5,59,7.2,1022.1
2022-11-23,0,35.4,53.0,2022-11-23T17:32,2022-11-23T07:52,34798.01,33310.60,0.000,0.0,8.3,16.1,293,10.04,0,28.7,59,6.6,1019.3
2022-11-24,3,33.8,51.1,2022-11-24T17:31,2022-11-24T07:53,34698.45,32983.58,0.000,0.0,8.3,14.1,160,9.64,37,35.9,81,4.8,1023.6
2022-11-25,61,40.7,53.4,2022-11-25T17:31,2022-11-25T07:54,34601.25,14400.00,0.161,6.0,15.6,29.8,263,3.77,73,39.7,81,9.8,1009.9
2022-11-26,3,40.3,54.0,2022-11-26T17:30,2022-11-26T07:55,34506.55,32976.63,0.000,0.0,12.8,23.0,282,9.66,32,31.8,59,9.7,1011.9
2022-11-27,63,41.5,57.3,2022-11-27T17:30,2022-11-27T07:57,34414.50,2300.34,0.417,10.0,15.8,31.5,215,2.76,96,40.9,76,9.3,1002.9
2022-11-28,3,40.4,53.6,2022-11-28T17:30,2022-11-28T07:58,34325.24,25029.81,0.000,0.0,16.4,29.8,295,7.60,41,39.4,69,13.1,1001.5
2022-11-29,3,32.2,43.3,2022-11-29T17:29,2022-11-29T07:59,34238.93,32158.56,0.000,0.0,8.7,15.7,332,7.51,60,30.3,75,4.5,1020.0
2022-11-30,63,33.6,55.4,2022-11-30T17:29,2022-11-30T08:00,34155.70,0.00,0.535,9.0,23.5,40.9,202,0.97,92,41.9,85,12.3,1010.5
2022-12-01,3,32.7,42.9,2022-12-01T17:29,2022-12-01T08:01,34075.71,32367.30,0.000,0.0,18.3,33.6,281,8.35,21,20.7,51,12.0,1018.7
2022-12-02,3,26.9,41.0,2022-12-02T17:28,2022-12-02T08:02,33999.11,32315.00,0.000,0.0,7.2,15.2,228,9.32,13,25.9,70,5.0,1028.7
2022-12-03,61,39.7,56.2,2022-12-03T17:28,2022-12-03T08:03,33926.04,280.63,0.323,10.0,19.9,39.1,223,1.35,81,44.5,82,14.6,1016.7
2022-12-04,3,32.5,44.2,2022-12-04T17:28,2022-12-04T08:04,33856.67,28248.59,0.000,0.0,13.5,23.3,301,9.08,20,25.8,60,7.3,1018.2
2022-12-05,3,27.2,43.4,2022-12-05T17:28,2022-12-05T08:05,33791.14,31790.96,0.000,0.0,7.7,15.2,204,8.55,42,26.9,73,4.7,1020.7
2022-12-06,61,33.4,54.1,2022-12-06T17:28,2022-12-06T08:06,33729.60,0.00,0.461,12.0,13.8,25.5,144,1.01,100,45.0,92,8.0,1021.6
2022-12-07,63,52.6,58.0,2022-12-07T17:28,2022-12-07T08:07,33672.20,0.00,0.402,12.0,13.8,25.3,204,1.73,89,54.0,96,7.3,1017.2
2022-12-08,3,42.3,52.7,2022-12-08T17:28,2022-12-08T08:07,33619.11,23505.88,0.000,0.0,12.1,21.5,328,5.83,68,39.8,74,9.7,1018.5
2022-12-09,1,33.2,44.4,2022-12-09T17:28,2022-12-09T08:08,33570.23,31960.50,0.000,0.0,12.5,21.5,2,9.14,2,25.9,63,10.4,1021.4
2022-12-10,3,29.0,40.8,2022-12-10T17:28,2022-12-10T08:09,33524.97,31530.13,0.000,0.0,10.8,20.1,32,8.85,35,22.8,63,8.5,1024.2
2022-12-11,73,33.9,39.5,2022-12-11T17:28,2022-12-11T08:10,33483.32,0.00,0.386,12.0,11.2,20.8,57,1.20,100,32.1,83,8.1,1019.7
2022-12-12,73,27.6,39.4,2022-12-12T17:28,2022-12-12T08:11,33445.32,28182.68,0.047,5.0,13.6,24.6,2,7.49,48,28.0,80,9.0,1017.4
2022-12-13,0,23.7,40.6,2022-12-13T17:28,2022-12-13T08:11,33411.01,31760.66,0.000,0.0,9.1,17.0,326,9.13,0,20.3,68,7.7,1020.5
2022-12-14,3,28.7,39.9,2022-12-14T17:28,2022-12-14T08:12,33380.42,31710.19,0.000,0.0,13.8,24.6,328,8.95,52,20.2,61,9.3,1016.8
2022-12-15,73,29.1,40.5,2022-12-15T17:29,2022-12-15T08:13,33353.59,0.00,0.654,10.0,19.7,35.1,59,1.48,100,30.7,82,11.9,1017.5
2022-12-16,75,37.8,43.7,2022-12-16T17:29,2022-12-16T08:13,33330.55,0.00,0.705,22.0,20.9,37.1,36,1.55,100,38.5,92,16.8,1000.9
2022-12-17,51,33.7,44.2,2022-12-17T17:29,2022-12-17T08:14,33311.35,29360.47,0.012,2.0,14.7,27.3,279,8.08,34,28.6,69,11.2,1002.7
2022-12-18,3,27.6,39.2,2022-12-18T17:30,2022-12-18T08:15,33296.00,30827.13,0.000,0.0,13.5,25.1,283,7.03,29,21.9,64,8.7,1009.2
2022-12-19,2,28.1,38.3,2022-12-19T17:30,2022-12-19T08:15,33284.54,31461.76,0.000,0.0,14.0,26.6,287,8.77,6,19.5,59,11.6,1018.5
2022-12-20,2,28.0,38.8,2022-12-20T17:31,2022-12-20T08:16,33276.99,31775.63,0.000,0.0,11.4,21.5,314,8.77,7,21.6,65,8.5,1024.8
2022-12-21,3,25.0,37.8,2022-12-21T17:31,2022-12-21T08:16,33273.39,30867.47,0.000,0.0,5.6,11.0,330,8.62,46,23.0,75,3.7,1028.0
2022-12-22,61,27.4,44.4,2022-12-22T17:32,2022-12-22T08:17,33273.75,2712.77,0.287,11.0,19.7,34.7,62,2.02,100,34.4,89,9.9,1021.8
2022-12-23,73,9.0,55.4,2022-12-23T17:32,2022-12-23T08:17,33278.09,2566.50,0.803,14.0,27.7,51.7,206,1.88,74,31.7,79,20.8,989.8
2022-12-24,3,7.5,19.8,2022-12-24T17:33,2022-12-24T08:18,33286.44,31957.68,0.000,0.0,20.6,40.9,260,8.69,20,-11.3,34,16.8,1004.5
2022-12-25,0,14.1,29.1,2022-12-25T17:33,2022-12-25T08:18,33298.82,32278.10,0.000,0.0,15.1,27.7,249,8.95,0,0.3,41,12.2,1009.2
2022-12-26,3,17.6,30.6,2022-12-26T17:34,2022-12-26T08:19,33315.23,30947.07,0.000,0.0,11.9,21.0,266,8.79,49,3.9,43,8.7,1018.3
2022-12-27,3,23.4,39.1,2022-12-27T17:35,2022-12-27T08:19,33335.71,31552.03,0.000,0.0,10.4,19.2,253,8.66,40,14.1,53,6.8,1021.1
2022-12-28,3,24.8,43.8,2022-12-28T17:35,2022-12-28T08:19,33360.23,31171.86,0.000,0.0,11.3,21.5,218,8.40,62,23.1,67,6.7,1022.2
2022-12-29,3,30.2,47.0,2022-12-29T17:36,2022-12-29T08:19,33388.94,30427.42,0.000,0.0,9.3,18.3,222,8.32,68,29.9,76,6.8,1021.9
2022-12-30,3,36.0,55.8,2022-12-30T17:37,2022-12-30T08:20,33422.09,30004.08,0.000,0.0,8.5,16.1,211,8.18,49,36.0,75,6.5,1020.9
2022-12-31,61,42.7,52.2,2022-12-31T17:37,2022-12-31T08:20,33459.60,0.00,0.217,10.0,8.6,17.7,208,1.60,100,47.4,97,5.3,1012.3
2023-01-01,55,40.5,52.7,2023-01-01T17:38,2023-01-01T08:20,33501.36,30360.72,0.083,3.0,10.7,20.4,281,7.87,46,43.1,83,8.0,1008.2
2023-01-02,51,40.6,54.6,2023-01-02T17:39,2023-01-02T08:20,33547.26,16084.80,0.031,4.0,6.0,10.1,254,5.77,90,41.8,84,4.3,1015.4
2023-01-03,63,44.8,55.5,2023-01-03T17:40,2023-01-03T08:20,33597.18,0.00,0.469,10.0,12.0,20.1,194,1.35,100,48.3,96,5.9,1011.1
2023-01-04,53,51.1,64.0,2023-01-04T17:41,2023-01-04T08:20,33651.01,21983.38,0.083,4.0,10.8,19.5,215,6.63,97,54.3,94,6.9,1006.4
2023-01-05,3,45.2,55.5,2023-01-05T17:42,2023-01-05T08:20,33708.63,9406.10,0.000,0.0,7.9,14.8,75,4.44,97,47.3,92,5.4,1009.0
2023-01-06,61,38.0,46.9,2023-01-06T17:43,2023-01-06T08:20,33769.92,10004.12,0.311,13.0,10.3,17.9,311,3.76,71,38.8,86,6.1,1011.6
2023-01-07,3,32.6,46.6,2023-01-07T17:44,2023-01-07T08:20,33834.77,16567.24,0.000,0.0,11.9,23.0,293,6.90,49,28.7,69,8.3,1016.6
2023-01-08,3,28.1,39.7,2023-01-08T17:45,2023-01-08T08:20,33903.06,30559.89,0.000,0.0,8.7,15.2,289,8.87,37,25.2,69,5.6,1021.0
2023-01-09,73,33.3,44.7,2023-01-09T17:46,2023-01-09T08:19,33974.67,28062.53,0.067,5.0,10.7,19.9,282,7.94,43,29.6,76,5.8,1010.8
2023-01-10,3,32.8,43.3,2023-01-10T17:47,2023-01-10T08:19,34049.48,20250.50,0.000,0.0,9.7,18.6,285,5.83,80,26.8,67,6.4,1012.8
2023-01-11,3,29.5,38.1,2023-01-11T17:48,2023-01-11T08:19,34127.38,22602.37,0.000,0.0,8.2,14.5,50,6.74,82,24.0,69,6.1,1019.3
2023-01-12,63,31.1,50.4,2023-01-12T17:49,2023-01-12T08:19,34208.25,0.00,0.425,13.0,12.5,22.8,117,1.76,89,38.6,89,8.0,1014.4
2023-01-13,53,37.8,55.0,2023-01-13T17:50,2023-01-13T08:18,34291.97,7200.00,0.087,12.0,16.3,29.3,243,3.70,100,42.3,79,12.6,998.9
2023-01-14,3,30.6,37.3,2023-01-14T17:51,2023-01-14T08:18,34378.44,0.00,0.000,0.0,15.9,28.4,351,2.15,99,19.8,57,14.3,1005.6
2023-01-15,3,28.5,40.6,2023-01-15T17:52,2023-01-15T08:18,34467.53,33388.12,0.000,0.0,18.3,33.3,354,9.61,38,15.8,51,16.0,1011.7
2023-01-16,2,27.4,46.7,2023-01-16T17:53,2023-01-16T08:17,34559.13,32383.24,0.000,0.0,14.5,25.7,339,9.98,13,13.4,42,9.9,1008.8
2023-01-17,53,28.0,45.0,2023-01-17T17:54,2023-01-17T08:17,34653.13,14851.49,0.035,2.0,8.2,15.2,254,5.49,69,22.1,56,5.2,1002.8
2023-01-18,51,37.3,51.0,2023-01-18T17:56,2023-01-18T08:16,34749.77,28531.29,0.012,2.0,15.4,28.9,282,7.33,54,36.9,77,9.7,1004.7
2023-01-19,63,37.0,41.6,2023-01-19T17:57,2023-01-19T08:16,34850.05,0.00,0.661,15.0,9.4,25.7,48,1.37,99,36.9,91,6.1,1009.2
2023-01-20,53,35.4,47.4,2023-01-20T17:58,2023-01-20T08:15,34953.86,22678.88,0.020,1.0,18.0,32.7,287,6.30,63,35.6,81,10.3,1001.0
2023-01-21,51,28.1,42.9,2023-01-21T17:59,2023-01-21T08:15,35061.02,25302.23,0.008,2.0,11.7,21.9,317,7.62,52,26.3,67,7.6,1015.1
2023-01-22,61,25.4,41.7,2023-01-22T18:00,2023-01-22T08:14,35171.34,16630.01,0.209,5.0,9.9,21.3,120,5.48,85,28.2,80,5.6,1015.6
2023-01-23,73,33.9,37.3,2023-01-23T18:01,2023-01-23T08:13,35284.64,945.98,0.650,20.0,14.3,25.5,331,2.12,90,33.4,90,11.9,1000.4
2023-01-24,3,29.9,45.6,2023-01-24T18:03,2023-01-24T08:12,35400.73,29433.89,0.000,0.0,17.3,31.5,273,10.33,45,24.9,65,9.8,1015.5
2023-01-25,73,27.6,51.5,2023-01-25T18:04,2023-01-25T08:12,35519.43,0.00,0.740,10.0,24.8,52.8,116,2.37,100,31.5,85,8.9,1016.6
2023-01-26,63,37.4,53.4,2023-01-26T18:05,2023-01-26T08:11,35640.58,33827.90,0.551,7.0,21.3,48.1,256,9.23,60,35.1,70,15.0,998.9
2023-01-27,3,29.3,43.0,2023-01-27T18:06,2023-01-27T08:10,35763.98,31464.28,0.000,0.0,11.8,22.1,251,9.41,21,24.6,65,7.6,1014.3
2023-01-28,3,30.4,51.1,2023-01-28T18:08,2023-01-28T08:09,35889.48,29419.52,0.000,0.0,14.1,26.6,229,10.39,65,27.0,61,8.9,1019.6
2023-01-29,3,31.9,50.5,2023-01-29T18:09,2023-01-29T08:08,36016.91,9127.25,0.000,0.0,12.7,22.8,212,4.84,94,33.4,73,7.7,1019.4
2023-01-30,3,37.0,52.6,2023-01-30T18:10,2023-01-30T08:07,36146.10,28387.21,0.000,0.0,7.8,14.1,229,9.57,67,38.1,83,5.6,1016.6
2023-01-31,73,32.2,43.7,2023-01-31T18:11,2023-01-31T08:07,36276.89,4808.62,0.098,8.0,11.6,20.6,336,4.15,99,26.8,68,7.1,1017.6
2023-02-01,73,26.0,37.2,2023-02-01T18:13,2023-02-01T08:06,36409.12,35338.23,0.071,5.0,9.2,17.2,343,11.61,47,14.9,52,6.8,1020.1
2023-02-02,3,24.1,39.0,2023-02-02T18:14,2023-02-02T08:05,36542.65,33584.74,0.000,0.0,11.2,21.3,231,11.67,72,15.3,52,6.3,1016.3
2023-02-03,3,12.4,32.6,2023-02-03T18:15,2023-02-03T08:04,36677.31,35458.30,0.000,0.0,26.3,46.3,301,12.66,39,2.4,41,18.3,1012.1
2023-02-04,2,1.6,24.7,2023-02-04T18:16,2023-02-04T08:03,36812.95,35520.34,0.000,0.0,25.0,46.5,291,12.76,21,-10.8,32,12.1,1029.7
2023-02-05,3,23.1,47.9,2023-02-05T18:17,2023-02-05T08:02,36949.43,30319.72,0.000,0.0,11.8,22.6,211,9.58,97,17.9,53,8.9,1018.6
2023-02-06,3,30.1,49.8,2023-02-06T18:19,2023-02-06T08:00,37086.61,30827.20,0.000,0.0,17.5,31.5,345,10.94,28,29.7,69,10.1,1012.6
2023-02-07,73,24.2,38.4,2023-02-07T18:20,2023-02-07T07:59,37224.78,26286.51,0.047,2.0,12.5,23.5,133,10.37,64,23.7,70,8.1,1021.4
2023-02-08,71,34.2,50.3,2023-02-08T18:21,2023-02-08T07:58,37365.20,35781.68,0.075,1.0,13.5,25.3,289,12.10,35,32.6,74,7.9,1018.0
2023-02-09,3,28.0,51.3,2023-02-09T18:22,2023-02-09T07:57,37507.82,358.12,0.000,0.0,12.8,23.0,156,3.33,86,34.6,81,6.5,1017.6
2023-02-10,3,42.2,56.5,2023-02-10T18:24,2023-02-10T07:56,37652.46,35976.16,0.000,0.0,16.9,31.1,263,12.88,43,40.6,67,12.2,1007.9
2023-02-11,3,31.5,44.1,2023-02-11T18:25,2023-02-11T07:55,37798.96,36011.21,0.000,0.0,15.6,27.3,304,13.62,22,23.1,55,9.0,1019.3
2023-02-12,73,29.5,44.4,2023-02-12T18:26,2023-02-12T07:53,37947.16,13539.67,0.028,1.0,10.4,17.2,345,7.95,100,26.7,68,4.2,1014.6
2023-02-13,73,35.9,55.1,2023-02-13T18:27,2023-02-13T07:52,38096.90,36000.00,0.024,3.0,13.6,23.0,331,13.86,51,24.6,48,10.2,999.6
2023-02-14,3,36.4,51.9,2023-02-14T18:28,2023-02-14T07:51,38248.03,36537.69,0.000,0.0,14.6,25.3,289,14.13,18,27.0,54,9.9,1011.5
2023-02-15,3,37.9,62.0,2023-02-15T18:30,2023-02-15T07:50,38400.38,30334.14,0.000,0.0,16.0,29.3,203,12.62,77,37.6,63,10.8,1013.4
2023-02-16,61,48.6,66.7,2023-02-16T18:31,2023-02-16T07:48,38553.81,21356.92,0.114,3.0,10.8,20.4,229,8.19,90,45.4,72,6.9,1010.8
2023-02-17,71,32.2,59.6,2023-02-17T18:32,2023-02-17T07:47,38708.18,0.00,0.272,9.0,20.5,41.8,267,3.14,91,43.9,83,13.3,1001.6
2023-02-18,2,26.8,42.3,2023-02-18T18:33,2023-02-18T07:45,38863.34,37012.90,0.000,0.0,16.2,29.8,283,15.05,11,16.9,51,10.0,1020.4
2023-02-19,61,31.4,46.6,2023-02-19T18:35,2023-02-19T07:44,39019.14,16245.77,0.059,1.0,17.7,31.5,188,8.50,90,29.8,70,9.1,1020.5
2023-02-20,3,41.7,59.1,2023-02-20T18:36,2023-02-20T07:43,39175.46,15017.10,0.000,0.0,14.3,25.9,254,7.92,77,39.7,77,7.8,1003.5
2023-02-21,61,34.6,46.1,2023-02-21T18:37,2023-02-21T07:41,39332.16,5588.74,0.213,8.0,9.9,25.1,33,5.65,84,35.0,84,6.4,1000.6
2023-02-22,73,31.1,41.9,2023-02-22T18:38,2023-02-22T07:40,39489.09,11397.47,0.181,10.0,9.5,18.6,355,6.54,77,29.8,78,5.5,1014.2
2023-02-23,51,36.4,45.0,2023-02-23T18:39,2023-02-23T07:38,39646.14,10774.58,0.028,2.0,10.1,18.1,67,6.76,86,36.3,89,7.9,1008.9
2023-02-24,3,27.7,44.6,2023-02-24T18:40,2023-02-24T07:37,39803.16,34605.14,0.000,0.0,20.7,38.7,320,14.15,42,24.8,61,13.4,1018.1
2023-02-25,71,21.7,31.9,2023-02-25T18:42,2023-02-25T07:36,39960.02,0.00,0.031,6.0,11.8,22.8,175,6.39,70,15.0,63,6.0,1025.6
2023-02-26,3,24.6,49.9,2023-02-26T18:43,2023-02-26T07:34,40116.61,38346.89,0.000,0.0,20.6,39.1,245,13.48,23,25.7,71,8.7,1009.2
2023-02-27,75,27.6,41.1,2023-02-27T18:44,2023-02-27T07:33,40273.21,33470.56,0.142,4.0,14.0,24.6,98,13.96,62,23.7,65,7.7,1009.5
2023-02-28,75,31.3,35.9,2023-02-28T18:45,2023-02-28T07:31,40431.05,0.00,0.504,18.0,14.8,26.6,52,1.93,81,32.1,93,9.1,1003.5
2023-03-01,75,27.5,42.6,2023-03-01T18:46,2023-03-01T07:30,40590.09,38001.52,0.102,2.0,12.4,26.2,102,14.74,57,29.4,80,7.4,1014.8
2023-03-02,53,36.0,56.5,2023-03-02T18:47,2023-03-02T07:28,40750.21,19318.66,0.067,5.0,14.1,24.6,333,10.54,100,36.9,79,8.6,1003.0
2023-03-03,55,29.0,45.4,2023-03-03T18:48,2023-03-03T07:27,40911.30,23170.26,0.091,4.0,17.9,30.9,75,11.25,85,28.2,70,8.0,1011.5
2023-03-04,65,37.2,43.2,2023-03-04T18:50,2023-03-04T07:25,41073.23,3600.00,1.618,11.0,22.0,42.7,21,5.78,96,36.3,84,11.8,997.8
2023-03-05,3,31.4,53.5,2023-03-05T18:51,2023-03-05T07:23,41235.89,39115.19,0.000,0.0,16.2,30.9,304,14.31,40,29.9,65,9.2,1015.2
2023-03-06,3,34.5,50.1,2023-03-06T18:52,2023-03-06T07:22,41399.15,40054.94,0.000,0.0,13.9,26.2,305,15.18,46,27.0,57,9.7,1015.0
2023-03-07,73,33.7,45.1,2023-03-07T18:53,2023-03-07T07:20,41562.90,35891.03,0.087,6.0,21.3,39.8,318,17.68,60,21.2,50,13.0,1006.9
2023-03-08,3,28.0,47.7,2023-03-08T18:54,2023-03-08T07:19,41727.04,40700.87,0.000,0.0,18.9,37.6,338,17.49,28,21.6,54,13.8,1015.9
2023-03-09,3,30.9,50.7,2023-03-09T18:55,2023-03-09T07:17,41891.43,39531.89,0.000,0.0,14.0,24.4,342,15.52,36,26.5,61,10.4,1017.5
2023-03-10,63,29.2,45.2,2023-03-10T18:56,2023-03-10T07:15,42055.98,16500.72,0.280,6.0,10.4,17.7,67,9.66,87,30.4,75,6.8,1011.5
2023-03-11,73,34.8,44.6,2023-03-11T18:57,2023-03-11T07:14,42220.56,15455.60,0.524,14.0,16.2,29.8,15,8.02,80,33.5,82,10.9,1003.6
2023-03-12,3,29.8,46.5,2023-03-12T18:59,2023-03-12T07:12,42385.07,32376.12,0.000,0.0,11.3,19.5,359,15.02,59,27.0,67,6.8,1012.2
2023-03-13,61,38.3,42.6,2023-03-13T19:00,2023-03-13T07:10,42549.40,0.00,0.610,23.0,12.5,21.5,67,2.41,100,37.6,90,9.0,1008.2
2023-03-14,73,33.9,37.8,2023-03-14T19:01,2023-03-14T07:09,42713.44,0.00,0.650,24.0,24.5,49.4,297,4.95,100,28.7,77,18.6,997.0
2023-03-15,3,33.3,44.4,2023-03-15T19:02,2023-03-15T07:07,42877.09,34894.62,0.000,0.0,23.4,42.1,308,17.99,59,21.4,52,19.7,1004.9
2023-03-16,3,29.8,55.6,2023-03-16T19:03,2023-03-16T07:05,43040.21,41732.62,0.000,0.0,12.3,22.4,284,18.44,45,22.4,47,8.5,1012.0
2023-03-17,3,36.9,56.6,2023-03-17T19:04,2023-03-17T07:04,43202.71,19646.94,0.000,0.0,12.8,22.1,199,12.04,98,34.9,62,6.9,1002.9
2023-03-18,51,37.5,51.3,2023-03-18T19:05,2023-03-18T07:02,43364.49,42754.33,0.024,3.0,15.6,28.9,290,18.29,70,30.3,58,9.8,1002.0
2023-03-19,3,27.1,38.5,2023-03-19T19:06,2023-03-19T07:01,43525.80,42851.22,0.000,0.0,16.5,31.3,280,20.44,24,13.3,43,12.6,1011.8
2023-03-20,0,26.2,51.0,2023-03-20T19:07,2023-03-20T06:59,43687.75,42948.79,0.000,0.0,10.7,21.5,236,21.10,0,20.2,51,7.2,1020.5
2023-03-21,3,31.3,59.8,2023-03-21T19:08,2023-03-21T06:57,43850.36,43047.12,0.000,0.0,12.9,24.4,243,21.03,29,25.0,48,7.7,1023.3
2023-03-22,3,36.8,55.8,2023-03-22T19:09,2023-03-22T06:56,44013.50,32400.00,0.000,0.0,12.9,25.3,184,16.76,78,34.6,66,8.3,1022.6
2023-03-23,61,41.5,58.4,2023-03-23T19:10,2023-03-23T06:54,44177.09,12592.41,0.150,3.0,13.8,25.1,229,8.80,99,47.8,88,8.5,1009.5
2023-03-24,3,42.1,54.7,2023-03-24T19:11,2023-03-24T06:52,44341.03,18000.00,0.000,0.0,12.0,21.0,328,12.12,97,34.1,59,6.2,1010.2
2023-03-25,63,37.8,44.3,2023-03-25T19:13,2023-03-25T06:51,44505.20,0.00,0.476,12.0,17.0,30.6,70,3.13,99,36.9,84,10.4,1009.8
2023-03-26,3,37.5,58.7,2023-03-26T19:14,2023-03-26T06:49,44669.52,43200.00,0.000,0.0,14.3,27.3,271,21.91,7,34.9,63,9.8,1007.6
2023-03-27,53,36.0,58.5,2023-03-27T19:15,2023-03-27T06:47,44833.87,32400.00,0.138,5.0,12.8,24.6,67,16.72,50,33.2,63,7.1,1012.1
2023-03-28,51,37.8,52.1,2023-03-28T19:16,2023-03-28T06:46,44998.17,22950.34,0.024,3.0,12.0,24.2,350,10.72,75,34.0,72,6.6,1013.9
2023-03-29,3,32.0,52.2,2023-03-29T19:17,2023-03-29T06:44,45162.29,43200.00,0.000,0.0,14.0,25.7,198,22.22,44,27.7,61,7.4,1015.6
2023-03-30,51,29.0,45.2,2023-03-30T19:18,2023-03-30T06:42,45326.15,43200.00,0.004,1.0,17.0,30.0,308,22.67,21,18.3,47,11.1,1020.3
2023-03-31,3,31.8,49.5,2023-03-31T19:19,2023-03-31T06:41,45489.64,21873.23,0.000,0.0,16.9,31.5,165,11.76,94,33.6,73,6.7,1019.0
2023-04-01,61,47.0,67.3,2023-04-01T19:20,2023-04-01T06:39,45652.64,15121.90,0.354,12.0,15.9,34.4,225,8.50,93,51.5,79,12.3,996.9
2023-04-02,3,37.2,50.5,2023-04-02T19:21,2023-04-02T06:37,45815.07,43200.00,0.000,0.0,20.1,38.0,310,23.73,20,23.7,47,13.2,1007.4
2023-04-03,3,31.3,55.6,2023-04-03T19:22,2023-04-03T06:36,45976.81,43200.00,0.000,0.0,18.4,34.0,160,22.80,26,33.3,66,9.6,1015.1
2023-04-04,3,41.9,66.4,2023-04-04T19:23,2023-04-04T06:34,46137.74,39562.73,0.000,0.0,9.4,19.2,162,19.77,40,50.0,82,5.1,1013.0
2023-04-05,51,47.1,55.9,2023-04-05T19:24,2023-04-05T06:32,46297.76,182.28,0.008,2.0,12.9,23.0,70,6.09,96,48.8,89,9.1,1018.6
2023-04-06,55,49.8,77.5,2023-04-06T19:25,2023-04-06T06:31,46456.75,38569.15,0.102,5.0,11.4,21.7,263,15.69,94,55.6,83,5.6,1015.7
2023-04-07,3,44.0,56.8,2023-04-07T19:26,2023-04-07T06:29,46614.61,8119.06,0.000,0.0,13.0,23.9,317,9.23,99,27.8,40,9.9,1022.2
2023-04-08,3,34.7,51.5,2023-04-08T19:27,2023-04-08T06:28,46771.56,33972.20,0.000,0.0,11.8,20.8,313,21.12,97,23.7,47,5.6,1027.6
2023-04-09,3,34.1,54.0,2023-04-09T19:28,2023-04-09T06:26,46928.70,43749.46,0.000,0.0,13.3,28.0,126,24.07,22,30.2,62,6.9,1028.2
2023-04-10,0,36.1,64.0,2023-04-10T19:29,2023-04-10T06:24,47086.00,43980.62,0.000,0.0,10.6,21.0,217,24.35,1,35.5,66,5.7,1025.8
2023-04-11,3,43.6,72.7,2023-04-11T19:30,2023-04-11T06:23,47243.35,41438.99,0.000,0.0,15.9,29.3,248,23.18,70,32.5,40,10.2,1015.8
2023-04-12,3,60.3,80.9,2023-04-12T19:31,2023-04-12T06:21,47400.67,36010.19,0.000,0.0,16.1,29.1,282,21.16,55,41.1,37,11.3,1006.8
2023-04-13,0,55.0,86.7,2023-04-13T19:33,2023-04-13T06:20,47557.84,45296.45,0.000,0.0,12.5,21.9,267,24.13,0,47.2,45,8.5,1006.8
2023-04-14,3,58.0,84.7,2023-04-14T19:34,2023-04-14T06:18,47714.77,44576.04,0.000,0.0,10.9,20.8,210,23.31,72,48.3,44,6.9,1007.2
2023-04-15,61,59.4,70.2,2023-04-15T19:35,2023-04-15T06:17,47871.33,26083.89,0.106,6.0,12.4,24.8,160,16.68,90,58.9,83,7.5,1008.2
2023-04-16,3,54.5,69.7,2023-04-16T19:36,2023-04-16T06:15,48027.42,29372.00,0.000,0.0,11.0,23.0,141,15.43,100,57.2,88,5.8,1005.9
2023-04-17,63,53.2,67.6,2023-04-17T19:37,2023-04-17T06:14,48182.93,19531.98,0.217,5.0,14.2,26.6,234,13.07,73,48.0,75,8.1,999.2
2023-04-18,51,44.8,56.9,2023-04-18T19:38,2023-04-18T06:12,48337.75,40539.73,0.012,2.0,21.3,43.4,266,18.78,30,30.5,44,14.2,1003.7
2023-04-19,3,39.7,63.0,2023-04-19T19:39,2023-04-19T06:11,48491.76,46421.71,0.000,0.0,15.0,29.5,283,21.60,38,31.5,50,8.6,1013.1
2023-04-20,3,42.1,61.5,2023-04-20T19:40,2023-04-20T06:09,48644.84,46981.00,0.000,0.0,9.9,19.7,103,23.38,59,38.3,64,5.8,1018.3
2023-04-21,3,46.1,67.8,2023-04-21T19:41,2023-04-21T06:08,48796.87,47088.30,0.000,0.0,13.1,25.9,106,25.09,43,46.3,72,7.4,1014.4
2023-04-22,63,49.2,67.6,2023-04-22T19:42,2023-04-22T06:06,48947.73,38902.14,0.567,7.0,16.9,34.9,111,19.28,96,52.9,86,10.9,1009.7
2023-04-23,63,51.9,65.1,2023-04-23T19:43,2023-04-23T06:05,49097.29,26923.43,0.803,14.0,11.4,22.8,291,14.99,69,49.4,76,8.1,1006.8
2023-04-24,3,42.9,60.9,2023-04-24T19:44,2023-04-24T06:03,49245.42,46636.23,0.000,0.0,9.9,19.7,293,22.39,34,34.7,56,6.9,1012.8
2023-04-25,51,41.6,58.4,2023-04-25T19:45,2023-04-25T06:02,49391.99,45910.99,0.016,4.0,7.7,15.2,317,19.84,44,34.3,57,5.7,1016.9
2023-04-26,53,42.8,57.0,2023-04-26T19:46,2023-04-26T06:01,49536.87,37268.83,0.059,3.0,12.1,23.7,142,17.94,50,40.5,72,6.0,1019.1
2023-04-27,51,46.0,56.6,2023-04-27T19:47,2023-04-27T05:59,49679.92,31102.54,0.055,8.0,9.9,20.4,146,14.29,62,46.0,84,5.4,1018.6
2023-04-28,55,43.7,55.7,2023-04-28T19:48,2023-04-28T05:58,49821.36,7662.28,0.173,7.0,13.5,24.6,83,9.66,95,42.2,77,9.2,1016.9
2023-04-29,63,47.8,54.0,2023-04-29T19:49,2023-04-29T05:57,49962.20,0.00,2.087,23.0,19.1,34.9,75,3.72,100,48.9,92,13.6,1008.3
2023-04-30,63,50.6,59.2,2023-04-30T19:50,2023-04-30T05:55,50102.42,350.60,0.980,15.0,15.8,29.1,70,5.18,100,53.6,97,10.1,995.2
2023-05-01,53,45.4,60.1,2023-05-01T19:51,2023-05-01T05:54,50241.92,49197.64,0.071,5.0,21.7,40.9,242,21.97,59,41.2,63,13.5,988.0
2023-05-02,53,47.2,55.8,2023-05-02T19:52,2023-05-02T05:53,50380.58,30940.23,0.059,6.0,15.7,28.9,240,17.85,86,39.4,67,9.8,992.1
2023-05-03,51,42.3,54.5,2023-05-03T19:54,2023-05-03T05:51,50518.27,42130.41,0.012,3.0,7.8,17.0,261,17.15,81,38.6,69,6.0,995.4
2023-05-04,51,43.2,57.7,2023-05-04T19:55,2023-05-04T05:50,50654.90,37651.36,0.063,10.0,9.2,17.9,1,17.73,81,43.7,80,6.1,1006.6
2023-05-05,51,44.8,62.7,2023-05-05T19:56,2023-05-05T05:49,50790.32,48463.44,0.012,3.0,7.8,16.6,335,22.51,28,44.7,77,4.5,1017.7
2023-05-06,3,44.6,69.5,2023-05-06T19:57,2023-05-06T05:48,50924.42,47240.93,0.000,0.0,10.1,19.5,312,22.92,34,44.0,65,5.6,1019.0
2023-05-07,51,49.1,75.4,2023-05-07T19:58,2023-05-07T05:47,51057.06,43233.68,0.016,1.0,12.3,24.4,274,26.38,56,46.0,59,7.1,1011.5
2023-05-08,51,54.7,74.5,2023-05-08T19:59,2023-05-08T05:46,51188.12,50084.24,0.012,2.0,12.4,23.7,322,26.44,55,50.1,63,8.4,1004.8
2023-05-09,3,49.4,67.9,2023-05-09T20:00,2023-05-09T05:44,51317.47,41901.46,0.000,0.0,12.7,23.9,35,23.09,71,39.2,53,6.3,1010.5
2023-05-10,1,44.8,70.3,2023-05-10T20:01,2023-05-10T05:43,51444.97,50205.06,0.000,0.0,11.4,20.8,259,28.49,3,43.4,63,5.3,1016.4
2023-05-11,3,48.3,77.9,2023-05-11T20:02,2023-05-11T05:42,51570.48,50264.77,0.000,0.0,10.4,21.3,254,27.98,10,46.2,55,6.4,1015.2
2023-05-12,3,54.8,83.8,2023-05-12T20:03,2023-05-12T05:41,51693.86,50323.92,0.000,0.0,8.8,17.2,249,24.42,66,52.1,56,5.2,1013.5
2023-05-13,3,63.0,80.6,2023-05-13T20:04,2023-05-13T05:40,51814.97,23122.84,0.000,0.0,12.0,20.8,301,16.28,91,50.3,49,7.0,1012.2
2023-05-14,3,54.1,72.3,2023-05-14T20:05,2023-05-14T05:39,51933.66,48203.92,0.000,0.0,13.0,22.8,355,28.25,73,40.1,44,8.3,1017.5
2023-05-15,3,48.9,76.6,2023-05-15T20:06,2023-05-15T05:38,52049.78,50400.00,0.000,0.0,11.1,19.7,292,29.53,9,36.0,39,8.4,1017.4
2023-05-16,3,54.7,81.1,2023-05-16T20:07,2023-05-16T05:37,52163.19,48561.20,0.000,0.0,15.5,27.5,250,27.59,58,38.0,37,10.0,1003.1
2023-05-17,3,50.5,64.7,2023-05-17T20:08,2023-05-17T05:36,52273.73,50400.00,0.000,0.0,15.4,29.1,335,29.48,24,33.8,41,12.1,1004.2
2023-05-18,0,44.0,58.4,2023-05-18T20:09,2023-05-18T05:35,52381.55,50400.00,0.000,0.0,12.5,25.1,138,29.59,0,35.1,54,7.8,1021.3
2023-05-19,3,50.7,67.6,2023-05-19T20:09,2023-05-19T05:35,52487.51,48464.37,0.000,0.0,19.6,35.8,166,23.36,67,48.5,71,10.5,1022.5
2023-05-20,63,55.9,63.7,2023-05-20T20:10,2023-05-20T05:34,52591.57,0.00,0.969,14.0,10.1,19.7,120,5.68,100,57.9,92,6.0,1013.4
2023-05-21,51,55.1,70.9,2023-05-21T20:11,2023-05-21T05:33,52693.62,35527.87,0.016,2.0,13.7,25.9,317,19.37,70,51.1,67,10.1,1009.8
2023-05-22,51,54.6,72.8,2023-05-22T20:12,2023-05-22T05:32,52793.59,50400.00,0.008,2.0,11.7,22.4,59,23.99,15,52.1,70,6.7,1017.4
2023-05-23,3,51.9,67.6,2023-05-23T20:13,2023-05-23T05:32,52891.34,50400.00,0.000,0.0,12.7,25.3,126,27.21,48,49.3,73,6.0,1022.3
2023-05-24,51,49.5,71.9,2023-05-24T20:14,2023-05-24T05:31,52986.77,43665.47,0.004,1.0,14.8,26.4,80,26.30,37,49.1,68,6.1,1014.1
2023-05-25,3,49.9,66.2,2023-05-25T20:15,2023-05-25T05:30,53079.77,50400.00,0.000,0.0,15.0,27.1,9,29.78,29,41.1,55,11.0,1016.0
2023-05-26,1,50.1,71.3,2023-05-26T20:16,2023-05-26T05:30,53170.23,50400.00,0.000,0.0,7.6,16.8,16,29.79,2,42.3,55,5.6,1020.3
2023-05-27,3,50.5,75.7,2023-05-27T20:17,2023-05-27T05:29,53258.03,50662.21,0.000,0.0,12.3,22.6,157,29.26,38,45.0,54,6.2,1021.6
2023-05-28,3,53.2,75.2,2023-05-28T20:17,2023-05-28T05:28,53343.08,50400.00,0.000,0.0,11.5,21.9,193,28.95,24,46.6,56,6.6,1016.2
2023-05-29,3,56.9,77.4,2023-05-29T20:18,2023-05-29T05:28,53425.24,50400.00,0.000,0.0,15.7,29.8,102,28.96,15,49.1,56,8.9,1013.0
2023-05-30,0,52.9,69.9,2023-05-30T20:19,2023-05-30T05:27,53504.41,50618.60,0.000,0.0,9.4,19.9,90,29.83,0,49.4,68,7.0,1018.5
2023-05-31,2,51.3,73.8,2023-05-31T20:20,2023-05-31T05:27,53580.48,50400.00,0.000,0.0,9.5,18.8,120,29.74,8,51.0,73,4.7,1018.2
2023-06-01,3,53.2,82.6,2023-06-01T20:21,2023-06-01T05:26,53653.32,50400.00,0.000,0.0,11.0,21.9,167,29.33,13,55.5,70,4.2,1014.7
2023-06-02,3,58.0,88.2,2023-06-02T20:21,2023-06-02T05:26,53722.82,50582.79,0.000,0.0,10.1,20.4,153,26.87,26,58.1,62,4.7,1008.9
2023-06-03,61,57.3,68.7,2023-06-03T20:22,2023-06-03T05:26,53788.86,17912.49,0.130,4.0,13.2,26.4,68,12.81,95,56.3,75,10.6,1010.9
2023-06-04,3,50.5,70.2,2023-06-04T20:23,2023-06-04T05:25,53851.34,44218.76,0.000,0.0,15.3,28.2,19,18.19,45,43.5,58,8.7,1012.4
2023-06-05,3,52.7,74.5,2023-06-05T20:23,2023-06-05T05:25,53910.12,38857.73,0.000,0.0,13.1,25.5,339,18.82,55,45.5,53,7.0,1007.6
2023-06-06,51,58.1,78.4,2023-06-06T20:24,2023-06-06T05:25,53965.10,50547.39,0.020,2.0,17.6,34.0,320,25.39,39,46.8,50,9.4,1001.3
2023-06-07,1,55.4,76.7,2023-06-07T20:25,2023-06-07T05:24,54016.32,50887.64,0.000,0.0,13.4,24.4,304,29.42,5,41.1,45,9.4,999.3
2023-06-08,3,50.4,71.6,2023-06-08T20:25,2023-06-08T05:24,54064.20,45127.63,0.000,0.0,12.2,23.9,301,23.88,23,45.4,58,5.5,1001.9
2023-06-09,61,52.7,72.6,2023-06-09T20:26,2023-06-09T05:24,54108.75,45120.46,0.055,1.0,11.3,21.7,299,22.12,52,49.1,66,5.0,1003.1
2023-06-10,61,53.9,79.0,2023-06-10T20:26,2023-06-10T05:24,54149.94,48485.98,0.079,2.0,10.3,21.5,301,25.57,38,51.1,62,6.8,1004.5
2023-06-11,53,60.8,81.7,2023-06-11T20:27,2023-06-11T05:24,54187.73,49307.12,0.020,1.0,10.9,23.0,161,22.23,85,57.7,66,6.4,1007.1
2023-06-12,63,66.7,76.3,2023-06-12T20:27,2023-06-12T05:24,54222.08,17173.17,0.240,8.0,16.9,31.3,148,15.54,100,62.5,78,10.6,1003.4
2023-06-13,3,61.1,79.1,2023-06-13T20:28,2023-06-13T05:24,54252.97,50526.92,0.000,0.0,12.6,23.5,276,25.64,41,54.7,63,9.1,1000.5
2023-06-14,63,58.2,75.6,2023-06-14T20:28,2023-06-14T05:24,54280.38,37224.77,0.366,7.0,13.8,29.1,213,17.28,55,56.0,74,8.2,997.8
2023-06-15,3,58.9,79.2,2023-06-15T20:29,2023-06-15T05:24,54304.26,46924.73,0.000,0.0,12.8,23.7,291,21.83,33,53.2,59,9.6,999.3
2023-06-16,65,58.7,78.5,2023-06-16T20:29,2023-06-16T05:24,54324.59,28721.15,0.602,7.0,13.0,25.5,177,16.62,63,57.4,74,5.2,1002.4
2023-06-17,3,58.3,77.6,2023-06-17T20:29,2023-06-17T05:24,54341.36,50529.97,0.000,0.0,18.8,35.1,320,26.06,25,52.6,63,10.3,1001.1
2023-06-18,3,60.3,79.4,2023-06-18T20:30,2023-06-18T05:24,54354.53,35443.84,0.000,0.0,12.5,22.1,311,18.77,49,53.1,56,8.4,1006.4
2023-06-19,53,60.8,77.4,2023-06-19T20:30,2023-06-19T05:24,54364.09,47174.54,0.039,3.0,11.0,21.0,82,25.31,42,59.3,72,6.6,1013.1
2023-06-20,3,61.4,76.3,2023-06-20T20:30,2023-06-20T05:24,54370.01,37054.79,0.000,0.0,11.8,23.5,96,20.88,99,57.2,71,7.6,1018.1
2023-06-21,53,59.5,73.1,2023-06-21T20:31,2023-06-21T05:24,54372.28,37207.25,0.020,1.0,14.3,28.6,71,20.08,99,54.7,69,11.1,1020.2
2023-06-22,51,59.7,69.3,2023-06-22T20:31,2023-06-22T05:25,54370.88,329.16,0.012,3.0,14.0,26.8,58,9.95,99,55.2,72,10.8,1017.2
2023-06-23,65,62.2,73.6,2023-06-23T20:31,2023-06-23T05:25,54365.79,2057.57,0.685,9.0,12.5,23.9,119,9.84,91,63.9,88,7.5,1012.8
2023-06-24,63,66.8,78.8,2023-06-24T20:31,2023-06-24T05:25,54357.01,33930.66,0.756,19.0,10.8,22.6,166,17.35,96,67.9,91,6.3,1006.9
2023-06-25,51,66.6,83.5,2023-06-25T20:31,2023-06-25T05:25,54344.52,50079.90,0.035,4.0,11.0,21.5,180,23.71,51,68.2,84,4.7,1005.6
2023-06-26,63,66.4,79.1,2023-06-26T20:31,2023-06-26T05:26,54328.31,22381.23,0.492,8.0,12.2,24.2,124,18.00,100,68.1,90,7.1,1003.9
2023-06-27,63,66.8,79.6,2023-06-27T20:31,2023-06-27T05:26,54308.31,21219.74,0.618,10.0,11.9,23.3,166,14.18,95,67.4,90,5.6,1001.8
2023-06-28,53,65.7,82.7,2023-06-28T20:31,2023-06-28T05:26,54284.33,36162.32,0.055,6.0,8.3,18.3,283,20.80,74,65.5,80,4.5,1005.4
2023-06-29,3,62.1,83.2,2023-06-29T20:31,2023-06-29T05:27,54256.42,49622.57,0.000,0.0,8.0,15.4,303,22.09,28,60.3,69,5.7,1011.7
2023-06-30,3,63.0,84.0,2023-06-30T20:31,2023-06-30T05:27,54224.66,50400.00,0.000,0.0,12.6,24.4,169,25.01,53,63.4,74,5.0,1013.3
2023-07-01,3,63.8,80.6,2023-07-01T20:31,2023-07-01T05:28,54189.14,49172.40,0.000,0.0,14.5,28.6,168,25.53,63,61.5,70,7.6,1012.7
2023-07-02,63,68.4,87.9,2023-07-02T20:31,2023-07-02T05:28,54149.93,30838.40,0.906,20.0,11.3,25.1,190,18.90,89,69.7,83,7.7,1007.4
2023-07-03,65,72.1,87.4,2023-07-03T20:31,2023-07-03T05:29,54107.11,37113.68,0.886,6.0,10.2,18.1,238,20.46,44,71.8,83,6.3,1006.1
2023-07-04,61,70.5,84.3,2023-07-04T20:30,2023-07-04T05:29,54060.77,41955.56,0.177,12.0,8.0,17.0,262,18.27,56,70.8,84,3.7,1008.2
2023-07-05,3,70.0,89.4,2023-07-05T20:30,2023-07-05T05:30,54011.00,50052.31,0.000,0.0,8.5,17.0,170,26.33,29,70.0,77,2.8,1010.7
2023-07-06,1,70.9,87.8,2023-07-06T20:30,2023-07-06T05:31,53957.88,50400.00,0.000,0.0,11.8,23.3,169,27.81,3,69.9,76,6.5,1009.7
2023-07-07,53,71.5,85.2,2023-07-07T20:30,2023-07-07T05:31,53901.49,38769.10,0.059,5.0,10.8,22.8,150,21.37,87,71.6,84,5.2,1007.4
2023-07-08,53,71.8,84.8,2023-07-08T20:29,2023-07-08T05:32,53841.93,32400.00,0.169,10.0,8.5,17.0,153,20.04,90,72.1,85,4.3,1006.7
2023-07-09,63,71.1,80.5,2023-07-09T20:29,2023-07-09T05:33,53779.27,13146.67,0.894,15.0,8.8,20.6,148,10.07,99,70.4,90,4.7,1006.2
2023-07-10,53,70.3,83.0,2023-07-10T20:29,2023-07-10T05:33,53713.61,44208.96,0.079,5.0,10.6,21.0,325,20.26,72,68.0,79,6.0,1004.2
2023-07-11,2,64.3,87.8,2023-07-11T20:28,2023-07-11T05:34,53645.02,50400.00,0.000,0.0,6.3,12.3,290,27.41,6,62.5,65,4.7,1007.7
2023-07-12,3,68.0,90.8,2023-07-12T20:28,2023-07-12T05:35,53573.61,50400.00,0.000,0.0,8.6,17.9,253,26.92,25,64.4,62,4.7,1009.1
2023-07-13,51,70.7,88.5,2023-07-13T20:27,2023-07-13T05:36,53499.45,50400.00,0.008,2.0,14.7,28.6,184,22.83,62,68.1,68,7.7,1007.0
2023-07-14,63,70.1,81.1,2023-07-14T20:27,2023-07-14T05:36,53422.64,30697.60,0.634,10.0,12.0,25.1,132,17.63,89,70.6,85,5.9,1008.0
2023-07-15,61,69.8,84.7,2023-07-15T20:26,2023-07-15T05:37,53343.26,41238.21,0.291,10.0,10.8,21.7,147,19.57,79,72.4,88,4.7,1009.6
2023-07-16,63,69.9,78.4,2023-07-16T20:26,2023-07-16T05:38,53261.39,5402.02,1.142,21.0,11.0,23.3,191,6.51,93,72.8,93,6.7,1006.0
2023-07-17,51,69.3,89.2,2023-07-17T20:25,2023-07-17T05:39,53176.87,50400.00,0.008,2.0,10.7,20.6,208,25.66,31,70.1,79,5.1,1008.7
2023-07-18,65,70.2,84.9,2023-07-18T20:24,2023-07-18T05:39,53088.98,48834.47,0.437,7.0,8.8,22.1,203,22.89,43,70.2,81,5.4,1010.2
2023-07-19,61,66.7,81.5,2023-07-19T20:24,2023-07-19T05:40,52997.82,31926.52,0.154,5.0,7.2,14.1,234,16.66,54,67.8,83,3.7,1012.1
2023-07-20,53,68.4,83.8,2023-07-20T20:23,2023-07-20T05:41,52903.52,45407.50,0.043,3.0,9.1,18.6,126,24.31,51,66.6,77,4.8,1010.9
2023-07-21,51,71.5,84.8,2023-07-21T20:22,2023-07-21T05:42,52806.23,38779.18,0.043,7.0,9.7,21.3,198,21.76,51,69.5,82,6.4,1004.2
2023-07-22,3,65.2,83.1,2023-07-22T20:21,2023-07-22T05:43,52706.09,50400.00,0.000,0.0,8.8,17.2,323,26.61,32,60.8,65,6.7,1005.1
2023-07-23,51,64.0,85.8,2023-07-23T20:20,2023-07-23T05:44,52603.24,50400.00,0.008,2.0,10.6,21.3,277,24.84,12,60.2,62,5.4,1010.2
2023-07-24,51,65.8,83.9,2023-07-24T20:20,2023-07-24T05:45,52497.82,50183.09,0.004,1.0,14.0,27.3,183,23.30,48,63.6,67,7.5,1014.7
2023-07-25,61,67.4,83.3,2023-07-25T20:19,2023-07-25T05:46,52389.97,41472.55,0.236,8.0,8.7,21.0,216,18.25,46,69.1,86,4.0,1014.3
2023-07-26,51,63.9,85.9,2023-07-26T20:18,2023-07-26T05:46,52279.82,50400.00,0.008,2.0,12.3,24.2,208,25.14,27,66.3,76,6.0,1014.3
2023-07-27,51,72.1,92.4,2023-07-27T20:17,2023-07-27T05:47,52167.52,50400.00,0.008,2.0,16.4,36.7,222,22.82,72,71.8,75,10.1,1010.1
2023-07-28,2,71.2,93.2,2023-07-28T20:16,2023-07-28T05:48,52053.18,50400.00,0.000,0.0,9.3,18.3,261,25.17,14,70.8,73,4.8,1010.6
2023-07-29,61,72.4,92.4,2023-07-29T20:15,2023-07-29T05:49,51936.95,41936.86,0.150,3.0,19.0,33.8,261,22.03,70,69.8,69,9.8,1005.0
2023-07-30,3,63.6,78.7,2023-07-30T20:14,2023-07-30T05:50,51818.95,45914.93,0.000,0.0,12.6,24.8,335,22.24,29,55.3,59,8.7,1009.0
2023-07-31,3,60.3,84.5,2023-07-31T20:13,2023-07-31T05:51,51699.29,50400.00,0.000,0.0,6.8,16.1,316,25.05,18,54.8,57,4.0,1010.8
2023-08-01,2,62.5,80.1,2023-08-01T20:12,2023-08-01T05:52,51578.11,50400.00,0.000,0.0,9.8,19.0,350,22.87,16,52.4,55,6.7,1015.6
2023-08-02,3,58.5,81.2,2023-08-02T20:11,2023-08-02T05:53,51455.52,43503.30,0.000,0.0,9.2,17.7,350,22.06,31,52.2,58,5.6,1018.4
2023-08-03,53,61.0,79.4,2023-08-03T20:10,2023-08-03T05:54,51331.64,49169.19,0.051,5.0,17.4,33.6,185,21.07,52,57.1,63,9.2,1015.2
2023-08-04,51,65.0,81.1,2023-08-04T20:08,2023-08-04T05:55,51206.59,42227.74,0.035,7.0,12.2,25.3,215,16.27,60,62.4,70,8.5,1010.3
2023-08-05,51,64.3,86.4,2023-08-05T20:07,2023-08-05T05:56,51080.49,41902.12,0.004,1.0,7.9,16.6,349,22.69,57,61.4,66,4.8,1010.3
2023-08-06,3,64.4,86.8,2023-08-06T20:06,2023-08-06T05:57,50953.11,50281.90,0.000,0.0,13.1,25.5,154,22.65,37,59.9,61,6.8,1011.7
2023-08-07,65,71.5,81.1,2023-08-07T20:05,2023-08-07T05:58,50823.50,26989.20,1.508,17.0,19.5,37.4,173,14.18,86,70.3,85,11.4,1007.3
2023-08-08,63,71.2,80.5,2023-08-08T20:04,2023-08-08T05:59,50691.71,35432.20,0.567,5.0,18.2,35.1,259,17.55,62,65.5,75,11.3,1000.2
2023-08-09,51,67.7,84.7,2023-08-09T20:02,2023-08-09T06:00,50557.89,49976.84,0.004,1.0,13.5,27.5,288,24.25,13,58.3,56,11.4,1003.0
2023-08-10,63,66.3,77.9,2023-08-10T20:01,2023-08-10T06:01,50422.19,11407.82,0.575,9.0,9.2,19.0,214,8.81,76,66.1,83,5.3,1001.8
2023-08-11,51,64.9,83.5,2023-08-11T20:00,2023-08-11T06:02,50284.73,49705.85,0.004,1.0,12.1,23.9,283,24.43,15,62.7,71,7.5,1003.8
2023-08-12,63,63.4,81.6,2023-08-12T19:58,2023-08-12T06:03,50145.66,40738.91,0.406,7.0,9.3,24.2,172,19.43,66,65.8,79,6.0,1008.1
2023-08-13,55,70.5,86.2,2023-08-13T19:57,2023-08-13T06:04,50005.10,46139.20,0.102,8.0,12.7,24.2,275,22.58,46,67.0,74,6.7,1007.5
2023-08-14,51,65.9,87.2,2023-08-14T19:56,2023-08-14T06:05,49863.20,44970.28,0.008,2.0,10.6,23.7,215,20.28,82,64.9,70,5.2,1010.1
2023-08-15,65,69.4,79.7,2023-08-15T19:54,2023-08-15T06:06,49720.05,23116.99,1.075,8.0,12.8,24.8,37,14.17,85,69.3,85,6.9,1004.5
2023-08-16,55,69.0,79.8,2023-08-16T19:53,2023-08-16T06:07,49575.80,39681.88,0.161,9.0,8.8,18.6,115,17.10,71,68.8,87,4.7,1008.7
2023-08-17,53,68.6,77.9,2023-08-17T19:52,2023-08-17T06:08,49430.57,36269.21,0.146,13.0,11.8,24.4,120,16.03,74,69.4,89,6.7,1009.5
2023-08-18,63,67.6,80.2,2023-08-18T19:50,2023-08-18T06:09,49284.47,42074.58,0.177,3.0,14.9,27.7,258,21.75,38,63.3,71,9.7,1003.6
2023-08-19,3,60.4,79.0,2023-08-19T19:49,2023-08-19T06:10,49137.62,48000.52,0.000,0.0,12.5,23.9,279,20.64,23,53.6,59,8.8,1010.7
2023-08-20,3,60.6,85.3,2023-08-20T19:47,2023-08-20T06:11,48990.14,46148.35,0.000,0.0,8.2,17.2,261,24.60,22,58.4,63,5.1,1014.5
2023-08-21,51,66.2,87.3,2023-08-21T19:46,2023-08-21T06:12,48842.13,44774.42,0.012,3.0,8.7,16.8,294,19.86,81,65.2,68,5.5,1013.0
2023-08-22,3,63.9,78.4,2023-08-22T19:44,2023-08-22T06:13,48693.71,45412.18,0.000,0.0,13.7,24.8,3,23.59,81,55.8,59,10.1,1014.3
2023-08-23,3,61.1,78.1,2023-08-23T19:43,2023-08-23T06:14,48544.98,39522.94,0.000,0.0,10.5,21.3,63,21.95,35,55.2,64,5.4,1015.7
2023-08-24,53,67.3,75.5,2023-08-24T19:41,2023-08-24T06:15,48396.05,1955.66,0.059,6.0,15.9,30.2,158,6.73,93,62.0,76,7.6,1013.3
2023-08-25,63,68.4,81.9,2023-08-25T19:40,2023-08-25T06:16,48247.02,24724.30,0.276,9.0,12.8,24.4,189,11.79,82,68.5,84,7.9,1007.7
2023-08-26,51,68.1,85.7,2023-08-26T19:38,2023-08-26T06:17,48097.65,42402.82,0.035,4.0,6.9,19.2,348,19.73,41,68.0,79,4.4,1006.3
2023-08-27,51,64.9,82.1,2023-08-27T19:37,2023-08-27T06:18,47946.93,44818.84,0.004,1.0,7.8,17.9,1,22.16,15,63.5,74,6.1,1009.1
2023-08-28,51,66.1,77.1,2023-08-28T19:35,2023-08-28T06:19,47794.91,17314.96,0.031,5.0,10.7,20.6,115,12.81,95,65.4,84,6.2,1012.8
2023-08-29,51,64.6,80.9,2023-08-29T19:34,2023-08-29T06:20,47641.70,34776.84,0.024,4.0,7.7,15.4,87,15.25,96,66.2,81,4.7,1009.8
2023-08-30,51,69.5,84.4,2023-08-30T19:32,2023-08-30T06:21,47487.40,34015.86,0.028,3.0,12.8,23.7,290,18.54,74,64.8,73,7.4,1002.9
2023-08-31,3,62.5,76.4,2023-08-31T19:30,2023-08-31T06:22,47332.14,43654.37,0.000,0.0,13.2,25.3,3,23.63,40,52.3,58,10.6,1009.7
2023-09-01,0,56.8,75.5,2023-09-01T19:29,2023-09-01T06:23,47176.01,44562.72,0.000,0.0,8.7,16.1,44,23.69,0,51.1,61,6.4,1020.1
2023-09-02,3,55.4,80.6,2023-09-02T19:27,2023-09-02T06:24,47019.13,42531.00,0.000,0.0,13.8,26.4,202,22.82,43,56.7,71,6.6,1017.5
2023-09-03,51,64.5,89.0,2023-09-03T19:25,2023-09-03T06:24,46861.60,43808.66,0.012,2.0,9.5,19.9,273,21.34,29,62.7,64,6.2,1009.9
2023-09-04,3,66.9,91.3,2023-09-04T19:24,2023-09-04T06:25,46703.53,41672.35,0.000,0.0,9.7,19.0,318,19.49,53,67.2,69,5.3,1007.3
2023-09-05,3,71.3,93.2,2023-09-05T19:22,2023-09-05T06:26,46545.02,43200.00,0.000,0.0,8.5,15.2,355,20.38,72,70.4,73,5.0,1008.8
2023-09-06,3,72.9,94.2,2023-09-06T19:20,2023-09-06T06:27,46386.16,43280.34,0.000,0.0,5.8,12.5,324,21.79,6,69.4,68,3.9,1006.5
2023-09-07,61,71.1,93.1,2023-09-07T19:19,2023-09-07T06:28,46227.06,39531.78,0.083,2.0,11.0,21.3,224,17.84,48,68.7,69,4.8,1005.4
2023-09-08,65,68.7,87.5,2023-09-08T19:17,2023-09-08T06:29,46067.81,32613.75,0.516,6.0,9.3,20.4,141,15.74,89,71.5,85,4.8,1009.7
2023-09-09,65,69.2,83.4,2023-09-09T19:15,2023-09-09T06:30,45908.52,16196.97,0.409,10.0,7.7,18.8,76,10.79,97,70.4,89,4.1,1014.4
2023-09-10,65,67.5,75.7,2023-09-10T19:14,2023-09-10T06:31,45749.27,8929.79,0.689,10.0,6.2,16.3,30,7.24,93,68.7,92,3.2,1014.8
2023-09-11,63,68.0,82.0,2023-09-11T19:12,2023-09-11T06:32,45590.16,33993.48,0.343,10.0,7.4,15.0,40,16.24,73,68.0,85,3.3,1012.1
2023-09-12,51,66.5,83.0,2023-09-12T19:10,2023-09-12T06:33,45431.28,42909.13,0.008,2.0,8.1,14.1,306,18.03,52,65.9,80,4.9,1011.3
2023-09-13,63,67.4,79.3,2023-09-13T19:09,2023-09-13T06:34,45272.73,24616.67,0.669,15.0,6.5,14.5,240,11.08,78,67.5,87,4.0,1009.2
2023-09-14,3,62.2,76.7,2023-09-14T19:07,2023-09-14T06:35,45114.61,43200.00,0.000,0.0,10.1,19.7,342,20.96,13,56.1,68,8.5,1012.9
2023-09-15,3,56.7,70.2,2023-09-15T19:05,2023-09-15T06:36,44956.65,41323.55,0.000,0.0,13.6,26.4,0,18.51,64,49.9,63,12.2,1013.3
2023-09-16,3,59.9,75.6,2023-09-16T19:04,2023-09-16T06:37,44797.84,38245.46,0.000,0.0,13.0,25.3,313,17.02,78,49.1,55,10.6,1008.7
2023-09-17,55,54.5,75.3,2023-09-17T19:02,2023-09-17T06:38,44638.20,26057.23,0.055,3.0,8.8,17.0,237,15.22,49,53.2,67,4.2,1009.8
2023-09-18,63,62.0,70.1,2023-09-18T19:00,2023-09-18T06:39,44477.83,3600.00,0.594,15.0,10.6,21.5,348,4.85,87,63.0,90,5.7,1004.7
2023-09-19,0,56.4,73.8,2023-09-19T18:59,2023-09-19T06:40,44316.83,42859.77,0.000,0.0,13.0,25.5,289,20.08,3,52.6,69,9.1,1009.5
2023-09-20,3,54.1,74.0,2023-09-20T18:57,2023-09-20T06:41,44155.31,40881.29,0.000,0.0,8.5,17.9,296,19.20,31,51.4,68,5.3,1016.4
2023-09-21,3,53.0,72.8,2023-09-21T18:55,2023-09-21T06:42,43993.35,42654.67,0.000,0.0,7.6,17.2,5,19.61,35,51.9,71,5.5,1020.3
2023-09-22,3,55.8,71.2,2023-09-22T18:54,2023-09-22T06:43,43831.07,35224.52,0.000,0.0,13.0,25.9,69,14.88,100,53.4,73,8.1,1022.8
2023-09-23,65,56.1,61.4,2023-09-23T18:52,2023-09-23T06:44,43668.55,0.00,1.295,17.0,18.0,34.4,43,3.84,100,54.9,87,15.2,1016.6
2023-09-24,63,60.7,66.1,2023-09-24T18:50,2023-09-24T06:45,43505.90,0.00,0.587,20.0,20.6,38.9,58,3.03,100,59.7,91,17.0,1011.7
2023-09-25,61,57.7,62.7,2023-09-25T18:48,2023-09-25T06:46,43343.21,0.00,0.646,19.0,18.8,34.4,41,2.94,100,57.9,91,13.7,1013.9
2023-09-26,61,55.2,62.9,2023-09-26T18:47,2023-09-26T06:47,43180.59,2351.96,0.339,13.0,14.3,27.5,42,5.12,84,52.8,80,11.6,1022.5
2023-09-27,3,49.1,63.7,2023-09-27T18:45,2023-09-27T06:48,43018.13,40207.05,0.000,0.0,11.3,23.0,47,15.42,35,45.4,67,8.5,1022.9
2023-09-28,51,51.1,64.8,2023-09-28T18:43,2023-09-28T06:49,42855.93,7693.64,0.004,1.0,10.4,21.0,39,6.24,82,52.0,81,8.0,1020.8
2023-09-29,65,55.8,62.2,2023-09-29T18:42,2023-09-29T06:50,42694.08,3948.83,3.693,21.0,14.7,28.4,34,4.42,99,56.8,92,11.9,1017.4
2023-09-30,53,55.2,71.0,2023-09-30T18:40,2023-09-30T06:51,42532.69,24259.91,0.051,3.0,11.7,22.1,4,11.60,78,56.5,85,9.1,1017.3
2023-10-01,0,57.9,76.7,2023-10-01T18:38,2023-10-01T06:52,42371.86,41328.03,0.000,0.0,11.0,21.7,357,17.96,0,57.8,76,8.6,1017.5
2023-10-02,3,60.1,76.9,2023-10-02T18:37,2023-10-02T06:53,42211.68,40768.85,0.000,0.0,9.2,17.9,4,15.66,24,59.4,77,7.0,1017.9
2023-10-03,3,54.5,80.7,2023-10-03T18:35,2023-10-03T06:54,42052.27,40513.95,0.000,0.0,6.1,10.5,251,17.14,25,60.2,82,2.9,1017.3
2023-10-04,3,59.2,81.6,2023-10-04T18:33,2023-10-04T06:55,41893.70,40563.82,0.000,0.0,7.6,15.0,186,16.75,9,62.9,84,3.6,1018.0
2023-10-05,3,55.0,75.2,2023-10-05T18:32,2023-10-05T06:56,41735.73,35986.62,0.000,0.0,10.2,20.6,153,16.59,58,59.7,88,5.3,1018.9
2023-10-06,51,63.5,72.1,2023-10-06T18:30,2023-10-06T06:57,41577.25,5683.02,0.091,13.0,9.3,19.5,114,7.69,100,65.3,93,6.7,1012.6
2023-10-07,65,53.2,69.3,2023-10-07T18:29,2023-10-07T06:58,41418.28,5637.41,2.327,19.0,17.2,31.5,321,5.99,80,59.3,89,8.7,1002.5
2023-10-08,3,49.2,62.1,2023-10-08T18:27,2023-10-08T06:59,41258.92,39595.99,0.000,0.0,14.8,29.1,257,14.68,35,41.1,60,12.1,1000.5
2023-10-09,51,45.4,60.2,2023-10-09T18:25,2023-10-09T07:00,41099.29,31657.06,0.004,1.0,14.4,27.7,241,13.20,28,39.7,62,8.0,1004.5
2023-10-10,3,47.1,64.0,2023-10-10T18:24,2023-10-10T07:02,40939.50,39041.10,0.000,0.0,11.6,22.4,236,13.20,70,44.6,67,5.5,1005.8
2023-10-11,3,46.1,68.7,2023-10-11T18:22,2023-10-11T07:03,40779.68,39160.89,0.000,0.0,8.3,17.4,244,16.46,17,46.2,70,4.5,1007.2
2023-10-12,2,46.0,69.1,2023-10-12T18:21,2023-10-12T07:04,40619.91,39096.20,0.000,0.0,7.2,14.1,295,15.51,10,46.6,72,3.9,1008.1
2023-10-13,3,47.9,63.4,2023-10-13T18:19,2023-10-13T07:05,40460.34,39031.18,0.000,0.0,8.5,17.7,335,16.36,22,43.4,66,6.5,1010.4
2023-10-14,63,49.8,52.5,2023-10-14T18:17,2023-10-14T07:06,40301.08,0.00,0.496,14.0,10.8,19.7,22,1.79,97,45.9,83,6.2,1005.5
2023-10-15,51,49.4,61.6,2023-10-15T18:16,2023-10-15T07:07,40142.23,36000.00,0.043,5.0,15.0,28.9,337,13.40,59,43.1,70,11.9,996.2
2023-10-16,51,45.7,63.8,2023-10-16T18:14,2023-10-16T07:08,39983.93,38834.18,0.012,1.0,10.9,24.8,315,13.56,22,45.1,75,7.5,999.6
2023-10-17,51,47.1,62.4,2023-10-17T18:13,2023-10-17T07:09,39826.30,38767.91,0.008,2.0,7.7,14.5,344,12.31,47,46.5,78,5.7,1008.7
2023-10-18,51,45.1,62.8,2023-10-18T18:11,2023-10-18T07:10,39669.46,38109.19,0.004,1.0,4.7,11.0,272,10.86,36,47.3,80,3.3,1016.2
2023-10-19,3,44.5,64.4,2023-10-19T18:10,2023-10-19T07:11,39513.53,37872.48,0.000,0.0,10.9,22.1,192,13.61,51,47.9,80,6.3,1015.7
2023-10-20,65,55.1,62.4,2023-10-20T18:08,2023-10-20T07:12,39358.65,1235.05,1.366,19.0,15.0,30.6,162,3.50,99,57.0,92,9.4,1003.2
2023-10-21,61,55.3,63.4,2023-10-21T18:07,2023-10-21T07:14,39204.95,12750.79,0.220,10.0,15.8,30.0,297,4.94,78,52.1,82,9.7,989.6
2023-10-22,3,48.3,56.2,2023-10-22T18:05,2023-10-22T07:15,39052.55,28902.38,0.000,0.0,16.8,32.4,291,9.61,65,39.2,61,13.4,1000.2
2023-10-23,3,46.0,61.2,2023-10-23T18:04,2023-10-23T07:16,38901.60,38345.32,0.000,0.0,14.1,25.3,320,14.26,19,39.9,66,8.5,1015.3
2023-10-24,3,40.3,63.6,2023-10-24T18:03,2023-10-24T07:17,38752.23,38195.24,0.000,0.0,7.7,15.4,195,12.84,18,44.0,77,4.6,1023.3
2023-10-25,3,46.6,71.2,2023-10-25T18:01,2023-10-25T07:18,38604.17,37599.67,0.000,0.0,8.7,18.6,223,13.16,37,46.7,67,7.0,1021.2
2023-10-26,3,49.7,78.5,2023-10-26T18:00,2023-10-26T07:19,38456.19,37854.62,0.000,0.0,8.6,14.8,230,13.41,44,50.8,65,5.8,1018.9
2023-10-27,3,55.3,76.5,2023-10-27T17:59,2023-10-27T07:20,38308.32,24390.72,0.000,0.0,10.5,17.7,238,8.15,58,53.3,69,6.8,1015.2
2023-10-28,3,61.7,80.1,2023-10-28T17:57,2023-10-28T07:21,38160.70,36816.39,0.000,0.0,11.1,21.5,279,12.28,20,59.1,72,8.3,1012.3
2023-10-29,65,50.4,61.1,2023-10-29T17:56,2023-10-29T07:23,38013.46,1937.68,1.343,13.0,11.7,23.7,32,3.61,99,48.4,80,8.9,1015.0
2023-10-30,53,50.7,65.1,2023-10-30T17:55,2023-10-30T07:24,37866.74,6256.13,0.118,10.0,14.9,27.1,326,4.94,100,52.3,86,7.4,1006.1
2023-10-31,51,43.2,51.3,2023-10-31T17:54,2023-10-31T07:25,37720.69,21825.21,0.008,2.0,11.2,20.6,358,9.42,91,35.0,60,5.6,1013.5
2023-11-01,53,38.4,49.2,2023-11-01T17:52,2023-11-01T07:26,37575.44,23455.68,0.110,12.0,13.7,27.7,333,8.07,58,33.2,68,8.3,1013.6
2023-11-02,2,32.8,49.4,2023-11-02T17:51,2023-11-02T07:27,37431.14,35990.38,0.000,0.0,8.2,16.3,276,12.70,5,28.1,64,5.5,1026.4
2023-11-03,1,34.0,55.3,2023-11-03T17:50,2023-11-03T07:28,37287.95,35631.95,0.000,0.0,11.0,22.1,206,12.61,7,33.5,68,6.8,1026.6
2023-11-04,3,39.4,58.8,2023-11-04T17:49,2023-11-04T07:30,37146.01,22854.83,0.000,0.0,7.8,13.4,221,8.62,89,38.6,71,5.0,1019.2
2023-11-05,3,40.7,62.6,2023-11-05T17:48,2023-11-05T07:31,37005.48,20014.86,0.000,0.0,8.4,15.0,325,7.29,49,41.6,73,4.7,1013.4
2023-11-06,3,39.3,53.8,2023-11-06T17:46,2023-11-06T07:32,36866.53,34917.21,0.000,0.0,8.3,14.1,52,10.96,54,37.5,71,5.7,1015.8
2023-11-07,61,51.0,68.3,2023-11-07T17:45,2023-11-07T07:33,36729.31,17993.94,0.150,3.0,13.1,24.8,245,7.33,64,49.0,76,8.7,1005.4
2023-11-08,3,40.8,51.7,2023-11-08T17:44,2023-11-08T07:34,36593.98,32442.35,0.000,0.0,11.9,22.8,336,11.94,44,30.5,56,8.0,1013.4
2023-11-09,51,37.8,58.8,2023-11-09T17:43,2023-11-09T07:36,36460.72,14264.67,0.008,1.0,7.4,12.8,217,4.81,45,41.5,77,4.8,1008.9
2023-11-10,51,42.4,51.2,2023-11-10T17:42,2023-11-10T07:37,36329.70,0.00,0.008,2.0,10.1,18.8,257,2.36,70,39.5,76,7.4,1014.9
2023-11-11,3,39.5,53.5,2023-11-11T17:41,2023-11-11T07:38,36201.09,30927.97,0.000,0.0,11.1,22.1,312,9.76,19,34.9,69,8.0,1021.9
2023-11-12,3,31.8,44.9,2023-11-12T17:40,2023-11-12T07:39,36075.07,34357.06,0.000,0.0,8.4,16.3,11,10.51,26,27.6,69,5.9,1027.6
2023-11-13,3,29.0,47.7,2023-11-13T17:39,2023-11-13T07:40,35951.82,28800.00,0.000,0.0,8.2,16.6,247,10.38,23,28.4,69,4.5,1022.2
2023-11-14,3,36.0,51.5,2023-11-14T17:39,2023-11-14T07:41,35831.11,34087.06,0.000,0.0,17.0,31.5,317,8.52,21,33.5,69,9.5,1020.5
2023-11-15,3,31.4,51.0,2023-11-15T17:38,2023-11-15T07:43,35711.73,31580.65,0.000,0.0,9.0,17.9,231,9.96,55,33.9,76,5.3,1024.8
2023-11-16,3,37.8,63.8,2023-11-16T17:37,2023-11-16T07:44,35593.72,33810.14,0.000,0.0,7.7,13.2,231,10.72,15,38.8,71,5.2,1019.6
2023-11-17,3,41.5,66.2,2023-11-17T17:36,2023-11-17T07:45,35477.21,29606.34,0.000,0.0,11.2,21.7,205,8.97,68,45.8,77,7.8,1012.5
2023-11-18,53,38.7,56.0,2023-11-18T17:35,2023-11-18T07:46,35362.36,26621.58,0.063,7.0,15.2,29.5,318,8.75,51,39.2,69,9.9,1004.0
2023-11-19,2,35.0,54.0,2023-11-19T17:35,2023-11-19T07:47,35249.31,33553.28,0.000,0.0,12.1,23.3,269,10.44,5,29.4,59,7.5,1009.3
2023-11-20,3,31.2,44.5,2023-11-20T17:34,2023-11-20T07:48,35138.20,32548.08,0.000,0.0,12.1,21.0,359,10.69,35,22.8,56,7.2,1023.0
2023-11-21,61,29.7,46.5,2023-11-21T17:33,2023-11-21T07:50,35029.20,7595.37,0.307,8.0,17.1,29.8,88,3.80,85,28.8,68,10.9,1025.8
2023-11-22,63,46.8,57.4,2023-11-22T17:33,2023-11-22T07:51,34922.45,23184.55,1.122,9.0,23.1,42.5,38,7.73,74,46.9,84,11.3,1003.5
2023-11-23,3,41.5,51.8,2023-11-23T17:32,2023-11-23T07:52,34818.12,33304.99,0.000,0.0,12.8,24.2,300,9.96,21,35.7,67,9.6,1006.5
2023-11-24,3,32.1,49.2,2023-11-24T17:32,2023-11-24T07:53,34716.36,32631.76,0.000,0.0,14.3,25.5,312,9.72,36,28.0,60,9.1,1016.4
2023-11-25,3,26.6,39.3,2023-11-25T17:31,2023-11-25T07:54,34617.32,32998.12,0.000,0.0,10.2,21.0,322,8.90,44,21.3,63,4.1,1024.7
2023-11-26,63,27.5,50.7,2023-11-26T17:31,2023-11-26T07:55,34521.19,14884.15,0.220,7.0,20.2,39.1,106,5.70,94,33.9,80,8.0,1016.8
2023-11-27,63,37.4,55.2,2023-11-27T17:30,2023-11-27T07:56,34428.12,25141.90,0.169,4.0,22.1,41.6,259,7.71,34,36.7,73,11.8,1002.3
2023-11-28,1,29.3,38.4,2023-11-28T17:30,2023-11-28T07:57,34338.27,32883.10,0.000,0.0,17.4,32.9,280,9.28,5,13.6,43,13.2,1007.4
2023-11-29,3,24.8,36.5,2023-11-29T17:29,2023-11-29T07:58,34251.81,29595.62,0.000,0.0,13.8,24.8,255,9.31,34,14.6,53,9.2,1014.7
2023-11-30,3,27.8,48.8,2023-11-30T17:29,2023-11-30T08:00,34168.92,32431.47,0.000,0.0,10.7,20.4,223,9.51,32,23.8,58,7.8,1016.0
2023-12-01,61,33.4,45.9,2023-12-01T17:29,2023-12-01T08:01,34089.76,10444.89,0.197,7.0,8.9,15.4,207,3.58,83,35.9,82,5.3,1016.3
2023-12-02,51,42.3,61.3,2023-12-02T17:28,2023-12-02T08:02,34014.51,24288.44,0.004,1.0,9.4,18.1,239,7.06,97,45.7,91,4.5,1012.1
2023-12-03,63,42.3,49.9,2023-12-03T17:28,2023-12-03T08:02,33943.34,0.00,0.626,21.0,11.5,20.6,69,1.16,100,46.6,97,7.4,1005.7
2023-12-04,3,41.0,51.3,2023-12-04T17:28,2023-12-04T08:03,33876.12,24837.19,0.000,0.0,12.4,24.6,263,6.81,56,38.1,77,9.3,1004.1
2023-12-05,3,35.2,43.9,2023-12-05T17:28,2023-12-05T08:04,33812.09,18087.93,0.000,0.0,9.7,17.2,310,6.23,61,28.2,65,6.6,1011.6
2023-12-06,51,28.7,40.9,2023-12-06T17:28,2023-12-06T08:05,33751.22,24557.37,0.004,1.0,12.9,25.1,337,6.06,47,24.6,67,7.4,1011.8
2023-12-07,3,27.0,38.1,2023-12-07T17:28,2023-12-07T08:06,33693.60,10800.00,0.000,0.0,10.8,19.9,260,3.85,75,24.8,72,6.9,1012.8
2023-12-08,3,29.0,48.5,2023-12-08T17:28,2023-12-08T08:07,33639.30,30509.70,0.000,0.0,7.1,14.5,203,8.43,32,32.4,82,4.3,1017.1
2023-12-09,3,33.7,56.3,2023-12-09T17:28,2023-12-09T08:08,33588.41,31035.65,0.000,0.0,7.4,14.1,184,8.11,64,41.3,91,4.1,1018.1
2023-12-10,63,42.7,61.8,2023-12-10T17:28,2023-12-10T08:09,33540.98,8010.19,1.228,13.0,18.6,38.5,189,3.18,84,51.7,93,9.0,1008.6
2023-12-11,63,36.9,57.4,2023-12-11T17:28,2023-12-11T08:10,33497.10,23910.85,1.016,12.0,19.7,38.3,311,6.87,62,33.5,72,14.0,1005.2
2023-12-12,1,28.6,42.9,2023-12-12T17:28,2023-12-12T08:10,33456.83,31817.57,0.000,0.0,11.5,20.1,242,8.99,5,24.3,63,8.5,1023.6
2023-12-13,0,33.0,45.0,2023-12-13T17:28,2023-12-13T08:11,33420.25,31765.38,0.000,0.0,10.6,20.1,272,8.83,2,24.4,60,8.5,1027.0
2023-12-14,2,27.4,40.2,2023-12-14T17:28,2023-12-14T08:12,33387.42,31713.61,0.000,0.0,8.6,16.3,275,8.40,18,21.1,61,6.9,1032.1
2023-12-15,3,31.8,54.9,2023-12-15T17:29,2023-12-15T08:13,33358.41,31662.38,0.000,0.0,9.2,17.7,252,8.64,23,29.2,64,8.1,1024.3
2023-12-16,3,39.7,52.7,2023-12-16T17:29,2023-12-16T08:13,33333.29,30852.84,0.000,0.0,7.6,15.2,18,8.41,46,33.8,67,6.6,1027.0
2023-12-17,65,41.5,55.7,2023-12-17T17:29,2023-12-17T08:14,33312.12,0.00,0.807,11.0,13.0,25.1,91,2.13,100,46.0,90,9.0,1018.9
2023-12-18,65,42.6,60.2,2023-12-18T17:30,2023-12-18T08:15,33294.97,4300.82,3.209,17.0,31.4,59.7,193,2.21,72,47.8,83,17.1,988.6
2023-12-19,3,30.6,42.6,2023-12-19T17:30,2023-12-19T08:15,33281.90,29407.32,0.000,0.0,14.4,27.5,287,8.34,26,23.7,58,11.0,1009.5
2023-12-20,1,26.4,45.5,2023-12-20T17:30,2023-12-20T08:16,33272.96,31781.43,0.000,0.0,10.5,18.6,320,8.63,3,21.2,59,7.2,1023.5
2023-12-21,3,27.2,39.3,2023-12-21T17:31,2023-12-21T08:16,33268.21,31736.71,0.000,0.0,12.8,24.4,357,8.77,12,18.8,56,9.9,1025.9
2023-12-22,3,22.4,37.0,2023-12-22T17:31,2023-12-22T08:17,33267.72,30506.22,0.000,0.0,8.8,17.2,360,8.14,62,15.4,59,4.8,1027.7
2023-12-23,51,26.4,42.0,2023-12-23T17:32,2023-12-23T08:17,33271.52,8948.07,0.024,3.0,5.2,11.9,59,3.59,81,28.3,82,3.4,1027.8
2023-12-24,3,34.4,46.9,2023-12-24T17:32,2023-12-24T08:18,33279.69,7650.50,0.000,0.0,4.7,8.1,354,3.40,85,37.3,91,2.7,1025.7
2023-12-25,3,35.3,51.6,2023-12-25T17:33,2023-12-25T08:18,33292.27,23116.84,0.000,0.0,5.4,12.3,48,5.61,78,39.3,90,3.9,1026.0
2023-12-26,3,37.1,45.4,2023-12-26T17:34,2023-12-26T08:18,33309.17,0.00,0.000,0.0,4.0,10.7,82,2.93,100,39.8,98,2.9,1022.5
2023-12-27,53,41.2,47.0,2023-12-27T17:34,2023-12-27T08:19,33330.33,0.00,0.165,15.0,10.3,17.2,52,1.65,100,43.1,98,5.0,1014.7
2023-12-28,65,47.2,52.8,2023-12-28T17:35,2023-12-28T08:19,33355.69,141.15,1.677,20.0,15.9,28.9,37,1.89,100,48.1,94,9.7,1002.1
2023-12-29,51,45.8,55.5,2023-12-29T17:36,2023-12-29T08:19,33385.14,27189.72,0.016,4.0,9.7,19.2,258,6.78,81,43.7,83,5.4,1000.7
2023-12-30,51,34.9,46.4,2023-12-30T17:36,2023-12-30T08:19,33418.62,14354.73,0.004,1.0,15.7,29.8,276,4.78,73,32.0,69,8.8,1000.5
2023-12-31,3,29.8,43.4,2023-12-31T17:37,2023-12-31T08:20,33456.04,15528.80,0.000,0.0,9.5,18.6,279,4.99,63,27.4,67,5.8,1010.1
2024-01-01,51,31.8,45.4,2024-01-01T17:38,2024-01-01T08:20,33497.33,8192.16,0.004,1.0,9.1,15.9,311,4.78,73,30.6,75,4.7,1012.7
2024-01-02,0,24.3,42.1,2024-01-02T17:39,2024-01-02T08:20,33542.38,32720.03,0.000,0.0,8.6,15.0,317,8.97,0,23.5,72,6.0,1014.2
2024-01-03,3,29.3,46.4,2024-01-03T17:40,2024-01-03T08:20,33591.13,30307.35,0.000,0.0,8.9,18.1,273,8.23,56,26.7,72,5.9,1012.0
2024-01-04,71,28.2,44.0,2024-01-04T17:41,2024-01-04T08:20,33643.49,22273.14,0.012,3.0,16.0,30.4,313,6.36,60,23.6,64,8.7,1011.8
2024-01-05,3,23.1,37.4,2024-01-05T17:42,2024-01-05T08:20,33699.36,33102.61,0.000,0.0,12.6,23.3,288,9.22,21,16.2,59,7.9,1020.3
2024-01-06,75,23.5,36.9,2024-01-06T17:43,2024-01-06T08:20,33758.66,138.58,0.500,8.0,18.6,34.4,74,2.97,90,26.3,85,7.6,1014.8
2024-01-07,75,32.2,37.5,2024-01-07T17:44,2024-01-07T08:20,33821.31,432.61,0.343,14.0,16.8,32.4,7,2.43,89,32.3,90,11.2,1001.1
2024-01-08,1,26.1,43.1,2024-01-08T17:45,2024-01-08T08:20,33887.21,33032.34,0.000,0.0,11.2,25.1,311,9.30,11,25.8,70,7.5,1021.4
2024-01-09,65,24.3,54.9,2024-01-09T17:46,2024-01-09T08:20,33956.27,0.00,1.256,12.0,34.2,62.6,125,1.62,92,34.5,87,12.2,1015.4
2024-01-10,65,40.8,56.8,2024-01-10T17:47,2024-01-10T08:19,34028.40,21388.11,1.142,6.0,30.9,64.9,238,6.25,65,37.8,68,17.7,988.1
2024-01-11,51,32.4,46.1,2024-01-11T17:48,2024-01-11T08:19,34103.53,32470.81,0.004,1.0,13.8,25.9,248,8.84,37,28.1,63,9.3,1006.2
2024-01-12,53,29.3,46.7,2024-01-12T17:49,2024-01-12T08:19,34181.55,31018.32,0.028,2.0,13.3,23.7,135,8.70,66,32.1,76,7.5,1014.6
2024-01-13,63,35.4,58.0,2024-01-13T17:50,2024-01-13T08:19,34262.68,22666.30,0.839,11.0,21.7,39.6,219,5.62,61,37.7,70,17.3,991.9
2024-01-14,73,25.8,42.6,2024-01-14T17:51,2024-01-14T08:18,34347.77,22876.07,0.031,4.0,21.7,45.4,249,7.14,19,13.9,47,14.8,1007.9
2024-01-15,73,21.6,30.5,2024-01-15T17:52,2024-01-15T08:18,34436.71,23272.59,0.031,3.0,7.9,19.9,246,8.12,70,8.1,47,6.0,1019.0
2024-01-16,73,21.8,30.6,2024-01-16T17:53,2024-01-16T08:17,34529.33,0.00,0.370,19.0,15.4,28.0,347,1.20,91,21.9,81,8.5,1008.5
2024-01-17,0,16.2,24.4,2024-01-17T17:54,2024-01-17T08:17,34625.44,34043.09,0.000,0.0,14.4,28.4,271,10.59,0,4.2,51,11.5,1011.3
2024-01-18,71,20.0,32.3,2024-01-18T17:55,2024-01-18T08:16,34724.88,3250.29,0.020,5.0,10.9,21.7,239,5.24,89,10.6,53,7.4,1016.4
2024-01-19,73,24.3,30.5,2024-01-19T17:56,2024-01-19T08:16,34827.45,0.00,0.098,14.0,10.2,19.5,14,3.86,100,19.5,71,6.7,1007.3
2024-01-20,3,17.5,25.7,2024-01-20T17:58,2024-01-20T08:15,34933.00,32703.59,0.000,0.0,15.6,29.5,306,10.16,52,5.5,52,12.9,1010.8
2024-01-21,3,18.4,29.8,2024-01-21T17:59,2024-01-21T08:15,35041.34,34465.04,0.000,0.0,14.2,27.3,311,10.83,20,7.5,52,12.2,1022.1
2024-01-22,3,20.1,38.6,2024-01-22T18:00,2024-01-22T08:14,35152.31,31228.54,0.000,0.0,10.9,19.9,246,10.31,48,12.9,55,7.6,1029.1
2024-01-23,53,29.5,39.6,2024-01-23T18:01,2024-01-23T08:13,35265.75,0.00,0.087,4.0,11.7,20.4,252,2.85,95,24.6,69,5.8,1028.2
2024-01-24,53,32.3,41.3,2024-01-24T18:02,2024-01-24T08:13,35381.48,529.66,0.118,17.0,5.0,8.9,110,2.37,100,35.7,95,3.4,1027.4
2024-01-25,53,41.8,51.0,2024-01-25T18:04,2024-01-25T08:12,35499.34,0.00,0.244,16.0,13.5,23.7,266,1.99,100,46.4,97,6.8,1017.0
2024-01-26,53,38.4,46.3,2024-01-26T18:05,2024-01-26T08:11,35619.19,0.00,0.165,13.0,10.1,18.6,63,2.67,97,41.4,96,6.2,1014.0
2024-01-27,3,36.7,47.0,2024-01-27T18:06,2024-01-27T08:10,35740.86,9948.87,0.000,0.0,7.7,14.8,357,5.80,98,36.8,85,4.9,1017.8
2024-01-28,63,36.3,38.8,2024-01-28T18:07,2024-01-28T08:09,35864.19,0.00,0.831,23.0,18.0,33.6,44,1.55,100,36.4,95,10.6,1007.4
2024-01-29,51,32.9,42.1,2024-01-29T18:09,2024-01-29T08:09,35989.04,21450.22,0.024,5.0,16.2,31.5,351,6.78,79,29.2,74,11.1,1005.9
2024-01-30,3,25.1,39.5,2024-01-30T18:10,2024-01-30T08:08,36115.27,19326.46,0.000,0.0,7.5,15.0,63,8.17,58,24.1,72,6.1,1017.9
2024-01-31,71,30.6,39.7,2024-01-31T18:11,2024-01-31T08:07,36242.71,3372.49,0.004,1.0,7.2,13.0,136,4.51,89,28.4,75,5.1,1016.1
2024-02-01,53,26.7,47.7,2024-02-01T18:12,2024-02-01T08:06,36371.24,28473.38,0.020,1.0,11.5,22.8,243,8.41,67,30.4,81,5.8,1011.6
2024-02-02,55,35.8,42.8,2024-02-02T18:13,2024-02-02T08:05,36501.14,2332.42,0.240,16.0,13.2,23.3,352,2.38,77,34.1,84,7.3,1008.0
2024-02-03,2,26.3,42.3,2024-02-03T18:15,2024-02-03T08:04,36633.64,35435.78,0.000,0.0,14.6,26.2,2,12.09,12,19.6,57,10.5,1013.2
2024-02-04,1,25.5,45.6,2024-02-04T18:16,2024-02-04T08:03,36768.67,35497.88,0.000,0.0,9.4,16.6,353,12.45,2,20.1,58,7.2,1011.7
2024-02-05,1,26.4,44.2,2024-02-05T18:17,2024-02-05T08:02,36906.05,35562.04,0.000,0.0,16.5,28.9,2,12.58,2,16.4,51,10.2,1010.2
2024-02-06,0,23.4,41.9,2024-02-06T18:18,2024-02-06T08:01,37045.61,35628.16,0.000,0.0,11.9,20.8,9,12.62,0,15.7,52,8.5,1017.3
2024-02-07,2,25.8,46.5,2024-02-07T18:20,2024-02-07T08:00,37187.16,35696.10,0.000,0.0,8.5,14.5,6,12.60,19,21.2,59,5.4,1021.4
2024-02-08,3,26.1,49.8,2024-02-08T18:21,2024-02-08T07:59,37330.56,35765.78,0.000,0.0,6.7,12.3,123,12.50,44,26.4,70,4.2,1021.6
2024-02-09,3,34.9,52.1,2024-02-09T18:22,2024-02-09T07:57,37475.62,28800.00,0.000,0.0,9.2,19.5,178,10.59,71,36.8,84,6.1,1015.5
2024-02-10,51,36.4,60.3,2024-02-10T18:23,2024-02-10T07:56,37622.18,22103.52,0.008,1.0,9.7,19.2,236,8.59,99,41.9,82,6.3,1007.2
2024-02-11,3,38.6,48.0,2024-02-11T18:25,2024-02-11T07:55,37770.09,1670.89,0.000,0.0,10.0,17.7,313,6.33,99,35.5,72,6.4,1008.6
2024-02-12,3,28.9,48.6,2024-02-12T18:26,2024-02-12T07:54,37919.18,26514.40,0.000,0.0,7.1,12.5,350,11.84,95,30.3,72,4.3,1008.3
2024-02-13,75,30.1,38.8,2024-02-13T18:27,2024-02-13T07:52,38069.32,14665.22,1.028,14.0,16.4,29.5,354,6.27,70,28.2,79,10.7,999.4
2024-02-14,2,25.1,32.5,2024-02-14T18:28,2024-02-14T07:51,38220.34,36545.45,0.000,0.0,16.2,30.4,296,14.94,14,16.3,61,12.7,1011.6
2024-02-15,73,22.5,35.0,2024-02-15T18:29,2024-02-15T07:50,38372.10,29319.54,0.016,1.0,14.2,24.8,255,12.79,40,17.4,62,7.7,1014.4
2024-02-16,3,26.2,37.9,2024-02-16T18:31,2024-02-16T07:48,38524.45,36784.05,0.000,0.0,17.2,32.7,288,14.93,28,20.0,60,11.5,1007.2
2024-02-17,73,24.3,35.9,2024-02-17T18:32,2024-02-17T07:47,38677.25,26261.44,0.224,14.0,13.8,27.7,310,11.99,61,21.5,71,7.3,1005.2
2024-02-18,1,20.6,38.5,2024-02-18T18:33,2024-02-18T07:46,38830.38,37021.02,0.000,0.0,15.9,30.6,240,15.28,2,15.2,60,10.0,1007.5
2024-02-19,0,26.0,38.9,2024-02-19T18:34,2024-02-19T07:44,38983.67,37613.21,0.000,0.0,13.6,25.9,308,15.62,0,14.0,49,8.5,1016.2
2024-02-20,1,20.7,36.6,2024-02-20T18:35,2024-02-20T07:43,39137.01,37572.24,0.000,0.0,8.2,14.5,53,15.67,4,11.5,53,5.4,1027.4
2024-02-21,3,21.8,40.4,2024-02-21T18:37,2024-02-21T07:42,39290.25,33775.80,0.000,0.0,9.2,18.1,107,11.52,54,21.6,72,5.5,1026.2
2024-02-22,51,23.5,44.0,2024-02-22T18:38,2024-02-22T07:40,39443.70,32400.00,0.020,3.0,11.7,23.0,170,13.41,61,28.0,81,6.1,1012.4
2024-02-23,55,34.2,45.7,2024-02-23T18:39,2024-02-23T07:39,39598.60,5955.36,0.138,10.0,7.3,15.7,350,5.95,100,37.1,92,4.8,996.1
2024-02-24,3,26.7,42.0,2024-02-24T18:40,2024-02-24T07:37,39754.91,31413.11,0.000,0.0,12.4,25.1,328,13.59,49,19.4,57,9.9,1001.1
2024-02-25,3,19.3,39.7,2024-02-25T18:41,2024-02-25T07:36,39912.52,38319.00,0.000,0.0,9.7,19.7,211,16.49,9,13.4,55,5.8,1015.5
2024-02-26,73,28.2,52.4,2024-02-26T18:42,2024-02-26T07:35,40071.27,36396.41,0.051,3.0,8.9,18.1,201,14.05,67,30.6,75,6.7,1013.3
2024-02-27,63,31.2,56.8,2024-02-27T18:44,2024-02-27T07:33,40231.05,32665.11,0.146,4.0,16.3,29.8,151,14.34,78,40.5,85,8.7,1011.3
2024-02-28,63,50.3,62.5,2024-02-28T18:45,2024-02-28T07:31,40391.72,2857.95,0.724,20.0,20.4,42.1,201,5.77,100,53.2,89,13.9,1001.3
2024-02-29,51,27.0,43.1,2024-02-29T18:46,2024-02-29T07:30,40553.16,34540.59,0.004,1.0,19.8,38.5,296,12.87,26,12.9,43,12.7,1018.8
2024-03-01,3,23.4,42.7,2024-03-01T18:47,2024-03-01T07:28,40715.25,39050.55,0.000,0.0,11.8,23.9,195,16.76,32,19.6,58,6.7,1031.0
2024-03-02,63,35.6,50.5,2024-03-02T18:48,2024-03-02T07:27,40877.85,0.00,1.106,15.0,15.3,29.5,107,2.22,100,41.4,91,6.9,1022.4
2024-03-03,3,43.2,65.3,2024-03-03T18:49,2024-03-03T07:25,41040.86,39089.75,0.000,0.0,10.1,17.9,316,16.66,23,45.8,79,7.0,1016.9
2024-03-04,3,38.9,58.0,2024-03-04T18:50,2024-03-04T07:24,41204.15,30982.42,0.000,0.0,12.3,24.6,91,12.69,52,43.0,87,7.2,1023.5
2024-03-05,63,39.0,46.5,2024-03-05T18:52,2024-03-05T07:22,41367.61,0.00,0.839,16.0,13.2,24.6,56,2.06,100,42.1,96,7.9,1017.2
2024-03-06,65,39.6,49.7,2024-03-06T18:53,2024-03-06T07:20,41531.11,0.00,1.224,10.0,13.1,25.9,79,3.63,97,43.7,95,6.2,1011.7
2024-03-07,55,42.3,54.5,2024-03-07T18:54,2024-03-07T07:19,41694.54,10800.00,0.181,9.0,17.0,31.8,5,6.41,91,42.5,79,12.9,1007.7
2024-03-08,3,33.3,54.5,2024-03-08T18:55,2024-03-08T07:17,41857.79,41324.41,0.000,0.0,13.5,24.4,37,18.18,61,31.3,65,7.9,1020.7
2024-03-09,65,38.5,45.7,2024-03-09T18:56,2024-03-09T07:16,42020.73,0.00,1.220,10.0,19.3,40.7,117,2.52,100,36.8,84,11.9,1014.4
2024-03-10,65,36.0,51.3,2024-03-10T18:57,2024-03-10T07:14,42183.28,21832.79,0.764,8.0,18.0,34.7,285,10.20,79,34.9,71,13.1,992.3
2024-03-11,3,34.0,49.4,2024-03-11T18:58,2024-03-11T07:12,42345.29,41675.68,0.000,0.0,28.7,51.9,298,17.86,36,18.2,41,18.6,1000.4
2024-03-12,3,36.9,62.9,2024-03-12T18:59,2024-03-12T07:11,42506.66,41980.34,0.000,0.0,13.3,25.3,276,19.00,27,30.3,50,9.4,1006.1
2024-03-13,3,36.3,60.0,2024-03-13T19:00,2024-03-13T07:09,42667.67,42141.47,0.000,0.0,9.4,19.9,142,17.72,47,38.0,70,5.3,1008.7
2024-03-14,3,39.2,69.7,2024-03-14T19:02,2024-03-14T07:08,42829.45,42303.25,0.000,0.0,8.7,17.7,229,18.77,56,41.1,67,4.8,1011.6
2024-03-15,3,46.7,69.8,2024-03-15T19:03,2024-03-15T07:06,42991.98,29200.18,0.000,0.0,13.7,28.2,287,12.97,97,44.5,61,9.0,1003.2
2024-03-16,3,40.5,57.5,2024-03-16T19:04,2024-03-16T07:04,43155.19,42153.02,0.000,0.0,11.5,23.9,251,15.96,35,37.9,68,6.6,1005.3
2024-03-17,53,45.0,59.6,2024-03-17T19:05,2024-03-17T07:03,43318.95,39123.23,0.028,2.0,17.7,34.2,254,17.31,59,35.6,58,11.0,998.5
2024-03-18,3,36.4,47.9,2024-03-18T19:06,2024-03-18T07:01,43483.16,37328.53,0.000,0.0,12.4,24.6,302,14.49,72,23.0,44,10.0,1002.0
2024-03-19,71,32.8,45.0,2024-03-19T19:07,2024-03-19T06:59,43647.73,32123.16,0.020,3.0,16.8,32.7,283,15.74,60,20.8,51,11.8,1003.4
2024-03-20,53,34.1,51.8,2024-03-20T19:08,2024-03-20T06:58,43812.55,28828.54,0.051,3.0,17.9,33.8,264,12.00,59,29.2,62,8.7,1000.7
2024-03-21,3,25.5,41.4,2024-03-21T19:09,2024-03-21T06:56,43977.51,43124.65,0.000,0.0,17.8,34.7,295,19.56,20,11.0,41,12.3,1014.8
2024-03-22,3,23.8,42.4,2024-03-22T19:10,2024-03-22T06:54,44142.52,40127.31,0.000,0.0,11.3,22.8,198,19.79,32,18.4,54,6.4,1023.7
2024-03-23,65,34.2,48.7,2024-03-23T19:11,2024-03-23T06:53,44307.47,0.00,2.583,17.0,20.2,41.4,13,1.22,98,38.5,88,10.9,1008.3
2024-03-24,0,27.8,47.0,2024-03-24T19:12,2024-03-24T06:51,44472.27,43200.00,0.000,0.0,20.1,35.6,2,21.96,0,15.2,42,11.8,1019.0
2024-03-25,0,29.5,50.5,2024-03-25T19:13,2024-03-25T06:49,44636.80,43200.00,0.000,0.0,11.8,24.4,49,21.77,0,22.9,52,8.8,1026.0
2024-03-26,3,32.3,49.9,2024-03-26T19:14,2024-03-26T06:48,44800.96,21271.46,0.000,0.0,10.5,22.8,52,11.90,73,29.7,62,7.4,1019.1
2024-03-27,3,40.3,50.6,2024-03-27T19:15,2024-03-27T06:46,44964.64,0.00,0.000,0.0,7.9,16.1,36,5.98,100,39.1,80,3.1,1015.0
2024-03-28,63,43.6,50.8,2024-03-28T19:16,2024-03-28T06:44,45127.76,0.00,0.831,24.0,11.7,22.6,350,4.36,100,45.2,94,6.3,1010.0
2024-03-29,51,39.0,54.5,2024-03-29T19:18,2024-03-29T06:43,45290.19,39600.00,0.016,2.0,20.0,38.3,314,21.19,51,24.1,45,15.3,1003.7
2024-03-30,3,36.6,57.8,2024-03-30T19:19,2024-03-30T06:41,45451.82,33559.12,0.000,0.0,15.0,28.6,277,20.31,74,29.1,52,11.5,1004.8
2024-03-31,51,40.0,60.1,2024-03-31T19:20,2024-03-31T06:39,45612.55,43200.00,0.008,1.0,12.3,24.8,294,20.31,69,36.5,61,8.5,1007.2
2024-04-01,53,42.1,53.0,2024-04-01T19:21,2024-04-01T06:38,45772.28,3888.21,0.106,7.0,8.1,16.8,34,6.92,91,39.6,76,4.3,1010.7
2024-04-02,63,43.1,48.1,2024-04-02T19:22,2024-04-02T06:36,45931.23,0.00,0.693,17.0,13.0,25.7,67,3.05,100,42.4,92,8.5,1009.5
2024-04-03,63,39.3,43.7,2024-04-03T19:23,2024-04-03T06:35,46090.51,0.00,0.992,20.0,27.6,48.5,77,3.90,100,39.2,90,18.0,1000.2
2024-04-04,61,37.2,47.8,2024-04-04T19:24,2024-04-04T06:33,46250.08,16713.51,0.287,10.0,26.4,49.4,359,11.04,87,34.1,76,12.1,991.4
2024-04-05,3,34.6,48.7,2024-04-05T19:25,2024-04-05T06:31,46409.86,43200.00,0.000,0.0,16.9,33.1,299,17.87,56,27.9,61,11.4,999.4
2024-04-06,51,38.0,52.2,2024-04-06T19:26,2024-04-06T06:30,46569.75,33327.89,0.008,2.0,16.7,33.1,332,13.93,70,29.7,58,11.8,1005.2
2024-04-07,51,35.2,57.2,2024-04-07T19:27,2024-04-07T06:28,46729.64,42231.90,0.004,1.0,13.9,28.0,358,17.23,31,29.9,58,9.0,1013.2
2024-04-08,3,35.1,63.8,2024-04-08T19:28,2024-04-08T06:26,46889.43,41508.25,0.000,0.0,8.1,16.3,264,21.42,59,34.7,63,4.8,1016.4
2024-04-09,3,41.5,74.5,2024-04-09T19:29,2024-04-09T06:25,47049.01,43691.81,0.000,0.0,11.0,19.5,230,23.04,77,43.2,62,5.2,1013.0
2024-04-10,53,47.1,60.9,2024-04-10T19:30,2024-04-10T06:23,47208.28,27270.92,0.051,2.0,10.1,21.3,114,14.43,93,47.6,78,6.1,1012.8
2024-04-11,65,48.1,63.0,2024-04-11T19:31,2024-04-11T06:22,47367.14,11309.15,0.713,11.0,18.7,33.8,128,10.53,100,51.0,90,10.3,1009.3
2024-04-12,65,54.8,66.5,2024-04-12T19:32,2024-04-12T06:20,47525.46,26005.43,0.768,12.0,23.8,47.0,195,13.68,66,51.6,77,17.7,993.0
2024-04-13,51,45.8,53.9,2024-04-13T19:33,2024-04-13T06:19,47683.15,150.65,0.083,8.0,21.0,37.8,267,5.86,68,37.1,64,16.2,999.7
2024-04-14,53,43.2,71.0,2024-04-14T19:34,2024-04-14T06:17,47840.09,42314.29,0.051,2.0,14.6,30.4,240,20.06,74,38.8,51,11.5,1006.0
2024-04-15,3,51.7,74.9,2024-04-15T19:35,2024-04-15T06:15,47996.16,45714.18,0.000,0.0,14.3,27.1,282,21.25,27,49.1,62,8.9,1005.3
2024-04-16,1,45.5,68.4,2024-04-16T19:36,2024-04-16T06:14,48151.24,46831.12,0.000,0.0,11.5,24.2,317,25.51,2,37.2,48,6.8,1015.4
2024-04-17,53,45.5,61.2,2024-04-17T19:38,2024-04-17T06:12,48305.22,24055.29,0.110,6.0,10.8,21.5,83,13.55,75,41.5,70,8.0,1016.3
2024-04-18,51,42.4,48.5,2024-04-18T19:39,2024-04-18T06:11,48457.97,7200.00,0.083,14.0,15.1,28.9,60,6.93,89,42.4,84,11.1,1014.2
2024-04-19,3,39.4,56.5,2024-04-19T19:40,2024-04-19T06:09,48609.37,39803.94,0.000,0.0,11.9,25.1,125,20.01,79,40.7,78,7.1,1016.0
2024-04-20,53,46.9,67.4,2024-04-20T19:41,2024-04-20T06:08,48759.29,33105.68,0.067,6.0,17.1,32.4,274,19.69,58,41.7,66,8.6,1009.8
2024-04-21,3,37.0,52.9,2024-04-21T19:42,2024-04-21T06:07,48907.60,25700.88,0.000,0.0,13.0,25.7,296,15.89,75,27.5,50,8.2,1011.9
2024-04-22,3,36.8,58.4,2024-04-22T19:43,2024-04-22T06:05,49054.52,48444.74,0.000,0.0,10.8,21.0,302,26.10,11,30.5,53,6.9,1013.7
2024-04-23,3,35.9,58.9,2024-04-23T19:44,2024-04-23T06:04,49201.10,48503.16,0.000,0.0,16.5,31.8,178,26.49,23,34.2,60,9.2,1015.4
2024-04-24,61,47.3,68.8,2024-04-24T19:45,2024-04-24T06:02,49347.32,38799.93,0.059,2.0,18.2,35.1,277,21.28,60,39.6,55,8.8,1008.5
2024-04-25,3,37.5,54.9,2024-04-25T19:46,2024-04-25T06:01,49493.07,48933.89,0.000,0.0,13.3,23.9,54,24.49,30,28.7,53,8.1,1021.9
2024-04-26,3,35.5,58.8,2024-04-26T19:47,2024-04-26T06:00,49638.23,47717.68,0.000,0.0,11.6,23.7,157,23.52,14,34.6,65,5.5,1027.0
2024-04-27,51,36.8,58.1,2024-04-27T19:48,2024-04-27T05:58,49782.70,37182.43,0.012,1.0,16.3,31.5,179,21.35,91,34.6,62,8.1,1027.8
2024-04-28,51,47.7,73.0,2024-04-28T19:49,2024-04-28T05:57,49926.34,43565.16,0.020,2.0,10.4,21.5,189,24.43,96,51.4,75,5.0,1017.2
2024-04-29,63,56.8,82.7,2024-04-29T19:50,2024-04-29T05:56,50069.06,48206.19,0.299,6.0,8.8,19.2,128,22.89,60,61.3,81,5.3,1011.6
2024-04-30,61,51.4,71.4,2024-04-30T19:51,2024-04-30T05:54,50210.71,30691.94,0.106,2.0,9.8,20.1,75,18.76,99,53.1,82,7.6,1009.2
2024-05-01,53,50.4,76.3,2024-05-01T19:52,2024-05-01T05:53,50351.19,48499.46,0.039,2.0,12.4,24.4,153,21.50,60,51.7,79,5.4,1009.2
2024-05-02,51,50.4,81.9,2024-05-02T19:53,2024-05-02T05:52,50490.36,38963.96,0.016,2.0,13.9,25.1,259,23.22,49,51.1,67,7.4,1010.3
2024-05-03,3,49.1,63.1,2024-05-03T19:54,2024-05-03T05:50,50628.09,43684.37,0.000,0.0,10.7,22.4,94,20.15,87,46.4,70,8.1,1017.1
2024-05-04,3,46.4,63.7,2024-05-04T19:55,2024-05-04T05:49,50764.24,27212.48,0.000,0.0,12.8,26.2,127,16.11,94,45.3,76,6.6,1021.7
2024-05-05,63,48.3,53.3,2024-05-05T19:56,2024-05-05T05:48,50898.70,0.00,0.398,15.0,13.5,25.9,127,4.69,100,47.2,87,9.5,1020.1
2024-05-06,51,53.0,72.3,2024-05-06T19:57,2024-05-06T05:47,51031.30,6922.07,0.035,8.0,6.7,13.9,240,11.67,100,57.9,88,3.8,1011.3
2024-05-07,3,53.6,78.3,2024-05-07T19:58,2024-05-07T05:46,51161.92,50069.86,0.000,0.0,10.0,19.7,321,27.94,44,50.1,60,6.1,1004.4
2024-05-08,51,60.8,86.6,2024-05-08T20:00,2024-05-08T05:45,51290.41,42937.81,0.031,4.0,16.0,32.4,247,23.68,76,57.5,63,10.2,998.6
2024-05-09,3,57.4,68.9,2024-05-09T20:01,2024-05-09T05:43,51416.62,22694.68,0.000,0.0,9.3,19.5,360,17.01,99,48.3,59,6.5,1002.6
2024-05-10,61,49.0,58.8,2024-05-10T20:02,2024-05-10T05:42,51540.41,311.21,0.425,17.0,13.7,24.8,79,5.71,98,45.4,82,9.1,1004.5
2024-05-11,3,45.1,61.9,2024-05-11T20:02,2024-05-11T05:41,51661.62,43411.85,0.000,0.0,12.5,25.7,141,23.08,70,42.8,72,7.2,1006.7
2024-05-12,61,48.2,56.3,2024-05-12T20:03,2024-05-12T05:40,51780.43,21563.53,0.280,11.0,8.6,19.5,178,11.82,78,44.4,78,5.7,1008.7
2024-05-13,3,43.6,67.6,2024-05-13T20:04,2024-05-13T05:39,51897.74,46993.70,0.000,0.0,13.3,25.1,211,19.03,38,47.8,78,6.8,1013.2
2024-05-14,61,49.7,72.0,2024-05-14T20:05,2024-05-14T05:38,52013.54,31338.24,0.173,6.0,12.4,24.8,182,17.58,88,55.0,81,7.7,1011.4
2024-05-15,55,56.6,66.0,2024-05-15T20:06,2024-05-15T05:38,52127.71,13824.02,0.291,23.0,14.5,29.5,75,11.28,98,56.7,89,8.8,1006.0
2024-05-16,51,58.7,65.6,2024-05-16T20:07,2024-05-16T05:37,52240.14,1767.58,0.161,22.0,17.3,33.3,18,7.78,91,57.3,86,13.9,1002.6
2024-05-17,3,53.3,72.5,2024-05-17T20:08,2024-05-17T05:36,52350.73,24411.68,0.000,0.0,11.0,22.1,41,17.46,73,54.8,76,7.1,1009.6
2024-05-18,51,55.8,72.3,2024-05-18T20:09,2024-05-18T05:35,52459.34,19462.86,0.071,7.0,9.5,21.3,76,15.96,99,54.4,78,4.3,1011.0
2024-05-19,51,54.6,73.8,2024-05-19T20:10,2024-05-19T05:34,52565.86,33922.74,0.004,1.0,11.1,21.5,47,17.01,69,55.2,80,6.7,1011.7
2024-05-20,3,52.0,76.6,2024-05-20T20:11,2024-05-20T05:33,52670.18,49843.83,0.000,0.0,11.4,23.3,153,25.34,53,55.2,81,5.0,1013.0
2024-05-21,3,54.7,81.1,2024-05-21T20:12,2024-05-21T05:32,52772.16,50400.00,0.000,0.0,10.0,21.3,176,27.71,53,60.3,82,6.0,1011.3
2024-05-22,3,60.4,83.5,2024-05-22T20:13,2024-05-22T05:32,52871.69,50400.00,0.000,0.0,13.9,27.7,199,27.86,37,61.7,73,8.7,1009.9
2024-05-23,55,66.6,81.2,2024-05-23T20:14,2024-05-23T05:31,52968.64,28646.20,0.087,4.0,9.4,17.4,231,15.64,82,64.1,75,5.6,1007.4
2024-05-24,3,61.1,83.5,2024-05-24T20:15,2024-05-24T05:30,53062.89,50400.00,0.000,0.0,11.1,20.8,283,29.02,26,54.7,60,5.5,1006.3
2024-05-25,3,58.2,79.3,2024-05-25T20:16,2024-05-25T05:30,53154.30,50400.00,0.000,0.0,10.4,22.1,128,27.76,55,53.8,63,6.2,1007.7
2024-05-26,51,60.1,79.4,2024-05-26T20:16,2024-05-26T05:29,53242.76,48100.92,0.008,2.0,9.9,21.5,143,24.70,74,63.5,86,5.7,1008.6
2024-05-27,65,62.7,72.2,2024-05-27T20:17,2024-05-27T05:28,53328.12,11531.63,1.551,17.0,16.1,32.7,148,10.75,100,64.9,95,10.1,1006.0
2024-05-28,3,64.0,80.2,2024-05-28T20:18,2024-05-28T05:28,53410.25,50400.00,0.000,0.0,16.5,31.3,266,28.29,27,59.1,69,9.5,1002.9
2024-05-29,63,57.3,76.2,2024-05-29T20:19,2024-05-29T05:27,53489.04,46800.00,0.484,6.0,9.8,18.6,301,26.28,32,55.4,71,5.1,1008.5
2024-05-30,61,57.1,70.6,2024-05-30T20:20,2024-05-30T05:27,53564.33,50400.00,0.126,5.0,12.7,25.3,339,23.64,57,50.9,67,7.9,1010.4
2024-05-31,3,55.4,75.7,2024-05-31T20:20,2024-05-31T05:26,53636.00,49884.91,0.000,0.0,11.5,25.3,337,25.65,42,42.8,46,9.0,1015.9
2024-06-01,3,57.1,81.9,2024-06-01T20:21,2024-06-01T05:26,53704.13,50583.34,0.000,0.0,9.4,17.4,305,29.67,19,45.5,44,6.7,1016.4
2024-06-02,3,58.8,81.5,2024-06-02T20:22,2024-06-02T05:26,53769.28,39864.94,0.000,0.0,13.0,25.5,212,24.98,91,52.4,55,6.4,1012.9
2024-06-03,3,63.8,85.3,2024-06-03T20:22,2024-06-03T05:25,53831.43,48176.13,0.000,0.0,10.7,20.8,188,27.09,46,59.8,63,4.8,1009.0
2024-06-04,3,62.1,78.8,2024-06-04T20:23,2024-06-04T05:25,53890.54,50555.77,0.000,0.0,10.9,21.7,140,27.80,56,61.1,75,6.1,1011.7
2024-06-05,65,59.2,79.8,2024-06-05T20:24,2024-06-05T05:25,53946.52,24447.91,0.575,6.0,14.4,28.0,169,17.14,89,63.7,86,6.2,1008.7
2024-06-06,65,66.9,82.0,2024-06-06T20:24,2024-06-06T05:24,53999.34,35060.90,1.327,15.0,17.1,30.9,225,18.40,81,68.4,85,7.6,997.3
2024-06-07,51,64.3,83.2,2024-06-07T20:25,2024-06-07T05:24,54048.94,37962.48,0.028,2.0,13.5,28.9,277,19.85,41,57.5,63,6.9,998.1
2024-06-08,3,60.5,77.3,2024-06-08T20:26,2024-06-08T05:24,54095.25,40721.13,0.000,0.0,15.9,30.9,279,21.68,23,50.7,54,10.0,1003.4
2024-06-09,3,59.7,77.0,2024-06-09T20:26,2024-06-09T05:24,54138.23,41180.39,0.000,0.0,15.0,32.2,280,20.22,44,52.9,59,8.1,999.1
2024-06-10,3,58.5,75.6,2024-06-10T20:27,2024-06-10T05:24,54177.80,41824.18,0.000,0.0,10.8,22.1,298,19.79,44,49.3,55,8.0,1000.5
2024-06-11,51,57.4,73.8,2024-06-11T20:27,2024-06-11T05:24,54213.92,38044.99,0.004,1.0,6.3,13.4,316,19.36,58,53.6,66,4.6,1008.7
2024-06-12,3,58.3,77.4,2024-06-12T20:28,2024-06-12T05:24,54246.55,37111.63,0.000,0.0,9.3,19.2,293,19.31,49,55.2,67,5.8,1012.3
2024-06-13,3,57.1,84.4,2024-06-13T20:28,2024-06-13T05:24,54275.62,50524.41,0.000,0.0,18.1,34.2,185,27.17,33,58.0,66,8.6,1011.5
2024-06-14,65,66.8,85.0,2024-06-14T20:29,2024-06-14T05:24,54301.08,32885.46,0.913,8.0,9.9,20.1,198,18.98,58,65.4,77,5.9,1008.0
2024-06-15,3,62.5,80.7,2024-06-15T20:29,2024-06-15T05:24,54322.90,50526.86,0.000,0.0,12.7,24.8,341,28.39,16,55.1,62,8.5,1011.1
2024-06-16,3,57.7,75.8,2024-06-16T20:29,2024-06-16T05:24,54341.01,50400.00,0.000,0.0,10.9,21.7,92,29.29,68,51.7,61,7.8,1018.9
2024-06-17,3,61.5,85.6,2024-06-17T20:30,2024-06-17T05:24,54355.38,50532.42,0.000,0.0,16.0,30.9,178,25.84,45,62.8,73,9.0,1017.7
2024-06-18,3,68.8,86.0,2024-06-18T20:30,2024-06-18T05:24,54365.96,50400.00,0.000,0.0,13.8,27.1,186,27.83,66,65.6,69,9.0,1019.3
2024-06-19,3,68.2,88.2,2024-06-19T20:30,2024-06-19T05:24,54372.70,50400.00,0.000,0.0,15.0,29.1,183,25.79,72,63.2,64,8.0,1022.6
2024-06-20,3,68.2,92.2,2024-06-20T20:30,2024-06-20T05:24,54375.58,50546.10,0.000,0.0,12.9,25.3,200,27.87,52,64.1,60,7.7,1021.0
2024-06-21,63,73.0,95.4,2024-06-21T20:31,2024-06-21T05:24,54374.54,46003.92,0.150,2.0,9.7,24.2,213,23.85,47,66.3,61,6.6,1016.7
2024-06-22,61,71.5,93.1,2024-06-22T20:31,2024-06-22T05:25,54369.55,46800.00,0.114,4.0,9.8,24.6,183,21.69,68,70.6,74,4.7,1011.9
2024-06-23,51,72.9,95.9,2024-06-23T20:31,2024-06-23T05:25,54360.66,33325.77,0.016,3.0,16.6,32.0,215,20.71,94,67.7,62,10.9,1002.7
2024-06-24,3,71.9,80.8,2024-06-24T20:31,2024-06-24T05:25,54347.93,48273.00,0.000,0.0,23.2,43.6,297,24.36,35,58.4,54,15.6,1000.1
2024-06-25,3,68.4,92.1,2024-06-25T20:31,2024-06-25T05:26,54331.39,50585.61,0.000,0.0,13.3,26.6,280,29.10,41,53.0,42,10.2,1007.1
2024-06-26,51,73.7,95.4,2024-06-26T20:31,2024-06-26T05:26,54311.12,45137.75,0.020,2.0,15.8,29.3,228,25.24,91,62.9,53,10.0,1003.3
2024-06-27,63,70.3,86.2,2024-06-27T20:31,2024-06-27T05:26,54287.14,46800.00,0.350,5.0,12.6,24.4,312,26.45,44,60.9,62,8.2,1003.9
2024-06-28,3,59.9,78.2,2024-06-28T20:31,2024-06-28T05:27,54259.54,50400.00,0.000,0.0,12.8,25.1,81,29.60,43,47.7,50,7.0,1015.8
2024-06-29,53,64.2,79.9,2024-06-29T20:31,2024-06-29T05:27,54228.36,29890.30,0.063,6.0,20.2,38.7,167,17.77,94,65.4,77,12.9,1016.5
2024-06-30,65,71.5,91.8,2024-06-30T20:31,2024-06-30T05:28,54193.67,31934.84,1.268,10.0,16.4,30.2,235,17.54,83,73.0,84,10.3,1008.9
2024-07-01,51,61.9,79.4,2024-07-01T20:31,2024-07-01T05:28,54155.52,50400.00,0.008,2.0,14.9,29.1,349,25.87,16,55.7,60,11.8,1012.3
2024-07-02,3,61.5,82.8,2024-07-02T20:31,2024-07-02T05:29,54113.97,47547.33,0.000,0.0,9.6,18.3,23,28.72,37,54.0,54,6.1,1019.1
2024-07-03,3,63.2,81.9,2024-07-03T20:31,2024-07-03T05:29,54069.10,50400.00,0.000,0.0,15.7,30.2,182,28.40,71,55.7,58,8.2,1017.6
2024-07-04,61,66.8,86.5,2024-07-04T20:30,2024-07-04T05:30,54020.95,47561.38,0.087,4.0,11.3,22.8,180,22.76,90,64.7,69,6.9,1010.2
2024-07-05,63,71.5,89.7,2024-07-05T20:30,2024-07-05T05:31,53969.61,40081.54,0.224,6.0,10.9,23.0,157,19.19,92,73.2,83,5.4,1005.5
2024-07-06,53,72.8,90.7,2024-07-06T20:30,2024-07-06T05:31,53915.12,46177.58,0.035,5.0,9.9,22.1,177,22.40,58,73.7,78,5.9,1006.2
2024-07-07,53,73.8,90.1,2024-07-07T20:29,2024-07-07T05:32,53857.57,50400.00,0.035,4.0,8.5,17.2,4,22.61,47,70.6,71,4.9,1010.5
2024-07-08,3,74.1,90.9,2024-07-08T20:29,2024-07-08T05:33,53797.01,50400.00,0.000,0.0,9.9,19.5,142,24.99,72,71.3,77,4.9,1012.5
2024-07-09,51,72.3,88.8,2024-07-09T20:29,2024-07-09T05:33,53733.51,41745.87,0.004,1.0,14.3,28.0,164,23.69,91,73.5,80,6.6,1010.4
2024-07-10,55,76.5,88.9,2024-07-10T20:28,2024-07-10T05:34,53667.14,50400.00,0.059,3.0,20.6,39.1,176,23.78,70,73.7,77,11.6,1006.9
2024-07-11,61,75.4,93.6,2024-07-11T20:28,2024-07-11T05:35,53597.75,49042.17,0.189,4.0,16.6,34.0,214,26.06,50,67.9,66,9.8,1008.5
2024-07-12,63,71.0,84.7,2024-07-12T20:27,2024-07-12T05:35,53524.75,35211.19,0.665,10.0,12.8,28.9,203,16.65,61,68.9,77,5.3,1016.7
2024-07-13,65,71.4,86.6,2024-07-13T20:27,2024-07-13T05:36,53448.20,36000.00,1.228,12.0,12.0,21.7,214,19.92,56,71.1,83,4.7,1016.2
2024-07-14,53,71.1,88.3,2024-07-14T20:26,2024-07-14T05:37,53368.26,50400.00,0.039,3.0,9.7,20.1,225,25.15,20,71.3,77,4.4,1012.5
2024-07-15,51,73.9,94.3,2024-07-15T20:26,2024-07-15T05:38,53285.05,50400.00,0.020,3.0,13.1,25.1,214,23.82,38,71.5,71,5.8,1007.3
2024-07-16,51,73.3,93.4,2024-07-16T20:25,2024-07-16T05:38,53198.72,50400.00,0.031,3.0,15.2,37.1,225,24.01,37,70.2,65,8.7,1005.3
2024-07-17,65,74.4,89.2,2024-07-17T20:24,2024-07-17T05:39,53109.38,38237.99,1.394,6.0,10.5,26.2,201,21.71,72,73.0,78,5.1,1006.1
2024-07-18,55,70.7,86.4,2024-07-18T20:24,2024-07-18T05:40,53017.18,31707.96,0.059,2.0,8.7,15.7,318,19.89,71,65.5,69,5.2,1007.9
2024-07-19,2,64.2,82.9,2024-07-19T20:23,2024-07-19T05:41,52922.24,50400.00,0.000,0.0,10.0,17.0,331,27.45,9,56.9,56,6.5,1014.6
2024-07-20,53,64.0,82.8,2024-07-20T20:22,2024-07-20T05:42,52824.70,25704.17,0.035,1.0,11.0,21.5,228,16.50,99,63.4,69,4.8,1014.9
2024-07-21,3,67.3,88.0,2024-07-21T20:21,2024-07-21T05:43,52724.68,50400.00,0.000,0.0,13.5,25.9,216,25.92,37,64.6,65,5.3,1012.5
2024-07-22,61,70.0,82.4,2024-07-22T20:21,2024-07-22T05:44,52622.32,13975.15,0.165,5.0,12.4,23.9,179,13.74,98,68.6,78,6.5,1013.7
2024-07-23,51,70.1,84.0,2024-07-23T20:20,2024-07-23T05:44,52517.73,31469.31,0.106,16.0,5.3,13.0,77,16.95,92,69.7,83,3.1,1012.4
2024-07-24,65,70.1,84.7,2024-07-24T20:19,2024-07-24T05:45,52411.04,19103.21,0.394,5.0,9.0,18.1,100,12.73,94,70.6,86,5.5,1015.2
2024-07-25,3,68.6,86.3,2024-07-25T20:18,2024-07-25T05:46,52302.37,24224.82,0.000,0.0,10.2,19.9,281,18.06,81,65.2,72,5.7,1013.3
2024-07-26,3,64.8,83.9,2024-07-26T20:17,2024-07-26T05:47,52191.84,46800.00,0.000,0.0,11.9,23.5,344,26.39,31,54.3,51,8.4,1014.6
2024-07-27,3,63.7,85.6,2024-07-27T20:16,2024-07-27T05:48,52079.57,46455.02,0.000,0.0,7.6,14.3,0,22.28,28,57.8,57,4.9,1015.8
2024-07-28,3,64.9,88.0,2024-07-28T20:15,2024-07-28T05:49,51965.68,32902.92,0.000,0.0,11.6,25.7,124,20.50,52,60.2,61,6.2,1015.4
2024-07-29,63,71.0,84.1,2024-07-29T20:14,2024-07-29T05:50,51850.28,39759.77,0.161,3.0,10.4,21.7,164,17.68,73,68.3,77,5.6,1011.1
2024-07-30,3,70.7,88.2,2024-07-30T20:13,2024-07-30T05:51,51733.48,45505.61,0.000,0.0,17.1,33.1,179,23.18,70,69.4,75,10.0,1009.8
2024-07-31,65,73.7,89.2,2024-07-31T20:12,2024-07-31T05:52,51615.06,37854.37,0.531,13.0,10.6,22.6,202,15.49,73,71.6,81,7.2,1008.2
2024-08-01,2,69.0,94.3,2024-08-01T20:11,2024-08-01T05:53,51494.12,50400.00,0.000,0.0,9.5,20.8,239,24.36,17,69.8,71,5.1,1009.4
2024-08-02,61,74.0,91.7,2024-08-02T20:10,2024-08-02T05:54,51370.73,43883.46,0.157,7.0,15.6,29.1,182,18.53,72,72.5,77,5.0,1008.0
2024-08-03,63,74.6,91.8,2024-08-03T20:09,2024-08-03T05:55,51245.03,46800.00,0.437,9.0,9.6,24.8,231,21.52,80,73.3,81,5.9,1006.0
2024-08-04,61,73.8,82.9,2024-08-04T20:08,2024-08-04T05:56,51117.17,22910.36,0.201,10.0,9.6,19.7,227,13.36,81,72.0,87,7.0,1008.7
2024-08-05,3,70.0,89.3,2024-08-05T20:06,2024-08-05T05:57,50987.29,50299.18,0.000,0.0,12.0,23.7,225,24.11,40,68.1,69,6.0,1011.4
2024-08-06,65,71.2,89.6,2024-08-06T20:05,2024-08-06T05:58,50855.52,39033.32,1.260,13.0,10.3,23.0,227,18.32,57,71.1,80,6.2,1009.4
2024-08-07,65,65.8,72.0,2024-08-07T20:04,2024-08-07T05:59,50722.02,1967.76,1.004,13.0,12.4,23.5,54,9.79,100,65.3,87,9.3,1010.8
2024-08-08,63,65.5,73.3,2024-08-08T20:03,2024-08-08T06:00,50586.91,0.00,0.453,15.0,13.7,25.9,78,6.63,100,65.5,88,10.0,1014.1
2024-08-09,65,71.2,82.8,2024-08-09T20:01,2024-08-09T06:01,50450.32,19693.78,0.945,23.0,27.0,51.7,170,14.73,99,72.7,89,15.6,1008.3
2024-08-10,55,71.2,84.5,2024-08-10T20:00,2024-08-10T06:02,50312.38,49733.35,0.047,2.0,11.0,21.7,278,25.02,33,66.4,71,8.0,1008.6
2024-08-11,3,65.5,81.9,2024-08-11T19:59,2024-08-11T06:03,50173.22,48051.57,0.000,0.0,12.4,23.5,282,22.05,54,58.4,61,5.8,1011.3
2024-08-12,51,61.9,79.0,2024-08-12T19:57,2024-08-12T06:04,50032.96,49456.28,0.016,3.0,11.8,24.4,278,22.00,23,57.6,64,6.9,1011.0
2024-08-13,3,62.0,81.0,2024-08-13T19:56,2024-08-13T06:05,49891.73,47219.40,0.000,0.0,8.2,17.2,321,22.09,29,57.5,65,6.1,1012.2
2024-08-14,3,64.3,82.8,2024-08-14T19:55,2024-08-14T06:06,49749.64,48457.86,0.000,0.0,8.7,18.1,348,22.68,33,59.9,66,5.8,1013.5
2024-08-15,1,63.6,85.9,2024-08-15T19:53,2024-08-15T06:07,49606.80,48748.27,0.000,0.0,6.2,13.2,319,23.43,14,61.2,66,4.3,1013.4
2024-08-16,3,65.8,86.0,2024-08-16T19:52,2024-08-16T06:08,49463.35,48409.18,0.000,0.0,10.6,20.8,127,22.71,25,64.8,72,4.6,1013.0
2024-08-17,65,69.5,79.5,2024-08-17T19:50,2024-08-17T06:09,49319.37,26772.36,0.339,4.0,14.3,27.7,140,14.02,74,68.7,85,9.2,1011.6
2024-08-18,63,70.1,78.0,2024-08-18T19:49,2024-08-18T06:10,49174.99,11260.04,0.902,21.0,14.9,28.0,149,10.41,95,69.5,89,9.7,1006.7
2024-08-19,63,68.3,82.8,2024-08-19T19:48,2024-08-19T06:10,49030.30,34322.37,0.591,16.0,12.0,22.8,276,17.22,79,68.5,86,5.9,1002.0
2024-08-20,3,62.0,72.2,2024-08-20T19:46,2024-08-20T06:11,48885.08,41786.58,0.000,0.0,14.0,26.4,321,23.98,38,51.2,60,10.4,1007.8
2024-08-21,1,55.8,72.7,2024-08-21T19:45,2024-08-21T06:12,48738.32,47263.81,0.000,0.0,12.6,24.4,303,23.03,9,48.9,59,8.6,1013.0
2024-08-22,3,55.8,75.8,2024-08-22T19:43,2024-08-22T06:13,48590.07,46703.82,0.000,0.0,10.6,21.7,289,19.72,18,52.1,63,6.7,1017.1
2024-08-23,2,56.1,80.7,2024-08-23T19:42,2024-08-23T06:14,48440.44,46768.47,0.000,0.0,8.3,16.8,278,23.74,10,55.2,66,4.7,1020.5
2024-08-24,3,59.1,84.3,2024-08-24T19:40,2024-08-24T06:15,48289.55,45902.96,0.000,0.0,9.4,19.2,273,22.72,30,57.4,65,4.1,1019.8
2024-08-25,51,62.2,85.8,2024-08-25T19:39,2024-08-25T06:16,48137.53,43726.26,0.008,2.0,10.0,18.6,222,21.72,37,60.0,65,5.2,1018.8
2024-08-26,51,65.3,86.3,2024-08-26T19:37,2024-08-26T06:17,47984.48,44492.44,0.016,3.0,14.8,28.4,227,20.88,16,62.5,71,4.2,1016.5
2024-08-27,3,64.5,86.4,2024-08-27T19:35,2024-08-27T06:18,47830.53,44872.77,0.000,0.0,11.6,23.5,184,22.67,22,64.4,76,5.0,1014.8
2024-08-28,3,70.8,92.0,2024-08-28T19:34,2024-08-28T06:19,47675.78,43200.00,0.000,0.0,9.6,20.1,260,19.65,47,68.9,70,7.6,1010.7
2024-08-29,63,67.6,78.5,2024-08-29T19:32,2024-08-29T06:20,47520.34,26146.17,0.260,5.0,11.0,20.6,68,13.99,80,63.5,73,8.8,1017.9
2024-08-30,63,64.8,75.7,2024-08-30T19:31,2024-08-30T06:21,47364.32,32032.61,0.272,4.0,9.3,19.9,110,17.11,78,60.0,74,7.5,1020.5
2024-08-31,51,63.1,77.8,2024-08-31T19:29,2024-08-31T06:22,47207.82,26112.32,0.031,5.0,10.2,20.8,156,13.05,75,64.7,82,5.9,1014.8
2024-09-01,51,69.5,83.4,2024-09-01T19:27,2024-09-01T06:23,47050.95,27899.23,0.059,8.0,11.3,24.4,227,13.86,82,68.6,81,7.0,1008.0
2024-09-02,3,63.4,78.3,2024-09-02T19:26,2024-09-02T06:24,46893.81,33318.65,0.000,0.0,12.5,22.4,334,20.10,36,54.5,58,9.6,1011.8
2024-09-03,0,54.2,72.7,2024-09-03T19:24,2024-09-03T06:25,46736.50,43852.79,0.000,0.0,10.7,21.7,5,23.49,0,45.5,54,6.4,1022.0
2024-09-04,0,54.8,77.0,2024-09-04T19:22,2024-09-04T06:26,46579.11,43856.89,0.000,0.0,7.7,16.8,137,22.81,0,51.6,65,4.5,1025.8
2024-09-05,0,55.1,77.4,2024-09-05T19:21,2024-09-05T06:27,46421.75,43273.66,0.000,0.0,8.4,17.4,74,22.58,0,54.4,69,5.2,1023.8
2024-09-06,3,57.9,79.7,2024-09-06T19:19,2024-09-06T06:28,46264.52,41845.03,0.000,0.0,10.6,19.9,72,16.34,35,60.2,78,5.8,1015.4
2024-09-07,63,57.7,75.3,2024-09-07T19:18,2024-09-07T06:29,46107.49,21334.73,0.205,15.0,15.1,30.4,183,11.70,84,62.0,84,7.6,1007.3
2024-09-08,1,52.6,71.0,2024-09-08T19:16,2024-09-08T06:30,45950.79,43358.59,0.000,0.0,12.5,25.1,284,22.12,3,45.3,59,9.1,1011.0
2024-09-09,2,52.3,76.0,2024-09-09T19:14,2024-09-09T06:31,45794.14,43386.98,0.000,0.0,11.7,21.9,266,20.91,11,45.7,52,7.5,1014.3
2024-09-10,1,57.6,78.1,2024-09-10T19:13,2024-09-10T06:32,45636.55,43200.00,0.000,0.0,8.1,16.8,309,21.71,5,50.9,58,6.2,1014.5
2024-09-11,3,54.1,77.6,2024-09-11T19:11,2024-09-11T06:33,45478.03,43200.00,0.000,0.0,7.2,14.8,55,21.26,59,51.8,66,4.8,1018.1
2024-09-12,3,57.9,79.0,2024-09-12T19:09,2024-09-12T06:34,45318.68,37994.22,0.000,0.0,9.3,18.8,166,20.31,32,58.5,78,3.6,1020.0
2024-09-13,3,56.6,81.3,2024-09-13T19:08,2024-09-13T06:35,45158.61,43200.00,0.000,0.0,8.0,16.6,160,20.78,13,58.5,77,2.9,1019.9
2024-09-14,3,58.7,83.8,2024-09-14T19:06,2024-09-14T06:36,44997.92,43200.00,0.000,0.0,9.6,19.0,58,19.84,14,60.9,74,4.9,1020.0
2024-09-15,1,60.0,81.6,2024-09-15T19:04,2024-09-15T06:37,44836.70,43187.86,0.000,0.0,10.6,19.7,77,19.49,6,58.6,71,6.1,1022.8
2024-09-16,3,56.1,77.6,2024-09-16T19:02,2024-09-16T06:38,44675.06,43085.09,0.000,0.0,7.5,17.0,66,19.55,69,56.0,74,5.3,1022.2
2024-09-17,3,57.8,80.3,2024-09-17T19:01,2024-09-17T06:39,44513.10,42982.10,0.000,0.0,9.2,18.3,70,18.20,94,59.2,77,5.5,1018.7
2024-09-18,51,64.0,74.3,2024-09-18T18:59,2024-09-18T06:40,44350.91,0.00,0.008,1.0,9.4,18.3,47,6.88,100,60.6,77,7.4,1014.0
2024-09-19,3,61.1,84.7,2024-09-19T18:57,2024-09-19T06:41,44188.58,42266.27,0.000,0.0,9.7,19.7,7,19.24,95,57.9,64,7.1,1008.4
2024-09-20,3,63.0,81.1,2024-09-20T18:56,2024-09-20T06:42,44026.22,42672.76,0.000,0.0,12.2,21.3,31,16.48,27,60.5,72,7.8,1009.4
2024-09-21,3,59.5,79.5,2024-09-21T18:54,2024-09-21T06:43,43863.92,42569.89,0.000,0.0,10.0,20.1,32,18.04,37,55.3,67,8.2,1011.4
2024-09-22,3,56.3,76.2,2024-09-22T18:52,2024-09-22T06:44,43701.77,42467.31,0.000,0.0,10.1,21.9,56,17.51,34,53.3,68,7.2,1012.2
2024-09-23,51,55.9,68.7,2024-09-23T18:50,2024-09-23T06:45,43539.87,16703.96,0.012,2.0,10.6,21.5,59,10.02,82,50.5,66,6.4,1013.9
2024-09-24,51,56.2,67.3,2024-09-24T18:49,2024-09-24T06:46,43378.32,5428.54,0.008,2.0,9.9,19.7,77,7.45,98,51.8,69,7.5,1016.1
2024-09-25,53,60.3,68.8,2024-09-25T18:47,2024-09-25T06:47,43217.21,118.06,0.035,2.0,11.6,22.1,99,5.36,100,54.5,72,8.6,1017.0
2024-09-26,61,62.1,73.8,2024-09-26T18:45,2024-09-26T06:48,43056.64,293.73,0.173,9.0,9.9,23.0,152,4.85,100,65.1,90,6.6,1014.2
2024-09-27,51,65.6,71.8,2024-09-27T18:44,2024-09-27T06:49,42896.70,0.00,0.031,4.0,8.7,16.1,59,6.67,100,62.4,82,4.7,1011.9
2024-09-28,61,61.2,67.9,2024-09-28T18:42,2024-09-28T06:50,42737.49,0.00,0.299,15.0,13.3,25.5,66,3.67,90,59.5,83,10.2,1010.2
2024-09-29,53,61.8,64.6,2024-09-29T18:40,2024-09-29T06:51,42578.75,0.00,0.098,11.0,11.2,20.8,64,3.79,99,58.0,84,8.9,1012.2
2024-09-30,3,57.8,71.9,2024-09-30T18:39,2024-09-30T06:52,42419.41,35369.99,0.000,0.0,11.0,22.6,59,14.55,94,55.7,75,6.8,1013.2
2024-10-01,51,58.5,70.2,2024-10-01T18:37,2024-10-01T06:53,42259.47,35582.55,0.004,1.0,10.4,21.5,69,11.84,78,55.1,76,7.3,1013.4
2024-10-02,51,55.8,69.0,2024-10-02T18:35,2024-10-02T06:54,42099.05,25698.14,0.008,2.0,8.4,15.7,73,10.45,68,53.2,76,5.4,1012.2
2024-10-03,51,59.2,72.2,2024-10-03T18:34,2024-10-03T06:55,41938.27,29623.33,0.004,1.0,8.9,18.1,172,11.19,77,56.0,77,4.1,1015.8
2024-10-04,51,53.6,74.4,2024-10-04T18:32,2024-10-04T06:56,41777.21,35956.33,0.008,1.0,10.2,20.6,191,13.27,87,57.4,83,5.3,1018.3
2024-10-05,51,57.6,74.6,2024-10-05T18:31,2024-10-05T06:57,41616.00,39932.62,0.012,1.0,10.4,21.5,2,16.84,18,53.3,68,6.8,1016.6
2024-10-06,3,50.6,71.6,2024-10-06T18:29,2024-10-06T06:58,41454.73,39613.83,0.000,0.0,10.2,19.2,139,16.69,17,51.2,72,6.3,1014.6
2024-10-07,63,59.0,73.7,2024-10-07T18:27,2024-10-07T06:59,41293.52,33170.02,0.244,7.0,11.6,22.4,281,14.54,48,52.4,67,8.9,1006.2
2024-10-08,3,51.3,68.7,2024-10-08T18:26,2024-10-08T07:00,41132.49,38663.79,0.000,0.0,9.7,19.9,293,15.44,28,42.1,56,6.9,1008.6
2024-10-09,3,48.7,66.8,2024-10-09T18:24,2024-10-09T07:01,40971.73,36085.31,0.000,0.0,13.6,23.3,294,13.06,34,41.7,56,6.9,1008.9
2024-10-10,1,46.0,64.0,2024-10-10T18:22,2024-10-10T07:02,40811.36,39250.86,0.000,0.0,12.6,25.5,325,16.09,5,37.0,55,10.7,1013.2
2024-10-11,0,44.7,69.3,2024-10-11T18:21,2024-10-11T07:03,40651.50,39111.89,0.000,0.0,11.7,21.7,276,16.51,1,40.1,58,8.2,1013.6
2024-10-12,2,54.4,72.6,2024-10-12T18:19,2024-10-12T07:04,40492.26,39047.22,0.000,0.0,13.9,28.2,290,16.39,14,41.8,46,9.6,1009.3
2024-10-13,3,49.6,73.4,2024-10-13T18:18,2024-10-13T07:06,40333.75,36069.59,0.000,0.0,9.8,19.5,96,14.42,58,48.1,63,6.3,1006.4
2024-10-14,51,47.1,66.0,2024-10-14T18:16,2024-10-14T07:07,40176.09,37343.93,0.004,1.0,21.4,41.6,298,14.12,42,43.8,70,10.6,1000.6
2024-10-15,51,41.9,57.8,2024-10-15T18:15,2024-10-15T07:08,40019.42,38851.47,0.004,1.0,12.2,24.4,295,14.19,26,34.0,58,8.9,1007.9
2024-10-16,3,42.3,59.3,2024-10-16T18:13,2024-10-16T07:09,39863.84,38785.67,0.000,0.0,13.1,25.3,314,12.81,19,33.2,55,10.1,1012.8
2024-10-17,3,39.4,58.6,2024-10-17T18:12,2024-10-17T07:10,39709.47,36895.35,0.000,0.0,13.4,24.6,4,15.04,23,33.4,58,8.4,1019.4
2024-10-18,0,44.7,66.2,2024-10-18T18:10,2024-10-18T07:11,39556.46,38653.28,0.000,0.0,11.6,23.5,358,15.33,0,33.9,50,8.8,1025.5
2024-10-19,0,45.8,70.3,2024-10-19T18:09,2024-10-19T07:12,39404.51,38586.66,0.000,0.0,6.9,11.4,345,15.04,0,40.0,58,4.1,1028.1
2024-10-20,2,43.3,74.8,2024-10-20T18:07,2024-10-20T07:13,39252.44,38519.51,0.000,0.0,6.2,11.4,259,15.18,3,40.3,57,4.1,1022.2
2024-10-21,0,47.1,80.8,2024-10-21T18:06,2024-10-21T07:14,39100.26,38451.81,0.000,0.0,7.6,13.9,263,14.43,1,44.4,54,4.8,1018.2
2024-10-22,0,55.0,81.1,2024-10-22T18:04,2024-10-22T07:15,38948.11,38383.59,0.000,0.0,7.6,15.4,156,13.94,1,52.5,65,5.1,1019.3
2024-10-23,3,52.5,76.7,2024-10-23T18:03,2024-10-23T07:17,38796.12,38239.01,0.000,0.0,11.1,22.1,194,13.91,7,51.3,65,7.0,1013.5
2024-10-24,51,52.6,68.4,2024-10-24T18:02,2024-10-24T07:18,38644.43,37268.65,0.004,1.0,14.8,28.9,341,13.96,16,44.2,55,10.0,1009.7
2024-10-25,3,43.9,64.2,2024-10-25T18:00,2024-10-25T07:19,38493.15,37934.07,0.000,0.0,9.8,17.2,306,14.21,17,35.4,53,6.6,1015.2
2024-10-26,3,50.0,63.9,2024-10-26T17:59,2024-10-26T07:20,38342.44,36864.92,0.000,0.0,15.3,29.3,303,13.73,19,35.3,47,9.5,1015.7
2024-10-27,3,41.6,57.9,2024-10-27T17:58,2024-10-27T07:21,38192.42,37466.39,0.000,0.0,12.0,21.3,299,14.05,39,27.4,48,6.3,1024.1
2024-10-28,3,37.5,61.0,2024-10-28T17:56,2024-10-28T07:22,38043.25,36785.12,0.000,0.0,8.8,16.8,141,13.20,28,34.1,62,4.3,1025.9
2024-10-29,51,44.2,63.2,2024-10-29T17:55,2024-10-29T07:24,37895.06,26814.59,0.035,6.0,13.8,26.2,133,8.41,67,48.8,81,7.0,1026.4
2024-10-30,3,52.3,78.3,2024-10-30T17:54,2024-10-30T07:25,37748.01,32400.00,0.000,0.0,8.6,16.8,227,12.17,79,52.9,74,6.0,1021.8
2024-10-31,3,54.3,81.7,2024-10-31T17:52,2024-10-31T07:26,37602.24,32819.80,0.000,0.0,13.2,23.0,223,12.06,75,54.6,66,8.5,1015.4
2024-11-01,51,58.6,78.6,2024-11-01T17:51,2024-11-01T07:27,37457.91,24409.89,0.020,2.0,17.3,32.9,258,10.03,48,49.1,51,13.2,1010.9
2024-11-02,1,46.6,60.3,2024-11-02T17:50,2024-11-02T07:28,37315.17,35960.12,0.000,0.0,11.7,23.9,328,12.66,4,35.2,50,8.9,1021.4
2024-11-03,3,38.8,55.3,2024-11-03T17:49,2024-11-03T07:29,37174.18,35602.41,0.000,0.0,9.1,18.1,10,12.78,11,25.6,48,6.6,1027.1
2024-11-04,3,38.7,57.6,2024-11-04T17:48,2024-11-04T07:31,37035.11,30114.99,0.000,0.0,11.4,23.7,121,11.24,69,38.4,70,6.7,1027.3
2024-11-05,3,48.9,72.2,2024-11-05T17:47,2024-11-05T07:32,36898.12,34930.42,0.000,0.0,12.1,24.2,221,11.16,25,52.5,78,8.3,1018.9
2024-11-06,2,61.4,79.9,2024-11-06T17:46,2024-11-06T07:33,36763.38,34157.35,0.000,0.0,13.8,25.5,230,11.34,20,56.9,66,10.8,1012.8
2024-11-07,3,54.0,72.4,2024-11-07T17:45,2024-11-07T07:34,36631.07,33431.37,0.000,0.0,12.3,24.4,310,11.13,39,51.3,66,8.2,1013.7
2024-11-08,2,45.0,68.6,2024-11-08T17:43,2024-11-08T07:35,36500.92,34809.98,0.000,0.0,16.6,30.9,285,11.80,5,37.5,54,9.2,1011.0
2024-11-09,3,40.1,55.0,2024-11-09T17:43,2024-11-09T07:36,36371.70,34787.49,0.000,0.0,15.5,29.8,330,11.99,7,23.5,40,8.8,1021.3
2024-11-10,53,36.7,58.0,2024-11-10T17:42,2024-11-10T07:38,36243.44,10895.39,0.039,4.0,12.2,23.9,212,5.57,89,34.9,63,6.2,1019.9
2024-11-11,55,52.8,69.1,2024-11-11T17:41,2024-11-11T07:39,36116.29,34102.82,0.126,6.0,15.6,28.9,248,10.40,44,49.9,72,11.4,1003.4
2024-11-12,1,42.0,54.3,2024-11-12T17:40,2024-11-12T07:40,35990.39,34512.59,0.000,0.0,16.4,37.6,321,11.01,6,30.8,49,12.7,1012.0
2024-11-13,1,34.5,48.6,2024-11-13T17:39,2024-11-13T07:41,35865.90,34414.84,0.000,0.0,9.1,20.8,11,11.43,3,19.5,42,6.4,1027.0
2024-11-14,3,34.6,46.0,2024-11-14T17:38,2024-11-14T07:42,35742.97,24138.85,0.000,0.0,6.5,15.2,38,9.15,82,21.7,47,4.1,1021.4
2024-11-15,3,38.2,58.7,2024-11-15T17:37,2024-11-15T07:44,35621.75,29962.37,0.000,0.0,9.2,20.4,324,9.84,59,26.6,45,5.2,1008.8
2024-11-16,0,43.7,61.6,2024-11-16T17:36,2024-11-16T07:45,35502.41,33832.38,0.000,0.0,10.6,25.7,323,10.83,0,25.4,37,8.8,1007.5
2024-11-17,3,44.1,64.6,2024-11-17T17:36,2024-11-17T07:46,35385.09,32400.00,0.000,0.0,8.8,19.0,307,10.42,55,26.1,37,5.3,1012.2
2024-11-18,3,46.4,64.1,2024-11-18T17:35,2024-11-18T07:47,35269.98,33547.84,0.000,0.0,8.8,21.9,300,10.33,44,35.6,49,6.8,1007.9
2024-11-19,3,43.5,58.4,2024-11-19T17:34,2024-11-19T07:48,35157.23,26448.53,0.000,0.0,8.5,18.8,321,8.86,62,33.2,51,3.9,1009.1
2024-11-20,3,45.8,60.3,2024-11-20T17:33,2024-11-20T07:49,35047.02,26712.13,0.000,0.0,7.2,15.4,88,7.33,55,38.3,58,3.3,1004.5
2024-11-21,63,40.3,53.4,2024-11-21T17:33,2024-11-21T07:51,34939.50,0.00,1.567,20.0,10.3,21.9,6,1.39,100,44.9,91,7.9,995.8
2024-11-22,73,36.0,40.5,2024-11-22T17:32,2024-11-22T07:52,34834.87,2509.21,0.744,24.0,15.6,34.7,226,2.90,100,35.3,90,10.9,989.8
2024-11-23,51,36.6,47.8,2024-11-23T17:32,2024-11-23T07:53,34733.29,32976.71,0.043,6.0,16.1,40.3,305,8.62,66,35.3,77,10.1,996.3
2024-11-24,3,41.5,51.0,2024-11-24T17:31,2024-11-24T07:54,34634.95,30260.94,0.000,0.0,14.3,35.3,285,7.57,56,34.1,63,9.8,1007.5
2024-11-25,3,37.3,51.3,2024-11-25T17:31,2024-11-25T07:55,34540.02,32383.06,0.000,0.0,7.2,15.9,272,9.67,49,34.5,69,4.4,1013.4
2024-11-26,61,44.2,58.4,2024-11-26T17:30,2024-11-26T07:56,34448.70,20781.06,0.138,4.0,9.4,22.1,263,5.53,56,43.0,74,5.6,1007.8
2024-11-27,3,37.0,50.5,2024-11-27T17:30,2024-11-27T07:57,34361.15,32254.85,0.000,0.0,6.3,17.0,250,9.32,65,32.7,68,4.4,1012.4
2024-11-28,61,41.3,51.8,2024-11-28T17:29,2024-11-28T07:58,34277.23,3439.56,0.433,12.0,12.9,29.3,322,1.53,84,39.7,84,7.4,1001.5
2024-11-29,51,34.5,45.9,2024-11-29T17:29,2024-11-29T07:59,34196.00,18000.00,0.016,2.0,11.5,27.3,262,6.03,29,30.3,71,7.1,1007.9
2024-11-30,3,28.6,38.3,2024-11-30T17:29,2024-11-30T08:00,34117.46,30765.28,0.000,0.0,10.7,27.5,272,9.23,13,19.2,57,7.4,1011.5
2024-12-01,3,25.7,37.0,2024-12-01T17:28,2024-12-01T08:01,34041.72,32219.10,0.000,0.0,11.2,28.4,254,8.77,30,15.8,55,6.7,1014.6
2024-12-02,2,27.7,39.1,2024-12-02T17:28,2024-12-02T08:02,33968.88,31947.44,0.000,0.0,6.5,16.8,293,8.83,11,18.9,59,4.3,1016.3
2024-12-03,2,28.9,41.2,2024-12-03T17:28,2024-12-03T08:03,33899.05,31892.04,0.000,0.0,7.2,18.1,293,8.41,11,22.6,64,5.3,1019.5
2024-12-04,3,26.9,38.7,2024-12-04T17:28,2024-12-04T08:04,33832.33,19641.81,0.000,0.0,9.8,21.9,205,6.39,61,20.8,63,5.3,1016.7
2024-12-05,73,32.3,40.2,2024-12-05T17:28,2024-12-05T08:05,33768.83,25539.34,0.126,10.0,17.2,40.7,251,7.74,64,26.0,68,11.8,999.7
2024-12-06,3,28.3,32.0,2024-12-06T17:28,2024-12-06T08:06,33708.64,23137.10,0.000,0.0,11.7,28.9,297,5.89,63,16.2,56,9.3,1013.8
2024-12-07,3,27.4,40.5,2024-12-07T17:28,2024-12-07T08:07,33651.88,31657.26,0.000,0.0,8.9,22.8,251,8.96,48,20.0,58,7.3,1015.4
2024-12-08,71,34.6,52.1,2024-12-08T17:28,2024-12-08T08:08,33598.64,29177.62,0.004,1.0,12.6,29.1,241,7.85,64,26.8,55,8.1,1007.0
2024-12-09,61,34.2,50.4,2024-12-09T17:28,2024-12-09T08:09,33549.04,10058.71,0.272,6.0,7.7,18.3,96,3.36,78,37.5,85,3.1,1011.1
2024-12-10,61,43.3,51.1,2024-12-10T17:28,2024-12-10T08:10,33503.16,579.89,0.118,4.0,7.7,16.8,98,2.21,100,45.3,96,5.0,1013.1
2024-12-11,63,42.6,60.5,2024-12-11T17:28,2024-12-11T08:10,33461.11,0.00,1.465,23.0,14.8,32.4,185,1.45,100,53.5,94,10.2,1000.9
2024-12-12,51,28.6,41.2,2024-12-12T17:28,2024-12-12T08:11,33423.00,28171.78,0.004,1.0,16.3,40.7,268,7.57,23,19.6,55,11.2,1014.9
2024-12-13,1,25.3,32.3,2024-12-13T17:28,2024-12-13T08:12,33388.92,31721.39,0.000,0.0,7.6,18.8,294,9.00,3,12.5,52,4.9,1033.0
2024-12-14,3,22.3,33.3,2024-12-14T17:29,2024-12-14T08:13,33358.97,31672.06,0.000,0.0,5.0,15.0,10,9.02,7,12.5,54,2.5,1042.2
2024-12-15,51,23.9,37.4,2024-12-15T17:29,2024-12-15T08:13,33333.24,18093.29,0.004,1.0,5.3,14.5,43,5.85,95,20.2,66,4.0,1038.0
2024-12-16,73,34.1,48.3,2024-12-16T17:29,2024-12-16T08:14,33311.84,0.00,0.516,18.0,7.7,15.4,93,1.61,100,39.6,95,5.4,1025.5
2024-12-17,53,45.1,58.2,2024-12-17T17:29,2024-12-17T08:15,33294.84,25085.92,0.102,5.0,10.1,21.9,230,7.12,68,45.9,84,7.8,1016.2
2024-12-18,61,34.4,49.9,2024-12-18T17:30,2024-12-18T08:15,33282.29,31159.58,0.118,4.0,6.1,14.3,260,8.46,38,37.1,80,3.1,1017.3
2024-12-19,53,33.6,44.0,2024-12-19T17:30,2024-12-19T08:16,33273.95,27986.67,0.087,4.0,9.6,20.4,326,8.22,70,30.7,71,6.7,1018.4
2024-12-20,71,30.1,36.5,2024-12-20T17:31,2024-12-20T08:16,33269.79,311.64,0.071,12.0,8.8,19.9,26,2.15,100,28.0,80,6.5,1014.3
2024-12-21,73,20.2,32.6,2024-12-21T17:31,2024-12-21T08:17,33269.78,25200.00,0.154,10.0,13.9,32.9,319,8.27,71,19.8,74,8.7,1013.1
2024-12-22,1,11.2,19.6,2024-12-22T17:32,2024-12-22T08:17,33273.88,32034.10,0.000,0.0,9.1,21.5,328,9.32,8,4.7,60,6.6,1026.6
2024-12-23,3,6.2,24.2,2024-12-23T17:32,2024-12-23T08:18,33282.05,31628.78,0.000,0.0,5.6,11.0,333,9.14,33,2.8,60,2.6,1032.3
2024-12-24,73,25.4,35.4,2024-12-24T17:33,2024-12-24T08:18,33294.25,18235.82,0.075,2.0,6.5,13.9,246,5.87,76,23.8,80,4.3,1022.0
2024-12-25,3,22.1,32.0,2024-12-25T17:34,2024-12-25T08:18,33310.45,24004.38,0.000,0.0,6.5,15.7,358,5.94,57,21.9,80,4.6,1024.7
2024-12-26,3,17.8,31.5,2024-12-26T17:34,2024-12-26T08:19,33330.60,32226.37,0.000,0.0,5.4,11.9,358,9.10,14,15.2,71,3.7,1027.6
2024-12-27,3,15.6,36.6,2024-12-27T17:35,2024-12-27T08:19,33354.64,31177.61,0.000,0.0,3.2,8.7,326,8.12,61,19.4,78,2.3,1026.8
2024-12-28,53,35.0,45.5,2024-12-28T17:36,2024-12-28T08:19,33382.55,6449.83,0.209,15.0,4.6,10.5,222,2.37,100,37.8,96,2.9,1021.2
2024-12-29,53,40.2,59.8,2024-12-29T17:36,2024-12-29T08:19,33414.27,18000.00,0.098,8.0,13.8,30.0,165,5.55,99,46.9,93,6.1,1014.2
2024-12-30,61,46.0,55.4,2024-12-30T17:37,2024-12-30T08:20,33449.73,30391.67,0.173,7.0,15.3,37.4,220,7.96,46,44.9,77,10.2,1001.3
2024-12-31,63,34.9,49.5,2024-12-31T17:38,2024-12-31T08:20,33488.91,30654.73,0.173,3.0,8.2,18.1,138,8.44,43,36.3,77,4.9,1006.3
2025-01-01,63,38.8,51.7,2025-01-01T17:39,2025-01-01T08:20,33531.74,18460.51,0.189,4.0,14.4,35.3,269,6.16,49,39.2,81,10.0,996.8
2025-01-02,3,32.9,41.6,2025-01-02T17:40,2025-01-02T08:20,33578.16,27052.57,0.000,0.0,16.0,38.7,272,7.46,31,22.0,55,12.1,1008.6
2025-01-03,3,28.9,37.8,2025-01-03T17:41,2025-01-03T08:20,33628.14,30649.34,0.000,0.0,11.1,26.4,267,8.50,37,19.6,58,8.4,1008.2
2025-01-04,3,27.7,31.8,2025-01-04T17:41,2025-01-04T08:20,33681.60,30612.23,0.000,0.0,15.7,37.1,290,6.44,51,12.9,50,11.1,1007.2
2025-01-05,3,25.7,32.5,2025-01-05T17:42,2025-01-05T08:20,33738.49,27963.32,0.000,0.0,12.0,29.5,281,6.60,54,12.8,52,9.1,1012.5
2025-01-06,73,23.7,29.3,2025-01-06T17:43,2025-01-06T08:20,33798.75,0.00,0.063,7.0,11.3,25.3,328,2.06,100,20.8,75,4.5,1007.3
2025-01-07,3,16.6,26.9,2025-01-07T17:44,2025-01-07T08:20,33862.57,21909.27,0.000,0.0,19.4,44.5,310,6.59,77,11.6,62,13.1,1006.3
2025-01-08,3,20.1,27.7,2025-01-08T17:45,2025-01-08T08:20,33930.60,31991.94,0.000,0.0,16.6,38.7,299,7.85,52,7.4,48,12.9,1009.2
2025-01-09,3,20.2,28.9,2025-01-09T17:46,2025-01-09T08:19,34002.75,32754.85,0.000,0.0,19.3,43.6,310,9.12,57,9.5,52,14.7,1004.5
2025-01-10,3,25.4,37.9,2025-01-10T17:47,2025-01-10T08:19,34078.86,29856.20,0.000,0.0,14.6,32.9,314,9.27,59,15.7,54,8.9,1008.7
2025-01-11,73,27.0,32.6,2025-01-11T17:48,2025-01-11T08:19,34158.76,14671.53,0.075,6.0,10.8,24.6,310,5.70,80,21.9,72,5.8,998.8
2025-01-12,3,29.1,40.3,2025-01-12T17:49,2025-01-12T08:19,34242.29,33612.42,0.000,0.0,9.8,22.4,313,8.84,34,22.1,65,5.6,1010.5
2025-01-13,3,28.6,43.4,2025-01-13T17:50,2025-01-13T08:18,34329.29,30142.75,0.000,0.0,11.1,25.5,242,8.10,36,23.2,65,5.8,1010.7
2025-01-14,3,25.4,32.5,2025-01-14T17:52,2025-01-14T08:18,34419.59,33834.48,0.000,0.0,13.8,32.7,291,10.05,33,12.0,49,9.1,1011.8
2025-01-15,3,22.0,29.8,2025-01-15T17:53,2025-01-15T08:17,34513.04,33758.13,0.000,0.0,15.7,36.7,307,8.74,35,9.0,49,10.0,1016.1
2025-01-16,71,22.2,30.7,2025-01-16T17:54,2025-01-16T08:17,34609.48,20249.42,0.016,4.0,6.7,18.6,238,7.84,77,12.8,57,5.0,1011.3
2025-01-17,3,24.1,40.6,2025-01-17T17:55,2025-01-17T08:16,34708.75,27997.90,0.000,0.0,6.7,16.1,258,9.05,24,20.2,65,4.8,1012.5
2025-01-18,53,30.6,43.6,2025-01-18T17:56,2025-01-18T08:16,34810.70,2312.11,0.087,5.0,9.0,20.4,193,2.71,85,31.4,81,5.7,1010.0
2025-01-19,75,27.8,36.6,2025-01-19T17:57,2025-01-19T08:15,34915.17,0.00,0.331,12.0,11.8,25.5,342,1.85,67,30.3,89,7.0,1004.3
2025-01-20,71,14.1,27.0,2025-01-20T17:59,2025-01-20T08:15,35022.02,34445.54,0.008,2.0,10.6,24.8,295,10.77,43,9.7,66,7.3,1017.6
2025-01-21,71,4.1,17.2,2025-01-21T18:00,2025-01-21T08:14,35131.09,27506.61,0.012,3.0,6.4,13.6,260,9.62,65,1.4,62,4.9,1029.2
2025-01-22,3,2.7,17.1,2025-01-22T18:01,2025-01-22T08:14,35242.23,34668.55,0.000,0.0,6.9,14.5,321,11.47,28,-2.8,54,3.0,1028.5
2025-01-23,3,9.2,25.4,2025-01-23T18:02,2025-01-23T08:13,35355.31,32282.79,0.000,0.0,5.3,12.1,239,10.41,46,3.1,54,2.9,1021.7
2025-01-24,3,15.9,30.4,2025-01-24T18:03,2025-01-24T08:12,35470.18,34899.20,0.000,0.0,6.8,16.6,270,11.53,11,10.2,62,4.5,1017.9
2025-01-25,3,9.4,28.1,2025-01-25T18:05,2025-01-25T08:11,35586.70,34988.69,0.000,0.0,7.5,18.1,236,11.32,30,10.1,66,3.9,1022.0
2025-01-26,3,22.7,39.3,2025-01-26T18:06,2025-01-26T08:11,35704.75,32400.00,0.000,0.0,10.7,24.4,258,10.18,87,19.2,64,6.0,1016.8
2025-01-27,3,23.5,35.5,2025-01-27T18:07,2025-01-27T08:10,35824.57,35084.36,0.000,0.0,11.3,24.8,236,11.90,30,16.7,58,7.2,1010.5
2025-01-28,3,26.5,39.4,2025-01-28T18:08,2025-01-28T08:09,35947.37,27085.00,0.000,0.0,14.5,33.6,268,9.86,67,17.6,54,9.2,999.8
2025-01-29,3,31.9,48.1,2025-01-29T18:09,2025-01-29T08:08,36073.05,35188.82,0.000,0.0,13.8,33.6,254,10.75,39,22.9,53,10.6,996.4
2025-01-30,3,20.8,33.6,2025-01-30T18:11,2025-01-30T08:07,36201.42,35244.38,0.000,0.0,9.8,24.4,287,11.74,38,11.8,51,6.3,1017.5
2025-01-31,55,32.9,41.9,2025-01-31T18:12,2025-01-31T08:06,36332.30,0.00,0.327,18.0,7.3,14.5,211,2.51,100,35.0,91,4.4,1009.1
2025-02-01,53,21.5,41.6,2025-02-01T18:13,2025-02-01T08:05,36465.52,28800.00,0.067,5.0,11.7,29.8,335,8.40,61,22.5,69,9.1,1012.8
2025-02-02,73,14.7,33.1,2025-02-02T18:14,2025-02-02T08:04,36600.90,16614.80,0.079,3.0,7.6,17.7,50,7.11,83,9.3,56,4.6,1028.1
2025-02-03,71,26.6,42.3,2025-02-03T18:16,2025-02-03T08:03,36738.25,29448.21,0.008,1.0,8.3,17.7,214,8.99,87,30.8,85,4.2,1014.4
2025-02-04,3,30.9,42.9,2025-02-04T18:17,2025-02-04T08:02,36877.42,29885.83,0.000,0.0,14.1,33.3,311,11.23,50,27.5,67,9.6,1010.7
2025-02-05,3,25.9,35.0,2025-02-05T18:18,2025-02-05T08:01,37018.23,27827.74,0.000,0.0,9.2,22.1,328,11.27,93,13.3,51,4.9,1024.3
2025-02-06,75,28.8,37.4,2025-02-06T18:19,2025-02-06T08:00,37160.52,2025.90,0.382,12.0,8.8,19.9,151,3.56,87,29.8,88,5.2,1012.9
2025-02-07,3,27.7,40.5,2025-02-07T18:21,2025-02-07T07:59,37304.13,35755.03,0.000,0.0,16.3,38.3,286,12.15,53,21.9,64,9.4,1010.9
2025-02-08,75,23.9,33.6,2025-02-08T18:22,2025-02-08T07:58,37448.91,18000.00,0.244,3.0,6.3,14.8,299,8.38,86,15.1,57,3.9,1020.0
2025-02-09,75,28.9,34.2,2025-02-09T18:23,2025-02-09T07:56,37594.69,26794.23,0.248,9.0,7.8,17.2,317,11.04,85,27.9,86,5.2,1011.9
2025-02-10,3,21.6,32.5,2025-02-10T18:24,2025-02-10T07:55,37741.33,32810.14,0.000,0.0,7.8,19.9,303,12.30,58,19.3,71,5.1,1023.8
2025-02-11,73,14.8,31.3,2025-02-11T18:26,2025-02-11T07:54,37888.69,8147.42,0.043,5.0,3.5,8.1,265,9.16,93,16.9,75,1.5,1024.9
2025-02-12,73,28.1,33.0,2025-02-12T18:27,2025-02-12T07:53,38036.61,0.00,0.177,11.0,8.4,19.0,50,7.14,100,27.3,87,6.3,1020.4
2025-02-13,71,33.3,42.4,2025-02-13T18:28,2025-02-13T07:51,38184.95,10155.91,0.244,12.0,11.9,26.6,301,5.99,87,34.1,89,7.2,1009.9
2025-02-14,3,26.2,32.5,2025-02-14T18:29,2025-02-14T07:50,38333.57,36196.01,0.000,0.0,11.8,27.5,302,14.38,37,15.7,57,8.6,1027.3
2025-02-15,73,24.9,34.7,2025-02-15T18:30,2025-02-15T07:49,38482.34,4521.29,0.260,9.0,7.7,19.9,113,5.37,100,19.5,67,4.6,1024.9
2025-02-16,63,33.1,44.9,2025-02-16T18:32,2025-02-16T07:48,38631.55,0.00,0.827,20.0,17.9,37.8,5,2.08,95,35.2,95,7.7,994.1
2025-02-17,3,26.1,34.5,2025-02-17T18:33,2025-02-17T07:46,38782.46,34289.77,0.000,0.0,17.7,40.9,275,10.96,59,12.5,50,13.3,1003.7
2025-02-18,3,16.4,26.3,2025-02-18T18:34,2025-02-18T07:45,38935.05,37308.97,0.000,0.0,13.8,35.8,293,15.19,21,-1.7,35,10.8,1017.0
2025-02-19,3,15.4,29.8,2025-02-19T18:35,2025-02-19T07:44,39089.16,36000.00,0.000,0.0,10.4,28.0,299,13.54,61,4.7,46,8.0,1021.5
2025-02-20,71,15.9,29.8,2025-02-20T18:36,2025-02-20T07:42,39244.64,22872.53,0.035,8.0,11.8,27.3,322,11.39,67,10.1,57,7.3,1012.2
2025-02-21,3,20.8,31.1,2025-02-21T18:37,2025-02-21T07:41,39401.35,37502.59,0.000,0.0,13.0,31.3,311,15.56,33,10.6,55,11.1,1017.5
2025-02-22,3,19.0,38.3,2025-02-22T18:39,2025-02-22T07:39,39559.16,36206.70,0.000,0.0,9.5,22.8,263,15.89,35,14.4,57,6.0,1022.5
2025-02-23,3,29.1,46.0,2025-02-23T18:40,2025-02-23T07:38,39717.93,33969.98,0.000,0.0,7.1,17.4,263,15.11,68,21.8,56,4.8,1015.5
2025-02-24,3,29.4,46.6,2025-02-24T18:41,2025-02-24T07:36,39877.52,36443.80,0.000,0.0,10.9,23.5,163,15.04,74,27.5,67,5.6,1013.8
2025-02-25,3,38.4,54.3,2025-02-25T18:42,2025-02-25T07:35,40037.81,28719.46,0.000,0.0,8.4,19.9,217,12.30,77,34.0,67,4.8,1005.3
2025-02-26,51,36.0,55.1,2025-02-26T18:43,2025-02-26T07:33,40198.66,35324.77,0.004,1.0,11.8,28.6,302,15.26,38,33.1,68,6.1,1008.1
2025-02-27,53,39.4,53.3,2025-02-27T18:45,2025-02-27T07:32,40359.95,3048.55,0.079,8.0,9.4,21.7,192,6.16,100,40.6,80,5.2,1003.2
2025-02-28,3,35.2,48.7,2025-02-28T18:46,2025-02-28T07:30,40521.54,36192.77,0.000,0.0,11.0,27.5,276,16.91,46,27.4,58,7.1,1001.9
2025-03-01,3,29.6,59.9,2025-03-01T18:47,2025-03-01T07:29,40683.33,30389.44,0.000,0.0,16.9,39.1,260,14.01,48,27.2,52,10.6,997.8
2025-03-02,3,18.5,32.5,2025-03-02T18:48,2025-03-02T07:27,40845.17,39063.17,0.000,0.0,12.6,31.1,320,17.76,26,3.9,40,10.1,1014.0
2025-03-03,3,22.1,38.1,2025-03-03T18:49,2025-03-03T07:26,41006.96,39391.33,0.000,0.0,7.5,20.1,290,16.84,26,9.3,44,5.0,1020.1
2025-03-04,3,28.5,54.5,2025-03-04T18:50,2025-03-04T07:24,41168.57,33552.46,0.000,0.0,8.2,21.3,201,14.15,33,27.3,60,5.9,1017.9
2025-03-05,65,42.1,54.2,2025-03-05T18:51,2025-03-05T07:22,41329.88,820.54,1.504,9.0,18.0,39.1,165,4.67,84,43.5,81,10.1,1003.8
2025-03-06,63,36.2,53.5,2025-03-06T18:52,2025-03-06T07:21,41490.78,32400.00,0.130,2.0,15.6,40.0,276,15.76,72,38.9,70,10.7,988.6
2025-03-07,3,30.6,45.9,2025-03-07T18:54,2025-03-07T07:19,41651.14,41123.39,0.000,0.0,19.1,45.4,289,16.35,37,18.5,46,11.7,999.7
2025-03-08,3,33.9,42.4,2025-03-08T18:55,2025-03-08T07:18,41811.24,36872.92,0.000,0.0,14.3,34.4,293,15.83,42,19.9,49,8.6,1001.6
2025-03-09,3,28.1,50.3,2025-03-09T18:56,2025-03-09T07:16,41972.26,41445.02,0.000,0.0,14.3,37.1,264,14.91,24,22.4,53,7.4,1008.4
2025-03-10,2,38.5,62.9,2025-03-10T18:57,2025-03-10T07:15,42134.18,41607.11,0.000,0.0,8.3,17.4,228,18.65,7,34.1,57,5.6,1006.8
2025-03-11,2,37.2,60.9,2025-03-11T18:58,2025-03-11T07:13,42296.89,41769.97,0.000,0.0,7.7,20.1,181,18.92,8,37.8,66,4.5,1004.2
2025-03-12,3,37.5,51.9,2025-03-12T18:59,2025-03-12T07:11,42460.29,41689.69,0.000,0.0,8.7,19.5,12,16.62,52,28.2,52,5.6,1010.2
2025-03-13,3,35.4,51.0,2025-03-13T19:00,2025-03-13T07:10,42624.27,42097.58,0.000,0.0,8.1,19.9,74,18.34,42,33.0,72,6.0,1014.5
2025-03-14,3,33.3,55.3,2025-03-14T19:01,2025-03-14T07:08,42788.71,42262.11,0.000,0.0,6.5,17.0,81,18.92,50,36.1,77,4.0,1016.6
2025-03-15,51,39.2,48.9,2025-03-15T19:02,2025-03-15T07:06,42953.52,1433.65,0.020,3.0,7.5,18.1,161,6.77,100,41.7,92,5.1,1015.8
2025-03-16,51,45.6,60.3,2025-03-16T19:03,2025-03-16T07:05,43118.59,0.00,0.028,3.0,17.1,42.3,166,6.72,100,52.5,93,9.6,1009.9
2025-03-17,65,38.1,58.7,2025-03-17T19:05,2025-03-17T07:03,43283.80,274.03,1.047,11.0,14.8,32.9,311,5.96,87,46.1,80,8.3,1006.0
2025-03-18,3,33.3,57.4,2025-03-18T19:06,2025-03-18T07:01,43449.08,42804.88,0.000,0.0,11.5,26.2,347,20.72,7,27.6,53,6.7,1013.2
2025-03-19,3,37.0,58.5,2025-03-19T19:07,2025-03-19T07:00,43614.29,42764.84,0.000,0.0,6.2,16.3,140,20.27,37,35.3,66,3.5,1013.9
2025-03-20,63,42.0,50.5,2025-03-20T19:08,2025-03-20T06:58,43779.35,1780.05,0.421,4.0,10.3,24.8,140,8.29,100,44.6,94,6.5,1004.5
2025-03-21,63,36.5,48.6,2025-03-21T19:09,2025-03-21T06:56,43944.14,43107.33,0.319,6.0,16.0,38.3,314,21.17,29,27.4,56,12.1,1000.9
2025-03-22,51,36.6,60.6,2025-03-22T19:10,2025-03-22T06:55,44108.56,39786.30,0.004,1.0,13.4,32.0,257,17.74,55,31.6,57,7.5,1004.0
2025-03-23,3,27.6,46.5,2025-03-23T19:11,2025-03-23T06:53,44272.51,40494.58,0.000,0.0,11.3,28.0,297,21.54,45,20.4,51,7.1,1015.4
2025-03-24,63,39.1,50.7,2025-03-24T19:12,2025-03-24T06:51,44435.87,2725.58,0.512,14.0,9.6,19.7,172,3.82,86,40.9,88,6.4,1007.7
2025-03-25,3,40.7,57.4,2025-03-25T19:13,2025-03-25T06:50,44598.53,43200.00,0.000,0.0,15.3,35.8,256,20.55,69,31.7,57,7.9,1007.4
2025-03-26,51,35.5,49.7,2025-03-26T19:14,2025-03-26T06:48,44760.41,36123.96,0.004,1.0,10.9,27.5,309,15.15,62,27.9,57,6.1,1012.5
2025-03-27,0,31.3,49.5,2025-03-27T19:15,2025-03-27T06:46,44921.37,43200.00,0.000,0.0,9.7,25.5,289,22.42,0,22.4,52,6.6,1018.8
2025-03-28,51,39.9,59.6,2025-03-28T19:16,2025-03-28T06:45,45081.68,33710.37,0.016,2.0,8.4,17.9,228,16.25,80,34.3,56,5.6,1017.1
2025-03-29,63,43.2,78.4,2025-03-29T19:17,2025-03-29T06:43,45242.43,40734.42,0.189,6.0,14.0,31.8,245,18.24,64,49.1,70,8.1,1011.5
2025-03-30,51,41.5,57.0,2025-03-30T19:18,2025-03-30T06:41,45403.60,11521.52,0.012,2.0,6.6,16.3,93,11.34,92,43.0,86,5.1,1015.7
2025-03-31,65,46.2,74.8,2025-03-31T19:19,2025-03-31T06:40,45565.09,30366.47,1.413,13.0,12.2,30.9,201,14.64,95,56.3,86,6.3,1002.7
2025-04-01,63,40.0,60.3,2025-04-01T19:20,2025-04-01T06:38,45726.82,43200.00,0.264,4.0,14.3,29.8,324,23.01,38,32.7,58,9.7,1009.1
2025-04-02,3,32.2,47.3,2025-04-02T19:21,2025-04-02T06:37,45888.67,35963.29,0.000,0.0,9.8,26.6,94,20.37,81,26.8,60,6.9,1026.2
2025-04-03,61,43.8,70.8,2025-04-03T19:23,2025-04-03T06:35,46050.55,3879.32,0.114,8.0,13.5,36.2,211,7.56,100,53.9,85,9.1,1015.2
2025-04-04,63,54.5,69.7,2025-04-04T19:24,2025-04-04T06:33,46212.36,34899.61,0.272,6.0,10.1,24.8,310,16.60,100,49.0,63,6.6,1016.9
2025-04-05,61,42.8,54.4,2025-04-05T19:25,2025-04-05T06:32,46374.00,274.91,0.130,7.0,10.0,24.4,83,5.89,97,40.2,73,6.5,1019.3
2025-04-06,63,42.8,59.1,2025-04-06T19:26,2025-04-06T06:30,46535.35,5692.19,0.173,7.0,7.9,20.1,338,9.63,100,41.6,76,4.6,1007.0
2025-04-07,55,39.8,48.3,2025-04-07T19:27,2025-04-07T06:28,46696.32,0.00,0.319,17.0,7.9,18.8,35,3.61,100,37.7,84,5.5,1004.8
2025-04-08,3,35.2,43.4,2025-04-08T19:28,2025-04-08T06:27,46856.80,43395.74,0.000,0.0,17.2,40.3,294,22.28,47,24.7,58,10.2,1003.2
2025-04-09,1,28.8,46.7,2025-04-09T19:29,2025-04-09T06:25,47016.68,44014.01,0.000,0.0,8.9,21.9,283,24.81,4,19.4,49,6.5,1019.3
2025-04-10,51,35.3,48.9,2025-04-10T19:30,2025-04-10T06:24,47175.85,25495.43,0.028,6.0,10.5,26.6,143,14.31,79,31.1,68,4.9,1022.5
2025-04-11,71,39.7,44.8,2025-04-11T19:31,2025-04-11T06:22,47334.20,268.08,0.425,14.0,11.8,23.9,57,5.35,100,37.8,86,6.8,1016.9
2025-04-12,73,35.1,42.2,2025-04-12T19:32,2025-04-12T06:20,47491.61,0.00,0.673,19.0,14.9,31.1,14,4.62,100,35.6,88,11.1,1010.3
2025-04-13,3,38.9,56.9,2025-04-13T19:33,2025-04-13T06:19,47647.97,21439.02,0.000,0.0,12.1,31.1,338,14.28,86,36.7,67,9.2,1008.5
2025-04-14,3,41.8,61.1,2025-04-14T19:34,2025-04-14T06:17,47803.16,30931.14,0.000,0.0,7.1,17.0,246,15.09,78,39.0,64,4.4,1006.7
2025-04-15,61,47.8,65.3,2025-04-15T19:35,2025-04-15T06:16,47957.06,26026.04,0.083,3.0,16.8,39.8,255,13.91,64,43.6,67,8.0,995.7
2025-04-16,3,41.7,49.7,2025-04-16T19:36,2025-04-16T06:14,48109.55,26518.88,0.000,0.0,16.0,38.9,286,13.61,73,30.0,55,11.4,1003.6
2025-04-17,1,38.3,59.4,2025-04-17T19:37,2025-04-17T06:13,48260.85,46835.56,0.000,0.0,8.9,22.6,295,25.98,2,31.4,54,6.5,1015.4
2025-04-18,3,39.6,64.0,2025-04-18T19:38,2025-04-18T06:11,48412.03,44001.36,0.000,0.0,11.2,25.7,170,23.76,44,40.1,64,5.4,1018.4
2025-04-19,53,58.8,79.6,2025-04-19T19:39,2025-04-19T06:10,48563.07,26811.75,0.024,2.0,11.2,26.4,225,16.95,92,55.2,63,8.4,1011.2
2025-04-20,3,50.6,70.8,2025-04-20T19:40,2025-04-20T06:08,48713.85,43662.14,0.000,0.0,12.1,31.1,325,25.11,89,41.4,53,8.7,1019.0
2025-04-21,51,44.2,56.2,2025-04-21T19:41,2025-04-21T06:07,48864.27,14214.85,0.012,1.0,8.8,21.9,126,11.47,98,36.2,60,5.5,1020.4
2025-04-22,51,51.1,78.4,2025-04-22T19:43,2025-04-22T06:06,49014.22,45884.26,0.004,1.0,10.2,25.1,266,25.41,50,48.7,64,5.5,1011.0
2025-04-23,3,48.9,75.8,2025-04-23T19:44,2025-04-23T06:04,49163.59,47859.05,0.000,0.0,9.1,22.1,329,25.47,62,38.9,44,4.5,1018.1
2025-04-24,3,52.5,79.8,2025-04-24T19:45,2025-04-24T06:03,49312.26,47603.05,0.000,0.0,9.9,25.7,172,25.73,36,39.2,39,4.9,1020.3
2025-04-25,3,58.3,77.4,2025-04-25T19:46,2025-04-25T06:01,49460.10,40960.27,0.000,0.0,10.7,25.3,189,22.05,90,45.0,47,7.4,1017.7
2025-04-26,63,56.3,70.5,2025-04-26T19:47,2025-04-26T06:00,49607.02,900.75,0.563,18.0,13.9,31.3,222,6.67,94,59.5,84,9.6,1006.5
2025-04-27,3,47.1,57.2,2025-04-27T19:48,2025-04-27T05:59,49752.86,39424.12,0.000,0.0,19.2,44.1,311,16.10,57,35.8,53,13.2,1010.8
2025-04-28,3,47.9,72.4,2025-04-28T19:49,2025-04-28T05:57,49897.52,49340.92,0.000,0.0,8.2,21.0,291,27.28,10,36.2,42,5.3,1020.5
2025-04-29,3,52.2,81.1,2025-04-29T19:50,2025-04-29T05:56,50040.86,46927.57,0.000,0.0,12.4,29.1,214,26.03,57,43.9,44,8.8,1015.2
2025-04-30,3,61.5,72.9,2025-04-30T19:51,2025-04-30T05:55,50182.75,42424.86,0.000,0.0,11.2,28.6,305,26.54,71,41.7,41,8.9,1011.0
2025-05-01,3,50.2,71.4,2025-05-01T19:52,2025-05-01T05:53,50323.07,49504.41,0.000,0.0,9.0,24.6,111,26.09,72,35.0,40,5.6,1015.6
2025-05-02,55,57.3,86.1,2025-05-02T19:53,2025-05-02T05:52,50461.66,45155.95,0.083,2.0,9.4,26.4,194,20.84,81,55.4,62,5.6,1007.5
2025-05-03,65,64.8,83.9,2025-05-03T19:54,2025-05-03T05:51,50598.40,46515.73,0.429,6.0,10.2,34.2,200,22.30,83,59.9,66,5.6,1007.4
2025-05-04,61,59.8,69.6,2025-05-04T19:55,2025-05-04T05:49,50733.14,13344.18,0.469,14.0,8.9,22.8,150,10.15,99,59.9,87,5.3,1009.1
2025-05-05,61,57.9,66.4,2025-05-05T19:56,2025-05-05T05:48,50865.72,0.00,0.457,15.0,9.1,22.8,82,8.29,100,59.0,95,6.1,1014.2
2025-05-06,65,57.3,65.7,2025-05-06T19:57,2025-05-06T05:47,50996.02,23874.33,0.772,8.0,9.6,24.2,133,13.02,84,58.2,91,6.5,1012.8
2025-05-07,51,56.8,71.8,2025-05-07T19:58,2025-05-07T05:46,51124.20,40044.04,0.008,2.0,7.1,19.2,232,20.84,60,52.2,68,4.5,1011.1
2025-05-08,51,55.9,73.9,2025-05-08T19:59,2025-05-08T05:45,51251.25,48058.86,0.055,6.0,7.6,17.4,355,23.55,63,56.7,77,3.5,1011.9
2025-05-09,63,53.3,60.7,2025-05-09T20:00,2025-05-09T05:44,51377.14,1314.09,0.634,13.0,7.7,19.0,5,7.08,95,54.0,90,6.2,1008.6
2025-05-10,3,50.3,68.6,2025-05-10T20:01,2025-05-10T05:43,51501.76,43031.14,0.000,0.0,14.3,34.2,304,22.20,50,45.6,63,9.2,1010.2
2025-05-11,3,52.4,73.5,2025-05-11T20:02,2025-05-11T05:42,51624.98,50289.19,0.000,0.0,7.2,18.6,322,27.89,29,48.6,61,4.4,1018.7
2025-05-12,3,51.5,68.7,2025-05-12T20:03,2025-05-12T05:41,51746.70,46984.73,0.000,0.0,6.8,18.8,131,27.79,57,46.9,62,4.1,1021.3
2025-05-13,55,58.3,67.6,2025-05-13T20:04,2025-05-13T05:40,51866.77,1441.17,0.157,12.0,6.6,17.2,124,8.83,100,58.2,85,4.0,1017.6
2025-05-14,65,58.0,67.4,2025-05-14T20:05,2025-05-14T05:39,51985.11,8833.25,1.031,17.0,12.9,30.0,93,9.05,99,58.4,91,7.9,1013.8
2025-05-15,53,59.5,72.7,2025-05-15T20:06,2025-05-15T05:38,52101.56,34421.05,0.047,7.0,6.1,19.2,104,16.57,93,61.9,90,4.3,1008.0
2025-05-16,51,59.6,73.4,2025-05-16T20:07,2025-05-16T05:37,52216.00,10172.17,0.020,2.0,8.9,25.7,172,14.09,100,62.4,92,3.9,1004.2
2025-05-17,55,63.3,79.2,2025-05-17T20:08,2025-05-17T05:36,52328.31,40039.79,0.075,3.0,12.5,31.3,216,21.50,65,63.2,79,6.6,997.9
2025-05-18,51,58.7,72.8,2025-05-18T20:09,2025-05-18T05:35,52438.36,50252.61,0.012,3.0,15.3,40.3,283,22.21,28,51.6,61,9.8,998.7
2025-05-19,3,53.3,67.1,2025-05-19T20:10,2025-05-19T05:34,52546.00,50400.00,0.000,0.0,13.2,30.9,316,27.31,22,44.0,57,11.6,1004.6
2025-05-20,3,47.3,64.1,2025-05-20T20:11,2025-05-20T05:33,52651.12,43330.02,0.000,0.0,9.0,24.2,355,22.42,37,41.0,58,6.6,1010.3
2025-05-21,51,49.4,56.7,2025-05-21T20:12,2025-05-21T05:33,52753.55,0.00,0.110,11.0,10.8,25.5,102,6.31,100,45.5,74,7.5,1011.4
2025-05-22,63,48.0,54.5,2025-05-22T20:13,2025-05-22T05:32,52853.18,0.00,0.913,19.0,12.7,29.8,58,6.49,100,46.8,87,8.4,1006.2
2025-05-23,51,47.6,61.1,2025-05-23T20:14,2025-05-23T05:31,52949.85,25334.21,0.071,14.0,8.5,24.4,284,13.61,78,46.3,78,4.4,1005.8
2025-05-24,51,47.5,62.2,2025-05-24T20:15,2025-05-24T05:30,53043.43,45043.27,0.016,2.0,11.1,28.6,283,20.00,46,44.9,68,7.8,1010.0
2025-05-25,3,50.9,66.1,2025-05-25T20:15,2025-05-25T05:30,53133.76,45584.77,0.000,0.0,10.9,25.9,299,19.59,58,45.7,64,8.0,1014.8
2025-05-26,2,50.5,70.5,2025-05-26T20:16,2025-05-26T05:29,53220.72,50400.00,0.000,0.0,7.0,18.6,326,25.48,17,46.9,62,4.8,1018.6
2025-05-27,3,53.1,76.6,2025-05-27T20:17,2025-05-27T05:29,53304.39,33816.57,0.000,0.0,8.9,22.6,189,21.94,91,48.4,59,3.1,1022.3
2025-05-28,61,54.0,66.6,2025-05-28T20:18,2025-05-28T05:28,53385.47,1755.79,0.413,10.0,7.5,20.1,160,9.60,100,48.0,66,4.1,1021.1
2025-05-29,53,54.4,70.3,2025-05-29T20:19,2025-05-29T05:27,53463.94,14381.56,0.094,8.0,7.7,18.1,44,13.66,98,57.4,85,5.3,1012.4
2025-05-30,53,61.1,73.7,2025-05-30T20:19,2025-05-30T05:27,53539.70,27200.35,0.142,8.0,7.0,18.3,191,17.13,93,61.2,85,4.9,1001.0
2025-05-31,63,53.9,66.7,2025-05-31T20:20,2025-05-31T05:27,53612.70,34955.08,1.012,15.0,15.7,36.5,283,19.03,88,53.9,79,9.4,988.3
2025-06-01,3,49.6,65.3,2025-06-01T20:21,2025-06-01T05:26,53682.84,44402.12,0.000,0.0,13.1,30.9,277,20.94,56,42.9,59,8.1,1001.9
2025-06-02,3,49.9,70.0,2025-06-02T20:22,2025-06-02T05:26,53750.04,49138.34,0.000,0.0,6.7,18.3,279,25.50,29,46.1,61,3.9,1011.1
2025-06-03,1,52.2,79.2,2025-06-03T20:22,2025-06-03T05:25,53814.23,50567.43,0.000,0.0,6.7,15.4,214,29.70,3,47.7,56,2.9,1016.3
2025-06-04,3,58.1,85.0,2025-06-04T20:23,2025-06-04T05:25,53875.32,50559.13,0.000,0.0,9.5,24.4,185,29.24,32,54.4,56,4.9,1017.6
2025-06-05,3,67.9,94.1,2025-06-05T20:24,2025-06-05T05:25,53933.25,47691.09,0.000,0.0,10.0,25.7,216,24.23,73,62.0,55,5.2,1012.7
2025-06-06,51,71.0,88.6,2025-06-06T20:24,2025-06-06T05:24,53987.91,46061.30,0.024,3.0,10.4,25.3,209,24.21,69,64.2,60,4.8,1008.6
2025-06-07,63,68.1,80.0,2025-06-07T20:25,2025-06-07T05:24,54039.24,16542.11,0.264,11.0,10.4,22.6,315,12.91,92,65.5,77,3.5,1003.9
2025-06-08,51,62.0,75.0,2025-06-08T20:26,2025-06-08T05:24,54087.15,25444.00,0.051,8.0,8.8,22.1,88,18.51,100,60.9,80,5.9,1006.3
2025-06-09,63,59.4,69.4,2025-06-09T20:26,2025-06-09T05:24,54131.57,2933.14,0.228,12.0,7.4,17.7,77,9.51,100,60.0,88,5.6,1008.1
2025-06-10,63,62.4,77.4,2025-06-10T20:27,2025-06-10T05:24,54172.44,22253.92,0.850,8.0,7.4,20.1,246,12.26,89,63.1,85,3.8,1007.3
2025-06-11,3,62.2,82.4,2025-06-11T20:27,2025-06-11T05:24,54209.65,50525.36,0.000,0.0,11.4,28.0,276,26.69,8,57.4,61,5.4,1013.0
2025-06-12,51,66.7,89.2,2025-06-12T20:28,2025-06-12T05:24,54243.15,49561.64,0.004,1.0,9.5,25.5,274,27.97,37,59.4,54,6.4,1012.4
2025-06-13,3,67.0,85.3,2025-06-13T20:28,2025-06-13T05:24,54272.86,46378.47,0.000,0.0,7.0,20.6,83,24.66,99,49.7,43,4.8,1015.2
2025-06-14,61,60.6,69.5,2025-06-14T20:28,2025-06-14T05:23,54298.71,0.00,0.185,15.0,9.0,22.8,58,7.76,100,55.4,73,7.0,1014.7
2025-06-15,61,58.8,66.8,2025-06-15T20:29,2025-06-15T05:24,54320.62,100.34,0.217,7.0,6.6,16.1,73,7.89,100,56.6,82,4.2,1017.2
2025-06-16,55,60.5,68.3,2025-06-16T20:29,2025-06-16T05:24,54338.59,7195.99,0.122,9.0,8.0,19.5,79,7.47,100,59.6,85,5.1,1016.2
2025-06-17,63,62.6,70.5,2025-06-17T20:30,2025-06-17T05:24,54352.76,68.33,0.516,12.0,6.5,16.6,122,8.21,100,63.4,91,4.1,1013.1
2025-06-18,63,64.8,83.0,2025-06-18T20:30,2025-06-18T05:24,54363.14,13657.29,0.370,14.0,8.4,21.3,179,13.38,100,68.4,91,4.0,1009.2
2025-06-19,63,71.3,88.1,2025-06-19T20:30,2025-06-19T05:24,54369.78,46800.00,0.358,7.0,10.8,28.4,224,24.13,50,71.5,82,6.7,1004.8
2025-06-20,51,65.0,82.0,2025-06-20T20:30,2025-06-20T05:24,54372.67,49421.25,0.012,2.0,11.3,30.4,275,27.14,33,59.8,62,9.4,1007.7
2025-06-21,3,67.6,89.7,2025-06-21T20:31,2025-06-21T05:24,54371.84,50549.48,0.000,0.0,9.3,20.1,256,27.23,37,61.9,58,4.2,1014.5
2025-06-22,51,75.3,91.7,2025-06-22T20:31,2025-06-22T05:25,54367.33,30783.54,0.008,1.0,12.0,30.0,251,15.94,92,68.9,63,7.4,1012.9
2025-06-23,3,78.7,102.5,2025-06-23T20:31,2025-06-23T05:25,54359.15,50400.00,0.000,0.0,5.9,18.3,300,27.52,53,72.9,61,3.4,1013.7
2025-06-24,2,83.3,102.7,2025-06-24T20:31,2025-06-24T05:25,54347.34,50574.83,0.000,0.0,10.1,26.4,306,28.39,8,65.2,43,5.6,1013.9
2025-06-25,51,82.3,99.1,2025-06-25T20:31,2025-06-25T05:26,54331.92,47000.62,0.016,4.0,8.5,21.9,318,26.81,33,66.9,47,5.3,1012.2
2025-06-26,3,67.6,86.5,2025-06-26T20:31,2025-06-26T05:26,54312.93,45566.96,0.000,0.0,12.0,28.9,53,20.89,62,62.7,61,7.2,1013.8
2025-06-27,53,63.9,72.8,2025-06-27T20:31,2025-06-27T05:26,54290.40,17185.42,0.055,2.0,8.4,21.7,95,12.93,75,54.2,62,6.5,1019.0
2025-06-28,51,64.0,86.2,2025-06-28T20:31,2025-06-28T05:27,54264.37,35060.07,0.020,3.0,8.8,21.9,234,18.21,89,65.9,75,4.8,1013.9
2025-06-29,3,73.8,88.6,2025-06-29T20:31,2025-06-29T05:27,54234.86,50400.00,0.000,0.0,7.6,18.6,296,26.71,58,67.4,65,4.8,1010.9
2025-06-30,51,71.5,94.4,2025-06-30T20:31,2025-06-30T05:28,54201.91,49891.28,0.016,3.0,9.6,26.8,160,24.98,71,64.9,58,4.4,1010.8
2025-07-01,63,75.1,90.1,2025-07-01T20:31,2025-07-01T05:28,54165.59,28800.00,0.437,13.0,11.0,27.1,227,17.90,97,72.9,79,6.2,1006.6
2025-07-02,53,73.0,85.2,2025-07-02T20:31,2025-07-02T05:29,54125.89,31000.50,0.083,8.0,5.1,13.0,246,18.37,83,70.3,80,3.6,1006.8
2025-07-03,53,70.7,87.5,2025-07-03T20:31,2025-07-03T05:29,54082.90,50400.00,0.039,3.0,11.3,26.4,272,26.29,19,64.2,66,4.7,1006.9
2025-07-04,1,65.0,82.2,2025-07-04T20:30,2025-07-04T05:30,54036.64,50400.00,0.000,0.0,6.7,18.3,307,29.34,2,56.1,55,5.3,1013.4
2025-07-05,3,65.8,90.0,2025-07-05T20:30,2025-07-05T05:30,53987.14,50400.00,0.000,0.0,9.2,23.3,230,28.18,40,57.2,52,4.2,1016.3
2025-07-06,3,71.1,93.7,2025-07-06T20:30,2025-07-06T05:31,53934.29,50400.00,0.000,0.0,9.0,24.6,208,28.17,40,60.9,51,6.7,1013.3
2025-07-07,61,75.6,88.9,2025-07-07T20:30,2025-07-07T05:32,53877.62,33648.35,0.181,11.0,10.6,27.1,180,19.85,60,72.2,75,6.4,1010.8
2025-07-08,63,74.8,95.6,2025-07-08T20:29,2025-07-08T05:32,53817.22,39567.80,0.543,5.0,8.4,23.3,252,21.77,55,72.7,76,4.4,1010.6
2025-07-09,55,73.4,88.5,2025-07-09T20:29,2025-07-09T05:33,53753.18,48742.99,0.043,2.0,5.4,15.0,266,25.53,40,70.7,74,3.8,1011.2
2025-07-10,63,72.4,81.0,2025-07-10T20:28,2025-07-10T05:34,53685.65,20945.53,0.591,9.0,4.4,10.1,187,13.13,98,69.9,82,2.3,1010.5
2025-07-11,51,71.2,84.3,2025-07-11T20:28,2025-07-11T05:34,53614.74,48824.35,0.031,3.0,7.5,20.4,139,23.92,43,70.5,82,3.9,1012.3
2025-07-12,51,72.5,86.8,2025-07-12T20:27,2025-07-12T05:35,53540.56,43200.00,0.004,1.0,8.2,21.9,137,22.99,76,70.5,81,4.1,1014.2
2025-07-13,51,72.3,84.8,2025-07-13T20:27,2025-07-13T05:36,53463.25,32445.00,0.004,1.0,8.4,20.6,143,17.12,82,69.1,76,4.7,1014.4
2025-07-14,63,73.4,88.3,2025-07-14T20:26,2025-07-14T05:37,53382.91,37861.04,0.866,13.0,8.7,21.0,189,18.39,84,72.6,84,4.7,1013.6
2025-07-15,55,73.0,84.7,2025-07-15T20:26,2025-07-15T05:37,53299.67,49259.67,0.114,8.0,5.7,13.9,161,23.75,50,73.3,85,2.9,1013.6
2025-07-16,53,73.8,87.2,2025-07-16T20:25,2025-07-16T05:38,53213.65,46418.50,0.075,8.0,7.9,20.4,196,24.26,43,73.7,82,4.0,1012.0
2025-07-17,63,74.8,91.4,2025-07-17T20:24,2025-07-17T05:39,53124.96,39684.57,0.307,5.0,11.1,31.1,237,21.12,67,73.4,76,7.7,1006.9
2025-07-18,3,72.1,85.6,2025-07-18T20:24,2025-07-18T05:40,53033.73,50400.00,0.000,0.0,9.7,24.4,329,24.60,60,58.8,51,6.3,1012.3
2025-07-19,3,70.5,83.9,2025-07-19T20:23,2025-07-19T05:41,52940.05,37861.94,0.000,0.0,8.4,23.3,151,17.05,52,61.3,58,5.1,1013.8
2025-07-20,53,74.0,92.3,2025-07-20T20:22,2025-07-20T05:42,52844.07,42810.82,0.043,4.0,9.3,22.6,279,22.82,68,69.2,68,4.4,1005.8
2025-07-21,3,70.3,88.2,2025-07-21T20:22,2025-07-21T05:43,52745.88,50400.00,0.000,0.0,11.0,27.7,333,25.69,16,58.0,51,7.4,1008.1
2025-07-22,3,66.9,83.2,2025-07-22T20:21,2025-07-22T05:43,52645.59,43396.96,0.000,0.0,9.1,23.7,73,21.82,36,52.7,47,5.8,1015.6
2025-07-23,3,68.4,84.2,2025-07-23T20:20,2025-07-23T05:44,52543.33,41917.52,0.000,0.0,8.5,21.5,178,19.99,54,58.8,58,4.2,1019.3
2025-07-24,3,68.2,88.3,2025-07-24T20:19,2025-07-24T05:45,52439.19,45526.27,0.000,0.0,8.8,23.5,205,20.96,79,62.5,58,6.0,1016.9
2025-07-25,63,76.3,97.1,2025-07-25T20:18,2025-07-25T05:46,52333.28,45501.12,0.165,4.0,13.0,29.8,264,22.37,37,71.1,66,6.4,1010.4
2025-07-26,3,74.2,88.4,2025-07-26T20:17,2025-07-26T05:47,52225.41,41460.55,0.000,0.0,8.5,23.0,91,22.98,85,63.0,60,6.0,1014.3
2025-07-27,61,72.2,87.3,2025-07-27T20:16,2025-07-27T05:48,52114.71,20448.92,0.217,10.0,8.9,21.7,210,11.91,81,69.3,76,5.3,1012.1
2025-07-28,0,74.0,94.3,2025-07-28T20:15,2025-07-28T05:49,52001.25,50400.00,0.000,0.0,7.3,17.4,336,25.57,3,68.1,60,5.0,1011.1
2025-07-29,3,76.9,101.2,2025-07-29T20:14,2025-07-29T05:50,51885.21,47039.86,0.000,0.0,6.5,19.7,276,23.84,33,67.0,52,3.2,1011.3
2025-07-30,61,80.3,99.8,2025-07-30T20:13,2025-07-30T05:51,51766.71,49732.33,0.102,4.0,8.8,25.5,202,21.68,47,68.8,56,3.5,1011.0
2025-07-31,63,67.4,87.7,2025-07-31T20:12,2025-07-31T05:52,51645.91,31624.15,0.386,15.0,9.5,22.8,43,15.30,75,69.7,74,4.8,1011.2
2025-08-01,51,64.0,73.3,2025-08-01T20:11,2025-08-01T05:53,51522.94,14485.75,0.071,10.0,10.2,23.0,28,12.06,91,61.2,79,7.0,1016.9
2025-08-02,3,62.4,77.7,2025-08-02T20:10,2025-08-02T05:54,51397.94,42160.62,0.000,0.0,6.1,15.9,8,23.64,48,57.6,67,3.7,1019.3
2025-08-03,2,61.9,82.7,2025-08-03T20:09,2025-08-03T05:54,51271.07,50400.00,0.000,0.0,7.0,16.3,27,27.14,4,56.9,62,2.8,1017.1
2025-08-04,3,63.3,92.0,2025-08-04T20:08,2025-08-04T05:55,51142.44,50368.66,0.000,0.0,8.7,20.8,209,26.67,18,57.0,55,2.8,1016.4
2025-08-05,51,68.8,86.6,2025-08-05T20:07,2025-08-05T05:56,51012.19,39625.43,0.008,1.0,5.6,15.2,108,19.21,89,62.6,62,3.0,1021.0
2025-08-06,51,69.8,83.6,2025-08-06T20:05,2025-08-06T05:57,50880.46,18821.97,0.031,5.0,7.6,19.7,106,15.54,100,61.2,64,4.4,1024.6
2025-08-07,51,66.2,83.0,2025-08-07T20:04,2025-08-07T05:58,50747.38,50164.83,0.016,3.0,7.6,21.5,97,24.38,22,58.2,61,4.7,1023.2
2025-08-08,2,63.2,83.1,2025-08-08T20:03,2025-08-08T05:59,50613.05,50031.73,0.000,0.0,7.7,21.5,124,26.40,4,53.2,54,3.6,1020.5
2025-08-09,3,64.0,86.9,2025-08-09T20:02,2025-08-09T06:00,50477.61,49897.49,0.000,0.0,7.1,19.5,149,26.38,6,53.5,51,2.7,1019.4
2025-08-10,3,66.0,92.6,2025-08-10T20:00,2025-08-10T06:01,50341.18,49762.26,0.000,0.0,9.6,24.6,206,25.71,22,53.8,45,3.6,1019.3
2025-08-11,3,70.4,90.6,2025-08-11T19:59,2025-08-11T06:02,50203.88,49626.15,0.000,0.0,8.1,21.5,201,25.72,12,56.8,47,4.7,1018.1
2025-08-12,3,71.0,92.9,2025-08-12T19:58,2025-08-12T06:03,50065.81,49489.26,0.000,0.0,9.6,25.7,186,25.21,13,64.6,60,4.4,1013.6
2025-08-13,61,74.9,90.7,2025-08-13T19:56,2025-08-13T06:04,49927.10,32209.03,0.228,8.0,8.7,25.1,201,18.62,53,70.4,72,4.4,1008.5
2025-08-14,61,72.9,87.7,2025-08-14T19:55,2025-08-14T06:05,49787.86,40793.13,0.087,3.0,4.7,12.5,327,19.87,61,71.4,78,2.5,1008.7
2025-08-15,2,72.9,90.7,2025-08-15T19:54,2025-08-15T06:06,49647.83,49066.16,0.000,0.0,7.7,20.1,60,24.05,9,65.0,63,5.5,1015.4
2025-08-16,55,73.3,87.4,2025-08-16T19:52,2025-08-16T06:07,49506.05,42320.56,0.130,4.0,7.1,19.5,170,19.93,46,67.8,72,3.8,1015.7
2025-08-17,61,71.9,95.6,2025-08-17T19:51,2025-08-17T06:08,49362.55,41024.27,0.138,5.0,7.1,23.5,241,19.88,67,67.9,68,5.0,1009.0
2025-08-18,3,65.2,75.4,2025-08-18T19:49,2025-08-18T06:09,49217.48,10874.43,0.000,0.0,9.9,24.4,28,10.56,70,57.2,66,6.8,1014.9
2025-08-19,3,63.6,76.2,2025-08-19T19:48,2025-08-19T06:10,49070.94,45611.89,0.000,0.0,7.8,20.8,106,21.15,54,51.6,55,5.5,1018.3
2025-08-20,55,60.2,72.3,2025-08-20T19:47,2025-08-20T06:11,48923.07,0.00,0.142,11.0,10.5,23.0,70,5.42,88,58.9,75,7.1,1013.9
2025-08-21,51,59.8,70.9,2025-08-21T19:45,2025-08-21T06:12,48774.00,25341.65,0.004,1.0,14.1,32.9,31,14.32,76,56.9,76,9.5,1010.7
2025-08-22,0,59.0,80.3,2025-08-22T19:44,2025-08-22T06:13,48623.83,47312.40,0.000,0.0,8.2,17.7,348,24.74,0,53.2,58,4.9,1011.9
2025-08-23,3,63.5,82.7,2025-08-23T19:42,2025-08-23T06:14,48472.69,45821.44,0.000,0.0,13.3,31.3,193,24.23,11,55.1,58,7.1,1013.9
2025-08-24,51,64.0,79.5,2025-08-24T19:40,2025-08-24T06:15,48320.70,45578.81,0.008,2.0,11.3,28.4,172,19.38,40,62.0,72,7.0,1010.3
2025-08-25,3,67.2,88.5,2025-08-25T19:39,2025-08-25T06:16,48167.96,45337.16,0.000,0.0,11.2,29.8,268,22.24,32,57.7,58,5.8,1005.8
2025-08-26,3,63.8,80.9,2025-08-26T19:37,2025-08-26T06:17,48014.59,42336.73,0.000,0.0,9.3,24.2,290,19.13,23,47.0,42,5.9,1011.4
2025-08-27,51,61.9,76.8,2025-08-27T19:36,2025-08-27T06:18,47860.70,43498.47,0.004,1.0,9.7,24.6,307,21.54,21,47.7,48,6.3,1013.7
2025-08-28,3,59.9,80.6,2025-08-28T19:34,2025-08-28T06:19,47706.39,35262.48,0.000,0.0,9.0,23.7,228,19.64,73,46.5,46,4.9,1015.5
2025-08-29,3,64.7,81.2,2025-08-29T19:33,2025-08-29T06:20,47551.76,43769.27,0.000,0.0,10.0,23.9,269,20.49,52,51.6,50,6.1,1010.6
2025-08-30,3,57.6,78.0,2025-08-30T19:31,2025-08-30T06:21,47396.92,44329.99,0.000,0.0,8.5,22.1,323,22.02,18,42.3,42,6.0,1013.4
2025-08-31,3,58.8,81.1,2025-08-31T19:29,2025-08-31T06:22,47241.97,40051.40,0.000,0.0,7.6,21.0,9,21.39,37,45.7,44,4.3,1018.1
2025-09-01,3,61.6,78.8,2025-09-01T19:28,2025-09-01T06:23,47087.02,43769.10,0.000,0.0,10.2,26.4,57,21.99,47,51.9,54,5.1,1019.5
2025-09-02,2,61.8,80.4,2025-09-02T19:26,2025-09-02T06:24,46932.16,43796.42,0.000,0.0,7.6,20.1,96,22.15,13,53.5,59,4.5,1016.2
2025-09-03,2,60.3,80.6,2025-09-03T19:25,2025-09-03T06:25,46777.47,43619.90,0.000,0.0,9.1,24.8,158,20.96,9,55.0,64,3.2,1010.5
2025-09-04,55,61.4,77.8,2025-09-04T19:23,2025-09-04T06:26,46622.73,43545.38,0.157,8.0,12.6,31.1,170,19.41,34,60.1,73,7.1,1007.7
2025-09-05,61,65.4,83.0,2025-09-05T19:21,2025-09-05T06:27,46466.93,43200.00,0.161,4.0,11.0,27.5,199,19.86,37,64.4,73,6.5,1008.7
2025-09-06,63,66.0,86.3,2025-09-06T19:20,2025-09-06T06:28,46310.07,26711.07,0.917,11.0,14.1,32.0,209,14.32,78,68.0,81,6.3,1010.1
2025-09-07,63,62.1,69.2,2025-09-07T19:18,2025-09-07T06:29,46152.28,11866.34,0.843,15.0,5.5,12.8,333,7.02,91,59.8,84,3.3,1013.0
2025-09-08,3,55.7,70.7,2025-09-08T19:16,2025-09-08T06:30,45993.65,43352.41,0.000,0.0,5.6,16.1,359,22.68,13,49.6,62,3.8,1020.5
2025-09-09,3,55.8,71.1,2025-09-09T19:15,2025-09-09T06:31,45834.29,43380.79,0.000,0.0,8.9,23.0,49,22.07,22,52.2,69,5.3,1021.8
2025-09-10,55,59.3,69.1,2025-09-10T19:13,2025-09-10T06:32,45674.30,10893.92,0.126,5.0,7.7,19.9,18,7.35,85,55.9,75,5.9,1017.9
2025-09-11,3,59.6,79.6,2025-09-11T19:11,2025-09-11T06:33,45513.79,43200.00,0.000,0.0,7.4,19.9,358,21.79,12,51.6,56,4.0,1015.5
2025-09-12,3,61.2,80.3,2025-09-12T19:10,2025-09-12T06:34,45352.85,43200.00,0.000,0.0,6.1,16.6,35,17.37,37,53.6,58,3.9,1017.9
2025-09-13,51,62.0,80.6,2025-09-13T19:08,2025-09-13T06:35,45191.58,38931.55,0.004,1.0,8.5,21.7,175,17.41,33,59.2,71,3.7,1015.8
2025-09-14,3,63.1,85.0,2025-09-14T19:06,2025-09-14T06:36,45030.07,43200.00,0.000,0.0,5.4,17.0,118,18.94,32,57.4,62,2.8,1013.1
2025-09-15,3,64.4,82.3,2025-09-15T19:04,2025-09-15T06:37,44868.43,43200.00,0.000,0.0,8.0,22.6,69,19.94,71,57.0,63,4.6,1018.5
2025-09-16,3,63.4,75.7,2025-09-16T19:03,2025-09-16T06:38,44706.75,30664.48,0.000,0.0,10.8,27.5,61,13.20,91,54.0,61,6.9,1019.2
2025-09-17,61,62.7,70.7,2025-09-17T19:01,2025-09-17T06:39,44545.13,20103.43,0.157,9.0,9.3,23.0,56,10.28,91,58.2,74,7.1,1014.9
2025-09-18,51,64.5,80.5,2025-09-18T18:59,2025-09-18T06:40,44383.65,42899.52,0.004,1.0,4.4,11.4,316,19.73,29,61.8,73,2.9,1010.5
2025-09-19,0,64.8,81.9,2025-09-19T18:58,2025-09-19T06:41,44222.42,42797.63,0.000,0.0,7.2,17.7,316,19.89,1,58.5,63,4.7,1011.2
2025-09-20,3,57.7,73.7,2025-09-20T18:56,2025-09-20T06:42,44061.53,42696.19,0.000,0.0,7.8,19.9,45,20.19,15,48.3,55,5.5,1019.3
2025-09-21,3,57.5,72.1,2025-09-21T18:54,2025-09-21T06:43,43901.07,42135.23,0.000,0.0,5.4,15.7,95,17.94,70,51.0,67,3.6,1021.3
2025-09-22,3,53.9,72.9,2025-09-22T18:53,2025-09-22T06:44,43741.13,40922.78,0.000,0.0,5.9,16.3,167,14.50,45,53.4,72,3.1,1016.1
2025-09-23,63,62.2,84.5,2025-09-23T18:51,2025-09-23T06:45,43581.82,39600.00,0.362,6.0,9.0,22.6,219,15.73,68,62.5,74,4.7,1011.8
2025-09-24,61,65.2,79.1,2025-09-24T18:49,2025-09-24T06:46,43422.87,7583.14,0.142,6.0,7.4,21.7,144,9.81,92,67.4,88,3.0,1012.4
2025-09-25,65,67.6,74.9,2025-09-25T18:48,2025-09-25T06:47,43263.23,5672.05,2.055,19.0,10.6,24.2,182,4.74,98,69.1,93,6.6,1007.6
2025-09-26,3,65.5,79.2,2025-09-26T18:46,2025-09-26T06:48,43102.93,38403.38,0.000,0.0,5.5,16.1,280,17.43,61,64.2,78,3.5,1005.8
2025-09-27,51,62.3,75.7,2025-09-27T18:44,2025-09-27T06:49,42942.05,24250.54,0.016,2.0,4.0,10.1,337,12.47,86,61.1,76,2.5,1010.9
2025-09-28,53,63.8,82.2,2025-09-28T18:43,2025-09-28T06:50,42780.72,41803.05,0.028,1.0,4.0,12.5,235,18.11,29,63.6,76,2.6,1013.4
2025-09-29,3,62.8,75.0,2025-09-29T18:41,2025-09-29T06:51,42619.02,24751.75,0.000,0.0,6.5,14.1,21,12.56,93,58.2,70,3.6,1018.4
2025-09-30,3,62.6,77.7,2025-09-30T18:39,2025-09-30T06:52,42457.06,29333.07,0.000,0.0,9.1,19.9,7,13.40,99,55.5,65,5.1,1014.7
2025-10-01,3,53.5,68.5,2025-10-01T18:38,2025-10-01T06:53,42294.95,41350.70,0.000,0.0,8.8,22.4,12,18.60,11,41.4,49,7.6,1017.9
2025-10-02,3,49.4,66.2,2025-10-02T18:36,2025-10-02T06:54,42132.80,39876.29,0.000,0.0,5.9,15.9,44,17.80,35,41.0,56,4.4,1026.4
2025-10-03,3,48.9,72.1,2025-10-03T18:34,2025-10-03T06:55,41970.69,40538.81,0.000,0.0,5.5,16.6,221,17.90,33,47.1,64,3.7,1023.6
2025-10-04,3,54.4,81.6,2025-10-04T18:33,2025-10-04T06:56,41808.74,40253.66,0.000,0.0,5.7,11.9,251,17.52,19,52.5,62,3.2,1018.8
2025-10-05,1,59.0,85.3,2025-10-05T18:31,2025-10-05T06:57,41647.05,39936.38,0.000,0.0,6.4,15.7,200,17.07,2,55.5,62,2.7,1020.8
2025-10-06,2,59.4,81.1,2025-10-06T18:29,2025-10-06T06:58,41485.73,39617.97,0.000,0.0,8.5,21.5,196,17.25,7,56.6,66,4.8,1020.7
2025-10-07,3,62.9,81.0,2025-10-07T18:28,2025-10-07T06:59,41324.89,37690.75,0.000,0.0,11.8,29.5,203,13.81,53,59.2,68,7.4,1016.2
2025-10-08,61,57.8,71.2,2025-10-08T18:26,2025-10-08T07:00,41164.63,21873.69,0.272,11.0,11.6,25.7,292,10.80,57,55.1,69,9.0,1012.4
2025-10-09,0,47.8,58.5,2025-10-09T18:24,2025-10-09T07:01,41005.07,39270.02,0.000,0.0,9.3,23.9,4,17.38,0,35.9,54,7.1,1025.5
2025-10-10,3,41.1,61.3,2025-10-10T18:23,2025-10-10T07:02,40846.30,37200.28,0.000,0.0,6.8,18.6,118,14.47,16,38.3,62,4.4,1027.1
2025-10-11,53,50.8,66.0,2025-10-11T18:21,2025-10-11T07:03,40688.45,4162.80,0.047,4.0,8.3,18.3,78,5.56,80,51.0,78,4.6,1019.2
2025-10-12,61,55.4,61.8,2025-10-12T18:20,2025-10-12T07:04,40531.64,0.00,0.559,13.0,15.3,32.2,39,3.66,100,51.7,78,12.4,1014.0
2025-10-13,63,53.9,58.3,2025-10-13T18:18,2025-10-13T07:05,40375.96,0.00,1.283,18.0,17.3,40.7,31,2.56,100,52.9,88,14.6,1009.9
2025-10-14,51,53.9,60.8,2025-10-14T18:17,2025-10-14T07:06,40221.16,4141.09,0.016,4.0,11.3,26.4,8,5.83,100,51.2,81,8.9,1012.9
2025-10-15,3,52.8,67.6,2025-10-15T18:15,2025-10-15T07:07,40066.07,36088.46,0.000,0.0,8.3,21.3,339,13.05,64,51.0,74,6.2,1010.9
2025-10-16,1,45.0,59.4,2025-10-16T18:14,2025-10-16T07:09,39910.71,38801.45,0.000,0.0,10.9,26.6,333,15.75,4,33.1,51,8.6,1010.3
2025-10-17,2,45.0,62.6,2025-10-17T18:12,2025-10-17T07:10,39755.20,38735.02,0.000,0.0,9.3,20.4,336,15.47,15,34.5,52,6.4,1011.2
2025-10-18,3,43.8,63.6,2025-10-18T18:11,2025-10-18T07:11,39599.68,35071.94,0.000,0.0,5.1,10.7,225,13.29,26,41.9,66,3.1,1012.5
2025-10-19,3,49.8,69.4,2025-10-19T18:09,2025-10-19T07:12,39444.25,38600.84,0.000,0.0,12.6,30.0,165,14.10,34,54.4,81,7.5,1009.9
2025-10-20,63,54.6,67.8,2025-10-20T18:08,2025-10-20T07:13,39289.04,27325.32,0.276,11.0,15.2,39.6,238,10.22,60,51.3,73,11.1,1004.6
2025-10-21,51,46.9,66.5,2025-10-21T18:06,2025-10-21T07:14,39134.20,38465.04,0.016,1.0,7.8,20.1,214,14.77,21,43.8,64,6.4,1008.1
2025-10-22,53,52.3,61.9,2025-10-22T18:05,2025-10-22T07:15,38979.85,37944.38,0.110,8.0,13.7,31.8,247,13.17,53,45.6,69,6.7,1003.6
2025-10-23,3,47.3,58.7,2025-10-23T18:03,2025-10-23T07:16,38826.11,35567.22,0.000,0.0,11.3,27.1,248,12.42,18,39.5,62,6.9,1009.0
2025-10-24,2,43.3,59.1,2025-10-24T18:02,2025-10-24T07:18,38673.13,35505.34,0.000,0.0,7.8,20.8,280,12.81,19,38.9,65,5.4,1015.4
2025-10-25,3,43.1,57.9,2025-10-25T18:01,2025-10-25T07:19,38521.05,24208.09,0.000,0.0,6.1,16.1,319,11.07,44,38.9,66,4.1,1023.1
2025-10-26,3,45.1,58.0,2025-10-26T17:59,2025-10-26T07:20,38369.99,32310.73,0.000,0.0,4.5,13.2,352,11.24,32,38.0,63,3.2,1024.5
2025-10-27,0,38.8,55.2,2025-10-27T17:58,2025-10-27T07:21,38220.11,37471.87,0.000,0.0,7.3,16.3,8,13.80,0,33.0,60,4.7,1024.3
2025-10-28,3,39.7,54.8,2025-10-28T17:57,2025-10-28T07:22,38071.55,23182.88,0.000,0.0,14.2,33.6,40,9.44,64,35.5,63,8.2,1021.6
2025-10-29,3,45.0,57.5,2025-10-29T17:55,2025-10-29T07:23,37924.46,26641.40,0.000,0.0,10.8,24.4,40,9.12,86,39.3,65,7.4,1016.5
2025-10-30,65,51.0,61.2,2025-10-30T17:54,2025-10-30T07:24,37778.99,0.00,1.654,21.0,15.6,36.9,94,1.64,99,54.1,91,10.8,1002.3
2025-10-31,51,50.3,58.9,2025-10-31T17:53,2025-10-31T07:26,37635.29,26702.03,0.008,1.0,17.7,46.1,261,7.86,42,41.9,67,12.7,991.7
2025-11-01,3,45.8,57.8,2025-11-01T17:52,2025-11-01T07:27,37493.53,36001.35,0.000,0.0,14.2,38.9,284,11.79,38,34.1,54,9.6,1008.5
2025-11-02,3,39.6,58.5,2025-11-02T17:50,2025-11-02T07:28,37353.86,35644.32,0.000,0.0,5.7,13.9,247,12.53,44,38.7,71,3.0,1020.4
2025-11-03,3,43.2,56.9,2025-11-03T17:49,2025-11-03T07:29,37216.01,17009.40,0.000,0.0,11.4,24.8,234,6.24,74,43.6,79,4.0,1014.7
2025-11-04,2,46.6,58.4,2025-11-04T17:48,2025-11-04T07:30,37078.74,35584.28,0.000,0.0,13.9,35.1,288,12.22,7,32.4,49,9.5,1013.2
2025-11-05,51,40.3,64.0,2025-11-05T17:47,2025-11-05T07:31,36942.08,27267.47,0.004,1.0,14.4,33.8,226,9.59,65,35.9,57,6.7,1009.3
2025-11-06,53,40.9,56.4,2025-11-06T17:46,2025-11-06T07:33,36806.17,33175.75,0.035,1.0,15.0,36.7,304,10.21,41,32.2,54,10.2,1011.3
2025-11-07,3,34.8,59.0,2025-11-07T17:45,2025-11-07T07:34,36671.16,32166.47,0.000,0.0,11.5,26.6,194,9.55,89,34.5,63,5.7,1011.0
2025-11-08,63,52.6,64.7,2025-11-08T17:44,2025-11-08T07:35,36537.20,33751.92,0.244,8.0,9.1,19.9,256,10.99,66,48.1,74,5.1,1003.4
2025-11-09,51,47.0,61.2,2025-11-09T17:43,2025-11-09T07:36,36404.43,13912.28,0.008,2.0,9.7,22.6,117,5.35,81,50.6,87,3.7,1005.5
2025-11-10,63,36.0,56.5,2025-11-10T17:42,2025-11-10T07:37,36273.03,11952.67,0.520,13.0,10.9,25.5,295,4.63,70,45.0,84,6.3,1000.6
2025-11-11,73,33.4,39.8,2025-11-11T17:41,2025-11-11T07:39,36143.13,28235.10,0.024,4.0,17.6,41.6,274,7.59,62,22.8,57,11.6,1003.4
2025-11-12,51,36.0,48.1,2025-11-12T17:40,2025-11-12T07:40,36014.91,10800.00,0.004,1.0,10.0,23.3,241,4.98,83,29.0,61,7.2,1005.5
2025-11-13,51,41.7,50.6,2025-11-13T17:39,2025-11-13T07:41,35888.52,32004.48,0.008,2.0,13.1,33.3,276,8.60,25,33.6,64,8.6,1008.0
2025-11-14,3,37.5,49.8,2025-11-14T17:38,2025-11-14T07:42,35764.13,22339.26,0.000,0.0,10.6,27.5,287,7.89,35,31.9,64,6.5,1012.5
2025-11-15,63,34.2,47.2,2025-11-15T17:37,2025-11-15T07:43,35641.93,26787.94,0.173,1.0,8.1,22.8,239,9.13,67,32.7,70,4.4,1003.9
2025-11-16,51,40.1,54.9,2025-11-16T17:36,2025-11-16T07:45,35522.06,32321.08,0.004,1.0,16.0,39.6,281,10.76,34,34.9,61,11.6,989.1
2025-11-17,51,34.5,42.8,2025-11-17T17:36,2025-11-17T07:46,35404.71,29915.61,0.004,1.0,16.4,39.8,291,8.15,29,22.1,51,11.3,1003.3
2025-11-18,3,33.8,45.8,2025-11-18T17:35,2025-11-18T07:47,35290.07,29848.42,0.000,0.0,9.9,22.8,283,9.78,45,25.9,58,6.1,1015.7
2025-11-19,73,36.1,46.8,2025-11-19T17:34,2025-11-19T07:48,35178.31,15493.65,0.142,9.0,5.0,13.2,26,6.05,68,33.3,76,2.5,1018.1
2025-11-20,3,32.2,45.9,2025-11-20T17:34,2025-11-20T07:49,35069.61,24711.79,0.000,0.0,4.0,8.9,355,8.71,62,28.7,71,2.5,1019.5
2025-11-21,3,37.0,51.3,2025-11-21T17:33,2025-11-21T07:50,34964.17,17246.01,0.000,0.0,9.2,21.9,236,5.99,99,39.0,82,3.6,1013.6
2025-11-22,61,39.7,51.4,2025-11-22T17:32,2025-11-22T07:51,34862.17,12373.28,0.224,10.0,8.9,20.1,330,4.64,65,39.7,80,4.6,1008.9
2025-11-23,3,30.6,45.4,2025-11-23T17:32,2025-11-23T07:52,34763.42,17937.73,0.000,0.0,7.5,18.1,253,5.30,37,30.7,73,4.2,1011.8
2025-11-24,3,39.5,52.2,2025-11-24T17:31,2025-11-24T07:54,34666.85,32990.39,0.000,0.0,8.7,22.1,290,9.91,29,31.5,62,5.1,1017.7
2025-11-25,61,37.2,54.6,2025-11-25T17:31,2025-11-25T07:55,34572.49,494.86,0.386,8.0,11.0,21.5,180,3.36,100,39.5,80,4.7,1018.0
2025-11-26,63,50.9,59.4,2025-11-26T17:30,2025-11-26T07:56,34480.46,11935.91,0.189,5.0,11.9,24.8,224,4.96,78,53.1,92,7.3,1005.0
2025-11-27,3,36.8,50.5,2025-11-27T17:30,2025-11-27T07:57,34390.89,32274.86,0.000,0.0,12.7,29.1,268,9.31,68,24.6,50,9.8,1008.2
2025-11-28,2,32.5,42.1,2025-11-28T17:30,2025-11-28T07:58,34303.89,31731.38,0.000,0.0,16.5,41.2,264,9.02,14,19.3,50,11.3,1010.3
2025-11-29,3,32.2,42.3,2025-11-29T17:29,2025-11-29T07:59,34219.61,32462.00,0.000,0.0,10.5,24.4,296,9.66,19,19.5,52,7.1,1025.1
2025-11-30,53,32.1,40.7,2025-11-30T17:29,2025-11-30T08:00,34138.17,514.82,0.110,7.0,8.4,17.0,208,1.52,100,31.1,80,5.1,1020.8
2025-12-01,3,32.1,42.9,2025-12-01T17:29,2025-12-01T08:01,34059.69,32356.69,0.000,0.0,11.2,24.8,305,9.54,53,22.7,56,7.1,1020.7
2025-12-02,73,29.8,37.3,2025-12-02T17:28,2025-12-02T08:02,33984.30,0.00,0.673,11.0,10.5,22.6,4,0.78,100,29.5,84,6.1,1009.7
2025-12-03,3,29.8,39.6,2025-12-03T17:28,2025-12-03T08:03,33912.14,31894.73,0.000,0.0,11.2,25.5,309,9.32,24,24.7,69,5.9,1011.1
2025-12-04,71,25.5,41.6,2025-12-04T17:28,2025-12-04T08:04,33843.34,18820.84,0.004,1.0,14.4,33.8,284,6.52,34,22.2,65,8.2,1014.1
2025-12-05,3,19.6,30.0,2025-12-05T17:28,2025-12-05T08:05,33778.02,17376.23,0.000,0.0,9.1,25.7,33,6.73,56,10.2,53,3.8,1019.8
2025-12-06,71,29.1,40.1,2025-12-06T17:28,2025-12-06T08:06,33716.32,19960.93,0.012,3.0,6.5,13.2,276,6.12,73,25.1,72,3.7,1009.6
2025-12-07,3,29.5,40.8,2025-12-07T17:28,2025-12-07T08:07,33658.36,30290.10,0.000,0.0,7.5,17.9,260,8.17,51,25.3,68,4.3,1013.7
2025-12-08,3,23.8,35.4,2025-12-08T17:28,2025-12-08T08:08,33604.29,31609.82,0.000,0.0,12.0,28.6,342,7.15,87,9.9,47,7.8,1019.3
2025-12-09,3,18.7,31.3,2025-12-09T17:28,2025-12-09T08:09,33554.23,31557.90,0.000,0.0,9.8,22.1,231,9.01,57,3.9,41,5.2,1018.0
2025-12-10,53,31.0,43.1,2025-12-10T17:28,2025-12-10T08:09,33508.30,13448.77,0.118,7.0,11.4,23.9,212,4.80,98,29.7,77,7.9,1000.0
2025-12-11,3,27.9,39.0,2025-12-11T17:28,2025-12-11T08:10,33466.64,25826.31,0.000,0.0,15.3,36.9,282,7.90,45,19.9,60,11.0,999.5
2025-12-12,1,23.0,34.5,2025-12-12T17:28,2025-12-12T08:11,33429.38,31789.60,0.000,0.0,10.5,25.7,279,9.10,3,11.9,50,8.5,1012.5
2025-12-13,73,24.4,38.2,2025-12-13T17:28,2025-12-13T08:12,33396.48,13258.22,0.028,4.0,4.9,13.6,225,5.01,88,20.4,66,3.5,1014.9
2025-12-14,75,18.2,32.8,2025-12-14T17:28,2025-12-14T08:12,33367.51,9077.91,0.433,14.0,12.1,25.3,315,4.72,76,22.3,82,7.2,1011.5
2025-12-15,3,16.9,26.8,2025-12-15T17:29,2025-12-15T08:13,33342.45,31288.23,0.000,0.0,11.3,24.6,295,8.38,52,12.7,69,8.5,1018.9
2025-12-16,3,17.3,28.0,2025-12-16T17:29,2025-12-16T08:14,33321.30,31248.60,0.000,0.0,7.4,14.8,232,9.27,56,15.6,74,5.0,1018.5
2025-12-17,3,20.8,40.3,2025-12-17T17:29,2025-12-17T08:14,33304.07,25200.00,0.000,0.0,8.5,17.0,238,7.65,61,22.6,71,6.8,1012.3
2025-12-18,3,25.0,43.5,2025-12-18T17:30,2025-12-18T08:15,33290.76,31173.60,0.000,0.0,7.3,16.6,141,8.93,47,31.2,85,3.8,1019.5
2025-12-19,63,31.5,57.3,2025-12-19T17:30,2025-12-19T08:15,33281.38,3600.00,1.000,14.0,18.9,43.6,209,2.37,83,42.3,81,13.4,998.2
2025-12-20,3,28.4,36.6,2025-12-20T17:31,2025-12-20T08:16,33275.92,30396.73,0.000,0.0,11.8,28.6,254,8.20,49,19.3,59,7.3,1015.3
2025-12-21,3,28.9,45.8,2025-12-21T17:31,2025-12-21T08:17,33274.39,31361.48,0.000,0.0,14.2,32.7,269,8.51,39,22.1,58,9.0,1014.7
2025-12-22,3,27.1,37.4,2025-12-22T17:32,2025-12-22T08:17,33276.79,31677.59,0.000,0.0,9.1,20.4,270,8.57,34,17.0,56,6.4,1027.0
2025-12-23,73,32.4,36.8,2025-12-23T17:32,2025-12-23T08:17,33283.11,0.00,0.134,12.0,6.6,15.0,225,1.96,100,29.9,85,4.2,1018.1
2025-12-24,3,30.4,45.0,2025-12-24T17:33,2025-12-24T08:18,33293.33,31581.87,0.000,0.0,16.2,36.9,313,7.68,39,28.8,70,8.9,1015.0
2025-12-25,3,28.9,46.6,2025-12-25T17:33,2025-12-25T08:18,33307.46,21044.88,0.000,0.0,13.9,31.8,287,5.47,76,23.7,63,7.1,1013.5
2025-12-26,75,20.9,27.0,2025-12-26T17:34,2025-12-26T08:19,33325.47,6849.79,0.268,6.0,7.5,18.1,19,4.93,81,10.1,56,5.2,1017.2
2025-12-27,73,18.5,30.6,2025-12-27T17:35,2025-12-27T08:19,33347.38,0.00,0.205,12.0,10.0,23.0,16,3.60,93,22.5,89,6.8,1014.0
2025-12-28,51,11.4,33.6,2025-12-28T17:36,2025-12-28T08:19,33373.14,20218.19,0.035,3.0,5.8,12.3,261,6.92,83,18.6,88,3.5,1016.4
2025-12-29,53,29.7,45.0,2025-12-29T17:36,2025-12-29T08:19,33402.75,0.00,0.150,7.0,15.8,36.5,243,2.66,85,32.7,84,9.1,994.7
2025-12-30,3,26.7,31.5,2025-12-30T17:37,2025-12-30T08:20,33436.19,16835.44,0.000,0.0,17.9,40.9,276,5.33,83,11.8,47,12.2,1000.4
2025-12-31,3,25.6,31.8,2025-12-31T17:38,2025-12-31T08:20,33473.44,23708.20,0.000,0.0,10.4,25.9,251,7.29,77,11.2,49,8.3,1005.1
2026-01-01,73,19.4,33.1,2026-01-01T17:39,2026-01-01T08:20,33514.48,30846.06,0.067,4.0,15.5,36.0,279,9.36,47,11.6,55,10.0,1002.9
2026-01-02,71,19.5,29.0,2026-01-02T17:39,2026-01-02T08:20,33559.46,22683.38,0.012,3.0,8.7,20.8,262,8.02,83,12.2,61,5.5,1005.5
2026-01-03,3,20.0,30.6,2026-01-03T17:40,2026-01-03T08:20,33608.82,29596.23,0.000,0.0,7.1,16.6,284,8.02,71,9.1,49,4.7,1010.4
2026-01-04,71,24.4,33.6,2026-01-04T17:41,2026-01-04T08:20,33662.48,29905.62,0.012,3.0,7.6,19.2,302,8.41,66,17.4,64,4.4,1014.0
2026-01-05,73,23.1,33.6,2026-01-05T17:42,2026-01-05T08:20,33720.30,6053.06,0.035,2.0,7.6,16.1,218,4.38,75,20.5,70,4.7,1017.2
2026-01-06,51,28.4,38.7,2026-01-06T17:43,2026-01-06T08:20,33782.15,11663.69,0.012,1.0,5.3,10.7,86,5.18,97,28.8,82,3.2,1009.2
2026-01-07,51,33.7,48.1,2026-01-07T17:44,2026-01-07T08:20,33847.87,29405.20,0.008,2.0,11.3,29.5,301,7.33,73,35.4,84,6.0,1003.7
2026-01-08,1,35.1,49.8,2026-01-08T17:45,2026-01-08T08:20,33917.34,33046.78,0.000,0.0,7.3,15.4,297,8.98,8,33.8,76,3.7,1017.5
2026-01-09,61,32.1,51.1,2026-01-09T17:46,2026-01-09T08:19,33990.40,19086.89,0.118,4.0,10.8,26.2,184,6.92,69,37.1,85,6.0,1018.7
2026-01-10,63,39.1,47.8,2026-01-10T17:47,2026-01-10T08:19,34066.92,0.00,0.480,10.0,8.4,17.0,9,2.78,100,38.7,88,5.6,1015.3
2026-01-11,51,34.2,46.8,2026-01-11T17:48,2026-01-11T08:19,34146.77,27448.94,0.012,2.0,12.4,29.5,288,7.04,71,31.5,71,8.3,1005.3
2026-01-12,3,30.1,40.4,2026-01-12T17:49,2026-01-12T08:19,34229.79,33604.47,0.000,0.0,14.0,31.1,266,9.60,30,20.5,57,9.3,1015.8
2026-01-13,3,30.9,45.0,2026-01-13T17:50,2026-01-13T08:18,34315.86,28318.11,0.000,0.0,10.0,21.5,214,9.35,56,25.6,64,6.5,1011.9
2026-01-14,51,39.7,48.7,2026-01-14T17:51,2026-01-14T08:18,34404.84,0.00,0.004,1.0,7.1,16.1,184,3.01,100,33.1,67,4.6,999.2
2026-01-15,51,24.4,43.8,2026-01-15T17:53,2026-01-15T08:18,34496.59,24497.87,0.004,1.0,12.2,29.1,253,8.65,49,24.0,62,8.7,993.1
2026-01-16,3,20.9,32.1,2026-01-16T17:54,2026-01-16T08:17,34590.98,29252.18,0.000,0.0,13.9,35.8,272,8.75,33,7.0,43,9.9,1006.6
2026-01-17,75,24.4,35.3,2026-01-17T17:55,2026-01-17T08:17,34687.87,2355.94,0.177,9.0,6.8,16.6,207,1.97,74,24.3,76,4.4,1014.3
2026-01-18,75,23.8,33.1,2026-01-18T17:56,2026-01-18T08:16,34787.13,0.00,0.386,17.0,8.4,17.4,355,2.86,95,28.5,96,4.0,1011.6
2026-01-19,3,20.4,29.5,2026-01-19T17:57,2026-01-19T08:16,34888.64,30913.78,0.000,0.0,10.1,22.4,249,10.44,52,19.8,78,6.8,1009.5
2026-01-20,0,12.6,23.9,2026-01-20T17:58,2026-01-20T08:15,34992.26,34414.88,0.000,0.0,11.2,25.3,264,11.25,0,4.9,60,8.3,1021.5
2026-01-21,3,5.7,33.9,2026-01-21T17:59,2026-01-21T08:14,35097.87,34085.47,0.000,0.0,9.3,21.0,207,9.55,48,8.2,63,5.5,1026.2
2026-01-22,71,32.4,43.7,2026-01-22T18:01,2026-01-22T08:14,35205.72,32685.41,0.008,2.0,11.1,23.9,239,10.40,74,24.8,61,8.1,1013.0
2026-01-23,3,18.6,36.0,2026-01-23T18:02,2026-01-23T08:13,35316.91,30207.55,0.000,0.0,15.7,35.6,274,9.21,66,8.5,40,9.3,1017.3
2026-01-24,3,8.4,18.4,2026-01-24T18:03,2026-01-24T08:12,35431.35,27852.76,0.000,0.0,12.9,30.6,327,10.12,75,-9.1,35,8.7,1032.3
2026-01-25,75,10.0,22.7,2026-01-25T18:04,2026-01-25T08:12,35548.84,0.00,1.240,18.0,15.4,42.7,34,1.95,100,4.2,68,9.1,1023.0
2026-01-26,71,17.1,26.4,2026-01-26T18:05,2026-01-26T08:11,35669.19,18000.00,0.024,4.0,12.8,25.9,326,8.08,90,15.1,78,7.8,1005.3
2026-01-27,71,9.0,18.8,2026-01-27T18:07,2026-01-27T08:10,35792.22,28112.79,0.004,1.0,13.1,27.3,261,10.50,32,4.8,66,9.1,1013.3
2026-01-28,3,8.9,20.0,2026-01-28T18:08,2026-01-28T08:09,35917.75,30550.56,0.000,0.0,9.8,21.0,258,11.39,36,5.1,68,7.0,1014.8
2026-01-29,1,5.6,18.0,2026-01-29T18:09,2026-01-29T08:08,36045.61,35179.77,0.000,0.0,9.2,18.6,278,12.58,8,2.8,68,6.7,1014.8
2026-01-30,0,4.8,15.5,2026-01-30T18:10,2026-01-30T08:07,36175.61,35235.76,0.000,0.0,9.4,19.7,290,12.98,0,-0.6,62,8.1,1017.5
2026-01-31,3,3.8,19.8,2026-01-31T18:12,2026-01-31T08:06,36307.59,35293.48,0.000,0.0,11.4,23.3,322,12.68,47,2.3,70,4.5,1016.9
2026-02-01,3,6.7,20.6,2026-02-01T18:13,2026-02-01T08:05,36441.37,35352.84,0.000,0.0,14.8,30.6,348,12.56,97,3.7,66,11.2,1007.8
2026-02-02,3,12.4,30.6,2026-02-02T18:14,2026-02-02T08:04,36576.79,35413.77,0.000,0.0,11.2,22.8,316,13.29,7,9.2,62,9.0,1012.0
2026-02-03,3,11.5,30.3,2026-02-03T18:15,2026-02-03T08:03,36713.70,35476.18,0.000,0.0,6.2,12.8,269,11.89,31,12.3,70,4.1,1017.1
2026-02-04,3,14.7,30.3,2026-02-04T18:17,2026-02-04T08:02,36851.92,35539.98,0.000,0.0,9.1,19.5,291,13.19,50,14.0,68,4.7,1018.3
2026-02-05,3,11.8,27.2,2026-02-05T18:18,2026-02-05T08:01,36991.31,35605.11,0.000,0.0,7.4,14.3,328,13.56,9,10.2,73,3.5,1014.3
2026-02-06,71,11.5,27.7,2026-02-06T18:19,2026-02-06T08:00,37131.71,28882.01,0.008,2.0,5.5,10.7,329,11.92,84,12.6,75,3.8,1003.4
2026-02-07,73,2.4,25.4,2026-02-07T18:20,2026-02-07T07:59,37272.97,28974.47,0.047,9.0,17.5,37.8,310,11.51,90,5.0,69,12.7,1003.0
2026-02-08,1,0.3,13.7,2026-02-08T18:22,2026-02-08T07:58,37414.94,35807.67,0.000,0.0,14.0,28.9,321,14.22,2,-4.6,60,12.0,1017.3
2026-02-09,3,6.4,25.2,2026-02-09T18:23,2026-02-09T07:57,37557.49,35877.34,0.000,0.0,9.9,20.8,308,14.31,33,5.8,66,6.5,1020.3
2026-02-10,3,15.8,31.4,2026-02-10T18:24,2026-02-10T07:56,37700.46,16155.88,0.000,0.0,8.8,17.7,212,10.27,99,15.7,73,3.3,1014.2
2026-02-11,53,29.2,37.8,2026-02-11T18:25,2026-02-11T07:54,37844.17,15675.18,0.051,2.0,11.3,23.3,285,8.69,75,26.0,74,7.6,1003.8
2026-02-12,3,24.1,33.4,2026-02-12T18:26,2026-02-12T07:53,37989.86,17892.77,0.000,0.0,10.9,27.3,307,10.00,86,21.1,71,9.4,1010.7
2026-02-13,3,16.8,33.6,2026-02-13T18:28,2026-02-13T07:52,38137.50,36246.23,0.000,0.0,7.9,15.9,295,14.89,38,16.8,72,5.7,1016.3
2026-02-14,3,19.7,38.5,2026-02-14T18:29,2026-02-14T07:51,38286.93,36207.50,0.000,0.0,6.5,13.0,244,14.34,34,22.9,77,4.4,1015.0
2026-02-15,71,20.9,36.3,2026-02-15T18:30,2026-02-15T07:49,38437.98,11682.21,0.020,3.0,6.1,12.3,52,8.09,86,24.8,83,3.2,1014.6
2026-02-16,73,28.0,35.7,2026-02-16T18:31,2026-02-16T07:48,38590.50,31349.79,0.067,7.0,8.1,17.0,43,12.36,69,26.2,80,5.2,1016.2
2026-02-17,3,32.6,42.3,2026-02-17T18:32,2026-02-17T07:47,38744.36,22326.09,0.000,0.0,7.2,17.7,223,11.29,60,32.6,86,5.1,1016.1
2026-02-18,53,32.2,38.1,2026-02-18T18:34,2026-02-18T07:45,38899.39,3260.99,0.110,8.0,5.4,10.5,243,5.01,97,33.7,95,3.0,1008.6
2026-02-19,3,34.3,37.8,2026-02-19T18:35,2026-02-19T07:44,39055.46,1728.66,0.000,0.0,6.2,14.1,56,5.67,100,29.9,80,4.7,1012.6
2026-02-20,61,34.1,38.3,2026-02-20T18:36,2026-02-20T07:42,39212.43,0.00,0.311,12.0,8.6,18.8,54,2.35,100,33.0,92,6.7,1005.3
2026-02-21,51,31.3,46.4,2026-02-21T18:37,2026-02-21T07:41,39370.14,29422.06,0.004,1.0,7.0,17.4,299,11.20,81,32.1,79,4.1,1009.3
2026-02-22,75,30.9,36.5,2026-02-22T18:38,2026-02-22T07:39,39528.48,0.00,0.531,17.0,14.1,30.2,54,3.74,96,31.3,91,8.3,1012.1
2026-02-23,75,28.9,34.9,2026-02-23T18:40,2026-02-23T07:38,39687.31,0.00,0.772,18.0,19.8,43.0,345,6.58,100,25.3,78,15.9,998.1
2026-02-24,3,10.9,29.4,2026-02-24T18:41,2026-02-24T07:37,39846.48,38223.16,0.000,0.0,12.6,28.9,296,17.29,40,15.1,69,7.7,1007.8
2026-02-25,73,9.9,36.5,2026-02-25T18:42,2026-02-25T07:35,40005.89,25792.07,0.075,5.0,8.4,16.8,196,13.61,65,24.5,80,6.3,1002.9
2026-02-26,73,25.5,39.8,2026-02-26T18:43,2026-02-26T07:34,40165.38,35182.59,0.047,1.0,8.4,16.1,269,15.69,64,26.2,73,4.7,1006.7
2026-02-27,2,16.3,34.2,2026-02-27T18:44,2026-02-27T07:32,40324.85,38684.27,0.000,0.0,8.4,16.3,15,17.56,3,21.4,81,3.4,1015.0
2026-02-28,3,19.9,37.3,2026-02-28T18:45,2026-02-28T07:31,40484.16,25833.48,0.000,0.0,2.8,7.8,205,14.85,52,27.6,96,1.2,1015.1
2026-03-01,73,24.1,37.8,2026-03-01T18:47,2026-03-01T07:29,40643.20,24172.42,0.047,3.0,9.7,19.9,350,12.77,52,24.7,77,5.6,1018.2
2026-03-02,3,13.9,28.3,2026-03-02T18:48,2026-03-02T07:28,40801.82,38751.30,0.000,0.0,7.1,14.3,28,16.54,43,10.2,62,4.2,1032.9
2026-03-03,73,20.5,33.7,2026-03-03T18:49,2026-03-03T07:26,40960.34,0.00,0.350,14.0,5.3,12.1,80,3.27,92,26.2,86,3.1,1028.3
2026-03-04,53,33.1,45.3,2026-03-04T18:50,2026-03-04T07:25,41119.93,38625.13,0.114,5.0,5.5,11.2,255,14.03,86,35.3,91,3.0,1020.2
2026-03-05,63,36.2,41.4,2026-03-05T18:51,2026-03-05T07:23,41280.59,0.00,0.610,14.0,10.0,20.6,70,3.29,100,37.3,98,4.3,1019.9
2026-03-06,63,36.0,42.3,2026-03-06T18:52,2026-03-06T07:21,41442.20,0.00,0.543,9.0,9.9,22.6,54,5.37,100,34.6,87,6.6,1023.6
2026-03-07,3,35.7,49.4,2026-03-07T18:53,2026-03-07T07:20,41604.64,710.37,0.000,0.0,7.2,17.4,184,5.90,100,38.7,91,4.5,1017.8
2026-03-08,51,48.7,68.4,2026-03-08T18:54,2026-03-08T07:18,41767.80,16639.64,0.008,2.0,9.1,19.5,238,9.50,89,49.1,80,7.3,1005.7
2026-03-09,0,40.3,68.9,2026-03-09T18:56,2026-03-09T07:17,41931.57,41403.89,0.000,0.0,7.6,18.6,215,18.55,1,40.8,64,4.7,1011.9
2026-03-10,1,44.2,75.9,2026-03-10T18:57,2026-03-10T07:15,42095.83,41568.41,0.000,0.0,7.3,18.1,200,18.12,3,46.8,66,4.2,1012.0
2026-03-11,55,52.9,73.2,2026-03-11T18:58,2026-03-11T07:13,42260.46,36643.78,0.083,3.0,9.5,22.6,164,14.62,56,51.6,72,5.5,1007.2
2026-03-12,73,34.9,63.3,2026-03-12T18:59,2026-03-12T07:12,42425.38,0.00,0.555,17.0,14.4,34.7,295,3.83,85,42.2,85,8.4,1003.5
2026-03-13,75,29.2,41.5,2026-03-13T19:00,2026-03-13T07:10,42590.45,26348.17,0.106,1.0,12.2,29.1,200,12.27,51,22.4,58,8.3,1012.7
2026-03-14,51,35.7,50.0,2026-03-14T19:01,2026-03-14T07:08,42755.58,42228.94,0.004,1.0,17.4,41.2,281,19.10,23,25.3,54,10.2,1011.3
2026-03-15,3,34.1,44.5,2026-03-15T19:02,2026-03-15T07:07,42920.66,21433.01,0.000,0.0,9.8,23.9,100,12.08,95,26.8,63,6.7,1025.1
2026-03-16,63,45.5,62.8,2026-03-16T19:03,2026-03-16T07:05,43085.57,3600.00,0.689,12.0,16.4,37.4,157,5.41,100,51.9,93,11.6,1001.9
2026-03-17,71,31.3,56.2,2026-03-17T19:04,2026-03-17T07:03,43250.20,42067.05,0.094,3.0,21.4,51.9,269,18.47,61,21.7,53,13.1,1004.7
2026-03-18,3,24.7,36.0,2026-03-18T19:05,2026-03-18T07:02,43414.46,35484.49,0.000,0.0,7.9,18.3,276,16.80,26,13.6,51,5.5,1023.9
2026-03-19,3,28.8,40.7,2026-03-19T19:06,2026-03-19T07:00,43578.23,24937.34,0.000,0.0,5.6,16.8,171,12.10,65,24.8,67,3.8,1021.2
2026-03-20,61,33.3,54.1,2026-03-20T19:07,2026-03-20T06:58,43741.40,33259.56,0.138,5.0,12.2,25.3,183,17.88,69,36.0,73,5.9,1011.7
2026-03-21,51,42.8,56.8,2026-03-21T19:09,2026-03-21T06:57,43903.86,39159.39,0.008,2.0,9.9,24.4,329,18.72,61,40.9,74,6.1,1007.4
2026-03-22,73,40.7,61.2,2026-03-22T19:10,2026-03-22T06:55,44065.51,35791.51,0.350,5.0,11.9,28.9,146,16.32,94,43.8,79,5.2,1005.9
2026-03-23,63,34.7,50.0,2026-03-23T19:11,2026-03-23T06:53,44226.61,0.00,0.539,14.0,10.7,24.4,352,3.90,87,36.7,82,8.6,1007.9
2026-03-24,3,31.4,46.8,2026-03-24T19:12,2026-03-24T06:52,44388.24,43200.00,0.000,0.0,9.1,22.8,288,21.91,21,22.8,55,6.4,1023.3
2026-03-25,3,33.3,51.5,2026-03-25T19:13,2026-03-25T06:50,44550.42,43200.00,0.000,0.0,10.7,23.5,193,17.56,90,29.8,62,5.9,1022.6
2026-03-26,51,43.3,71.7,2026-03-26T19:14,2026-03-26T06:49,44713.04,36000.00,0.008,1.0,13.1,28.6,207,19.49,84,44.8,62,8.7,1008.3
2026-03-27,61,39.1,63.2,2026-03-27T19:15,2026-03-27T06:47,44876.00,11244.24,0.165,5.0,12.5,32.9,334,11.46,85,40.4,67,8.2,1009.6
2026-03-28,3,28.5,42.3,2026-03-28T19:16,2026-03-28T06:45,45039.21,42842.13,0.000,0.0,11.3,28.0,326,20.95,31,17.3,47,7.8,1024.7
2026-03-29,3,29.2,53.9,2026-03-29T19:17,2026-03-29T06:44,45202.56,43200.00,0.000,0.0,9.1,24.4,194,22.10,43,24.8,54,4.8,1028.8
2026-03-30,3,43.6,69.1,2026-03-30T19:18,2026-03-30T06:42,45365.96,39600.00,0.000,0.0,12.1,28.9,220,19.48,54,41.9,60,9.1,1017.9
2026-03-31,55,59.5,78.9,2026-03-31T19:19,2026-03-31T06:40,45529.29,43200.00,0.039,1.0,12.7,31.8,226,19.11,84,53.2,58,10.2,1011.3
2026-04-01,53,54.2,77.4,2026-04-01T19:20,2026-04-01T06:39,45692.48,37165.15,0.031,3.0,11.5,26.4,271,15.95,84,53.9,60,8.6,1012.7
2026-04-02,61,42.3,53.7,2026-04-02T19:21,2026-04-02T06:37,45855.40,0.00,0.201,10.0,13.7,29.1,72,6.37,100,39.8,81,9.0,1025.4
2026-04-03,51,41.4,69.4,2026-04-03T19:22,2026-04-03T06:35,46017.96,22699.39,0.004,1.0,13.4,31.5,208,13.43,97,45.7,78,6.4,1020.8
2026-04-04,3,44.7,70.1,2026-04-04T19:23,2026-04-04T06:34,46180.05,43200.00,0.000,0.0,12.4,30.6,92,20.46,63,48.9,70,7.1,1017.9
2026-04-05,63,43.2,59.8,2026-04-05T19:24,2026-04-05T06:32,46341.57,3626.34,0.343,9.0,9.5,22.8,224,6.53,99,45.9,83,5.8,1008.6
2026-04-06,3,38.8,54.5,2026-04-06T19:25,2026-04-06T06:30,46502.40,41000.45,0.000,0.0,13.1,32.0,297,22.05,35,29.1,50,7.7,1012.4
2026-04-07,3,33.8,52.3,2026-04-07T19:26,2026-04-07T06:29,46662.44,43398.90,0.000,0.0,14.3,34.7,307,21.69,33,28.1,55,8.8,1018.8
2026-04-08,0,29.1,48.7,2026-04-08T19:28,2026-04-08T06:27,46821.57,43801.23,0.000,0.0,8.8,22.6,40,24.95,0,20.9,52,5.8,1031.6
2026-04-09,3,32.4,49.9,2026-04-09T19:29,2026-04-09T06:25,46979.69,43858.33,0.000,0.0,8.6,23.3,168,24.44,22,31.5,70,4.8,1030.8
2026-04-10,3,37.7,63.4,2026-04-10T19:30,2026-04-10T06:24,47136.68,43506.32,0.000,0.0,9.0,23.7,186,23.56,36,39.4,72,5.1,1021.9
2026-04-11,51,49.6,62.8,2026-04-11T19:31,2026-04-11T06:22,47292.41,44189.68,0.012,2.0,10.6,27.1,320,24.62,20,34.7,48,8.5,1019.5
2026-04-12,3,41.3,55.8,2026-04-12T19:32,2026-04-12T06:21,47447.14,44340.28,0.000,0.0,10.2,26.4,131,23.66,48,28.4,47,6.7,1026.9
2026-04-13,51,47.0,78.7,2026-04-13T19:33,2026-04-13T06:19,47601.92,33677.39,0.008,1.0,15.7,37.4,221,15.54,74,49.6,61,8.8,1014.6
2026-04-14,3,60.7,87.1,2026-04-14T19:34,2026-04-14T06:18,47756.73,43969.82,0.000,0.0,14.2,33.1,241,23.01,53,55.0,53,7.3,1009.7
2026-04-15,51,65.5,89.6,2026-04-15T19:35,2026-04-15T06:16,47911.48,44521.39,0.012,2.0,10.3,29.3,246,21.99,84,58.7,53,7.0,1008.3
2026-04-16,3,72.1,89.9,2026-04-16T19:36,2026-04-16T06:15,48066.05,44170.30,0.000,0.0,9.5,25.3,206,21.73,85,58.0,49,5.0,1006.3
2026-04-17,61,63.1,79.0,2026-04-17T19:37,2026-04-17T06:13,48220.34,44063.32,0.130,5.0,8.9,24.2,348,21.01,43,56.5,59,4.8,1006.8
2026-04-18,3,51.2,68.2,2026-04-18T19:38,2026-04-18T06:12,48374.23,43776.52,0.000,0.0,9.0,24.4,119,24.13,50,49.8,75,6.1,1012.8
2026-04-19,63,43.7,52.7,2026-04-19T19:39,2026-04-19T06:10,48527.63,11341.20,0.579,11.0,12.4,32.7,314,6.19,79,41.5,78,7.3,1008.7
2026-04-20,51,37.1,50.4,2026-04-20T19:40,2026-04-20T06:09,48680.42,46798.61,0.020,3.0,10.7,27.1,310,20.24,23,29.4,60,5.7,1017.6
2026-04-21,3,32.0,52.7,2026-04-21T19:41,2026-04-21T06:07,48832.48,46037.43,0.000,0.0,8.9,20.6,223,25.63,32,22.6,48,4.7,1022.9
2026-04-22,63,43.3,54.1,2026-04-22T19:42,2026-04-22T06:06,48983.69,12523.07,0.185,7.0,10.2,24.6,156,12.75,85,40.8,75,5.9,1015.0
2026-04-23,61,44.3,72.2,2026-04-23T19:43,2026-04-23T06:04,49133.93,43935.27,0.055,2.0,10.3,25.7,319,24.75,44,41.0,58,4.7,1009.1
2026-04-24,3,50.0,69.6,2026-04-24T19:44,2026-04-24T06:03,49283.09,40583.37,0.000,0.0,7.6,21.7,43,23.16,68,34.7,42,4.8,1006.3
2026-04-25,63,42.3,50.2,2026-04-25T19:45,2026-04-25T06:02,49431.03,2784.13,0.941,14.0,8.9,22.4,111,5.21,100,37.3,73,6.9,1012.7
2026-04-26,61,41.5,55.8,2026-04-26T19:47,2026-04-26T06:00,49577.62,24276.29,0.217,7.0,9.7,25.3,55,14.70,64,40.8,78,6.3,1015.6
2026-04-27,0,42.3,66.9,2026-04-27T19:48,2026-04-27T05:59,49722.75,49167.65,0.000,0.0,6.4,16.1,131,26.76,1,40.8,65,4.0,1019.6
2026-04-28,3,45.1,64.4,2026-04-28T19:49,2026-04-28T05:57,49866.27,29791.98,0.000,0.0,5.7,15.0,192,17.31,71,38.5,56,3.7,1016.9
2026-04-29,55,49.3,62.9,2026-04-29T19:50,2026-04-29T05:56,50008.04,32297.10,0.102,3.0,9.1,25.1,153,19.75,98,41.8,64,5.0,1010.6
2026-04-30,63,47.8,59.8,2026-04-30T19:51,2026-04-30T05:55,50147.93,16756.65,0.323,8.0,7.1,17.0,285,10.91,84,46.3,79,4.3,1004.2
2026-05-01,3,44.1,64.9,2026-05-01T19:52,2026-05-01T05:54,50285.80,48873.32,0.000,0.0,9.7,22.8,282,24.65,30,37.8,58,6.3,1008.0
2026-05-02,61,48.2,59.3,2026-05-02T19:53,2026-05-02T05:52,50421.84,43200.00,0.098,7.0,8.3,18.6,293,18.39,88,39.8,62,5.4,1007.6
2026-05-03,3,43.5,57.7,2026-05-03T19:54,2026-05-03T05:51,50557.07,45792.84,0.000,0.0,14.5,36.0,310,21.22,61,29.8,45,8.9,1007.5
2026-05-04,3,46.8,75.5,2026-05-04T19:55,2026-05-04T05:50,50691.46,49852.07,0.000,0.0,13.6,32.4,231,23.31,13,34.4,40,8.6,1007.9
2026-05-05,3,58.9,84.4,2026-05-05T19:56,2026-05-05T05:49,50824.91,49913.35,0.000,0.0,14.0,34.9,201,25.99,37,45.8,43,9.0,1005.8
2026-05-06,55,58.5,72.7,2026-05-06T19:57,2026-05-06T05:48,50957.28,17154.79,0.217,10.0,14.0,32.2,214,9.27,85,55.9,68,10.4,1004.8
2026-05-07,55,50.8,66.4,2026-05-07T19:58,2026-05-07T05:46,51088.46,39235.73,0.094,5.0,11.4,28.6,328,25.13,45,38.3,54,6.9,1005.5
2026-05-08,51,46.5,64.7,2026-05-08T19:59,2026-05-08T05:45,51218.33,50096.72,0.012,3.0,13.3,33.6,289,24.30,44,34.2,46,6.6,1007.8
2026-05-09,63,51.3,65.3,2026-05-09T20:00,2026-05-09T05:44,51346.77,8631.66,0.496,9.0,9.1,28.2,152,8.09,80,48.7,76,2.7,1007.8
2026-05-10,55,50.1,74.8,2026-05-10T20:01,2026-05-10T05:43,51473.64,35817.96,0.051,3.0,9.6,26.8,217,20.10,80,53.0,77,3.4,1009.0
2026-05-11,3,52.2,62.7,2026-05-11T20:02,2026-05-11T05:42,51598.82,17290.98,0.000,0.0,10.6,27.7,353,15.19,84,31.2,38,5.7,1014.8
2026-05-12,51,45.3,68.2,2026-05-12T20:03,2026-05-12T05:41,51722.18,50337.77,0.004,1.0,11.3,26.4,307,30.00,19,30.5,41,6.2,1016.7
2026-05-13,3,52.8,76.5,2026-05-13T20:04,2026-05-13T05:40,51843.59,34700.07,0.000,0.0,13.8,33.1,182,19.00,92,43.6,52,8.9,1009.8
2026-05-14,55,55.2,66.3,2026-05-14T20:05,2026-05-14T05:39,51962.91,31275.82,0.118,7.0,11.0,26.6,277,15.30,72,46.8,66,5.8,1003.8
2026-05-15,3,49.4,66.8,2026-05-15T20:06,2026-05-15T05:38,52079.98,38524.85,0.000,0.0,9.6,25.5,314,19.24,53,42.8,55,6.8,1007.7
2026-05-16,3,52.8,82.9,2026-05-16T20:07,2026-05-16T05:37,52194.69,50400.00,0.000,0.0,11.0,26.8,228,29.12,9,44.9,46,6.2,1012.6
2026-05-17,3,67.6,90.5,2026-05-17T20:08,2026-05-17T05:36,52306.88,50400.00,0.000,0.0,9.2,24.8,242,27.74,43,53.7,43,5.7,1012.4
2026-05-18,3,70.3,90.2,2026-05-18T20:09,2026-05-18T05:35,52416.41,50400.00,0.000,0.0,10.6,28.6,183,26.98,42,60.4,51,6.2,1016.2
2026-05-19,51,74.3,96.5,2026-05-19T20:10,2026-05-19T05:34,52523.12,50400.00,0.028,3.0,13.2,32.9,231,25.44,19,61.6,47,8.1,1013.2
2026-05-20,61,71.3,92.7,2026-05-20T20:11,2026-05-20T05:34,52626.88,45367.22,0.193,8.0,11.5,31.1,269,25.84,52,63.0,55,7.3,1010.7
