"STATION","NAME","DATE","AWND","PGTM","PRCP","SNOW","SNWD","TAVG","TMAX","TMIN","WDF2","WDF5","WSF2","WSF5","WT01","WT02","WT03","WT04","WT06","WT08","WT09"
"USW00094728","NY CITY CENTRAL PARK, NY US","2022-01-01","3.13",,"0.79","0.0","0.0",,"56","50","   60","   60","10.1","15.0","    1",,,,,,
"USW00094728","NY CITY CENTRAL PARK, NY US","2022-01-02","5.82",,"0.04","0.0","0.0",,"59","37","  300","  300","18.1","30.0","    1",,,,,,
"USW00094728","NY CITY CENTRAL PARK, NY US","2022-01-03","9.84",,"0.00","0.0","0.0",,"37","22","  350","  360","18.1","29.1",,,,,,,
"USW00094728","NY CITY CENTRAL PARK, NY US","2022-01-04","6.04",,"0.00","0.0","0.0",,"34","19","  300","  290","14.1","23.0",,,,,,,
"USW00094728","NY CITY CENTRAL PARK, NY US","2022-01-05","5.59",,"0.23","0.0","0.0",,"47","31","  220","  240","15.0","23.0","    1",,,,"    1",,
"USW00094728","NY CITY CENTRAL PARK, NY US","2022-01-06","6.49",,"0.00","0.0","0.0",,"41","34","  280","  270","17.0","27.1",,,,,,,
"USW00094728","NY CITY CENTRAL PARK, NY US","2022-01-07","8.72",,"0.38","5.8","5.9",,"34","25","   30","  270","18.1","29.1","    1","    1",,,,"    1",
"USW00094728","NY CITY CENTRAL PARK, NY US","2022-01-08","6.04",,"0.00","0.0","3.1",,"30","20","  310","  330","16.1","30.0",,,,,,,
"USW00094728","NY CITY CENTRAL PARK, NY US","2022-01-09","8.50",,"0.10","0.0","3.1",,"40","29","  240","  220","16.1","23.9","    1",,,,,,
"USW00094728","NY CITY CENTRAL PARK, NY US","2022-01-10","8.50",,"0.00","0.0","0.0",,"40","24","  300","  300","23.0","36.0",,,,,,,
"USW00094728","NY CITY CENTRAL PARK, NY US","2022-01-11","7.38",,"0.00","0.0","0.0",,"24","15","  300","  300","18.1","29.1","    1",,,,,,
"USW00094728","NY CITY CENTRAL PARK, NY US","2022-01-12","6.04",,"0.00","0.0","0.0",,"40","20","  210","  200","17.0","29.1",,,,,,,
"USW00094728","NY CITY CENTRAL PARK, NY US","2022-01-13","3.13",,"0.00","0.0","0.0",,"48","34","   60","   70","8.1","12.1",,,,,,,
"USW00094728","NY CITY CENTRAL PARK, NY US","2022-01-14","8.28",,"0.00","0.0","0.0",,"43","21","   10","   40","21.9","32.0",,,,,,,
"USW00094728","NY CITY CENTRAL PARK, NY US","2022-01-15","7.16",,"0.00","0.0","0.0",,"21","10","   10","   20","14.1","21.0",,,,,,,
"USW00094728","NY CITY CENTRAL PARK, NY US","2022-01-16","8.50",,"0.37","0.8","0.0",,"37","10","   60","   40","17.0","27.1","    1",,,,,,
"USW00094728","NY CITY CENTRAL PARK, NY US","2022-01-17","10.07",,"1.16","0.0","0.0",,"44","34","   50","   60","23.9","36.0","    1",,,,,,
"USW00094728","NY CITY CENTRAL PARK, NY US","2022-01-18","9.17",,"0.00","0.0","0.0",,"36","29","  300","  310","19.9","33.1",,,,,,,
"USW00094728","NY CITY CENTRAL PARK, NY US","2022-01-19","6.71",,"0.00","0.0","0.0",,"49","28","  240","  200","15.0","27.1",,,,,,,
"USW00094728","NY CITY CENTRAL PARK, NY US","2022-01-20","6.71",,"0.30","0.0","0.0",,"46","22","   10","   10","18.1","27.1","    1",,,,,,
"USW00094728","NY CITY CENTRAL PARK, NY US","2022-01-21","7.83",,"0.00","0.0","0.0",,"22","14","   20","   10","16.1","25.1",,,,,,,
"USW00094728","NY CITY CENTRAL PARK, NY US","2022-01-22","5.59",,"0.00","0.0","0.0",,"29","13","  250","   30","13.0","19.9",,,,,,,
"USW00094728","NY CITY CENTRAL PARK, NY US","2022-01-23","5.37",,"0.02","0.2","0.0",,"37","24","  240","  230","14.1","21.9","    1",,,,,"    1",
"USW00094728","NY CITY CENTRAL PARK, NY US","2022-01-24","4.25",,"0.00","0.0","0.0",,"36","26","  210","  210","15.0","19.9",,,,,,"    1",
"USW00094728","NY CITY CENTRAL PARK, NY US","2022-01-25","5.82",,"0.00","0.0","0.0",,"42","28","  280","  270","13.0","19.0",,,,,,"    1",
"USW00094728","NY CITY CENTRAL PARK, NY US","2022-01-26","6.26",,"0.00","0.0","0.0",,"28","20","  300","  300","16.1","23.0",,,,,,,
"USW00094728","NY CITY CENTRAL PARK, NY US","2022-01-27","5.37",,"0.00","0.0","0.0",,"32","17","  230","  240","15.0","19.9",,,,,,"    1",
"USW00094728","NY CITY CENTRAL PARK, NY US","2022-01-28","4.70",,"0.13","1.2","0.0",,"32","29","   40","   30","19.9","27.1","    1",,,,,"    1",
"USW00094728","NY CITY CENTRAL PARK, NY US","2022-01-29","12.53",,"0.77","7.3","5.9",,"29","12","  350","  350","23.0","32.0","    1","    1",,,,"    1",
"USW00094728","NY CITY CENTRAL PARK, NY US","2022-01-30","6.93",,"0.00","0.0","7.1",,"26","12","  300","  290","17.0","30.0",,,,,,,
"USW00094728","NY CITY CENTRAL PARK, NY US","2022-01-31","3.80",,"0.00","0.0","5.9",,"31","21","   60","   40","10.1","13.0",,,,,,,
"USW00094728","NY CITY CENTRAL PARK, NY US","2022-02-01","5.14",,"0.00","0.0","5.9",,"36","23","   50","   50","13.0","17.0",,,,,,,
"USW00094728","NY CITY CENTRAL PARK, NY US","2022-02-02","2.91",,"0.00","0.0","3.9",,"47","32","  140","  140","8.1","12.1","    1",,,,,,
"USW00094728","NY CITY CENTRAL PARK, NY US","2022-02-03","3.80",,"0.42","0.0","2.0",,"52","42","  230","  230","13.0","18.1","    1","    1",,,,,
"USW00094728","NY CITY CENTRAL PARK, NY US","2022-02-04","6.71",,"0.72","0.0","0.0",,"57","26","  340","  350","14.1","25.1","    1",,,,"    1",,
"USW00094728","NY CITY CENTRAL PARK, NY US","2022-02-05","8.72",,"0.00","0.0","0.0",,"27","19","  300","  300","19.9","28.0",,,,,,,
"USW00094728","NY CITY CENTRAL PARK, NY US","2022-02-06","4.70",,"0.00","0.0","0.0",,"30","17","   50","  130","10.1","15.0",,,,,,,
"USW00094728","NY CITY CENTRAL PARK, NY US","2022-02-07","3.58",,"0.15","0.0","0.0",,"37","30","   70","   60","13.0","18.1","    1",,,,,"    1",
"USW00094728","NY CITY CENTRAL PARK, NY US","2022-02-08","6.71",,"0.07","0.0","0.0",,"45","32","  270","  300","16.1","25.1","    1",,,,,,
"USW00094728","NY CITY CENTRAL PARK, NY US","2022-02-09","4.03",,"0.00","0.0","0.0",,"46","29","  180","  200","12.1","18.1",,,,,,,
"USW00094728","NY CITY CENTRAL PARK, NY US","2022-02-10","5.14",,"0.00","0.0","0.0",,"54","37","  280","  260","17.0","33.1",,,,,,,
"USW00094728","NY CITY CENTRAL PARK, NY US","2022-02-11","5.14",,"0.00","0.0","0.0",,"57","38","  190","  170","14.1","25.9",,,,,,,
"USW00094728","NY CITY CENTRAL PARK, NY US","2022-02-12","7.61",,"0.00","0.0","0.0",,"59","42","  230","  220","16.1","27.1",,,,,,,
"USW00094728","NY CITY CENTRAL PARK, NY US","2022-02-13","6.71",,"0.23","1.6","1.2",,"42","25","   10","   10","13.0","19.9","    1",,,,,"    1",
"USW00094728","NY CITY CENTRAL PARK, NY US","2022-02-14","8.72",,"0.00","0.0","1.2",,"25","16","  300","  290","17.0","28.0",,,,,,,
"USW00094728","NY CITY CENTRAL PARK, NY US","2022-02-15","4.92",,"0.00","0.0","0.0",,"30","16","  230","  280","10.1","17.0",,,,,,,
"USW00094728","NY CITY CENTRAL PARK, NY US","2022-02-16","5.82",,"0.00","0.0","0.0",,"49","28","  220","  200","14.1","25.1",,,,,,,
"USW00094728","NY CITY CENTRAL PARK, NY US","2022-02-17","7.38",,"0.31","0.0","0.0",,"68","49","  230","  190","16.1","25.1","    1",,,,,,
"USW00094728","NY CITY CENTRAL PARK, NY US","2022-02-18","9.62",,"0.33","0.0","0.0",,"63","27","  300","  280","21.9","40.0","    1",,,,,,
"USW00094728","NY CITY CENTRAL PARK, NY US","2022-02-19","8.28",,"0.00","0.0","0.0",,"40","23","  290","  280","21.0","38.0",,,,,,"    1",
"USW00094728","NY CITY CENTRAL PARK, NY US","2022-02-20","7.61",,"0.00","0.0","0.0",,"36","21","  310","  310","18.1","29.1",,,,,,,
"USW00094728","NY CITY CENTRAL PARK, NY US","2022-02-21","4.47",,"0.00","0.0","0.0",,"55","32","  220","  190","13.0","21.9",,,,,,,
"USW00094728","NY CITY CENTRAL PARK, NY US","2022-02-22","6.04",,"0.26","0.0","0.0",,"61","37","  160","  140","16.1","25.9","    1",,,,,"    1",
"USW00094728","NY CITY CENTRAL PARK, NY US","2022-02-23","8.28",,"0.00","0.0","0.0",,"68","35","  270","  280","21.9","31.1",,,,,,,
"USW00094728","NY CITY CENTRAL PARK, NY US","2022-02-24","7.61",,"0.00","0.0","0.0",,"35","29","   40","  290","16.1","23.0",,,,,,,
"USW00094728","NY CITY CENTRAL PARK, NY US","2022-02-25","8.28",,"0.74","0.4","0.0",,"41","26","   60","  280","19.9","25.9","    1",,,,"    1",,
"USW00094728","NY CITY CENTRAL PARK, NY US","2022-02-26","7.16",,"0.00","0.0","0.0",,"37","24","  300","  300","17.0","25.1",,,,,,"    1",
"USW00094728","NY CITY CENTRAL PARK, NY US","2022-02-27","9.62",,"0.00","0.0","0.0",,"48","28","  240","  360","19.9","29.1",,,,,,,
"USW00094728","NY CITY CENTRAL PARK, NY US","2022-02-28","5.82",,"0.00","0.0","0.0",,"36","26","  300","  300","15.0","25.1",,,,,,,
"USW00094728","NY CITY CENTRAL PARK, NY US","2022-03-01","5.82",,"0.00","0.0","0.0",,"48","31","  180","  200","14.1","23.9",,,,,,,
"USW00094728","NY CITY CENTRAL PARK, NY US","2022-03-02","5.37",,"0.00","0.0","0.0",,"52","40","  240","  250","13.0","21.0",,,,,,,
"USW00094728","NY CITY CENTRAL PARK, NY US","2022-03-03","9.62",,"0.03","0.0","0.0",,"48","24","  300","  320","18.1","30.0",,,,,,,
"USW00094728","NY CITY CENTRAL PARK, NY US","2022-03-04","5.37",,"0.00","0.0","0.0",,"37","21","  240","  230","13.0","21.0",,,,,,,
"USW00094728","NY CITY CENTRAL PARK, NY US","2022-03-05","3.58",,"0.00","0.0","0.0",,"46","32","  160","  130","13.0","21.0",,,,,,,
"USW00094728","NY CITY CENTRAL PARK, NY US","2022-03-06","5.37",,"0.06","0.0","0.0",,"68","43","  230","  220","15.0","23.0","    1",,,,,"    1",
"USW00094728","NY CITY CENTRAL PARK, NY US","2022-03-07","7.38",,"0.03","0.0","0.0",,"74","50","  280","  270","29.1","49.0",,,,,,,
"USW00094728","NY CITY CENTRAL PARK, NY US","2022-03-08","9.17",,"0.00","0.0","0.0",,"50","39","  310","  290","23.0","36.0",,,,,,,
"USW00094728","NY CITY CENTRAL PARK, NY US","2022-03-09","5.82",,"0.56","0.4","0.0",,"41","33","   80","   60","14.1","18.1","    1",,,,,,
"USW00094728","NY CITY CENTRAL PARK, NY US","2022-03-10","1.79",,"0.00","0.0","0.0",,"51","33","  140","   40","8.1","11.0","    1",,,,,"    1",
"USW00094728","NY CITY CENTRAL PARK, NY US","2022-03-11","4.47",,"0.00","0.0","0.0",,"55","40","  140","  150","13.0","23.0",,,,,,,
"USW00094728","NY CITY CENTRAL PARK, NY US","2022-03-12","9.84",,"0.50","0.0","0.0",,"48","24","  310","  320","25.9","44.1","    1",,,,,"    1",
"USW00094728","NY CITY CENTRAL PARK, NY US","2022-03-13","8.95",,"0.00","0.0","0.0",,"35","22","  280","  290","21.9","34.0",,,,,,"    1",
"USW00094728","NY CITY CENTRAL PARK, NY US","2022-03-14","5.59",,"0.00","0.0","0.0",,"56","33","  220","  210","15.0","25.9",,,,,,,
"USW00094728","NY CITY CENTRAL PARK, NY US","2022-03-15","4.92",,"0.00","0.0","0.0",,"68","46","  280","  240","13.0","19.9",,,,,,,
"USW00094728","NY CITY CENTRAL PARK, NY US","2022-03-16","4.47",,"0.00","0.0","0.0",,"67","48","  140","  160","13.0","19.9",,,,,,,
"USW00094728","NY CITY CENTRAL PARK, NY US","2022-03-17","5.59",,"0.08","0.0","0.0",,"53","45","   60","   50","14.1","19.0","    1","    1",,,,"    1",
"USW00094728","NY CITY CENTRAL PARK, NY US","2022-03-18","4.92",,"0.00","0.0","0.0",,"74","50","  150","  160","12.1","19.0","    1",,,,,"    1",
"USW00094728","NY CITY CENTRAL PARK, NY US","2022-03-19","2.68",,"0.05","0.0","0.0",,"70","49","  290","  290","14.1","19.9","    1",,"    1",,,"    1",
"USW00094728","NY CITY CENTRAL PARK, NY US","2022-03-20","8.05",,"0.00","0.0","0.0",,"61","46","  300","  310","18.1","31.1",,,,,,,
"USW00094728","NY CITY CENTRAL PARK, NY US","2022-03-21","8.05",,"0.00","0.0","0.0",,"62","44","  310","  280","17.0","27.1",,,,,,"    1",
"USW00094728","NY CITY CENTRAL PARK, NY US","2022-03-22","7.38",,"0.00","0.0","0.0",,"58","43","  310","  300","16.1","25.1",,,,,,,
"USW00094728","NY CITY CENTRAL PARK, NY US","2022-03-23","7.61",,"0.06","0.0","0.0",,"49","38","   60","   50","16.1","21.9","    1",,,,,,
"USW00094728","NY CITY CENTRAL PARK, NY US","2022-03-24","11.41",,"0.93","0.0","0.0",,"47","38","   60","   60","21.9","31.1","    1",,,,,,
"USW00094728","NY CITY CENTRAL PARK, NY US","2022-03-25","4.25",,"0.02","0.0","0.0",,"60","44","  240","  240","18.1","30.0","    1",,,,,,
"USW00094728","NY CITY CENTRAL PARK, NY US","2022-03-26","6.04",,"0.00","0.0","0.0",,"53","42","  270","  290","14.1","23.0",,,"    1",,,,
"USW00094728","NY CITY CENTRAL PARK, NY US","2022-03-27","10.51",,"0.00","0.0","0.0",,"46","28","  310","  310","21.0","35.1",,,,,,,
"USW00094728","NY CITY CENTRAL PARK, NY US","2022-03-28","12.30",,"0.00","0.0","0.0",,"33","23","  270","  300","23.0","35.1",,,,,,,
"USW00094728","NY CITY CENTRAL PARK, NY US","2022-03-29","10.51",,"0.00","0.0","0.0",,"38","24","  310","  300","19.9","29.1",,,,,,,
"USW00094728","NY CITY CENTRAL PARK, NY US","2022-03-30","4.70",,"0.00","0.0","0.0",,"47","29","  160","  150","12.1","17.0",,,,,,,
"USW00094728","NY CITY CENTRAL PARK, NY US","2022-03-31","4.92",,"0.07","0.0","0.0",,"66","45","  210","  200","14.1","27.1","    1",,,,,"    1",
"USW00094728","NY CITY CENTRAL PARK, NY US","2022-04-01","8.72",,"0.28","0.0","0.0",,"61","43","  280","  290","21.9","34.0","    1",,,,,,
"USW00094728","NY CITY CENTRAL PARK, NY US","2022-04-02","6.26",,"0.00","0.0","0.0",,"54","38","  300","  300","19.9","30.0",,,,,,,
"USW00094728","NY CITY CENTRAL PARK, NY US","2022-04-03","4.03",,"0.12","0.0","0.0",,"48","40","  300","  290","14.1","23.0","    1",,,,,,
"USW00094728","NY CITY CENTRAL PARK, NY US","2022-04-04","6.71",,"0.00","0.0","0.0",,"54","39","  310","  310","16.1","21.9",,,,,,,
"USW00094728","NY CITY CENTRAL PARK, NY US","2022-04-05","3.36",,"0.04","0.0","0.0",,"57","45","  150","  170","13.0","18.1","    1",,,,,,
"USW00094728","NY CITY CENTRAL PARK, NY US","2022-04-06","10.74",,"0.45","0.0","0.0",,"53","44","   80","   40","21.9","36.9","    1",,,,,,
"USW00094728","NY CITY CENTRAL PARK, NY US","2022-04-07","7.38",,"1.12","0.0","0.0",,"54","45","  120","  120","18.1","31.1","    1",,"    1",,,"    1",
"USW00094728","NY CITY CENTRAL PARK, NY US","2022-04-08","6.71",,"0.03","0.0","0.0",,"65","49","  240","  230","15.0","23.9","    1",,,,,,
"USW00094728","NY CITY CENTRAL PARK, NY US","2022-04-09","4.92",,"0.05","0.0","0.0",,"55","47","  280","  220","17.0","28.0",,,,,,"    1",
"USW00094728","NY CITY CENTRAL PARK, NY US","2022-04-10","9.62",,"0.00","0.0","0.0",,"50","42","  300","  300","21.0","32.0",,,,,,,
"USW00094728","NY CITY CENTRAL PARK, NY US","2022-04-11","4.92",,"0.00","0.0","0.0",,"61","40","  300","  190","12.1","17.0",,,,,,,
"USW00094728","NY CITY CENTRAL PARK, NY US","2022-04-12","3.80",,"0.07","0.0","0.0",,"72","50","  310","  300","12.1","18.1","    1",,,,,,
"USW00094728","NY CITY CENTRAL PARK, NY US","2022-04-13","3.80",,"0.00","0.0","0.0",,"71","55","  170","  170","14.1","19.0",,,,,,,
"USW00094728","NY CITY CENTRAL PARK, NY US","2022-04-14","4.70",,"0.06","0.0","0.0",,"79","57","  290","  320","16.1","25.9",,,"    1",,,"    1",
"USW00094728","NY CITY CENTRAL PARK, NY US","2022-04-15","5.82",,"0.00","0.0","0.0",,"70","52","  190","  200","15.0","25.1",,,,,,,
"USW00094728","NY CITY CENTRAL PARK, NY US","2022-04-16","6.26",,"0.20","0.0","0.0",,"73","44","  350","  220","14.1","25.9","    1",,,,,,
"USW00094728","NY CITY CENTRAL PARK, NY US","2022-04-17","6.93",,"0.00","0.0","0.0",,"51","41","  300","  320","18.1","29.1",,,,,,,
"USW00094728","NY CITY CENTRAL PARK, NY US","2022-04-18","7.61",,"0.85","0.0","0.0",,"54","39","   70","   70","21.0","32.0","    1",,,,,,
"USW00094728","NY CITY CENTRAL PARK, NY US","2022-04-19","10.51",,"1.24","0.0","0.0",,"50","39","   60","   50","25.1","36.9","    1",,,,,,
"USW00094728","NY CITY CENTRAL PARK, NY US","2022-04-20","6.26",,"0.00","0.0","0.0",,"60","42","  300","  300","19.9","29.1",,,,,,,
"USW00094728","NY CITY CENTRAL PARK, NY US","2022-04-21","6.04",,"0.00","0.0","0.0",,"59","44","  180","  140","16.1","25.1",,,,,,,
"USW00094728","NY CITY CENTRAL PARK, NY US","2022-04-22","6.26",,"0.00","0.0","0.0",,"70","53","  300","  320","15.0","23.9",,,,,,,
"USW00094728","NY CITY CENTRAL PARK, NY US","2022-04-23","5.14",,"0.00","0.0","0.0",,"65","51","  170","  190","10.1","17.0",,,,,,"    1",
"USW00094728","NY CITY CENTRAL PARK, NY US","2022-04-24","5.37",,"0.00","0.0","0.0",,"63","48","   60","  130","14.1","21.0",,,,,,,
"USW00094728","NY CITY CENTRAL PARK, NY US","2022-04-25","4.92",,"0.00","0.0","0.0",,"58","46","  130","  120","12.1","18.1",,,,,,,
"USW00094728","NY CITY CENTRAL PARK, NY US","2022-04-26","3.36",,"0.02","0.0","0.0",,"60","52","   50","  120","10.1","18.1","    1",,,,,"    1",
"USW00094728","NY CITY CENTRAL PARK, NY US","2022-04-27","10.51",,"0.00","0.0","0.0",,"58","41","  300","  320","19.9","32.0",,,,,,,
"USW00094728","NY CITY CENTRAL PARK, NY US","2022-04-28","10.29",,"0.00","0.0","0.0",,"58","40","  300","  320","21.0","34.0",,,,,,,
"USW00094728","NY CITY CENTRAL PARK, NY US","2022-04-29","7.83",,"0.00","0.0","0.0",,"63","41","  300","  300","18.1","25.9",,,,,,,
"USW00094728","NY CITY CENTRAL PARK, NY US","2022-04-30","2.91",,"0.00","0.0","0.0",,"68","44","  300","  360","13.0","19.9",,,,,,,
"USW00094728","NY CITY CENTRAL PARK, NY US","2022-05-01","3.13",,"0.00","0.0","0.0",,"69","47","  130","  130","13.0","19.9",,,,,,,
"USW00094728","NY CITY CENTRAL PARK, NY US","2022-05-02","4.70",,"0.23","0.0","0.0",,"56","51","   60","  260","12.1","17.0","    1",,"    1",,,,
"USW00094728","NY CITY CENTRAL PARK, NY US","2022-05-03","5.82",,"0.00","0.0","0.0",,"62","51","   80","   50","13.0","19.0",,,,,,,
"USW00094728","NY CITY CENTRAL PARK, NY US","2022-05-04","2.46",,"0.08","0.0","0.0",,"65","50","   10","   90","8.9","16.1","    1",,,,,"    1",
"USW00094728","NY CITY CENTRAL PARK, NY US","2022-05-05","4.25",,"0.00","0.0","0.0",,"74","56","   50","   20","14.1","19.0",,,,,,,
"USW00094728","NY CITY CENTRAL PARK, NY US","2022-05-06","3.58",,"0.69","0.0","0.0",,"61","49","   50","   50","13.0","19.9","    1",,,,,,
"USW00094728","NY CITY CENTRAL PARK, NY US","2022-05-07","10.96",,"0.92","0.0","0.0",,"50","45","   60","   50","21.9","34.0","    1",,,,,,
"USW00094728","NY CITY CENTRAL PARK, NY US","2022-05-08","11.18",,"0.00","0.0","0.0",,"58","45","   60","   60","23.9","31.1",,,,,,,
"USW00094728","NY CITY CENTRAL PARK, NY US","2022-05-09","11.41",,"0.00","0.0","0.0",,"70","47","   60","   60","21.0","30.0",,,,,,,
"USW00094728","NY CITY CENTRAL PARK, NY US","2022-05-10","10.07",,"0.00","0.0","0.0",,"73","51","   50","   50","23.0","30.0",,,,,,,
"USW00094728","NY CITY CENTRAL PARK, NY US","2022-05-11","5.59",,"0.00","0.0","0.0",,"75","53","   50","   50","18.1","25.1",,,,,,,
"USW00094728","NY CITY CENTRAL PARK, NY US","2022-05-12","4.92",,"0.00","0.0","0.0",,"75","58","   50","   80","14.1","19.9","    1",,,,,,
"USW00094728","NY CITY CENTRAL PARK, NY US","2022-05-13","4.25",,"0.03","0.0","0.0",,"72","57","   70","   60","14.1","19.0","    1",,,,,"    1",
"USW00094728","NY CITY CENTRAL PARK, NY US","2022-05-14","2.91",,"0.22","0.0","0.0",,"72","60","  150","  130","8.1","14.1","    1",,,,,"    1",
"USW00094728","NY CITY CENTRAL PARK, NY US","2022-05-15","2.24",,"0.10","0.0","0.0",,"76","60","  220","  180","8.9","16.1","    1",,,,,,
"USW00094728","NY CITY CENTRAL PARK, NY US","2022-05-16","4.92",,"0.12","0.0","0.0",,"75","61","  270","  250","15.0","23.0","    1",,"    1",,,"    1",
"USW00094728","NY CITY CENTRAL PARK, NY US","2022-05-17","6.93",,"0.00","0.0","0.0",,"77","57","  290","  290","19.9","33.1",,,,,,,
"USW00094728","NY CITY CENTRAL PARK, NY US","2022-05-18","4.03",,"0.01","0.0","0.0",,"72","55","  300","  290","14.1","19.9",,,,,,,
"USW00094728","NY CITY CENTRAL PARK, NY US","2022-05-19","2.46",,"0.73","0.0","0.0",,"66","54","  230","  140","8.9","15.0","    1",,,,,"    1",
"USW00094728","NY CITY CENTRAL PARK, NY US","2022-05-20","3.58",,"0.40","0.0","0.0",,"69","55","  120","  130","10.1","17.0","    1","    1","    1",,,"    1",
"USW00094728","NY CITY CENTRAL PARK, NY US","2022-05-21","1.57",,"0.00","0.0","0.0",,"90","62","  230","  230","8.9","14.1","    1","    1",,,,"    1",
"USW00094728","NY CITY CENTRAL PARK, NY US","2022-05-22","4.03",,"0.00","0.0","0.0",,"89","72","  310","  310","14.1","21.0",,,,,,,
"USW00094728","NY CITY CENTRAL PARK, NY US","2022-05-23","6.71",,"0.00","0.0","0.0",,"73","61","   50","   40","16.1","23.9",,,,,,,
"USW00094728","NY CITY CENTRAL PARK, NY US","2022-05-24","4.70",,"0.00","0.0","0.0",,"67","57","   60","   60","16.1","21.0",,,,,,,
"USW00094728","NY CITY CENTRAL PARK, NY US","2022-05-25","2.91",,"0.00","0.0","0.0",,"70","53","  150","  130","8.9","16.1",,,,,,,
"USW00094728","NY CITY CENTRAL PARK, NY US","2022-05-26","3.58",,"0.00","0.0","0.0",,"70","54","  140","  120","12.1","19.0",,,,,,,
"USW00094728","NY CITY CENTRAL PARK, NY US","2022-05-27","2.91",,"0.27","0.0","0.0",,"80","65","  210","  170","12.1","19.9","    1",,"    1",,,,
"USW00094728","NY CITY CENTRAL PARK, NY US","2022-05-28","3.36",,"0.72","0.0","0.0",,"74","63","  260","  240","21.0","42.9","    1","    1","    1",,,,
"USW00094728","NY CITY CENTRAL PARK, NY US","2022-05-29","1.79",,"0.00","0.0","0.0",,"77","59","  250","  150","8.1","14.1",,,,,,,
"USW00094728","NY CITY CENTRAL PARK, NY US","2022-05-30","2.91",,"0.00","0.0","0.0",,"84","63","  240","  130","8.9","17.0",,,,,,,
"USW00094728","NY CITY CENTRAL PARK, NY US","2022-05-31","4.92",,"0.00","0.0","0.0",,"93","65","   60","   70","15.0","19.9",,,,,,,
"USW00094728","NY CITY CENTRAL PARK, NY US","2022-06-01","6.49",,"0.71","0.0","0.0",,"72","60","   60","   60","16.1","21.0","    1",,"    1",,,,
"USW00094728","NY CITY CENTRAL PARK, NY US","2022-06-02","3.13",,"0.45","0.0","0.0",,"79","62","  360","  350","13.0","21.9","    1",,,,,,
"USW00094728","NY CITY CENTRAL PARK, NY US","2022-06-03","3.58",,"0.00","0.0","0.0",,"76","62","   50","   50","8.1","12.1","    1",,,,,,
"USW00094728","NY CITY CENTRAL PARK, NY US","2022-06-04","2.24",,"0.00","0.0","0.0",,"80","61","  340","  170","8.9","14.1",,,,,,,
"USW00094728","NY CITY CENTRAL PARK, NY US","2022-06-05","3.58",,"0.00","0.0","0.0",,"77","57","   40","   40","12.1","18.1",,,,,,,
"USW00094728","NY CITY CENTRAL PARK, NY US","2022-06-06","4.25",,"0.00","0.0","0.0",,"80","63","  220","  220","12.1","19.9",,,,,,,
"USW00094728","NY CITY CENTRAL PARK, NY US","2022-06-07","5.59",,"0.08","0.0","0.0",,"78","63","  150","  180","13.0","23.9",,,,,,,
"USW00094728","NY CITY CENTRAL PARK, NY US","2022-06-08","4.47",,"0.03","0.0","0.0",,"82","66","  280","  280","12.1","18.1","    1",,,,,,
"USW00094728","NY CITY CENTRAL PARK, NY US","2022-06-09","6.71",,"0.83","0.0","0.0",,"81","65","  240","  250","18.1","29.1","    1",,"    1",,,,
"USW00094728","NY CITY CENTRAL PARK, NY US","2022-06-10","5.59",,"0.00","0.0","0.0",,"77","63","  260","  240","14.1","21.0",,,,,,"    1",
"USW00094728","NY CITY CENTRAL PARK, NY US","2022-06-11","3.13",,"0.00","0.0","0.0",,"74","66","  230","  230","8.9","14.1",,,,,,,
"USW00094728","NY CITY CENTRAL PARK, NY US","2022-06-12","2.68",,"0.05","0.0","0.0",,"72","63","  130","  130","8.9","17.0","    1",,,,,,
"USW00094728","NY CITY CENTRAL PARK, NY US","2022-06-13","2.46",,"0.00","0.0","0.0",,"85","68","  310","  240","10.1","19.0","    1",,,,,,
"USW00094728","NY CITY CENTRAL PARK, NY US","2022-06-14","4.25",,"0.00","0.0","0.0",,"81","68","   50","   50","10.1","15.0",,,,,,,
"USW00094728","NY CITY CENTRAL PARK, NY US","2022-06-15","3.58",,"0.00","0.0","0.0",,"83","66","   60","   50","14.1","21.0",,,,,,"    1",
"USW00094728","NY CITY CENTRAL PARK, NY US","2022-06-16","3.36",,"0.32","0.0","0.0",,"71","61","  200","  180","10.1","19.9","    1",,,,,,
"USW00094728","NY CITY CENTRAL PARK, NY US","2022-06-17","6.26",,"0.00","0.0","0.0",,"88","69","  270","  250","17.0","29.1",,,,,,,
"USW00094728","NY CITY CENTRAL PARK, NY US","2022-06-18","8.72",,"0.00","0.0","0.0",,"75","58","  300","  290","18.1","32.0",,,,,,,
"USW00094728","NY CITY CENTRAL PARK, NY US","2022-06-19","6.93",,"0.00","0.0","0.0",,"73","54","  300","  300","16.1","27.1",,,,,,,
"USW00094728","NY CITY CENTRAL PARK, NY US","2022-06-20","3.58",,"0.00","0.0","0.0",,"78","57","  300","  280","12.1","17.0",,,,,,,
"USW00094728","NY CITY CENTRAL PARK, NY US","2022-06-21","2.46",,"0.06","0.0","0.0",,"80","63","   70","   70","8.9","13.0","    1",,,,,,
"USW00094728","NY CITY CENTRAL PARK, NY US","2022-06-22","4.92",,"0.02","0.0","0.0",,"67","62","  130","  120","12.1","21.0","    1",,,,,"    1",
"USW00094728","NY CITY CENTRAL PARK, NY US","2022-06-23","3.13",,"0.08","0.0","0.0",,"74","61","  120","  130","12.1","19.0","    1",,,,,,
"USW00094728","NY CITY CENTRAL PARK, NY US","2022-06-24","2.91",,"0.00","0.0","0.0",,"81","63","  240","  160","8.1","16.1","    1",,,,,"    1",
"USW00094728","NY CITY CENTRAL PARK, NY US","2022-06-25","2.24",,"0.00","0.0","0.0",,"90","69","  290","  300","8.9","13.0",,,,,,,
"USW00094728","NY CITY CENTRAL PARK, NY US","2022-06-26","3.58",,"0.00","0.0","0.0",,"89","74","  140","  190","12.1","19.9",,,,,,,
"USW00094728","NY CITY CENTRAL PARK, NY US","2022-06-27","2.91",,"0.29","0.0","0.0",,"77","69","  230","  230","12.1","17.0","    1",,,,,"    1",
"USW00094728","NY CITY CENTRAL PARK, NY US","2022-06-28","2.46",,"0.00","0.0","0.0",,"79","66","  300","  290","12.1","15.0",,,,,,,
"USW00094728","NY CITY CENTRAL PARK, NY US","2022-06-29","2.01",,"0.00","0.0","0.0",,"84","66","  250","  230","10.1","18.1",,,,,,"    1",
"USW00094728","NY CITY CENTRAL PARK, NY US","2022-06-30","2.91",,"0.00","0.0","0.0",,"86","69","  270","  260","10.1","17.0",,,,,,,
"USW00094728","NY CITY CENTRAL PARK, NY US","2022-07-01","3.80",,"0.00","0.0","0.0",,"91","73","  240","  210","12.1","18.1",,,,,,"    1",
"USW00094728","NY CITY CENTRAL PARK, NY US","2022-07-02","3.13",,"0.00","0.0","0.0",,"87","73","  280","  210","10.1","19.0",,,,,,,
"USW00094728","NY CITY CENTRAL PARK, NY US","2022-07-03","3.80",,"0.00","0.0","0.0",,"88","73","  280","  270","10.1","17.0",,,,,,,
"USW00094728","NY CITY CENTRAL PARK, NY US","2022-07-04","2.68",,"0.00","0.0","0.0",,"85","65","  270","  250","8.9","16.1",,,,,,"    1",
"USW00094728","NY CITY CENTRAL PARK, NY US","2022-07-05","4.47",,"0.09","0.0","0.0",,"87","70","  200","  170","12.1","19.9","    1",,,,,,
"USW00094728","NY CITY CENTRAL PARK, NY US","2022-07-06","5.14",,"0.00","0.0","0.0",,"85","71","   50","  300","13.0","19.9","    1",,,,,"    1",
"USW00094728","NY CITY CENTRAL PARK, NY US","2022-07-07","4.92",,"0.00","0.0","0.0",,"84","69","   70","   70","12.1","17.0",,,,,,,
"USW00094728","NY CITY CENTRAL PARK, NY US","2022-07-08","1.34",,"0.24","0.0","0.0",,"83","68","  290","  290","8.1","13.0","    1",,,,,,
"USW00094728","NY CITY CENTRAL PARK, NY US","2022-07-09","2.91",,"0.00","0.0","0.0",,"85","71","   60","   50","10.1","16.1",,,,,,,
"USW00094728","NY CITY CENTRAL PARK, NY US","2022-07-10","5.82",,"0.00","0.0","0.0",,"83","67","   60","   60","14.1","18.1",,,,,,,
"USW00094728","NY CITY CENTRAL PARK, NY US","2022-07-11","5.14",,"0.00","0.0","0.0",,"85","67","  210","  220","13.0","21.9",,,,,,"    1",
"USW00094728","NY CITY CENTRAL PARK, NY US","2022-07-12","5.82",,"0.00","0.0","0.0",,"90","70","  240","  250","15.0","21.9",,,,,,,
"USW00094728","NY CITY CENTRAL PARK, NY US","2022-07-13","2.68",,"0.00","0.0","0.0",,"91","74","  290","  180","8.9","16.1",,,,,,,
"USW00094728","NY CITY CENTRAL PARK, NY US","2022-07-14","3.80",,"0.00","0.0","0.0",,"90","72","  300","  310","12.1","18.1",,,,,,,
"USW00094728","NY CITY CENTRAL PARK, NY US","2022-07-15","4.47",,"0.00","0.0","0.0",,"86","73","   70","   60","12.1","18.1",,,,,,,
"USW00094728","NY CITY CENTRAL PARK, NY US","2022-07-16","2.68",,"1.11","0.0","0.0",,"85","66","   50","   60","19.9","30.0","    1","    1","    1",,,"    1",
"USW00094728","NY CITY CENTRAL PARK, NY US","2022-07-17","2.46",,"0.00","0.0","0.0",,"83","71","  240","  230","12.1","17.0",,,,,,,
"USW00094728","NY CITY CENTRAL PARK, NY US","2022-07-18","2.91",,"1.85","0.0","0.0",,"81","69","   60","  290","16.1","23.9","    1","    1",,,,,
"USW00094728","NY CITY CENTRAL PARK, NY US","2022-07-19","5.14",,"0.00","0.0","0.0",,"90","73","  260","  260","13.0","19.0",,,,,,,
"USW00094728","NY CITY CENTRAL PARK, NY US","2022-07-20","4.03",,"0.00","0.0","0.0",,"95","78","  220","  230","10.1","16.1",,,,,,,
"USW00094728","NY CITY CENTRAL PARK, NY US","2022-07-21","4.03",,"0.16","0.0","0.0",,"92","74","   40","  300","14.1","29.1","    1",,"    1",,,,
"USW00094728","NY CITY CENTRAL PARK, NY US","2022-07-22","2.68",,"0.00","0.0","0.0",,"94","78","  280","  280","10.1","17.0",,,,,,,
"USW00094728","NY CITY CENTRAL PARK, NY US","2022-07-23","2.01",,"0.00","0.0","0.0",,"95","78","  230","  210","10.1","17.0",,,,,,,
"USW00094728","NY CITY CENTRAL PARK, NY US","2022-07-24","4.92",,"0.00","0.0","0.0",,"95","79","  240","  230","13.0","21.0",,,,,,,
"USW00094728","NY CITY CENTRAL PARK, NY US","2022-07-25","4.70",,"0.98","0.0","0.0",,"86","73","  300","  280","17.0","27.1","    1","    1","    1",,,,
"USW00094728","NY CITY CENTRAL PARK, NY US","2022-07-26","3.80",,"0.00","0.0","0.0",,"81","71","   50","   50","13.0","19.9",,,,,,,
"USW00094728","NY CITY CENTRAL PARK, NY US","2022-07-27","2.24",,"0.00","0.0","0.0",,"85","70","  140","  130","8.1","15.0",,,,,,,
"USW00094728","NY CITY CENTRAL PARK, NY US","2022-07-28","3.80",,"0.02","0.0","0.0",,"87","73","  250","  190","12.1","17.0","    1",,,,,,
"USW00094728","NY CITY CENTRAL PARK, NY US","2022-07-29","3.36",,"0.10","0.0","0.0",,"85","72","  230","  230","13.0","19.9","    1",,,,,,
"USW00094728","NY CITY CENTRAL PARK, NY US","2022-07-30","4.70",,"0.00","0.0","0.0",,"87","73","  310","  270","14.1","21.0",,,,,,,
"USW00094728","NY CITY CENTRAL PARK, NY US","2022-07-31","2.01",,"0.00","0.0","0.0",,"86","71","  170","  170","8.1","14.1",,,,,,,
"USW00094728","NY CITY CENTRAL PARK, NY US","2022-08-01","2.68",,"0.48","0.0","0.0",,"77","68","   60","   40","8.9","14.1","    1",,,,,"    1",
"USW00094728","NY CITY CENTRAL PARK, NY US","2022-08-02","3.58",,"0.00","0.0","0.0",,"90","72","  240","  270","12.1","16.1",,,,,,,
"USW00094728","NY CITY CENTRAL PARK, NY US","2022-08-03","3.13",,"0.00","0.0","0.0",,"89","71","  230","  130","8.9","14.1",,,,,,,
"USW00094728","NY CITY CENTRAL PARK, NY US","2022-08-04","3.58",,"0.00","0.0","0.0",,"93","76","  140","  130","12.1","19.9",,,,,,,
"USW00094728","NY CITY CENTRAL PARK, NY US","2022-08-05","3.36",,"0.00","0.0","0.0",,"89","78","  230","  220","10.1","14.1",,,,,,,
"USW00094728","NY CITY CENTRAL PARK, NY US","2022-08-06","4.03",,"0.00","0.0","0.0",,"92","77","  240","  240","13.0","23.0",,,,,,,
"USW00094728","NY CITY CENTRAL PARK, NY US","2022-08-07","5.59",,"0.16","0.0","0.0",,"92","76","  260","  250","14.1","25.9","    1",,"    1",,,,
"USW00094728","NY CITY CENTRAL PARK, NY US","2022-08-08","5.37",,"0.00","0.0","0.0",,"93","79","  250","   99","8.9","18.1",,,,,,,
"USW00094728","NY CITY CENTRAL PARK, NY US","2022-08-09","4.92",,"0.03","0.0","0.0",,"97","78","  240","   10","14.1","23.0",,,"    1",,,,
"USW00094728","NY CITY CENTRAL PARK, NY US","2022-08-10","3.58",,"0.00","0.0","0.0",,"87","75","  140","  170","8.9","15.0",,,,,,,
"USW00094728","NY CITY CENTRAL PARK, NY US","2022-08-11","2.24",,"0.11","0.0","0.0",,"89","72","  260","  270","10.1","15.0","    1",,,,,,
"USW00094728","NY CITY CENTRAL PARK, NY US","2022-08-12","5.59",,"0.00","0.0","0.0",,"85","71","   60","   10","14.1","21.0",,,,,,,
"USW00094728","NY CITY CENTRAL PARK, NY US","2022-08-13","4.47",,"0.00","0.0","0.0",,"79","65","   50","   50","14.1","21.0",,,,,,,
"USW00094728","NY CITY CENTRAL PARK, NY US","2022-08-14","2.68",,"0.00","0.0","0.0",,"82","66","  130","  130","8.9","16.1",,,,,,,
"USW00094728","NY CITY CENTRAL PARK, NY US","2022-08-15","1.79",,"0.00","0.0","0.0",,"83","68","  200","  200","8.9","16.1",,,,,,,
"USW00094728","NY CITY CENTRAL PARK, NY US","2022-08-16","5.59",,"0.00","0.0","0.0",,"83","66","   60","   40","17.0","21.9",,,,,,,
"USW00094728","NY CITY CENTRAL PARK, NY US","2022-08-17","3.36",,"0.34","0.0","0.0",,"81","63","   50","   40","16.1","25.1","    1",,"    1",,,"    1",
"USW00094728","NY CITY CENTRAL PARK, NY US","2022-08-18","2.91",,"0.00","0.0","0.0",,"87","62","  280","  270","10.1","16.1",,,,,,,
"USW00094728","NY CITY CENTRAL PARK, NY US","2022-08-19","3.58",,"0.00","0.0","0.0",,"90","69","  180","  220","10.1","19.0",,,,,,,
"USW00094728","NY CITY CENTRAL PARK, NY US","2022-08-20","2.91",,"0.00","0.0","0.0",,"90","74","  140","  170","12.1","19.0",,,,,,,
"USW00094728","NY CITY CENTRAL PARK, NY US","2022-08-21","2.68",,"0.00","0.0","0.0",,"82","72","  130","  130","8.9","15.0",,,,,,,
"USW00094728","NY CITY CENTRAL PARK, NY US","2022-08-22","2.68",,"0.23","0.0","0.0",,"79","73","   60","  130","8.9","13.0","    1",,,,,,
"USW00094728","NY CITY CENTRAL PARK, NY US","2022-08-23","2.91",,"0.00","0.0","0.0",,"86","72","  280","  280","13.0","18.1","    1",,,,,"    1",
"USW00094728","NY CITY CENTRAL PARK, NY US","2022-08-24","3.80",,"0.00","0.0","0.0",,"90","71","  240","  260","10.1","16.1",,,,,,,
"USW00094728","NY CITY CENTRAL PARK, NY US","2022-08-25","2.46",,"0.00","0.0","0.0",,"91","72","  200","  170","8.1","14.1",,,,,,,
"USW00094728","NY CITY CENTRAL PARK, NY US","2022-08-26","2.91",,"0.24","0.0","0.0",,"87","74","  270","  190","8.9","16.1","    1","    1","    1",,,,
"USW00094728","NY CITY CENTRAL PARK, NY US","2022-08-27","3.80",,"0.00","0.0","0.0",,"90","74","   60","  210","10.1","14.1",,,,,,,
"USW00094728","NY CITY CENTRAL PARK, NY US","2022-08-28","5.14",,"0.00","0.0","0.0",,"82","73","   60","   60","10.1","17.0",,,,,,,
"USW00094728","NY CITY CENTRAL PARK, NY US","2022-08-29","2.91",,"0.00","0.0","0.0",,"85","75","  140","  170","10.1","19.0",,,,,,,
"USW00094728","NY CITY CENTRAL PARK, NY US","2022-08-30","4.25",,"0.12","0.0","0.0",,"89","73","  240","  230","13.0","23.9","    1",,,,,,
"USW00094728","NY CITY CENTRAL PARK, NY US","2022-08-31","5.14",,"0.00","0.0","0.0",,"85","69","  290","  270","13.0","19.9","    1",,,,,,
"USW00094728","NY CITY CENTRAL PARK, NY US","2022-09-01","4.03",,"0.00","0.0","0.0",,"86","69","  310","  300","14.1","21.0",,,,,,"    1",
"USW00094728","NY CITY CENTRAL PARK, NY US","2022-09-02","3.80",,"0.00","0.0","0.0",,"79","62","   50","   50","12.1","16.1",,,,,,,
"USW00094728","NY CITY CENTRAL PARK, NY US","2022-09-03","2.24",,"0.00","0.0","0.0",,"82","65","  150","  120","6.9","14.1",,,,,,,
"USW00094728","NY CITY CENTRAL PARK, NY US","2022-09-04","2.68",,"0.00","0.0","0.0",,"90","71","  250","  290","10.1","14.1",,,,,,,
"USW00094728","NY CITY CENTRAL PARK, NY US","2022-09-05","2.01",,"0.06","0.0","0.0",,"88","73","  180","  190","8.9","17.0","    1",,,,,,
"USW00094728","NY CITY CENTRAL PARK, NY US","2022-09-06","3.80",,"0.78","0.0","0.0",,"74","67","   50","   70","15.0","21.9","    1",,,,,,
"USW00094728","NY CITY CENTRAL PARK, NY US","2022-09-07","6.49",,"0.00","0.0","0.0",,"72","65","   60","   50","14.1","18.1","    1",,,,,,
"USW00094728","NY CITY CENTRAL PARK, NY US","2022-09-08","4.03",,"0.00","0.0","0.0",,"78","65","   60","   60","12.1","16.1",,,,,,,
"USW00094728","NY CITY CENTRAL PARK, NY US","2022-09-09","3.58",,"0.00","0.0","0.0",,"80","62","   70","   90","10.1","14.1",,,,,,,
"USW00094728","NY CITY CENTRAL PARK, NY US","2022-09-10","2.46",,"0.00","0.0","0.0",,"86","64","  250","  250","8.1","13.0",,,,,,,
"USW00094728","NY CITY CENTRAL PARK, NY US","2022-09-11","2.68",,"0.32","0.0","0.0",,"76","67","  250","  270","8.9","13.0","    1",,,,,,
"USW00094728","NY CITY CENTRAL PARK, NY US","2022-09-12","1.34",,"0.81","0.0","0.0",,"81","68","  120","  130","8.9","17.0","    1","    1","    1",,,,
"USW00094728","NY CITY CENTRAL PARK, NY US","2022-09-13","3.80",,"0.41","0.0","0.0",,"82","68","  280","  230","12.1","21.0","    1",,"    1",,,,
"USW00094728","NY CITY CENTRAL PARK, NY US","2022-09-14","5.59",,"0.00","0.0","0.0",,"80","62","  300","  310","13.0","19.9",,,,,,,
"USW00094728","NY CITY CENTRAL PARK, NY US","2022-09-15","5.82",,"0.00","0.0","0.0",,"74","62","   50","   20","12.1","19.0",,,,,,,
"USW00094728","NY CITY CENTRAL PARK, NY US","2022-09-16","2.01",,"0.00","0.0","0.0",,"75","57","   70","   60","10.1","13.0",,,,,,,
"USW00094728","NY CITY CENTRAL PARK, NY US","2022-09-17","4.70",,"0.00","0.0","0.0",,"76","64","   60","   60","10.1","17.0",,,,,,,
"USW00094728","NY CITY CENTRAL PARK, NY US","2022-09-18","5.59",,"0.00","0.0","0.0",,"83","67","  240","  210","13.0","21.0",,,,,,,
"USW00094728","NY CITY CENTRAL PARK, NY US","2022-09-19","3.58",,"0.14","0.0","0.0",,"85","68","  270","  280","21.9","44.1","    1",,"    1",,,,
"USW00094728","NY CITY CENTRAL PARK, NY US","2022-09-20","4.03",,"0.00","0.0","0.0",,"79","67","  300","  290","12.1","19.9",,,,,,,
"USW00094728","NY CITY CENTRAL PARK, NY US","2022-09-21","3.13",,"0.00","0.0","0.0",,"80","62","  240","  220","8.9","16.1",,,,,,,
"USW00094728","NY CITY CENTRAL PARK, NY US","2022-09-22","7.38",,"0.47","0.0","0.0",,"75","57","  300","  290","18.1","29.1","    1","    1","    1",,,,
"USW00094728","NY CITY CENTRAL PARK, NY US","2022-09-23","9.62",,"0.00","0.0","0.0",,"63","51","  300","  310","17.0","32.0",,,,,,,
"USW00094728","NY CITY CENTRAL PARK, NY US","2022-09-24","4.03",,"0.00","0.0","0.0",,"69","49","  280","  260","10.1","17.0",,,,,,,
"USW00094728","NY CITY CENTRAL PARK, NY US","2022-09-25","3.36",,"1.11","0.0","0.0",,"72","59","  230","  240","10.1","18.1","    1",,"    1",,,,
"USW00094728","NY CITY CENTRAL PARK, NY US","2022-09-26","5.82",,"0.00","0.0","0.0",,"74","58","  260","  230","14.1","21.0",,,,,,,
"USW00094728","NY CITY CENTRAL PARK, NY US","2022-09-27","4.25",,"0.00","0.0","0.0",,"70","59","  250","  230","12.1","19.0",,,,,,,
"USW00094728","NY CITY CENTRAL PARK, NY US","2022-09-28","4.03",,"0.00","0.0","0.0",,"69","53","  280","  270","12.1","16.1",,,,,,,
"USW00094728","NY CITY CENTRAL PARK, NY US","2022-09-29","5.82",,"0.00","0.0","0.0",,"66","53","   50","   40","15.0","21.9",,,,,,,
"USW00094728","NY CITY CENTRAL PARK, NY US","2022-09-30","6.93",,"0.00","0.0","0.0",,"62","52","   60","   60","14.1","19.0",,,,,,,
"USW00094728","NY CITY CENTRAL PARK, NY US","2022-10-01","10.07",,"0.59","0.0","0.0",,"61","51","   50","   20","18.1","27.1","    1",,,,,,
"USW00094728","NY CITY CENTRAL PARK, NY US","2022-10-02","12.30",,"0.00","0.0","0.0",,"60","50","   50","   40","23.0","36.0",,,,,,,
"USW00094728","NY CITY CENTRAL PARK, NY US","2022-10-03","10.51",,"0.47","0.0","0.0",,"53","47","   50","   50","21.9","32.0","    1",,,,,,
"USW00094728","NY CITY CENTRAL PARK, NY US","2022-10-04","9.84",,"1.85","0.0","0.0",,"55","46","   60","   60","18.1","27.1","    1",,"    1",,,,
"USW00094728","NY CITY CENTRAL PARK, NY US","2022-10-05","5.37",,"0.37","0.0","0.0",,"59","54","   20","   40","12.1","19.9","    1",,,,,,
"USW00094728","NY CITY CENTRAL PARK, NY US","2022-10-06","2.91",,"0.00","0.0","0.0",,"74","53","  290","  230","8.1","11.0",,,,,,,
"USW00094728","NY CITY CENTRAL PARK, NY US","2022-10-07","4.70",,"0.00","0.0","0.0",,"76","58","  300","  300","12.1","17.0",,,,,,,
"USW00094728","NY CITY CENTRAL PARK, NY US","2022-10-08","4.70",,"0.03","0.0","0.0",,"58","47","  300","  310","13.0","19.9",,,,,,,
"USW00094728","NY CITY CENTRAL PARK, NY US","2022-10-09","3.58",,"0.00","0.0","0.0",,"61","44","  240","  230","13.0","21.0",,,,,,,
"USW00094728","NY CITY CENTRAL PARK, NY US","2022-10-10","3.36",,"0.00","0.0","0.0",,"67","52","  240","  230","10.1","19.0",,,,,,,
"USW00094728","NY CITY CENTRAL PARK, NY US","2022-10-11","2.68",,"0.00","0.0","0.0",,"70","51","  240","  210","8.9","15.0",,,,,,,
"USW00094728","NY CITY CENTRAL PARK, NY US","2022-10-12","3.58",,"0.00","0.0","0.0",,"70","57","  220","  210","14.1","23.0",,,,,,,
"USW00094728","NY CITY CENTRAL PARK, NY US","2022-10-13","4.03",,"0.80","0.0","0.0",,"69","54","  290","  170","15.0","21.9","    1",,"    1",,,,
"USW00094728","NY CITY CENTRAL PARK, NY US","2022-10-14","3.80",,"0.19","0.0","0.0",,"67","52","  310","   30","10.1","17.0","    1",,,,,"    1",
"USW00094728","NY CITY CENTRAL PARK, NY US","2022-10-15","2.91",,"0.00","0.0","0.0",,"68","50","  140","  180","10.1","19.0",,,,,,,
"USW00094728","NY CITY CENTRAL PARK, NY US","2022-10-16","2.68",,"0.00","0.0","0.0",,"64","52","   40","  240","8.9","14.1",,,,,,,
"USW00094728","NY CITY CENTRAL PARK, NY US","2022-10-17","3.80",,"0.14","0.0","0.0",,"66","53","  220","  210","12.1","21.0","    1",,,,,,
"USW00094728","NY CITY CENTRAL PARK, NY US","2022-10-18","5.59",,"0.00","0.0","0.0",,"56","46","  270","  230","12.1","19.0",,,,,,,
"USW00094728","NY CITY CENTRAL PARK, NY US","2022-10-19","5.59",,"0.00","0.0","0.0",,"54","42","  250","  230","14.1","23.0",,,,,,,
"USW00094728","NY CITY CENTRAL PARK, NY US","2022-10-20","5.59",,"0.00","0.0","0.0",,"58","44","  220","  210","13.0","21.9",,,,,,,
"USW00094728","NY CITY CENTRAL PARK, NY US","2022-10-21","2.24",,"0.00","0.0","0.0",,"62","46","  240","  230","8.9","14.1",,,,,,"    1",
"USW00094728","NY CITY CENTRAL PARK, NY US","2022-10-22","2.68",,"0.00","0.0","0.0",,"66","49","  240","  220","8.9","14.1",,,,,,,
"USW00094728","NY CITY CENTRAL PARK, NY US","2022-10-23","7.16",,"0.02","0.0","0.0",,"61","54","   50","   50","15.0","23.0",,,,,,,
"USW00094728","NY CITY CENTRAL PARK, NY US","2022-10-24","7.61",,"0.52","0.0","0.0",,"61","55","   60","   40","14.1","21.9","    1",,,,,,
"USW00094728","NY CITY CENTRAL PARK, NY US","2022-10-25","2.46",,"0.00","0.0","0.0",,"70","61","   60","   60","8.9","13.0","    1","    1",,,,,
"USW00094728","NY CITY CENTRAL PARK, NY US","2022-10-26","2.91",,"0.00","0.0","0.0",,"72","60","  260","  220","10.1","16.1","    1",,,,,"    1",
"USW00094728","NY CITY CENTRAL PARK, NY US","2022-10-27","6.71",,"0.00","0.0","0.0",,"65","52","   20","  360","14.1","23.0",,,,,,,
"USW00094728","NY CITY CENTRAL PARK, NY US","2022-10-28","5.59",,"0.00","0.0","0.0",,"56","45","   50","   60","15.0","19.9",,,,,,,
"USW00094728","NY CITY CENTRAL PARK, NY US","2022-10-29","3.36",,"0.00","0.0","0.0",,"58","43","   50","   40","8.9","13.0",,,,,,,
"USW00094728","NY CITY CENTRAL PARK, NY US","2022-10-30","0.89",,"0.00","0.0","0.0",,"63","43","   70","  200","6.0","8.9",,,,,,,
"USW00094728","NY CITY CENTRAL PARK, NY US","2022-10-31","1.57",,"0.10","0.0","0.0",,"65","51","  220","  230","10.1","15.0","    1",,,,,,
"USW00094728","NY CITY CENTRAL PARK, NY US","2022-11-01","3.80",,"0.08","0.0","0.0",,"67","59","  300","  290","8.9","14.1","    1",,,,,"    1",
"USW00094728","NY CITY CENTRAL PARK, NY US","2022-11-02","2.24",,"0.00","0.0","0.0",,"70","54","   50","   40","14.1","19.9",,,,,,,
"USW00094728","NY CITY CENTRAL PARK, NY US","2022-11-03","2.01",,"0.00","0.0","0.0",,"67","52","  190","  180","6.9","11.0",,,,,,,
"USW00094728","NY CITY CENTRAL PARK, NY US","2022-11-04","2.01",,"0.00","0.0","0.0",,"70","53","  140","  120","8.9","16.1","    1",,,,,"    1",
"USW00094728","NY CITY CENTRAL PARK, NY US","2022-11-05","4.03",,"0.00","0.0","0.0",,"76","64","  200","  200","10.1","19.0",,,,,,,
"USW00094728","NY CITY CENTRAL PARK, NY US","2022-11-06","4.25",,"0.00","0.0","0.0",,"75","66","  180","  180","8.1","15.0",,,,,,,
"USW00094728","NY CITY CENTRAL PARK, NY US","2022-11-07","6.04",,"0.00","0.0","0.0",,"77","54","  350","  350","14.1","21.0",,,,,,,
"USW00094728","NY CITY CENTRAL PARK, NY US","2022-11-08","7.16",,"0.00","0.0","0.0",,"58","47","   50","   50","16.1","23.9",,,,,,,
"USW00094728","NY CITY CENTRAL PARK, NY US","2022-11-09","4.47",,"0.00","0.0","0.0",,"53","40","   40","   20","16.1","23.9",,,,,,,
"USW00094728","NY CITY CENTRAL PARK, NY US","2022-11-10","2.91",,"0.00","0.0","0.0",,"66","47","  220","  230","10.1","16.1",,,,,,,
"USW00094728","NY CITY CENTRAL PARK, NY US","2022-11-11","3.58",,"0.89","0.0","0.0",,"68","59","  140","  150","13.0","23.0","    1",,,,,,
"USW00094728","NY CITY CENTRAL PARK, NY US","2022-11-12","5.14",,"0.08","0.0","0.0",,"69","60","  280","  260","15.0","23.0","    1",,,,,,
"USW00094728","NY CITY CENTRAL PARK, NY US","2022-11-13","5.82",,"0.04","0.0","0.0",,"61","41","  290","  290","15.0","23.9","    1",,,,,,
"USW00094728","NY CITY CENTRAL PARK, NY US","2022-11-14","6.26",,"0.00","0.0","0.0",,"45","37","  300","  310","14.1","21.0",,,,,,,
"USW00094728","NY CITY CENTRAL PARK, NY US","2022-11-15","6.71",,"0.56","0.0","0.0",,"46","35","   60","   80","15.0","21.9","    1",,,,,,
"USW00094728","NY CITY CENTRAL PARK, NY US","2022-11-16","8.05",,"0.28","0.0","0.0",,"50","39","   60","   90","16.1","25.1","    1",,,,,,
"USW00094728","NY CITY CENTRAL PARK, NY US","2022-11-17","7.61",,"0.00","0.0","0.0",,"46","37","  280","  280","18.1","28.0",,,,,,,
"USW00094728","NY CITY CENTRAL PARK, NY US","2022-11-18","5.82",,"0.00","0.0","0.0",,"44","34","  230","  230","16.1","28.0",,,,,,,
"USW00094728","NY CITY CENTRAL PARK, NY US","2022-11-19","5.82",,"0.00","0.0","0.0",,"40","31","  280","  220","15.0","21.9",,,,,,,
"USW00094728","NY CITY CENTRAL PARK, NY US","2022-11-20","9.62",,"0.00","0.0","0.0",,"40","30","  310","  310","19.9","33.1",,,,,,,
"USW00094728","NY CITY CENTRAL PARK, NY US","2022-11-21","6.26",,"0.00","0.0","0.0",,"41","27","  240","  240","16.1","28.0",,,,,,"    1",
"USW00094728","NY CITY CENTRAL PARK, NY US","2022-11-22","5.37",,"0.00","0.0","0.0",,"51","37","  230","  230","15.0","21.9",,,,,,,
"USW00094728","NY CITY CENTRAL PARK, NY US","2022-11-23","4.47",,"0.00","0.0","0.0",,"55","42","   60","  240","12.1","17.0",,,,,,,
"USW00094728","NY CITY CENTRAL PARK, NY US","2022-11-24","3.80",,"0.00","0.0","0.0",,"54","40","  230","  230","8.9","14.1",,,,,,,
"USW00094728","NY CITY CENTRAL PARK, NY US","2022-11-25","7.83",,"0.02","0.0","0.0",,"55","46","  300","  310","19.9","32.0","    1",,,,,"    1",
"USW00094728","NY CITY CENTRAL PARK, NY US","2022-11-26","6.93",,"0.00","0.0","0.0",,"57","42","  300","  300","21.9","33.1",,,,,,,
"USW00094728","NY CITY CENTRAL PARK, NY US","2022-11-27","5.59",,"0.70","0.0","0.0",,"60","48","  240","  230","16.1","30.0","    1",,,,,,
"USW00094728","NY CITY CENTRAL PARK, NY US","2022-11-28","7.38",,"0.00","0.0","0.0",,"54","41","  300","  300","18.1","30.0",,,,,,,
"USW00094728","NY CITY CENTRAL PARK, NY US","2022-11-29","2.91",,"0.00","0.0","0.0",,"44","36","  290","   60","8.9","12.1",,,,,,,
"USW00094728","NY CITY CENTRAL PARK, NY US","2022-11-30","6.93",,"0.50","0.0","0.0",,"58","40","  280","  270","17.0","29.1","    1",,,,,,
"USW00094728","NY CITY CENTRAL PARK, NY US","2022-12-01","8.28",,"0.00","0.0","0.0",,"43","35","  310","  300","17.0","32.0",,,,,,,
"USW00094728","NY CITY CENTRAL PARK, NY US","2022-12-02","3.80",,"0.00","0.0","0.0",,"47","32","  280","  280","12.1","18.1",,,,,,,
"USW00094728","NY CITY CENTRAL PARK, NY US","2022-12-03","6.93",,"0.49","0.0","0.0",,"58","45","  300","  300","17.0","27.1","    1",,,,,,
"USW00094728","NY CITY CENTRAL PARK, NY US","2022-12-04","4.92",,"0.00","0.0","0.0",,"45","38","  300","  290","14.1","23.0",,,,,,,
"USW00094728","NY CITY CENTRAL PARK, NY US","2022-12-05","2.91",,"0.00","0.0","0.0",,"48","36","  170","  170","8.9","15.0",,,,,,,
"USW00094728","NY CITY CENTRAL PARK, NY US","2022-12-06","5.14",,"1.05","0.0","0.0",,"58","42","  140","  140","15.0","23.0","    1",,,,,,
"USW00094728","NY CITY CENTRAL PARK, NY US","2022-12-07","3.36",,"0.26","0.0","0.0",,"59","54","  160","  170","14.1","27.1","    1",,,,,,
"USW00094728","NY CITY CENTRAL PARK, NY US","2022-12-08","4.70",,"0.00","0.0","0.0",,"55","42","   20","  290","12.1","19.9",,,,,,,
"USW00094728","NY CITY CENTRAL PARK, NY US","2022-12-09","6.71",,"0.00","0.0","0.0",,"45","36","  360","   40","14.1","21.9",,,,,,,
"USW00094728","NY CITY CENTRAL PARK, NY US","2022-12-10","7.16",,"0.00","0.0","0.0",,"39","32","   50","   80","15.0","21.0",,,,,,,
"USW00094728","NY CITY CENTRAL PARK, NY US","2022-12-11","8.05",,"0.32","0.0","0.0",,"40","33","   50","   50","15.0","21.9","    1",,,,,,
"USW00094728","NY CITY CENTRAL PARK, NY US","2022-12-12","5.82",,"0.01","0.0","0.0",,"38","28","   30","  350","14.1","19.9","    1",,,,,,
"USW00094728","NY CITY CENTRAL PARK, NY US","2022-12-13","4.03",,"0.00","0.0","0.0",,"40","25","  290","  360","8.9","16.1",,,,,,,
"USW00094728","NY CITY CENTRAL PARK, NY US","2022-12-14","7.38",,"0.00","0.0","0.0",,"39","31","   30","   30","18.1","28.0",,,,,,,
"USW00094728","NY CITY CENTRAL PARK, NY US","2022-12-15","8.50",,"0.51","0.0","0.0",,"42","33","   70","   90","18.1","29.1","    1",,,,,,
"USW00094728","NY CITY CENTRAL PARK, NY US","2022-12-16","11.18",,"0.85","0.0","0.0",,"44","38","   60","   60","23.0","35.1","    1",,,,,,
"USW00094728","NY CITY CENTRAL PARK, NY US","2022-12-17","8.05",,"0.00","0.0","0.0",,"44","36","  280","  270","15.0","23.0",,,,,,,
"USW00094728","NY CITY CENTRAL PARK, NY US","2022-12-18","7.61",,"0.00","0.0","0.0",,"40","32","  300","  280","14.1","21.0",,,,,,,
"USW00094728","NY CITY CENTRAL PARK, NY US","2022-12-19","7.61",,"0.00","0.0","0.0",,"39","31","  310","  310","18.1","25.9",,,,,,,
"USW00094728","NY CITY CENTRAL PARK, NY US","2022-12-20","5.59",,"0.00","0.0","0.0",,"39","30","  300","  290","14.1","21.0",,,,,,,
"USW00094728","NY CITY CENTRAL PARK, NY US","2022-12-21","1.57",,"0.00","0.0","0.0",,"40","27","  350","  320","8.1","10.1",,,,,,,
"USW00094728","NY CITY CENTRAL PARK, NY US","2022-12-22","8.50",,"0.23","0.0","0.0",,"47","35","   60","   70","19.9","36.0","    1",,,,,,
"USW00094728","NY CITY CENTRAL PARK, NY US","2022-12-23","10.07",,"1.83","0.0","0.0",,"58","8","  240","  240","29.1","45.0","    1","    1",,,,"    1",
"USW00094728","NY CITY CENTRAL PARK, NY US","2022-12-24","11.41",,"0.00","0.0","0.0",,"15","7","  240","  240","21.0","33.1",,,,,,,
"USW00094728","NY CITY CENTRAL PARK, NY US","2022-12-25","8.50",,"0.00","0.0","0.0",,"28","14","  240","  240","21.0","31.1",,,,,,,
"USW00094728","NY CITY CENTRAL PARK, NY US","2022-12-26","7.16",,"0.00","0.0","0.0",,"29","18","  280","  270","13.0","19.9",,,,,,,
"USW00094728","NY CITY CENTRAL PARK, NY US","2022-12-27","5.59",,"0.00","0.0","0.0",,"35","29","  240","  220","12.1","17.0",,,,,,,
"USW00094728","NY CITY CENTRAL PARK, NY US","2022-12-28","5.14",,"0.00","0.0","0.0",,"47","33","  220","  210","16.1","25.9",,,,,,"    1",
"USW00094728","NY CITY CENTRAL PARK, NY US","2022-12-29","6.04",,"0.00","0.0","0.0",,"51","40","  240","  220","14.1","21.0",,,,,,,
"USW00094728","NY CITY CENTRAL PARK, NY US","2022-12-30","2.91",,"0.00","0.0","0.0",,"62","46","  210","  220","8.9","16.1",,,,,,"    1",
"USW00094728","NY CITY CENTRAL PARK, NY US","2022-12-31","1.79",,"0.28","0.0","0.0",,"55","50","  230","  240","10.1","16.1","    1",,,,,"    1",
"USW00094728","NY CITY CENTRAL PARK, NY US","2023-01-01","4.92",,"0.00","0.0","0.0",,"55","49","  310","  250","13.0","18.1","    1",,,,,,
"USW00094728","NY CITY CENTRAL PARK, NY US","2023-01-02","3.58",,"0.02","0.0","0.0",,"56","49","  230","  240","10.1","16.1",,,,,,,
"USW00094728","NY CITY CENTRAL PARK, NY US","2023-01-03","3.13",,"0.42","0.0","0.0",,"58","47","  250","  250","8.9","15.0","    1",,,,,"    1",
"USW00094728","NY CITY CENTRAL PARK, NY US","2023-01-04","4.47",,"0.02","0.0","0.0",,"66","49","  240","  240","13.0","21.9","    1",,,,,,
"USW00094728","NY CITY CENTRAL PARK, NY US","2023-01-05","5.14",,"0.01","0.0","0.0",,"50","44","   60","   50","13.0","15.0","    1",,,,,"    1",
"USW00094728","NY CITY CENTRAL PARK, NY US","2023-01-06","5.37",,"0.27","0.0","0.0",,"49","39","  280","  270","13.0","21.0","    1",,,,,"    1",
"USW00094728","NY CITY CENTRAL PARK, NY US","2023-01-07","6.71",,"0.00","0.0","0.0",,"45","37","  310","  320","13.0","19.9",,,,,,,
"USW00094728","NY CITY CENTRAL PARK, NY US","2023-01-08","4.70",,"0.00","0.0","0.0",,"41","33","  300","  220","12.1","17.0",,,,,,,
"USW00094728","NY CITY CENTRAL PARK, NY US","2023-01-09","4.47",,"0.01","0.0","0.0",,"44","37","  310","  310","14.1","19.0","    1",,,,,,
"USW00094728","NY CITY CENTRAL PARK, NY US","2023-01-10","4.25",,"0.00","0.0","0.0",,"41","38","   10","  280","12.1","14.1",,,,,,,
"USW00094728","NY CITY CENTRAL PARK, NY US","2023-01-11","6.49",,"0.00","0.0","0.0",,"39","35","   70","   50","14.1","19.0",,,,,,,
"USW00094728","NY CITY CENTRAL PARK, NY US","2023-01-12","4.92",,"0.30","0.0","0.0",,"55","37","  140","  130","13.0","21.9","    1",,,,,,
"USW00094728","NY CITY CENTRAL PARK, NY US","2023-01-13","7.16",,"0.09","0.0","0.0",,"57","38","  310","  310","16.1","23.9","    1",,,,,,
"USW00094728","NY CITY CENTRAL PARK, NY US","2023-01-14","8.95",,"0.00","0.0","0.0",,"38","31","  360","   30","17.0","28.0",,,,,,"    1",
"USW00094728","NY CITY CENTRAL PARK, NY US","2023-01-15","9.62",,"0.00","0.0","0.0",,"41","30","  340","   30","18.1","31.1",,,,,,,
"USW00094728","NY CITY CENTRAL PARK, NY US","2023-01-16","7.61",,"0.00","0.0","0.0",,"48","28","  340","   10","16.1","25.1",,,,,,,
"USW00094728","NY CITY CENTRAL PARK, NY US","2023-01-17","3.13",,"0.00","0.0","0.0",,"47","35","  240","  240","12.1","19.0",,,,,,,
"USW00094728","NY CITY CENTRAL PARK, NY US","2023-01-18","7.61",,"0.05","0.0","0.0",,"53","42","  310","  310","18.1","27.1",,,,,,,
"USW00094728","NY CITY CENTRAL PARK, NY US","2023-01-19","4.25",,"0.87","0.0","0.0",,"44","40","   60","  100","14.1","18.1","    1",,"    1",,,,
"USW00094728","NY CITY CENTRAL PARK, NY US","2023-01-20","6.71",,"0.00","0.0","0.0",,"49","40","  280","  280","16.1","27.1","    1",,,,,,
"USW00094728","NY CITY CENTRAL PARK, NY US","2023-01-21","5.59",,"0.00","0.0","0.0",,"42","37","  300","  300","15.0","21.9",,,,,,,
"USW00094728","NY CITY CENTRAL PARK, NY US","2023-01-22","4.70",,"0.51","0.0","0.0",,"42","36","   60","  170","13.0","16.1","    1",,,,,,
"USW00094728","NY CITY CENTRAL PARK, NY US","2023-01-23","7.61",,"0.41","0.0","0.0",,"39","36","  300","  310","19.9","31.1","    1",,,,,,
"USW00094728","NY CITY CENTRAL PARK, NY US","2023-01-24","6.93",,"0.00","0.0","0.0",,"46","35","  310","  290","19.9","28.0",,,,,,,
"USW00094728","NY CITY CENTRAL PARK, NY US","2023-01-25","6.04",,"0.90","0.0","0.0",,"54","35","  160","  150","16.1","29.1","    1",,,,,,
"USW00094728","NY CITY CENTRAL PARK, NY US","2023-01-26","8.95",,"0.44","0.0","0.0",,"57","41","  280","  280","19.9","32.0","    1",,,,,,
"USW00094728","NY CITY CENTRAL PARK, NY US","2023-01-27","5.82",,"0.00","0.0","0.0",,"44","35","  230","  240","13.0","21.9",,,,,,,
"USW00094728","NY CITY CENTRAL PARK, NY US","2023-01-28","7.16",,"0.00","0.0","0.0",,"52","36","  220","  230","18.1","32.0",,,,,,,
"USW00094728","NY CITY CENTRAL PARK, NY US","2023-01-29","4.70",,"0.00","0.0","0.0",,"53","42","  240","  210","12.1","19.9",,,,,,,
"USW00094728","NY CITY CENTRAL PARK, NY US","2023-01-30","2.91",,"0.00","0.0","0.0",,"55","43","  220","  220","10.1","16.1",,,,,,,
"USW00094728","NY CITY CENTRAL PARK, NY US","2023-01-31","4.25",,"0.06","0.0","0.0",,"50","31","   10","   10","12.1","17.0","    1",,,,,,
"USW00094728","NY CITY CENTRAL PARK, NY US","2023-02-01","5.59",,"0.02","0.4","0.0",,"38","26","  290","  270","12.1","16.1",,,,,,,
"USW00094728","NY CITY CENTRAL PARK, NY US","2023-02-02","4.92",,"0.00","0.0","0.0",,"40","29","  240","  250","16.1","25.9",,,,,,,
"USW00094728","NY CITY CENTRAL PARK, NY US","2023-02-03","11.86",,"0.00","0.0","0.0",,"35","11","  310","  310","29.1","42.9",,,,,,,
"USW00094728","NY CITY CENTRAL PARK, NY US","2023-02-04","8.72",,"0.00","0.0","0.0",,"27","3","  300","  300","21.9","35.1",,,,,,,
"USW00094728","NY CITY CENTRAL PARK, NY US","2023-02-05","3.58",,"0.00","0.0","0.0",,"49","27","  230","  240","14.1","23.0",,,,,,,
"USW00094728","NY CITY CENTRAL PARK, NY US","2023-02-06","4.92",,"0.00","0.0","0.0",,"52","34","   30","  360","17.0","25.9",,,,,,,
"USW00094728","NY CITY CENTRAL PARK, NY US","2023-02-07","4.92",,"0.02","0.0","0.0",,"43","30","  220","   40","12.1","19.0",,,,,,,
"USW00094728","NY CITY CENTRAL PARK, NY US","2023-02-08","6.04",,"0.00","0.0","0.0",,"53","39","  300","  300","16.1","28.0",,,,,,"    1",
"USW00094728","NY CITY CENTRAL PARK, NY US","2023-02-09","3.58",,"0.00","0.0","0.0",,"55","42","  150","  150","13.0","21.9",,,,,,,
"USW00094728","NY CITY CENTRAL PARK, NY US","2023-02-10","8.50",,"0.00","0.0","0.0",,"61","45","  270","  270","19.9","29.1",,,,,,,
"USW00094728","NY CITY CENTRAL PARK, NY US","2023-02-11","5.82",,"0.00","0.0","0.0",,"46","36","  300","  310","19.9","30.0",,,,,,,
"USW00094728","NY CITY CENTRAL PARK, NY US","2023-02-12","4.25",,"0.01","0.0","0.0",,"48","38","   50","   50","14.1","19.9",,,,,,,
"USW00094728","NY CITY CENTRAL PARK, NY US","2023-02-13","7.38",,"0.00","0.0","0.0",,"57","41","  240","  230","14.1","21.9",,,,,,,
"USW00094728","NY CITY CENTRAL PARK, NY US","2023-02-14","5.59",,"0.00","0.0","0.0",,"54","40","  300","  300","17.0","29.1",,,,,,,
"USW00094728","NY CITY CENTRAL PARK, NY US","2023-02-15","4.47",,"0.00","0.0","0.0",,"67","47","  230","  230","15.0","25.9",,,,,,,
"USW00094728","NY CITY CENTRAL PARK, NY US","2023-02-16","3.58",,"0.07","0.0","0.0",,"70","56","  240","  260","14.1","23.9",,,,,,"    1",
"USW00094728","NY CITY CENTRAL PARK, NY US","2023-02-17","7.16",,"0.18","0.0","0.0",,"61","32","  300","  210","21.9","68.0","    1",,,,,"    1",
"USW00094728","NY CITY CENTRAL PARK, NY US","2023-02-18","8.28",,"0.00","0.0","0.0",,"43","27","  300","  290","16.1","27.1",,,,,,,
"USW00094728","NY CITY CENTRAL PARK, NY US","2023-02-19","3.36",,"0.00","0.0","0.0",,"50","37","  170","  180","14.1","23.9",,,,,,,
"USW00094728","NY CITY CENTRAL PARK, NY US","2023-02-20","6.04",,"0.00","0.0","0.0",,"61","47","  270","  280","13.0","21.0",,,,,,,
"USW00094728","NY CITY CENTRAL PARK, NY US","2023-02-21","4.92",,"0.27","0.0","0.0",,"50","37","   60","   50","14.1","19.9","    1",,"    1",,,"    1",
"USW00094728","NY CITY CENTRAL PARK, NY US","2023-02-22","6.04",,"0.14","0.0","0.0",,"44","37","   60","  110","14.1","18.1","    1",,,"    1",,"    1",
"USW00094728","NY CITY CENTRAL PARK, NY US","2023-02-23","7.38",,"0.02","0.0","0.0",,"44","38","   60","  100","16.1","21.9","    1",,,,,,
"USW00094728","NY CITY CENTRAL PARK, NY US","2023-02-24","8.72",,"0.00","0.0","0.0",,"45","25","  300","  310","21.9","38.0","    1",,,,,,
"USW00094728","NY CITY CENTRAL PARK, NY US","2023-02-25","3.58",,"0.00","0.0","0.0",,"33","23","  300","  300","14.1","21.0",,,,,,,
"USW00094728","NY CITY CENTRAL PARK, NY US","2023-02-26","5.37",,"0.00","0.0","0.0",,"50","30","  230","  230","16.1","27.1",,,,,,"    1",
"USW00094728","NY CITY CENTRAL PARK, NY US","2023-02-27","5.14",,"0.21","0.9","0.0",,"46","33","   90","  120","15.0","25.9","    1","    1",,,,,
"USW00094728","NY CITY CENTRAL PARK, NY US","2023-02-28","5.59",,"0.34","0.9","2.0",,"38","32","   60","   40","21.0","28.0","    1",,,,,,
"USW00094728","NY CITY CENTRAL PARK, NY US","2023-03-01","5.82",,"0.00","0.0","1.2",,"44","33","  120","  130","13.0","21.9","    1",,,,,"    1",
"USW00094728","NY CITY CENTRAL PARK, NY US","2023-03-02","5.59",,"0.00","0.0","0.0",,"54","39","   60","  300","15.0","23.9","    1",,,,,"    1",
"USW00094728","NY CITY CENTRAL PARK, NY US","2023-03-03","5.82",,"0.15","0.0","0.0",,"47","37","  100","  120","19.9","31.1","    1",,,,,,
"USW00094728","NY CITY CENTRAL PARK, NY US","2023-03-04","8.05",,"0.99","0.0","0.0",,"45","38","   60","  110","23.0","35.1","    1",,,,,,
"USW00094728","NY CITY CENTRAL PARK, NY US","2023-03-05","8.05",,"0.00","0.0","0.0",,"53","38","  310","  300","17.0","29.1",,,,,,,
"USW00094728","NY CITY CENTRAL PARK, NY US","2023-03-06","5.37",,"0.00","0.0","0.0",,"52","40","  320","  280","14.1","21.0",,,,,,,
"USW00094728","NY CITY CENTRAL PARK, NY US","2023-03-07","10.74",,"0.06","0.1","0.0",,"47","33","  300","  300","23.9","36.0","    1",,,,,"    1",
"USW00094728","NY CITY CENTRAL PARK, NY US","2023-03-08","8.50",,"0.00","0.0","0.0",,"48","31","  360","  300","16.1","25.9",,,,,,,
"USW00094728","NY CITY CENTRAL PARK, NY US","2023-03-09","7.83",,"0.00","0.0","0.0",,"51","33","   30","   30","16.1","25.9",,,,,,,
"USW00094728","NY CITY CENTRAL PARK, NY US","2023-03-10","3.80",,"0.36","0.0","0.0",,"46","35","   30","   20","14.1","18.1","    1",,,,,,
"USW00094728","NY CITY CENTRAL PARK, NY US","2023-03-11","8.28",,"0.40","0.0","0.0",,"45","35","   20","   40","17.0","27.1","    1",,,,,,
"USW00094728","NY CITY CENTRAL PARK, NY US","2023-03-12","4.25",,"0.00","0.0","0.0",,"48","34","   20","   40","13.0","19.9",,,,,,,
"USW00094728","NY CITY CENTRAL PARK, NY US","2023-03-13","7.16",,"0.67","0.0","0.0",,"45","38","   60","   50","19.9","27.1","    1",,,,,,
"USW00094728","NY CITY CENTRAL PARK, NY US","2023-03-14","10.29",,"0.13","0.0","0.0",,"38","33","  280","  270","21.9","33.1","    1",,,,,"    1",
"USW00094728","NY CITY CENTRAL PARK, NY US","2023-03-15","12.97",,"0.00","0.0","0.0",,"45","34","  300","  300","23.9","40.9",,,,,,,
"USW00094728","NY CITY CENTRAL PARK, NY US","2023-03-16","6.26",,"0.00","0.0","0.0",,"59","34","  240","  230","13.0","19.0",,,,,,,
"USW00094728","NY CITY CENTRAL PARK, NY US","2023-03-17","3.36",,"0.00","0.0","0.0",,"60","47","  240","  230","14.1","21.0",,,,,,,
"USW00094728","NY CITY CENTRAL PARK, NY US","2023-03-18","6.93",,"0.02","0.0","0.0",,"56","40","  270","  290","15.0","25.9",,,,,,,
"USW00094728","NY CITY CENTRAL PARK, NY US","2023-03-19","8.72",,"0.00","0.0","0.0",,"40","29","  270","  300","18.1","33.1",,,,,,,
"USW00094728","NY CITY CENTRAL PARK, NY US","2023-03-20","4.92",,"0.00","0.0","0.0",,"51","31","  240","   90","13.0","21.9",,,,,,,
"USW00094728","NY CITY CENTRAL PARK, NY US","2023-03-21","5.82",,"0.00","0.0","0.0",,"63","40","  230","  200","15.0","23.0",,,,,,,
"USW00094728","NY CITY CENTRAL PARK, NY US","2023-03-22","3.58",,"0.00","0.0","0.0",,"62","48","  230","  360","12.1","23.9",,,,,,,
"USW00094728","NY CITY CENTRAL PARK, NY US","2023-03-23","4.70",,"0.09","0.0","0.0",,"60","48","  300","  270","13.0","21.9","    1",,,,,"    1",
"USW00094728","NY CITY CENTRAL PARK, NY US","2023-03-24","5.14",,"0.00","0.0","0.0",,"55","44","   80","  280","14.1","23.9",,,,,,,
"USW00094728","NY CITY CENTRAL PARK, NY US","2023-03-25","8.05",,"0.15","0.0","0.0",,"47","42","   90","  110","18.1","29.1","    1",,,,,"    1",
"USW00094728","NY CITY CENTRAL PARK, NY US","2023-03-26","6.04",,"0.00","0.0","0.0",,"63","44","  270","  270","16.1","25.9","    1",,,,,,
"USW00094728","NY CITY CENTRAL PARK, NY US","2023-03-27","5.82",,"0.29","0.0","0.0",,"62","43","   70","   60","15.0","19.9","    1",,,,,,
"USW00094728","NY CITY CENTRAL PARK, NY US","2023-03-28","4.03",,"0.00","0.0","0.0",,"52","42","  310","   10","10.1","16.1",,,,,,,
"USW00094728","NY CITY CENTRAL PARK, NY US","2023-03-29","5.82",,"0.00","0.0","0.0",,"55","39","  230","   99","10.1","19.9",,,,,,,
"USW00094728","NY CITY CENTRAL PARK, NY US","2023-03-30","7.38",,"0.01","0.0","0.0",,"46","31","  300","  310","17.0","32.0",,,,,,,
"USW00094728","NY CITY CENTRAL PARK, NY US","2023-03-31","2.46",,"0.00","0.0","0.0",,"57","38","  180","  180","13.0","23.0",,,,,,,
"USW00094728","NY CITY CENTRAL PARK, NY US","2023-04-01","4.92",,"0.38","0.0","0.0",,"72","51","  280","  310","17.0","31.1","    1",,"    1",,,,
"USW00094728","NY CITY CENTRAL PARK, NY US","2023-04-02","9.17",,"0.00","0.0","0.0",,"51","40","  300","  290","23.0","36.9",,,,,,,
"USW00094728","NY CITY CENTRAL PARK, NY US","2023-04-03","4.47",,"0.00","0.0","0.0",,"59","39","  180","  130","13.0","29.1",,,,,,,
"USW00094728","NY CITY CENTRAL PARK, NY US","2023-04-04","1.79",,"0.00","0.0","0.0",,"73","48","  240","  240","10.1","16.1",,,,,,,
"USW00094728","NY CITY CENTRAL PARK, NY US","2023-04-05","8.50",,"0.00","0.0","0.0",,"57","46","   60","   60","23.0","31.1","    1",,,,,"    1",
"USW00094728","NY CITY CENTRAL PARK, NY US","2023-04-06","3.13",,"0.00","0.0","0.0",,"80","47","  360","  350","12.1","21.9","    1",,,,,"    1",
"USW00094728","NY CITY CENTRAL PARK, NY US","2023-04-07","8.05",,"0.00","0.0","0.0",,"60","42","  310","  290","16.1","27.1",,,,,,,
"USW00094728","NY CITY CENTRAL PARK, NY US","2023-04-08","3.36",,"0.00","0.0","0.0",,"54","37","   50","   10","12.1","17.0",,,,,,,
"USW00094728","NY CITY CENTRAL PARK, NY US","2023-04-09","4.25",,"0.00","0.0","0.0",,"57","40","   40","   30","15.0","21.0",,,,,,,
"USW00094728","NY CITY CENTRAL PARK, NY US","2023-04-10","5.14",,"0.00","0.0","0.0",,"68","42","  230","  240","12.1","19.9",,,,,,,
"USW00094728","NY CITY CENTRAL PARK, NY US","2023-04-11","5.82",,"0.00","0.0","0.0",,"75","51","  250","  230","17.0","29.1",,,,,,,
"USW00094728","NY CITY CENTRAL PARK, NY US","2023-04-12","5.59",,"0.00","0.0","0.0",,"84","64","  300","  310","14.1","21.0",,,,,,,
"USW00094728","NY CITY CENTRAL PARK, NY US","2023-04-13","5.59",,"0.00","0.0","0.0",,"90","67","  230","  240","13.0","21.0",,,,,,,
"USW00094728","NY CITY CENTRAL PARK, NY US","2023-04-14","3.36",,"0.00","0.0","0.0",,"91","70","  220","  230","13.0","19.9",,,,,,,
"USW00094728","NY CITY CENTRAL PARK, NY US","2023-04-15","3.58",,"0.02","0.0","0.0",,"75","59","  110","  120","10.1","17.0","    1",,,,,,
"USW00094728","NY CITY CENTRAL PARK, NY US","2023-04-16","2.91",,"0.00","0.0","0.0",,"71","57","  100","   90","10.1","14.1","    1",,,,,,
"USW00094728","NY CITY CENTRAL PARK, NY US","2023-04-17","5.82",,"0.00","0.0","0.0",,"68","53","  240","  230","16.1","27.1","    1",,,,,,
"USW00094728","NY CITY CENTRAL PARK, NY US","2023-04-18","7.16",,"0.00","0.0","0.0",,"57","45","  280","  280","21.9","32.0",,,,,,,
"USW00094728","NY CITY CENTRAL PARK, NY US","2023-04-19","5.82",,"0.00","0.0","0.0",,"64","45","  300","  320","14.1","23.0",,,,,,,
"USW00094728","NY CITY CENTRAL PARK, NY US","2023-04-20","2.68",,"0.00","0.0","0.0",,"66","45","   70","  190","10.1","17.0",,,,,,,
"USW00094728","NY CITY CENTRAL PARK, NY US","2023-04-21","5.14",,"0.00","0.0","0.0",,"71","51","   90","  130","13.0","21.9",,,,,,,
"USW00094728","NY CITY CENTRAL PARK, NY US","2023-04-22","7.16",,"0.68","0.0","0.0",,"67","51","   90","   50","14.1","19.0","    1",,"    1",,,"    1",
"USW00094728","NY CITY CENTRAL PARK, NY US","2023-04-23","5.59",,"1.51","0.0","0.0",,"69","50","  290","  280","13.0","21.0","    1",,,,,,
"USW00094728","NY CITY CENTRAL PARK, NY US","2023-04-24","4.03",,"0.00","0.0","0.0",,"62","44","  290","  290","10.1","16.1",,,,,,,
"USW00094728","NY CITY CENTRAL PARK, NY US","2023-04-25","2.46",,"0.00","0.0","0.0",,"60","46","  280","  280","8.9","12.1",,,,,,,
"USW00094728","NY CITY CENTRAL PARK, NY US","2023-04-26","2.46",,"0.00","0.0","0.0",,"60","46","  190","  120","8.9","18.1",,,,,,,
"USW00094728","NY CITY CENTRAL PARK, NY US","2023-04-27","3.13",,"0.00","0.0","0.0",,"57","49","  120","   30","8.9","17.0",,,,,,,
"USW00094728","NY CITY CENTRAL PARK, NY US","2023-04-28","6.71",,"0.33","0.0","0.0",,"56","47","  110","  110","13.0","21.9","    1",,,,,,
"USW00094728","NY CITY CENTRAL PARK, NY US","2023-04-29","8.50",,"2.46","0.0","0.0",,"53","47","   60","  100","15.0","42.9","    1",,,,,,
"USW00094728","NY CITY CENTRAL PARK, NY US","2023-04-30","6.93",,"2.32","0.0","0.0",,"60","50","   60","   80","18.1","25.9","    1",,,,,,
"USW00094728","NY CITY CENTRAL PARK, NY US","2023-05-01","6.93",,"0.09","0.0","0.0",,"61","49","  280","  270","18.1","29.1","    1",,,,,,
"USW00094728","NY CITY CENTRAL PARK, NY US","2023-05-02","4.47",,"0.25","0.0","0.0",,"56","44","  230","  210","16.1","28.0","    1",,,,,,
"USW00094728","NY CITY CENTRAL PARK, NY US","2023-05-03","3.13",,"0.00","0.0","0.0",,"57","47","  280","  260","10.1","16.1",,,,,,,
"USW00094728","NY CITY CENTRAL PARK, NY US","2023-05-04","3.80",,"0.05","0.0","0.0",,"55","48","   60","   90","10.1","17.0","    1",,,,,,
"USW00094728","NY CITY CENTRAL PARK, NY US","2023-05-05","2.01",,"0.00","0.0","0.0",,"66","48","   60","   30","12.1","17.0","    1",,,,,,
"USW00094728","NY CITY CENTRAL PARK, NY US","2023-05-06","2.91",,"0.00","0.0","0.0",,"73","48","   10","  350","8.9","13.0",,,,,,,
"USW00094728","NY CITY CENTRAL PARK, NY US","2023-05-07","2.91",,"0.02","0.0","0.0",,"78","54","  230","   30","8.9","17.0",,,,,,,
"USW00094728","NY CITY CENTRAL PARK, NY US","2023-05-08","4.70",,"0.00","0.0","0.0",,"77","58","  310","  300","13.0","21.0",,,,,,,
"USW00094728","NY CITY CENTRAL PARK, NY US","2023-05-09","2.91",,"0.00","0.0","0.0",,"71","54","   60","  180","12.1","17.0",,,,,,,
"USW00094728","NY CITY CENTRAL PARK, NY US","2023-05-10","2.01",,"0.00","0.0","0.0",,"73","50","  230","  220","12.1","16.1",,,,,,,
"USW00094728","NY CITY CENTRAL PARK, NY US","2023-05-11","3.80",,"0.00","0.0","0.0",,"80","57","  230","  230","12.1","17.0",,,,,,,
"USW00094728","NY CITY CENTRAL PARK, NY US","2023-05-12","2.91",,"0.00","0.0","0.0",,"87","65","  270","  240","10.1","17.0",,,,,,,
"USW00094728","NY CITY CENTRAL PARK, NY US","2023-05-13","2.91",,"0.00","0.0","0.0",,"82","66","  290","   10","12.1","18.1",,,,,,,
"USW00094728","NY CITY CENTRAL PARK, NY US","2023-05-14","6.26",,"0.00","0.0","0.0",,"74","59","   30","  350","12.1","19.9",,,,,,,
"USW00094728","NY CITY CENTRAL PARK, NY US","2023-05-15","3.80",,"0.00","0.0","0.0",,"74","52","  240","  240","13.0","21.9",,,,,,,
"USW00094728","NY CITY CENTRAL PARK, NY US","2023-05-16","5.14",,"0.00","0.0","0.0",,"79","58","  240","  240","17.0","25.9",,,,,,,
"USW00094728","NY CITY CENTRAL PARK, NY US","2023-05-17","5.82",,"0.00","0.0","0.0",,"69","50","  300","  300","16.1","27.1",,,,,,,
"USW00094728","NY CITY CENTRAL PARK, NY US","2023-05-18","4.25",,"0.00","0.0","0.0",,"61","43","   50","   40","12.1","19.9",,,,,,,
"USW00094728","NY CITY CENTRAL PARK, NY US","2023-05-19","2.24",,"0.00","0.0","0.0",,"70","52","  120","  220","12.1","19.9",,,,,,,
"USW00094728","NY CITY CENTRAL PARK, NY US","2023-05-20","2.91",,"0.77","0.0","0.0",,"65","57","   60","   50","10.1","14.1","    1","    1",,,,"    1",
"USW00094728","NY CITY CENTRAL PARK, NY US","2023-05-21","4.70",,"0.02","0.0","0.0",,"70","55","  310","  310","14.1","21.0","    1",,,,,,
"USW00094728","NY CITY CENTRAL PARK, NY US","2023-05-22",,,"0.00","0.0","0.0",,"75","57",,,,,,,,,,,
"USW00094728","NY CITY CENTRAL PARK, NY US","2023-05-23","2.91",,"0.00","0.0","0.0",,"70","54","  190","  160","8.9","18.1",,,,,,,
"USW00094728","NY CITY CENTRAL PARK, NY US","2023-05-24","2.68",,"0.08","0.0","0.0",,"77","53","   40","   20","14.1","21.9","    1",,,,,,
"USW00094728","NY CITY CENTRAL PARK, NY US","2023-05-25","7.38",,"0.00","0.0","0.0",,"68","50","   60","  360","17.0","25.1",,,,,,,
"USW00094728","NY CITY CENTRAL PARK, NY US","2023-05-26","3.36",,"0.00","0.0","0.0",,"72","53","   60","   50","14.1","21.0",,,,,,,
"USW00094728","NY CITY CENTRAL PARK, NY US","2023-05-27","3.36",,"0.00","0.0","0.0",,"78","56","   70","  260","10.1","18.1",,,,,,,
"USW00094728","NY CITY CENTRAL PARK, NY US","2023-05-28","2.24",,"0.00","0.0","0.0",,"79","59","  140","  190","6.9","13.0",,,,,,,
"USW00094728","NY CITY CENTRAL PARK, NY US","2023-05-29","5.37",,"0.00","0.0","0.0",,"79","59","   60","   60","21.9","30.0",,,,,,,
"USW00094728","NY CITY CENTRAL PARK, NY US","2023-05-30","4.92",,"0.00","0.0","0.0",,"72","55","   60","   70","14.1","19.9",,,,,,,
"USW00094728","NY CITY CENTRAL PARK, NY US","2023-05-31","2.24",,"0.00","0.0","0.0",,"77","51","   50","  120","8.1","12.1",,,,,,,
"USW00094728","NY CITY CENTRAL PARK, NY US","2023-06-01","1.79",,"0.00","0.0","0.0",,"87","59","   60","   50","8.9","13.0","    1",,,,,"    1",
"USW00094728","NY CITY CENTRAL PARK, NY US","2023-06-02","2.01",,"0.24","0.0","0.0",,"91","66","   60","   40","16.1","21.9","    1",,"    1",,,,
"USW00094728","NY CITY CENTRAL PARK, NY US","2023-06-03","7.61",,"0.00","0.0","0.0",,"69","54","   70","   50","15.0","21.9",,,,,,"    1",
"USW00094728","NY CITY CENTRAL PARK, NY US","2023-06-04","5.82",,"0.00","0.0","0.0",,"69","49","   50","   60","16.1","23.9",,,,,,,
"USW00094728","NY CITY CENTRAL PARK, NY US","2023-06-05","2.91",,"0.00","0.0","0.0",,"76","56","   50","   30","14.1","19.0",,,,,,"    1",
"USW00094728","NY CITY CENTRAL PARK, NY US","2023-06-06","3.80",,"0.00","0.0","0.0",,"79","60","  310","  300","14.1","21.9",,,"    1",,,"    1",
"USW00094728","NY CITY CENTRAL PARK, NY US","2023-06-07","4.92",,"0.00","0.0","0.0",,"69","57","  320","  260","12.1","21.0",,,,,,"    1",
"USW00094728","NY CITY CENTRAL PARK, NY US","2023-06-08","2.68",,"0.00","0.0","0.0",,"72","55","  300","   70","10.1","15.0",,,,,,"    1",
"USW00094728","NY CITY CENTRAL PARK, NY US","2023-06-09","3.80",,"0.00","0.0","0.0",,"72","58","  240","  240","8.9","16.1",,,,,,,
"USW00094728","NY CITY CENTRAL PARK, NY US","2023-06-10","3.80",,"0.00","0.0","0.0",,"78","58","  300","  290","13.0","19.9",,,,,,,
"USW00094728","NY CITY CENTRAL PARK, NY US","2023-06-11","0.89",,"0.01","0.0","0.0",,"82","64","  130","  130","12.1","18.1","    1",,,,,"    1",
"USW00094728","NY CITY CENTRAL PARK, NY US","2023-06-12","2.91",,"0.30","0.0","0.0",,"78","66","  120","  130","13.0","19.9","    1",,,,,"    1",
"USW00094728","NY CITY CENTRAL PARK, NY US","2023-06-13","4.92",,"0.00","0.0","0.0",,"78","64","  280","  230","12.1","19.0","    1",,,,,,
"USW00094728","NY CITY CENTRAL PARK, NY US","2023-06-14","3.80",,"0.14","0.0","0.0",,"76","63","  280","  230","13.0","21.9","    1",,,,,,
"USW00094728","NY CITY CENTRAL PARK, NY US","2023-06-15","5.14",,"0.00","0.0","0.0",,"77","61","  300","  310","13.0","19.9",,,,,,,
"USW00094728","NY CITY CENTRAL PARK, NY US","2023-06-16","2.68",,"0.23","0.0","0.0",,"79","63","  230","  210","12.1","19.9","    1",,"    1",,,,
"USW00094728","NY CITY CENTRAL PARK, NY US","2023-06-17","4.47",,"0.00","0.0","0.0",,"77","62","  300","   20","15.0","28.0",,,"    1",,,"    1",
"USW00094728","NY CITY CENTRAL PARK, NY US","2023-06-18","4.47",,"0.00","0.0","0.0",,"80","62","  300","  290","12.1","17.0",,,,,,"    1",
"USW00094728","NY CITY CENTRAL PARK, NY US","2023-06-19","3.80",,"0.00","0.0","0.0",,"81","65","  100","  130","8.9","17.0",,,,,,,
"USW00094728","NY CITY CENTRAL PARK, NY US","2023-06-20","5.37",,"0.00","0.0","0.0",,"78","64","   50","   60","14.1","18.1",,,,,,,
"USW00094728","NY CITY CENTRAL PARK, NY US","2023-06-21","10.51",,"0.00","0.0","0.0",,"73","62","   60","   50","17.0","25.1",,,,,,,
"USW00094728","NY CITY CENTRAL PARK, NY US","2023-06-22","8.72",,"0.00","0.0","0.0",,"72","60","   60","   50","18.1","25.9","    1",,,,,"    1",
"USW00094728","NY CITY CENTRAL PARK, NY US","2023-06-23","3.13",,"0.04","0.0","0.0",,"71","65","  130","  130","8.1","13.0","    1",,,,,,
"USW00094728","NY CITY CENTRAL PARK, NY US","2023-06-24","0.67",,"0.07","0.0","0.0",,"78","69","  130","  170","8.1","21.9","    1",,,,,,
"USW00094728","NY CITY CENTRAL PARK, NY US","2023-06-25","1.57",,"0.00","0.0","0.0",,"85","71","   80","   90","10.1","16.1","    1",,,,,"    1",
"USW00094728","NY CITY CENTRAL PARK, NY US","2023-06-26","4.03",,"0.51","0.0","0.0",,"78","68","  300","  320","14.1","21.0","    1",,"    1",,,"    1",
"USW00094728","NY CITY CENTRAL PARK, NY US","2023-06-27","1.57",,"0.08","0.0","0.0",,"79","66","  180","   40","8.1","18.1","    1",,,,,"    1",
"USW00094728","NY CITY CENTRAL PARK, NY US","2023-06-28","3.80",,"0.00","0.0","0.0",,"82","66","  290","  250","14.1","23.0","    1",,,,,"    1",
"USW00094728","NY CITY CENTRAL PARK, NY US","2023-06-29","2.46",,"0.00","0.0","0.0",,"82","65","  310","  310","8.1","14.1",,,,,,"    1",
"USW00094728","NY CITY CENTRAL PARK, NY US","2023-06-30","1.79",,"0.00","0.0","0.0",,"84","70","  240","  170","8.1","16.1","    1",,,,,"    1",
"USW00094728","NY CITY CENTRAL PARK, NY US","2023-07-01","2.46",,"0.00","0.0","0.0",,"82","69","  150","  240","8.9","40.9",,,,,,"    1",
"USW00094728","NY CITY CENTRAL PARK, NY US","2023-07-02","2.24",,"0.58","0.0","0.0",,"88","70","  270","  270","10.1","21.9","    1",,"    1",,,"    1",
"USW00094728","NY CITY CENTRAL PARK, NY US","2023-07-03","2.68",,"0.45","0.0","0.0",,"89","72","  350","  170","8.9","16.1","    1",,"    1",,,,
"USW00094728","NY CITY CENTRAL PARK, NY US","2023-07-04","0.67",,"0.63","0.0","0.0",,"83","73","  230","  230","10.1","14.1","    1","    1","    1",,,"    1",
"USW00094728","NY CITY CENTRAL PARK, NY US","2023-07-05","1.79",,"0.00","0.0","0.0",,"93","72","  240","  230","8.1","12.1","    1",,,,,"    1",
"USW00094728","NY CITY CENTRAL PARK, NY US","2023-07-06","1.34",,"0.00","0.0","0.0",,"90","75","  240","  270","8.9","31.1",,,,,,,
"USW00094728","NY CITY CENTRAL PARK, NY US","2023-07-07","0.67",,"0.00","0.0","0.0",,"87","74","  140","  100","6.9","32.0",,,,,,,
"USW00094728","NY CITY CENTRAL PARK, NY US","2023-07-08","2.91",,"0.00","0.0","0.0",,"88","76","  100","   90","28.0","38.9",,,,,,,
"USW00094728","NY CITY CENTRAL PARK, NY US","2023-07-09","1.79",,"0.98","0.0","0.0",,"82","72","  120","  180","10.1","19.0","    1",,"    1",,,,
"USW00094728","NY CITY CENTRAL PARK, NY US","2023-07-10","3.80",,"0.00","0.0","0.0",,"84","71","  300","  290","12.1","17.0","    1",,,,,,
"USW00094728","NY CITY CENTRAL PARK, NY US","2023-07-11","2.91",,"0.00","0.0","0.0",,"89","68","  270","  250","8.9","14.1",,,,,,,
"USW00094728","NY CITY CENTRAL PARK, NY US","2023-07-12","3.13",,"0.00","0.0","0.0",,"91","76","  250","  270","10.1","16.1",,,,,,,
"USW00094728","NY CITY CENTRAL PARK, NY US","2023-07-13","2.46",,"0.00","0.0","0.0",,"88","77","  190","  120","8.1","19.0",,,,,,,
"USW00094728","NY CITY CENTRAL PARK, NY US","2023-07-14","4.47",,"0.48","0.0","0.0",,"84","71","   50","  230","16.1","30.0","    1",,"    1",,,,
"USW00094728","NY CITY CENTRAL PARK, NY US","2023-07-15","1.57",,"0.04","0.0","0.0",,"88","71","  120","  100","8.9","28.0","    1",,"    1",,,,
"USW00094728","NY CITY CENTRAL PARK, NY US","2023-07-16","1.57",,"1.32","0.0","0.0",,"78","74","  220","  120","8.1","21.9","    1","    1","    1",,,,
"USW00094728","NY CITY CENTRAL PARK, NY US","2023-07-17","2.68",,"0.00","0.0","0.0",,"88","74","  230","  200","8.1","14.1","    1",,,,,"    1",
"USW00094728","NY CITY CENTRAL PARK, NY US","2023-07-18","1.34",,"0.22","0.0","0.0",,"84","73","  220","  200","8.9","16.1","    1",,"    1",,,"    1",
"USW00094728","NY CITY CENTRAL PARK, NY US","2023-07-19","1.34",,"0.00","0.0","0.0",,"80","72","  130","  260","8.1","11.0","    1",,,,,"    1",
"USW00094728","NY CITY CENTRAL PARK, NY US","2023-07-20","2.68",,"0.00","0.0","0.0",,"88","72","   60","  210","8.1","14.1","    1",,,,,"    1",
"USW00094728","NY CITY CENTRAL PARK, NY US","2023-07-21","3.13",,"0.15","0.0","0.0",,"84","71","  280","  260","10.1","17.0","    1",,"    1",,,,
"USW00094728","NY CITY CENTRAL PARK, NY US","2023-07-22","3.13",,"0.00","0.0","0.0",,"85","70","   30","  290","10.1","15.0",,,,,,,
"USW00094728","NY CITY CENTRAL PARK, NY US","2023-07-23","1.57",,"0.00","0.0","0.0",,"88","69","  220","  220","8.9","15.0",,,,,,,
"USW00094728","NY CITY CENTRAL PARK, NY US","2023-07-24","3.13",,"0.00","0.0","0.0",,"85","74","  210","  230","12.1","18.1",,,,,,,
"USW00094728","NY CITY CENTRAL PARK, NY US","2023-07-25","2.91",,"0.28","0.0","0.0",,"86","68","  280","  270","13.0","23.9","    1",,"    1",,,,
"USW00094728","NY CITY CENTRAL PARK, NY US","2023-07-26","2.01",,"0.00","0.0","0.0",,"87","68","  200","  220","8.9","15.0","    1",,,,,,
"USW00094728","NY CITY CENTRAL PARK, NY US","2023-07-27","4.92",,"0.15","0.0","0.0",,"92","75","  230","  240","14.1","25.9","    1",,"    1",,,,
"USW00094728","NY CITY CENTRAL PARK, NY US","2023-07-28","2.46",,"0.00","0.0","0.0",,"92","75","  240","  230","12.1","23.9","    1",,"    1",,,,
"USW00094728","NY CITY CENTRAL PARK, NY US","2023-07-29","5.14",,"0.06","0.0","0.0",,"89","70","  280","  290","15.0","27.1",,,"    1",,,"    1",
"USW00094728","NY CITY CENTRAL PARK, NY US","2023-07-30","4.70",,"0.00","0.0","0.0",,"80","66","  300","  300","13.0","19.0",,,,,,,
"USW00094728","NY CITY CENTRAL PARK, NY US","2023-07-31","2.91",,"0.00","0.0","0.0",,"85","66","   40","  300","10.1","17.0",,,,,,,
"USW00094728","NY CITY CENTRAL PARK, NY US","2023-08-01","4.70",,"0.00","0.0","0.0",,"82","65","   50","   40","13.0","18.1",,,,,,,
"USW00094728","NY CITY CENTRAL PARK, NY US","2023-08-02","2.91",,"0.00","0.0","0.0",,"81","64","  220","  230","8.9","13.0",,,,,,,
"USW00094728","NY CITY CENTRAL PARK, NY US","2023-08-03","3.13",,"0.00","0.0","0.0",,"80","66","  180","  180","10.1","19.9",,,,,,,
"USW00094728","NY CITY CENTRAL PARK, NY US","2023-08-04","2.68",,"0.00","0.0","0.0",,"77","71","  200","  200","8.1","15.0",,,,,,,
"USW00094728","NY CITY CENTRAL PARK, NY US","2023-08-05","3.36",,"0.00","0.0","0.0",,"87","71","   70","  220","10.1","14.1",,,,,,,
"USW00094728","NY CITY CENTRAL PARK, NY US","2023-08-06","2.24",,"0.00","0.0","0.0",,"87","69","   70","  180","8.9","16.1",,,,,,,
"USW00094728","NY CITY CENTRAL PARK, NY US","2023-08-07","2.01",,"1.12","0.0","0.0",,"81","68","  220","  110","8.9","21.0","    1",,,,,,
"USW00094728","NY CITY CENTRAL PARK, NY US","2023-08-08","5.37",,"0.01","0.0","0.0",,"80","70","  280","  260","16.1","28.0","    1",,,,,,
"USW00094728","NY CITY CENTRAL PARK, NY US","2023-08-09","6.93",,"0.00","0.0","0.0",,"86","69","  280","  250","15.0","23.0",,,,,,,
"USW00094728","NY CITY CENTRAL PARK, NY US","2023-08-10","2.01",,"0.48","0.0","0.0",,"81","70","  220","  230","8.1","17.0","    1",,"    1",,,"    1",
"USW00094728","NY CITY CENTRAL PARK, NY US","2023-08-11","3.80",,"0.00","0.0","0.0",,"85","67","  290","  270","13.0","21.0","    1",,,,,,
"USW00094728","NY CITY CENTRAL PARK, NY US","2023-08-12","2.91",,"0.00","0.0","0.0",,"85","69","   60","  190","8.1","19.9",,,"    1",,,,
"USW00094728","NY CITY CENTRAL PARK, NY US","2023-08-13","4.70",,"0.69","0.0","0.0",,"88","69","  270","  210","10.1","30.0","    1",,,,,,
"USW00094728","NY CITY CENTRAL PARK, NY US","2023-08-14","1.12",,"0.02","0.0","0.0",,"87","72","   70","   80","6.9","13.0",,,,,,,
"USW00094728","NY CITY CENTRAL PARK, NY US","2023-08-15","4.70",,"0.77","0.0","0.0",,"80","70","   60","   60","14.1","19.9","    1",,,,,,
"USW00094728","NY CITY CENTRAL PARK, NY US","2023-08-16","2.91",,"1.33","0.0","0.0",,"82","69","   80","  120","8.9","14.1","    1","    1","    1",,,,
"USW00094728","NY CITY CENTRAL PARK, NY US","2023-08-17","3.80",,"0.00","0.0","0.0",,"79","72","  120","  120","12.1","19.9","    1",,,,,"    1",
"USW00094728","NY CITY CENTRAL PARK, NY US","2023-08-18","4.92",,"0.77","0.0","0.0",,"80","65","  290","  300","18.1","29.1","    1",,"    1",,,,
"USW00094728","NY CITY CENTRAL PARK, NY US","2023-08-19","4.92",,"0.00","0.0","0.0",,"78","63","  280","  260","12.1","19.0",,,,,,,
"USW00094728","NY CITY CENTRAL PARK, NY US","2023-08-20","3.58",,"0.00","0.0","0.0",,"85","66","  260","  220","10.1","16.1",,,,,,,
"USW00094728","NY CITY CENTRAL PARK, NY US","2023-08-21","4.47",,"0.00","0.0","0.0",,"88","73","  300","  280","10.1","16.1",,,,,,,
"USW00094728","NY CITY CENTRAL PARK, NY US","2023-08-22","4.92",,"0.00","0.0","0.0",,"79","67","   10","   50","14.1","21.9",,,,,,,
"USW00094728","NY CITY CENTRAL PARK, NY US","2023-08-23","3.13",,"0.00","0.0","0.0",,"80","64","   70","   40","12.1","18.1",,,,,,,
"USW00094728","NY CITY CENTRAL PARK, NY US","2023-08-24","1.12",,"0.14","0.0","0.0",,"73","67","  190","  130","8.1","15.0","    1",,,,,,
"USW00094728","NY CITY CENTRAL PARK, NY US","2023-08-25","1.34",,"0.44","0.0","0.0",,"78","69","  200","  100","8.9","28.0","    1",,,,,"    1",
"USW00094728","NY CITY CENTRAL PARK, NY US","2023-08-26","2.68",,"0.52","0.0","0.0",,"84","73","   60","  290","8.9","14.1","    1",,,,,,
"USW00094728","NY CITY CENTRAL PARK, NY US","2023-08-27","4.70",,"0.00","0.0","0.0",,"84","70","   60","   40","10.1","15.0",,,,,,,
"USW00094728","NY CITY CENTRAL PARK, NY US","2023-08-28","3.80",,"0.00","0.0","0.0",,"76","69","  110","  160","8.9","19.0",,,,,,"    1",
"USW00094728","NY CITY CENTRAL PARK, NY US","2023-08-29","4.25",,"0.00","0.0","0.0",,"80","68","   60","   60","10.1","14.1",,,,,,,
"USW00094728","NY CITY CENTRAL PARK, NY US","2023-08-30","4.92",,"0.27","0.0","0.0",,"83","68","  310","  290","14.1","23.9","    1",,,,,,
"USW00094728","NY CITY CENTRAL PARK, NY US","2023-08-31","7.38",,"0.00","0.0","0.0",,"77","64","   40","   20","16.1","23.9",,,,,,,
"USW00094728","NY CITY CENTRAL PARK, NY US","2023-09-01","4.47",,"0.00","0.0","0.0",,"76","61","   60","   20","13.0","18.1",,,,,,,
"USW00094728","NY CITY CENTRAL PARK, NY US","2023-09-02","2.24",,"0.00","0.0","0.0",,"79","62","  220","  230","8.9","14.1",,,,,,,
"USW00094728","NY CITY CENTRAL PARK, NY US","2023-09-03","4.03",,"0.00","0.0","0.0",,"88","68","  240","  280","10.1","16.1",,,,,,,
"USW00094728","NY CITY CENTRAL PARK, NY US","2023-09-04","1.79",,"0.00","0.0","0.0",,"89","73","   60","   60","14.1","18.1",,,,,,,
"USW00094728","NY CITY CENTRAL PARK, NY US","2023-09-05","2.91",,"0.00","0.0","0.0",,"92","75","   60","   50","8.9","13.0",,,,,,"    1",
"USW00094728","NY CITY CENTRAL PARK, NY US","2023-09-06","2.46",,"0.00","0.0","0.0",,"93","77","   50","  260","8.1","11.0",,,,,,,
"USW00094728","NY CITY CENTRAL PARK, NY US","2023-09-07","2.01",,"0.00","0.0","0.0",,"93","76","  300","  300","10.1","19.0",,,,,,,
"USW00094728","NY CITY CENTRAL PARK, NY US","2023-09-08","1.79",,"0.10","0.0","0.0",,"90","71","  290","  280","12.1","17.0","    1",,"    1",,,"    1",
"USW00094728","NY CITY CENTRAL PARK, NY US","2023-09-09","1.12",,"0.02","0.0","0.0",,"84","70","   70","   60","15.0","25.1","    1",,"    1",,,"    1",
"USW00094728","NY CITY CENTRAL PARK, NY US","2023-09-10","2.46",,"1.80","0.0","0.0",,"77","69","   70","   30","12.1","19.9","    1","    1","    1",,,"    1",
"USW00094728","NY CITY CENTRAL PARK, NY US","2023-09-11","2.91",,"1.66","0.0","0.0",,"82","69","  210","  220","10.1","15.0","    1","    1","    1",,,,
"USW00094728","NY CITY CENTRAL PARK, NY US","2023-09-12","0.89",,"0.00","0.0","0.0",,"82","68","  230","  210","6.9","11.0","    1",,,,,,
"USW00094728","NY CITY CENTRAL PARK, NY US","2023-09-13","2.68",,"0.22","0.0","0.0",,"79","70","  220","  210","10.1","16.1","    1",,,,,,
"USW00094728","NY CITY CENTRAL PARK, NY US","2023-09-14","5.37",,"0.00","0.0","0.0",,"77","63","  290","  350","12.1","19.0",,,,,,,
"USW00094728","NY CITY CENTRAL PARK, NY US","2023-09-15","6.26",,"0.00","0.0","0.0",,"69","58","   50","   10","14.1","21.9",,,,,,,
"USW00094728","NY CITY CENTRAL PARK, NY US","2023-09-16","6.26",,"0.00","0.0","0.0",,"75","60","  300","  310","15.0","21.9",,,,,,,
"USW00094728","NY CITY CENTRAL PARK, NY US","2023-09-17","2.24",,"0.21","0.0","0.0",,"77","59","  120","  190","8.1","13.0","    1",,,,,,
"USW00094728","NY CITY CENTRAL PARK, NY US","2023-09-18","3.36",,"1.34","0.0","0.0",,"68","60","  290","  290","12.1","17.0","    1","    1",,,,,
"USW00094728","NY CITY CENTRAL PARK, NY US","2023-09-19","4.47",,"0.00","0.0","0.0",,"72","58","  290","  270","13.0","19.9",,,,,,,
"USW00094728","NY CITY CENTRAL PARK, NY US","2023-09-20","2.68",,"0.00","0.0","0.0",,"74","58","  300","  250","10.1","15.0",,,,,,,
"USW00094728","NY CITY CENTRAL PARK, NY US","2023-09-21","3.36",,"0.00","0.0","0.0",,"71","57","   50","   40","8.9","14.1",,,,,,,
"USW00094728","NY CITY CENTRAL PARK, NY US","2023-09-22","6.93",,"0.00","0.0","0.0",,"71","59","   70","   50","17.0","25.9",,,,,,,
"USW00094728","NY CITY CENTRAL PARK, NY US","2023-09-23","11.63",,"0.96","0.0","0.0",,"63","57","   60","   60","19.9","33.1","    1",,,,,,
"USW00094728","NY CITY CENTRAL PARK, NY US","2023-09-24","11.86",,"1.25","0.0","0.0",,"66","62","   60","   60","19.9","31.1","    1",,,,,,
"USW00094728","NY CITY CENTRAL PARK, NY US","2023-09-25","9.62",,"0.59","0.0","0.0",,"66","57","   60","   40","23.0","36.9","    1",,,,,"    1",
"USW00094728","NY CITY CENTRAL PARK, NY US","2023-09-26","6.71",,"0.20","0.0","0.0",,"60","54","   60","   60","14.1","21.0","    1",,,,,,
"USW00094728","NY CITY CENTRAL PARK, NY US","2023-09-27","6.93",,"0.00","0.0","0.0",,"64","50","   60","   50","18.1","25.9",,,,,,,
"USW00094728","NY CITY CENTRAL PARK, NY US","2023-09-28","6.49",,"0.38","0.0","0.0",,"65","56","   60","   40","14.1","21.0","    1",,,,,,
"USW00094728","NY CITY CENTRAL PARK, NY US","2023-09-29","8.05",,"5.48","0.0","0.0",,"63","59","   80","   60","17.0","29.1","    1","    1","    1",,,,
"USW00094728","NY CITY CENTRAL PARK, NY US","2023-09-30","5.14",,"0.04","0.0","0.0",,"66","57","   30","   20","13.0","18.1","    1",,,,,"    1",
"USW00094728","NY CITY CENTRAL PARK, NY US","2023-10-01","4.25",,"0.00","0.0","0.0",,"76","59","   40","   20","14.1","19.0",,,,,,,
"USW00094728","NY CITY CENTRAL PARK, NY US","2023-10-02","2.24",,"0.00","0.0","0.0",,"77","63","   20","   10","12.1","19.0",,,,,,,
"USW00094728","NY CITY CENTRAL PARK, NY US","2023-10-03","0.89",,"0.00","0.0","0.0",,"80","61","  280","  280","6.9","8.9",,,,,,"    1",
"USW00094728","NY CITY CENTRAL PARK, NY US","2023-10-04","1.57",,"0.00","0.0","0.0",,"83","66","  140","  120","6.9","13.0","    1",,,,,"    1",
"USW00094728","NY CITY CENTRAL PARK, NY US","2023-10-05","2.24",,"0.00","0.0","0.0",,"77","62","  130","  130","8.9","14.1","    1",,,,,,
"USW00094728","NY CITY CENTRAL PARK, NY US","2023-10-06","2.24",,"0.14","0.0","0.0",,"71","67","   90","  100","10.1","12.1","    1",,,,,,
"USW00094728","NY CITY CENTRAL PARK, NY US","2023-10-07","5.82",,"0.35","0.0","0.0",,"69","53","  280","  280","14.1","21.0","    1",,,,,,
"USW00094728","NY CITY CENTRAL PARK, NY US","2023-10-08","6.71",,"0.00","0.0","0.0",,"59","50","  220","  210","15.0","25.1",,,,,,,
"USW00094728","NY CITY CENTRAL PARK, NY US","2023-10-09","4.03",,"0.00","0.0","0.0",,"60","49","  260","  240","12.1","18.1",,,,,,,
"USW00094728","NY CITY CENTRAL PARK, NY US","2023-10-10","3.36",,"0.02","0.0","0.0",,"63","52","  220","  210","12.1","18.1",,,,,,,
"USW00094728","NY CITY CENTRAL PARK, NY US","2023-10-11","2.01",,"0.00","0.0","0.0",,"69","55","  240","  250","12.1","18.1",,,,,,,
"USW00094728","NY CITY CENTRAL PARK, NY US","2023-10-12","1.79",,"0.00","0.0","0.0",,"69","53","  300","  240","8.1","11.0",,,,,,"    1",
"USW00094728","NY CITY CENTRAL PARK, NY US","2023-10-13","3.80",,"0.00","0.0","0.0",,"63","51","   60","   60","10.1","15.0",,,,,,,
"USW00094728","NY CITY CENTRAL PARK, NY US","2023-10-14","4.47",,"0.81","0.0","0.0",,"56","49","   50","   50","13.0","17.0","    1",,,,,,
"USW00094728","NY CITY CENTRAL PARK, NY US","2023-10-15","5.82",,"0.01","0.0","0.0",,"60","50","  300","  300","14.1","23.0",,,,,,,
"USW00094728","NY CITY CENTRAL PARK, NY US","2023-10-16","4.03",,"0.00","0.0","0.0",,"63","48","   60","   10","12.1","16.1",,,,,,,
"USW00094728","NY CITY CENTRAL PARK, NY US","2023-10-17","2.91",,"0.00","0.0","0.0",,"61","51","   50","   70","10.1","14.1",,,,,,,
"USW00094728","NY CITY CENTRAL PARK, NY US","2023-10-18","2.01",,"0.00","0.0","0.0",,"63","52","  210","  180","6.9","12.1",,,,,,,
"USW00094728","NY CITY CENTRAL PARK, NY US","2023-10-19","2.01",,"0.00","0.0","0.0",,"64","52","  250","  130","8.9","15.0",,,,,,,
"USW00094728","NY CITY CENTRAL PARK, NY US","2023-10-20","2.68",,"0.84","0.0","0.0",,"63","59","  110","  130","8.9","17.0","    1",,"    1",,,,
"USW00094728","NY CITY CENTRAL PARK, NY US","2023-10-21","5.59",,"0.67","0.0","0.0",,"63","56","  280","  270","18.1","28.0","    1",,,,,,
"USW00094728","NY CITY CENTRAL PARK, NY US","2023-10-22","8.28",,"0.00","0.0","0.0",,"57","48","  310","  300","18.1","31.1",,,,,,,
"USW00094728","NY CITY CENTRAL PARK, NY US","2023-10-23","5.37",,"0.00","0.0","0.0",,"60","47","  300","  300","15.0","25.1",,,,,,,
"USW00094728","NY CITY CENTRAL PARK, NY US","2023-10-24","2.91",,"0.00","0.0","0.0",,"65","47","  240","  250","8.9","17.0",,,,,,,
"USW00094728","NY CITY CENTRAL PARK, NY US","2023-10-25","5.14",,"0.00","0.0","0.0",,"72","53","  240","  230","13.0","21.0",,,,,,,
"USW00094728","NY CITY CENTRAL PARK, NY US","2023-10-26","2.46",,"0.00","0.0","0.0",,"77","58","  240","  250","10.1","17.0",,,,,,,
"USW00094728","NY CITY CENTRAL PARK, NY US","2023-10-27","3.80",,"0.00","0.0","0.0",,"74","63","  240","  230","8.9","16.1",,,,,,,
"USW00094728","NY CITY CENTRAL PARK, NY US","2023-10-28","4.92",,"0.00","0.0","0.0",,"80","63","  230","  230","10.1","17.0",,,,,,,
"USW00094728","NY CITY CENTRAL PARK, NY US","2023-10-29","6.93",,"0.47","0.0","0.0",,"63","51","   60","   50","14.1","21.9","    1",,,,,,
"USW00094728","NY CITY CENTRAL PARK, NY US","2023-10-30","4.47",,"0.59","0.0","0.0",,"60","50","  310","  310","15.0","23.0","    1",,,,,"    1",
"USW00094728","NY CITY CENTRAL PARK, NY US","2023-10-31","3.80",,"0.00","0.0","0.0",,"51","45","   60","   60","14.1","19.9",,,,,,,
"USW00094728","NY CITY CENTRAL PARK, NY US","2023-11-01","6.71",,"0.01","0.0","0.0",,"49","39","  300","  310","15.0","25.9",,,,,,,
"USW00094728","NY CITY CENTRAL PARK, NY US","2023-11-02","4.47",,"0.00","0.0","0.0",,"48","35","  220","  220","8.9","14.1",,,,,,,
"USW00094728","NY CITY CENTRAL PARK, NY US","2023-11-03","4.92",,"0.00","0.0","0.0",,"55","42","  220","  240","12.1","19.9",,,,,,,
"USW00094728","NY CITY CENTRAL PARK, NY US","2023-11-04","2.91",,"0.00","0.0","0.0",,"61","47","  250","  250","12.1","17.0",,,,,,,
"USW00094728","NY CITY CENTRAL PARK, NY US","2023-11-05","2.24",,"0.00","0.0","0.0",,"65","49","  350","  330","8.9","16.1",,,,,,,
"USW00094728","NY CITY CENTRAL PARK, NY US","2023-11-06","3.80",,"0.00","0.0","0.0",,"56","44","   50","   60","12.1","17.0",,,,,,,
"USW00094728","NY CITY CENTRAL PARK, NY US","2023-11-07","5.14",,"0.06","0.0","0.0",,"64","53","  240","  250","13.0","19.9","    1",,,,,,
"USW00094728","NY CITY CENTRAL PARK, NY US","2023-11-08","5.37",,"0.00","0.0","0.0",,"54","43","  300","  290","16.1","25.1",,,,,,,
"USW00094728","NY CITY CENTRAL PARK, NY US","2023-11-09","3.13",,"0.00","0.0","0.0",,"57","42","   80","   80","8.9","17.0",,,,,,,
"USW00094728","NY CITY CENTRAL PARK, NY US","2023-11-10","4.47",,"0.00","0.0","0.0",,"53","45","  230","  230","13.0","21.0",,,,,,,
"USW00094728","NY CITY CENTRAL PARK, NY US","2023-11-11","4.03",,"0.00","0.0","0.0",,"55","42","  350","   20","12.1","19.9",,,,,,,
"USW00094728","NY CITY CENTRAL PARK, NY US","2023-11-12","5.14",,"0.00","0.0","0.0",,"44","36","   50","   50","14.1","19.0",,,,,,,
"USW00094728","NY CITY CENTRAL PARK, NY US","2023-11-13","3.58",,"0.00","0.0","0.0",,"49","35","  230","  230","12.1","19.9",,,,,,,
"USW00094728","NY CITY CENTRAL PARK, NY US","2023-11-14","4.92",,"0.00","0.0","0.0",,"53","42","  300","   10","14.1","23.0",,,,,,,
"USW00094728","NY CITY CENTRAL PARK, NY US","2023-11-15","2.91",,"0.00","0.0","0.0",,"53","39","  220","  220","13.0","23.0",,,,,,,
"USW00094728","NY CITY CENTRAL PARK, NY US","2023-11-16","3.36",,"0.00","0.0","0.0",,"65","46","  250","  250","10.1","17.0",,,,,,,
"USW00094728","NY CITY CENTRAL PARK, NY US","2023-11-17","4.47",,"0.00","0.0","0.0",,"67","52","  240","  240","13.0","19.0",,,,,,,
"USW00094728","NY CITY CENTRAL PARK, NY US","2023-11-18","6.04",,"0.00","0.0","0.0",,"63","41","  300","  300","15.0","23.0",,,,,,,
"USW00094728","NY CITY CENTRAL PARK, NY US","2023-11-19","4.70",,"0.00","0.0","0.0",,"55","40","  230","  290","14.1","23.0",,,,,,,
"USW00094728","NY CITY CENTRAL PARK, NY US","2023-11-20","4.92",,"0.00","0.0","0.0",,"46","37","   50","   50","13.0","21.0",,,,,,,
"USW00094728","NY CITY CENTRAL PARK, NY US","2023-11-21","7.38",,"0.59","0.0","0.0",,"48","33","   80","   90","16.1","28.0","    1",,,,,,
"USW00094728","NY CITY CENTRAL PARK, NY US","2023-11-22","4.70",,"1.93","0.0","0.0",,"54","48","  110","  130","14.1","25.9","    1",,,,,,
"USW00094728","NY CITY CENTRAL PARK, NY US","2023-11-23","6.93",,"0.00","0.0","0.0",,"52","44","  310","  290","17.0","25.1",,,,,,,
"USW00094728","NY CITY CENTRAL PARK, NY US","2023-11-24","6.26",,"0.00","0.0","0.0",,"51","33","  300","   10","16.1","23.0",,,,,,,
"USW00094728","NY CITY CENTRAL PARK, NY US","2023-11-25","2.24",,"0.00","0.0","0.0",,"40","30","  300","  300","10.1","14.1",,,,,,,
"USW00094728","NY CITY CENTRAL PARK, NY US","2023-11-26","4.47",,"0.28","0.0","0.0",,"56","35","  120","  130","17.0","29.1","    1",,,,,,
"USW00094728","NY CITY CENTRAL PARK, NY US","2023-11-27","6.71",,"0.08","0.0","0.0",,"56","36","  270","  290","16.1","25.9","    1",,,,,,
"USW00094728","NY CITY CENTRAL PARK, NY US","2023-11-28","9.62",,"0.00","0.0","0.0",,"41","32","  280","  250","16.1","28.0",,,,,,,
"USW00094728","NY CITY CENTRAL PARK, NY US","2023-11-29","4.70",,"0.00","0.0","0.0",,"38","27","  240","  300","14.1","21.9",,,,,,,
"USW00094728","NY CITY CENTRAL PARK, NY US","2023-11-30","5.82",,"0.00","0.0","0.0",,"51","34","  220","  220","12.1","21.0",,,,,,,
"USW00094728","NY CITY CENTRAL PARK, NY US","2023-12-01","3.58",,"0.41","0.0","0.0",,"51","43","  230","  240","10.1","19.0","    1",,,,,,
"USW00094728","NY CITY CENTRAL PARK, NY US","2023-12-02","2.24",,"0.00","0.0","0.0",,"60","47","  230","  230","10.1","15.0","    1",,,,,"    1",
"USW00094728","NY CITY CENTRAL PARK, NY US","2023-12-03","7.16",,"0.55","0.0","0.0",,"53","48","   60","   60","16.1","23.9","    1",,,,,"    1",
"USW00094728","NY CITY CENTRAL PARK, NY US","2023-12-04","6.04",,"0.00","0.0","0.0",,"54","42","  230","  210","15.0","23.9","    1",,,,,"    1",
"USW00094728","NY CITY CENTRAL PARK, NY US","2023-12-05","4.03",,"0.00","0.0","0.0",,"43","38","   60","  360","12.1","17.0",,,,,,,
"USW00094728","NY CITY CENTRAL PARK, NY US","2023-12-06","6.04",,"0.00","0.0","0.0",,"43","33","  300","  300","14.1","21.0",,,,,,,
"USW00094728","NY CITY CENTRAL PARK, NY US","2023-12-07","6.04",,"0.00","0.0","0.0",,"39","32","  240","  240","13.0","18.1",,,,,,,
"USW00094728","NY CITY CENTRAL PARK, NY US","2023-12-08","2.91",,"0.00","0.0","0.0",,"51","38","  230","  220","10.1","15.0",,,,,,,
"USW00094728","NY CITY CENTRAL PARK, NY US","2023-12-09","2.01",,"0.00","0.0","0.0",,"59","44","  210","  220","8.1","12.1","    1",,,,,"    1",
"USW00094728","NY CITY CENTRAL PARK, NY US","2023-12-10","4.03",,"1.12","0.0","0.0",,"61","50","   20","  310","16.1","23.0","    1",,"    1",,,,
"USW00094728","NY CITY CENTRAL PARK, NY US","2023-12-11","8.05",,"0.55","0.0","0.0",,"50","38","  300","  320","18.1","35.1","    1",,"    1",,,,
"USW00094728","NY CITY CENTRAL PARK, NY US","2023-12-12","5.59",,"0.00","0.0","0.0",,"44","36","  250","  230","16.1","23.0",,,,,,,
"USW00094728","NY CITY CENTRAL PARK, NY US","2023-12-13","6.71",,"0.00","0.0","0.0",,"47","36","  310","  300","14.1","23.0",,,,,,,
"USW00094728","NY CITY CENTRAL PARK, NY US","2023-12-14","6.26",,"0.00","0.0","0.0",,"41","33","  300","  290","15.0","19.9",,,,,,,
"USW00094728","NY CITY CENTRAL PARK, NY US","2023-12-15","5.37",,"0.00","0.0","0.0",,"58","37","  230","  240","15.0","21.0",,,,,,,
"USW00094728","NY CITY CENTRAL PARK, NY US","2023-12-16","5.82",,"0.00","0.0","0.0",,"54","46","   50","   30","13.0","18.1",,,,,,,
"USW00094728","NY CITY CENTRAL PARK, NY US","2023-12-17","6.71",,"0.26","0.0","0.0",,"59","47","  120","  120","16.1","30.0","    1",,,,,,
"USW00094728","NY CITY CENTRAL PARK, NY US","2023-12-18","8.95",,"2.21","0.0","0.0",,"62","42","  160","  170","21.9","36.0","    1",,,,,,
"USW00094728","NY CITY CENTRAL PARK, NY US","2023-12-19","7.61",,"0.00","0.0","0.0",,"44","32","  300","  290","16.1","23.9",,,,,,"    1",
"USW00094728","NY CITY CENTRAL PARK, NY US","2023-12-20","6.04",,"0.00","0.0","0.0",,"46","30","  300","  300","14.1","21.0",,,,,,,
"USW00094728","NY CITY CENTRAL PARK, NY US","2023-12-21","6.49",,"0.00","0.0","0.0",,"42","30","  360","   30","14.1","23.9",,,,,,,
"USW00094728","NY CITY CENTRAL PARK, NY US","2023-12-22","3.58",,"0.00","0.0","0.0",,"37","25","   50","   30","8.9","15.0",,,,,,,
"USW00094728","NY CITY CENTRAL PARK, NY US","2023-12-23","3.58",,"0.00","0.0","0.0",,"44","34","   60","   90","8.9","13.0",,,,,,,
"USW00094728","NY CITY CENTRAL PARK, NY US","2023-12-24","1.57",,"0.02","0.0","0.0",,"49","40","  100","  100","8.1","11.0","    1",,,,,,
"USW00094728","NY CITY CENTRAL PARK, NY US","2023-12-25","3.13",,"0.00","0.0","0.0",,"49","43","   60","   80","8.1","12.1","    1",,,,,"    1",
"USW00094728","NY CITY CENTRAL PARK, NY US","2023-12-26","1.57",,"0.00","0.0","0.0",,"51","44","   90","  120","6.9","8.9","    1",,,,,"    1",
"USW00094728","NY CITY CENTRAL PARK, NY US","2023-12-27","5.14",,"0.32","0.0","0.0",,"50","45","   60","   60","18.1","28.0","    1",,,,,"    1",
"USW00094728","NY CITY CENTRAL PARK, NY US","2023-12-28","6.93",,"1.22","0.0","0.0",,"55","49","   80","   90","21.9","32.0","    1",,,,,,
"USW00094728","NY CITY CENTRAL PARK, NY US","2023-12-29","3.36",,"0.05","0.0","0.0",,"55","46","  240","  220","14.1","21.9","    1",,,,,,
"USW00094728","NY CITY CENTRAL PARK, NY US","2023-12-30","6.49",,"0.00","0.0","0.0",,"46","39","  280","  280","14.1","21.0",,,,,,,
"USW00094728","NY CITY CENTRAL PARK, NY US","2023-12-31","5.37",,"0.00","0.0","0.0",,"43","39","  300","  300","13.0","21.0",,,,,,,
"USW00094728","NY CITY CENTRAL PARK, NY US","2024-01-01","3.36",,"0.03","0.0","0.0",,"47","35","  270","  220","8.9","16.1",,,,,,,
"USW00094728","NY CITY CENTRAL PARK, NY US","2024-01-02","4.03",,"0.00","0.0","0.0",,"42","29","  300","  320","10.1","16.1",,,,,,,
"USW00094728","NY CITY CENTRAL PARK, NY US","2024-01-03","4.92",,"0.00","0.0","0.0",,"43","34","  300","  320","10.1","15.0",,,,,,,
"USW00094728","NY CITY CENTRAL PARK, NY US","2024-01-04","7.61",,"0.00","0.0","0.0",,"45","28","  310","  300","19.9","30.0",,,,,,,
"USW00094728","NY CITY CENTRAL PARK, NY US","2024-01-05","7.16",,"0.00","0.0","0.0",,"37","26","  300","  290","16.1","23.9",,,,,,,
"USW00094728","NY CITY CENTRAL PARK, NY US","2024-01-06","6.93",,"0.41","0.2","0.0",,"38","31","   70","   60","23.0","35.1","    1",,,,,"    1",
"USW00094728","NY CITY CENTRAL PARK, NY US","2024-01-07","7.61",,"0.24","0.0","0.0",,"38","34","   50","   70","15.0","23.9","    1",,,,,,
"USW00094728","NY CITY CENTRAL PARK, NY US","2024-01-08","5.14",,"0.00","0.0","0.0",,"45","36","  300","   20","18.1","30.0",,,,,,"    1",
"USW00094728","NY CITY CENTRAL PARK, NY US","2024-01-09","6.49",,"1.73","0.0","0.0",,"57","36","  150","  130","23.0","42.9","    1",,,,,,
"USW00094728","NY CITY CENTRAL PARK, NY US","2024-01-10","8.50",,"0.22","0.0","0.0",,"57","44","  240","  230","21.9","36.0","    1",,,,,,
"USW00094728","NY CITY CENTRAL PARK, NY US","2024-01-11","6.93",,"0.00","0.0","0.0",,"47","41","  240","  240","15.0","23.0",,,,,,,
"USW00094728","NY CITY CENTRAL PARK, NY US","2024-01-12","6.93",,"0.08","0.0","0.0",,"50","40","   80","   20","16.1","32.0","    1",,,,,,
"USW00094728","NY CITY CENTRAL PARK, NY US","2024-01-13","9.62",,"0.81","0.0","0.0",,"60","35","  270","  280","21.0","38.9","    1",,,,,,
"USW00094728","NY CITY CENTRAL PARK, NY US","2024-01-14","8.28",,"0.00","0.0","0.0",,"44","26","  270","  280","25.1","36.9",,,,,,,
"USW00094728","NY CITY CENTRAL PARK, NY US","2024-01-15","5.14",,"0.04","0.4","0.0",,"29","23","  280","   30","13.0","23.9","    1",,,,,,
"USW00094728","NY CITY CENTRAL PARK, NY US","2024-01-16","9.17",,"0.28","1.3","1.2",,"32","22","   40","   30","21.0","36.0","    1",,,,"    1","    1",
"USW00094728","NY CITY CENTRAL PARK, NY US","2024-01-17","8.28",,"0.00","0.0","1.2",,"24","17","  240","   10","18.1","28.0",,,,,,,
"USW00094728","NY CITY CENTRAL PARK, NY US","2024-01-18","6.04",,"0.00","0.0","1.2",,"34","22","  230","  240","16.1","25.9",,,,,,"    1",
"USW00094728","NY CITY CENTRAL PARK, NY US","2024-01-19","7.38",,"0.04","0.4","1.2",,"32","26","   40","   30","21.9","36.9",,,,,,"    1",
"USW00094728","NY CITY CENTRAL PARK, NY US","2024-01-20","10.74",,"0.00","0.0","1.2",,"26","18","  340","   10","21.0","36.0",,,,,,,
"USW00094728","NY CITY CENTRAL PARK, NY US","2024-01-21","9.17",,"0.00","0.0","1.2",,"31","20","  310","  360","21.0","35.1",,,,,,,
"USW00094728","NY CITY CENTRAL PARK, NY US","2024-01-22","7.16",,"0.00","0.0","1.2",,"38","25","  230","   20","15.0","21.9",,,,,,,
"USW00094728","NY CITY CENTRAL PARK, NY US","2024-01-23","4.92",,"0.05","0.0","1.2",,"40","34","  340","   30","16.1","28.0",,,,,,"    1",
"USW00094728","NY CITY CENTRAL PARK, NY US","2024-01-24",,,"0.05","0.0","0.0",,"48","38","   90","   30","12.1","36.9","    1",,,,,"    1",
"USW00094728","NY CITY CENTRAL PARK, NY US","2024-01-25","4.25",,"0.24","0.0","0.0",,"59","46","   90","   30","13.0","23.0","    1",,,,,"    1",
"USW00094728","NY CITY CENTRAL PARK, NY US","2024-01-26","5.59",,"0.19","0.0","0.0",,"46","42","   50","   40","13.0","30.0","    1",,,,,,
"USW00094728","NY CITY CENTRAL PARK, NY US","2024-01-27",,,"0.00","0.0","0.0",,"49","43","   10","   30","11.0","36.9","    1",,,,,,
"USW00094728","NY CITY CENTRAL PARK, NY US","2024-01-28","9.40",,"0.82","0.0","0.0",,"44","37","   60","   50","25.9","44.1","    1",,,,,,
"USW00094728","NY CITY CENTRAL PARK, NY US","2024-01-29","7.61",,"0.05","0.0","0.0",,"40","36","   30","   40","17.0","35.1","    1",,,,,,
"USW00094728","NY CITY CENTRAL PARK, NY US","2024-01-30","4.70",,"0.00","0.0","0.0",,"38","35","   70","   70","14.1","25.9","    1",,,,,"    1",
"USW00094728","NY CITY CENTRAL PARK, NY US","2024-01-31","3.58",,"0.00","0.0","0.0",,"40","34","   80","   80","10.1","19.9","    1",,,,,"    1",
"USW00094728","NY CITY CENTRAL PARK, NY US","2024-02-01","3.80",,"0.00","0.0","0.0",,"46","37","  250","  220","12.1","19.0",,,,,,"    1",
"USW00094728","NY CITY CENTRAL PARK, NY US","2024-02-02","5.82",,"0.32","0.0","0.0",,"46","38","  360","  360","13.0","25.1","    1",,,,,"    1",
"USW00094728","NY CITY CENTRAL PARK, NY US","2024-02-03","8.28",,"0.00","0.0","0.0",,"43","32","   10","   10","15.0","23.9",,,,,,,
"USW00094728","NY CITY CENTRAL PARK, NY US","2024-02-04","5.14",,"0.00","0.0","0.0",,"46","31","   20","   20","14.1","21.0",,,,,,,
"USW00094728","NY CITY CENTRAL PARK, NY US","2024-02-05","7.38",,"0.00","0.0","0.0",,"45","32","   40","   40","17.0","35.1",,,,,,,
"USW00094728","NY CITY CENTRAL PARK, NY US","2024-02-06","6.71",,"0.00","0.0","0.0",,"42","29","   40","   30","15.0","23.0",,,,,,,
"USW00094728","NY CITY CENTRAL PARK, NY US","2024-02-07","4.25",,"0.00","0.0","0.0",,"48","33","   60","   50","8.9","14.1",,,,,,,
"USW00094728","NY CITY CENTRAL PARK, NY US","2024-02-08","3.13",,"0.00","0.0","0.0",,"53","37","  180","  170","8.9","15.0",,,,,,,
"USW00094728","NY CITY CENTRAL PARK, NY US","2024-02-09","4.25",,"0.00","0.0","0.0",,"55","43","  140","  170","10.1","21.9",,,,,,,
"USW00094728","NY CITY CENTRAL PARK, NY US","2024-02-10","3.13",,"0.00","0.0","0.0",,"60","47","  220","  220","10.1","17.0",,,,,,,
"USW00094728","NY CITY CENTRAL PARK, NY US","2024-02-11","5.82",,"0.00","0.0","0.0",,"56","43","  310","  290","13.0","21.9",,,,,,,
"USW00094728","NY CITY CENTRAL PARK, NY US","2024-02-12","4.25",,"0.00","0.0","0.0",,"48","37","   60","   60","14.1","21.0",,,,,,,
"USW00094728","NY CITY CENTRAL PARK, NY US","2024-02-13","8.50",,"0.77","3.2","1.2",,"41","33","   70","   40","17.0","27.1","    1","    1",,,,,
"USW00094728","NY CITY CENTRAL PARK, NY US","2024-02-14","11.41",,"0.00","0.0","2.0",,"38","29","  300","  300","21.9","36.9",,,,,,,
"USW00094728","NY CITY CENTRAL PARK, NY US","2024-02-15","6.04",,"0.00","0.0","0.0",,"39","27","  310","  320","13.0","25.1",,,,,,,
"USW00094728","NY CITY CENTRAL PARK, NY US","2024-02-16","8.28",,"0.00","0.0","0.0",,"43","36","  310","  320","19.9","34.0",,,,,,,
"USW00094728","NY CITY CENTRAL PARK, NY US","2024-02-17","7.61",,"0.18","2.0","2.0",,"36","27","  310","  310","15.0","29.1","    1",,,,,"    1",
"USW00094728","NY CITY CENTRAL PARK, NY US","2024-02-18","7.16",,"0.00","0.0","0.0",,"40","26","  240","  270","18.1","33.1",,,,,,,
"USW00094728","NY CITY CENTRAL PARK, NY US","2024-02-19","4.92",,"0.00","0.0","0.0",,"41","31","  300","  300","15.0","23.9",,,,,,,
"USW00094728","NY CITY CENTRAL PARK, NY US","2024-02-20","5.37",,"0.00","0.0","0.0",,"40","26","   40","   20","15.0","23.0",,,,,,,
"USW00094728","NY CITY CENTRAL PARK, NY US","2024-02-21","4.70",,"0.00","0.0","0.0",,"43","30","  130","  120","12.1","18.1",,,,,,,
"USW00094728","NY CITY CENTRAL PARK, NY US","2024-02-22","3.80",,"0.04","0.0","0.0",,"45","35","  130","  180","13.0","19.9","    1",,,,,,
"USW00094728","NY CITY CENTRAL PARK, NY US","2024-02-23","2.91",,"0.04","0.0","0.0",,"47","42","  300","  290","8.9","15.0","    1",,,,,"    1",
"USW00094728","NY CITY CENTRAL PARK, NY US","2024-02-24","6.49",,"0.00","0.0","0.0",,"44","28","  300","  300","16.1","23.0",,,,,,,
"USW00094728","NY CITY CENTRAL PARK, NY US","2024-02-25","4.25",,"0.00","0.0","0.0",,"41","23","  220","  190","13.0","21.0",,,,,,,
"USW00094728","NY CITY CENTRAL PARK, NY US","2024-02-26","4.47",,"0.01","0.0","0.0",,"55","35","  220","  210","13.0","23.0",,,,,,,
"USW00094728","NY CITY CENTRAL PARK, NY US","2024-02-27","4.92",,"0.52","0.0","0.0",,"55","40","  140","  200","12.1","19.9","    1",,,,,"    1",
"USW00094728","NY CITY CENTRAL PARK, NY US","2024-02-28","7.61",,"0.17","0.0","0.0",,"62","44","  280","  290","28.0","49.0","    1",,,,,"    1",
"USW00094728","NY CITY CENTRAL PARK, NY US","2024-02-29","10.07",,"0.00","0.0","0.0",,"43","31","  310","  320","23.9","42.9",,,,,,,
"USW00094728","NY CITY CENTRAL PARK, NY US","2024-03-01","4.25",,"0.00","0.0","0.0",,"48","30","  140","  130","14.1","23.0",,,,,,,
"USW00094728","NY CITY CENTRAL PARK, NY US","2024-03-02","4.47",,"1.27","0.0","0.0",,"55","42","  130","  100","12.1","25.1","    1",,,,,"    1",
"USW00094728","NY CITY CENTRAL PARK, NY US","2024-03-03","4.25",,"0.00","0.0","0.0",,"68","48","   60","  290","12.1","18.1","    1",,,,,"    1",
"USW00094728","NY CITY CENTRAL PARK, NY US","2024-03-04","5.82",,"0.00","0.0","0.0",,"59","46","  100","   90","13.0","21.9",,,,,,"    1",
"USW00094728","NY CITY CENTRAL PARK, NY US","2024-03-05","9.17",,"0.43","0.0","0.0",,"49","42","   60","   70","23.0","36.9","    1",,,,,"    1",
"USW00094728","NY CITY CENTRAL PARK, NY US","2024-03-06","4.70",,"1.20","0.0","0.0",,"53","47","   60","   60","21.0","30.0","    1",,,,,"    1",
"USW00094728","NY CITY CENTRAL PARK, NY US","2024-03-07","7.83",,"0.11","0.0","0.0",,"54","44","   20","   40","19.9","31.1","    1",,,,,,
"USW00094728","NY CITY CENTRAL PARK, NY US","2024-03-08","5.14",,"0.00","0.0","0.0",,"57","40","   60","   40","15.0","23.9",,,,,,,
"USW00094728","NY CITY CENTRAL PARK, NY US","2024-03-09","7.38",,"1.53","0.0","0.0",,"49","41","   90","  100","19.9","32.0","    1",,,,,"    1",
"USW00094728","NY CITY CENTRAL PARK, NY US","2024-03-10","9.62",,"0.03","0.0","0.0",,"51","37","  280","  270","21.9","38.0","    1",,,,,,
"USW00094728","NY CITY CENTRAL PARK, NY US","2024-03-11","12.75",,"0.00","0.0","0.0",,"52","35","  310","  290","25.9","53.0",,,,,,"    1",
"USW00094728","NY CITY CENTRAL PARK, NY US","2024-03-12","6.04",,"0.00","0.0","0.0",,"66","43","  280","  270","15.0","27.1",,,,,,,
"USW00094728","NY CITY CENTRAL PARK, NY US","2024-03-13","3.58",,"0.00","0.0","0.0",,"62","48","  140","  140","12.1","19.9",,,,,,,
"USW00094728","NY CITY CENTRAL PARK, NY US","2024-03-14","2.46",,"0.00","0.0","0.0",,"74","46","  140","  130","12.1","19.9",,,,,,,
"USW00094728","NY CITY CENTRAL PARK, NY US","2024-03-15","6.71",,"0.00","0.0","0.0",,"73","51","  300","  290","18.1","28.0",,,,,,,
"USW00094728","NY CITY CENTRAL PARK, NY US","2024-03-16","4.47",,"0.00","0.0","0.0",,"61","47","  140","  180","13.0","23.0",,,,,,,
"USW00094728","NY CITY CENTRAL PARK, NY US","2024-03-17","6.71",,"0.00","0.0","0.0",,"63","48","  280","  280","18.1","31.1",,,,,,,
"USW00094728","NY CITY CENTRAL PARK, NY US","2024-03-18","7.38",,"0.00","0.0","0.0",,"51","38","  310","  320","17.0","29.1",,,,,,,
"USW00094728","NY CITY CENTRAL PARK, NY US","2024-03-19","7.61",,"0.00","0.0","0.0",,"48","36","  240","  250","17.0","31.1",,,,,,,
"USW00094728","NY CITY CENTRAL PARK, NY US","2024-03-20","6.71",,"0.01","0.0","0.0",,"57","34","  310","  320","21.9","38.9",,,,,,,
"USW00094728","NY CITY CENTRAL PARK, NY US","2024-03-21","9.17",,"0.00","0.0","0.0",,"43","30","  280","  280","19.9","36.9",,,,,,,
"USW00094728","NY CITY CENTRAL PARK, NY US","2024-03-22","4.92",,"0.00","0.0","0.0",,"46","29","  300","  280","13.0","23.0",,,,,,,
"USW00094728","NY CITY CENTRAL PARK, NY US","2024-03-23","7.16",,"3.66","0.0","0.0",,"50","35","  300","  300","18.1","35.1","    1","    1",,,,"    1",
"USW00094728","NY CITY CENTRAL PARK, NY US","2024-03-24","7.83",,"0.00","0.0","0.0",,"48","31","   20","   50","16.1","25.9",,,,,,,
"USW00094728","NY CITY CENTRAL PARK, NY US","2024-03-25","8.72",,"0.00","0.0","0.0",,"53","35","   60","   40","25.1","36.0",,,,,,,
"USW00094728","NY CITY CENTRAL PARK, NY US","2024-03-26","6.04",,"0.00","0.0","0.0",,"53","39","   40","   60","16.1","23.9",,,,,,,
"USW00094728","NY CITY CENTRAL PARK, NY US","2024-03-27","2.68",,"0.06","0.0","0.0",,"52","42","  240","  240","12.1","16.1","    1",,,,,"    1",
"USW00094728","NY CITY CENTRAL PARK, NY US","2024-03-28","4.70",,"0.70","0.0","0.0",,"51","44","   30","  290","13.0","19.9","    1",,,,,,
"USW00094728","NY CITY CENTRAL PARK, NY US","2024-03-29","11.18",,"0.00","0.0","0.0",,"56","42","  300","  300","23.0","40.0",,,,,,,
"USW00094728","NY CITY CENTRAL PARK, NY US","2024-03-30","8.50",,"0.04","0.0","0.0",,"62","41","  240","  280","18.1","32.0",,,,,,,
"USW00094728","NY CITY CENTRAL PARK, NY US","2024-03-31","4.47",,"0.02","0.0","0.0",,"62","47","  300","  300","14.1","23.0",,,,,,"    1",
"USW00094728","NY CITY CENTRAL PARK, NY US","2024-04-01","2.91",,"0.01","0.0","0.0",,"54","49","   90","  100","10.1","16.1",,,,,,"    1",
"USW00094728","NY CITY CENTRAL PARK, NY US","2024-04-02","6.93",,"0.87","0.0","0.0",,"51","44","   50","   60","15.0","23.0","    1",,,,,,
"USW00094728","NY CITY CENTRAL PARK, NY US","2024-04-03","14.09",,"1.55","0.0","0.0",,"45","41","   60","   40","33.1","59.1","    1",,,,,,
"USW00094728","NY CITY CENTRAL PARK, NY US","2024-04-04","6.71",,"0.21","0.0","0.0",,"53","37","   50","   50","25.9","45.0","    1",,,,,,
"USW00094728","NY CITY CENTRAL PARK, NY US","2024-04-05","8.05",,"0.00","0.0","0.0",,"50","38","  280","  260","16.1","30.0",,,,,,"    1",
"USW00094728","NY CITY CENTRAL PARK, NY US","2024-04-06","7.61",,"0.00","0.0","0.0",,"54","42","   20","   10","16.1","29.1",,,,,,,
"USW00094728","NY CITY CENTRAL PARK, NY US","2024-04-07","6.49",,"0.00","0.0","0.0",,"60","43","   50","   40","17.0","27.1",,,,,,,
"USW00094728","NY CITY CENTRAL PARK, NY US","2024-04-08","2.24",,"0.00","0.0","0.0",,"69","43","  220","  290","8.1","13.0",,,,,,,
"USW00094728","NY CITY CENTRAL PARK, NY US","2024-04-09","2.91",,"0.00","0.0","0.0",,"80","55","  170","  170","12.1","19.0",,,,,,,
"USW00094728","NY CITY CENTRAL PARK, NY US","2024-04-10","6.71",,"0.00","0.0","0.0",,"67","51","   50","   60","13.0","21.0",,,,,,,
"USW00094728","NY CITY CENTRAL PARK, NY US","2024-04-11","6.26",,"0.24","0.0","0.0",,"61","50","  150","  170","15.0","30.0","    1",,,,,"    1",
"USW00094728","NY CITY CENTRAL PARK, NY US","2024-04-12","8.95",,"0.34","0.0","0.0",,"63","56","  230","  230","17.0","40.9","    1",,"    1",,,"    1",
"USW00094728","NY CITY CENTRAL PARK, NY US","2024-04-13","11.63",,"0.01","0.0","0.0",,"56","47","  280","  280","23.9","44.1",,,,,,,
"USW00094728","NY CITY CENTRAL PARK, NY US","2024-04-14","4.92",,"0.10","0.0","0.0",,"75","48","  230","  220","21.9","38.9",,,,,,,
"USW00094728","NY CITY CENTRAL PARK, NY US","2024-04-15","5.37",,"0.00","0.0","0.0",,"82","58","   40","   50","17.0","30.0",,,,,,,
"USW00094728","NY CITY CENTRAL PARK, NY US","2024-04-16","4.25",,"0.00","0.0","0.0",,"73","54","  310","  300","14.1","21.9",,,,,,,
"USW00094728","NY CITY CENTRAL PARK, NY US","2024-04-17","6.93",,"0.02","0.0","0.0",,"62","50","   70","   50","15.0","21.9",,,,,,,
"USW00094728","NY CITY CENTRAL PARK, NY US","2024-04-18","10.74",,"0.01","0.0","0.0",,"50","45","   60","  100","21.9","35.1","    1",,,,,"    1",
"USW00094728","NY CITY CENTRAL PARK, NY US","2024-04-19","5.14",,"0.00","0.0","0.0",,"60","46","   60","   50","13.0","19.0",,,,,,,
"USW00094728","NY CITY CENTRAL PARK, NY US","2024-04-20","4.25",,"0.05","0.0","0.0",,"71","47","  300","  350","16.1","28.0","    1",,,,,"    1",
"USW00094728","NY CITY CENTRAL PARK, NY US","2024-04-21","5.37",,"0.00","0.0","0.0",,"54","42","  270","  280","14.1","21.9",,,,,,,
"USW00094728","NY CITY CENTRAL PARK, NY US","2024-04-22","4.03",,"0.00","0.0","0.0",,"64","42","  300","   50","13.0","21.9",,,,,,,
"USW00094728","NY CITY CENTRAL PARK, NY US","2024-04-23","4.92",,"0.00","0.0","0.0",,"65","46","  160","  170","17.0","32.0",,,,,,,
"USW00094728","NY CITY CENTRAL PARK, NY US","2024-04-24","4.92",,"0.00","0.0","0.0",,"74","50","  300","  290","17.0","31.1",,,"    1",,,,
"USW00094728","NY CITY CENTRAL PARK, NY US","2024-04-25","5.59",,"0.00","0.0","0.0",,"60","43","   50","   40","18.1","28.0",,,,,,,
"USW00094728","NY CITY CENTRAL PARK, NY US","2024-04-26","4.47",,"0.00","0.0","0.0",,"65","43","  140","  210","12.1","23.0",,,,,,,
"USW00094728","NY CITY CENTRAL PARK, NY US","2024-04-27","3.13",,"0.00","0.0","0.0",,"64","46","  180","  170","12.1","21.9",,,,,,,
"USW00094728","NY CITY CENTRAL PARK, NY US","2024-04-28","1.34",,"0.01","0.0","0.0",,"79","52","  190","  210","8.9","15.0","    1",,,,,"    1",
"USW00094728","NY CITY CENTRAL PARK, NY US","2024-04-29","3.36",,"0.02","0.0","0.0",,"87","63","  120","  120","12.1","25.9","    1",,,,,"    1",
"USW00094728","NY CITY CENTRAL PARK, NY US","2024-04-30","7.38",,"0.03","0.0","0.0",,"66","52","   50","   50","15.0","23.0","    1",,,,,"    1",
"USW00094728","NY CITY CENTRAL PARK, NY US","2024-05-01","2.91",,"0.02","0.0","0.0",,"80","53","  130","  120","10.1","19.9","    1",,,,,"    1",
"USW00094728","NY CITY CENTRAL PARK, NY US","2024-05-02","3.58",,"0.00","0.0","0.0",,"79","53","   30","   30","14.1","23.9","    1",,,,,"    1",
"USW00094728","NY CITY CENTRAL PARK, NY US","2024-05-03","5.37",,"0.00","0.0","0.0",,"65","52","   60","   80","15.0","21.9",,,,,,,
"USW00094728","NY CITY CENTRAL PARK, NY US","2024-05-04","4.92",,"0.00","0.0","0.0",,"63","49","  120","  100","10.1","21.0",,,,,,,
"USW00094728","NY CITY CENTRAL PARK, NY US","2024-05-05","4.70",,"0.31","0.0","0.0",,"54","49","  130","  130","12.1","21.9","    1",,,,,"    1",
"USW00094728","NY CITY CENTRAL PARK, NY US","2024-05-06","2.24",,"0.00","0.0","0.0",,"74","53","  210","  250","8.1","13.0","    1",,,,,"    1",
"USW00094728","NY CITY CENTRAL PARK, NY US","2024-05-07","3.36",,"0.00","0.0","0.0",,"80","59","   30","  130","12.1","19.0",,,,,,,
"USW00094728","NY CITY CENTRAL PARK, NY US","2024-05-08","3.80",,"0.21","0.0","0.0",,"84","65","  240","  210","13.0","25.9","    1",,,,,"    1",
"USW00094728","NY CITY CENTRAL PARK, NY US","2024-05-09","5.82",,"0.00","0.0","0.0",,"70","56","  300","  120","13.0","21.0",,,,,,,
"USW00094728","NY CITY CENTRAL PARK, NY US","2024-05-10","6.04",,"0.23","0.0","0.0",,"56","48","   60","   40","16.1","25.1","    1",,,,,,
"USW00094728","NY CITY CENTRAL PARK, NY US","2024-05-11","3.13",,"0.00","0.0","0.0",,"64","47","   50","  190","13.0","25.1","    1",,,,,,
"USW00094728","NY CITY CENTRAL PARK, NY US","2024-05-12","2.68",,"0.15","0.0","0.0",,"57","48","  250","  220","8.9","16.1","    1",,,,,,
"USW00094728","NY CITY CENTRAL PARK, NY US","2024-05-13","3.80",,"0.00","0.0","0.0",,"65","49","  220","  250","10.1","17.0",,,,,,"    1",
"USW00094728","NY CITY CENTRAL PARK, NY US","2024-05-14","1.79",,"0.03","0.0","0.0",,"72","55","  180","  220","8.1","16.1","    1",,,,,,
"USW00094728","NY CITY CENTRAL PARK, NY US","2024-05-15","7.61",,"0.28","0.0","0.0",,"64","59","   40","   70","17.0","33.1","    1",,,,,,
"USW00094728","NY CITY CENTRAL PARK, NY US","2024-05-16","8.28",,"0.27","0.0","0.0",,"64","59","   50","   40","17.0","29.1","    1",,,,,,
"USW00094728","NY CITY CENTRAL PARK, NY US","2024-05-17","4.47",,"0.00","0.0","0.0",,"72","58","   60","   60","18.1","28.0","    1",,,,,,
"USW00094728","NY CITY CENTRAL PARK, NY US","2024-05-18","3.80",,"0.04","0.0","0.0",,"69","59","   60","   80","10.1","15.0","    1",,,,,,
"USW00094728","NY CITY CENTRAL PARK, NY US","2024-05-19","4.25",,"0.00","0.0","0.0",,"75","56","   80","   50","13.0","19.9",,,,,,,
"USW00094728","NY CITY CENTRAL PARK, NY US","2024-05-20","3.58",,"0.00","0.0","0.0",,"74","55","  150","  130","8.9","19.9","    1",,,,,,
"USW00094728","NY CITY CENTRAL PARK, NY US","2024-05-21","2.91",,"0.00","0.0","0.0",,"83","58","  240","  110","8.9","16.1",,,,,,"    1",
"USW00094728","NY CITY CENTRAL PARK, NY US","2024-05-22","5.14",,"0.00","0.0","0.0",,"84","67","  250","  200","10.1","21.9",,,,,,,
"USW00094728","NY CITY CENTRAL PARK, NY US","2024-05-23","2.91",,"0.78","0.0","0.0",,"79","67","  260","  260","12.1","23.9","    1","    1","    1",,,,
"USW00094728","NY CITY CENTRAL PARK, NY US","2024-05-24","2.46",,"0.00","0.0","0.0",,"84","68","  280","  290","12.1","19.9",,,,,,,
"USW00094728","NY CITY CENTRAL PARK, NY US","2024-05-25","2.46",,"0.00","0.0","0.0",,"81","66","  130","  340","10.1","17.0",,,,,,,
"USW00094728","NY CITY CENTRAL PARK, NY US","2024-05-26","2.91",,"0.00","0.0","0.0",,"82","65","  140","  180","8.1","19.0","    1",,,,,"    1",
"USW00094728","NY CITY CENTRAL PARK, NY US","2024-05-27","2.91",,"0.96","0.0","0.0",,"73","66","  140","  190","12.1","25.1","    1","    1","    1",,,,
"USW00094728","NY CITY CENTRAL PARK, NY US","2024-05-28","6.49",,"0.00","0.0","0.0",,"79","65","  300","  220","16.1","29.1","    1",,,,,,
"USW00094728","NY CITY CENTRAL PARK, NY US","2024-05-29","3.58",,"0.65","0.0","0.0",,"76","60","  220","  220","17.0","30.0","    1",,"    1",,,,
"USW00094728","NY CITY CENTRAL PARK, NY US","2024-05-30","4.92",,"0.18","0.0","0.0",,"71","57","   50","   10","15.0","19.9",,,,,,"    1",
"USW00094728","NY CITY CENTRAL PARK, NY US","2024-05-31","4.47",,"0.00","0.0","0.0",,"75","59","  300","  240","12.1","21.9",,,,,,,
"USW00094728","NY CITY CENTRAL PARK, NY US","2024-06-01","2.91",,"0.00","0.0","0.0",,"83","60","  290","  210","8.9","17.0",,,,,,,
"USW00094728","NY CITY CENTRAL PARK, NY US","2024-06-02","2.46",,"0.00","0.0","0.0",,"81","67","  230","  230","10.1","19.0",,,,,,,
"USW00094728","NY CITY CENTRAL PARK, NY US","2024-06-03","2.91",,"0.00","0.0","0.0",,"86","72","   50","   40","10.1","14.1",,,,,,"    1",
"USW00094728","NY CITY CENTRAL PARK, NY US","2024-06-04","2.91",,"0.00","0.0","0.0",,"79","65","   60","  120","8.9","16.1","    1",,,,,"    1",
"USW00094728","NY CITY CENTRAL PARK, NY US","2024-06-05","2.46",,"0.00","0.0","0.0",,"79","65","  130","  180","10.1","21.9","    1",,,,,"    1",
"USW00094728","NY CITY CENTRAL PARK, NY US","2024-06-06","2.01",,"0.77","0.0","0.0",,"81","68","  300","  310","16.1","25.1","    1","    1","    1",,,"    1",
"USW00094728","NY CITY CENTRAL PARK, NY US","2024-06-07","3.36",,"0.00","0.0","0.0",,"82","66","  290","  290","17.0","32.0","    1",,,,,,
"USW00094728","NY CITY CENTRAL PARK, NY US","2024-06-08","5.59",,"0.00","0.0","0.0",,"76","63","  290","  250","15.0","28.0",,,,,,,
"USW00094728","NY CITY CENTRAL PARK, NY US","2024-06-09","4.92",,"0.00","0.0","0.0",,"74","65","  300","  220","14.1","31.1",,,,,,,
"USW00094728","NY CITY CENTRAL PARK, NY US","2024-06-10","6.04",,"0.00","0.0","0.0",,"75","62","  300","  310","13.0","21.9",,,,,,,
"USW00094728","NY CITY CENTRAL PARK, NY US","2024-06-11","3.13",,"0.00","0.0","0.0",,"73","59","   50","   50","8.9","14.1",,,,,,,
"USW00094728","NY CITY CENTRAL PARK, NY US","2024-06-12","2.24",,"0.00","0.0","0.0",,"76","61","  250","  290","8.1","13.0",,,,,,,
"USW00094728","NY CITY CENTRAL PARK, NY US","2024-06-13","3.13",,"0.00","0.0","0.0",,"84","65","  220","  200","12.1","19.9",,,,,,,
"USW00094728","NY CITY CENTRAL PARK, NY US","2024-06-14","3.36",,"0.28","0.0","0.0",,"85","65","  290","  290","17.0","33.1","    1","    1","    1",,,,
"USW00094728","NY CITY CENTRAL PARK, NY US","2024-06-15","3.58",,"0.00","0.0","0.0",,"80","65","   40","   60","14.1","21.0",,,,,,,
"USW00094728","NY CITY CENTRAL PARK, NY US","2024-06-16","5.14",,"0.00","0.0","0.0",,"78","63","   50","   40","13.0","19.9",,,,,,,
"USW00094728","NY CITY CENTRAL PARK, NY US","2024-06-17","2.91",,"0.00","0.0","0.0",,"83","65","  220","  120","8.9","19.0",,,,,,,
"USW00094728","NY CITY CENTRAL PARK, NY US","2024-06-18","3.13",,"0.00","0.0","0.0",,"86","71","  140","  200","8.9","19.0",,,,,,,
"USW00094728","NY CITY CENTRAL PARK, NY US","2024-06-19","2.46",,"0.00","0.0","0.0",,"89","72","  220","  200","8.9","19.0",,,,,,,
"USW00094728","NY CITY CENTRAL PARK, NY US","2024-06-20","3.36",,"0.00","0.0","0.0",,"91","72","  210","  230","8.9","17.0",,,,,,,
"USW00094728","NY CITY CENTRAL PARK, NY US","2024-06-21","3.58",,"0.00","0.0","0.0",,"94","76","   60","   60","16.1","25.9",,,,,,,
"USW00094728","NY CITY CENTRAL PARK, NY US","2024-06-22","0.89",,"0.11","0.0","0.0",,"93","75","  340","  340","10.1","18.1","    1",,"    1",,,"    1",
"USW00094728","NY CITY CENTRAL PARK, NY US","2024-06-23",,,"0.00","0.0","0.0",,"92","73","  240","  260","12.1","29.1",,,,,,"    1",
"USW00094728","NY CITY CENTRAL PARK, NY US","2024-06-24",,,"0.00","0.0","0.0",,"80","72","  300","  300","19.9","35.1",,,,,,,
"USW00094728","NY CITY CENTRAL PARK, NY US","2024-06-25","4.25",,"0.00","0.0","0.0",,"90","69","  310","  270","13.0","21.9",,,,,,,
"USW00094728","NY CITY CENTRAL PARK, NY US","2024-06-26","4.03",,"0.08","0.0","0.0",,"93","70","  290","  290","21.0","46.1","    1",,"    1",,,,
"USW00094728","NY CITY CENTRAL PARK, NY US","2024-06-27","5.82",,"0.23","0.0","0.0",,"84","67","  300","  320","13.0","21.9","    1",,"    1",,,,
"USW00094728","NY CITY CENTRAL PARK, NY US","2024-06-28","3.58",,"0.00","0.0","0.0",,"79","64","   60","  130","12.1","19.9",,,,,,,
"USW00094728","NY CITY CENTRAL PARK, NY US","2024-06-29","4.25",,"0.06","0.0","0.0",,"79","66","  180","  220","13.0","25.9","    1",,,,,,
"USW00094728","NY CITY CENTRAL PARK, NY US","2024-06-30","4.92",,"0.18","0.0","0.0",,"85","70","  300","  310","15.0","23.0","    1",,"    1",,,"    1",
"USW00094728","NY CITY CENTRAL PARK, NY US","2024-07-01","6.04",,"0.00","0.0","0.0",,"81","64","   40","   20","15.0","28.0",,,,,,,
"USW00094728","NY CITY CENTRAL PARK, NY US","2024-07-02","3.13",,"0.00","0.0","0.0",,"86","66","   50","   50","8.9","17.0",,,,,,,
"USW00094728","NY CITY CENTRAL PARK, NY US","2024-07-03","3.80",,"0.00","0.0","0.0",,"83","69","  200","  200","10.1","23.9",,,,,,,
"USW00094728","NY CITY CENTRAL PARK, NY US","2024-07-04","2.91",,"0.04","0.0","0.0",,"89","70","  130","  210","8.9","18.1","    1","    1",,,,"    1",
"USW00094728","NY CITY CENTRAL PARK, NY US","2024-07-05","1.57",,"0.10","0.0","0.0",,"90","74","  150","  130","10.1","19.9","    1","    1","    1",,,"    1",
"USW00094728","NY CITY CENTRAL PARK, NY US","2024-07-06","1.34",,"0.05","0.0","0.0",,"92","73","  140","  120","10.1","18.1","    1",,"    1",,,,
"USW00094728","NY CITY CENTRAL PARK, NY US","2024-07-07","4.03",,"0.00","0.0","0.0",,"93","79","   50","  360","8.9","16.1",,,,,,"    1",
"USW00094728","NY CITY CENTRAL PARK, NY US","2024-07-08","2.01",,"0.00","0.0","0.0",,"95","77","   70","  180","8.9","15.0",,,,,,"    1",
"USW00094728","NY CITY CENTRAL PARK, NY US","2024-07-09","2.24",,"0.00","0.0","0.0",,"89","75","  230","  170","8.9","19.0","    1",,,,,,
"USW00094728","NY CITY CENTRAL PARK, NY US","2024-07-10","3.13",,"0.00","0.0","0.0",,"91","78","  180","  180","13.0","29.1",,,,,,,
"USW00094728","NY CITY CENTRAL PARK, NY US","2024-07-11","4.70",,"0.11","0.0","0.0",,"89","75","  230","  230","14.1","23.9","    1",,,,,,
"USW00094728","NY CITY CENTRAL PARK, NY US","2024-07-12","1.34",,"0.06","0.0","0.0",,"84","72","  210","  190","8.1","15.0","    1",,,,,,
"USW00094728","NY CITY CENTRAL PARK, NY US","2024-07-13","1.57",,"2.06","0.0","0.0",,"87","72","  130","  230","8.1","14.1","    1","    1",,,,,
"USW00094728","NY CITY CENTRAL PARK, NY US","2024-07-14","2.46",,"0.00","0.0","0.0",,"90","75","  220","  220","10.1","23.9",,,"    1",,,,
"USW00094728","NY CITY CENTRAL PARK, NY US","2024-07-15","2.46",,"0.12","0.0","0.0",,"91","73","  260","  230","10.1","21.9","    1",,"    1",,,"    1",
"USW00094728","NY CITY CENTRAL PARK, NY US","2024-07-16","3.80",,"0.00","0.0","0.0",,"94","78","  240","  200","14.1","29.1",,,,,,,
"USW00094728","NY CITY CENTRAL PARK, NY US","2024-07-17","2.91",,"1.46","0.0","0.0",,"90","72","  240","  290","14.1","23.9","    1","    1",,,,,
"USW00094728","NY CITY CENTRAL PARK, NY US","2024-07-18","2.68",,"0.00","0.0","0.0",,"86","72","  300","  290","10.1","18.1","    1",,,,,,
"USW00094728","NY CITY CENTRAL PARK, NY US","2024-07-19","2.91",,"0.00","0.0","0.0",,"83","67","   50","   40","8.9","16.1",,,,,,,
"USW00094728","NY CITY CENTRAL PARK, NY US","2024-07-20","2.01",,"0.00","0.0","0.0",,"83","71","  210","  220","12.1","19.9",,,,,,,
"USW00094728","NY CITY CENTRAL PARK, NY US","2024-07-21","2.68",,"0.00","0.0","0.0",,"88","73","   60","  220","8.1","15.0",,,,,,,
"USW00094728","NY CITY CENTRAL PARK, NY US","2024-07-22","2.68",,"0.01","0.0","0.0",,"84","71","  140","  130","8.9","19.0","    1",,,,,,
"USW00094728","NY CITY CENTRAL PARK, NY US","2024-07-23","4.03",,"0.11","0.0","0.0",,"81","71","   60","   90","10.1","15.0","    1",,,,,,
"USW00094728","NY CITY CENTRAL PARK, NY US","2024-07-24","4.25",,"0.00","0.0","0.0",,"81","73","   60","  100","10.1","17.0","    1",,,,,"    1",
"USW00094728","NY CITY CENTRAL PARK, NY US","2024-07-25","2.91",,"0.00","0.0","0.0",,"83","72","  270","  260","10.1","19.9",,,,,,,
"USW00094728","NY CITY CENTRAL PARK, NY US","2024-07-26","5.14",,"0.00","0.0","0.0",,"84","67","   30","   60","15.0","23.9",,,,,,,
"USW00094728","NY CITY CENTRAL PARK, NY US","2024-07-27","3.58",,"0.00","0.0","0.0",,"87","69","   50","   50","8.9","16.1",,,,,,,
"USW00094728","NY CITY CENTRAL PARK, NY US","2024-07-28","3.80",,"0.00","0.0","0.0",,"89","70","   70","  170","12.1","15.0",,,,,,,
"USW00094728","NY CITY CENTRAL PARK, NY US","2024-07-29","2.91",,"0.05","0.0","0.0",,"84","68","   60","  130","12.1","16.1","    1",,"    1",,,"    1",
"USW00094728","NY CITY CENTRAL PARK, NY US","2024-07-30","2.91",,"0.00","0.0","0.0",,"88","75","  140","  170","12.1","25.1","    1",,,,,,
"USW00094728","NY CITY CENTRAL PARK, NY US","2024-07-31","3.36",,"0.03","0.0","0.0",,"89","73","  300","  290","15.0","28.0",,,"    1",,,,
"USW00094728","NY CITY CENTRAL PARK, NY US","2024-08-01","2.01",,"0.00","0.0","0.0",,"95","76","  270","  260","8.9","16.1",,,,,,,
"USW00094728","NY CITY CENTRAL PARK, NY US","2024-08-02","2.46",,"0.52","0.0","0.0",,"92","74","  140","  190","12.1","23.9","    1","    1","    1",,,"    1",
"USW00094728","NY CITY CENTRAL PARK, NY US","2024-08-03","4.03",,"0.73","0.0","0.0",,"93","73","  230","  200","14.1","21.9","    1","    1","    1",,,"    1",
"USW00094728","NY CITY CENTRAL PARK, NY US","2024-08-04","3.13",,"0.17","0.0","0.0",,"83","71","  240","  220","8.9","17.0","    1",,"    1",,,,
"USW00094728","NY CITY CENTRAL PARK, NY US","2024-08-05","2.68",,"0.00","0.0","0.0",,"90","73","  170","  120","8.1","19.0",,,,,,,
"USW00094728","NY CITY CENTRAL PARK, NY US","2024-08-06","3.36",,"2.08","0.0","0.0",,"90","72","   50","  260","12.1","19.0","    1",,"    1",,,,
"USW00094728","NY CITY CENTRAL PARK, NY US","2024-08-07","8.28",,"0.13","0.0","0.0",,"72","64","   50","   40","16.1","28.0","    1",,,,,,
"USW00094728","NY CITY CENTRAL PARK, NY US","2024-08-08","7.16",,"0.36","0.0","0.0",,"70","65","   60","  100","13.0","21.9","    1",,,,,,
"USW00094728","NY CITY CENTRAL PARK, NY US","2024-08-09","6.04",,"0.11","0.0","0.0",,"80","70","  160","  200","15.0","32.0","    1",,,,,,
"USW00094728","NY CITY CENTRAL PARK, NY US","2024-08-10","4.47",,"0.00","0.0","0.0",,"85","73","  270","  270","12.1","19.9","    1",,,,,,
"USW00094728","NY CITY CENTRAL PARK, NY US","2024-08-11","2.91",,"0.00","0.0","0.0",,"80","69","  300","  300","12.1","19.9",,,,,,,
"USW00094728","NY CITY CENTRAL PARK, NY US","2024-08-12","3.36",,"0.00","0.0","0.0",,"81","66","  350","  360","13.0","21.0",,,,,,,
"USW00094728","NY CITY CENTRAL PARK, NY US","2024-08-13","3.58",,"0.00","0.0","0.0",,"81","64","  300","  300","13.0","19.9",,,,,,,
"USW00094728","NY CITY CENTRAL PARK, NY US","2024-08-14","3.13",,"0.00","0.0","0.0",,"85","67","   90","   90","15.0","21.9",,,,,,,
"USW00094728","NY CITY CENTRAL PARK, NY US","2024-08-15","0.89",,"0.00","0.0","0.0",,"86","68","  290","   10","8.1","13.0",,,,,,,
"USW00094728","NY CITY CENTRAL PARK, NY US","2024-08-16","3.13",,"0.00","0.0","0.0",,"87","70","  130","  140","8.9","18.1",,,,,,,
"USW00094728","NY CITY CENTRAL PARK, NY US","2024-08-17","3.58",,"0.04","0.0","0.0",,"79","67","  130","  120","10.1","19.9","    1",,,,,"    1",
"USW00094728","NY CITY CENTRAL PARK, NY US","2024-08-18","3.13",,"2.29","0.0","0.0",,"81","69","  290","  230","13.0","25.1","    1","    1","    1",,,"    1",
"USW00094728","NY CITY CENTRAL PARK, NY US","2024-08-19","2.91",,"0.25","0.0","0.0",,"84","68","  300","  300","14.1","23.9","    1",,,,,,
"USW00094728","NY CITY CENTRAL PARK, NY US","2024-08-20","5.82",,"0.00","0.0","0.0",,"72","61","  290","  300","13.0","21.9",,,,,,,
"USW00094728","NY CITY CENTRAL PARK, NY US","2024-08-21","5.82",,"0.00","0.0","0.0",,"73","57","  310","  280","13.0","23.9",,,,,,,
"USW00094728","NY CITY CENTRAL PARK, NY US","2024-08-22","3.36",,"0.00","0.0","0.0",,"76","59","  300","  280","13.0","19.0",,,,,,,
"USW00094728","NY CITY CENTRAL PARK, NY US","2024-08-23","2.68",,"0.00","0.0","0.0",,"80","62","  280","  280","12.1","19.0",,,,,,,
"USW00094728","NY CITY CENTRAL PARK, NY US","2024-08-24","1.34",,"0.00","0.0","0.0",,"83","65","  220","  220","8.1","14.1",,,,,,,
"USW00094728","NY CITY CENTRAL PARK, NY US","2024-08-25","2.68",,"0.00","0.0","0.0",,"85","68","  230","  230","10.1","16.1",,,,,,,
"USW00094728","NY CITY CENTRAL PARK, NY US","2024-08-26","2.24",,"0.04","0.0","0.0",,"85","69","   50","   40","12.1","16.1","    1",,"    1",,,,
"USW00094728","NY CITY CENTRAL PARK, NY US","2024-08-27","2.46",,"0.00","0.0","0.0",,"86","67","  230","  230","10.1","19.0",,,,,,,
"USW00094728","NY CITY CENTRAL PARK, NY US","2024-08-28","4.92",,"0.00","0.0","0.0",,"91","74","   50","   80","14.1","21.0",,,,,,,
"USW00094728","NY CITY CENTRAL PARK, NY US","2024-08-29","6.49",,"0.00","0.0","0.0",,"82","70","   60","   80","16.1","23.9",,,,,,,
"USW00094728","NY CITY CENTRAL PARK, NY US","2024-08-30","5.37",,"0.30","0.0","0.0",,"74","61","   70","   60","12.1","19.9","    1",,,,,,
"USW00094728","NY CITY CENTRAL PARK, NY US","2024-08-31","2.01"," 1804","0.00","0.0","0.0",,"77","67","  130","  180","8.1","15.0",,,,,,,
"USW00094728","NY CITY CENTRAL PARK, NY US","2024-09-01","2.68",,"0.00","0.0","0.0",,"81","73","  240","  280","8.9","14.1",,,,,,,
"USW00094728","NY CITY CENTRAL PARK, NY US","2024-09-02","4.47",,"0.00","0.0","0.0",,"79","63","  330","  250","12.1","23.0",,,,,,,
"USW00094728","NY CITY CENTRAL PARK, NY US","2024-09-03","4.03",,"0.00","0.0","0.0",,"74","58","   30","   20","14.1","21.0",,,,,,,
"USW00094728","NY CITY CENTRAL PARK, NY US","2024-09-04","2.01",,"0.00","0.0","0.0",,"77","59","   50","   60","10.1","14.1",,,,,,,
"USW00094728","NY CITY CENTRAL PARK, NY US","2024-09-05","4.47",,"0.00","0.0","0.0",,"77","61","   70","   50","13.0","19.0",,,,,,,
"USW00094728","NY CITY CENTRAL PARK, NY US","2024-09-06","3.36",,"0.00","0.0","0.0",,"78","63","   60","  200","13.0","19.9",,,,,,,
"USW00094728","NY CITY CENTRAL PARK, NY US","2024-09-07","3.36",,"0.24","0.0","0.0",,"76","59","  300","  250","12.1","23.0","    1",,,,,,
"USW00094728","NY CITY CENTRAL PARK, NY US","2024-09-08","4.92",,"0.00","0.0","0.0",,"69","55","  250","  240","14.1","25.1",,,,,,,
"USW00094728","NY CITY CENTRAL PARK, NY US","2024-09-09","2.46",,"0.00","0.0","0.0",,"75","55","  250","  250","10.1","19.9",,,,,,,
"USW00094728","NY CITY CENTRAL PARK, NY US","2024-09-10","4.25",,"0.00","0.0","0.0",,"78","62","  300","  300","8.9","15.0",,,,,,,
"USW00094728","NY CITY CENTRAL PARK, NY US","2024-09-11","2.24",,"0.00","0.0","0.0",,"79","59","   50","   60","8.1","12.1",,,,,,,
"USW00094728","NY CITY CENTRAL PARK, NY US","2024-09-12","1.79",,"0.00","0.0","0.0",,"80","62","  140","  120","8.9","16.1","    1",,,,,"    1",
"USW00094728","NY CITY CENTRAL PARK, NY US","2024-09-13","1.34",,"0.00","0.0","0.0",,"82","63","   60","  110","6.9","14.1","    1",,,,,"    1",
"USW00094728","NY CITY CENTRAL PARK, NY US","2024-09-14","2.68",,"0.00","0.0","0.0",,"83","65","   50","   40","12.1","17.0",,,,,,,
"USW00094728","NY CITY CENTRAL PARK, NY US","2024-09-15","4.70",,"0.00","0.0","0.0",,"80","63","   50","   40","13.0","18.1",,,,,,,
"USW00094728","NY CITY CENTRAL PARK, NY US","2024-09-16","5.14",,"0.00","0.0","0.0",,"77","60","   50","   60","12.1","17.0",,,,,,,
"USW00094728","NY CITY CENTRAL PARK, NY US","2024-09-17","4.70",,"0.00","0.0","0.0",,"79","65","   60","  110","8.9","15.0",,,,,,,
"USW00094728","NY CITY CENTRAL PARK, NY US","2024-09-18","6.49",,"0.00","0.0","0.0",,"75","67","   60","   70","13.0","21.9",,,,,,,
"USW00094728","NY CITY CENTRAL PARK, NY US","2024-09-19","5.37",,"0.00","0.0","0.0",,"84","67","   60","   60","13.0","19.9",,,,,,,
"USW00094728","NY CITY CENTRAL PARK, NY US","2024-09-20","6.71",,"0.00","0.0","0.0",,"81","67","   50","   50","17.0","21.9",,,,,,,
"USW00094728","NY CITY CENTRAL PARK, NY US","2024-09-21","6.71",,"0.00","0.0","0.0",,"79","63","   50","   50","13.0","19.9",,,,,,,
"USW00094728","NY CITY CENTRAL PARK, NY US","2024-09-22","6.04",,"0.00","0.0","0.0",,"74","61","   60","   50","14.1","25.9",,,,,,,
"USW00094728","NY CITY CENTRAL PARK, NY US","2024-09-23","5.82",,"0.04","0.0","0.0",,"67","59","   60","   50","16.1","21.9","    1",,,,,,
"USW00094728","NY CITY CENTRAL PARK, NY US","2024-09-24","5.59",,"0.00","0.0","0.0",,"68","59","   70","   70","13.0","18.1",,,,,,,
"USW00094728","NY CITY CENTRAL PARK, NY US","2024-09-25","4.92",,"0.00","0.0","0.0",,"68","62","   80",,"8.1",,,,,,,,
"USW00094728","NY CITY CENTRAL PARK, NY US","2024-09-26","2.01"," 1058","0.08","0.0","0.0",,"74","64","  100","  180","8.1","13.0","    1",,,,,"    1",
"USW00094728","NY CITY CENTRAL PARK, NY US","2024-09-27","4.03"," 0210","0.18","0.0","0.0",,"74","63","   70","   50","14.1","23.0","    1",,,,,,
"USW00094728","NY CITY CENTRAL PARK, NY US","2024-09-28","8.72"," 1703","0.26","0.0","0.0",,"68","61","   60","   60","17.0","25.9","    1",,,,,,
"USW00094728","NY CITY CENTRAL PARK, NY US","2024-09-29","5.82"," 0258","0.78","0.0","0.0",,"63","60","   50","   80","12.1","21.9","    1",,,,,,
"USW00094728","NY CITY CENTRAL PARK, NY US","2024-09-30","5.14"," 1307","0.00","0.0","0.0",,"72","60","   60","   70","14.1","21.0",,,,,,,
"USW00094728","NY CITY CENTRAL PARK, NY US","2024-10-01","6.26",,"0.00","0.0","0.0",,"69","60","   60","   60","14.1","21.9",,,,,,,
"USW00094728","NY CITY CENTRAL PARK, NY US","2024-10-02","4.25",,"0.00","0.0","0.0",,"68","58","   60","   60","12.1","17.0",,,,,,,
"USW00094728","NY CITY CENTRAL PARK, NY US","2024-10-03","0.89",,"0.00","0.0","0.0",,"72","62","  140","  130","6.9","13.0",,,,,,,
"USW00094728","NY CITY CENTRAL PARK, NY US","2024-10-04","1.12",,"0.00","0.0","0.0",,"73","60","  130","  120","6.9","15.0",,,,,,"    1",
"USW00094728","NY CITY CENTRAL PARK, NY US","2024-10-05","4.25",,"0.00","0.0","0.0",,"75","61","   50","   70","12.1","21.0",,,,,,,
"USW00094728","NY CITY CENTRAL PARK, NY US","2024-10-06","2.46",,"0.00","0.0","0.0",,"71","55","  240","  240","8.9","19.9",,,,,,,
"USW00094728","NY CITY CENTRAL PARK, NY US","2024-10-07","5.59",,"0.00","0.0","0.0",,"75","58","  300","  320","13.0","23.0",,,,,,,
"USW00094728","NY CITY CENTRAL PARK, NY US","2024-10-08","2.91",,"0.00","0.0","0.0",,"68","53","  320","  310","12.1","18.1",,,,,,,
"USW00094728","NY CITY CENTRAL PARK, NY US","2024-10-09","3.58",,"0.00","0.0","0.0",,"68","54","  310","  310","15.0","23.9",,,,,,,
"USW00094728","NY CITY CENTRAL PARK, NY US","2024-10-10","6.26",,"0.00","0.0","0.0",,"62","49","  300","  300","14.1","23.9",,,,,,,
"USW00094728","NY CITY CENTRAL PARK, NY US","2024-10-11","4.25",,"0.00","0.0","0.0",,"68","46","  230","  240","12.1","23.9",,,,,,,
"USW00094728","NY CITY CENTRAL PARK, NY US","2024-10-12","4.92",,"0.00","0.0","0.0",,"74","56","  300","  310","15.0","28.0",,,,,,,
"USW00094728","NY CITY CENTRAL PARK, NY US","2024-10-13","4.92",,"0.00","0.0","0.0",,"69","55","   60","   90","12.1","19.0",,,,,,,
"USW00094728","NY CITY CENTRAL PARK, NY US","2024-10-14","6.04",,"0.00","0.0","0.0",,"66","48","  280","  280","18.1","35.1",,,,,,"    1",
"USW00094728","NY CITY CENTRAL PARK, NY US","2024-10-15","5.82",,"0.00","0.0","0.0",,"57","45","  300","  270","13.0","23.9",,,,,,,
"USW00094728","NY CITY CENTRAL PARK, NY US","2024-10-16","6.26",,"0.00","0.0","0.0",,"59","44","  300","  260","15.0","23.0",,,,,,,
"USW00094728","NY CITY CENTRAL PARK, NY US","2024-10-17","5.14",,"0.00","0.0","0.0",,"58","43","   40","  360","14.1","21.0",,,,,,,
"USW00094728","NY CITY CENTRAL PARK, NY US","2024-10-18","4.25",,"0.00","0.0","0.0",,"66","48","   50","   50","13.0","21.9",,,,,,,
"USW00094728","NY CITY CENTRAL PARK, NY US","2024-10-19","1.34",,"0.00","0.0","0.0",,"71","50","  270","  340","6.0","10.1",,,,,,,
"USW00094728","NY CITY CENTRAL PARK, NY US","2024-10-20","1.57",,"0.00","0.0","0.0",,"73","52","  250","  240","6.9","13.0",,,,,,,
"USW00094728","NY CITY CENTRAL PARK, NY US","2024-10-21","2.68",,"0.00","0.0","0.0",,"79","57","  290","  220","8.1","12.1",,,,,,,
"USW00094728","NY CITY CENTRAL PARK, NY US","2024-10-22","1.34",,"0.00","0.0","0.0",,"81","62","  130","  120","8.1","13.0",,,,,,,
"USW00094728","NY CITY CENTRAL PARK, NY US","2024-10-23","2.01",,"0.00","0.0","0.0",,"75","59","  210","  200","10.1","19.9",,,,,,,
"USW00094728","NY CITY CENTRAL PARK, NY US","2024-10-24","4.92",,"0.00","0.0","0.0",,"69","53","  350","   10","13.0","21.0",,,,,,,
"USW00094728","NY CITY CENTRAL PARK, NY US","2024-10-25","2.91",,"0.00","0.0","0.0",,"62","46","   40","   40","12.1","21.9",,,,,,,
"USW00094728","NY CITY CENTRAL PARK, NY US","2024-10-26","5.37",,"0.00","0.0","0.0",,"64","51","  310","  300","17.0","31.1",,,,,,,
"USW00094728","NY CITY CENTRAL PARK, NY US","2024-10-27","2.91",,"0.00","0.0","0.0",,"57","45","  300","  280","13.0","21.0",,,,,,,
"USW00094728","NY CITY CENTRAL PARK, NY US","2024-10-28","2.91",,"0.00","0.0","0.0",,"61","46","  130","  120","8.1","14.1",,,,,,,
"USW00094728","NY CITY CENTRAL PARK, NY US","2024-10-29","3.13",,"0.01","0.0","0.0",,"63","52","  120","  130","13.0","23.0","    1",,,,,,
"USW00094728","NY CITY CENTRAL PARK, NY US","2024-10-30","3.36",,"0.00","0.0","0.0",,"76","58","  250","  260","8.9","17.0",,,,,,,
"USW00094728","NY CITY CENTRAL PARK, NY US","2024-10-31","3.80",,"0.00","0.0","0.0",,"81","61","  210","  240","12.1","19.9",,,,,,,
"USW00094728","NY CITY CENTRAL PARK, NY US","2024-11-01","6.26",,"0.00","0.0","0.0",,"79","57","  270","  240","16.1","32.0",,,,,,,
"USW00094728","NY CITY CENTRAL PARK, NY US","2024-11-02","4.25",,"0.00","0.0","0.0",,"60","47","  300","  310","13.0","18.1",,,,,,,
"USW00094728","NY CITY CENTRAL PARK, NY US","2024-11-03","5.14",,"0.00","0.0","0.0",,"54","41","   50","   60","14.1","19.9",,,,,,,
"USW00094728","NY CITY CENTRAL PARK, NY US","2024-11-04","4.03",,"0.00","0.0","0.0",,"58","44","  140","  110","8.9","17.0",,,,,,,
"USW00094728","NY CITY CENTRAL PARK, NY US","2024-11-05","3.36",,"0.00","0.0","0.0",,"73","54","  220","  240","12.1","21.9",,,,,,"    1",
"USW00094728","NY CITY CENTRAL PARK, NY US","2024-11-06","4.03",,"0.00","0.0","0.0",,"80","64","  250","  210","12.1","21.9",,,,,,,
"USW00094728","NY CITY CENTRAL PARK, NY US","2024-11-07","5.14",,"0.00","0.0","0.0",,"73","54","  310","  320","16.1","25.9",,,,,,,
"USW00094728","NY CITY CENTRAL PARK, NY US","2024-11-08","5.37",,"0.00","0.0","0.0",,"69","50","  300","  310","19.9","36.9",,,,,,,
"USW00094728","NY CITY CENTRAL PARK, NY US","2024-11-09","4.25",,"0.00","0.0","0.0",,"54","43","  300","  290","14.1","28.0",,,,,,"    1",
"USW00094728","NY CITY CENTRAL PARK, NY US","2024-11-10","3.36",,"0.08","0.0","0.0",,"58","45","  250","  250","13.0","19.9","    1",,,,,,
"USW00094728","NY CITY CENTRAL PARK, NY US","2024-11-11","6.49",,"0.10","0.0","0.0",,"68","55","  230","  210","16.1","30.0","    1",,,,,,
"USW00094728","NY CITY CENTRAL PARK, NY US","2024-11-12","9.62",,"0.00","0.0","0.0",,"59","41","  300","  300","21.0","36.0",,,,,,,
"USW00094728","NY CITY CENTRAL PARK, NY US","2024-11-13","6.26",,"0.00","0.0","0.0",,"50","37","   50","   60","16.1","23.0",,,,,,,
"USW00094728","NY CITY CENTRAL PARK, NY US","2024-11-14","4.70",,"0.00","0.0","0.0",,"47","37","   60","   90","14.1","23.0",,,,,,,
"USW00094728","NY CITY CENTRAL PARK, NY US","2024-11-15","4.92",,"0.00","0.0","0.0",,"58","41","  300","  300","16.1","23.9",,,,,,,
"USW00094728","NY CITY CENTRAL PARK, NY US","2024-11-16","8.50",,"0.00","0.0","0.0",,"62","45","  300","  300","16.1","31.1",,,,,,,
"USW00094728","NY CITY CENTRAL PARK, NY US","2024-11-17","4.70",,"0.00","0.0","0.0",,"63","44","  300","  300","13.0","21.0",,,,,,"    1",
"USW00094728","NY CITY CENTRAL PARK, NY US","2024-11-18","4.25",,"0.00","0.0","0.0",,"66","49","  300","  290","16.1","28.0",,,,,,,
"USW00094728","NY CITY CENTRAL PARK, NY US","2024-11-19","2.24",,"0.00","0.0","0.0",,"60","47","  300","  320","10.1","18.1",,,,,,,
"USW00094728","NY CITY CENTRAL PARK, NY US","2024-11-20","2.91",,"0.00","0.0","0.0",,"60","53","  100","  100","18.1","34.0",,,,,,,
"USW00094728","NY CITY CENTRAL PARK, NY US","2024-11-21","6.93",,"1.57","0.0","0.0",,"54","37","   50","   60","15.0","23.9","    1",,,,,,
"USW00094728","NY CITY CENTRAL PARK, NY US","2024-11-22","6.04",,"0.53","0.0","0.0",,"40","37","  230","  230","16.1","32.0","    1",,,,,,
"USW00094728","NY CITY CENTRAL PARK, NY US","2024-11-23","8.28",,"0.02","0.0","0.0",,"49","37","  290","  280","21.0","38.9","    1",,,,,,
"USW00094728","NY CITY CENTRAL PARK, NY US","2024-11-24","9.84",,"0.00","0.0","0.0",,"53","44","  280","  270","19.9","32.0",,,,,,,
"USW00094728","NY CITY CENTRAL PARK, NY US","2024-11-25","3.13",,"0.00","0.0","0.0",,"54","41","  290","  260","10.1","18.1",,,,,,,
"USW00094728","NY CITY CENTRAL PARK, NY US","2024-11-26","4.70",,"0.19","0.0","0.0",,"58","46","  310","  310","14.1","25.9","    1",,,,,,
"USW00094728","NY CITY CENTRAL PARK, NY US","2024-11-27","4.47",,"0.00","0.0","0.0",,"52","43","  230","  220","12.1","19.0",,,,,,,
"USW00094728","NY CITY CENTRAL PARK, NY US","2024-11-28","5.59",,"0.86","0.0","0.0",,"49","42","  270","  300","16.1","32.0","    1",,,,,,
"USW00094728","NY CITY CENTRAL PARK, NY US","2024-11-29","5.82",,"0.00","0.0","0.0",,"47","34","  280","  240","15.0","23.9",,,,,,,
"USW00094728","NY CITY CENTRAL PARK, NY US","2024-11-30","7.61",,"0.00","0.0","0.0",,"39","30","  270","  270","14.1","25.1",,,,,,,
"USW00094728","NY CITY CENTRAL PARK, NY US","2024-12-01","7.38",,"0.00","0.0","0.0",,"38","27","  230","  230","17.0","35.1",,,,,,,
"USW00094728","NY CITY CENTRAL PARK, NY US","2024-12-02","5.37"," 1532","0.00","0.0","0.0",,"39","29","  300","  310","13.0","21.9",,,,,,,
"USW00094728","NY CITY CENTRAL PARK, NY US","2024-12-03","6.04"," 1945","0.00","0.0","0.0",,"42","32","  310","  300","16.1","25.9",,,,,,,
"USW00094728","NY CITY CENTRAL PARK, NY US","2024-12-04","4.47"," 1945","0.01","0.0","0.0",,"42","30","  190","  210","16.1","32.0",,,,,,,
"USW00094728","NY CITY CENTRAL PARK, NY US","2024-12-05","8.50"," 1357","0.09","0.0","0.0",,"40","31","  280","  280","21.0","40.0","    1",,,,,,
"USW00094728","NY CITY CENTRAL PARK, NY US","2024-12-06","8.50"," 0327","0.00","0.0","0.0",,"34","30","  310","  320","18.1","36.9",,,,,,,
"USW00094728","NY CITY CENTRAL PARK, NY US","2024-12-07","7.61"," 2140","0.00","0.0","0.0",,"41","31","  290","  230","14.1","23.9",,,,,,,
"USW00094728","NY CITY CENTRAL PARK, NY US","2024-12-08","6.04"," 0045","0.00","0.0","0.0",,"55","38","  220","  240","15.0","27.1",,,,,,,
"USW00094728","NY CITY CENTRAL PARK, NY US","2024-12-09","3.58"," 1448","0.18","0.0","0.0",,"51","44","   60","   70","10.1","15.0","    1",,,,,,
"USW00094728","NY CITY CENTRAL PARK, NY US","2024-12-10","5.59"," 1526","0.26","0.0","0.0",,"50","44","   80","   80","12.1","18.1","    1",,,,,"    1",
"USW00094728","NY CITY CENTRAL PARK, NY US","2024-12-11","6.49"," 2341","0.85","0.0","0.0",,"60","41","  280","  260","18.1","30.0","    1",,,,,,
"USW00094728","NY CITY CENTRAL PARK, NY US","2024-12-12","9.40"," 1106","0.00","0.0","0.0",,"41","29","  240","  230","23.0","38.9",,,,,,,
"USW00094728","NY CITY CENTRAL PARK, NY US","2024-12-13","6.71"," 0951","0.00","0.0","0.0",,"33","27","  310","  310","15.0","23.0",,,,,,,
"USW00094728","NY CITY CENTRAL PARK, NY US","2024-12-14","4.92"," 1013","0.00","0.0","0.0",,"34","26","   50","   50","14.1","19.9",,,,,,,
"USW00094728","NY CITY CENTRAL PARK, NY US","2024-12-15","5.14"," 1055","0.06","0.0","0.0",,"41","28","   60","   50","12.1","17.0","    1",,,,,,
"USW00094728","NY CITY CENTRAL PARK, NY US","2024-12-16","5.14"," 1135","0.91","0.0","0.0",,"52","38","  100","  100","12.1","21.9","    1",,,,,,
"USW00094728","NY CITY CENTRAL PARK, NY US","2024-12-17","5.14"," 1417","0.02","0.0","0.0",,"59","49","  240","  260","14.1","23.0","    1",,,,,,
"USW00094728","NY CITY CENTRAL PARK, NY US","2024-12-18","2.68"," 1502","0.32","0.0","0.0",,"53","42","  300","  130","8.9","16.1","    1",,,,,,
"USW00094728","NY CITY CENTRAL PARK, NY US","2024-12-19","6.71"," 0337","0.05","0.0","0.0",,"45","37","  300","  300","16.1","29.1","    1",,,,,,
"USW00094728","NY CITY CENTRAL PARK, NY US","2024-12-20","8.50"," 1221","0.04","0.0","0.0",,"37","33","   60","   70","19.9","28.0","    1",,,,,,
"USW00094728","NY CITY CENTRAL PARK, NY US","2024-12-21","10.51"," 1607","0.15","1.8","2.0",,"33","19","  310","  280","21.9","44.1","    1",,,,,"    1",
"USW00094728","NY CITY CENTRAL PARK, NY US","2024-12-22","7.61"," 0930","0.00","0.0","1.2",,"21","13","  300","  300","17.0","29.1",,,,,,,
"USW00094728","NY CITY CENTRAL PARK, NY US","2024-12-23","3.13"," 2354","0.00","0.0","1.2",,"31","13","  220","  220","12.1","19.0",,,,,,,
"USW00094728","NY CITY CENTRAL PARK, NY US","2024-12-24","4.92"," 0633","0.10","1.0","1.2",,"39","28","  220","  230","13.0","21.0","    1","    1",,,,"    1",
"USW00094728","NY CITY CENTRAL PARK, NY US","2024-12-25","3.80"," 0959","0.00","0.0","1.2",,"35","28","  300","   20","12.1","17.0",,,,,,,
"USW00094728","NY CITY CENTRAL PARK, NY US","2024-12-26","3.13"," 0940","0.00","0.0","1.2",,"36","24","   40","  320","6.9","11.0",,,,,,,
"USW00094728","NY CITY CENTRAL PARK, NY US","2024-12-27","1.12"," 2308","0.00","0.0","1.2",,"44","26","  250","  240","8.1","15.0",,,,,,,
"USW00094728","NY CITY CENTRAL PARK, NY US","2024-12-28","1.34"," 0046","0.56","0.0","0.0",,"54","40","  220","  220","8.1","12.1","    1","    1",,,,"    1",
"USW00094728","NY CITY CENTRAL PARK, NY US","2024-12-29","4.70"," 2051","0.16","0.0","0.0",,"60","50","  160","  170","14.1","25.9",,,,,,"    1",
"USW00094728","NY CITY CENTRAL PARK, NY US","2024-12-30","6.49"," 1224","0.37","0.0","0.0",,"58","49","  240","  240","16.1","30.0",,,,,,,
"USW00094728","NY CITY CENTRAL PARK, NY US","2024-12-31","5.14"," 2133","0.40","0.0","0.0",,"53","44","   60","   60","16.1","23.9","    1",,"    1",,,,
"USW00094728","NY CITY CENTRAL PARK, NY US","2025-01-01","8.28"," 1606","0.00","0.0","0.0",,"51","39","  280","  270","21.9","36.0","    1",,,,,,
"USW00094728","NY CITY CENTRAL PARK, NY US","2025-01-02","9.62"," 1508","0.00","0.0","0.0",,"43","33","  280","  230","19.9","38.9",,,,,,,
"USW00094728","NY CITY CENTRAL PARK, NY US","2025-01-03","7.83"," 1439","0.00","0.0","0.0",,"39","31","  230","  230","15.0","27.1",,,,,,,
"USW00094728","NY CITY CENTRAL PARK, NY US","2025-01-04","10.07"," 1302","0.00","0.0","0.0",,"33","28","  270","  320","21.9","40.0",,,,,,,
"USW00094728","NY CITY CENTRAL PARK, NY US","2025-01-05","8.50"," 1614","0.00","0.0","0.0",,"33","28","  310","  310","18.1","30.0",,,,,,,
"USW00094728","NY CITY CENTRAL PARK, NY US","2025-01-06","4.70"," 2344","0.08","0.9","0.0",,"30","22","  300","  300","17.0","29.1","    1",,,,,"    1",
"USW00094728","NY CITY CENTRAL PARK, NY US","2025-01-07","12.75"," 1119","0.00","0.0","1.2",,"33","19","  300","  300","21.9","40.0",,,,,,,
"USW00094728","NY CITY CENTRAL PARK, NY US","2025-01-08","11.86"," 1510","0.00","0.0","0.0",,"30","23","  290","  310","21.9","40.0",,,,,,,
"USW00094728","NY CITY CENTRAL PARK, NY US","2025-01-09","12.97"," 1209","0.00","0.0","0.0",,"33","22","  300","  310","23.9","45.0",,,,,,,
"USW00094728","NY CITY CENTRAL PARK, NY US","2025-01-10","8.05"," 0258","0.00","0.0","0.0",,"39","27","  300","  320","18.1","36.0",,,,,,,
"USW00094728","NY CITY CENTRAL PARK, NY US","2025-01-11","7.16"," 1945","0.02","0.5","1.2",,"36","28","  300","  310","18.1","31.1",,,,,,"    1",
"USW00094728","NY CITY CENTRAL PARK, NY US","2025-01-12","4.92"," 0350","0.00","0.0","0.0",,"42","30","  300","  340","13.0","21.0",,,,,,,
"USW00094728","NY CITY CENTRAL PARK, NY US","2025-01-13","5.37"," 1337","0.00","0.0","0.0",,"42","33","  230","  230","16.1","23.9",,,,,,,
"USW00094728","NY CITY CENTRAL PARK, NY US","2025-01-14","8.50"," 2231","0.00","0.0","0.0",,"35","25","  310","  320","18.1","31.1",,,,,,,
"USW00094728","NY CITY CENTRAL PARK, NY US","2025-01-15","8.28"," 0941","0.00","0.0","0.0",,"32","23","  300","  300","21.9","31.1",,,,,,,
"USW00094728","NY CITY CENTRAL PARK, NY US","2025-01-16","5.37"," 1306","0.00","0.0","0.0",,"30","23","  230","  240","14.1","23.0",,,,,,"    1",
"USW00094728","NY CITY CENTRAL PARK, NY US","2025-01-17","4.92"," 2232","0.00","0.0","0.0",,"42","26","  270","  240","12.1","19.9",,,,,,,
"USW00094728","NY CITY CENTRAL PARK, NY US","2025-01-18","4.92"," 0322","0.09","0.0","0.0",,"46","35","  220","  240","15.0","25.9","    1",,,,,"    1",
"USW00094728","NY CITY CENTRAL PARK, NY US","2025-01-19","5.37"," 1821","0.26","1.6","0.0",,"41","24","  300","  350","16.1","31.1","    1","    1",,,,"    1",
"USW00094728","NY CITY CENTRAL PARK, NY US","2025-01-20","7.38"," 1244","0.00","0.0","1.2",,"26","17","  270","  260","16.1","36.0",,,,,,"    1",
"USW00094728","NY CITY CENTRAL PARK, NY US","2025-01-21","6.49"," 2142","0.00","0.0","1.2",,"19","11","  280","  260","14.1","23.0",,,,,,,
"USW00094728","NY CITY CENTRAL PARK, NY US","2025-01-22","5.82"," 1105","0.00","0.0","1.2",,"20","10","   10","  360","12.1","19.0",,,,,,,
"USW00094728","NY CITY CENTRAL PARK, NY US","2025-01-23","5.14"," 1302","0.00","0.0","1.2",,"28","17","  230","  210","14.1","23.9",,,,,,,
"USW00094728","NY CITY CENTRAL PARK, NY US","2025-01-24","4.47"," 0957","0.00","0.0","1.2",,"33","23","  270","  280","13.0","19.0",,,,,,,
"USW00094728","NY CITY CENTRAL PARK, NY US","2025-01-25","6.04"," 2228","0.00","0.0","1.2",,"33","20","  240","  220","14.1","25.1",,,,,,,
"USW00094728","NY CITY CENTRAL PARK, NY US","2025-01-26","6.71"," 0952","0.00","0.0","0.0",,"43","31","  270","  270","15.0","29.1",,,,,,,
"USW00094728","NY CITY CENTRAL PARK, NY US","2025-01-27","6.49"," 2243","0.00","0.0","0.0",,"40","31","  220","  220","17.0","33.1",,,,,,,
"USW00094728","NY CITY CENTRAL PARK, NY US","2025-01-28","8.50"," 1051","0.00","0.0","0.0",,"42","32","  310","  310","21.9","38.0",,,,,,,
"USW00094728","NY CITY CENTRAL PARK, NY US","2025-01-29","10.51"," 1601","0.00","0.0","0.0",,"52","31","  300","  300","21.9","42.9",,,,,,,
"USW00094728","NY CITY CENTRAL PARK, NY US","2025-01-30","6.93"," 0002","0.00","0.0","0.0",,"38","25","  310","  300","21.9","38.0",,,,,,,
"USW00094728","NY CITY CENTRAL PARK, NY US","2025-01-31","3.58"," 2352","0.16","0.0","0.0",,"48","36","  230","  220","12.1","21.9","    1",,,,,"    1",
"USW00094728","NY CITY CENTRAL PARK, NY US","2025-02-01","7.83",,"0.00","0.0","0.0",,"48","21","  300","  290","17.0","27.1","    1",,,,,,
"USW00094728","NY CITY CENTRAL PARK, NY US","2025-02-02","6.49",,"0.11","1.0","0.0",,"31","17","   50","   40","16.1","23.0","    1",,,,,,
"USW00094728","NY CITY CENTRAL PARK, NY US","2025-02-03","3.80",,"0.00","0.0","1.2",,"49","31","  220","  220","10.1","19.0","    1",,,,,,
"USW00094728","NY CITY CENTRAL PARK, NY US","2025-02-04","9.40",,"0.00","0.0","0.0",,"47","30","  300","  310","21.9","36.9",,,,,,,
"USW00094728","NY CITY CENTRAL PARK, NY US","2025-02-05","6.04",,"0.00","0.0","0.0",,"36","26","  300","  320","13.0","21.9",,,,,,,
"USW00094728","NY CITY CENTRAL PARK, NY US","2025-02-06","6.26",,"0.34","0.5","1.2",,"38","30","  250","  130","13.0","23.9","    1",,,,,"    1",
"USW00094728","NY CITY CENTRAL PARK, NY US","2025-02-07","8.50",,"0.00","0.0","0.0",,"43","30","  310","  310","21.0","36.0","    1",,,,,,
"USW00094728","NY CITY CENTRAL PARK, NY US","2025-02-08","3.80",,"0.61","3.0","0.0",,"35","26","  300","  310","13.0","18.1","    1","    1",,,,,
"USW00094728","NY CITY CENTRAL PARK, NY US","2025-02-09","4.92",,"0.06","0.1","3.1",,"36","30","  310","  300","14.1","28.0","    1",,,,"    1","    1",
"USW00094728","NY CITY CENTRAL PARK, NY US","2025-02-10","5.14",,"0.00","0.0","2.0",,"37","29","  300","  310","12.1","19.0",,,,,,,
"USW00094728","NY CITY CENTRAL PARK, NY US","2025-02-11","2.91",,"0.12","1.2","1.2",,"35","28","  250","  270","8.9","16.1","    1",,,,,,
"USW00094728","NY CITY CENTRAL PARK, NY US","2025-02-12","8.50",,"0.11","0.4","3.1",,"36","31","   60","   50","18.1","29.1","    1",,,,,"    1",
"USW00094728","NY CITY CENTRAL PARK, NY US","2025-02-13","7.61",,"0.15","0.0","2.0",,"46","35","  280","  310","18.1","34.0","    1",,,,,,
"USW00094728","NY CITY CENTRAL PARK, NY US","2025-02-14","7.61",,"0.00","0.0","0.0",,"36","29","  300","  330","18.1","30.0",,,,,,,
"USW00094728","NY CITY CENTRAL PARK, NY US","2025-02-15","5.14",,"0.31","0.5","0.0",,"35","28","   60","   70","12.1","21.0","    1","    1",,,"    1","    1",
"USW00094728","NY CITY CENTRAL PARK, NY US","2025-02-16","9.40",,"0.77","0.0","0.0",,"47","33","  270","  290","21.9","40.0","    1","    1",,,,,
"USW00094728","NY CITY CENTRAL PARK, NY US","2025-02-17","14.32",,"0.00","0.0","0.0",,"36","26","  280","  280","25.9","44.1",,,,,,,
"USW00094728","NY CITY CENTRAL PARK, NY US","2025-02-18","10.74",,"0.00","0.0","0.0",,"27","19","  280","  270","21.0","35.1",,,,,,,
"USW00094728","NY CITY CENTRAL PARK, NY US","2025-02-19","8.95",,"0.00","0.0","0.0",,"30","17","  300","  270","16.1","25.1",,,,,,,
"USW00094728","NY CITY CENTRAL PARK, NY US","2025-02-20","7.61",,"0.01","0.4","0.0",,"29","18","  300","  300","19.9","32.0",,,,,,"    1",
"USW00094728","NY CITY CENTRAL PARK, NY US","2025-02-21","10.74",,"0.00","0.0","0.0",,"35","21","  310","  300","11.0","35.1",,,,,,,
"USW00094728","NY CITY CENTRAL PARK, NY US","2025-02-22","5.14",,"0.00","0.0","0.0",,"40","21","  310","  230","16.1","25.9",,,,,,,
"USW00094728","NY CITY CENTRAL PARK, NY US","2025-02-23","4.70",,"0.00","0.0","0.0",,"46","33","  240","  240","13.0","21.0",,,,,,,
"USW00094728","NY CITY CENTRAL PARK, NY US","2025-02-24","5.82",,"0.00","0.0","0.0",,"49","35","  190","  190","12.1","25.1",,,,,,,
"USW00094728","NY CITY CENTRAL PARK, NY US","2025-02-25","3.58",,"0.00","0.0","0.0",,"57","43","  280","  230","13.0","23.9",,,,,,,
"USW00094728","NY CITY CENTRAL PARK, NY US","2025-02-26","5.37",,"0.00","0.0","0.0",,"56","43","  280","  300","15.0","27.1",,,,,,,
"USW00094728","NY CITY CENTRAL PARK, NY US","2025-02-27","5.37",,"0.01","0.0","0.0",,"54","44","  280","  270","14.1","25.1",,,,,,,
"USW00094728","NY CITY CENTRAL PARK, NY US","2025-02-28","6.71",,"0.00","0.0","0.0",,"51","41","  270","  310","15.0","28.0",,,,,,,
"USW00094728","NY CITY CENTRAL PARK, NY US","2025-03-01","9.62",,"0.00","0.0","0.0",,"64","27","  280","  270","21.9","38.9",,,,,,,
"USW00094728","NY CITY CENTRAL PARK, NY US","2025-03-02","9.62",,"0.00","0.0","0.0",,"33","20","  310","  300","19.9","33.1",,,,,,,
"USW00094728","NY CITY CENTRAL PARK, NY US","2025-03-03","4.47",,"0.00","0.0","0.0",,"39","23","  220","  220","14.1","21.0",,,,,,,
"USW00094728","NY CITY CENTRAL PARK, NY US","2025-03-04","4.03",,"0.00","0.0","0.0",,"52","34","  230","  210","10.1","19.0",,,,,,,
"USW00094728","NY CITY CENTRAL PARK, NY US","2025-03-05","7.16",,"1.71","0.0","0.0",,"54","42","  160","  180","16.1","33.1","    1",,,,,,
"USW00094728","NY CITY CENTRAL PARK, NY US","2025-03-06","8.50",,"0.00","0.0","0.0",,"55","36","  300","  310","25.1","45.0","    1",,,,,,
"USW00094728","NY CITY CENTRAL PARK, NY US","2025-03-07","11.86",,"0.00","0.0","0.0",,"50","34","  280","  260","23.0","44.1",,,,,,,
"USW00094728","NY CITY CENTRAL PARK, NY US","2025-03-08","8.95",,"0.00","0.0","0.0",,"45","36","  310","  310","19.9","36.9",,,,,,,
"USW00094728","NY CITY CENTRAL PARK, NY US","2025-03-09","7.16",,"0.00","0.0","0.0",,"53","32","  230","  290","18.1","34.0",,,,,,,
"USW00094728","NY CITY CENTRAL PARK, NY US","2025-03-10","5.59",,"0.00","0.0","0.0",,"66","45","  230","  210","14.1","28.0",,,,,,"    1",
"USW00094728","NY CITY CENTRAL PARK, NY US","2025-03-11","3.80",,"0.00","0.0","0.0",,"65","44","  220","  210","14.1","25.9",,,,,,,
"USW00094728","NY CITY CENTRAL PARK, NY US","2025-03-12","6.26",,"0.00","0.0","0.0",,"55","42","   30","   50","17.0","28.0",,,,,,,
"USW00094728","NY CITY CENTRAL PARK, NY US","2025-03-13","7.83",,"0.00","0.0","0.0",,"50","39","   50","   70","18.1","25.9",,,,,,,
"USW00094728","NY CITY CENTRAL PARK, NY US","2025-03-14","5.14",,"0.00","0.0","0.0",,"57","40","   70","  180","14.1","19.0","    1",,,,,,
"USW00094728","NY CITY CENTRAL PARK, NY US","2025-03-15","4.25",,"0.00","0.0","0.0",,"49","41","  140","  210","8.9","19.0","    1",,,,,"    1",
"USW00094728","NY CITY CENTRAL PARK, NY US","2025-03-16","6.93",,"0.01","0.0","0.0",,"61","47","  160","  170","14.1","29.1","    1",,,,,"    1",
"USW00094728","NY CITY CENTRAL PARK, NY US","2025-03-17","4.92",,"0.92","0.0","0.0",,"59","37","  300","  320","14.1","23.9","    1",,,,,,
"USW00094728","NY CITY CENTRAL PARK, NY US","2025-03-18","3.36",,"0.00","0.0","0.0",,"61","35","   20","   20","14.1","21.0",,,,,,,
"USW00094728","NY CITY CENTRAL PARK, NY US","2025-03-19","4.47",,"0.00","0.0","0.0",,"63","43","  160","  170","10.1","21.0",,,,,,,
"USW00094728","NY CITY CENTRAL PARK, NY US","2025-03-20","5.82",,"1.06","0.0","0.0",,"52","42","  290","  130","14.1","23.9","    1",,"    1",,,"    1",
"USW00094728","NY CITY CENTRAL PARK, NY US","2025-03-21","10.51",,"0.03","0.0","0.0",,"51","38","  300","  310","23.9","42.9","    1",,,,,,
"USW00094728","NY CITY CENTRAL PARK, NY US","2025-03-22","6.71",,"0.00","0.0","0.0",,"64","40","  280","  300","21.9","36.9",,,,,,,
"USW00094728","NY CITY CENTRAL PARK, NY US","2025-03-23","6.71",,"0.00","0.0","0.0",,"48","31","  310","  300","18.1","31.1",,,,,,,
"USW00094728","NY CITY CENTRAL PARK, NY US","2025-03-24","4.03",,"0.48","0.0","0.0",,"50","38","  140","  130","14.1","25.9","    1",,,,,"    1",
"USW00094728","NY CITY CENTRAL PARK, NY US","2025-03-25","4.92",,"0.00","0.0","0.0",,"58","47","  240","  240","16.1","29.1","    1",,,,,"    1",
"USW00094728","NY CITY CENTRAL PARK, NY US","2025-03-26","5.14",,"0.00","0.0","0.0",,"53","37","  290","   99","8.1","21.0",,,,,,,
"USW00094728","NY CITY CENTRAL PARK, NY US","2025-03-27","7.16",,"0.00","0.0","0.0",,"53","34","  310","  270","17.0","27.1",,,,,,,
"USW00094728","NY CITY CENTRAL PARK, NY US","2025-03-28","4.92",,"0.03","0.0","0.0",,"63","46","  230","  230","13.0","21.9",,,,,,,
"USW00094728","NY CITY CENTRAL PARK, NY US","2025-03-29","8.28",,"0.00","0.0","0.0",,"81","43","   50","  270","23.0","40.0",,,,,,,
"USW00094728","NY CITY CENTRAL PARK, NY US","2025-03-30","6.49",,"0.04","0.0","0.0",,"48","42","   50","   50","14.1","18.1","    1",,,,,"    1",
"USW00094728","NY CITY CENTRAL PARK, NY US","2025-03-31","3.13",,"1.24","0.0","0.0",,"73","45","  300","  300","12.1","19.0","    1","    1","    1",,,"    1",
"USW00094728","NY CITY CENTRAL PARK, NY US","2025-04-01","7.16",,"0.08","0.0","0.0",,"58","41","  300","  320","18.1","34.0","    1",,,,,,
"USW00094728","NY CITY CENTRAL PARK, NY US","2025-04-02","7.61",,"0.00","0.0","0.0",,"49","37","   50","  150","15.0","25.1",,,,,,,
"USW00094728","NY CITY CENTRAL PARK, NY US","2025-04-03","5.37",,"0.05","0.0","0.0",,"73","44","  240","  230","13.0","21.9","    1",,,,,,
"USW00094728","NY CITY CENTRAL PARK, NY US","2025-04-04","4.70",,"0.09","0.0","0.0",,"73","57","  310","  310","14.1","23.0","    1",,,,,,
"USW00094728","NY CITY CENTRAL PARK, NY US","2025-04-05","8.28",,"0.19","0.0","0.0",,"59","43","  120","  120","15.0","28.0","    1",,"    1",,,"    1",
"USW00094728","NY CITY CENTRAL PARK, NY US","2025-04-06","3.36",,"0.76","0.0","0.0",,"56","43","  300","  290","8.9","14.1","    1",,"    1",,,,
"USW00094728","NY CITY CENTRAL PARK, NY US","2025-04-07","6.93",,"0.13","0.0","0.0",,"50","39","   60","   50","15.0","21.9","    1",,,,,"    1",
"USW00094728","NY CITY CENTRAL PARK, NY US","2025-04-08","9.84",,"0.00","0.0","0.0",,"45","35","  270","  240","21.9","38.0","    1",,,,,"    1",
"USW00094728","NY CITY CENTRAL PARK, NY US","2025-04-09","6.26",,"0.00","0.0","0.0",,"49","31","  310","  290","15.0","23.9",,,,,,"    1",
"USW00094728","NY CITY CENTRAL PARK, NY US","2025-04-10","4.92",,"0.01","0.0","0.0",,"51","40","  120","  120","15.0","25.9",,,,,,,
"USW00094728","NY CITY CENTRAL PARK, NY US","2025-04-11","8.50",,"0.41","0.0","0.0",,"46","40","   70","   60","19.9","32.0","    1",,,,,,
"USW00094728","NY CITY CENTRAL PARK, NY US","2025-04-12","9.17",,"0.63","0.0","0.0",,"40","36","   50","   50","19.9","32.0","    1",,,,,,
"USW00094728","NY CITY CENTRAL PARK, NY US","2025-04-13","5.37",,"0.00","0.0","0.0",,"58","39","  360","   40","15.0","25.9",,,,,,,
"USW00094728","NY CITY CENTRAL PARK, NY US","2025-04-14","2.91",,"0.07","0.0","0.0",,"66","48","  230","  180","10.1","15.0","    1",,,,,,
"USW00094728","NY CITY CENTRAL PARK, NY US","2025-04-15","7.16",,"0.01","0.0","0.0",,"69","48","  270","  280","23.9","46.1","    1",,,,,,
"USW00094728","NY CITY CENTRAL PARK, NY US","2025-04-16","10.51",,"0.00","0.0","0.0",,"50","44","  270","  280","19.9","34.0",,,,,,,
"USW00094728","NY CITY CENTRAL PARK, NY US","2025-04-17","6.71",,"0.00","0.0","0.0",,"64","42","  310","  310","17.0","29.1",,,,,,,
"USW00094728","NY CITY CENTRAL PARK, NY US","2025-04-18","3.80",,"0.00","0.0","0.0",,"68","48","  170","  170","15.0","28.0",,,,,,,
"USW00094728","NY CITY CENTRAL PARK, NY US","2025-04-19","6.26",,"0.00","0.0","0.0",,"85","54","  220","  200","16.1","29.1",,,,,,,
"USW00094728","NY CITY CENTRAL PARK, NY US","2025-04-20","6.71",,"0.00","0.0","0.0",,"73","55","  300","  290","21.0","38.9",,,,,,,
"USW00094728","NY CITY CENTRAL PARK, NY US","2025-04-21","6.71",,"0.00","0.0","0.0",,"57","50","  130","  130","15.0","23.0",,,,,,,
"USW00094728","NY CITY CENTRAL PARK, NY US","2025-04-22","3.58",,"0.00","0.0","0.0",,"82","53","  230","  220","15.0","23.9",,,,,,"    1",
"USW00094728","NY CITY CENTRAL PARK, NY US","2025-04-23","2.91",,"0.00","0.0","0.0",,"76","54","  340","  340","12.1","19.0",,,,,,,
"USW00094728","NY CITY CENTRAL PARK, NY US","2025-04-24","3.13",,"0.00","0.0","0.0",,"77","56","  220","  230","13.0","21.9",,,,,,,
"USW00094728","NY CITY CENTRAL PARK, NY US","2025-04-25","6.04",,"0.00","0.0","0.0",,"77","60","  230","  230","13.0","21.0",,,,,,,
"USW00094728","NY CITY CENTRAL PARK, NY US","2025-04-26","4.92",,"0.82","0.0","0.0",,"74","53","  290","  280","17.0","32.0","    1","    1","    1",,,,
"USW00094728","NY CITY CENTRAL PARK, NY US","2025-04-27","8.50",,"0.00","0.0","0.0",,"59","48","  300","  310","23.0","40.0",,,,,,,
"USW00094728","NY CITY CENTRAL PARK, NY US","2025-04-28","3.36",,"0.00","0.0","0.0",,"76","51","  230","  180","12.1","19.9",,,,,,,
"USW00094728","NY CITY CENTRAL PARK, NY US","2025-04-29","4.92",,"0.00","0.0","0.0",,"79","56","  220","  230","15.0","29.1",,,,,,,
"USW00094728","NY CITY CENTRAL PARK, NY US","2025-04-30","5.82",,"0.00","0.0","0.0",,"73","59","  300","  300","15.0","25.9",,,,,,,
"USW00094728","NY CITY CENTRAL PARK, NY US","2025-05-01","5.37",,"0.00","0.0","0.0",,"71","52","  130","  130","13.0","21.0",,,,,,,
"USW00094728","NY CITY CENTRAL PARK, NY US","2025-05-02","2.24",,"0.00","0.0","0.0",,"84","57","  230","  240","14.1","23.0","    1",,,,,"    1",
"USW00094728","NY CITY CENTRAL PARK, NY US","2025-05-03","2.91",,"0.95","0.0","0.0",,"85","63","   60","  220","16.1","23.9","    1","    1","    1",,,,
"USW00094728","NY CITY CENTRAL PARK, NY US","2025-05-04","2.91",,"0.15","0.0","0.0",,"69","60","  180","  180","8.9","19.9","    1",,,,,,
"USW00094728","NY CITY CENTRAL PARK, NY US","2025-05-05","6.49",,"0.74","0.0","0.0",,"61","57","   70","   70","15.0","21.9","    1",,,,,,
"USW00094728","NY CITY CENTRAL PARK, NY US","2025-05-06","3.58",,"0.24","0.0","0.0",,"64","57","  130","  130","13.0","23.9","    1",,,,,,
"USW00094728","NY CITY CENTRAL PARK, NY US","2025-05-07","1.57",,"0.02","0.0","0.0",,"74","55","  220","  230","8.9","17.0",,,,,,,
"USW00094728","NY CITY CENTRAL PARK, NY US","2025-05-08","4.70",,"0.00","0.0","0.0",,"78","60","   50","  360","12.1","19.9",,,,,,,
"USW00094728","NY CITY CENTRAL PARK, NY US","2025-05-09","7.16",,"0.69","0.0","0.0",,"60","51","   70","   60","16.1","23.9","    1",,,,,,
"USW00094728","NY CITY CENTRAL PARK, NY US","2025-05-10","5.59",,"0.00","0.0","0.0",,"72","50","  300","  300","17.0","33.1",,,,,,,
"USW00094728","NY CITY CENTRAL PARK, NY US","2025-05-11","2.91",,"0.00","0.0","0.0",,"77","58","  300","  290","13.0","21.9",,,,,,,
"USW00094728","NY CITY CENTRAL PARK, NY US","2025-05-12","2.68",,"0.00","0.0","0.0",,"72","57","  110","  100","8.9","17.0",,,,,,,
"USW00094728","NY CITY CENTRAL PARK, NY US","2025-05-13","3.13",,"0.16","0.0","0.0",,"69","58","  130","  130","12.1","21.0","    1",,,,,,
"USW00094728","NY CITY CENTRAL PARK, NY US","2025-05-14","6.26",,"1.22","0.0","0.0",,"62","56","  100","   70","13.0","21.0","    1",,,,,,
"USW00094728","NY CITY CENTRAL PARK, NY US","2025-05-15","4.03",,"0.00","0.0","0.0",,"69","59","   60","   50","10.1","13.0","    1",,,,,"    1",
"USW00094728","NY CITY CENTRAL PARK, NY US","2025-05-16","1.34",,"0.11","0.0","0.0",,"72","61","  140","  150","13.0","21.9","    1",,,,,"    1",
"USW00094728","NY CITY CENTRAL PARK, NY US","2025-05-17","4.03",,"0.00","0.0","0.0",,"82","63","  300","  290","16.1","29.1","    1",,,,,"    1",
"USW00094728","NY CITY CENTRAL PARK, NY US","2025-05-18","9.17",,"0.00","0.0","0.0",,"73","61","  280","  330","17.0","32.0",,,,,,,
"USW00094728","NY CITY CENTRAL PARK, NY US","2025-05-19","8.50",,"0.00","0.0","0.0",,"69","51","  300","  270","17.0","33.1",,,,,,,
"USW00094728","NY CITY CENTRAL PARK, NY US","2025-05-20","5.82",,"0.00","0.0","0.0",,"67","49","   40","   10","14.1","23.0",,,,,,,
"USW00094728","NY CITY CENTRAL PARK, NY US","2025-05-21","5.59",,"0.09","0.0","0.0",,"59","49","   70","  100","15.0","27.1","    1",,,,,"    1",
"USW00094728","NY CITY CENTRAL PARK, NY US","2025-05-22","7.83",,"0.90","0.0","0.0",,"51","48","   50","   30","17.0","25.1","    1",,,,,,
"USW00094728","NY CITY CENTRAL PARK, NY US","2025-05-23","1.34",,"0.26","0.0","0.0",,"63","47","  280","  280","13.0","21.0","    1",,,,,"    1",
"USW00094728","NY CITY CENTRAL PARK, NY US","2025-05-24","5.82",,"0.00","0.0","0.0",,"64","48","  300","  310","16.1","29.1",,,,,,,
"USW00094728","NY CITY CENTRAL PARK, NY US","2025-05-25","4.92",,"0.00","0.0","0.0",,"66","52","  270","  290","13.0","23.0",,,,,,,
"USW00094728","NY CITY CENTRAL PARK, NY US","2025-05-26","3.80",,"0.00","0.0","0.0",,"73","52","   40","   50","12.1","18.1",,,,,,,
"USW00094728","NY CITY CENTRAL PARK, NY US","2025-05-27","2.01",,"0.00","0.0","0.0",,"74","57","  220","  170","6.9","14.1",,,,,,,
"USW00094728","NY CITY CENTRAL PARK, NY US","2025-05-28","3.13",,"0.49","0.0","0.0",,"65","52","   70",,"8.9",,"    1",,,,,,
"USW00094728","NY CITY CENTRAL PARK, NY US","2025-05-29","3.58",,"0.10","0.0","0.0",,"67","55","   60","  200","10.1","19.9","    1",,,,,"    1",
"USW00094728","NY CITY CENTRAL PARK, NY US","2025-05-30","3.58",,"0.00","0.0","0.0",,"75","62","  230","  250","10.1","18.1","    1",,,,,"    1",
"USW00094728","NY CITY CENTRAL PARK, NY US","2025-05-31","8.95",,"0.46","0.0","0.0",,"67","53","  290","  300","18.1","36.0","    1",,,,,,
"USW00094728","NY CITY CENTRAL PARK, NY US","2025-06-01","6.71",,"0.00","0.0","0.0",,"66","50","  250","  230","15.0","25.9",,,,,,,
"USW00094728","NY CITY CENTRAL PARK, NY US","2025-06-02","2.24",,"0.00","0.0","0.0",,"71","53","  220","  240","10.1","18.1",,,,,,,
"USW00094728","NY CITY CENTRAL PARK, NY US","2025-06-03","1.79",,"0.00","0.0","0.0",,"79","56","  220","  130","8.1","17.0",,,,,,,
"USW00094728","NY CITY CENTRAL PARK, NY US","2025-06-04","3.36",,"0.00","0.0","0.0",,"83","62","  140","  110","10.1","19.0",,,,,,"    1",
"USW00094728","NY CITY CENTRAL PARK, NY US","2025-06-05","4.25",,"0.00","0.0","0.0",,"87","70","  240","  240","12.1","19.9",,,,,,,
"USW00094728","NY CITY CENTRAL PARK, NY US","2025-06-06","3.13",,"0.02","0.0","0.0",,"84","71","  240","  230","10.1","19.9",,,"    1",,,"    1",
"USW00094728","NY CITY CENTRAL PARK, NY US","2025-06-07","2.91",,"0.70","0.0","0.0",,"76","66","  330","  320","13.0","21.0","    1","    1",,,,,
"USW00094728","NY CITY CENTRAL PARK, NY US","2025-06-08","6.71",,"0.00","0.0","0.0",,"76","63","   90","  120","13.0","21.9",,,,,,"    1",
"USW00094728","NY CITY CENTRAL PARK, NY US","2025-06-09","4.92",,"0.01","0.0","0.0",,"64","62","   70","   80","14.1","21.9","    1",,,,,"    1",
"USW00094728","NY CITY CENTRAL PARK, NY US","2025-06-10","2.46",,"0.40","0.0","0.0",,"73","62","   80","   60","12.1","15.0","    1","    1","    1",,,"    1",
"USW00094728","NY CITY CENTRAL PARK, NY US","2025-06-11","3.13",,"0.00","0.0","0.0",,"81","65","  260","  270","12.1","21.9",,,,,,,
"USW00094728","NY CITY CENTRAL PARK, NY US","2025-06-12","3.80",,"0.00","0.0","0.0",,"87","70","  230","  230","13.0","21.0",,,,,,,
"USW00094728","NY CITY CENTRAL PARK, NY US","2025-06-13","4.70",,"0.00","0.0","0.0",,"78","67","   50","   50","12.1","18.1",,,,,,"    1",
"USW00094728","NY CITY CENTRAL PARK, NY US","2025-06-14","7.83",,"0.23","0.0","0.0",,"68","59","   60","   70","16.1","25.1","    1",,,,,"    1",
"USW00094728","NY CITY CENTRAL PARK, NY US","2025-06-15","4.47",,"0.03","0.0","0.0",,"64","59","   60","   50","12.1","19.9","    1",,,,,"    1",
"USW00094728","NY CITY CENTRAL PARK, NY US","2025-06-16","6.26",,"0.15","0.0","0.0",,"69","60","   70","   80","13.0","21.9","    1",,,,,"    1",
"USW00094728","NY CITY CENTRAL PARK, NY US","2025-06-17","3.13",,"0.02","0.0","0.0",,"67","62","  130","  130","6.9","12.1","    1",,,,,,
"USW00094728","NY CITY CENTRAL PARK, NY US","2025-06-18","1.57",,"0.03","0.0","0.0",,"84","65","  130","  180","6.9","15.0","    1",,,,,"    1",
"USW00094728","NY CITY CENTRAL PARK, NY US","2025-06-19","4.03",,"0.65","0.0","0.0",,"88","70","  240","  240","12.1","23.9","    1","    1","    1",,,,
"USW00094728","NY CITY CENTRAL PARK, NY US","2025-06-20","7.83",,"0.00","0.0","0.0",,"82","67","  310","  270","16.1","28.0",,,,,,,
"USW00094728","NY CITY CENTRAL PARK, NY US","2025-06-21","1.79",,"0.00","0.0","0.0",,"86","72","  240","  250","12.1","19.0",,,,,,,
"USW00094728","NY CITY CENTRAL PARK, NY US","2025-06-22","5.14",,"0.10","0.0","0.0",,"88","71","  280","  300","15.0","28.0","    1",,"    1",,,,
"USW00094728","NY CITY CENTRAL PARK, NY US","2025-06-23","2.01",,"0.00","0.0","0.0",,"96","80","  130","  130","8.1","16.1",,,,,,,
"USW00094728","NY CITY CENTRAL PARK, NY US","2025-06-24","2.91",,"0.00","0.0","0.0",,"99","81","  280","  280","12.1","19.9",,,,,,,
"USW00094728","NY CITY CENTRAL PARK, NY US","2025-06-25","2.68",,"0.00","0.0","0.0",,"96","81","   30","   30","13.0","21.0",,,,,,,
"USW00094728","NY CITY CENTRAL PARK, NY US","2025-06-26","9.62",,"0.00","0.0","0.0",,"85","66","   50","   60","21.0","34.0",,,,,,"    1",
"USW00094728","NY CITY CENTRAL PARK, NY US","2025-06-27","6.26",,"0.07","0.0","0.0",,"72","62","   60","  120","14.1","21.0","    1",,,,,,
"USW00094728","NY CITY CENTRAL PARK, NY US","2025-06-28","1.79",,"0.05","0.0","0.0",,"83","63","  230","  220","10.1","19.0","    1",,,,,"    1",
"USW00094728","NY CITY CENTRAL PARK, NY US","2025-06-29","3.80",,"0.00","0.0","0.0",,"89","77","  290","  290","12.1","21.9",,,,,,,
"USW00094728","NY CITY CENTRAL PARK, NY US","2025-06-30","3.36",,"0.00","0.0","0.0",,"90","71","  240","  240","13.0","21.9",,,,,,,
"USW00094728","NY CITY CENTRAL PARK, NY US","2025-07-01","2.68",,"0.43","0.0","0.0",,"89","72","  240","  220","10.1","19.9","    1",,"    1",,,"    1",
"USW00094728","NY CITY CENTRAL PARK, NY US","2025-07-02","1.12",,"0.03","0.0","0.0",,"84","71","   90","   80","8.9","15.0","    1",,,,,,
"USW00094728","NY CITY CENTRAL PARK, NY US","2025-07-03","2.91",,"0.00","0.0","0.0",,"88","69","  300","  280","17.0","33.1",,,"    1",,,,
"USW00094728","NY CITY CENTRAL PARK, NY US","2025-07-04","3.58",,"0.00","0.0","0.0",,"83","67","  300","  290","12.1","19.0",,,,,,,
"USW00094728","NY CITY CENTRAL PARK, NY US","2025-07-05","3.13",,"0.00","0.0","0.0",,"84","68","  220","  250","8.1","17.0",,,,,,,
"USW00094728","NY CITY CENTRAL PARK, NY US","2025-07-06","4.92",,"0.00","0.0","0.0",,"87","72","  230","  210","10.1","19.0",,,,,,,
"USW00094728","NY CITY CENTRAL PARK, NY US","2025-07-07","4.03",,"0.00","0.0","0.0",,"87","76","  250","  120","8.9","21.0",,,,,,,
"USW00094728","NY CITY CENTRAL PARK, NY US","2025-07-08","3.13",,"0.09","0.0","0.0",,"93","73","  220","  210","14.1","27.1","    1",,"    1",,,,
"USW00094728","NY CITY CENTRAL PARK, NY US","2025-07-09","2.24",,"0.05","0.0","0.0",,"90","73","  240","  240","10.1","18.1","    1",,,,,,
"USW00094728","NY CITY CENTRAL PARK, NY US","2025-07-10","1.79",,"0.18","0.0","0.0",,"84","70","   60","  240","8.1","12.1","    1",,,,,,
"USW00094728","NY CITY CENTRAL PARK, NY US","2025-07-11","2.46",,"0.00","0.0","0.0",,"84","73","  130","  130","8.9","16.1",,,,,,,
"USW00094728","NY CITY CENTRAL PARK, NY US","2025-07-12","2.01",,"0.00","0.0","0.0",,"83","74","  120","  130","8.9","19.0",,,,,,,
"USW00094728","NY CITY CENTRAL PARK, NY US","2025-07-13","3.58",,"0.00","0.0","0.0",,"83","71","   50","  130","8.9","16.1","    1",,,,,"    1",
"USW00094728","NY CITY CENTRAL PARK, NY US","2025-07-14","2.46",,"2.64","0.0","0.0",,"85","73","   20","   40","13.0","21.9","    1","    1","    1",,,,
"USW00094728","NY CITY CENTRAL PARK, NY US","2025-07-15","1.57",,"0.00","0.0","0.0",,"86","72","  230","  170","6.0","14.1","    1",,,,,,
"USW00094728","NY CITY CENTRAL PARK, NY US","2025-07-16","2.91",,"0.00","0.0","0.0",,"87","77","  210","  200","8.1","17.0",,,,,,,
"USW00094728","NY CITY CENTRAL PARK, NY US","2025-07-17","6.71",,"0.00","0.0","0.0",,"90","75","  240","  230","14.1","29.1",,,,,,,
"USW00094728","NY CITY CENTRAL PARK, NY US","2025-07-18","5.37",,"0.00","0.0","0.0",,"82","73","  300","  320","15.0","25.1",,,,,,,
"USW00094728","NY CITY CENTRAL PARK, NY US","2025-07-19","3.58",,"0.00","0.0","0.0",,"81","69","   60","  200","10.1","18.1",,,,,,,
"USW00094728","NY CITY CENTRAL PARK, NY US","2025-07-20","3.36",,"0.00","0.0","0.0",,"88","75","  350","  230","8.9","19.0",,,,,,,
"USW00094728","NY CITY CENTRAL PARK, NY US","2025-07-21","4.25",,"0.00","0.0","0.0",,"85","71","   50","   20","12.1","19.0",,,,,,,
"USW00094728","NY CITY CENTRAL PARK, NY US","2025-07-22","5.82",,"0.00","0.0","0.0",,"81","67","   50","   60","15.0","23.0",,,,,,,
"USW00094728","NY CITY CENTRAL PARK, NY US","2025-07-23","2.24",,"0.00","0.0","0.0",,"80","69","  220","  240","8.9","23.0",,,,,,,
"USW00094728","NY CITY CENTRAL PARK, NY US","2025-07-24","4.25",,"0.00","0.0","0.0",,"87","70","  210","  240","10.1","19.9",,,,,,,
"USW00094728","NY CITY CENTRAL PARK, NY US","2025-07-25","4.47",,"0.01","0.0","0.0",,"95","76","  230","  290","13.0","25.9",,,,,,,
"USW00094728","NY CITY CENTRAL PARK, NY US","2025-07-26","5.14",,"0.00","0.0","0.0",,"85","74","   60","   70","14.1","19.9",,,,,,"    1",
"USW00094728","NY CITY CENTRAL PARK, NY US","2025-07-27","2.91",,"0.00","0.0","0.0",,"84","73","  230","  200","8.9","17.0",,,,,,"    1",
"USW00094728","NY CITY CENTRAL PARK, NY US","2025-07-28","3.13",,"0.00","0.0","0.0",,"94","76","   50","   20","8.9","15.0",,,,,,,
"USW00094728","NY CITY CENTRAL PARK, NY US","2025-07-29","2.01",,"0.00","0.0","0.0",,"97","78","  240","  240","10.1","16.1",,,,,,"    1",
"USW00094728","NY CITY CENTRAL PARK, NY US","2025-07-30","2.01",,"0.28","0.0","0.0",,"95","75","   40","   20","15.0","27.1","    1",,"    1",,,,
"USW00094728","NY CITY CENTRAL PARK, NY US","2025-07-31","6.71",,"0.32","0.0","0.0",,"89","65","   60","   50","18.1","30.0","    1",,"    1",,,"    1",
"USW00094728","NY CITY CENTRAL PARK, NY US","2025-08-01","5.14",,"0.00","0.0","0.0",,"73","63","   50","   20","14.1","23.0","    1",,,,,,
"USW00094728","NY CITY CENTRAL PARK, NY US","2025-08-02","2.91",,"0.00","0.0","0.0",,"80","63","   50","   60","8.9","16.1",,,,,,,
"USW00094728","NY CITY CENTRAL PARK, NY US","2025-08-03","2.46",,"0.00","0.0","0.0",,"84","64","  140","  130","8.1","15.0",,,,,,,
"USW00094728","NY CITY CENTRAL PARK, NY US","2025-08-04","2.01",,"0.00","0.0","0.0",,"89","67","   40","  120","8.1","13.0",,,,,,,
"USW00094728","NY CITY CENTRAL PARK, NY US","2025-08-05","2.68",,"0.00","0.0","0.0",,"86","71","   70","   50","10.1","16.1",,,,,,"    1",
"USW00094728","NY CITY CENTRAL PARK, NY US","2025-08-06","4.70",,"0.06","0.0","0.0",,"79","64","   60","   60","14.1","19.0",,,,,,"    1",
"USW00094728","NY CITY CENTRAL PARK, NY US","2025-08-07","3.80",,"0.00","0.0","0.0",,"81","64","   60","  190","12.1","17.0",,,,,,"    1",
"USW00094728","NY CITY CENTRAL PARK, NY US","2025-08-08","2.01",,"0.00","0.0","0.0",,"82","63","   50","  130","8.9","17.0",,,,,,,
"USW00094728","NY CITY CENTRAL PARK, NY US","2025-08-09","2.24",,"0.00","0.0","0.0",,"85","64","   50","  130","8.9","16.1",,,,,,,
"USW00094728","NY CITY CENTRAL PARK, NY US","2025-08-10","2.01",,"0.00","0.0","0.0",,"90","69","  210","  170","8.9","19.0",,,,,,,
"USW00094728","NY CITY CENTRAL PARK, NY US","2025-08-11","2.24",,"0.00","0.0","0.0",,"89","72","  230","  220","12.1","19.0",,,,,,,
"USW00094728","NY CITY CENTRAL PARK, NY US","2025-08-12","2.91",,"0.00","0.0",,,"91","71","  140","  130","8.9","21.0",,,,,,,
"USW00094728","NY CITY CENTRAL PARK, NY US","2025-08-13","2.91",,"0.71","0.0",,,"89","71","  240","  250","10.1","21.0","    1",,"    1",,,,
"USW00094728","NY CITY CENTRAL PARK, NY US","2025-08-14","2.68",,"0.00","0.0","0.0",,"89","73","   60","   80","8.9","13.0","    1",,,,,,
"USW00094728","NY CITY CENTRAL PARK, NY US","2025-08-15","5.14",,"0.00","0.0","0.0",,"89","74","   60","   70","16.1","23.9",,,,,,,
"USW00094728","NY CITY CENTRAL PARK, NY US","2025-08-16","2.46",,"0.00","0.0","0.0",,"84","74","  130","  120","8.9","16.1",,,,,,"    1",
"USW00094728","NY CITY CENTRAL PARK, NY US","2025-08-17","3.13",,"0.66","0.0","0.0",,"91","73","  230","  310","10.1","19.0","    1","    1","    1",,,"    1",
"USW00094728","NY CITY CENTRAL PARK, NY US","2025-08-18","5.82",,"0.00","0.0","0.0",,"75","66","   50","  360","15.0","25.1",,,,,,,
"USW00094728","NY CITY CENTRAL PARK, NY US","2025-08-19","6.71",,"0.00","0.0","0.0",,"77","65","   50","  110","13.0","19.9",,,,,,,
"USW00094728","NY CITY CENTRAL PARK, NY US","2025-08-20","7.38",,"0.51","0.0","0.0",,"70","58","   60","   50","17.0","28.0","    1",,,,,,
"USW00094728","NY CITY CENTRAL PARK, NY US","2025-08-21","9.84",,"0.27","0.0","0.0",,"72","59","   50","   20","17.0","32.0","    1",,,,,,
"USW00094728","NY CITY CENTRAL PARK, NY US","2025-08-22","4.92",,"0.00","0.0","0.0",,"83","58","  230","  340","12.1","21.0",,,,,,,
"USW00094728","NY CITY CENTRAL PARK, NY US","2025-08-23","5.82",,"0.00","0.0","0.0",,"82","67","  180","  200","13.0","23.9",,,,,,,
"USW00094728","NY CITY CENTRAL PARK, NY US","2025-08-24","2.46",,"0.00","0.0","0.0",,"80","67","  140","  120","10.1","23.0",,,,,,,
"USW00094728","NY CITY CENTRAL PARK, NY US","2025-08-25","3.36"," 1602","0.00","0.0","0.0",,"86","70","  230","  250","14.1","28.0",,,,,,,
"USW00094728","NY CITY CENTRAL PARK, NY US","2025-08-26","4.92"," 1517","0.00","0.0","0.0",,"79","63","  300","  260","10.1","19.0",,,,,,,
"USW00094728","NY CITY CENTRAL PARK, NY US","2025-08-27","4.70",,"0.00","0.0","0.0",,"75","61","  300","  250","13.0","23.0",,,,,,,
"USW00094728","NY CITY CENTRAL PARK, NY US","2025-08-28","1.79",,"0.00","0.0","0.0",,"78","61","  230","  250","12.1","21.9",,,,,,,
"USW00094728","NY CITY CENTRAL PARK, NY US","2025-08-29","4.03",,"0.00","0.0","0.0",,"78","65","  360","  180","8.9","21.9",,,,,,,
"USW00094728","NY CITY CENTRAL PARK, NY US","2025-08-30","2.46",,"0.00","0.0","0.0",,"76","57","  300","  310","13.0","19.0",,,,,,,
"USW00094728","NY CITY CENTRAL PARK, NY US","2025-08-31","3.13",,"0.00","0.0","0.0",,"79","59","   60","   60","13.0","19.0",,,,,,,
"USW00094728","NY CITY CENTRAL PARK, NY US","2025-09-01","4.25",,"0.00","0.0","0.0",,"78","64","   60","   70","14.1","21.9",,,,,,,
"USW00094728","NY CITY CENTRAL PARK, NY US","2025-09-02","3.80",,"0.00","0.0","0.0",,"79","62","   60","   40","14.1","17.9",,,,,,,
"USW00094728","NY CITY CENTRAL PARK, NY US","2025-09-03","2.46",,"0.00","0.0","0.0",,"79","61","   60","  120","8.9","17.9",,,,,,,
"USW00094728","NY CITY CENTRAL PARK, NY US","2025-09-04","3.58",,"0.40","0.0","0.0",,"77","64","  140","  130","14.1","30.0","    1",,"    1",,,"    1",
"USW00094728","NY CITY CENTRAL PARK, NY US","2025-09-05","2.24",,"0.17","0.0","0.0",,"82","66","  140","  190","8.9","17.9","    1",,"    1",,,,
"USW00094728","NY CITY CENTRAL PARK, NY US","2025-09-06","3.80",,"1.01","0.0","0.0",,"86","65","  290","  290","14.1","30.0","    1","    1","    1",,,"    1",
"USW00094728","NY CITY CENTRAL PARK, NY US","2025-09-07","0.89",,"0.63","0.0","0.0",,"69","59","   50","   60","8.9","16.1","    1",,,,,,
"USW00094728","NY CITY CENTRAL PARK, NY US","2025-09-08","3.13",,"0.00","0.0","0.0",,"73","56","   50","   30","13.0","21.9",,,,,,,
"USW00094728","NY CITY CENTRAL PARK, NY US","2025-09-09","6.71",,"0.00","0.0","0.0",,"73","58","   50","   70","15.0","23.0",,,,,,,
"USW00094728","NY CITY CENTRAL PARK, NY US","2025-09-10","6.04",,"0.08","0.0","0.0",,"73","60","   40","   60","14.1","21.0","    1",,,,,,
"USW00094728","NY CITY CENTRAL PARK, NY US","2025-09-11","3.36",,"0.00","0.0","0.0",,"79","61","   40","   30","13.0","19.9",,,,,,,
"USW00094728","NY CITY CENTRAL PARK, NY US","2025-09-12","2.91",,"0.00","0.0","0.0",,"78","63","   60","   40","13.0","19.0",,,,,,,
"USW00094728","NY CITY CENTRAL PARK, NY US","2025-09-13","2.24",,"0.00","0.0","0.0",,"77","64","  140","  130","10.1","19.0",,,,,,,
"USW00094728","NY CITY CENTRAL PARK, NY US","2025-09-14","0.89",,"0.00","0.0","0.0",,"81","64","   90","   90","8.9","14.1",,,,,,,
"USW00094728","NY CITY CENTRAL PARK, NY US","2025-09-15","4.92",,"0.00","0.0","0.0",,"79","66","   50","   40","14.1","21.0","    1",,,,,"    1",
"USW00094728","NY CITY CENTRAL PARK, NY US","2025-09-16","6.93",,"0.00","0.0","0.0",,"74","66","   80","   60","16.1","25.9",,,,,,,
"USW00094728","NY CITY CENTRAL PARK, NY US","2025-09-17","8.05",,"0.00","0.0",,,"70","63","   60","   70","16.1","27.1","    1",,,,,,
"USW00094728","NY CITY CENTRAL PARK, NY US","2025-09-18","2.01",,"0.01","0.0","0.0",,"83","64","  260","  240","10.1","16.1","    1",,,,,,
"USW00094728","NY CITY CENTRAL PARK, NY US","2025-09-19","4.03",,"0.00","0.0","0.0",,"84","68","   40","  350","13.0","23.9",,,,,,,
"USW00094728","NY CITY CENTRAL PARK, NY US","2025-09-20","6.26",,"0.00","0.0","0.0",,"73","61","   60","   70","17.0","27.1",,,,,,,
"USW00094728","NY CITY CENTRAL PARK, NY US","2025-09-21","4.25",,"0.00","0.0","0.0",,"71","58","   50","   30","14.1","19.9",,,,,,,
"USW00094728","NY CITY CENTRAL PARK, NY US","2025-09-22","1.79",,"0.00","0.0","0.0",,"73","57","  220","  210","8.1","16.1",,,,,,,
"USW00094728","NY CITY CENTRAL PARK, NY US","2025-09-23","3.13",,"0.00","0.0","0.0",,"83","65","  250","  240","10.1","17.9",,,,,,,
"USW00094728","NY CITY CENTRAL PARK, NY US","2025-09-24","2.68",,"0.08","0.0","0.0",,"80","70","  100","  100","8.9","16.1","    1",,,,,,
"USW00094728","NY CITY CENTRAL PARK, NY US","2025-09-25","2.91",,"0.27","0.0","0.0",,"77","70","  240","  230","12.1","19.9","    1",,,,,,
"USW00094728","NY CITY CENTRAL PARK, NY US","2025-09-26","2.68",,"0.00","0.0","0.0",,"82","68","  280","  270","8.9","19.0",,,,,,,
"USW00094728","NY CITY CENTRAL PARK, NY US","2025-09-27","1.12",,"0.01","0.0","0.0",,"79","66","   50","  120","6.9","10.1",,,,,,,
"USW00094728","NY CITY CENTRAL PARK, NY US","2025-09-28","2.01",,"0.10","0.0","0.0",,"83","64","  260","  200","8.1","14.1","    1",,,,,,
"USW00094728","NY CITY CENTRAL PARK, NY US","2025-09-29","4.03",,"0.00","0.0","0.0",,"78","67","   60","   70","14.1","19.0",,,,,,,
"USW00094728","NY CITY CENTRAL PARK, NY US","2025-09-30","4.47",,"0.00","0.0","0.0",,"81","64","   30","   50","14.1","23.9",,,,,,,
"USW00094728","NY CITY CENTRAL PARK, NY US","2025-10-01","7.61",,"0.00","0.0","0.0",,"69","56","   50","   40","15.0","25.9",,,,,,,
"USW00094728","NY CITY CENTRAL PARK, NY US","2025-10-02","4.70",,"0.00","0.0","0.0",,"66","53","   60","   50","15.0","23.0",,,,,,,
"USW00094728","NY CITY CENTRAL PARK, NY US","2025-10-03","2.46",,"0.00","0.0","0.0",,"71","54","  230","  210","10.1","17.0",,,,,,,
"USW00094728","NY CITY CENTRAL PARK, NY US","2025-10-04","1.57",,"0.00","0.0","0.0",,"82","58","  240","  240","8.9","17.0",,,,,,,
"USW00094728","NY CITY CENTRAL PARK, NY US","2025-10-05","0.67",,"0.00","0.0","0.0",,"84","64","  220","  230","6.9","17.9",,,,,,,
"USW00094728","NY CITY CENTRAL PARK, NY US","2025-10-06","2.91",,"0.00","0.0","0.0",,"80","64","  220","  200","10.1","21.0",,,,,,,
"USW00094728","NY CITY CENTRAL PARK, NY US","2025-10-07","3.80",,"0.00","0.0","0.0",,"80","66","  200","  160","12.1","23.0",,,,,,,
"USW00094728","NY CITY CENTRAL PARK, NY US","2025-10-08","4.92",,"0.27","0.0","0.0",,"72","56","  360","  310","13.0","30.0","    1",,,,,,
"USW00094728","NY CITY CENTRAL PARK, NY US","2025-10-09","6.71",,"0.00","0.0","0.0",,"59","48","   50","   70","16.1","29.1",,,,,,,
"USW00094728","NY CITY CENTRAL PARK, NY US","2025-10-10","3.13",,"0.00","0.0","0.0",,"62","46","  140","  120","8.9","17.9",,,,,,,
"USW00094728","NY CITY CENTRAL PARK, NY US","2025-10-11","5.14",,"0.09","0.0","0.0",,"64","58","   70","   70","16.1","25.1","    1",,,,,"    1",
"USW00094728","NY CITY CENTRAL PARK, NY US","2025-10-12","11.63",,"0.66","0.0","0.0",,"63","55","   60","   40","21.0","36.0","    1",,,,,,
"USW00094728","NY CITY CENTRAL PARK, NY US","2025-10-13","12.30",,"0.90","0.0","0.0",,"58","53","   50","   70","23.9","38.9","    1",,,,,,
"USW00094728","NY CITY CENTRAL PARK, NY US","2025-10-14","6.71",,"0.00","0.0","0.0",,"61","53","   50","   70","15.0","25.1","    1",,,,,,
"USW00094728","NY CITY CENTRAL PARK, NY US","2025-10-15","4.03",,"0.00","0.0","0.0",,"68","52","   20","   30","14.1","23.0",,,,,,,
"USW00094728","NY CITY CENTRAL PARK, NY US","2025-10-16","5.14",,"0.00","0.0","0.0",,"61","46","  360","  350","14.1","23.9",,,,,,,
"USW00094728","NY CITY CENTRAL PARK, NY US","2025-10-17","4.47",,"0.00","0.0","0.0",,"63","47","   20","   50","13.0","25.9",,,,,,,
"USW00094728","NY CITY CENTRAL PARK, NY US","2025-10-18","1.79",,"0.00","0.0","0.0",,"65","48","  230","  180","6.9","16.1",,,,,,,
"USW00094728","NY CITY CENTRAL PARK, NY US","2025-10-19","4.70",,"0.00","0.0","0.0",,"70","55","  160","  200","12.1","27.1",,,,,,,
"USW00094728","NY CITY CENTRAL PARK, NY US","2025-10-20","6.71",,"0.01","0.0","0.0",,"68","54","  280","  280","19.9","34.9","    1",,,,,"    1",
"USW00094728","NY CITY CENTRAL PARK, NY US","2025-10-21","4.25",,"0.03","0.0","0.0",,"66","50","  210","  250","12.1","21.9","    1",,,,,,
"USW00094728","NY CITY CENTRAL PARK, NY US","2025-10-22","5.37",,"0.27","0.0","0.0",,"62","53","  230","  220","17.0","32.0","    1",,,,,"    1",
"USW00094728","NY CITY CENTRAL PARK, NY US","2025-10-23","4.92",,"0.00","0.0","0.0",,"60","50","  230","  250","13.0","21.9",,,,,,,
"USW00094728","NY CITY CENTRAL PARK, NY US","2025-10-24","5.14",,"0.00","0.0","0.0",,"59","46","  280","  250","10.1","17.0",,,,,,,
"USW00094728","NY CITY CENTRAL PARK, NY US","2025-10-25","3.80",,"0.00","0.0","0.0",,"58","45","  340","  340","10.1","21.9",,,,,,,
"USW00094728","NY CITY CENTRAL PARK, NY US","2025-10-26","3.80",,"0.00","0.0","0.0",,"59","48","   60","   20","10.1","17.0",,,,,,,
"USW00094728","NY CITY CENTRAL PARK, NY US","2025-10-27","4.70",,"0.00","0.0","0.0",,"55","43","   40","   70","12.1","17.0",,,,,,,
"USW00094728","NY CITY CENTRAL PARK, NY US","2025-10-28","9.40",,"0.00","0.0","0.0",,"54","43","   60","   60","21.0","31.1",,,,,,,
"USW00094728","NY CITY CENTRAL PARK, NY US","2025-10-29","8.72",,"0.02","0.0","0.0",,"56","48","   60","   50","16.1","23.9",,,,,,,
"USW00094728","NY CITY CENTRAL PARK, NY US","2025-10-30","8.28",,"1.83","0.0","0.0",,"63","50","   90","  100","15.0","32.0","    1",,,,,,
"USW00094728","NY CITY CENTRAL PARK, NY US","2025-10-31","9.40",,"0.00","0.0","0.0",,"58","51","  270","  250","21.0","44.1",,,,,,,
"USW00094728","NY CITY CENTRAL PARK, NY US","2025-11-01","7.83",,"0.00","0.0","0.0",,"58","48","  280","  250","17.9","33.1",,,,,,,
"USW00094728","NY CITY CENTRAL PARK, NY US","2025-11-02","2.01",,"0.00","0.0","0.0",,"59","43","  230","  200","6.9","15.0",,,,,,,
"USW00094728","NY CITY CENTRAL PARK, NY US","2025-11-03","2.91",,"0.04","0.0","0.0",,"59","50","  290","  270","15.0","28.0",,,,,,,
"USW00094728","NY CITY CENTRAL PARK, NY US","2025-11-04","8.28",,"0.00","0.0","0.0",,"59","47","  270","  270","19.9","34.9",,,,,,,
"USW00094728","NY CITY CENTRAL PARK, NY US","2025-11-05","4.92",,"0.00","0.0","0.0",,"66","48","  290","  290","21.9","42.9",,,,,,,
"USW00094728","NY CITY CENTRAL PARK, NY US","2025-11-06","7.38",,"0.00","0.0","0.0",,"57","42","  300","  310","17.9","34.9",,,,,,,
"USW00094728","NY CITY CENTRAL PARK, NY US","2025-11-07","2.91",,"0.00","0.0","0.0",,"61","41","  200","  190","13.0","23.0",,,,,,,
"USW00094728","NY CITY CENTRAL PARK, NY US","2025-11-08","4.25",,"0.16","0.0","0.0",,"65","54","  270","  220","12.1","21.0","    1",,,,,,
"USW00094728","NY CITY CENTRAL PARK, NY US","2025-11-09","3.13",,"0.19","0.0","0.0",,"63","54","  120","  130","8.9","21.9","    1",,,,,"    1",
"USW00094728","NY CITY CENTRAL PARK, NY US","2025-11-10","6.26",,"0.22","0.0","0.0",,"59","35","  270","  250","17.0","30.0","    1",,,,,,
"USW00094728","NY CITY CENTRAL PARK, NY US","2025-11-11","9.40",,"0.00","0.0","0.0",,"41","33","  280","  260","21.0","40.0",,,,,,"    1",
"USW00094728","NY CITY CENTRAL PARK, NY US","2025-11-12","5.37",,"0.00","0.0","0.0",,"50","38","  240","  230","15.0","28.0",,,,,,,
"USW00094728","NY CITY CENTRAL PARK, NY US","2025-11-13","7.16",,"0.01","0.0","0.0",,"51","42","  300","  310","21.0","33.1",,,,"    1",,,
"USW00094728","NY CITY CENTRAL PARK, NY US","2025-11-14","5.59",,"0.00","0.0","0.0",,"51","40","  310","  260","13.0","23.0",,,,,,,
"USW00094728","NY CITY CENTRAL PARK, NY US","2025-11-15","2.91",,"0.07","0.0","0.0",,"50","40","  190","  230","10.1","19.9",,,"    1",,,,
"USW00094728","NY CITY CENTRAL PARK, NY US","2025-11-16","10.51",,"0.06","0.0","0.0",,"56","41","  280","  290","21.0","38.0","    1",,,,,,
"USW00094728","NY CITY CENTRAL PARK, NY US","2025-11-17","10.74",,"0.00","0.0","0.0",,"44","37","  270","  260","21.0","40.9",,,,,,,
"USW00094728","NY CITY CENTRAL PARK, NY US","2025-11-18","6.04",,"0.00","0.0","0.0",,"45","37","  310","  310","17.0","27.1",,,,,,,
"USW00094728","NY CITY CENTRAL PARK, NY US","2025-11-19","3.36",,"0.17","0.0","0.0",,"47","39","  360","   50","8.1","13.0","    1",,,,,"    1",
"USW00094728","NY CITY CENTRAL PARK, NY US","2025-11-20","2.91",,"0.00","0.0","0.0",,"47","38","   80","   70","8.9","14.1",,,,,,,
"USW00094728","NY CITY CENTRAL PARK, NY US","2025-11-21","3.58",,"0.00","0.0","0.0",,"52","44","  240","  250","8.9","17.0",,,,,,"    1",
"USW00094728","NY CITY CENTRAL PARK, NY US","2025-11-22","3.13",,"0.20","0.0","0.0",,"52","40","  310","  300","13.0","21.9","    1",,,,,"    1",
"USW00094728","NY CITY CENTRAL PARK, NY US","2025-11-23","3.36",,"0.00","0.0","0.0",,"49","36","  280","  230","14.1","25.9",,,,,,,
"USW00094728","NY CITY CENTRAL PARK, NY US","2025-11-24","3.80",,"0.00","0.0","0.0",,"52","43","  300","  290","16.1","27.1",,,,,,,
"USW00094728","NY CITY CENTRAL PARK, NY US","2025-11-25","3.13",,"0.74","0.0","0.0",,"58","46","  240","  180","15.0","23.0","    1",,,,,,
"USW00094728","NY CITY CENTRAL PARK, NY US","2025-11-26","6.49",,"0.12","0.0","0.0",,"59","49","  290","  250","16.1","29.1","    1",,,,,"    1",
"USW00094728","NY CITY CENTRAL PARK, NY US","2025-11-27","8.28",,"0.00","0.0","0.0",,"49","36","  240","  250","16.1","29.1",,,,,,,
"USW00094728","NY CITY CENTRAL PARK, NY US","2025-11-28","7.16",,"0.00","0.0","0.0",,"43","33","  280","  250","17.0","36.9",,,,,,,
"USW00094728","NY CITY CENTRAL PARK, NY US","2025-11-29","6.04",,"0.00","0.0","0.0",,"42","32","  300","  250","14.1","23.9",,,,,,,
"USW00094728","NY CITY CENTRAL PARK, NY US","2025-11-30","4.25",,"0.11","0.0","0.0",,"47","37","  220","  230","16.1","25.1","    1",,,,,"    1",
"USW00094728","NY CITY CENTRAL PARK, NY US","2025-12-01","5.37",,"0.00","0.0","0.0",,"43","34","  300","  240","14.1","25.9",,,,,,,
"USW00094728","NY CITY CENTRAL PARK, NY US","2025-12-02","5.82",,"0.78","0.0","0.0",,"40","34","  300","  290","15.0","27.1","    1",,,,,,
"USW00094728","NY CITY CENTRAL PARK, NY US","2025-12-03","6.26",,"0.00","0.0","0.0",,"41","31","  300","  300","16.1","25.1",,,,,,,
"USW00094728","NY CITY CENTRAL PARK, NY US","2025-12-04","5.82",,"0.00","0.0","0.0",,"41","24","  310","  300","19.9","33.1",,,,,,,
"USW00094728","NY CITY CENTRAL PARK, NY US","2025-12-05","5.37",,"0.00","0.0","0.0",,"32","20","   60","  340","12.1","17.0",,,,,,,
"USW00094728","NY CITY CENTRAL PARK, NY US","2025-12-06","3.80",,"0.02","0.0","0.0",,"42","30","  230","  220","13.0","21.9",,,,,,"    1",
"USW00094728","NY CITY CENTRAL PARK, NY US","2025-12-07","3.80",,"0.00","0.0","0.0",,"43","34","  280","  310","13.0","21.9",,,,,,,
"USW00094728","NY CITY CENTRAL PARK, NY US","2025-12-08","8.05",,"0.00","0.0","0.0",,"38","22","   30","   10","17.9","29.1",,,,,,,
"USW00094728","NY CITY CENTRAL PARK, NY US","2025-12-09","4.70",,"0.00","0.0","0.0",,"35","19","  210","  210","14.1","30.0",,,,,,,
"USW00094728","NY CITY CENTRAL PARK, NY US","2025-12-10","6.93",,"0.07","0.0","0.0",,"47","32","  230","  250","15.0","30.0",,,,,,,
"USW00094728","NY CITY CENTRAL PARK, NY US","2025-12-11","10.74",,"0.00","0.0","0.0",,"41","28","  280","  280","23.9","45.0",,,,,,,
"USW00094728","NY CITY CENTRAL PARK, NY US","2025-12-12","8.05",,"0.00","0.0","0.0",,"35","25","  280","  260","17.0","28.0",,,,,,,
"USW00094728","NY CITY CENTRAL PARK, NY US","2025-12-13","4.03",,"0.03","0.0","0.0",,"41","27","  220","  230","13.0","23.9","    1",,,,,,
"USW00094728","NY CITY CENTRAL PARK, NY US","2025-12-14","6.71",,"0.51","2.9","1.0",,"33","19","  310","  310","17.0","30.0","    1",,,,,"    1",
"USW00094728","NY CITY CENTRAL PARK, NY US","2025-12-15","8.95",,"0.00","0.0","2.0",,"29","19","  310","  300","17.9","29.1",,,,,,,
"USW00094728","NY CITY CENTRAL PARK, NY US","2025-12-16","5.37",,"0.00","0.0","2.0",,"32","24","  240","  220","14.1","23.0",,,,,,,
"USW00094728","NY CITY CENTRAL PARK, NY US","2025-12-17","5.14",,"0.00","0.0","2.0",,"47","30","  250","  230","13.0","21.9",,,,,,,
"USW00094728","NY CITY CENTRAL PARK, NY US","2025-12-18","4.47",,"0.02","0.0","1.0",,"50","36","  130","  170","12.1","21.0","    1",,,,,,
"USW00094728","NY CITY CENTRAL PARK, NY US","2025-12-19","10.29",,"1.16","0.0","0.0",,"58","32","  270","  260","21.9","46.1","    1",,"    1",,,,
"USW00094728","NY CITY CENTRAL PARK, NY US","2025-12-20","6.93",,"0.00","0.0","0.0",,"38","30","  300","  270","17.9","34.0",,,,,,,
"USW00094728","NY CITY CENTRAL PARK, NY US","2025-12-21","9.17",,"0.00","0.0","0.0",,"46","29","  300","  310","21.9","38.0",,,,,,,
"USW00094728","NY CITY CENTRAL PARK, NY US","2025-12-22","6.71",,"0.00","0.0","0.0",,"39","28","  220","  230","14.1","23.0",,,,,,,
"USW00094728","NY CITY CENTRAL PARK, NY US","2025-12-23","4.03",,"0.22","0.0","0.0",,"40","35","  240","  220","14.1","25.1","    1",,,,,"    1",
"USW00094728","NY CITY CENTRAL PARK, NY US","2025-12-24","8.05",,"0.00","0.0","0.0",,"46","35","  300","  290","25.9","40.9",,,,,,"    1",
"USW00094728","NY CITY CENTRAL PARK, NY US","2025-12-25","6.26",,"0.00","0.0","0.0",,"49","29","  300","  280","19.9","33.1",,,,,,,
"USW00094728","NY CITY CENTRAL PARK, NY US","2025-12-26","4.92",,"0.27","1.7","0.0",,"29","20","  360","   40","13.0","19.9","    1",,,,,,
"USW00094728","NY CITY CENTRAL PARK, NY US","2025-12-27","6.49",,"0.22","2.6","4.0",,"31","25","   60","   90","17.0","28.0","    1",,,,,"    1",
"USW00094728","NY CITY CENTRAL PARK, NY US","2025-12-28","3.36",,"0.00","0.0","4.0",,"39","22","  210","  210","10.1","17.0","    1",,,,,"    1",
"USW00094728","NY CITY CENTRAL PARK, NY US","2025-12-29","6.71",,"0.08","0.0","2.0",,"49","31","  280","  290","25.1","50.1","    1","    1",,,,,
"USW00094728","NY CITY CENTRAL PARK, NY US","2025-12-30","12.75",,"0.00","0.0","0.0",,"33","27","  280","  280","21.9","38.0",,,,,,,
"USW00094728","NY CITY CENTRAL PARK, NY US","2025-12-31","7.16",,"0.00","0.0","0.0",,"33","27","  220","  230","17.9","29.1",,,,,,"    1",
"USW00094728","NY CITY CENTRAL PARK, NY US","2026-01-01","9.62",,"0.02","0.5","1.0",,"36","22","  300","  250","21.9","38.9","    1",,,,,"    1",
"USW00094728","NY CITY CENTRAL PARK, NY US","2026-01-02","6.26",,"0.00","0.0","0.0",,"30","20","  300","  260","15.0","23.0",,,,,,"    1",
"USW00094728","NY CITY CENTRAL PARK, NY US","2026-01-03","5.59",,"0.00","0.0","0.0",,"30","23","  290","  290","13.0","21.9",,,,,,,
"USW00094728","NY CITY CENTRAL PARK, NY US","2026-01-04","4.92",,"0.00","0.0","0.0",,"35","26","  300","  300","14.1","21.0",,,,,,"    1",
"USW00094728","NY CITY CENTRAL PARK, NY US","2026-01-05","3.80",,"0.00","0.0","0.0",,"39","29","  220","  220","16.1","31.1",,,,,,,
"USW00094728","NY CITY CENTRAL PARK, NY US","2026-01-06","4.03",,"0.01","0.0","0.0",,"42","35","   60","   50","13.0","17.9","    1",,,,,"    1",
"USW00094728","NY CITY CENTRAL PARK, NY US","2026-01-07","5.82",,"0.01","0.0","0.0",,"49","37","  310","  300","17.0","28.0","    1",,,,,"    1",
"USW00094728","NY CITY CENTRAL PARK, NY US","2026-01-08","5.59",,"0.00","0.0","0.0",,"50","42","  300","  320","13.0","21.0",,,,,,,
"USW00094728","NY CITY CENTRAL PARK, NY US","2026-01-09","1.79",,"0.01","0.0","0.0",,"54","39","  180","  170","12.1","25.9",,,,,,,
"USW00094728","NY CITY CENTRAL PARK, NY US","2026-01-10",,,"0.37","0.0","0.0",,"52","39",,,,,"    1",,,,,,
"USW00094728","NY CITY CENTRAL PARK, NY US","2026-01-11","11.63",,"0.01","0.0","0.0",,"47","34","  280","  310","17.9","34.0","    1",,,,,,
"USW00094728","NY CITY CENTRAL PARK, NY US","2026-01-12","8.28",,"0.00","0.0","0.0",,"41","31","  280","  300","17.9","36.0",,,,,,,
"USW00094728","NY CITY CENTRAL PARK, NY US","2026-01-13","4.70",,"0.00","0.0","0.0",,"48","35","  200","  190","15.0","31.1",,,,,,,
"USW00094728","NY CITY CENTRAL PARK, NY US","2026-01-14","4.70",,"0.00","0.0","0.0",,"52","45","  230","  210","12.1","21.0",,,,,,,
"USW00094728","NY CITY CENTRAL PARK, NY US","2026-01-15","8.72",,"0.00","0.0","0.0",,"47","24","  250","  260","19.9","36.9",,,,,,,
"USW00094728","NY CITY CENTRAL PARK, NY US","2026-01-16","8.50",,"0.00","0.0","0.0",,"34","22","  290","  280","17.9","30.0",,,,,,,
"USW00094728","NY CITY CENTRAL PARK, NY US","2026-01-17","4.25",,"0.17","1.0","0.0",,"39","31","  230","  250","12.1","19.9","    1","    1",,,,"    1",
"USW00094728","NY CITY CENTRAL PARK, NY US","2026-01-18","4.03",,"0.28","1.0","1.0",,"36","30","   30","   40","13.0","21.0","    1","    1",,,,"    1",
"USW00094728","NY CITY CENTRAL PARK, NY US","2026-01-19","7.38",,"0.00","0.0","1.0",,"32","22","  270","  260","17.9","31.1",,,,,,,
"USW00094728","NY CITY CENTRAL PARK, NY US","2026-01-20","8.72",,"0.00","0.0","1.0",,"26","16","  280","  260","17.9","30.0",,,,,,,
"USW00094728","NY CITY CENTRAL PARK, NY US","2026-01-21","4.70",,"0.00","0.0","1.0",,"40","17","  200","  210","14.1","23.9",,,,,,,
"USW00094728","NY CITY CENTRAL PARK, NY US","2026-01-22","5.37",,"0.00","0.0","1.0",,"47","37","  240","  220","17.9","33.1",,,,,,,
"USW00094728","NY CITY CENTRAL PARK, NY US","2026-01-23","9.17",,"0.00","0.0","0.0",,"38","14","  310","  320","21.9","38.0",,,,,,,
"USW00094728","NY CITY CENTRAL PARK, NY US","2026-01-24","7.61",,"0.00","0.0","0.0",,"17","9","  300","  300","17.9","31.1",,,,,,,
"USW00094728","NY CITY CENTRAL PARK, NY US","2026-01-25","9.84",,"1.80","11.4","1.0",,"22","10","   70","   60","21.0","31.1","    1","    1",,,"    1","    1","    1"
"USW00094728","NY CITY CENTRAL PARK, NY US","2026-01-26","6.26",,"0.02","0.0","9.0",,"27","17","  300","  290","19.9","36.9","    1",,,,,"    1",
"USW00094728","NY CITY CENTRAL PARK, NY US","2026-01-27","8.50",,"0.00","0.0","8.0",,"22","15","  240","  230","17.0","33.1",,,,,,,
"USW00094728","NY CITY CENTRAL PARK, NY US","2026-01-28","6.49",,"0.00","0.0","8.0",,"23","14","  270","  280","14.1","23.9",,,,,,,
"USW00094728","NY CITY CENTRAL PARK, NY US","2026-01-29","6.71",,"0.00","0.0","7.0",,"23","11","  280","  260","13.0","23.0",,,,,,,
"USW00094728","NY CITY CENTRAL PARK, NY US","2026-01-30","8.28",,"0.00","0.0","7.0",,"18","9","  310","  290","15.0","28.0",,,,,,,
"USW00094728","NY CITY CENTRAL PARK, NY US","2026-01-31","5.59",,"0.00","0.0","7.0",,"24","10","   40","   40","21.0","33.1",,,,,,,
"USW00094728","NY CITY CENTRAL PARK, NY US","2026-02-01","10.07",,"0.00","0.0","6.0",,"24","10","   30","   20","21.0","34.9",,,,,,"    1",
"USW00094728","NY CITY CENTRAL PARK, NY US","2026-02-02","8.28",,"0.00","0.0","6.0",,"35","14","  300","  300","17.0","25.1",,,,,,,
"USW00094728","NY CITY CENTRAL PARK, NY US","2026-02-03","4.70",,"0.00","0.0","6.0",,"33","23","  270","  280","10.1","17.9",,,,,,,
"USW00094728","NY CITY CENTRAL PARK, NY US","2026-02-04","4.47",,"0.00","0.0","6.0",,"33","26","  300","  310","14.1","21.9",,,,,,,
"USW00094728","NY CITY CENTRAL PARK, NY US","2026-02-05","3.36",,"0.00","0.0","6.0",,"32","20","   40","   40","10.1","15.0",,,,,,,
"USW00094728","NY CITY CENTRAL PARK, NY US","2026-02-06","5.37",,"0.02","0.1","6.0",,"33","23","  250","  240","12.1","19.0","    1",,,,,"    1",
"USW00094728","NY CITY CENTRAL PARK, NY US","2026-02-07","14.76",,"0.00","0.0","6.0",,"27","6","  300","  310","28.0","46.1","    1",,,,,"    1",
"USW00094728","NY CITY CENTRAL PARK, NY US","2026-02-08","12.53",,"0.00","0.0","6.0",,"18","3","  300","  300","23.9","38.0",,,,,,,
"USW00094728","NY CITY CENTRAL PARK, NY US","2026-02-09","5.82",,"0.00","0.0","5.0",,"31","10","  300","  300","14.1","23.9",,,,,,,
"USW00094728","NY CITY CENTRAL PARK, NY US","2026-02-10","2.91",,"0.00","0.0","5.0",,"37","24","  130","  170","10.1","19.0",,,,,,,
"USW00094728","NY CITY CENTRAL PARK, NY US","2026-02-11","7.16",,"0.06","0.0","5.0",,"41","33","  300","  260","16.1","29.1","    1",,,,,,
"USW00094728","NY CITY CENTRAL PARK, NY US","2026-02-12","10.96",,"0.00","0.0","4.0",,"36","27","  300","  290","17.0","32.0",,,,,,,
"USW00094728","NY CITY CENTRAL PARK, NY US","2026-02-13","5.14",,"0.00","0.0","4.0",,"38","22","  300","  300","13.0","23.9",,,,,,,
"USW00094728","NY CITY CENTRAL PARK, NY US","2026-02-14","3.80",,"0.00","0.0","2.0",,"46","29","  280","  290","12.1","19.9",,,,,,"    1",
"USW00094728","NY CITY CENTRAL PARK, NY US","2026-02-15","4.70",,"0.02","0.4","2.0",,"40","32","   60","   40","14.1","21.0","    1",,,,,"    1",
"USW00094728","NY CITY CENTRAL PARK, NY US","2026-02-16","6.93",,"0.04","0.7","1.0",,"39","29","   50","   50","19.9","27.1","    1",,,,,,
"USW00094728","NY CITY CENTRAL PARK, NY US","2026-02-17","4.03",,"0.00","0.0","0.0",,"47","35","  240","  230","13.0","21.0","    1",,,,,"    1",
"USW00094728","NY CITY CENTRAL PARK, NY US","2026-02-18","3.58",,"0.10","0.0","0.0",,"41","37","   50","   60","12.1","17.0","    1",,,,,"    1",
"USW00094728","NY CITY CENTRAL PARK, NY US","2026-02-19","6.71",,"0.00","0.0","0.0",,"42","36","   60","   50","15.0","19.9","    1",,,,,,
"USW00094728","NY CITY CENTRAL PARK, NY US","2026-02-20","9.40",,"0.38","0.0","0.0",,"37","34","   60","   60","23.0","38.0","    1",,,,,,
"USW00094728","NY CITY CENTRAL PARK, NY US","2026-02-21","4.47",,"0.00","0.0","0.0",,"46","36","   50","   40","15.0","19.9","    1",,,,,,
"USW00094728","NY CITY CENTRAL PARK, NY US","2026-02-22","11.41",,"0.83","8.8","0.0",,"39","30","   50","   60","23.9","38.9","    1","    1",,,,,
"USW00094728","NY CITY CENTRAL PARK, NY US","2026-02-23","9.84",,"1.06","10.9","14.0",,"35","28","   10","   50","21.9","42.1","    1","    1",,,,"    1",
"USW00094728","NY CITY CENTRAL PARK, NY US","2026-02-24","7.16",,"0.00","0.0","14.0",,"31","23","  310","  310","17.0","27.1",,,,,,,
"USW00094728","NY CITY CENTRAL PARK, NY US","2026-02-25","5.82",,"0.09","1.4","11.0",,"44","26","  240","  240","14.1","21.9","    1","    1",,,,"    1",
"USW00094728","NY CITY CENTRAL PARK, NY US","2026-02-26","3.80",,"0.00","0.0","7.0",,"49","35","   10","  310","12.1","19.0",,,,,,,
"USW00094728","NY CITY CENTRAL PARK, NY US","2026-02-27","4.03",,"0.00","0.0","4.0",,"44","29","  140","  120","10.1","17.0",,,,,,,
"USW00094728","NY CITY CENTRAL PARK, NY US","2026-02-28","2.24",,"0.00","0.0","1.0",,"54","33","  230","  230","12.1","19.9","    1",,,,,"    1",
"USW00094728","NY CITY CENTRAL PARK, NY US","2026-03-01","4.25",,"0.01","0.0","0.0",,"43","30","   30","   10","13.0","19.9",,,,,,,
"USW00094728","NY CITY CENTRAL PARK, NY US","2026-03-02","5.59",,"0.00","0.0","0.0",,"33","21","   50","   40","15.0","21.9",,,,,,,
"USW00094728","NY CITY CENTRAL PARK, NY US","2026-03-03","4.47",,"0.34","0.0","0.0",,"36","29","   60","  110","10.1","15.0","    1",,,"    1",,,
"USW00094728","NY CITY CENTRAL PARK, NY US","2026-03-04","2.91",,"0.02","0.0","0.0",,"49","35","   40","   50","10.1","15.0","    1",,,,,,
"USW00094728","NY CITY CENTRAL PARK, NY US","2026-03-05","5.82",,"1.42","0.0","0.0",,"46","37","   60","   50","17.9","29.1","    1",,,,,,
"USW00094728","NY CITY CENTRAL PARK, NY US","2026-03-06","7.83",,"0.16","0.0","0.0",,"41","37","   60","   70","17.9","29.1","    1",,,,,,
"USW00094728","NY CITY CENTRAL PARK, NY US","2026-03-07","2.91",,"0.00","0.0","0.0",,"52","36","  240","  240","10.1","19.0","    1",,,,,,
"USW00094728","NY CITY CENTRAL PARK, NY US","2026-03-08","5.37",,"0.00","0.0","0.0",,"69","50","  260","  250","12.1","19.9","    1",,,,,"    1",
"USW00094728","NY CITY CENTRAL PARK, NY US","2026-03-09","3.36",,"0.00","0.0","0.0",,"73","51","  230","  240","13.0","21.9",,,,,,,
"USW00094728","NY CITY CENTRAL PARK, NY US","2026-03-10","3.36",,"0.00","0.0","0.0",,"80","51","  250","  240","13.0","19.9",,,,,,,
"USW00094728","NY CITY CENTRAL PARK, NY US","2026-03-11","4.25",,"0.37","0.0","0.0",,"72","53","  300","  130","10.1","17.9","    1",,"    1",,,,
"USW00094728","NY CITY CENTRAL PARK, NY US","2026-03-12","6.93",,"0.08","0.0","0.0",,"63","34","  310","  320","19.9","34.9","    1",,,,,,
"USW00094728","NY CITY CENTRAL PARK, NY US","2026-03-13","5.82",,"0.00","0.0","0.0",,"42","32","  160","  170","14.1","32.0",,,,,,,
"USW00094728","NY CITY CENTRAL PARK, NY US","2026-03-14","8.28",,"0.00","0.0","0.0",,"51","38","  270","  280","23.9","40.0",,,,,,,
"USW00094728","NY CITY CENTRAL PARK, NY US","2026-03-15","7.61",,"0.00","0.0","0.0",,"48","35","  120","  120","14.1","23.9",,,,,,,
"USW00094728","NY CITY CENTRAL PARK, NY US","2026-03-16","9.17",,"0.59","0.0","0.0",,"57","48","  150","  150","15.0","34.0","    1",,,,,,
"USW00094728","NY CITY CENTRAL PARK, NY US","2026-03-17","10.51",,"0.00","0.0","0.0",,"48","29","  280","  270","21.0","34.9",,,,,,,
"USW00094728","NY CITY CENTRAL PARK, NY US","2026-03-18","6.04",,"0.00","0.0","0.0",,"37","25","  300","  220","14.1","23.0",,,,,,,
"USW00094728","NY CITY CENTRAL PARK, NY US","2026-03-19","3.13",,"0.00","0.0","0.0",,"44","32","  230","  190","8.9","16.1",,,,,,,
"USW00094728","NY CITY CENTRAL PARK, NY US","2026-03-20","4.47",,"0.03","0.0","0.0",,"57","39","  230","  130","13.0","19.9",,,,,,,
"USW00094728","NY CITY CENTRAL PARK, NY US","2026-03-21","5.59",,"0.00","0.0","0.0",,"59","46","   50","  280","14.1","23.9","    1",,,,,,
"USW00094728","NY CITY CENTRAL PARK, NY US","2026-03-22","5.14",,"0.15","0.0","0.0",,"63","44","  160","  160","13.0","23.0","    1",,,,,,
"USW00094728","NY CITY CENTRAL PARK, NY US","2026-03-23","6.71",,"0.40","0.0","0.0",,"50","34","  300","  310","16.1","25.9","    1",,,,,,
"USW00094728","NY CITY CENTRAL PARK, NY US","2026-03-24","5.82",,"0.00","0.0","0.0",,"48","32","   30","   40","13.0","23.0",,,,,,,
"USW00094728","NY CITY CENTRAL PARK, NY US","2026-03-25","4.70",,"0.00","0.0","0.0",,"54","38","  200","  220","14.1","29.1",,,,,,,
"USW00094728","NY CITY CENTRAL PARK, NY US","2026-03-26","5.82",,"0.02","0.0","0.0",,"76","45","  210","  240","14.1","23.9",,,,,,,
"USW00094728","NY CITY CENTRAL PARK, NY US","2026-03-27","6.71",,"0.00","0.0","0.0",,"65","41","   50","   40","16.1","25.9",,,,,,,
"USW00094728","NY CITY CENTRAL PARK, NY US","2026-03-28","6.71",,"0.00","0.0","0.0",,"44","31","  280","  280","17.0","33.1",,,,,,,
"USW00094728","NY CITY CENTRAL PARK, NY US","2026-03-29","4.47",,"0.00","0.0","0.0",,"54","34","  180","  210","14.1","25.1",,,,,,,
"USW00094728","NY CITY CENTRAL PARK, NY US","2026-03-30","5.82",,"0.00","0.0","0.0",,"73","47","  240","  240","15.0","30.0",,,,,,,
"USW00094728","NY CITY CENTRAL PARK, NY US","2026-03-31","7.38",,"0.01","0.0","0.0",,"81","60","  240","  220","17.0","29.1",,,,,,,
"USW00094728","NY CITY CENTRAL PARK, NY US","2026-04-01","7.61",,"0.09","0.0","0.0",,"80","51","   60","   50","21.0","31.1","    1",,,,,,
"USW00094728","NY CITY CENTRAL PARK, NY US","2026-04-02","10.29",,"0.07","0.0","0.0",,"51","41","   50","   60","17.9","34.9","    1",,,,,,
"USW00094728","NY CITY CENTRAL PARK, NY US","2026-04-03","3.58",,"0.00","0.0","0.0",,"66","41","  230","  230","14.1","21.0","    1",,,,,,
"USW00094728","NY CITY CENTRAL PARK, NY US","2026-04-04","7.38",,"0.00","0.0","0.0",,"73","42","   80","  100","17.9","32.0","    1",,,,,,
"USW00094728","NY CITY CENTRAL PARK, NY US","2026-04-05","5.82",,"0.19","0.0","0.0",,"57","42","  310","  290","15.0","29.1","    1","    1",,,,,
"USW00094728","NY CITY CENTRAL PARK, NY US","2026-04-06","7.83",,"0.00","0.0","0.0",,"56","41","  310","  300","17.9","33.1",,,,,,,
"USW00094728","NY CITY CENTRAL PARK, NY US","2026-04-07","8.50",,"0.00","0.0","0.0",,"56","32","  300","  290","17.9","34.9",,,,,,,
"USW00094728","NY CITY CENTRAL PARK, NY US","2026-04-08","6.04",,"0.00","0.0","0.0",,"51","30","   40","   30","17.9","29.1",,,,,,,
"USW00094728","NY CITY CENTRAL PARK, NY US","2026-04-09","4.25",,"0.00","0.0","0.0",,"51","35","  140","  130","12.1","21.9",,,,,,,
"USW00094728","NY CITY CENTRAL PARK, NY US","2026-04-10","3.58",,"0.00","0.0","0.0",,"63","40","  130","  120","14.1","21.0","    1",,,,,"    1",
"USW00094728","NY CITY CENTRAL PARK, NY US","2026-04-11","6.26",,"0.00","0.0","0.0",,"63","49","  300","  300","16.1","28.0",,,,,,,
"USW00094728","NY CITY CENTRAL PARK, NY US","2026-04-12","5.82",,"0.00","0.0","0.0",,"55","43","  180","  130","14.1","25.1",,,,,,,
"USW00094728","NY CITY CENTRAL PARK, NY US","2026-04-13","3.80",,"0.00","0.0","0.0",,"79","49","  220","  210","15.0","27.1",,,,,,,
"USW00094728","NY CITY CENTRAL PARK, NY US","2026-04-14","4.70",,"0.00","0.0","0.0",,"87","64","  240","  280","15.0","29.1",,,,,,,
"USW00094728","NY CITY CENTRAL PARK, NY US","2026-04-15","4.92",,"0.00","0.0","0.0",,"90","67","  250","  230","13.0","23.9",,,,,,,
"USW00094728","NY CITY CENTRAL PARK, NY US","2026-04-16","2.68",,"0.00","0.0","0.0",,"89","71","  300","  300","14.1","27.1",,,,,,,
"USW00094728","NY CITY CENTRAL PARK, NY US","2026-04-17","4.92",,"0.27","0.0","0.0",,"81","59","   60","   10","14.1","23.0","    1",,"    1",,,,
"USW00094728","NY CITY CENTRAL PARK, NY US","2026-04-18","5.14",,"0.00","0.0","0.0",,"66","49","   60","   90","14.1","21.0",,,,,,,
"USW00094728","NY CITY CENTRAL PARK, NY US","2026-04-19","5.59",,"0.05","0.0","0.0",,"53","41","  300","  270","17.9","33.1","    1",,,,,,
"USW00094728","NY CITY CENTRAL PARK, NY US","2026-04-20","4.03",,"0.00","0.0","0.0",,"51","39","  340","  300","15.0","23.9",,,,,,,
"USW00094728","NY CITY CENTRAL PARK, NY US","2026-04-21","3.80",,"0.00","0.0","0.0",,"54","34","  160","  180","12.1","21.9",,,,,,,
"USW00094728","NY CITY CENTRAL PARK, NY US","2026-04-22","5.82",,"0.06","0.0","0.0",,"56","44","  140","  120","12.1","21.9",,,"    1",,,,
"USW00094728","NY CITY CENTRAL PARK, NY US","2026-04-23","3.36",,"0.00","0.0","0.0",,"73","45","  310","  300","14.1","21.0","    1",,,,,,
"USW00094728","NY CITY CENTRAL PARK, NY US","2026-04-24","4.25",,"0.00","0.0","0.0",,"68","50","   60","   50","14.1","19.0",,,,,,,
"USW00094728","NY CITY CENTRAL PARK, NY US","2026-04-25","6.04",,"1.36","0.0","0.0",,"50","41","  120","  130","13.0","19.9","    1",,,,,,
"USW00094728","NY CITY CENTRAL PARK, NY US","2026-04-26","6.71",,"0.03","0.0","0.0",,"57","42","   50","   40","15.0","21.0","    1",,,,,,
"USW00094728","NY CITY CENTRAL PARK, NY US","2026-04-27","3.58",,"0.00","0.0","0.0",,"68","45","   70","   60","12.1","21.0",,,,,,,
"USW00094728","NY CITY CENTRAL PARK, NY US","2026-04-28","2.24",,"0.00","0.0","0.0",,"65","49","  230","  230","8.9","17.9",,,,,,,
"USW00094728","NY CITY CENTRAL PARK, NY US","2026-04-29","3.36",,"0.20","0.0","0.0",,"62","48","  150","  130","12.1","21.0","    1",,,,,,
"USW00094728","NY CITY CENTRAL PARK, NY US","2026-04-30","2.91",,"0.16","0.0","0.0",,"60","47","  300","  280","13.0","23.0","    1",,,,,,
"USW00094728","NY CITY CENTRAL PARK, NY US","2026-05-01","3.13",,"0.00","0.0","0.0",,"64","46","  360","  200","13.0","21.0",,,,,,,
"USW00094728","NY CITY CENTRAL PARK, NY US","2026-05-02","3.80",,"0.02","0.0","0.0",,"61","49","   20","  250","10.1","17.9","    1",,,,,,
"USW00094728","NY CITY CENTRAL PARK, NY US","2026-05-03","7.61",,"0.00","0.0","0.0",,"59","45","  300","  280","17.0","30.0",,,,,,,
"USW00094728","NY CITY CENTRAL PARK, NY US","2026-05-04","4.03",,"0.00","0.0","0.0",,"72","50","  230","  240","13.0","25.9",,,,,,,
"USW00094728","NY CITY CENTRAL PARK, NY US","2026-05-05","3.58",,"0.00","0.0","0.0",,"81","59","  230","  220","13.0","27.1",,,,,,,
"USW00094728","NY CITY CENTRAL PARK, NY US","2026-05-06","4.03",,"0.32","0.0","0.0",,"71","55","  220","  200","15.0","27.1","    1",,,,,,
"USW00094728","NY CITY CENTRAL PARK, NY US","2026-05-07","4.70",,"0.16","0.0","0.0",,"64","49","  280","  350","13.0","21.0","    1",,,,,,
"USW00094728","NY CITY CENTRAL PARK, NY US","2026-05-08","3.80",,"0.01","0.0","0.0",,"63","46","  240","  230","16.1","29.1",,,,,,,
"USW00094728","NY CITY CENTRAL PARK, NY US","2026-05-09","2.01",,"0.24","0.0","0.0",,"65","52","  220","  210","8.9","21.0","    1",,,,,,
"USW00094728","NY CITY CENTRAL PARK, NY US","2026-05-10","2.46",,"0.01","0.0","0.0",,"73","52","  360","   10","12.1","23.0","    1",,,,,"    1",
"USW00094728","NY CITY CENTRAL PARK, NY US","2026-05-11","4.92",,"0.00","0.0","0.0",,"61","53","   40","   60","15.0","25.1",,,,,,,
"USW00094728","NY CITY CENTRAL PARK, NY US","2026-05-12","4.03",,"0.00","0.0","0.0",,"66","46","  210","  180","8.9","19.9",,,,,,,
"USW00094728","NY CITY CENTRAL PARK, NY US","2026-05-13","4.47",,"0.01","0.0","0.0",,"72","54","  150","  150","10.1","23.9",,,,,,,
"USW00094728","NY CITY CENTRAL PARK, NY US","2026-05-14","3.80",,"0.01","0.0","0.0",,"66","53","  300","  310","12.1","21.0",,,,,,,
"USW00094728","NY CITY CENTRAL PARK, NY US","2026-05-15","4.47",,"0.00","0.0","0.0",,"66","50","  290","  310","12.1","21.0",,,,,,,
"USW00094728","NY CITY CENTRAL PARK, NY US","2026-05-16","2.91",,"0.00","0.0","0.0",,"80","55","  230","  240","13.0","23.0",,,,,,"    1",
"USW00094728","NY CITY CENTRAL PARK, NY US","2026-05-17","4.70",,"0.00","0.0","0.0",,"87","66","  210","  230","10.1","19.9",,,,,,"    1",
"USW00094728","NY CITY CENTRAL PARK, NY US","2026-05-18","3.80",,"0.00","0.0","0.0",,"88","71","  150","  180","12.1","25.1",,,,,,,
"USW00094728","NY CITY CENTRAL PARK, NY US","2026-05-19","4.70",,"0.00","0.0","0.0",,"93","73","  230","  230","15.0","28.0",,,,,,,
"USW00094728","NY CITY CENTRAL PARK, NY US","2026-05-20","5.37",,"0.09","0.0","0.0",,"92","66","  290","  300","13.0","23.9","    1",,"    1",,,,
"USW00094728","NY CITY CENTRAL PARK, NY US","2026-05-21","3.36",,"0.15","0.0","0.0",,"66","55","   20","   20","13.0","21.0","    1",,,,,,
"USW00094728","NY CITY CENTRAL PARK, NY US","2026-05-22","7.16",,"0.00","0.0","0.0",,"68","56","   60","   60","21.9","32.0",,,,,,,
"USW00094728","NY CITY CENTRAL PARK, NY US","2026-05-23","6.49",,"0.75","0.0","0.0",,"57","49","   80","   90","15.0","25.9","    1",,,,,,
"USW00094728","NY CITY CENTRAL PARK, NY US","2026-05-24","6.93",,"1.10","0.0","0.0",,"56","50","   60","   60","14.1","23.9","    1",,,,,,
"USW00094728","NY CITY CENTRAL PARK, NY US","2026-05-25","2.01",,"0.18","0.0","0.0",,"73","55","  250","  260","8.1","13.0","    1",,,,,,
"USW00094728","NY CITY CENTRAL PARK, NY US","2026-05-26","2.68",,"0.00","0.0","0.0",,"79","59","  240","  230","8.9","17.0",,,,,,,
"USW00094728","NY CITY CENTRAL PARK, NY US","2026-05-27","4.70",,"0.00","0.0","0.0",,"81","68","  250","  240","13.0","21.0",,,,,,,
"USW00094728","NY CITY CENTRAL PARK, NY US","2026-05-28","4.70",,"0.00","0.0","0.0",,"75","61","  300","  300","17.0","31.1",,,,,,,
"USW00094728","NY CITY CENTRAL PARK, NY US","2026-05-29","4.25",,"0.00","0.0","0.0",,"75","57","  240","  240","13.0","27.1",,,,,,,
"USW00094728","NY CITY CENTRAL PARK, NY US","2026-05-30","8.05",,"0.00","0.0","0.0",,"69","51","   20","   70","21.0","38.9",,,,,,,
"USW00094728","NY CITY CENTRAL PARK, NY US","2026-05-31","3.58",,"0.00","0.0",,,"75","50","   50","   50","14.1","25.1",,,,,,,
"USW00094728","NY CITY CENTRAL PARK, NY US","2026-06-01","4.03",,"0.00","0.0",,,"71","53","   60","   50","16.1","25.1",,,,,,,
"USW00094728","NY CITY CENTRAL PARK, NY US","2026-06-02","4.70",,"0.00","0.0","0.0",,"76","52","   60","   60","16.1","23.0",,,,,,,
"USW00094728","NY CITY CENTRAL PARK, NY US","2026-06-03","3.13",,"0.00","0.0","0.0",,"83","61","   60","   60","10.1","17.0",,,,,,,
